  0
SECTION
  2
BLOCKS
  0
ENDSEC
  0
SECTION
  2
ENTITIES
  0
LINE
  8
0
 10
6.14172
 20
-6.29999
 11
4.08661
 21
-6.29999
  0
LINE
  8
0
 10
4.08661
 20
-6.29999
 11
4.08661
 21
-4.29999
  0
LINE
  8
0
 10
4.08661
 20
-4.29999
 11
6.14172
 21
-4.29999
  0
LINE
  8
0
 10
6.14172
 20
-4.29999
 11
6.14172
 21
-3.59999
  0
LINE
  8
0
 10
6.14172
 20
-3.59999
 11
8.03149
 21
-3.59999
  0
LINE
  8
0
 10
8.03149
 20
-3.59999
 11
8.03149
 21
-1.28581
  0
LINE
  8
0
 10
8.03149
 20
-1.28581
 11
6.12204
 21
-1.28581
  0
LINE
  8
0
 10
6.12204
 20
-1.28581
 11
6.12204
 21
0.485825
  0
LINE
  8
0
 10
6.12204
 20
0.485825
 11
8.03149
 21
0.485825
  0
LINE
  8
0
 10
8.03149
 20
0.485825
 11
8.03149
 21
3.59999
  0
LINE
  8
0
 10
8.03149
 20
3.59999
 11
6.14172
 21
3.59999
  0
LINE
  8
0
 10
6.14172
 20
3.59999
 11
6.14172
 21
4.29999
  0
LINE
  8
0
 10
6.14172
 20
4.29999
 11
4.08661
 21
4.29999
  0
LINE
  8
0
 10
4.08661
 20
4.29999
 11
4.08661
 21
5.75
  0
LINE
  8
0
 10
4.08661
 20
5.75
 11
-4.08661
 21
5.75
  0
LINE
  8
0
 10
-4.08661
 20
5.75
 11
-4.08661
 21
4.29999
  0
LINE
  8
0
 10
-4.08661
 20
4.29999
 11
-6.14172
 21
4.29999
  0
LINE
  8
0
 10
-6.14172
 20
4.29999
 11
-6.14172
 21
3.59999
  0
LINE
  8
0
 10
-6.14172
 20
3.59999
 11
-8.03149
 21
3.59999
  0
LINE
  8
0
 10
-8.03149
 20
3.59999
 11
-8.03149
 21
0.485825
  0
LINE
  8
0
 10
-8.03149
 20
0.485825
 11
-6.12204
 21
0.485825
  0
LINE
  8
0
 10
-6.12204
 20
0.485825
 11
-6.12204
 21
-1.28581
  0
LINE
  8
0
 10
-6.12204
 20
-1.28581
 11
-8.03149
 21
-1.28581
  0
LINE
  8
0
 10
-8.03149
 20
-1.28581
 11
-8.03149
 21
-3.59999
  0
LINE
  8
0
 10
-8.03149
 20
-3.59999
 11
-6.14172
 21
-3.59999
  0
LINE
  8
0
 10
-6.14172
 20
-3.59999
 11
-6.14172
 21
-4.29999
  0
LINE
  8
0
 10
-6.14172
 20
-4.29999
 11
-4.08661
 21
-4.29999
  0
LINE
  8
0
 10
-4.08661
 20
-4.29999
 11
-4.08661
 21
-6.29999
  0
LINE
  8
0
 10
-4.08661
 20
-6.29999
 11
-6.14172
 21
-6.29999
  0
LINE
  8
0
 10
-6.14172
 20
-6.29999
 11
-6.14172
 21
-7.45
  0
LINE
  8
0
 10
-6.14172
 20
-7.45
 11
6.14172
 21
-7.45
  0
LINE
  8
0
 10
6.14172
 20
-7.45
 11
6.14172
 21
-6.29999
  0
LINE
  8
0
 10
-7.71991
 20
3.38393
 11
-7.72328
 21
3.38414
  0
LINE
  8
0
 10
-7.72328
 20
3.38414
 11
-7.72665
 21
3.38449
  0
LINE
  8
0
 10
-7.72665
 20
3.38449
 11
-7.73
 21
3.38498
  0
LINE
  8
0
 10
-7.73
 20
3.38498
 11
-7.73331
 21
3.38562
  0
LINE
  8
0
 10
-7.73331
 20
3.38562
 11
-7.7366
 21
3.38638
  0
LINE
  8
0
 10
-7.7366
 20
3.38638
 11
-7.73985
 21
3.3873
  0
LINE
  8
0
 10
-7.73985
 20
3.3873
 11
-7.74307
 21
3.38834
  0
LINE
  8
0
 10
-7.74307
 20
3.38834
 11
-7.74625
 21
3.38951
  0
LINE
  8
0
 10
-7.74625
 20
3.38951
 11
-7.74936
 21
3.39082
  0
LINE
  8
0
 10
-7.74936
 20
3.39082
 11
-7.75241
 21
3.39227
  0
LINE
  8
0
 10
-7.75241
 20
3.39227
 11
-7.75542
 21
3.39383
  0
LINE
  8
0
 10
-7.75542
 20
3.39383
 11
-7.75835
 21
3.39552
  0
LINE
  8
0
 10
-7.75835
 20
3.39552
 11
-7.7612
 21
3.39734
  0
LINE
  8
0
 10
-7.7612
 20
3.39734
 11
-7.76398
 21
3.39926
  0
LINE
  8
0
 10
-7.76398
 20
3.39926
 11
-7.76666
 21
3.40131
  0
LINE
  8
0
 10
-7.76666
 20
3.40131
 11
-7.76927
 21
3.40346
  0
LINE
  8
0
 10
-7.76927
 20
3.40346
 11
-7.77177
 21
3.40573
  0
LINE
  8
0
 10
-7.77177
 20
3.40573
 11
-7.7742
 21
3.4081
  0
LINE
  8
0
 10
-7.7742
 20
3.4081
 11
-7.7765
 21
3.41055
  0
LINE
  8
0
 10
-7.7765
 20
3.41055
 11
-7.77872
 21
3.41312
  0
LINE
  8
0
 10
-7.77872
 20
3.41312
 11
-7.78082
 21
3.41576
  0
LINE
  8
0
 10
-7.78082
 20
3.41576
 11
-7.78281
 21
3.4185
  0
LINE
  8
0
 10
-7.78281
 20
3.4185
 11
-7.78468
 21
3.42131
  0
LINE
  8
0
 10
-7.78468
 20
3.42131
 11
-7.78642
 21
3.42421
  0
LINE
  8
0
 10
-7.78642
 20
3.42421
 11
-7.78806
 21
3.42717
  0
LINE
  8
0
 10
-7.78806
 20
3.42717
 11
-7.78957
 21
3.43019
  0
LINE
  8
0
 10
-7.78957
 20
3.43019
 11
-7.79094
 21
3.43329
  0
LINE
  8
0
 10
-7.79094
 20
3.43329
 11
-7.79218
 21
3.43643
  0
LINE
  8
0
 10
-7.79218
 20
3.43643
 11
-7.79329
 21
3.43962
  0
LINE
  8
0
 10
-7.79329
 20
3.43962
 11
-7.79427
 21
3.44286
  0
LINE
  8
0
 10
-7.79427
 20
3.44286
 11
-7.7951
 21
3.44614
  0
LINE
  8
0
 10
-7.7951
 20
3.44614
 11
-7.79581
 21
3.44943
  0
LINE
  8
0
 10
-7.79581
 20
3.44943
 11
-7.79637
 21
3.45277
  0
LINE
  8
0
 10
-7.79637
 20
3.45277
 11
-7.7968
 21
3.45612
  0
LINE
  8
0
 10
-7.7968
 20
3.45612
 11
-7.79709
 21
3.45949
  0
LINE
  8
0
 10
-7.79709
 20
3.45949
 11
-7.79723
 21
3.46288
  0
LINE
  8
0
 10
-7.79723
 20
3.46288
 11
-7.79723
 21
3.46625
  0
LINE
  8
0
 10
-7.79723
 20
3.46625
 11
-7.79709
 21
3.46962
  0
LINE
  8
0
 10
-7.79709
 20
3.46962
 11
-7.7968
 21
3.47299
  0
LINE
  8
0
 10
-7.7968
 20
3.47299
 11
-7.79637
 21
3.47635
  0
LINE
  8
0
 10
-7.79637
 20
3.47635
 11
-7.79581
 21
3.47968
  0
LINE
  8
0
 10
-7.79581
 20
3.47968
 11
-7.7951
 21
3.48299
  0
LINE
  8
0
 10
-7.7951
 20
3.48299
 11
-7.79427
 21
3.48627
  0
LINE
  8
0
 10
-7.79427
 20
3.48627
 11
-7.79329
 21
3.4895
  0
LINE
  8
0
 10
-7.79329
 20
3.4895
 11
-7.79218
 21
3.49269
  0
LINE
  8
0
 10
-7.79218
 20
3.49269
 11
-7.79094
 21
3.49583
  0
LINE
  8
0
 10
-7.79094
 20
3.49583
 11
-7.78957
 21
3.49892
  0
LINE
  8
0
 10
-7.78957
 20
3.49892
 11
-7.78806
 21
3.50195
  0
LINE
  8
0
 10
-7.78806
 20
3.50195
 11
-7.78642
 21
3.50491
  0
LINE
  8
0
 10
-7.78642
 20
3.50491
 11
-7.78468
 21
3.50781
  0
LINE
  8
0
 10
-7.78468
 20
3.50781
 11
-7.78281
 21
3.51062
  0
LINE
  8
0
 10
-7.78281
 20
3.51062
 11
-7.78082
 21
3.51335
  0
LINE
  8
0
 10
-7.78082
 20
3.51335
 11
-7.77872
 21
3.51601
  0
LINE
  8
0
 10
-7.77872
 20
3.51601
 11
-7.7765
 21
3.51857
  0
LINE
  8
0
 10
-7.7765
 20
3.51857
 11
-7.7742
 21
3.52103
  0
LINE
  8
0
 10
-7.7742
 20
3.52103
 11
-7.77177
 21
3.52339
  0
LINE
  8
0
 10
-7.77177
 20
3.52339
 11
-7.76927
 21
3.52565
  0
LINE
  8
0
 10
-7.76927
 20
3.52565
 11
-7.76666
 21
3.52782
  0
LINE
  8
0
 10
-7.76666
 20
3.52782
 11
-7.76398
 21
3.52986
  0
LINE
  8
0
 10
-7.76398
 20
3.52986
 11
-7.7612
 21
3.53178
  0
LINE
  8
0
 10
-7.7612
 20
3.53178
 11
-7.75835
 21
3.5336
  0
LINE
  8
0
 10
-7.75835
 20
3.5336
 11
-7.75542
 21
3.53528
  0
LINE
  8
0
 10
-7.75542
 20
3.53528
 11
-7.75241
 21
3.53685
  0
LINE
  8
0
 10
-7.75241
 20
3.53685
 11
-7.74936
 21
3.53828
  0
LINE
  8
0
 10
-7.74936
 20
3.53828
 11
-7.74625
 21
3.5396
  0
LINE
  8
0
 10
-7.74625
 20
3.5396
 11
-7.74307
 21
3.54077
  0
LINE
  8
0
 10
-7.74307
 20
3.54077
 11
-7.73985
 21
3.54182
  0
LINE
  8
0
 10
-7.73985
 20
3.54182
 11
-7.7366
 21
3.54274
  0
LINE
  8
0
 10
-7.7366
 20
3.54274
 11
-7.73331
 21
3.5435
  0
LINE
  8
0
 10
-7.73331
 20
3.5435
 11
-7.73
 21
3.54414
  0
LINE
  8
0
 10
-7.73
 20
3.54414
 11
-7.72665
 21
3.54463
  0
LINE
  8
0
 10
-7.72665
 20
3.54463
 11
-7.72328
 21
3.54498
  0
LINE
  8
0
 10
-7.72328
 20
3.54498
 11
-7.71991
 21
3.5452
  0
LINE
  8
0
 10
-7.71991
 20
3.5452
 11
-7.71654
 21
3.54527
  0
LINE
  8
0
 10
-7.71654
 20
3.54527
 11
-7.71315
 21
3.5452
  0
LINE
  8
0
 10
-7.71315
 20
3.5452
 11
-7.70978
 21
3.54498
  0
LINE
  8
0
 10
-7.70978
 20
3.54498
 11
-7.70642
 21
3.54463
  0
LINE
  8
0
 10
-7.70642
 20
3.54463
 11
-7.70308
 21
3.54414
  0
LINE
  8
0
 10
-7.70308
 20
3.54414
 11
-7.69975
 21
3.5435
  0
LINE
  8
0
 10
-7.69975
 20
3.5435
 11
-7.69646
 21
3.54274
  0
LINE
  8
0
 10
-7.69646
 20
3.54274
 11
-7.69321
 21
3.54182
  0
LINE
  8
0
 10
-7.69321
 20
3.54182
 11
-7.68999
 21
3.54077
  0
LINE
  8
0
 10
-7.68999
 20
3.54077
 11
-7.68683
 21
3.5396
  0
LINE
  8
0
 10
-7.68683
 20
3.5396
 11
-7.6837
 21
3.53828
  0
LINE
  8
0
 10
-7.6837
 20
3.53828
 11
-7.68065
 21
3.53685
  0
LINE
  8
0
 10
-7.68065
 20
3.53685
 11
-7.67766
 21
3.53528
  0
LINE
  8
0
 10
-7.67766
 20
3.53528
 11
-7.67473
 21
3.5336
  0
LINE
  8
0
 10
-7.67473
 20
3.5336
 11
-7.67188
 21
3.53178
  0
LINE
  8
0
 10
-7.67188
 20
3.53178
 11
-7.6691
 21
3.52986
  0
LINE
  8
0
 10
-7.6691
 20
3.52986
 11
-7.6664
 21
3.52782
  0
LINE
  8
0
 10
-7.6664
 20
3.52782
 11
-7.6638
 21
3.52565
  0
LINE
  8
0
 10
-7.6638
 20
3.52565
 11
-7.66129
 21
3.52339
  0
LINE
  8
0
 10
-7.66129
 20
3.52339
 11
-7.65887
 21
3.52103
  0
LINE
  8
0
 10
-7.65887
 20
3.52103
 11
-7.65656
 21
3.51857
  0
LINE
  8
0
 10
-7.65656
 20
3.51857
 11
-7.65434
 21
3.51601
  0
LINE
  8
0
 10
-7.65434
 20
3.51601
 11
-7.65225
 21
3.51335
  0
LINE
  8
0
 10
-7.65225
 20
3.51335
 11
-7.65025
 21
3.51062
  0
LINE
  8
0
 10
-7.65025
 20
3.51062
 11
-7.64839
 21
3.50781
  0
LINE
  8
0
 10
-7.64839
 20
3.50781
 11
-7.64664
 21
3.50491
  0
LINE
  8
0
 10
-7.64664
 20
3.50491
 11
-7.645
 21
3.50195
  0
LINE
  8
0
 10
-7.645
 20
3.50195
 11
-7.64351
 21
3.49892
  0
LINE
  8
0
 10
-7.64351
 20
3.49892
 11
-7.64214
 21
3.49583
  0
LINE
  8
0
 10
-7.64214
 20
3.49583
 11
-7.64088
 21
3.49269
  0
LINE
  8
0
 10
-7.64088
 20
3.49269
 11
-7.63977
 21
3.4895
  0
LINE
  8
0
 10
-7.63977
 20
3.4895
 11
-7.63879
 21
3.48627
  0
LINE
  8
0
 10
-7.63879
 20
3.48627
 11
-7.63795
 21
3.48299
  0
LINE
  8
0
 10
-7.63795
 20
3.48299
 11
-7.63725
 21
3.47968
  0
LINE
  8
0
 10
-7.63725
 20
3.47968
 11
-7.63669
 21
3.47635
  0
LINE
  8
0
 10
-7.63669
 20
3.47635
 11
-7.63626
 21
3.47299
  0
LINE
  8
0
 10
-7.63626
 20
3.47299
 11
-7.63599
 21
3.46962
  0
LINE
  8
0
 10
-7.63599
 20
3.46962
 11
-7.63585
 21
3.46625
  0
LINE
  8
0
 10
-7.63585
 20
3.46625
 11
-7.63585
 21
3.46288
  0
LINE
  8
0
 10
-7.63585
 20
3.46288
 11
-7.63599
 21
3.45949
  0
LINE
  8
0
 10
-7.63599
 20
3.45949
 11
-7.63626
 21
3.45612
  0
LINE
  8
0
 10
-7.63626
 20
3.45612
 11
-7.63669
 21
3.45277
  0
LINE
  8
0
 10
-7.63669
 20
3.45277
 11
-7.63725
 21
3.44943
  0
LINE
  8
0
 10
-7.63725
 20
3.44943
 11
-7.63795
 21
3.44614
  0
LINE
  8
0
 10
-7.63795
 20
3.44614
 11
-7.63879
 21
3.44286
  0
LINE
  8
0
 10
-7.63879
 20
3.44286
 11
-7.63977
 21
3.43962
  0
LINE
  8
0
 10
-7.63977
 20
3.43962
 11
-7.64088
 21
3.43643
  0
LINE
  8
0
 10
-7.64088
 20
3.43643
 11
-7.64214
 21
3.43329
  0
LINE
  8
0
 10
-7.64214
 20
3.43329
 11
-7.64351
 21
3.43019
  0
LINE
  8
0
 10
-7.64351
 20
3.43019
 11
-7.645
 21
3.42717
  0
LINE
  8
0
 10
-7.645
 20
3.42717
 11
-7.64664
 21
3.42421
  0
LINE
  8
0
 10
-7.64664
 20
3.42421
 11
-7.64839
 21
3.42131
  0
LINE
  8
0
 10
-7.64839
 20
3.42131
 11
-7.65025
 21
3.4185
  0
LINE
  8
0
 10
-7.65025
 20
3.4185
 11
-7.65225
 21
3.41576
  0
LINE
  8
0
 10
-7.65225
 20
3.41576
 11
-7.65434
 21
3.41312
  0
LINE
  8
0
 10
-7.65434
 20
3.41312
 11
-7.65656
 21
3.41055
  0
LINE
  8
0
 10
-7.65656
 20
3.41055
 11
-7.65887
 21
3.4081
  0
LINE
  8
0
 10
-7.65887
 20
3.4081
 11
-7.66129
 21
3.40573
  0
LINE
  8
0
 10
-7.66129
 20
3.40573
 11
-7.6638
 21
3.40346
  0
LINE
  8
0
 10
-7.6638
 20
3.40346
 11
-7.6664
 21
3.40131
  0
LINE
  8
0
 10
-7.6664
 20
3.40131
 11
-7.6691
 21
3.39926
  0
LINE
  8
0
 10
-7.6691
 20
3.39926
 11
-7.67188
 21
3.39734
  0
LINE
  8
0
 10
-7.67188
 20
3.39734
 11
-7.67473
 21
3.39552
  0
LINE
  8
0
 10
-7.67473
 20
3.39552
 11
-7.67766
 21
3.39383
  0
LINE
  8
0
 10
-7.67766
 20
3.39383
 11
-7.68065
 21
3.39227
  0
LINE
  8
0
 10
-7.68065
 20
3.39227
 11
-7.6837
 21
3.39082
  0
LINE
  8
0
 10
-7.6837
 20
3.39082
 11
-7.68683
 21
3.38951
  0
LINE
  8
0
 10
-7.68683
 20
3.38951
 11
-7.68999
 21
3.38834
  0
LINE
  8
0
 10
-7.68999
 20
3.38834
 11
-7.69321
 21
3.3873
  0
LINE
  8
0
 10
-7.69321
 20
3.3873
 11
-7.69646
 21
3.38638
  0
LINE
  8
0
 10
-7.69646
 20
3.38638
 11
-7.69975
 21
3.38562
  0
LINE
  8
0
 10
-7.69975
 20
3.38562
 11
-7.70308
 21
3.38498
  0
LINE
  8
0
 10
-7.70308
 20
3.38498
 11
-7.70642
 21
3.38449
  0
LINE
  8
0
 10
-7.70642
 20
3.38449
 11
-7.70978
 21
3.38414
  0
LINE
  8
0
 10
-7.70978
 20
3.38414
 11
-7.71315
 21
3.38393
  0
LINE
  8
0
 10
-7.71315
 20
3.38393
 11
-7.71654
 21
3.38385
  0
LINE
  8
0
 10
-7.71654
 20
3.38385
 11
-7.71991
 21
3.38393
  0
LINE
  8
0
 10
-6.46007
 20
3.38393
 11
-6.46344
 21
3.38414
  0
LINE
  8
0
 10
-6.46344
 20
3.38414
 11
-6.4668
 21
3.38449
  0
LINE
  8
0
 10
-6.4668
 20
3.38449
 11
-6.47015
 21
3.38498
  0
LINE
  8
0
 10
-6.47015
 20
3.38498
 11
-6.47346
 21
3.38562
  0
LINE
  8
0
 10
-6.47346
 20
3.38562
 11
-6.47676
 21
3.38638
  0
LINE
  8
0
 10
-6.47676
 20
3.38638
 11
-6.48001
 21
3.3873
  0
LINE
  8
0
 10
-6.48001
 20
3.3873
 11
-6.48323
 21
3.38834
  0
LINE
  8
0
 10
-6.48323
 20
3.38834
 11
-6.4864
 21
3.38951
  0
LINE
  8
0
 10
-6.4864
 20
3.38951
 11
-6.48952
 21
3.39082
  0
LINE
  8
0
 10
-6.48952
 20
3.39082
 11
-6.49257
 21
3.39227
  0
LINE
  8
0
 10
-6.49257
 20
3.39227
 11
-6.49557
 21
3.39383
  0
LINE
  8
0
 10
-6.49557
 20
3.39383
 11
-6.4985
 21
3.39552
  0
LINE
  8
0
 10
-6.4985
 20
3.39552
 11
-6.50136
 21
3.39734
  0
LINE
  8
0
 10
-6.50136
 20
3.39734
 11
-6.50414
 21
3.39926
  0
LINE
  8
0
 10
-6.50414
 20
3.39926
 11
-6.50682
 21
3.40131
  0
LINE
  8
0
 10
-6.50682
 20
3.40131
 11
-6.50943
 21
3.40346
  0
LINE
  8
0
 10
-6.50943
 20
3.40346
 11
-6.51193
 21
3.40573
  0
LINE
  8
0
 10
-6.51193
 20
3.40573
 11
-6.51436
 21
3.4081
  0
LINE
  8
0
 10
-6.51436
 20
3.4081
 11
-6.51666
 21
3.41055
  0
LINE
  8
0
 10
-6.51666
 20
3.41055
 11
-6.51888
 21
3.41312
  0
LINE
  8
0
 10
-6.51888
 20
3.41312
 11
-6.52098
 21
3.41576
  0
LINE
  8
0
 10
-6.52098
 20
3.41576
 11
-6.52296
 21
3.4185
  0
LINE
  8
0
 10
-6.52296
 20
3.4185
 11
-6.52483
 21
3.42131
  0
LINE
  8
0
 10
-6.52483
 20
3.42131
 11
-6.52658
 21
3.42421
  0
LINE
  8
0
 10
-6.52658
 20
3.42421
 11
-6.52821
 21
3.42717
  0
LINE
  8
0
 10
-6.52821
 20
3.42717
 11
-6.52971
 21
3.43019
  0
LINE
  8
0
 10
-6.52971
 20
3.43019
 11
-6.5311
 21
3.43329
  0
LINE
  8
0
 10
-6.5311
 20
3.43329
 11
-6.53233
 21
3.43643
  0
LINE
  8
0
 10
-6.53233
 20
3.43643
 11
-6.53345
 21
3.43962
  0
LINE
  8
0
 10
-6.53345
 20
3.43962
 11
-6.53442
 21
3.44286
  0
LINE
  8
0
 10
-6.53442
 20
3.44286
 11
-6.53526
 21
3.44614
  0
LINE
  8
0
 10
-6.53526
 20
3.44614
 11
-6.53596
 21
3.44943
  0
LINE
  8
0
 10
-6.53596
 20
3.44943
 11
-6.53653
 21
3.45277
  0
LINE
  8
0
 10
-6.53653
 20
3.45277
 11
-6.53696
 21
3.45612
  0
LINE
  8
0
 10
-6.53696
 20
3.45612
 11
-6.53723
 21
3.45949
  0
LINE
  8
0
 10
-6.53723
 20
3.45949
 11
-6.53738
 21
3.46288
  0
LINE
  8
0
 10
-6.53738
 20
3.46288
 11
-6.53738
 21
3.46625
  0
LINE
  8
0
 10
-6.53738
 20
3.46625
 11
-6.53723
 21
3.46962
  0
LINE
  8
0
 10
-6.53723
 20
3.46962
 11
-6.53696
 21
3.47299
  0
LINE
  8
0
 10
-6.53696
 20
3.47299
 11
-6.53653
 21
3.47635
  0
LINE
  8
0
 10
-6.53653
 20
3.47635
 11
-6.53596
 21
3.47968
  0
LINE
  8
0
 10
-6.53596
 20
3.47968
 11
-6.53526
 21
3.48299
  0
LINE
  8
0
 10
-6.53526
 20
3.48299
 11
-6.53442
 21
3.48627
  0
LINE
  8
0
 10
-6.53442
 20
3.48627
 11
-6.53345
 21
3.4895
  0
LINE
  8
0
 10
-6.53345
 20
3.4895
 11
-6.53233
 21
3.49269
  0
LINE
  8
0
 10
-6.53233
 20
3.49269
 11
-6.5311
 21
3.49583
  0
LINE
  8
0
 10
-6.5311
 20
3.49583
 11
-6.52971
 21
3.49892
  0
LINE
  8
0
 10
-6.52971
 20
3.49892
 11
-6.52821
 21
3.50195
  0
LINE
  8
0
 10
-6.52821
 20
3.50195
 11
-6.52658
 21
3.50491
  0
LINE
  8
0
 10
-6.52658
 20
3.50491
 11
-6.52483
 21
3.50781
  0
LINE
  8
0
 10
-6.52483
 20
3.50781
 11
-6.52296
 21
3.51062
  0
LINE
  8
0
 10
-6.52296
 20
3.51062
 11
-6.52098
 21
3.51335
  0
LINE
  8
0
 10
-6.52098
 20
3.51335
 11
-6.51888
 21
3.51601
  0
LINE
  8
0
 10
-6.51888
 20
3.51601
 11
-6.51666
 21
3.51857
  0
LINE
  8
0
 10
-6.51666
 20
3.51857
 11
-6.51436
 21
3.52103
  0
LINE
  8
0
 10
-6.51436
 20
3.52103
 11
-6.51193
 21
3.52339
  0
LINE
  8
0
 10
-6.51193
 20
3.52339
 11
-6.50943
 21
3.52565
  0
LINE
  8
0
 10
-6.50943
 20
3.52565
 11
-6.50682
 21
3.52782
  0
LINE
  8
0
 10
-6.50682
 20
3.52782
 11
-6.50414
 21
3.52986
  0
LINE
  8
0
 10
-6.50414
 20
3.52986
 11
-6.50136
 21
3.53178
  0
LINE
  8
0
 10
-6.50136
 20
3.53178
 11
-6.4985
 21
3.5336
  0
LINE
  8
0
 10
-6.4985
 20
3.5336
 11
-6.49557
 21
3.53528
  0
LINE
  8
0
 10
-6.49557
 20
3.53528
 11
-6.49257
 21
3.53685
  0
LINE
  8
0
 10
-6.49257
 20
3.53685
 11
-6.48952
 21
3.53828
  0
LINE
  8
0
 10
-6.48952
 20
3.53828
 11
-6.4864
 21
3.5396
  0
LINE
  8
0
 10
-6.4864
 20
3.5396
 11
-6.48323
 21
3.54077
  0
LINE
  8
0
 10
-6.48323
 20
3.54077
 11
-6.48001
 21
3.54182
  0
LINE
  8
0
 10
-6.48001
 20
3.54182
 11
-6.47676
 21
3.54274
  0
LINE
  8
0
 10
-6.47676
 20
3.54274
 11
-6.47346
 21
3.5435
  0
LINE
  8
0
 10
-6.47346
 20
3.5435
 11
-6.47015
 21
3.54414
  0
LINE
  8
0
 10
-6.47015
 20
3.54414
 11
-6.4668
 21
3.54463
  0
LINE
  8
0
 10
-6.4668
 20
3.54463
 11
-6.46344
 21
3.54498
  0
LINE
  8
0
 10
-6.46344
 20
3.54498
 11
-6.46007
 21
3.5452
  0
LINE
  8
0
 10
-6.46007
 20
3.5452
 11
-6.4567
 21
3.54527
  0
LINE
  8
0
 10
-6.4567
 20
3.54527
 11
-6.45331
 21
3.5452
  0
LINE
  8
0
 10
-6.45331
 20
3.5452
 11
-6.44994
 21
3.54498
  0
LINE
  8
0
 10
-6.44994
 20
3.54498
 11
-6.44658
 21
3.54463
  0
LINE
  8
0
 10
-6.44658
 20
3.54463
 11
-6.44324
 21
3.54414
  0
LINE
  8
0
 10
-6.44324
 20
3.54414
 11
-6.43991
 21
3.5435
  0
LINE
  8
0
 10
-6.43991
 20
3.5435
 11
-6.43661
 21
3.54274
  0
LINE
  8
0
 10
-6.43661
 20
3.54274
 11
-6.43336
 21
3.54182
  0
LINE
  8
0
 10
-6.43336
 20
3.54182
 11
-6.43015
 21
3.54077
  0
LINE
  8
0
 10
-6.43015
 20
3.54077
 11
-6.42697
 21
3.5396
  0
LINE
  8
0
 10
-6.42697
 20
3.5396
 11
-6.42386
 21
3.53828
  0
LINE
  8
0
 10
-6.42386
 20
3.53828
 11
-6.42081
 21
3.53685
  0
LINE
  8
0
 10
-6.42081
 20
3.53685
 11
-6.4178
 21
3.53528
  0
LINE
  8
0
 10
-6.4178
 20
3.53528
 11
-6.41489
 21
3.5336
  0
LINE
  8
0
 10
-6.41489
 20
3.5336
 11
-6.41203
 21
3.53178
  0
LINE
  8
0
 10
-6.41203
 20
3.53178
 11
-6.40926
 21
3.52986
  0
LINE
  8
0
 10
-6.40926
 20
3.52986
 11
-6.40656
 21
3.52782
  0
LINE
  8
0
 10
-6.40656
 20
3.52782
 11
-6.40395
 21
3.52565
  0
LINE
  8
0
 10
-6.40395
 20
3.52565
 11
-6.40144
 21
3.52339
  0
LINE
  8
0
 10
-6.40144
 20
3.52339
 11
-6.39903
 21
3.52103
  0
LINE
  8
0
 10
-6.39903
 20
3.52103
 11
-6.39671
 21
3.51857
  0
LINE
  8
0
 10
-6.39671
 20
3.51857
 11
-6.3945
 21
3.51601
  0
LINE
  8
0
 10
-6.3945
 20
3.51601
 11
-6.39241
 21
3.51335
  0
LINE
  8
0
 10
-6.39241
 20
3.51335
 11
-6.39041
 21
3.51062
  0
LINE
  8
0
 10
-6.39041
 20
3.51062
 11
-6.38855
 21
3.50781
  0
LINE
  8
0
 10
-6.38855
 20
3.50781
 11
-6.3868
 21
3.50491
  0
LINE
  8
0
 10
-6.3868
 20
3.50491
 11
-6.38516
 21
3.50195
  0
LINE
  8
0
 10
-6.38516
 20
3.50195
 11
-6.38367
 21
3.49892
  0
LINE
  8
0
 10
-6.38367
 20
3.49892
 11
-6.38229
 21
3.49583
  0
LINE
  8
0
 10
-6.38229
 20
3.49583
 11
-6.38104
 21
3.49269
  0
LINE
  8
0
 10
-6.38104
 20
3.49269
 11
-6.37993
 21
3.4895
  0
LINE
  8
0
 10
-6.37993
 20
3.4895
 11
-6.37895
 21
3.48627
  0
LINE
  8
0
 10
-6.37895
 20
3.48627
 11
-6.37811
 21
3.48299
  0
LINE
  8
0
 10
-6.37811
 20
3.48299
 11
-6.37741
 21
3.47968
  0
LINE
  8
0
 10
-6.37741
 20
3.47968
 11
-6.37685
 21
3.47635
  0
LINE
  8
0
 10
-6.37685
 20
3.47635
 11
-6.37642
 21
3.47299
  0
LINE
  8
0
 10
-6.37642
 20
3.47299
 11
-6.37614
 21
3.46962
  0
LINE
  8
0
 10
-6.37614
 20
3.46962
 11
-6.37599
 21
3.46625
  0
LINE
  8
0
 10
-6.37599
 20
3.46625
 11
-6.37599
 21
3.46288
  0
LINE
  8
0
 10
-6.37599
 20
3.46288
 11
-6.37614
 21
3.45949
  0
LINE
  8
0
 10
-6.37614
 20
3.45949
 11
-6.37642
 21
3.45612
  0
LINE
  8
0
 10
-6.37642
 20
3.45612
 11
-6.37685
 21
3.45277
  0
LINE
  8
0
 10
-6.37685
 20
3.45277
 11
-6.37741
 21
3.44943
  0
LINE
  8
0
 10
-6.37741
 20
3.44943
 11
-6.37811
 21
3.44614
  0
LINE
  8
0
 10
-6.37811
 20
3.44614
 11
-6.37895
 21
3.44286
  0
LINE
  8
0
 10
-6.37895
 20
3.44286
 11
-6.37993
 21
3.43962
  0
LINE
  8
0
 10
-6.37993
 20
3.43962
 11
-6.38104
 21
3.43643
  0
LINE
  8
0
 10
-6.38104
 20
3.43643
 11
-6.38229
 21
3.43329
  0
LINE
  8
0
 10
-6.38229
 20
3.43329
 11
-6.38367
 21
3.43019
  0
LINE
  8
0
 10
-6.38367
 20
3.43019
 11
-6.38516
 21
3.42717
  0
LINE
  8
0
 10
-6.38516
 20
3.42717
 11
-6.3868
 21
3.42421
  0
LINE
  8
0
 10
-6.3868
 20
3.42421
 11
-6.38855
 21
3.42131
  0
LINE
  8
0
 10
-6.38855
 20
3.42131
 11
-6.39041
 21
3.4185
  0
LINE
  8
0
 10
-6.39041
 20
3.4185
 11
-6.39241
 21
3.41576
  0
LINE
  8
0
 10
-6.39241
 20
3.41576
 11
-6.3945
 21
3.41312
  0
LINE
  8
0
 10
-6.3945
 20
3.41312
 11
-6.39671
 21
3.41055
  0
LINE
  8
0
 10
-6.39671
 20
3.41055
 11
-6.39903
 21
3.4081
  0
LINE
  8
0
 10
-6.39903
 20
3.4081
 11
-6.40144
 21
3.40573
  0
LINE
  8
0
 10
-6.40144
 20
3.40573
 11
-6.40395
 21
3.40346
  0
LINE
  8
0
 10
-6.40395
 20
3.40346
 11
-6.40656
 21
3.40131
  0
LINE
  8
0
 10
-6.40656
 20
3.40131
 11
-6.40926
 21
3.39926
  0
LINE
  8
0
 10
-6.40926
 20
3.39926
 11
-6.41203
 21
3.39734
  0
LINE
  8
0
 10
-6.41203
 20
3.39734
 11
-6.41489
 21
3.39552
  0
LINE
  8
0
 10
-6.41489
 20
3.39552
 11
-6.4178
 21
3.39383
  0
LINE
  8
0
 10
-6.4178
 20
3.39383
 11
-6.42081
 21
3.39227
  0
LINE
  8
0
 10
-6.42081
 20
3.39227
 11
-6.42386
 21
3.39082
  0
LINE
  8
0
 10
-6.42386
 20
3.39082
 11
-6.42697
 21
3.38951
  0
LINE
  8
0
 10
-6.42697
 20
3.38951
 11
-6.43015
 21
3.38834
  0
LINE
  8
0
 10
-6.43015
 20
3.38834
 11
-6.43336
 21
3.3873
  0
LINE
  8
0
 10
-6.43336
 20
3.3873
 11
-6.43661
 21
3.38638
  0
LINE
  8
0
 10
-6.43661
 20
3.38638
 11
-6.43991
 21
3.38562
  0
LINE
  8
0
 10
-6.43991
 20
3.38562
 11
-6.44324
 21
3.38498
  0
LINE
  8
0
 10
-6.44324
 20
3.38498
 11
-6.44658
 21
3.38449
  0
LINE
  8
0
 10
-6.44658
 20
3.38449
 11
-6.44994
 21
3.38414
  0
LINE
  8
0
 10
-6.44994
 20
3.38414
 11
-6.45331
 21
3.38393
  0
LINE
  8
0
 10
-6.45331
 20
3.38393
 11
-6.4567
 21
3.38385
  0
LINE
  8
0
 10
-6.4567
 20
3.38385
 11
-6.46007
 21
3.38393
  0
LINE
  8
0
 10
6.45331
 20
3.38393
 11
6.44994
 21
3.38414
  0
LINE
  8
0
 10
6.44994
 20
3.38414
 11
6.44658
 21
3.38449
  0
LINE
  8
0
 10
6.44658
 20
3.38449
 11
6.44324
 21
3.38498
  0
LINE
  8
0
 10
6.44324
 20
3.38498
 11
6.43991
 21
3.38562
  0
LINE
  8
0
 10
6.43991
 20
3.38562
 11
6.43661
 21
3.38638
  0
LINE
  8
0
 10
6.43661
 20
3.38638
 11
6.43336
 21
3.3873
  0
LINE
  8
0
 10
6.43336
 20
3.3873
 11
6.43015
 21
3.38834
  0
LINE
  8
0
 10
6.43015
 20
3.38834
 11
6.42697
 21
3.38951
  0
LINE
  8
0
 10
6.42697
 20
3.38951
 11
6.42386
 21
3.39082
  0
LINE
  8
0
 10
6.42386
 20
3.39082
 11
6.42081
 21
3.39227
  0
LINE
  8
0
 10
6.42081
 20
3.39227
 11
6.4178
 21
3.39383
  0
LINE
  8
0
 10
6.4178
 20
3.39383
 11
6.41489
 21
3.39552
  0
LINE
  8
0
 10
6.41489
 20
3.39552
 11
6.41203
 21
3.39734
  0
LINE
  8
0
 10
6.41203
 20
3.39734
 11
6.40926
 21
3.39926
  0
LINE
  8
0
 10
6.40926
 20
3.39926
 11
6.40656
 21
3.40131
  0
LINE
  8
0
 10
6.40656
 20
3.40131
 11
6.40395
 21
3.40346
  0
LINE
  8
0
 10
6.40395
 20
3.40346
 11
6.40144
 21
3.40573
  0
LINE
  8
0
 10
6.40144
 20
3.40573
 11
6.39903
 21
3.4081
  0
LINE
  8
0
 10
6.39903
 20
3.4081
 11
6.39671
 21
3.41055
  0
LINE
  8
0
 10
6.39671
 20
3.41055
 11
6.3945
 21
3.41312
  0
LINE
  8
0
 10
6.3945
 20
3.41312
 11
6.39241
 21
3.41576
  0
LINE
  8
0
 10
6.39241
 20
3.41576
 11
6.39041
 21
3.4185
  0
LINE
  8
0
 10
6.39041
 20
3.4185
 11
6.38855
 21
3.42131
  0
LINE
  8
0
 10
6.38855
 20
3.42131
 11
6.3868
 21
3.42421
  0
LINE
  8
0
 10
6.3868
 20
3.42421
 11
6.38516
 21
3.42717
  0
LINE
  8
0
 10
6.38516
 20
3.42717
 11
6.38367
 21
3.43019
  0
LINE
  8
0
 10
6.38367
 20
3.43019
 11
6.38229
 21
3.43329
  0
LINE
  8
0
 10
6.38229
 20
3.43329
 11
6.38104
 21
3.43643
  0
LINE
  8
0
 10
6.38104
 20
3.43643
 11
6.37993
 21
3.43962
  0
LINE
  8
0
 10
6.37993
 20
3.43962
 11
6.37895
 21
3.44286
  0
LINE
  8
0
 10
6.37895
 20
3.44286
 11
6.37811
 21
3.44614
  0
LINE
  8
0
 10
6.37811
 20
3.44614
 11
6.37741
 21
3.44943
  0
LINE
  8
0
 10
6.37741
 20
3.44943
 11
6.37685
 21
3.45277
  0
LINE
  8
0
 10
6.37685
 20
3.45277
 11
6.37642
 21
3.45612
  0
LINE
  8
0
 10
6.37642
 20
3.45612
 11
6.37614
 21
3.45949
  0
LINE
  8
0
 10
6.37614
 20
3.45949
 11
6.37599
 21
3.46288
  0
LINE
  8
0
 10
6.37599
 20
3.46288
 11
6.37599
 21
3.46625
  0
LINE
  8
0
 10
6.37599
 20
3.46625
 11
6.37614
 21
3.46962
  0
LINE
  8
0
 10
6.37614
 20
3.46962
 11
6.37642
 21
3.47299
  0
LINE
  8
0
 10
6.37642
 20
3.47299
 11
6.37685
 21
3.47635
  0
LINE
  8
0
 10
6.37685
 20
3.47635
 11
6.37741
 21
3.47968
  0
LINE
  8
0
 10
6.37741
 20
3.47968
 11
6.37811
 21
3.48299
  0
LINE
  8
0
 10
6.37811
 20
3.48299
 11
6.37895
 21
3.48627
  0
LINE
  8
0
 10
6.37895
 20
3.48627
 11
6.37993
 21
3.4895
  0
LINE
  8
0
 10
6.37993
 20
3.4895
 11
6.38104
 21
3.49269
  0
LINE
  8
0
 10
6.38104
 20
3.49269
 11
6.38229
 21
3.49583
  0
LINE
  8
0
 10
6.38229
 20
3.49583
 11
6.38367
 21
3.49892
  0
LINE
  8
0
 10
6.38367
 20
3.49892
 11
6.38516
 21
3.50195
  0
LINE
  8
0
 10
6.38516
 20
3.50195
 11
6.3868
 21
3.50491
  0
LINE
  8
0
 10
6.3868
 20
3.50491
 11
6.38855
 21
3.50781
  0
LINE
  8
0
 10
6.38855
 20
3.50781
 11
6.39041
 21
3.51062
  0
LINE
  8
0
 10
6.39041
 20
3.51062
 11
6.39241
 21
3.51335
  0
LINE
  8
0
 10
6.39241
 20
3.51335
 11
6.3945
 21
3.51601
  0
LINE
  8
0
 10
6.3945
 20
3.51601
 11
6.39671
 21
3.51857
  0
LINE
  8
0
 10
6.39671
 20
3.51857
 11
6.39903
 21
3.52103
  0
LINE
  8
0
 10
6.39903
 20
3.52103
 11
6.40144
 21
3.52339
  0
LINE
  8
0
 10
6.40144
 20
3.52339
 11
6.40395
 21
3.52565
  0
LINE
  8
0
 10
6.40395
 20
3.52565
 11
6.40656
 21
3.52782
  0
LINE
  8
0
 10
6.40656
 20
3.52782
 11
6.40926
 21
3.52986
  0
LINE
  8
0
 10
6.40926
 20
3.52986
 11
6.41203
 21
3.53178
  0
LINE
  8
0
 10
6.41203
 20
3.53178
 11
6.41489
 21
3.5336
  0
LINE
  8
0
 10
6.41489
 20
3.5336
 11
6.4178
 21
3.53528
  0
LINE
  8
0
 10
6.4178
 20
3.53528
 11
6.42081
 21
3.53685
  0
LINE
  8
0
 10
6.42081
 20
3.53685
 11
6.42386
 21
3.53828
  0
LINE
  8
0
 10
6.42386
 20
3.53828
 11
6.42697
 21
3.5396
  0
LINE
  8
0
 10
6.42697
 20
3.5396
 11
6.43015
 21
3.54077
  0
LINE
  8
0
 10
6.43015
 20
3.54077
 11
6.43336
 21
3.54182
  0
LINE
  8
0
 10
6.43336
 20
3.54182
 11
6.43661
 21
3.54274
  0
LINE
  8
0
 10
6.43661
 20
3.54274
 11
6.43991
 21
3.5435
  0
LINE
  8
0
 10
6.43991
 20
3.5435
 11
6.44324
 21
3.54414
  0
LINE
  8
0
 10
6.44324
 20
3.54414
 11
6.44658
 21
3.54463
  0
LINE
  8
0
 10
6.44658
 20
3.54463
 11
6.44994
 21
3.54498
  0
LINE
  8
0
 10
6.44994
 20
3.54498
 11
6.45331
 21
3.5452
  0
LINE
  8
0
 10
6.45331
 20
3.5452
 11
6.4567
 21
3.54527
  0
LINE
  8
0
 10
6.4567
 20
3.54527
 11
6.46007
 21
3.5452
  0
LINE
  8
0
 10
6.46007
 20
3.5452
 11
6.46344
 21
3.54498
  0
LINE
  8
0
 10
6.46344
 20
3.54498
 11
6.4668
 21
3.54463
  0
LINE
  8
0
 10
6.4668
 20
3.54463
 11
6.47015
 21
3.54414
  0
LINE
  8
0
 10
6.47015
 20
3.54414
 11
6.47346
 21
3.5435
  0
LINE
  8
0
 10
6.47346
 20
3.5435
 11
6.47676
 21
3.54274
  0
LINE
  8
0
 10
6.47676
 20
3.54274
 11
6.48001
 21
3.54182
  0
LINE
  8
0
 10
6.48001
 20
3.54182
 11
6.48323
 21
3.54077
  0
LINE
  8
0
 10
6.48323
 20
3.54077
 11
6.4864
 21
3.5396
  0
LINE
  8
0
 10
6.4864
 20
3.5396
 11
6.48952
 21
3.53828
  0
LINE
  8
0
 10
6.48952
 20
3.53828
 11
6.49257
 21
3.53685
  0
LINE
  8
0
 10
6.49257
 20
3.53685
 11
6.49557
 21
3.53528
  0
LINE
  8
0
 10
6.49557
 20
3.53528
 11
6.4985
 21
3.5336
  0
LINE
  8
0
 10
6.4985
 20
3.5336
 11
6.50136
 21
3.53178
  0
LINE
  8
0
 10
6.50136
 20
3.53178
 11
6.50414
 21
3.52986
  0
LINE
  8
0
 10
6.50414
 20
3.52986
 11
6.50682
 21
3.52782
  0
LINE
  8
0
 10
6.50682
 20
3.52782
 11
6.50943
 21
3.52565
  0
LINE
  8
0
 10
6.50943
 20
3.52565
 11
6.51193
 21
3.52339
  0
LINE
  8
0
 10
6.51193
 20
3.52339
 11
6.51436
 21
3.52103
  0
LINE
  8
0
 10
6.51436
 20
3.52103
 11
6.51666
 21
3.51857
  0
LINE
  8
0
 10
6.51666
 20
3.51857
 11
6.51888
 21
3.51601
  0
LINE
  8
0
 10
6.51888
 20
3.51601
 11
6.52098
 21
3.51335
  0
LINE
  8
0
 10
6.52098
 20
3.51335
 11
6.52296
 21
3.51062
  0
LINE
  8
0
 10
6.52296
 20
3.51062
 11
6.52483
 21
3.50781
  0
LINE
  8
0
 10
6.52483
 20
3.50781
 11
6.52658
 21
3.50491
  0
LINE
  8
0
 10
6.52658
 20
3.50491
 11
6.52821
 21
3.50195
  0
LINE
  8
0
 10
6.52821
 20
3.50195
 11
6.52971
 21
3.49892
  0
LINE
  8
0
 10
6.52971
 20
3.49892
 11
6.5311
 21
3.49583
  0
LINE
  8
0
 10
6.5311
 20
3.49583
 11
6.53233
 21
3.49269
  0
LINE
  8
0
 10
6.53233
 20
3.49269
 11
6.53345
 21
3.4895
  0
LINE
  8
0
 10
6.53345
 20
3.4895
 11
6.53442
 21
3.48627
  0
LINE
  8
0
 10
6.53442
 20
3.48627
 11
6.53526
 21
3.48299
  0
LINE
  8
0
 10
6.53526
 20
3.48299
 11
6.53596
 21
3.47968
  0
LINE
  8
0
 10
6.53596
 20
3.47968
 11
6.53653
 21
3.47635
  0
LINE
  8
0
 10
6.53653
 20
3.47635
 11
6.53696
 21
3.47299
  0
LINE
  8
0
 10
6.53696
 20
3.47299
 11
6.53723
 21
3.46962
  0
LINE
  8
0
 10
6.53723
 20
3.46962
 11
6.53738
 21
3.46625
  0
LINE
  8
0
 10
6.53738
 20
3.46625
 11
6.53738
 21
3.46288
  0
LINE
  8
0
 10
6.53738
 20
3.46288
 11
6.53723
 21
3.45949
  0
LINE
  8
0
 10
6.53723
 20
3.45949
 11
6.53696
 21
3.45612
  0
LINE
  8
0
 10
6.53696
 20
3.45612
 11
6.53653
 21
3.45277
  0
LINE
  8
0
 10
6.53653
 20
3.45277
 11
6.53596
 21
3.44943
  0
LINE
  8
0
 10
6.53596
 20
3.44943
 11
6.53526
 21
3.44614
  0
LINE
  8
0
 10
6.53526
 20
3.44614
 11
6.53442
 21
3.44286
  0
LINE
  8
0
 10
6.53442
 20
3.44286
 11
6.53345
 21
3.43962
  0
LINE
  8
0
 10
6.53345
 20
3.43962
 11
6.53233
 21
3.43643
  0
LINE
  8
0
 10
6.53233
 20
3.43643
 11
6.5311
 21
3.43329
  0
LINE
  8
0
 10
6.5311
 20
3.43329
 11
6.52971
 21
3.43019
  0
LINE
  8
0
 10
6.52971
 20
3.43019
 11
6.52821
 21
3.42717
  0
LINE
  8
0
 10
6.52821
 20
3.42717
 11
6.52658
 21
3.42421
  0
LINE
  8
0
 10
6.52658
 20
3.42421
 11
6.52483
 21
3.42131
  0
LINE
  8
0
 10
6.52483
 20
3.42131
 11
6.52296
 21
3.4185
  0
LINE
  8
0
 10
6.52296
 20
3.4185
 11
6.52098
 21
3.41576
  0
LINE
  8
0
 10
6.52098
 20
3.41576
 11
6.51888
 21
3.41312
  0
LINE
  8
0
 10
6.51888
 20
3.41312
 11
6.51666
 21
3.41055
  0
LINE
  8
0
 10
6.51666
 20
3.41055
 11
6.51436
 21
3.4081
  0
LINE
  8
0
 10
6.51436
 20
3.4081
 11
6.51193
 21
3.40573
  0
LINE
  8
0
 10
6.51193
 20
3.40573
 11
6.50943
 21
3.40346
  0
LINE
  8
0
 10
6.50943
 20
3.40346
 11
6.50682
 21
3.40131
  0
LINE
  8
0
 10
6.50682
 20
3.40131
 11
6.50414
 21
3.39926
  0
LINE
  8
0
 10
6.50414
 20
3.39926
 11
6.50136
 21
3.39734
  0
LINE
  8
0
 10
6.50136
 20
3.39734
 11
6.4985
 21
3.39552
  0
LINE
  8
0
 10
6.4985
 20
3.39552
 11
6.49557
 21
3.39383
  0
LINE
  8
0
 10
6.49557
 20
3.39383
 11
6.49257
 21
3.39227
  0
LINE
  8
0
 10
6.49257
 20
3.39227
 11
6.48952
 21
3.39082
  0
LINE
  8
0
 10
6.48952
 20
3.39082
 11
6.4864
 21
3.38951
  0
LINE
  8
0
 10
6.4864
 20
3.38951
 11
6.48323
 21
3.38834
  0
LINE
  8
0
 10
6.48323
 20
3.38834
 11
6.48001
 21
3.3873
  0
LINE
  8
0
 10
6.48001
 20
3.3873
 11
6.47676
 21
3.38638
  0
LINE
  8
0
 10
6.47676
 20
3.38638
 11
6.47346
 21
3.38562
  0
LINE
  8
0
 10
6.47346
 20
3.38562
 11
6.47015
 21
3.38498
  0
LINE
  8
0
 10
6.47015
 20
3.38498
 11
6.4668
 21
3.38449
  0
LINE
  8
0
 10
6.4668
 20
3.38449
 11
6.46344
 21
3.38414
  0
LINE
  8
0
 10
6.46344
 20
3.38414
 11
6.46007
 21
3.38393
  0
LINE
  8
0
 10
6.46007
 20
3.38393
 11
6.4567
 21
3.38385
  0
LINE
  8
0
 10
6.4567
 20
3.38385
 11
6.45331
 21
3.38393
  0
LINE
  8
0
 10
7.71315
 20
3.38393
 11
7.70978
 21
3.38414
  0
LINE
  8
0
 10
7.70978
 20
3.38414
 11
7.70642
 21
3.38449
  0
LINE
  8
0
 10
7.70642
 20
3.38449
 11
7.70308
 21
3.38498
  0
LINE
  8
0
 10
7.70308
 20
3.38498
 11
7.69975
 21
3.38562
  0
LINE
  8
0
 10
7.69975
 20
3.38562
 11
7.69646
 21
3.38638
  0
LINE
  8
0
 10
7.69646
 20
3.38638
 11
7.69321
 21
3.3873
  0
LINE
  8
0
 10
7.69321
 20
3.3873
 11
7.68999
 21
3.38834
  0
LINE
  8
0
 10
7.68999
 20
3.38834
 11
7.68683
 21
3.38951
  0
LINE
  8
0
 10
7.68683
 20
3.38951
 11
7.6837
 21
3.39082
  0
LINE
  8
0
 10
7.6837
 20
3.39082
 11
7.68065
 21
3.39227
  0
LINE
  8
0
 10
7.68065
 20
3.39227
 11
7.67766
 21
3.39383
  0
LINE
  8
0
 10
7.67766
 20
3.39383
 11
7.67473
 21
3.39552
  0
LINE
  8
0
 10
7.67473
 20
3.39552
 11
7.67188
 21
3.39734
  0
LINE
  8
0
 10
7.67188
 20
3.39734
 11
7.6691
 21
3.39926
  0
LINE
  8
0
 10
7.6691
 20
3.39926
 11
7.6664
 21
3.40131
  0
LINE
  8
0
 10
7.6664
 20
3.40131
 11
7.6638
 21
3.40346
  0
LINE
  8
0
 10
7.6638
 20
3.40346
 11
7.66129
 21
3.40573
  0
LINE
  8
0
 10
7.66129
 20
3.40573
 11
7.65887
 21
3.4081
  0
LINE
  8
0
 10
7.65887
 20
3.4081
 11
7.65656
 21
3.41055
  0
LINE
  8
0
 10
7.65656
 20
3.41055
 11
7.65434
 21
3.41312
  0
LINE
  8
0
 10
7.65434
 20
3.41312
 11
7.65225
 21
3.41576
  0
LINE
  8
0
 10
7.65225
 20
3.41576
 11
7.65025
 21
3.4185
  0
LINE
  8
0
 10
7.65025
 20
3.4185
 11
7.64839
 21
3.42131
  0
LINE
  8
0
 10
7.64839
 20
3.42131
 11
7.64664
 21
3.42421
  0
LINE
  8
0
 10
7.64664
 20
3.42421
 11
7.645
 21
3.42717
  0
LINE
  8
0
 10
7.645
 20
3.42717
 11
7.64351
 21
3.43019
  0
LINE
  8
0
 10
7.64351
 20
3.43019
 11
7.64214
 21
3.43329
  0
LINE
  8
0
 10
7.64214
 20
3.43329
 11
7.64088
 21
3.43643
  0
LINE
  8
0
 10
7.64088
 20
3.43643
 11
7.63977
 21
3.43962
  0
LINE
  8
0
 10
7.63977
 20
3.43962
 11
7.63879
 21
3.44286
  0
LINE
  8
0
 10
7.63879
 20
3.44286
 11
7.63795
 21
3.44614
  0
LINE
  8
0
 10
7.63795
 20
3.44614
 11
7.63725
 21
3.44943
  0
LINE
  8
0
 10
7.63725
 20
3.44943
 11
7.63669
 21
3.45277
  0
LINE
  8
0
 10
7.63669
 20
3.45277
 11
7.63626
 21
3.45612
  0
LINE
  8
0
 10
7.63626
 20
3.45612
 11
7.63599
 21
3.45949
  0
LINE
  8
0
 10
7.63599
 20
3.45949
 11
7.63585
 21
3.46288
  0
LINE
  8
0
 10
7.63585
 20
3.46288
 11
7.63585
 21
3.46625
  0
LINE
  8
0
 10
7.63585
 20
3.46625
 11
7.63599
 21
3.46962
  0
LINE
  8
0
 10
7.63599
 20
3.46962
 11
7.63626
 21
3.47299
  0
LINE
  8
0
 10
7.63626
 20
3.47299
 11
7.63669
 21
3.47635
  0
LINE
  8
0
 10
7.63669
 20
3.47635
 11
7.63725
 21
3.47968
  0
LINE
  8
0
 10
7.63725
 20
3.47968
 11
7.63795
 21
3.48299
  0
LINE
  8
0
 10
7.63795
 20
3.48299
 11
7.63879
 21
3.48627
  0
LINE
  8
0
 10
7.63879
 20
3.48627
 11
7.63977
 21
3.4895
  0
LINE
  8
0
 10
7.63977
 20
3.4895
 11
7.64088
 21
3.49269
  0
LINE
  8
0
 10
7.64088
 20
3.49269
 11
7.64214
 21
3.49583
  0
LINE
  8
0
 10
7.64214
 20
3.49583
 11
7.64351
 21
3.49892
  0
LINE
  8
0
 10
7.64351
 20
3.49892
 11
7.645
 21
3.50195
  0
LINE
  8
0
 10
7.645
 20
3.50195
 11
7.64664
 21
3.50491
  0
LINE
  8
0
 10
7.64664
 20
3.50491
 11
7.64839
 21
3.50781
  0
LINE
  8
0
 10
7.64839
 20
3.50781
 11
7.65025
 21
3.51062
  0
LINE
  8
0
 10
7.65025
 20
3.51062
 11
7.65225
 21
3.51335
  0
LINE
  8
0
 10
7.65225
 20
3.51335
 11
7.65434
 21
3.51601
  0
LINE
  8
0
 10
7.65434
 20
3.51601
 11
7.65656
 21
3.51857
  0
LINE
  8
0
 10
7.65656
 20
3.51857
 11
7.65887
 21
3.52103
  0
LINE
  8
0
 10
7.65887
 20
3.52103
 11
7.66129
 21
3.52339
  0
LINE
  8
0
 10
7.66129
 20
3.52339
 11
7.6638
 21
3.52565
  0
LINE
  8
0
 10
7.6638
 20
3.52565
 11
7.6664
 21
3.52782
  0
LINE
  8
0
 10
7.6664
 20
3.52782
 11
7.6691
 21
3.52986
  0
LINE
  8
0
 10
7.6691
 20
3.52986
 11
7.67188
 21
3.53178
  0
LINE
  8
0
 10
7.67188
 20
3.53178
 11
7.67473
 21
3.5336
  0
LINE
  8
0
 10
7.67473
 20
3.5336
 11
7.67766
 21
3.53528
  0
LINE
  8
0
 10
7.67766
 20
3.53528
 11
7.68065
 21
3.53685
  0
LINE
  8
0
 10
7.68065
 20
3.53685
 11
7.6837
 21
3.53828
  0
LINE
  8
0
 10
7.6837
 20
3.53828
 11
7.68683
 21
3.5396
  0
LINE
  8
0
 10
7.68683
 20
3.5396
 11
7.68999
 21
3.54077
  0
LINE
  8
0
 10
7.68999
 20
3.54077
 11
7.69321
 21
3.54182
  0
LINE
  8
0
 10
7.69321
 20
3.54182
 11
7.69646
 21
3.54274
  0
LINE
  8
0
 10
7.69646
 20
3.54274
 11
7.69975
 21
3.5435
  0
LINE
  8
0
 10
7.69975
 20
3.5435
 11
7.70308
 21
3.54414
  0
LINE
  8
0
 10
7.70308
 20
3.54414
 11
7.70642
 21
3.54463
  0
LINE
  8
0
 10
7.70642
 20
3.54463
 11
7.70978
 21
3.54498
  0
LINE
  8
0
 10
7.70978
 20
3.54498
 11
7.71315
 21
3.5452
  0
LINE
  8
0
 10
7.71315
 20
3.5452
 11
7.71654
 21
3.54527
  0
LINE
  8
0
 10
7.71654
 20
3.54527
 11
7.71991
 21
3.5452
  0
LINE
  8
0
 10
7.71991
 20
3.5452
 11
7.72328
 21
3.54498
  0
LINE
  8
0
 10
7.72328
 20
3.54498
 11
7.72665
 21
3.54463
  0
LINE
  8
0
 10
7.72665
 20
3.54463
 11
7.73
 21
3.54414
  0
LINE
  8
0
 10
7.73
 20
3.54414
 11
7.73331
 21
3.5435
  0
LINE
  8
0
 10
7.73331
 20
3.5435
 11
7.7366
 21
3.54274
  0
LINE
  8
0
 10
7.7366
 20
3.54274
 11
7.73985
 21
3.54182
  0
LINE
  8
0
 10
7.73985
 20
3.54182
 11
7.74307
 21
3.54077
  0
LINE
  8
0
 10
7.74307
 20
3.54077
 11
7.74625
 21
3.5396
  0
LINE
  8
0
 10
7.74625
 20
3.5396
 11
7.74936
 21
3.53828
  0
LINE
  8
0
 10
7.74936
 20
3.53828
 11
7.75241
 21
3.53685
  0
LINE
  8
0
 10
7.75241
 20
3.53685
 11
7.75542
 21
3.53528
  0
LINE
  8
0
 10
7.75542
 20
3.53528
 11
7.75835
 21
3.5336
  0
LINE
  8
0
 10
7.75835
 20
3.5336
 11
7.7612
 21
3.53178
  0
LINE
  8
0
 10
7.7612
 20
3.53178
 11
7.76398
 21
3.52986
  0
LINE
  8
0
 10
7.76398
 20
3.52986
 11
7.76666
 21
3.52782
  0
LINE
  8
0
 10
7.76666
 20
3.52782
 11
7.76927
 21
3.52565
  0
LINE
  8
0
 10
7.76927
 20
3.52565
 11
7.77177
 21
3.52339
  0
LINE
  8
0
 10
7.77177
 20
3.52339
 11
7.7742
 21
3.52103
  0
LINE
  8
0
 10
7.7742
 20
3.52103
 11
7.7765
 21
3.51857
  0
LINE
  8
0
 10
7.7765
 20
3.51857
 11
7.77872
 21
3.51601
  0
LINE
  8
0
 10
7.77872
 20
3.51601
 11
7.78082
 21
3.51335
  0
LINE
  8
0
 10
7.78082
 20
3.51335
 11
7.78281
 21
3.51062
  0
LINE
  8
0
 10
7.78281
 20
3.51062
 11
7.78468
 21
3.50781
  0
LINE
  8
0
 10
7.78468
 20
3.50781
 11
7.78642
 21
3.50491
  0
LINE
  8
0
 10
7.78642
 20
3.50491
 11
7.78806
 21
3.50195
  0
LINE
  8
0
 10
7.78806
 20
3.50195
 11
7.78957
 21
3.49892
  0
LINE
  8
0
 10
7.78957
 20
3.49892
 11
7.79094
 21
3.49583
  0
LINE
  8
0
 10
7.79094
 20
3.49583
 11
7.79218
 21
3.49269
  0
LINE
  8
0
 10
7.79218
 20
3.49269
 11
7.79329
 21
3.4895
  0
LINE
  8
0
 10
7.79329
 20
3.4895
 11
7.79427
 21
3.48627
  0
LINE
  8
0
 10
7.79427
 20
3.48627
 11
7.7951
 21
3.48299
  0
LINE
  8
0
 10
7.7951
 20
3.48299
 11
7.79581
 21
3.47968
  0
LINE
  8
0
 10
7.79581
 20
3.47968
 11
7.79637
 21
3.47635
  0
LINE
  8
0
 10
7.79637
 20
3.47635
 11
7.7968
 21
3.47299
  0
LINE
  8
0
 10
7.7968
 20
3.47299
 11
7.79709
 21
3.46962
  0
LINE
  8
0
 10
7.79709
 20
3.46962
 11
7.79723
 21
3.46625
  0
LINE
  8
0
 10
7.79723
 20
3.46625
 11
7.79723
 21
3.46288
  0
LINE
  8
0
 10
7.79723
 20
3.46288
 11
7.79709
 21
3.45949
  0
LINE
  8
0
 10
7.79709
 20
3.45949
 11
7.7968
 21
3.45612
  0
LINE
  8
0
 10
7.7968
 20
3.45612
 11
7.79637
 21
3.45277
  0
LINE
  8
0
 10
7.79637
 20
3.45277
 11
7.79581
 21
3.44943
  0
LINE
  8
0
 10
7.79581
 20
3.44943
 11
7.7951
 21
3.44614
  0
LINE
  8
0
 10
7.7951
 20
3.44614
 11
7.79427
 21
3.44286
  0
LINE
  8
0
 10
7.79427
 20
3.44286
 11
7.79329
 21
3.43962
  0
LINE
  8
0
 10
7.79329
 20
3.43962
 11
7.79218
 21
3.43643
  0
LINE
  8
0
 10
7.79218
 20
3.43643
 11
7.79094
 21
3.43329
  0
LINE
  8
0
 10
7.79094
 20
3.43329
 11
7.78957
 21
3.43019
  0
LINE
  8
0
 10
7.78957
 20
3.43019
 11
7.78806
 21
3.42717
  0
LINE
  8
0
 10
7.78806
 20
3.42717
 11
7.78642
 21
3.42421
  0
LINE
  8
0
 10
7.78642
 20
3.42421
 11
7.78468
 21
3.42131
  0
LINE
  8
0
 10
7.78468
 20
3.42131
 11
7.78281
 21
3.4185
  0
LINE
  8
0
 10
7.78281
 20
3.4185
 11
7.78082
 21
3.41576
  0
LINE
  8
0
 10
7.78082
 20
3.41576
 11
7.77872
 21
3.41312
  0
LINE
  8
0
 10
7.77872
 20
3.41312
 11
7.7765
 21
3.41055
  0
LINE
  8
0
 10
7.7765
 20
3.41055
 11
7.7742
 21
3.4081
  0
LINE
  8
0
 10
7.7742
 20
3.4081
 11
7.77177
 21
3.40573
  0
LINE
  8
0
 10
7.77177
 20
3.40573
 11
7.76927
 21
3.40346
  0
LINE
  8
0
 10
7.76927
 20
3.40346
 11
7.76666
 21
3.40131
  0
LINE
  8
0
 10
7.76666
 20
3.40131
 11
7.76398
 21
3.39926
  0
LINE
  8
0
 10
7.76398
 20
3.39926
 11
7.7612
 21
3.39734
  0
LINE
  8
0
 10
7.7612
 20
3.39734
 11
7.75835
 21
3.39552
  0
LINE
  8
0
 10
7.75835
 20
3.39552
 11
7.75542
 21
3.39383
  0
LINE
  8
0
 10
7.75542
 20
3.39383
 11
7.75241
 21
3.39227
  0
LINE
  8
0
 10
7.75241
 20
3.39227
 11
7.74936
 21
3.39082
  0
LINE
  8
0
 10
7.74936
 20
3.39082
 11
7.74625
 21
3.38951
  0
LINE
  8
0
 10
7.74625
 20
3.38951
 11
7.74307
 21
3.38834
  0
LINE
  8
0
 10
7.74307
 20
3.38834
 11
7.73985
 21
3.3873
  0
LINE
  8
0
 10
7.73985
 20
3.3873
 11
7.7366
 21
3.38638
  0
LINE
  8
0
 10
7.7366
 20
3.38638
 11
7.73331
 21
3.38562
  0
LINE
  8
0
 10
7.73331
 20
3.38562
 11
7.73
 21
3.38498
  0
LINE
  8
0
 10
7.73
 20
3.38498
 11
7.72665
 21
3.38449
  0
LINE
  8
0
 10
7.72665
 20
3.38449
 11
7.72328
 21
3.38414
  0
LINE
  8
0
 10
7.72328
 20
3.38414
 11
7.71991
 21
3.38393
  0
LINE
  8
0
 10
7.71991
 20
3.38393
 11
7.71654
 21
3.38385
  0
LINE
  8
0
 10
7.71654
 20
3.38385
 11
7.71315
 21
3.38393
  0
LINE
  8
0
 10
7.71315
 20
2.754
 11
7.70978
 21
2.75421
  0
LINE
  8
0
 10
7.70978
 20
2.75421
 11
7.70642
 21
2.75456
  0
LINE
  8
0
 10
7.70642
 20
2.75456
 11
7.70308
 21
2.75507
  0
LINE
  8
0
 10
7.70308
 20
2.75507
 11
7.69975
 21
2.75569
  0
LINE
  8
0
 10
7.69975
 20
2.75569
 11
7.69646
 21
2.75647
  0
LINE
  8
0
 10
7.69646
 20
2.75647
 11
7.69321
 21
2.75737
  0
LINE
  8
0
 10
7.69321
 20
2.75737
 11
7.68999
 21
2.75842
  0
LINE
  8
0
 10
7.68999
 20
2.75842
 11
7.68683
 21
2.7596
  0
LINE
  8
0
 10
7.68683
 20
2.7596
 11
7.6837
 21
2.76091
  0
LINE
  8
0
 10
7.6837
 20
2.76091
 11
7.68065
 21
2.76234
  0
LINE
  8
0
 10
7.68065
 20
2.76234
 11
7.67766
 21
2.76392
  0
LINE
  8
0
 10
7.67766
 20
2.76392
 11
7.67473
 21
2.76561
  0
LINE
  8
0
 10
7.67473
 20
2.76561
 11
7.67188
 21
2.76741
  0
LINE
  8
0
 10
7.67188
 20
2.76741
 11
7.6691
 21
2.76935
  0
LINE
  8
0
 10
7.6691
 20
2.76935
 11
7.6664
 21
2.77139
  0
LINE
  8
0
 10
7.6664
 20
2.77139
 11
7.6638
 21
2.77354
  0
LINE
  8
0
 10
7.6638
 20
2.77354
 11
7.66129
 21
2.7758
  0
LINE
  8
0
 10
7.66129
 20
2.7758
 11
7.65887
 21
2.77817
  0
LINE
  8
0
 10
7.65887
 20
2.77817
 11
7.65656
 21
2.78064
  0
LINE
  8
0
 10
7.65656
 20
2.78064
 11
7.65434
 21
2.78319
  0
LINE
  8
0
 10
7.65434
 20
2.78319
 11
7.65225
 21
2.78584
  0
LINE
  8
0
 10
7.65225
 20
2.78584
 11
7.65025
 21
2.78857
  0
LINE
  8
0
 10
7.65025
 20
2.78857
 11
7.64839
 21
2.7914
  0
LINE
  8
0
 10
7.64839
 20
2.7914
 11
7.64664
 21
2.79428
  0
LINE
  8
0
 10
7.64664
 20
2.79428
 11
7.645
 21
2.79724
  0
LINE
  8
0
 10
7.645
 20
2.79724
 11
7.64351
 21
2.80028
  0
LINE
  8
0
 10
7.64351
 20
2.80028
 11
7.64214
 21
2.80336
  0
LINE
  8
0
 10
7.64214
 20
2.80336
 11
7.64088
 21
2.8065
  0
LINE
  8
0
 10
7.64088
 20
2.8065
 11
7.63977
 21
2.80969
  0
LINE
  8
0
 10
7.63977
 20
2.80969
 11
7.63879
 21
2.81293
  0
LINE
  8
0
 10
7.63879
 20
2.81293
 11
7.63795
 21
2.81621
  0
LINE
  8
0
 10
7.63795
 20
2.81621
 11
7.63725
 21
2.81952
  0
LINE
  8
0
 10
7.63725
 20
2.81952
 11
7.63669
 21
2.82285
  0
LINE
  8
0
 10
7.63669
 20
2.82285
 11
7.63626
 21
2.8262
  0
LINE
  8
0
 10
7.63626
 20
2.8262
 11
7.63599
 21
2.82957
  0
LINE
  8
0
 10
7.63599
 20
2.82957
 11
7.63585
 21
2.83295
  0
LINE
  8
0
 10
7.63585
 20
2.83295
 11
7.63585
 21
2.83633
  0
LINE
  8
0
 10
7.63585
 20
2.83633
 11
7.63599
 21
2.83971
  0
LINE
  8
0
 10
7.63599
 20
2.83971
 11
7.63626
 21
2.84308
  0
LINE
  8
0
 10
7.63626
 20
2.84308
 11
7.63669
 21
2.84644
  0
LINE
  8
0
 10
7.63669
 20
2.84644
 11
7.63725
 21
2.84976
  0
LINE
  8
0
 10
7.63725
 20
2.84976
 11
7.63795
 21
2.85307
  0
LINE
  8
0
 10
7.63795
 20
2.85307
 11
7.63879
 21
2.85634
  0
LINE
  8
0
 10
7.63879
 20
2.85634
 11
7.63977
 21
2.85957
  0
LINE
  8
0
 10
7.63977
 20
2.85957
 11
7.64088
 21
2.86278
  0
LINE
  8
0
 10
7.64088
 20
2.86278
 11
7.64214
 21
2.86592
  0
LINE
  8
0
 10
7.64214
 20
2.86592
 11
7.64351
 21
2.869
  0
LINE
  8
0
 10
7.64351
 20
2.869
 11
7.645
 21
2.87202
  0
LINE
  8
0
 10
7.645
 20
2.87202
 11
7.64664
 21
2.87498
  0
LINE
  8
0
 10
7.64664
 20
2.87498
 11
7.64839
 21
2.87788
  0
LINE
  8
0
 10
7.64839
 20
2.87788
 11
7.65025
 21
2.88071
  0
LINE
  8
0
 10
7.65025
 20
2.88071
 11
7.65225
 21
2.88344
  0
LINE
  8
0
 10
7.65225
 20
2.88344
 11
7.65434
 21
2.88608
  0
LINE
  8
0
 10
7.65434
 20
2.88608
 11
7.65656
 21
2.88864
  0
LINE
  8
0
 10
7.65656
 20
2.88864
 11
7.65887
 21
2.89111
  0
LINE
  8
0
 10
7.65887
 20
2.89111
 11
7.66129
 21
2.89348
  0
LINE
  8
0
 10
7.66129
 20
2.89348
 11
7.6638
 21
2.89574
  0
LINE
  8
0
 10
7.6638
 20
2.89574
 11
7.6664
 21
2.89789
  0
LINE
  8
0
 10
7.6664
 20
2.89789
 11
7.6691
 21
2.89993
  0
LINE
  8
0
 10
7.6691
 20
2.89993
 11
7.67188
 21
2.90186
  0
LINE
  8
0
 10
7.67188
 20
2.90186
 11
7.67473
 21
2.90367
  0
LINE
  8
0
 10
7.67473
 20
2.90367
 11
7.67766
 21
2.90536
  0
LINE
  8
0
 10
7.67766
 20
2.90536
 11
7.68065
 21
2.90694
  0
LINE
  8
0
 10
7.68065
 20
2.90694
 11
7.6837
 21
2.90837
  0
LINE
  8
0
 10
7.6837
 20
2.90837
 11
7.68683
 21
2.90968
  0
LINE
  8
0
 10
7.68683
 20
2.90968
 11
7.68999
 21
2.91086
  0
LINE
  8
0
 10
7.68999
 20
2.91086
 11
7.69321
 21
2.9119
  0
LINE
  8
0
 10
7.69321
 20
2.9119
 11
7.69646
 21
2.91281
  0
LINE
  8
0
 10
7.69646
 20
2.91281
 11
7.69975
 21
2.91359
  0
LINE
  8
0
 10
7.69975
 20
2.91359
 11
7.70308
 21
2.91422
  0
LINE
  8
0
 10
7.70308
 20
2.91422
 11
7.70642
 21
2.9147
  0
LINE
  8
0
 10
7.70642
 20
2.9147
 11
7.70978
 21
2.91507
  0
LINE
  8
0
 10
7.70978
 20
2.91507
 11
7.71315
 21
2.91528
  0
LINE
  8
0
 10
7.71315
 20
2.91528
 11
7.71654
 21
2.91534
  0
LINE
  8
0
 10
7.71654
 20
2.91534
 11
7.71991
 21
2.91528
  0
LINE
  8
0
 10
7.71991
 20
2.91528
 11
7.72328
 21
2.91507
  0
LINE
  8
0
 10
7.72328
 20
2.91507
 11
7.72665
 21
2.9147
  0
LINE
  8
0
 10
7.72665
 20
2.9147
 11
7.73
 21
2.91422
  0
LINE
  8
0
 10
7.73
 20
2.91422
 11
7.73331
 21
2.91359
  0
LINE
  8
0
 10
7.73331
 20
2.91359
 11
7.7366
 21
2.91281
  0
LINE
  8
0
 10
7.7366
 20
2.91281
 11
7.73985
 21
2.9119
  0
LINE
  8
0
 10
7.73985
 20
2.9119
 11
7.74307
 21
2.91086
  0
LINE
  8
0
 10
7.74307
 20
2.91086
 11
7.74625
 21
2.90968
  0
LINE
  8
0
 10
7.74625
 20
2.90968
 11
7.74936
 21
2.90837
  0
LINE
  8
0
 10
7.74936
 20
2.90837
 11
7.75241
 21
2.90694
  0
LINE
  8
0
 10
7.75241
 20
2.90694
 11
7.75542
 21
2.90536
  0
LINE
  8
0
 10
7.75542
 20
2.90536
 11
7.75835
 21
2.90367
  0
LINE
  8
0
 10
7.75835
 20
2.90367
 11
7.7612
 21
2.90186
  0
LINE
  8
0
 10
7.7612
 20
2.90186
 11
7.76398
 21
2.89993
  0
LINE
  8
0
 10
7.76398
 20
2.89993
 11
7.76666
 21
2.89789
  0
LINE
  8
0
 10
7.76666
 20
2.89789
 11
7.76927
 21
2.89574
  0
LINE
  8
0
 10
7.76927
 20
2.89574
 11
7.77177
 21
2.89348
  0
LINE
  8
0
 10
7.77177
 20
2.89348
 11
7.7742
 21
2.89111
  0
LINE
  8
0
 10
7.7742
 20
2.89111
 11
7.7765
 21
2.88864
  0
LINE
  8
0
 10
7.7765
 20
2.88864
 11
7.77872
 21
2.88608
  0
LINE
  8
0
 10
7.77872
 20
2.88608
 11
7.78082
 21
2.88344
  0
LINE
  8
0
 10
7.78082
 20
2.88344
 11
7.78281
 21
2.88071
  0
LINE
  8
0
 10
7.78281
 20
2.88071
 11
7.78468
 21
2.87788
  0
LINE
  8
0
 10
7.78468
 20
2.87788
 11
7.78642
 21
2.87498
  0
LINE
  8
0
 10
7.78642
 20
2.87498
 11
7.78806
 21
2.87202
  0
LINE
  8
0
 10
7.78806
 20
2.87202
 11
7.78957
 21
2.869
  0
LINE
  8
0
 10
7.78957
 20
2.869
 11
7.79094
 21
2.86592
  0
LINE
  8
0
 10
7.79094
 20
2.86592
 11
7.79218
 21
2.86278
  0
LINE
  8
0
 10
7.79218
 20
2.86278
 11
7.79329
 21
2.85957
  0
LINE
  8
0
 10
7.79329
 20
2.85957
 11
7.79427
 21
2.85634
  0
LINE
  8
0
 10
7.79427
 20
2.85634
 11
7.7951
 21
2.85307
  0
LINE
  8
0
 10
7.7951
 20
2.85307
 11
7.79581
 21
2.84976
  0
LINE
  8
0
 10
7.79581
 20
2.84976
 11
7.79637
 21
2.84644
  0
LINE
  8
0
 10
7.79637
 20
2.84644
 11
7.7968
 21
2.84308
  0
LINE
  8
0
 10
7.7968
 20
2.84308
 11
7.79709
 21
2.83971
  0
LINE
  8
0
 10
7.79709
 20
2.83971
 11
7.79723
 21
2.83633
  0
LINE
  8
0
 10
7.79723
 20
2.83633
 11
7.79723
 21
2.83295
  0
LINE
  8
0
 10
7.79723
 20
2.83295
 11
7.79709
 21
2.82957
  0
LINE
  8
0
 10
7.79709
 20
2.82957
 11
7.7968
 21
2.8262
  0
LINE
  8
0
 10
7.7968
 20
2.8262
 11
7.79637
 21
2.82285
  0
LINE
  8
0
 10
7.79637
 20
2.82285
 11
7.79581
 21
2.81952
  0
LINE
  8
0
 10
7.79581
 20
2.81952
 11
7.7951
 21
2.81621
  0
LINE
  8
0
 10
7.7951
 20
2.81621
 11
7.79427
 21
2.81293
  0
LINE
  8
0
 10
7.79427
 20
2.81293
 11
7.79329
 21
2.80969
  0
LINE
  8
0
 10
7.79329
 20
2.80969
 11
7.79218
 21
2.8065
  0
LINE
  8
0
 10
7.79218
 20
2.8065
 11
7.79094
 21
2.80336
  0
LINE
  8
0
 10
7.79094
 20
2.80336
 11
7.78957
 21
2.80028
  0
LINE
  8
0
 10
7.78957
 20
2.80028
 11
7.78806
 21
2.79724
  0
LINE
  8
0
 10
7.78806
 20
2.79724
 11
7.78642
 21
2.79428
  0
LINE
  8
0
 10
7.78642
 20
2.79428
 11
7.78468
 21
2.7914
  0
LINE
  8
0
 10
7.78468
 20
2.7914
 11
7.78281
 21
2.78857
  0
LINE
  8
0
 10
7.78281
 20
2.78857
 11
7.78082
 21
2.78584
  0
LINE
  8
0
 10
7.78082
 20
2.78584
 11
7.77872
 21
2.78319
  0
LINE
  8
0
 10
7.77872
 20
2.78319
 11
7.7765
 21
2.78064
  0
LINE
  8
0
 10
7.7765
 20
2.78064
 11
7.7742
 21
2.77817
  0
LINE
  8
0
 10
7.7742
 20
2.77817
 11
7.77177
 21
2.7758
  0
LINE
  8
0
 10
7.77177
 20
2.7758
 11
7.76927
 21
2.77354
  0
LINE
  8
0
 10
7.76927
 20
2.77354
 11
7.76666
 21
2.77139
  0
LINE
  8
0
 10
7.76666
 20
2.77139
 11
7.76398
 21
2.76935
  0
LINE
  8
0
 10
7.76398
 20
2.76935
 11
7.7612
 21
2.76741
  0
LINE
  8
0
 10
7.7612
 20
2.76741
 11
7.75835
 21
2.76561
  0
LINE
  8
0
 10
7.75835
 20
2.76561
 11
7.75542
 21
2.76392
  0
LINE
  8
0
 10
7.75542
 20
2.76392
 11
7.75241
 21
2.76234
  0
LINE
  8
0
 10
7.75241
 20
2.76234
 11
7.74936
 21
2.76091
  0
LINE
  8
0
 10
7.74936
 20
2.76091
 11
7.74625
 21
2.7596
  0
LINE
  8
0
 10
7.74625
 20
2.7596
 11
7.74307
 21
2.75842
  0
LINE
  8
0
 10
7.74307
 20
2.75842
 11
7.73985
 21
2.75737
  0
LINE
  8
0
 10
7.73985
 20
2.75737
 11
7.7366
 21
2.75647
  0
LINE
  8
0
 10
7.7366
 20
2.75647
 11
7.73331
 21
2.75569
  0
LINE
  8
0
 10
7.73331
 20
2.75569
 11
7.73
 21
2.75507
  0
LINE
  8
0
 10
7.73
 20
2.75507
 11
7.72665
 21
2.75456
  0
LINE
  8
0
 10
7.72665
 20
2.75456
 11
7.72328
 21
2.75421
  0
LINE
  8
0
 10
7.72328
 20
2.75421
 11
7.71991
 21
2.754
  0
LINE
  8
0
 10
7.71991
 20
2.754
 11
7.71654
 21
2.75392
  0
LINE
  8
0
 10
7.71654
 20
2.75392
 11
7.71315
 21
2.754
  0
LINE
  8
0
 10
-6.46007
 20
2.754
 11
-6.46344
 21
2.75421
  0
LINE
  8
0
 10
-6.46344
 20
2.75421
 11
-6.4668
 21
2.75456
  0
LINE
  8
0
 10
-6.4668
 20
2.75456
 11
-6.47015
 21
2.75507
  0
LINE
  8
0
 10
-6.47015
 20
2.75507
 11
-6.47346
 21
2.75569
  0
LINE
  8
0
 10
-6.47346
 20
2.75569
 11
-6.47676
 21
2.75647
  0
LINE
  8
0
 10
-6.47676
 20
2.75647
 11
-6.48001
 21
2.75737
  0
LINE
  8
0
 10
-6.48001
 20
2.75737
 11
-6.48323
 21
2.75842
  0
LINE
  8
0
 10
-6.48323
 20
2.75842
 11
-6.4864
 21
2.7596
  0
LINE
  8
0
 10
-6.4864
 20
2.7596
 11
-6.48952
 21
2.76091
  0
LINE
  8
0
 10
-6.48952
 20
2.76091
 11
-6.49257
 21
2.76234
  0
LINE
  8
0
 10
-6.49257
 20
2.76234
 11
-6.49557
 21
2.76392
  0
LINE
  8
0
 10
-6.49557
 20
2.76392
 11
-6.4985
 21
2.76561
  0
LINE
  8
0
 10
-6.4985
 20
2.76561
 11
-6.50136
 21
2.76741
  0
LINE
  8
0
 10
-6.50136
 20
2.76741
 11
-6.50414
 21
2.76935
  0
LINE
  8
0
 10
-6.50414
 20
2.76935
 11
-6.50682
 21
2.77139
  0
LINE
  8
0
 10
-6.50682
 20
2.77139
 11
-6.50943
 21
2.77354
  0
LINE
  8
0
 10
-6.50943
 20
2.77354
 11
-6.51193
 21
2.7758
  0
LINE
  8
0
 10
-6.51193
 20
2.7758
 11
-6.51436
 21
2.77817
  0
LINE
  8
0
 10
-6.51436
 20
2.77817
 11
-6.51666
 21
2.78064
  0
LINE
  8
0
 10
-6.51666
 20
2.78064
 11
-6.51888
 21
2.78319
  0
LINE
  8
0
 10
-6.51888
 20
2.78319
 11
-6.52098
 21
2.78584
  0
LINE
  8
0
 10
-6.52098
 20
2.78584
 11
-6.52296
 21
2.78857
  0
LINE
  8
0
 10
-6.52296
 20
2.78857
 11
-6.52483
 21
2.7914
  0
LINE
  8
0
 10
-6.52483
 20
2.7914
 11
-6.52658
 21
2.79428
  0
LINE
  8
0
 10
-6.52658
 20
2.79428
 11
-6.52821
 21
2.79724
  0
LINE
  8
0
 10
-6.52821
 20
2.79724
 11
-6.52971
 21
2.80028
  0
LINE
  8
0
 10
-6.52971
 20
2.80028
 11
-6.5311
 21
2.80336
  0
LINE
  8
0
 10
-6.5311
 20
2.80336
 11
-6.53233
 21
2.8065
  0
LINE
  8
0
 10
-6.53233
 20
2.8065
 11
-6.53345
 21
2.80969
  0
LINE
  8
0
 10
-6.53345
 20
2.80969
 11
-6.53442
 21
2.81293
  0
LINE
  8
0
 10
-6.53442
 20
2.81293
 11
-6.53526
 21
2.81621
  0
LINE
  8
0
 10
-6.53526
 20
2.81621
 11
-6.53596
 21
2.81952
  0
LINE
  8
0
 10
-6.53596
 20
2.81952
 11
-6.53653
 21
2.82285
  0
LINE
  8
0
 10
-6.53653
 20
2.82285
 11
-6.53696
 21
2.8262
  0
LINE
  8
0
 10
-6.53696
 20
2.8262
 11
-6.53723
 21
2.82957
  0
LINE
  8
0
 10
-6.53723
 20
2.82957
 11
-6.53738
 21
2.83295
  0
LINE
  8
0
 10
-6.53738
 20
2.83295
 11
-6.53738
 21
2.83633
  0
LINE
  8
0
 10
-6.53738
 20
2.83633
 11
-6.53723
 21
2.83971
  0
LINE
  8
0
 10
-6.53723
 20
2.83971
 11
-6.53696
 21
2.84308
  0
LINE
  8
0
 10
-6.53696
 20
2.84308
 11
-6.53653
 21
2.84644
  0
LINE
  8
0
 10
-6.53653
 20
2.84644
 11
-6.53596
 21
2.84976
  0
LINE
  8
0
 10
-6.53596
 20
2.84976
 11
-6.53526
 21
2.85307
  0
LINE
  8
0
 10
-6.53526
 20
2.85307
 11
-6.53442
 21
2.85634
  0
LINE
  8
0
 10
-6.53442
 20
2.85634
 11
-6.53345
 21
2.85957
  0
LINE
  8
0
 10
-6.53345
 20
2.85957
 11
-6.53233
 21
2.86278
  0
LINE
  8
0
 10
-6.53233
 20
2.86278
 11
-6.5311
 21
2.86592
  0
LINE
  8
0
 10
-6.5311
 20
2.86592
 11
-6.52971
 21
2.869
  0
LINE
  8
0
 10
-6.52971
 20
2.869
 11
-6.52821
 21
2.87202
  0
LINE
  8
0
 10
-6.52821
 20
2.87202
 11
-6.52658
 21
2.87498
  0
LINE
  8
0
 10
-6.52658
 20
2.87498
 11
-6.52483
 21
2.87788
  0
LINE
  8
0
 10
-6.52483
 20
2.87788
 11
-6.52296
 21
2.88071
  0
LINE
  8
0
 10
-6.52296
 20
2.88071
 11
-6.52098
 21
2.88344
  0
LINE
  8
0
 10
-6.52098
 20
2.88344
 11
-6.51888
 21
2.88608
  0
LINE
  8
0
 10
-6.51888
 20
2.88608
 11
-6.51666
 21
2.88864
  0
LINE
  8
0
 10
-6.51666
 20
2.88864
 11
-6.51436
 21
2.89111
  0
LINE
  8
0
 10
-6.51436
 20
2.89111
 11
-6.51193
 21
2.89348
  0
LINE
  8
0
 10
-6.51193
 20
2.89348
 11
-6.50943
 21
2.89574
  0
LINE
  8
0
 10
-6.50943
 20
2.89574
 11
-6.50682
 21
2.89789
  0
LINE
  8
0
 10
-6.50682
 20
2.89789
 11
-6.50414
 21
2.89993
  0
LINE
  8
0
 10
-6.50414
 20
2.89993
 11
-6.50136
 21
2.90186
  0
LINE
  8
0
 10
-6.50136
 20
2.90186
 11
-6.4985
 21
2.90367
  0
LINE
  8
0
 10
-6.4985
 20
2.90367
 11
-6.49557
 21
2.90536
  0
LINE
  8
0
 10
-6.49557
 20
2.90536
 11
-6.49257
 21
2.90694
  0
LINE
  8
0
 10
-6.49257
 20
2.90694
 11
-6.48952
 21
2.90837
  0
LINE
  8
0
 10
-6.48952
 20
2.90837
 11
-6.4864
 21
2.90968
  0
LINE
  8
0
 10
-6.4864
 20
2.90968
 11
-6.48323
 21
2.91086
  0
LINE
  8
0
 10
-6.48323
 20
2.91086
 11
-6.48001
 21
2.9119
  0
LINE
  8
0
 10
-6.48001
 20
2.9119
 11
-6.47676
 21
2.91281
  0
LINE
  8
0
 10
-6.47676
 20
2.91281
 11
-6.47346
 21
2.91359
  0
LINE
  8
0
 10
-6.47346
 20
2.91359
 11
-6.47015
 21
2.91422
  0
LINE
  8
0
 10
-6.47015
 20
2.91422
 11
-6.4668
 21
2.9147
  0
LINE
  8
0
 10
-6.4668
 20
2.9147
 11
-6.46344
 21
2.91507
  0
LINE
  8
0
 10
-6.46344
 20
2.91507
 11
-6.46007
 21
2.91528
  0
LINE
  8
0
 10
-6.46007
 20
2.91528
 11
-6.4567
 21
2.91534
  0
LINE
  8
0
 10
-6.4567
 20
2.91534
 11
-6.45331
 21
2.91528
  0
LINE
  8
0
 10
-6.45331
 20
2.91528
 11
-6.44994
 21
2.91507
  0
LINE
  8
0
 10
-6.44994
 20
2.91507
 11
-6.44658
 21
2.9147
  0
LINE
  8
0
 10
-6.44658
 20
2.9147
 11
-6.44324
 21
2.91422
  0
LINE
  8
0
 10
-6.44324
 20
2.91422
 11
-6.43991
 21
2.91359
  0
LINE
  8
0
 10
-6.43991
 20
2.91359
 11
-6.43661
 21
2.91281
  0
LINE
  8
0
 10
-6.43661
 20
2.91281
 11
-6.43336
 21
2.9119
  0
LINE
  8
0
 10
-6.43336
 20
2.9119
 11
-6.43015
 21
2.91086
  0
LINE
  8
0
 10
-6.43015
 20
2.91086
 11
-6.42697
 21
2.90968
  0
LINE
  8
0
 10
-6.42697
 20
2.90968
 11
-6.42386
 21
2.90837
  0
LINE
  8
0
 10
-6.42386
 20
2.90837
 11
-6.42081
 21
2.90694
  0
LINE
  8
0
 10
-6.42081
 20
2.90694
 11
-6.4178
 21
2.90536
  0
LINE
  8
0
 10
-6.4178
 20
2.90536
 11
-6.41489
 21
2.90367
  0
LINE
  8
0
 10
-6.41489
 20
2.90367
 11
-6.41203
 21
2.90186
  0
LINE
  8
0
 10
-6.41203
 20
2.90186
 11
-6.40926
 21
2.89993
  0
LINE
  8
0
 10
-6.40926
 20
2.89993
 11
-6.40656
 21
2.89789
  0
LINE
  8
0
 10
-6.40656
 20
2.89789
 11
-6.40395
 21
2.89574
  0
LINE
  8
0
 10
-6.40395
 20
2.89574
 11
-6.40144
 21
2.89348
  0
LINE
  8
0
 10
-6.40144
 20
2.89348
 11
-6.39903
 21
2.89111
  0
LINE
  8
0
 10
-6.39903
 20
2.89111
 11
-6.39671
 21
2.88864
  0
LINE
  8
0
 10
-6.39671
 20
2.88864
 11
-6.3945
 21
2.88608
  0
LINE
  8
0
 10
-6.3945
 20
2.88608
 11
-6.39241
 21
2.88344
  0
LINE
  8
0
 10
-6.39241
 20
2.88344
 11
-6.39041
 21
2.88071
  0
LINE
  8
0
 10
-6.39041
 20
2.88071
 11
-6.38855
 21
2.87788
  0
LINE
  8
0
 10
-6.38855
 20
2.87788
 11
-6.3868
 21
2.87498
  0
LINE
  8
0
 10
-6.3868
 20
2.87498
 11
-6.38516
 21
2.87202
  0
LINE
  8
0
 10
-6.38516
 20
2.87202
 11
-6.38367
 21
2.869
  0
LINE
  8
0
 10
-6.38367
 20
2.869
 11
-6.38229
 21
2.86592
  0
LINE
  8
0
 10
-6.38229
 20
2.86592
 11
-6.38104
 21
2.86278
  0
LINE
  8
0
 10
-6.38104
 20
2.86278
 11
-6.37993
 21
2.85957
  0
LINE
  8
0
 10
-6.37993
 20
2.85957
 11
-6.37895
 21
2.85634
  0
LINE
  8
0
 10
-6.37895
 20
2.85634
 11
-6.37811
 21
2.85307
  0
LINE
  8
0
 10
-6.37811
 20
2.85307
 11
-6.37741
 21
2.84976
  0
LINE
  8
0
 10
-6.37741
 20
2.84976
 11
-6.37685
 21
2.84644
  0
LINE
  8
0
 10
-6.37685
 20
2.84644
 11
-6.37642
 21
2.84308
  0
LINE
  8
0
 10
-6.37642
 20
2.84308
 11
-6.37614
 21
2.83971
  0
LINE
  8
0
 10
-6.37614
 20
2.83971
 11
-6.37599
 21
2.83633
  0
LINE
  8
0
 10
-6.37599
 20
2.83633
 11
-6.37599
 21
2.83295
  0
LINE
  8
0
 10
-6.37599
 20
2.83295
 11
-6.37614
 21
2.82957
  0
LINE
  8
0
 10
-6.37614
 20
2.82957
 11
-6.37642
 21
2.8262
  0
LINE
  8
0
 10
-6.37642
 20
2.8262
 11
-6.37685
 21
2.82285
  0
LINE
  8
0
 10
-6.37685
 20
2.82285
 11
-6.37741
 21
2.81952
  0
LINE
  8
0
 10
-6.37741
 20
2.81952
 11
-6.37811
 21
2.81621
  0
LINE
  8
0
 10
-6.37811
 20
2.81621
 11
-6.37895
 21
2.81293
  0
LINE
  8
0
 10
-6.37895
 20
2.81293
 11
-6.37993
 21
2.80969
  0
LINE
  8
0
 10
-6.37993
 20
2.80969
 11
-6.38104
 21
2.8065
  0
LINE
  8
0
 10
-6.38104
 20
2.8065
 11
-6.38229
 21
2.80336
  0
LINE
  8
0
 10
-6.38229
 20
2.80336
 11
-6.38367
 21
2.80028
  0
LINE
  8
0
 10
-6.38367
 20
2.80028
 11
-6.38516
 21
2.79724
  0
LINE
  8
0
 10
-6.38516
 20
2.79724
 11
-6.3868
 21
2.79428
  0
LINE
  8
0
 10
-6.3868
 20
2.79428
 11
-6.38855
 21
2.7914
  0
LINE
  8
0
 10
-6.38855
 20
2.7914
 11
-6.39041
 21
2.78857
  0
LINE
  8
0
 10
-6.39041
 20
2.78857
 11
-6.39241
 21
2.78584
  0
LINE
  8
0
 10
-6.39241
 20
2.78584
 11
-6.3945
 21
2.78319
  0
LINE
  8
0
 10
-6.3945
 20
2.78319
 11
-6.39671
 21
2.78064
  0
LINE
  8
0
 10
-6.39671
 20
2.78064
 11
-6.39903
 21
2.77817
  0
LINE
  8
0
 10
-6.39903
 20
2.77817
 11
-6.40144
 21
2.7758
  0
LINE
  8
0
 10
-6.40144
 20
2.7758
 11
-6.40395
 21
2.77354
  0
LINE
  8
0
 10
-6.40395
 20
2.77354
 11
-6.40656
 21
2.77139
  0
LINE
  8
0
 10
-6.40656
 20
2.77139
 11
-6.40926
 21
2.76935
  0
LINE
  8
0
 10
-6.40926
 20
2.76935
 11
-6.41203
 21
2.76741
  0
LINE
  8
0
 10
-6.41203
 20
2.76741
 11
-6.41489
 21
2.76561
  0
LINE
  8
0
 10
-6.41489
 20
2.76561
 11
-6.4178
 21
2.76392
  0
LINE
  8
0
 10
-6.4178
 20
2.76392
 11
-6.42081
 21
2.76234
  0
LINE
  8
0
 10
-6.42081
 20
2.76234
 11
-6.42386
 21
2.76091
  0
LINE
  8
0
 10
-6.42386
 20
2.76091
 11
-6.42697
 21
2.7596
  0
LINE
  8
0
 10
-6.42697
 20
2.7596
 11
-6.43015
 21
2.75842
  0
LINE
  8
0
 10
-6.43015
 20
2.75842
 11
-6.43336
 21
2.75737
  0
LINE
  8
0
 10
-6.43336
 20
2.75737
 11
-6.43661
 21
2.75647
  0
LINE
  8
0
 10
-6.43661
 20
2.75647
 11
-6.43991
 21
2.75569
  0
LINE
  8
0
 10
-6.43991
 20
2.75569
 11
-6.44324
 21
2.75507
  0
LINE
  8
0
 10
-6.44324
 20
2.75507
 11
-6.44658
 21
2.75456
  0
LINE
  8
0
 10
-6.44658
 20
2.75456
 11
-6.44994
 21
2.75421
  0
LINE
  8
0
 10
-6.44994
 20
2.75421
 11
-6.45331
 21
2.754
  0
LINE
  8
0
 10
-6.45331
 20
2.754
 11
-6.4567
 21
2.75392
  0
LINE
  8
0
 10
-6.4567
 20
2.75392
 11
-6.46007
 21
2.754
  0
LINE
  8
0
 10
-7.71991
 20
2.754
 11
-7.72328
 21
2.75421
  0
LINE
  8
0
 10
-7.72328
 20
2.75421
 11
-7.72665
 21
2.75456
  0
LINE
  8
0
 10
-7.72665
 20
2.75456
 11
-7.73
 21
2.75507
  0
LINE
  8
0
 10
-7.73
 20
2.75507
 11
-7.73331
 21
2.75569
  0
LINE
  8
0
 10
-7.73331
 20
2.75569
 11
-7.7366
 21
2.75647
  0
LINE
  8
0
 10
-7.7366
 20
2.75647
 11
-7.73985
 21
2.75737
  0
LINE
  8
0
 10
-7.73985
 20
2.75737
 11
-7.74307
 21
2.75842
  0
LINE
  8
0
 10
-7.74307
 20
2.75842
 11
-7.74625
 21
2.7596
  0
LINE
  8
0
 10
-7.74625
 20
2.7596
 11
-7.74936
 21
2.76091
  0
LINE
  8
0
 10
-7.74936
 20
2.76091
 11
-7.75241
 21
2.76234
  0
LINE
  8
0
 10
-7.75241
 20
2.76234
 11
-7.75542
 21
2.76392
  0
LINE
  8
0
 10
-7.75542
 20
2.76392
 11
-7.75835
 21
2.76561
  0
LINE
  8
0
 10
-7.75835
 20
2.76561
 11
-7.7612
 21
2.76741
  0
LINE
  8
0
 10
-7.7612
 20
2.76741
 11
-7.76398
 21
2.76935
  0
LINE
  8
0
 10
-7.76398
 20
2.76935
 11
-7.76666
 21
2.77139
  0
LINE
  8
0
 10
-7.76666
 20
2.77139
 11
-7.76927
 21
2.77354
  0
LINE
  8
0
 10
-7.76927
 20
2.77354
 11
-7.77177
 21
2.7758
  0
LINE
  8
0
 10
-7.77177
 20
2.7758
 11
-7.7742
 21
2.77817
  0
LINE
  8
0
 10
-7.7742
 20
2.77817
 11
-7.7765
 21
2.78064
  0
LINE
  8
0
 10
-7.7765
 20
2.78064
 11
-7.77872
 21
2.78319
  0
LINE
  8
0
 10
-7.77872
 20
2.78319
 11
-7.78082
 21
2.78584
  0
LINE
  8
0
 10
-7.78082
 20
2.78584
 11
-7.78281
 21
2.78857
  0
LINE
  8
0
 10
-7.78281
 20
2.78857
 11
-7.78468
 21
2.7914
  0
LINE
  8
0
 10
-7.78468
 20
2.7914
 11
-7.78642
 21
2.79428
  0
LINE
  8
0
 10
-7.78642
 20
2.79428
 11
-7.78806
 21
2.79724
  0
LINE
  8
0
 10
-7.78806
 20
2.79724
 11
-7.78957
 21
2.80028
  0
LINE
  8
0
 10
-7.78957
 20
2.80028
 11
-7.79094
 21
2.80336
  0
LINE
  8
0
 10
-7.79094
 20
2.80336
 11
-7.79218
 21
2.8065
  0
LINE
  8
0
 10
-7.79218
 20
2.8065
 11
-7.79329
 21
2.80969
  0
LINE
  8
0
 10
-7.79329
 20
2.80969
 11
-7.79427
 21
2.81293
  0
LINE
  8
0
 10
-7.79427
 20
2.81293
 11
-7.7951
 21
2.81621
  0
LINE
  8
0
 10
-7.7951
 20
2.81621
 11
-7.79581
 21
2.81952
  0
LINE
  8
0
 10
-7.79581
 20
2.81952
 11
-7.79637
 21
2.82285
  0
LINE
  8
0
 10
-7.79637
 20
2.82285
 11
-7.7968
 21
2.8262
  0
LINE
  8
0
 10
-7.7968
 20
2.8262
 11
-7.79709
 21
2.82957
  0
LINE
  8
0
 10
-7.79709
 20
2.82957
 11
-7.79723
 21
2.83295
  0
LINE
  8
0
 10
-7.79723
 20
2.83295
 11
-7.79723
 21
2.83633
  0
LINE
  8
0
 10
-7.79723
 20
2.83633
 11
-7.79709
 21
2.83971
  0
LINE
  8
0
 10
-7.79709
 20
2.83971
 11
-7.7968
 21
2.84308
  0
LINE
  8
0
 10
-7.7968
 20
2.84308
 11
-7.79637
 21
2.84644
  0
LINE
  8
0
 10
-7.79637
 20
2.84644
 11
-7.79581
 21
2.84976
  0
LINE
  8
0
 10
-7.79581
 20
2.84976
 11
-7.7951
 21
2.85307
  0
LINE
  8
0
 10
-7.7951
 20
2.85307
 11
-7.79427
 21
2.85634
  0
LINE
  8
0
 10
-7.79427
 20
2.85634
 11
-7.79329
 21
2.85957
  0
LINE
  8
0
 10
-7.79329
 20
2.85957
 11
-7.79218
 21
2.86278
  0
LINE
  8
0
 10
-7.79218
 20
2.86278
 11
-7.79094
 21
2.86592
  0
LINE
  8
0
 10
-7.79094
 20
2.86592
 11
-7.78957
 21
2.869
  0
LINE
  8
0
 10
-7.78957
 20
2.869
 11
-7.78806
 21
2.87202
  0
LINE
  8
0
 10
-7.78806
 20
2.87202
 11
-7.78642
 21
2.87498
  0
LINE
  8
0
 10
-7.78642
 20
2.87498
 11
-7.78468
 21
2.87788
  0
LINE
  8
0
 10
-7.78468
 20
2.87788
 11
-7.78281
 21
2.88071
  0
LINE
  8
0
 10
-7.78281
 20
2.88071
 11
-7.78082
 21
2.88344
  0
LINE
  8
0
 10
-7.78082
 20
2.88344
 11
-7.77872
 21
2.88608
  0
LINE
  8
0
 10
-7.77872
 20
2.88608
 11
-7.7765
 21
2.88864
  0
LINE
  8
0
 10
-7.7765
 20
2.88864
 11
-7.7742
 21
2.89111
  0
LINE
  8
0
 10
-7.7742
 20
2.89111
 11
-7.77177
 21
2.89348
  0
LINE
  8
0
 10
-7.77177
 20
2.89348
 11
-7.76927
 21
2.89574
  0
LINE
  8
0
 10
-7.76927
 20
2.89574
 11
-7.76666
 21
2.89789
  0
LINE
  8
0
 10
-7.76666
 20
2.89789
 11
-7.76398
 21
2.89993
  0
LINE
  8
0
 10
-7.76398
 20
2.89993
 11
-7.7612
 21
2.90186
  0
LINE
  8
0
 10
-7.7612
 20
2.90186
 11
-7.75835
 21
2.90367
  0
LINE
  8
0
 10
-7.75835
 20
2.90367
 11
-7.75542
 21
2.90536
  0
LINE
  8
0
 10
-7.75542
 20
2.90536
 11
-7.75241
 21
2.90694
  0
LINE
  8
0
 10
-7.75241
 20
2.90694
 11
-7.74936
 21
2.90837
  0
LINE
  8
0
 10
-7.74936
 20
2.90837
 11
-7.74625
 21
2.90968
  0
LINE
  8
0
 10
-7.74625
 20
2.90968
 11
-7.74307
 21
2.91086
  0
LINE
  8
0
 10
-7.74307
 20
2.91086
 11
-7.73985
 21
2.9119
  0
LINE
  8
0
 10
-7.73985
 20
2.9119
 11
-7.7366
 21
2.91281
  0
LINE
  8
0
 10
-7.7366
 20
2.91281
 11
-7.73331
 21
2.91359
  0
LINE
  8
0
 10
-7.73331
 20
2.91359
 11
-7.73
 21
2.91422
  0
LINE
  8
0
 10
-7.73
 20
2.91422
 11
-7.72665
 21
2.9147
  0
LINE
  8
0
 10
-7.72665
 20
2.9147
 11
-7.72328
 21
2.91507
  0
LINE
  8
0
 10
-7.72328
 20
2.91507
 11
-7.71991
 21
2.91528
  0
LINE
  8
0
 10
-7.71991
 20
2.91528
 11
-7.71654
 21
2.91534
  0
LINE
  8
0
 10
-7.71654
 20
2.91534
 11
-7.71315
 21
2.91528
  0
LINE
  8
0
 10
-7.71315
 20
2.91528
 11
-7.70978
 21
2.91507
  0
LINE
  8
0
 10
-7.70978
 20
2.91507
 11
-7.70642
 21
2.9147
  0
LINE
  8
0
 10
-7.70642
 20
2.9147
 11
-7.70308
 21
2.91422
  0
LINE
  8
0
 10
-7.70308
 20
2.91422
 11
-7.69975
 21
2.91359
  0
LINE
  8
0
 10
-7.69975
 20
2.91359
 11
-7.69646
 21
2.91281
  0
LINE
  8
0
 10
-7.69646
 20
2.91281
 11
-7.69321
 21
2.9119
  0
LINE
  8
0
 10
-7.69321
 20
2.9119
 11
-7.68999
 21
2.91086
  0
LINE
  8
0
 10
-7.68999
 20
2.91086
 11
-7.68683
 21
2.90968
  0
LINE
  8
0
 10
-7.68683
 20
2.90968
 11
-7.6837
 21
2.90837
  0
LINE
  8
0
 10
-7.6837
 20
2.90837
 11
-7.68065
 21
2.90694
  0
LINE
  8
0
 10
-7.68065
 20
2.90694
 11
-7.67766
 21
2.90536
  0
LINE
  8
0
 10
-7.67766
 20
2.90536
 11
-7.67473
 21
2.90367
  0
LINE
  8
0
 10
-7.67473
 20
2.90367
 11
-7.67188
 21
2.90186
  0
LINE
  8
0
 10
-7.67188
 20
2.90186
 11
-7.6691
 21
2.89993
  0
LINE
  8
0
 10
-7.6691
 20
2.89993
 11
-7.6664
 21
2.89789
  0
LINE
  8
0
 10
-7.6664
 20
2.89789
 11
-7.6638
 21
2.89574
  0
LINE
  8
0
 10
-7.6638
 20
2.89574
 11
-7.66129
 21
2.89348
  0
LINE
  8
0
 10
-7.66129
 20
2.89348
 11
-7.65887
 21
2.89111
  0
LINE
  8
0
 10
-7.65887
 20
2.89111
 11
-7.65656
 21
2.88864
  0
LINE
  8
0
 10
-7.65656
 20
2.88864
 11
-7.65434
 21
2.88608
  0
LINE
  8
0
 10
-7.65434
 20
2.88608
 11
-7.65225
 21
2.88344
  0
LINE
  8
0
 10
-7.65225
 20
2.88344
 11
-7.65025
 21
2.88071
  0
LINE
  8
0
 10
-7.65025
 20
2.88071
 11
-7.64839
 21
2.87788
  0
LINE
  8
0
 10
-7.64839
 20
2.87788
 11
-7.64664
 21
2.87498
  0
LINE
  8
0
 10
-7.64664
 20
2.87498
 11
-7.645
 21
2.87202
  0
LINE
  8
0
 10
-7.645
 20
2.87202
 11
-7.64351
 21
2.869
  0
LINE
  8
0
 10
-7.64351
 20
2.869
 11
-7.64214
 21
2.86592
  0
LINE
  8
0
 10
-7.64214
 20
2.86592
 11
-7.64088
 21
2.86278
  0
LINE
  8
0
 10
-7.64088
 20
2.86278
 11
-7.63977
 21
2.85957
  0
LINE
  8
0
 10
-7.63977
 20
2.85957
 11
-7.63879
 21
2.85634
  0
LINE
  8
0
 10
-7.63879
 20
2.85634
 11
-7.63795
 21
2.85307
  0
LINE
  8
0
 10
-7.63795
 20
2.85307
 11
-7.63725
 21
2.84976
  0
LINE
  8
0
 10
-7.63725
 20
2.84976
 11
-7.63669
 21
2.84644
  0
LINE
  8
0
 10
-7.63669
 20
2.84644
 11
-7.63626
 21
2.84308
  0
LINE
  8
0
 10
-7.63626
 20
2.84308
 11
-7.63599
 21
2.83971
  0
LINE
  8
0
 10
-7.63599
 20
2.83971
 11
-7.63585
 21
2.83633
  0
LINE
  8
0
 10
-7.63585
 20
2.83633
 11
-7.63585
 21
2.83295
  0
LINE
  8
0
 10
-7.63585
 20
2.83295
 11
-7.63599
 21
2.82957
  0
LINE
  8
0
 10
-7.63599
 20
2.82957
 11
-7.63626
 21
2.8262
  0
LINE
  8
0
 10
-7.63626
 20
2.8262
 11
-7.63669
 21
2.82285
  0
LINE
  8
0
 10
-7.63669
 20
2.82285
 11
-7.63725
 21
2.81952
  0
LINE
  8
0
 10
-7.63725
 20
2.81952
 11
-7.63795
 21
2.81621
  0
LINE
  8
0
 10
-7.63795
 20
2.81621
 11
-7.63879
 21
2.81293
  0
LINE
  8
0
 10
-7.63879
 20
2.81293
 11
-7.63977
 21
2.80969
  0
LINE
  8
0
 10
-7.63977
 20
2.80969
 11
-7.64088
 21
2.8065
  0
LINE
  8
0
 10
-7.64088
 20
2.8065
 11
-7.64214
 21
2.80336
  0
LINE
  8
0
 10
-7.64214
 20
2.80336
 11
-7.64351
 21
2.80028
  0
LINE
  8
0
 10
-7.64351
 20
2.80028
 11
-7.645
 21
2.79724
  0
LINE
  8
0
 10
-7.645
 20
2.79724
 11
-7.64664
 21
2.79428
  0
LINE
  8
0
 10
-7.64664
 20
2.79428
 11
-7.64839
 21
2.7914
  0
LINE
  8
0
 10
-7.64839
 20
2.7914
 11
-7.65025
 21
2.78857
  0
LINE
  8
0
 10
-7.65025
 20
2.78857
 11
-7.65225
 21
2.78584
  0
LINE
  8
0
 10
-7.65225
 20
2.78584
 11
-7.65434
 21
2.78319
  0
LINE
  8
0
 10
-7.65434
 20
2.78319
 11
-7.65656
 21
2.78064
  0
LINE
  8
0
 10
-7.65656
 20
2.78064
 11
-7.65887
 21
2.77817
  0
LINE
  8
0
 10
-7.65887
 20
2.77817
 11
-7.66129
 21
2.7758
  0
LINE
  8
0
 10
-7.66129
 20
2.7758
 11
-7.6638
 21
2.77354
  0
LINE
  8
0
 10
-7.6638
 20
2.77354
 11
-7.6664
 21
2.77139
  0
LINE
  8
0
 10
-7.6664
 20
2.77139
 11
-7.6691
 21
2.76935
  0
LINE
  8
0
 10
-7.6691
 20
2.76935
 11
-7.67188
 21
2.76741
  0
LINE
  8
0
 10
-7.67188
 20
2.76741
 11
-7.67473
 21
2.76561
  0
LINE
  8
0
 10
-7.67473
 20
2.76561
 11
-7.67766
 21
2.76392
  0
LINE
  8
0
 10
-7.67766
 20
2.76392
 11
-7.68065
 21
2.76234
  0
LINE
  8
0
 10
-7.68065
 20
2.76234
 11
-7.6837
 21
2.76091
  0
LINE
  8
0
 10
-7.6837
 20
2.76091
 11
-7.68683
 21
2.7596
  0
LINE
  8
0
 10
-7.68683
 20
2.7596
 11
-7.68999
 21
2.75842
  0
LINE
  8
0
 10
-7.68999
 20
2.75842
 11
-7.69321
 21
2.75737
  0
LINE
  8
0
 10
-7.69321
 20
2.75737
 11
-7.69646
 21
2.75647
  0
LINE
  8
0
 10
-7.69646
 20
2.75647
 11
-7.69975
 21
2.75569
  0
LINE
  8
0
 10
-7.69975
 20
2.75569
 11
-7.70308
 21
2.75507
  0
LINE
  8
0
 10
-7.70308
 20
2.75507
 11
-7.70642
 21
2.75456
  0
LINE
  8
0
 10
-7.70642
 20
2.75456
 11
-7.70978
 21
2.75421
  0
LINE
  8
0
 10
-7.70978
 20
2.75421
 11
-7.71315
 21
2.754
  0
LINE
  8
0
 10
-7.71315
 20
2.754
 11
-7.71654
 21
2.75392
  0
LINE
  8
0
 10
-7.71654
 20
2.75392
 11
-7.71991
 21
2.754
  0
LINE
  8
0
 10
0.155777
 20
2.75395
 11
0.152405
 21
2.75409
  0
LINE
  8
0
 10
0.152405
 20
2.75409
 11
0.149033
 21
2.75438
  0
LINE
  8
0
 10
0.149033
 20
2.75438
 11
0.145676
 21
2.75479
  0
LINE
  8
0
 10
0.145676
 20
2.75479
 11
0.142349
 21
2.75536
  0
LINE
  8
0
 10
0.142349
 20
2.75536
 11
0.139038
 21
2.75606
  0
LINE
  8
0
 10
0.139038
 20
2.75606
 11
0.135773
 21
2.7569
  0
LINE
  8
0
 10
0.135773
 20
2.7569
 11
0.132538
 21
2.75787
  0
LINE
  8
0
 10
0.132538
 20
2.75787
 11
0.129333
 21
2.75899
  0
LINE
  8
0
 10
0.129333
 20
2.75899
 11
0.12619
 21
2.76024
  0
LINE
  8
0
 10
0.12619
 20
2.76024
 11
0.123108
 21
2.76161
  0
LINE
  8
0
 10
0.123108
 20
2.76161
 11
0.120087
 21
2.76311
  0
LINE
  8
0
 10
0.120087
 20
2.76311
 11
0.117111
 21
2.76474
  0
LINE
  8
0
 10
0.117111
 20
2.76474
 11
0.114227
 21
2.76649
  0
LINE
  8
0
 10
0.114227
 20
2.76649
 11
0.111404
 21
2.76837
  0
LINE
  8
0
 10
0.111404
 20
2.76837
 11
0.108673
 21
2.77036
  0
LINE
  8
0
 10
0.108673
 20
2.77036
 11
0.106033
 21
2.77245
  0
LINE
  8
0
 10
0.106033
 20
2.77245
 11
0.10347
 21
2.77466
  0
LINE
  8
0
 10
0.10347
 20
2.77466
 11
0.100998
 21
2.77698
  0
LINE
  8
0
 10
0.100998
 20
2.77698
 11
0.0986328
 21
2.77939
  0
LINE
  8
0
 10
0.0986328
 20
2.77939
 11
0.0963745
 21
2.78191
  0
LINE
  8
0
 10
0.0963745
 20
2.78191
 11
0.094223
 21
2.7845
  0
LINE
  8
0
 10
0.094223
 20
2.7845
 11
0.0921783
 21
2.7872
  0
LINE
  8
0
 10
0.0921783
 20
2.7872
 11
0.0902405
 21
2.78998
  0
LINE
  8
0
 10
0.0902405
 20
2.78998
 11
0.0884399
 21
2.79283
  0
LINE
  8
0
 10
0.0884399
 20
2.79283
 11
0.0867462
 21
2.79576
  0
LINE
  8
0
 10
0.0867462
 20
2.79576
 11
0.0851746
 21
2.79875
  0
LINE
  8
0
 10
0.0851746
 20
2.79875
 11
0.0837402
 21
2.80182
  0
LINE
  8
0
 10
0.0837402
 20
2.80182
 11
0.082428
 21
2.80493
  0
LINE
  8
0
 10
0.082428
 20
2.80493
 11
0.0812531
 21
2.80809
  0
LINE
  8
0
 10
0.0812531
 20
2.80809
 11
0.0802002
 21
2.81131
  0
LINE
  8
0
 10
0.0802002
 20
2.81131
 11
0.0792999
 21
2.81456
  0
LINE
  8
0
 10
0.0792999
 20
2.81456
 11
0.0785217
 21
2.81786
  0
LINE
  8
0
 10
0.0785217
 20
2.81786
 11
0.0778961
 21
2.82118
  0
LINE
  8
0
 10
0.0778961
 20
2.82118
 11
0.0773926
 21
2.82452
  0
LINE
  8
0
 10
0.0773926
 20
2.82452
 11
0.0770416
 21
2.82788
  0
LINE
  8
0
 10
0.0770416
 20
2.82788
 11
0.076828
 21
2.83125
  0
LINE
  8
0
 10
0.076828
 20
2.83125
 11
0.076767
 21
2.83464
  0
LINE
  8
0
 10
0.076767
 20
2.83464
 11
0.076828
 21
2.83801
  0
LINE
  8
0
 10
0.076828
 20
2.83801
 11
0.0770416
 21
2.84138
  0
LINE
  8
0
 10
0.0770416
 20
2.84138
 11
0.0773926
 21
2.84476
  0
LINE
  8
0
 10
0.0773926
 20
2.84476
 11
0.0778961
 21
2.8481
  0
LINE
  8
0
 10
0.0778961
 20
2.8481
 11
0.0785217
 21
2.85143
  0
LINE
  8
0
 10
0.0785217
 20
2.85143
 11
0.0792999
 21
2.85471
  0
LINE
  8
0
 10
0.0792999
 20
2.85471
 11
0.0802002
 21
2.85797
  0
LINE
  8
0
 10
0.0802002
 20
2.85797
 11
0.0812531
 21
2.86118
  0
LINE
  8
0
 10
0.0812531
 20
2.86118
 11
0.082428
 21
2.86435
  0
LINE
  8
0
 10
0.082428
 20
2.86435
 11
0.0837402
 21
2.86746
  0
LINE
  8
0
 10
0.0837402
 20
2.86746
 11
0.0851746
 21
2.87053
  0
LINE
  8
0
 10
0.0851746
 20
2.87053
 11
0.0867462
 21
2.87352
  0
LINE
  8
0
 10
0.0867462
 20
2.87352
 11
0.0884399
 21
2.87645
  0
LINE
  8
0
 10
0.0884399
 20
2.87645
 11
0.0902405
 21
2.8793
  0
LINE
  8
0
 10
0.0902405
 20
2.8793
 11
0.0921783
 21
2.88208
  0
LINE
  8
0
 10
0.0921783
 20
2.88208
 11
0.094223
 21
2.88477
  0
LINE
  8
0
 10
0.094223
 20
2.88477
 11
0.0963745
 21
2.88737
  0
LINE
  8
0
 10
0.0963745
 20
2.88737
 11
0.0986328
 21
2.88989
  0
LINE
  8
0
 10
0.0986328
 20
2.88989
 11
0.100998
 21
2.8923
  0
LINE
  8
0
 10
0.100998
 20
2.8923
 11
0.10347
 21
2.89462
  0
LINE
  8
0
 10
0.10347
 20
2.89462
 11
0.106033
 21
2.89682
  0
LINE
  8
0
 10
0.106033
 20
2.89682
 11
0.108673
 21
2.89893
  0
LINE
  8
0
 10
0.108673
 20
2.89893
 11
0.111404
 21
2.90091
  0
LINE
  8
0
 10
0.111404
 20
2.90091
 11
0.114227
 21
2.90279
  0
LINE
  8
0
 10
0.114227
 20
2.90279
 11
0.117111
 21
2.90454
  0
LINE
  8
0
 10
0.117111
 20
2.90454
 11
0.120087
 21
2.90616
  0
LINE
  8
0
 10
0.120087
 20
2.90616
 11
0.123108
 21
2.90767
  0
LINE
  8
0
 10
0.123108
 20
2.90767
 11
0.12619
 21
2.90904
  0
LINE
  8
0
 10
0.12619
 20
2.90904
 11
0.129333
 21
2.91028
  0
LINE
  8
0
 10
0.129333
 20
2.91028
 11
0.132538
 21
2.91139
  0
LINE
  8
0
 10
0.132538
 20
2.91139
 11
0.135773
 21
2.91237
  0
LINE
  8
0
 10
0.135773
 20
2.91237
 11
0.139038
 21
2.91321
  0
LINE
  8
0
 10
0.139038
 20
2.91321
 11
0.142349
 21
2.91391
  0
LINE
  8
0
 10
0.142349
 20
2.91391
 11
0.145676
 21
2.91447
  0
LINE
  8
0
 10
0.145676
 20
2.91447
 11
0.149033
 21
2.9149
  0
LINE
  8
0
 10
0.149033
 20
2.9149
 11
0.152405
 21
2.91519
  0
LINE
  8
0
 10
0.152405
 20
2.91519
 11
0.155777
 21
2.91533
  0
LINE
  8
0
 10
0.155777
 20
2.91533
 11
0.159164
 21
2.91533
  0
LINE
  8
0
 10
0.159164
 20
2.91533
 11
0.162537
 21
2.91519
  0
LINE
  8
0
 10
0.162537
 20
2.91519
 11
0.165909
 21
2.9149
  0
LINE
  8
0
 10
0.165909
 20
2.9149
 11
0.169266
 21
2.91447
  0
LINE
  8
0
 10
0.169266
 20
2.91447
 11
0.172592
 21
2.91391
  0
LINE
  8
0
 10
0.172592
 20
2.91391
 11
0.175903
 21
2.91321
  0
LINE
  8
0
 10
0.175903
 20
2.91321
 11
0.179169
 21
2.91237
  0
LINE
  8
0
 10
0.179169
 20
2.91237
 11
0.182419
 21
2.91139
  0
LINE
  8
0
 10
0.182419
 20
2.91139
 11
0.185608
 21
2.91028
  0
LINE
  8
0
 10
0.185608
 20
2.91028
 11
0.188751
 21
2.90904
  0
LINE
  8
0
 10
0.188751
 20
2.90904
 11
0.191833
 21
2.90767
  0
LINE
  8
0
 10
0.191833
 20
2.90767
 11
0.19487
 21
2.90616
  0
LINE
  8
0
 10
0.19487
 20
2.90616
 11
0.19783
 21
2.90454
  0
LINE
  8
0
 10
0.19783
 20
2.90454
 11
0.200714
 21
2.90279
  0
LINE
  8
0
 10
0.200714
 20
2.90279
 11
0.203537
 21
2.90091
  0
LINE
  8
0
 10
0.203537
 20
2.90091
 11
0.206268
 21
2.89893
  0
LINE
  8
0
 10
0.206268
 20
2.89893
 11
0.208923
 21
2.89682
  0
LINE
  8
0
 10
0.208923
 20
2.89682
 11
0.211472
 21
2.89462
  0
LINE
  8
0
 10
0.211472
 20
2.89462
 11
0.213943
 21
2.8923
  0
LINE
  8
0
 10
0.213943
 20
2.8923
 11
0.216309
 21
2.88989
  0
LINE
  8
0
 10
0.216309
 20
2.88989
 11
0.218567
 21
2.88737
  0
LINE
  8
0
 10
0.218567
 20
2.88737
 11
0.220718
 21
2.88477
  0
LINE
  8
0
 10
0.220718
 20
2.88477
 11
0.222763
 21
2.88208
  0
LINE
  8
0
 10
0.222763
 20
2.88208
 11
0.224701
 21
2.8793
  0
LINE
  8
0
 10
0.224701
 20
2.8793
 11
0.226501
 21
2.87645
  0
LINE
  8
0
 10
0.226501
 20
2.87645
 11
0.228195
 21
2.87352
  0
LINE
  8
0
 10
0.228195
 20
2.87352
 11
0.229767
 21
2.87053
  0
LINE
  8
0
 10
0.229767
 20
2.87053
 11
0.231201
 21
2.86746
  0
LINE
  8
0
 10
0.231201
 20
2.86746
 11
0.232513
 21
2.86435
  0
LINE
  8
0
 10
0.232513
 20
2.86435
 11
0.233688
 21
2.86118
  0
LINE
  8
0
 10
0.233688
 20
2.86118
 11
0.234741
 21
2.85797
  0
LINE
  8
0
 10
0.234741
 20
2.85797
 11
0.235641
 21
2.85471
  0
LINE
  8
0
 10
0.235641
 20
2.85471
 11
0.23642
 21
2.85143
  0
LINE
  8
0
 10
0.23642
 20
2.85143
 11
0.237045
 21
2.8481
  0
LINE
  8
0
 10
0.237045
 20
2.8481
 11
0.237549
 21
2.84476
  0
LINE
  8
0
 10
0.237549
 20
2.84476
 11
0.2379
 21
2.84138
  0
LINE
  8
0
 10
0.2379
 20
2.84138
 11
0.238113
 21
2.83801
  0
LINE
  8
0
 10
0.238113
 20
2.83801
 11
0.238174
 21
2.83464
  0
LINE
  8
0
 10
0.238174
 20
2.83464
 11
0.238113
 21
2.83125
  0
LINE
  8
0
 10
0.238113
 20
2.83125
 11
0.2379
 21
2.82788
  0
LINE
  8
0
 10
0.2379
 20
2.82788
 11
0.237549
 21
2.82452
  0
LINE
  8
0
 10
0.237549
 20
2.82452
 11
0.237045
 21
2.82118
  0
LINE
  8
0
 10
0.237045
 20
2.82118
 11
0.23642
 21
2.81786
  0
LINE
  8
0
 10
0.23642
 20
2.81786
 11
0.235641
 21
2.81456
  0
LINE
  8
0
 10
0.235641
 20
2.81456
 11
0.234741
 21
2.81131
  0
LINE
  8
0
 10
0.234741
 20
2.81131
 11
0.233688
 21
2.80809
  0
LINE
  8
0
 10
0.233688
 20
2.80809
 11
0.232513
 21
2.80493
  0
LINE
  8
0
 10
0.232513
 20
2.80493
 11
0.231201
 21
2.80182
  0
LINE
  8
0
 10
0.231201
 20
2.80182
 11
0.229767
 21
2.79875
  0
LINE
  8
0
 10
0.229767
 20
2.79875
 11
0.228195
 21
2.79576
  0
LINE
  8
0
 10
0.228195
 20
2.79576
 11
0.226501
 21
2.79283
  0
LINE
  8
0
 10
0.226501
 20
2.79283
 11
0.224701
 21
2.78998
  0
LINE
  8
0
 10
0.224701
 20
2.78998
 11
0.222763
 21
2.7872
  0
LINE
  8
0
 10
0.222763
 20
2.7872
 11
0.220718
 21
2.7845
  0
LINE
  8
0
 10
0.220718
 20
2.7845
 11
0.218567
 21
2.78191
  0
LINE
  8
0
 10
0.218567
 20
2.78191
 11
0.216309
 21
2.77939
  0
LINE
  8
0
 10
0.216309
 20
2.77939
 11
0.213943
 21
2.77698
  0
LINE
  8
0
 10
0.213943
 20
2.77698
 11
0.211472
 21
2.77466
  0
LINE
  8
0
 10
0.211472
 20
2.77466
 11
0.208923
 21
2.77245
  0
LINE
  8
0
 10
0.208923
 20
2.77245
 11
0.206268
 21
2.77036
  0
LINE
  8
0
 10
0.206268
 20
2.77036
 11
0.203537
 21
2.76837
  0
LINE
  8
0
 10
0.203537
 20
2.76837
 11
0.200714
 21
2.76649
  0
LINE
  8
0
 10
0.200714
 20
2.76649
 11
0.19783
 21
2.76474
  0
LINE
  8
0
 10
0.19783
 20
2.76474
 11
0.19487
 21
2.76311
  0
LINE
  8
0
 10
0.19487
 20
2.76311
 11
0.191833
 21
2.76161
  0
LINE
  8
0
 10
0.191833
 20
2.76161
 11
0.188751
 21
2.76024
  0
LINE
  8
0
 10
0.188751
 20
2.76024
 11
0.185608
 21
2.75899
  0
LINE
  8
0
 10
0.185608
 20
2.75899
 11
0.182419
 21
2.75787
  0
LINE
  8
0
 10
0.182419
 20
2.75787
 11
0.179169
 21
2.7569
  0
LINE
  8
0
 10
0.179169
 20
2.7569
 11
0.175903
 21
2.75606
  0
LINE
  8
0
 10
0.175903
 20
2.75606
 11
0.172592
 21
2.75536
  0
LINE
  8
0
 10
0.172592
 20
2.75536
 11
0.169266
 21
2.75479
  0
LINE
  8
0
 10
0.169266
 20
2.75479
 11
0.165909
 21
2.75438
  0
LINE
  8
0
 10
0.165909
 20
2.75438
 11
0.162537
 21
2.75409
  0
LINE
  8
0
 10
0.162537
 20
2.75409
 11
0.159164
 21
2.75395
  0
LINE
  8
0
 10
0.159164
 20
2.75395
 11
0.155777
 21
2.75395
  0
LINE
  8
0
 10
-4.88358
 20
2.75395
 11
-4.88695
 21
2.75409
  0
LINE
  8
0
 10
-4.88695
 20
2.75409
 11
-4.89032
 21
2.75438
  0
LINE
  8
0
 10
-4.89032
 20
2.75438
 11
-4.89368
 21
2.75479
  0
LINE
  8
0
 10
-4.89368
 20
2.75479
 11
-4.897
 21
2.75536
  0
LINE
  8
0
 10
-4.897
 20
2.75536
 11
-4.90031
 21
2.75606
  0
LINE
  8
0
 10
-4.90031
 20
2.75606
 11
-4.90358
 21
2.7569
  0
LINE
  8
0
 10
-4.90358
 20
2.7569
 11
-4.90683
 21
2.75787
  0
LINE
  8
0
 10
-4.90683
 20
2.75787
 11
-4.91002
 21
2.75899
  0
LINE
  8
0
 10
-4.91002
 20
2.75899
 11
-4.91316
 21
2.76024
  0
LINE
  8
0
 10
-4.91316
 20
2.76024
 11
-4.91624
 21
2.76161
  0
LINE
  8
0
 10
-4.91624
 20
2.76161
 11
-4.91928
 21
2.76311
  0
LINE
  8
0
 10
-4.91928
 20
2.76311
 11
-4.92224
 21
2.76474
  0
LINE
  8
0
 10
-4.92224
 20
2.76474
 11
-4.92513
 21
2.76649
  0
LINE
  8
0
 10
-4.92513
 20
2.76649
 11
-4.92795
 21
2.76837
  0
LINE
  8
0
 10
-4.92795
 20
2.76837
 11
-4.93068
 21
2.77036
  0
LINE
  8
0
 10
-4.93068
 20
2.77036
 11
-4.93333
 21
2.77245
  0
LINE
  8
0
 10
-4.93333
 20
2.77245
 11
-4.93588
 21
2.77466
  0
LINE
  8
0
 10
-4.93588
 20
2.77466
 11
-4.93835
 21
2.77698
  0
LINE
  8
0
 10
-4.93835
 20
2.77698
 11
-4.94072
 21
2.77939
  0
LINE
  8
0
 10
-4.94072
 20
2.77939
 11
-4.94298
 21
2.78191
  0
LINE
  8
0
 10
-4.94298
 20
2.78191
 11
-4.94513
 21
2.7845
  0
LINE
  8
0
 10
-4.94513
 20
2.7845
 11
-4.94717
 21
2.7872
  0
LINE
  8
0
 10
-4.94717
 20
2.7872
 11
-4.94911
 21
2.78998
  0
LINE
  8
0
 10
-4.94911
 20
2.78998
 11
-4.95091
 21
2.79283
  0
LINE
  8
0
 10
-4.95091
 20
2.79283
 11
-4.95261
 21
2.79576
  0
LINE
  8
0
 10
-4.95261
 20
2.79576
 11
-4.95418
 21
2.79875
  0
LINE
  8
0
 10
-4.95418
 20
2.79875
 11
-4.95561
 21
2.80182
  0
LINE
  8
0
 10
-4.95561
 20
2.80182
 11
-4.95692
 21
2.80493
  0
LINE
  8
0
 10
-4.95692
 20
2.80493
 11
-4.9581
 21
2.80809
  0
LINE
  8
0
 10
-4.9581
 20
2.80809
 11
-4.95915
 21
2.81131
  0
LINE
  8
0
 10
-4.95915
 20
2.81131
 11
-4.96005
 21
2.81456
  0
LINE
  8
0
 10
-4.96005
 20
2.81456
 11
-4.96083
 21
2.81786
  0
LINE
  8
0
 10
-4.96083
 20
2.81786
 11
-4.96146
 21
2.82118
  0
LINE
  8
0
 10
-4.96146
 20
2.82118
 11
-4.96196
 21
2.82452
  0
LINE
  8
0
 10
-4.96196
 20
2.82452
 11
-4.96231
 21
2.82788
  0
LINE
  8
0
 10
-4.96231
 20
2.82788
 11
-4.96252
 21
2.83125
  0
LINE
  8
0
 10
-4.96252
 20
2.83125
 11
-4.96259
 21
2.83464
  0
LINE
  8
0
 10
-4.96259
 20
2.83464
 11
-4.96252
 21
2.83801
  0
LINE
  8
0
 10
-4.96252
 20
2.83801
 11
-4.96231
 21
2.84138
  0
LINE
  8
0
 10
-4.96231
 20
2.84138
 11
-4.96196
 21
2.84476
  0
LINE
  8
0
 10
-4.96196
 20
2.84476
 11
-4.96146
 21
2.8481
  0
LINE
  8
0
 10
-4.96146
 20
2.8481
 11
-4.96083
 21
2.85143
  0
LINE
  8
0
 10
-4.96083
 20
2.85143
 11
-4.96005
 21
2.85471
  0
LINE
  8
0
 10
-4.96005
 20
2.85471
 11
-4.95915
 21
2.85797
  0
LINE
  8
0
 10
-4.95915
 20
2.85797
 11
-4.9581
 21
2.86118
  0
LINE
  8
0
 10
-4.9581
 20
2.86118
 11
-4.95692
 21
2.86435
  0
LINE
  8
0
 10
-4.95692
 20
2.86435
 11
-4.95561
 21
2.86746
  0
LINE
  8
0
 10
-4.95561
 20
2.86746
 11
-4.95418
 21
2.87053
  0
LINE
  8
0
 10
-4.95418
 20
2.87053
 11
-4.95261
 21
2.87352
  0
LINE
  8
0
 10
-4.95261
 20
2.87352
 11
-4.95091
 21
2.87645
  0
LINE
  8
0
 10
-4.95091
 20
2.87645
 11
-4.94911
 21
2.8793
  0
LINE
  8
0
 10
-4.94911
 20
2.8793
 11
-4.94717
 21
2.88208
  0
LINE
  8
0
 10
-4.94717
 20
2.88208
 11
-4.94513
 21
2.88477
  0
LINE
  8
0
 10
-4.94513
 20
2.88477
 11
-4.94298
 21
2.88737
  0
LINE
  8
0
 10
-4.94298
 20
2.88737
 11
-4.94072
 21
2.88989
  0
LINE
  8
0
 10
-4.94072
 20
2.88989
 11
-4.93835
 21
2.8923
  0
LINE
  8
0
 10
-4.93835
 20
2.8923
 11
-4.93588
 21
2.89462
  0
LINE
  8
0
 10
-4.93588
 20
2.89462
 11
-4.93333
 21
2.89682
  0
LINE
  8
0
 10
-4.93333
 20
2.89682
 11
-4.93068
 21
2.89893
  0
LINE
  8
0
 10
-4.93068
 20
2.89893
 11
-4.92795
 21
2.90091
  0
LINE
  8
0
 10
-4.92795
 20
2.90091
 11
-4.92513
 21
2.90279
  0
LINE
  8
0
 10
-4.92513
 20
2.90279
 11
-4.92224
 21
2.90454
  0
LINE
  8
0
 10
-4.92224
 20
2.90454
 11
-4.91928
 21
2.90616
  0
LINE
  8
0
 10
-4.91928
 20
2.90616
 11
-4.91624
 21
2.90767
  0
LINE
  8
0
 10
-4.91624
 20
2.90767
 11
-4.91316
 21
2.90904
  0
LINE
  8
0
 10
-4.91316
 20
2.90904
 11
-4.91002
 21
2.91028
  0
LINE
  8
0
 10
-4.91002
 20
2.91028
 11
-4.90683
 21
2.91139
  0
LINE
  8
0
 10
-4.90683
 20
2.91139
 11
-4.90358
 21
2.91237
  0
LINE
  8
0
 10
-4.90358
 20
2.91237
 11
-4.90031
 21
2.91321
  0
LINE
  8
0
 10
-4.90031
 20
2.91321
 11
-4.897
 21
2.91391
  0
LINE
  8
0
 10
-4.897
 20
2.91391
 11
-4.89368
 21
2.91447
  0
LINE
  8
0
 10
-4.89368
 20
2.91447
 11
-4.89032
 21
2.9149
  0
LINE
  8
0
 10
-4.89032
 20
2.9149
 11
-4.88695
 21
2.91519
  0
LINE
  8
0
 10
-4.88695
 20
2.91519
 11
-4.88358
 21
2.91533
  0
LINE
  8
0
 10
-4.88358
 20
2.91533
 11
-4.88019
 21
2.91533
  0
LINE
  8
0
 10
-4.88019
 20
2.91533
 11
-4.87682
 21
2.91519
  0
LINE
  8
0
 10
-4.87682
 20
2.91519
 11
-4.87344
 21
2.9149
  0
LINE
  8
0
 10
-4.87344
 20
2.9149
 11
-4.87009
 21
2.91447
  0
LINE
  8
0
 10
-4.87009
 20
2.91447
 11
-4.86676
 21
2.91391
  0
LINE
  8
0
 10
-4.86676
 20
2.91391
 11
-4.86345
 21
2.91321
  0
LINE
  8
0
 10
-4.86345
 20
2.91321
 11
-4.86018
 21
2.91237
  0
LINE
  8
0
 10
-4.86018
 20
2.91237
 11
-4.85695
 21
2.91139
  0
LINE
  8
0
 10
-4.85695
 20
2.91139
 11
-4.85374
 21
2.91028
  0
LINE
  8
0
 10
-4.85374
 20
2.91028
 11
-4.8506
 21
2.90904
  0
LINE
  8
0
 10
-4.8506
 20
2.90904
 11
-4.84752
 21
2.90767
  0
LINE
  8
0
 10
-4.84752
 20
2.90767
 11
-4.8445
 21
2.90616
  0
LINE
  8
0
 10
-4.8445
 20
2.90616
 11
-4.84152
 21
2.90454
  0
LINE
  8
0
 10
-4.84152
 20
2.90454
 11
-4.83864
 21
2.90279
  0
LINE
  8
0
 10
-4.83864
 20
2.90279
 11
-4.83582
 21
2.90091
  0
LINE
  8
0
 10
-4.83582
 20
2.90091
 11
-4.83308
 21
2.89893
  0
LINE
  8
0
 10
-4.83308
 20
2.89893
 11
-4.83044
 21
2.89682
  0
LINE
  8
0
 10
-4.83044
 20
2.89682
 11
-4.82788
 21
2.89462
  0
LINE
  8
0
 10
-4.82788
 20
2.89462
 11
-4.82541
 21
2.8923
  0
LINE
  8
0
 10
-4.82541
 20
2.8923
 11
-4.82304
 21
2.88989
  0
LINE
  8
0
 10
-4.82304
 20
2.88989
 11
-4.82079
 21
2.88737
  0
LINE
  8
0
 10
-4.82079
 20
2.88737
 11
-4.81863
 21
2.88477
  0
LINE
  8
0
 10
-4.81863
 20
2.88477
 11
-4.81659
 21
2.88208
  0
LINE
  8
0
 10
-4.81659
 20
2.88208
 11
-4.81465
 21
2.8793
  0
LINE
  8
0
 10
-4.81465
 20
2.8793
 11
-4.81285
 21
2.87645
  0
LINE
  8
0
 10
-4.81285
 20
2.87645
 11
-4.81116
 21
2.87352
  0
LINE
  8
0
 10
-4.81116
 20
2.87352
 11
-4.80959
 21
2.87053
  0
LINE
  8
0
 10
-4.80959
 20
2.87053
 11
-4.80815
 21
2.86746
  0
LINE
  8
0
 10
-4.80815
 20
2.86746
 11
-4.80684
 21
2.86435
  0
LINE
  8
0
 10
-4.80684
 20
2.86435
 11
-4.80566
 21
2.86118
  0
LINE
  8
0
 10
-4.80566
 20
2.86118
 11
-4.80463
 21
2.85797
  0
LINE
  8
0
 10
-4.80463
 20
2.85797
 11
-4.80371
 21
2.85471
  0
LINE
  8
0
 10
-4.80371
 20
2.85471
 11
-4.80293
 21
2.85143
  0
LINE
  8
0
 10
-4.80293
 20
2.85143
 11
-4.80231
 21
2.8481
  0
LINE
  8
0
 10
-4.80231
 20
2.8481
 11
-4.8018
 21
2.84476
  0
LINE
  8
0
 10
-4.8018
 20
2.84476
 11
-4.80145
 21
2.84138
  0
LINE
  8
0
 10
-4.80145
 20
2.84138
 11
-4.80124
 21
2.83801
  0
LINE
  8
0
 10
-4.80124
 20
2.83801
 11
-4.80118
 21
2.83464
  0
LINE
  8
0
 10
-4.80118
 20
2.83464
 11
-4.80124
 21
2.83125
  0
LINE
  8
0
 10
-4.80124
 20
2.83125
 11
-4.80145
 21
2.82788
  0
LINE
  8
0
 10
-4.80145
 20
2.82788
 11
-4.8018
 21
2.82452
  0
LINE
  8
0
 10
-4.8018
 20
2.82452
 11
-4.80231
 21
2.82118
  0
LINE
  8
0
 10
-4.80231
 20
2.82118
 11
-4.80293
 21
2.81786
  0
LINE
  8
0
 10
-4.80293
 20
2.81786
 11
-4.80371
 21
2.81456
  0
LINE
  8
0
 10
-4.80371
 20
2.81456
 11
-4.80463
 21
2.81131
  0
LINE
  8
0
 10
-4.80463
 20
2.81131
 11
-4.80566
 21
2.80809
  0
LINE
  8
0
 10
-4.80566
 20
2.80809
 11
-4.80684
 21
2.80493
  0
LINE
  8
0
 10
-4.80684
 20
2.80493
 11
-4.80815
 21
2.80182
  0
LINE
  8
0
 10
-4.80815
 20
2.80182
 11
-4.80959
 21
2.79875
  0
LINE
  8
0
 10
-4.80959
 20
2.79875
 11
-4.81116
 21
2.79576
  0
LINE
  8
0
 10
-4.81116
 20
2.79576
 11
-4.81285
 21
2.79283
  0
LINE
  8
0
 10
-4.81285
 20
2.79283
 11
-4.81465
 21
2.78998
  0
LINE
  8
0
 10
-4.81465
 20
2.78998
 11
-4.81659
 21
2.7872
  0
LINE
  8
0
 10
-4.81659
 20
2.7872
 11
-4.81863
 21
2.7845
  0
LINE
  8
0
 10
-4.81863
 20
2.7845
 11
-4.82079
 21
2.78191
  0
LINE
  8
0
 10
-4.82079
 20
2.78191
 11
-4.82304
 21
2.77939
  0
LINE
  8
0
 10
-4.82304
 20
2.77939
 11
-4.82541
 21
2.77698
  0
LINE
  8
0
 10
-4.82541
 20
2.77698
 11
-4.82788
 21
2.77466
  0
LINE
  8
0
 10
-4.82788
 20
2.77466
 11
-4.83044
 21
2.77245
  0
LINE
  8
0
 10
-4.83044
 20
2.77245
 11
-4.83308
 21
2.77036
  0
LINE
  8
0
 10
-4.83308
 20
2.77036
 11
-4.83582
 21
2.76837
  0
LINE
  8
0
 10
-4.83582
 20
2.76837
 11
-4.83864
 21
2.76649
  0
LINE
  8
0
 10
-4.83864
 20
2.76649
 11
-4.84152
 21
2.76474
  0
LINE
  8
0
 10
-4.84152
 20
2.76474
 11
-4.8445
 21
2.76311
  0
LINE
  8
0
 10
-4.8445
 20
2.76311
 11
-4.84752
 21
2.76161
  0
LINE
  8
0
 10
-4.84752
 20
2.76161
 11
-4.8506
 21
2.76024
  0
LINE
  8
0
 10
-4.8506
 20
2.76024
 11
-4.85374
 21
2.75899
  0
LINE
  8
0
 10
-4.85374
 20
2.75899
 11
-4.85695
 21
2.75787
  0
LINE
  8
0
 10
-4.85695
 20
2.75787
 11
-4.86018
 21
2.7569
  0
LINE
  8
0
 10
-4.86018
 20
2.7569
 11
-4.86345
 21
2.75606
  0
LINE
  8
0
 10
-4.86345
 20
2.75606
 11
-4.86676
 21
2.75536
  0
LINE
  8
0
 10
-4.86676
 20
2.75536
 11
-4.87009
 21
2.75479
  0
LINE
  8
0
 10
-4.87009
 20
2.75479
 11
-4.87344
 21
2.75438
  0
LINE
  8
0
 10
-4.87344
 20
2.75438
 11
-4.87682
 21
2.75409
  0
LINE
  8
0
 10
-4.87682
 20
2.75409
 11
-4.88019
 21
2.75395
  0
LINE
  8
0
 10
-4.88019
 20
2.75395
 11
-4.88358
 21
2.75395
  0
LINE
  8
0
 10
4.56523
 20
2.75395
 11
4.56186
 21
2.75409
  0
LINE
  8
0
 10
4.56186
 20
2.75409
 11
4.55849
 21
2.75438
  0
LINE
  8
0
 10
4.55849
 20
2.75438
 11
4.55513
 21
2.75479
  0
LINE
  8
0
 10
4.55513
 20
2.75479
 11
4.5518
 21
2.75536
  0
LINE
  8
0
 10
4.5518
 20
2.75536
 11
4.54849
 21
2.75606
  0
LINE
  8
0
 10
4.54849
 20
2.75606
 11
4.54521
 21
2.7569
  0
LINE
  8
0
 10
4.54521
 20
2.7569
 11
4.54198
 21
2.75787
  0
LINE
  8
0
 10
4.54198
 20
2.75787
 11
4.53879
 21
2.75899
  0
LINE
  8
0
 10
4.53879
 20
2.75899
 11
4.53564
 21
2.76024
  0
LINE
  8
0
 10
4.53564
 20
2.76024
 11
4.53256
 21
2.76161
  0
LINE
  8
0
 10
4.53256
 20
2.76161
 11
4.52953
 21
2.76311
  0
LINE
  8
0
 10
4.52953
 20
2.76311
 11
4.52657
 21
2.76474
  0
LINE
  8
0
 10
4.52657
 20
2.76474
 11
4.52368
 21
2.76649
  0
LINE
  8
0
 10
4.52368
 20
2.76649
 11
4.52086
 21
2.76837
  0
LINE
  8
0
 10
4.52086
 20
2.76837
 11
4.51813
 21
2.77036
  0
LINE
  8
0
 10
4.51813
 20
2.77036
 11
4.51547
 21
2.77245
  0
LINE
  8
0
 10
4.51547
 20
2.77245
 11
4.51292
 21
2.77466
  0
LINE
  8
0
 10
4.51292
 20
2.77466
 11
4.51045
 21
2.77698
  0
LINE
  8
0
 10
4.51045
 20
2.77698
 11
4.50809
 21
2.77939
  0
LINE
  8
0
 10
4.50809
 20
2.77939
 11
4.50583
 21
2.78191
  0
LINE
  8
0
 10
4.50583
 20
2.78191
 11
4.50368
 21
2.7845
  0
LINE
  8
0
 10
4.50368
 20
2.7845
 11
4.50163
 21
2.7872
  0
LINE
  8
0
 10
4.50163
 20
2.7872
 11
4.49969
 21
2.78998
  0
LINE
  8
0
 10
4.49969
 20
2.78998
 11
4.49788
 21
2.79283
  0
LINE
  8
0
 10
4.49788
 20
2.79283
 11
4.4962
 21
2.79576
  0
LINE
  8
0
 10
4.4962
 20
2.79576
 11
4.49463
 21
2.79875
  0
LINE
  8
0
 10
4.49463
 20
2.79875
 11
4.49319
 21
2.80182
  0
LINE
  8
0
 10
4.49319
 20
2.80182
 11
4.49188
 21
2.80493
  0
LINE
  8
0
 10
4.49188
 20
2.80493
 11
4.49071
 21
2.80809
  0
LINE
  8
0
 10
4.49071
 20
2.80809
 11
4.48965
 21
2.81131
  0
LINE
  8
0
 10
4.48965
 20
2.81131
 11
4.48875
 21
2.81456
  0
LINE
  8
0
 10
4.48875
 20
2.81456
 11
4.48798
 21
2.81786
  0
LINE
  8
0
 10
4.48798
 20
2.81786
 11
4.48735
 21
2.82118
  0
LINE
  8
0
 10
4.48735
 20
2.82118
 11
4.48685
 21
2.82452
  0
LINE
  8
0
 10
4.48685
 20
2.82452
 11
4.4865
 21
2.82788
  0
LINE
  8
0
 10
4.4865
 20
2.82788
 11
4.48628
 21
2.83125
  0
LINE
  8
0
 10
4.48628
 20
2.83125
 11
4.48621
 21
2.83464
  0
LINE
  8
0
 10
4.48621
 20
2.83464
 11
4.48628
 21
2.83801
  0
LINE
  8
0
 10
4.48628
 20
2.83801
 11
4.4865
 21
2.84138
  0
LINE
  8
0
 10
4.4865
 20
2.84138
 11
4.48685
 21
2.84476
  0
LINE
  8
0
 10
4.48685
 20
2.84476
 11
4.48735
 21
2.8481
  0
LINE
  8
0
 10
4.48735
 20
2.8481
 11
4.48798
 21
2.85143
  0
LINE
  8
0
 10
4.48798
 20
2.85143
 11
4.48875
 21
2.85471
  0
LINE
  8
0
 10
4.48875
 20
2.85471
 11
4.48965
 21
2.85797
  0
LINE
  8
0
 10
4.48965
 20
2.85797
 11
4.49071
 21
2.86118
  0
LINE
  8
0
 10
4.49071
 20
2.86118
 11
4.49188
 21
2.86435
  0
LINE
  8
0
 10
4.49188
 20
2.86435
 11
4.49319
 21
2.86746
  0
LINE
  8
0
 10
4.49319
 20
2.86746
 11
4.49463
 21
2.87053
  0
LINE
  8
0
 10
4.49463
 20
2.87053
 11
4.4962
 21
2.87352
  0
LINE
  8
0
 10
4.4962
 20
2.87352
 11
4.49788
 21
2.87645
  0
LINE
  8
0
 10
4.49788
 20
2.87645
 11
4.49969
 21
2.8793
  0
LINE
  8
0
 10
4.49969
 20
2.8793
 11
4.50163
 21
2.88208
  0
LINE
  8
0
 10
4.50163
 20
2.88208
 11
4.50368
 21
2.88477
  0
LINE
  8
0
 10
4.50368
 20
2.88477
 11
4.50583
 21
2.88737
  0
LINE
  8
0
 10
4.50583
 20
2.88737
 11
4.50809
 21
2.88989
  0
LINE
  8
0
 10
4.50809
 20
2.88989
 11
4.51045
 21
2.8923
  0
LINE
  8
0
 10
4.51045
 20
2.8923
 11
4.51292
 21
2.89462
  0
LINE
  8
0
 10
4.51292
 20
2.89462
 11
4.51547
 21
2.89682
  0
LINE
  8
0
 10
4.51547
 20
2.89682
 11
4.51813
 21
2.89893
  0
LINE
  8
0
 10
4.51813
 20
2.89893
 11
4.52086
 21
2.90091
  0
LINE
  8
0
 10
4.52086
 20
2.90091
 11
4.52368
 21
2.90279
  0
LINE
  8
0
 10
4.52368
 20
2.90279
 11
4.52657
 21
2.90454
  0
LINE
  8
0
 10
4.52657
 20
2.90454
 11
4.52953
 21
2.90616
  0
LINE
  8
0
 10
4.52953
 20
2.90616
 11
4.53256
 21
2.90767
  0
LINE
  8
0
 10
4.53256
 20
2.90767
 11
4.53564
 21
2.90904
  0
LINE
  8
0
 10
4.53564
 20
2.90904
 11
4.53879
 21
2.91028
  0
LINE
  8
0
 10
4.53879
 20
2.91028
 11
4.54198
 21
2.91139
  0
LINE
  8
0
 10
4.54198
 20
2.91139
 11
4.54521
 21
2.91237
  0
LINE
  8
0
 10
4.54521
 20
2.91237
 11
4.54849
 21
2.91321
  0
LINE
  8
0
 10
4.54849
 20
2.91321
 11
4.5518
 21
2.91391
  0
LINE
  8
0
 10
4.5518
 20
2.91391
 11
4.55513
 21
2.91447
  0
LINE
  8
0
 10
4.55513
 20
2.91447
 11
4.55849
 21
2.9149
  0
LINE
  8
0
 10
4.55849
 20
2.9149
 11
4.56186
 21
2.91519
  0
LINE
  8
0
 10
4.56186
 20
2.91519
 11
4.56523
 21
2.91533
  0
LINE
  8
0
 10
4.56523
 20
2.91533
 11
4.56862
 21
2.91533
  0
LINE
  8
0
 10
4.56862
 20
2.91533
 11
4.57199
 21
2.91519
  0
LINE
  8
0
 10
4.57199
 20
2.91519
 11
4.57536
 21
2.9149
  0
LINE
  8
0
 10
4.57536
 20
2.9149
 11
4.5787
 21
2.91447
  0
LINE
  8
0
 10
4.5787
 20
2.91447
 11
4.58205
 21
2.91391
  0
LINE
  8
0
 10
4.58205
 20
2.91391
 11
4.58536
 21
2.91321
  0
LINE
  8
0
 10
4.58536
 20
2.91321
 11
4.58862
 21
2.91237
  0
LINE
  8
0
 10
4.58862
 20
2.91237
 11
4.59186
 21
2.91139
  0
LINE
  8
0
 10
4.59186
 20
2.91139
 11
4.59505
 21
2.91028
  0
LINE
  8
0
 10
4.59505
 20
2.91028
 11
4.59819
 21
2.90904
  0
LINE
  8
0
 10
4.59819
 20
2.90904
 11
4.60129
 21
2.90767
  0
LINE
  8
0
 10
4.60129
 20
2.90767
 11
4.60431
 21
2.90616
  0
LINE
  8
0
 10
4.60431
 20
2.90616
 11
4.60727
 21
2.90454
  0
LINE
  8
0
 10
4.60727
 20
2.90454
 11
4.61017
 21
2.90279
  0
LINE
  8
0
 10
4.61017
 20
2.90279
 11
4.61298
 21
2.90091
  0
LINE
  8
0
 10
4.61298
 20
2.90091
 11
4.61572
 21
2.89893
  0
LINE
  8
0
 10
4.61572
 20
2.89893
 11
4.61836
 21
2.89682
  0
LINE
  8
0
 10
4.61836
 20
2.89682
 11
4.62093
 21
2.89462
  0
LINE
  8
0
 10
4.62093
 20
2.89462
 11
4.6234
 21
2.8923
  0
LINE
  8
0
 10
4.6234
 20
2.8923
 11
4.62576
 21
2.88989
  0
LINE
  8
0
 10
4.62576
 20
2.88989
 11
4.62802
 21
2.88737
  0
LINE
  8
0
 10
4.62802
 20
2.88737
 11
4.63017
 21
2.88477
  0
LINE
  8
0
 10
4.63017
 20
2.88477
 11
4.63222
 21
2.88208
  0
LINE
  8
0
 10
4.63222
 20
2.88208
 11
4.63414
 21
2.8793
  0
LINE
  8
0
 10
4.63414
 20
2.8793
 11
4.63596
 21
2.87645
  0
LINE
  8
0
 10
4.63596
 20
2.87645
 11
4.63765
 21
2.87352
  0
LINE
  8
0
 10
4.63765
 20
2.87352
 11
4.63921
 21
2.87053
  0
LINE
  8
0
 10
4.63921
 20
2.87053
 11
4.64066
 21
2.86746
  0
LINE
  8
0
 10
4.64066
 20
2.86746
 11
4.64197
 21
2.86435
  0
LINE
  8
0
 10
4.64197
 20
2.86435
 11
4.64314
 21
2.86118
  0
LINE
  8
0
 10
4.64314
 20
2.86118
 11
4.64418
 21
2.85797
  0
LINE
  8
0
 10
4.64418
 20
2.85797
 11
4.6451
 21
2.85471
  0
LINE
  8
0
 10
4.6451
 20
2.85471
 11
4.64587
 21
2.85143
  0
LINE
  8
0
 10
4.64587
 20
2.85143
 11
4.6465
 21
2.8481
  0
LINE
  8
0
 10
4.6465
 20
2.8481
 11
4.64699
 21
2.84476
  0
LINE
  8
0
 10
4.64699
 20
2.84476
 11
4.64735
 21
2.84138
  0
LINE
  8
0
 10
4.64735
 20
2.84138
 11
4.64755
 21
2.83801
  0
LINE
  8
0
 10
4.64755
 20
2.83801
 11
4.64763
 21
2.83464
  0
LINE
  8
0
 10
4.64763
 20
2.83464
 11
4.64755
 21
2.83125
  0
LINE
  8
0
 10
4.64755
 20
2.83125
 11
4.64735
 21
2.82788
  0
LINE
  8
0
 10
4.64735
 20
2.82788
 11
4.64699
 21
2.82452
  0
LINE
  8
0
 10
4.64699
 20
2.82452
 11
4.6465
 21
2.82118
  0
LINE
  8
0
 10
4.6465
 20
2.82118
 11
4.64587
 21
2.81786
  0
LINE
  8
0
 10
4.64587
 20
2.81786
 11
4.6451
 21
2.81456
  0
LINE
  8
0
 10
4.6451
 20
2.81456
 11
4.64418
 21
2.81131
  0
LINE
  8
0
 10
4.64418
 20
2.81131
 11
4.64314
 21
2.80809
  0
LINE
  8
0
 10
4.64314
 20
2.80809
 11
4.64197
 21
2.80493
  0
LINE
  8
0
 10
4.64197
 20
2.80493
 11
4.64066
 21
2.80182
  0
LINE
  8
0
 10
4.64066
 20
2.80182
 11
4.63921
 21
2.79875
  0
LINE
  8
0
 10
4.63921
 20
2.79875
 11
4.63765
 21
2.79576
  0
LINE
  8
0
 10
4.63765
 20
2.79576
 11
4.63596
 21
2.79283
  0
LINE
  8
0
 10
4.63596
 20
2.79283
 11
4.63414
 21
2.78998
  0
LINE
  8
0
 10
4.63414
 20
2.78998
 11
4.63222
 21
2.7872
  0
LINE
  8
0
 10
4.63222
 20
2.7872
 11
4.63017
 21
2.7845
  0
LINE
  8
0
 10
4.63017
 20
2.7845
 11
4.62802
 21
2.78191
  0
LINE
  8
0
 10
4.62802
 20
2.78191
 11
4.62576
 21
2.77939
  0
LINE
  8
0
 10
4.62576
 20
2.77939
 11
4.6234
 21
2.77698
  0
LINE
  8
0
 10
4.6234
 20
2.77698
 11
4.62093
 21
2.77466
  0
LINE
  8
0
 10
4.62093
 20
2.77466
 11
4.61836
 21
2.77245
  0
LINE
  8
0
 10
4.61836
 20
2.77245
 11
4.61572
 21
2.77036
  0
LINE
  8
0
 10
4.61572
 20
2.77036
 11
4.61298
 21
2.76837
  0
LINE
  8
0
 10
4.61298
 20
2.76837
 11
4.61017
 21
2.76649
  0
LINE
  8
0
 10
4.61017
 20
2.76649
 11
4.60727
 21
2.76474
  0
LINE
  8
0
 10
4.60727
 20
2.76474
 11
4.60431
 21
2.76311
  0
LINE
  8
0
 10
4.60431
 20
2.76311
 11
4.60129
 21
2.76161
  0
LINE
  8
0
 10
4.60129
 20
2.76161
 11
4.59819
 21
2.76024
  0
LINE
  8
0
 10
4.59819
 20
2.76024
 11
4.59505
 21
2.75899
  0
LINE
  8
0
 10
4.59505
 20
2.75899
 11
4.59186
 21
2.75787
  0
LINE
  8
0
 10
4.59186
 20
2.75787
 11
4.58862
 21
2.7569
  0
LINE
  8
0
 10
4.58862
 20
2.7569
 11
4.58536
 21
2.75606
  0
LINE
  8
0
 10
4.58536
 20
2.75606
 11
4.58205
 21
2.75536
  0
LINE
  8
0
 10
4.58205
 20
2.75536
 11
4.5787
 21
2.75479
  0
LINE
  8
0
 10
4.5787
 20
2.75479
 11
4.57536
 21
2.75438
  0
LINE
  8
0
 10
4.57536
 20
2.75438
 11
4.57199
 21
2.75409
  0
LINE
  8
0
 10
4.57199
 20
2.75409
 11
4.56862
 21
2.75395
  0
LINE
  8
0
 10
4.56862
 20
2.75395
 11
4.56523
 21
2.75395
  0
LINE
  8
0
 10
1.41562
 20
2.75395
 11
1.41225
 21
2.75409
  0
LINE
  8
0
 10
1.41225
 20
2.75409
 11
1.40887
 21
2.75438
  0
LINE
  8
0
 10
1.40887
 20
2.75438
 11
1.40552
 21
2.75479
  0
LINE
  8
0
 10
1.40552
 20
2.75479
 11
1.40219
 21
2.75536
  0
LINE
  8
0
 10
1.40219
 20
2.75536
 11
1.39888
 21
2.75606
  0
LINE
  8
0
 10
1.39888
 20
2.75606
 11
1.39561
 21
2.7569
  0
LINE
  8
0
 10
1.39561
 20
2.7569
 11
1.39238
 21
2.75787
  0
LINE
  8
0
 10
1.39238
 20
2.75787
 11
1.38918
 21
2.75899
  0
LINE
  8
0
 10
1.38918
 20
2.75899
 11
1.38603
 21
2.76024
  0
LINE
  8
0
 10
1.38603
 20
2.76024
 11
1.38295
 21
2.76161
  0
LINE
  8
0
 10
1.38295
 20
2.76161
 11
1.37993
 21
2.76311
  0
LINE
  8
0
 10
1.37993
 20
2.76311
 11
1.37695
 21
2.76474
  0
LINE
  8
0
 10
1.37695
 20
2.76474
 11
1.37407
 21
2.76649
  0
LINE
  8
0
 10
1.37407
 20
2.76649
 11
1.37125
 21
2.76837
  0
LINE
  8
0
 10
1.37125
 20
2.76837
 11
1.36852
 21
2.77036
  0
LINE
  8
0
 10
1.36852
 20
2.77036
 11
1.36588
 21
2.77245
  0
LINE
  8
0
 10
1.36588
 20
2.77245
 11
1.36331
 21
2.77466
  0
LINE
  8
0
 10
1.36331
 20
2.77466
 11
1.36084
 21
2.77698
  0
LINE
  8
0
 10
1.36084
 20
2.77698
 11
1.35847
 21
2.77939
  0
LINE
  8
0
 10
1.35847
 20
2.77939
 11
1.35622
 21
2.78191
  0
LINE
  8
0
 10
1.35622
 20
2.78191
 11
1.35406
 21
2.7845
  0
LINE
  8
0
 10
1.35406
 20
2.7845
 11
1.35202
 21
2.7872
  0
LINE
  8
0
 10
1.35202
 20
2.7872
 11
1.3501
 21
2.78998
  0
LINE
  8
0
 10
1.3501
 20
2.78998
 11
1.34828
 21
2.79283
  0
LINE
  8
0
 10
1.34828
 20
2.79283
 11
1.34659
 21
2.79576
  0
LINE
  8
0
 10
1.34659
 20
2.79576
 11
1.34502
 21
2.79875
  0
LINE
  8
0
 10
1.34502
 20
2.79875
 11
1.34358
 21
2.80182
  0
LINE
  8
0
 10
1.34358
 20
2.80182
 11
1.34227
 21
2.80493
  0
LINE
  8
0
 10
1.34227
 20
2.80493
 11
1.34109
 21
2.80809
  0
LINE
  8
0
 10
1.34109
 20
2.80809
 11
1.34006
 21
2.81131
  0
LINE
  8
0
 10
1.34006
 20
2.81131
 11
1.33914
 21
2.81456
  0
LINE
  8
0
 10
1.33914
 20
2.81456
 11
1.33836
 21
2.81786
  0
LINE
  8
0
 10
1.33836
 20
2.81786
 11
1.33774
 21
2.82118
  0
LINE
  8
0
 10
1.33774
 20
2.82118
 11
1.33723
 21
2.82452
  0
LINE
  8
0
 10
1.33723
 20
2.82452
 11
1.33688
 21
2.82788
  0
LINE
  8
0
 10
1.33688
 20
2.82788
 11
1.33667
 21
2.83125
  0
LINE
  8
0
 10
1.33667
 20
2.83125
 11
1.33661
 21
2.83464
  0
LINE
  8
0
 10
1.33661
 20
2.83464
 11
1.33667
 21
2.83801
  0
LINE
  8
0
 10
1.33667
 20
2.83801
 11
1.33688
 21
2.84138
  0
LINE
  8
0
 10
1.33688
 20
2.84138
 11
1.33723
 21
2.84476
  0
LINE
  8
0
 10
1.33723
 20
2.84476
 11
1.33774
 21
2.8481
  0
LINE
  8
0
 10
1.33774
 20
2.8481
 11
1.33836
 21
2.85143
  0
LINE
  8
0
 10
1.33836
 20
2.85143
 11
1.33914
 21
2.85471
  0
LINE
  8
0
 10
1.33914
 20
2.85471
 11
1.34006
 21
2.85797
  0
LINE
  8
0
 10
1.34006
 20
2.85797
 11
1.34109
 21
2.86118
  0
LINE
  8
0
 10
1.34109
 20
2.86118
 11
1.34227
 21
2.86435
  0
LINE
  8
0
 10
1.34227
 20
2.86435
 11
1.34358
 21
2.86746
  0
LINE
  8
0
 10
1.34358
 20
2.86746
 11
1.34502
 21
2.87053
  0
LINE
  8
0
 10
1.34502
 20
2.87053
 11
1.34659
 21
2.87352
  0
LINE
  8
0
 10
1.34659
 20
2.87352
 11
1.34828
 21
2.87645
  0
LINE
  8
0
 10
1.34828
 20
2.87645
 11
1.3501
 21
2.8793
  0
LINE
  8
0
 10
1.3501
 20
2.8793
 11
1.35202
 21
2.88208
  0
LINE
  8
0
 10
1.35202
 20
2.88208
 11
1.35406
 21
2.88477
  0
LINE
  8
0
 10
1.35406
 20
2.88477
 11
1.35622
 21
2.88737
  0
LINE
  8
0
 10
1.35622
 20
2.88737
 11
1.35847
 21
2.88989
  0
LINE
  8
0
 10
1.35847
 20
2.88989
 11
1.36084
 21
2.8923
  0
LINE
  8
0
 10
1.36084
 20
2.8923
 11
1.36331
 21
2.89462
  0
LINE
  8
0
 10
1.36331
 20
2.89462
 11
1.36588
 21
2.89682
  0
LINE
  8
0
 10
1.36588
 20
2.89682
 11
1.36852
 21
2.89893
  0
LINE
  8
0
 10
1.36852
 20
2.89893
 11
1.37125
 21
2.90091
  0
LINE
  8
0
 10
1.37125
 20
2.90091
 11
1.37407
 21
2.90279
  0
LINE
  8
0
 10
1.37407
 20
2.90279
 11
1.37695
 21
2.90454
  0
LINE
  8
0
 10
1.37695
 20
2.90454
 11
1.37993
 21
2.90616
  0
LINE
  8
0
 10
1.37993
 20
2.90616
 11
1.38295
 21
2.90767
  0
LINE
  8
0
 10
1.38295
 20
2.90767
 11
1.38603
 21
2.90904
  0
LINE
  8
0
 10
1.38603
 20
2.90904
 11
1.38918
 21
2.91028
  0
LINE
  8
0
 10
1.38918
 20
2.91028
 11
1.39238
 21
2.91139
  0
LINE
  8
0
 10
1.39238
 20
2.91139
 11
1.39561
 21
2.91237
  0
LINE
  8
0
 10
1.39561
 20
2.91237
 11
1.39888
 21
2.91321
  0
LINE
  8
0
 10
1.39888
 20
2.91321
 11
1.40219
 21
2.91391
  0
LINE
  8
0
 10
1.40219
 20
2.91391
 11
1.40552
 21
2.91447
  0
LINE
  8
0
 10
1.40552
 20
2.91447
 11
1.40887
 21
2.9149
  0
LINE
  8
0
 10
1.40887
 20
2.9149
 11
1.41225
 21
2.91519
  0
LINE
  8
0
 10
1.41225
 20
2.91519
 11
1.41562
 21
2.91533
  0
LINE
  8
0
 10
1.41562
 20
2.91533
 11
1.41901
 21
2.91533
  0
LINE
  8
0
 10
1.41901
 20
2.91533
 11
1.42238
 21
2.91519
  0
LINE
  8
0
 10
1.42238
 20
2.91519
 11
1.42575
 21
2.9149
  0
LINE
  8
0
 10
1.42575
 20
2.9149
 11
1.42911
 21
2.91447
  0
LINE
  8
0
 10
1.42911
 20
2.91447
 11
1.43243
 21
2.91391
  0
LINE
  8
0
 10
1.43243
 20
2.91391
 11
1.43575
 21
2.91321
  0
LINE
  8
0
 10
1.43575
 20
2.91321
 11
1.43903
 21
2.91237
  0
LINE
  8
0
 10
1.43903
 20
2.91237
 11
1.44226
 21
2.91139
  0
LINE
  8
0
 10
1.44226
 20
2.91139
 11
1.44545
 21
2.91028
  0
LINE
  8
0
 10
1.44545
 20
2.91028
 11
1.44859
 21
2.90904
  0
LINE
  8
0
 10
1.44859
 20
2.90904
 11
1.45168
 21
2.90767
  0
LINE
  8
0
 10
1.45168
 20
2.90767
 11
1.45471
 21
2.90616
  0
LINE
  8
0
 10
1.45471
 20
2.90616
 11
1.45767
 21
2.90454
  0
LINE
  8
0
 10
1.45767
 20
2.90454
 11
1.46056
 21
2.90279
  0
LINE
  8
0
 10
1.46056
 20
2.90279
 11
1.46338
 21
2.90091
  0
LINE
  8
0
 10
1.46338
 20
2.90091
 11
1.46611
 21
2.89893
  0
LINE
  8
0
 10
1.46611
 20
2.89893
 11
1.46877
 21
2.89682
  0
LINE
  8
0
 10
1.46877
 20
2.89682
 11
1.47131
 21
2.89462
  0
LINE
  8
0
 10
1.47131
 20
2.89462
 11
1.47379
 21
2.8923
  0
LINE
  8
0
 10
1.47379
 20
2.8923
 11
1.47615
 21
2.88989
  0
LINE
  8
0
 10
1.47615
 20
2.88989
 11
1.47841
 21
2.88737
  0
LINE
  8
0
 10
1.47841
 20
2.88737
 11
1.48056
 21
2.88477
  0
LINE
  8
0
 10
1.48056
 20
2.88477
 11
1.4826
 21
2.88208
  0
LINE
  8
0
 10
1.4826
 20
2.88208
 11
1.48454
 21
2.8793
  0
LINE
  8
0
 10
1.48454
 20
2.8793
 11
1.48634
 21
2.87645
  0
LINE
  8
0
 10
1.48634
 20
2.87645
 11
1.48804
 21
2.87352
  0
LINE
  8
0
 10
1.48804
 20
2.87352
 11
1.48961
 21
2.87053
  0
LINE
  8
0
 10
1.48961
 20
2.87053
 11
1.49104
 21
2.86746
  0
LINE
  8
0
 10
1.49104
 20
2.86746
 11
1.49236
 21
2.86435
  0
LINE
  8
0
 10
1.49236
 20
2.86435
 11
1.49353
 21
2.86118
  0
LINE
  8
0
 10
1.49353
 20
2.86118
 11
1.49458
 21
2.85797
  0
LINE
  8
0
 10
1.49458
 20
2.85797
 11
1.49548
 21
2.85471
  0
LINE
  8
0
 10
1.49548
 20
2.85471
 11
1.49626
 21
2.85143
  0
LINE
  8
0
 10
1.49626
 20
2.85143
 11
1.49689
 21
2.8481
  0
LINE
  8
0
 10
1.49689
 20
2.8481
 11
1.49739
 21
2.84476
  0
LINE
  8
0
 10
1.49739
 20
2.84476
 11
1.49774
 21
2.84138
  0
LINE
  8
0
 10
1.49774
 20
2.84138
 11
1.49796
 21
2.83801
  0
LINE
  8
0
 10
1.49796
 20
2.83801
 11
1.49802
 21
2.83464
  0
LINE
  8
0
 10
1.49802
 20
2.83464
 11
1.49796
 21
2.83125
  0
LINE
  8
0
 10
1.49796
 20
2.83125
 11
1.49774
 21
2.82788
  0
LINE
  8
0
 10
1.49774
 20
2.82788
 11
1.49739
 21
2.82452
  0
LINE
  8
0
 10
1.49739
 20
2.82452
 11
1.49689
 21
2.82118
  0
LINE
  8
0
 10
1.49689
 20
2.82118
 11
1.49626
 21
2.81786
  0
LINE
  8
0
 10
1.49626
 20
2.81786
 11
1.49548
 21
2.81456
  0
LINE
  8
0
 10
1.49548
 20
2.81456
 11
1.49458
 21
2.81131
  0
LINE
  8
0
 10
1.49458
 20
2.81131
 11
1.49353
 21
2.80809
  0
LINE
  8
0
 10
1.49353
 20
2.80809
 11
1.49236
 21
2.80493
  0
LINE
  8
0
 10
1.49236
 20
2.80493
 11
1.49104
 21
2.80182
  0
LINE
  8
0
 10
1.49104
 20
2.80182
 11
1.48961
 21
2.79875
  0
LINE
  8
0
 10
1.48961
 20
2.79875
 11
1.48804
 21
2.79576
  0
LINE
  8
0
 10
1.48804
 20
2.79576
 11
1.48634
 21
2.79283
  0
LINE
  8
0
 10
1.48634
 20
2.79283
 11
1.48454
 21
2.78998
  0
LINE
  8
0
 10
1.48454
 20
2.78998
 11
1.4826
 21
2.7872
  0
LINE
  8
0
 10
1.4826
 20
2.7872
 11
1.48056
 21
2.7845
  0
LINE
  8
0
 10
1.48056
 20
2.7845
 11
1.47841
 21
2.78191
  0
LINE
  8
0
 10
1.47841
 20
2.78191
 11
1.47615
 21
2.77939
  0
LINE
  8
0
 10
1.47615
 20
2.77939
 11
1.47379
 21
2.77698
  0
LINE
  8
0
 10
1.47379
 20
2.77698
 11
1.47131
 21
2.77466
  0
LINE
  8
0
 10
1.47131
 20
2.77466
 11
1.46877
 21
2.77245
  0
LINE
  8
0
 10
1.46877
 20
2.77245
 11
1.46611
 21
2.77036
  0
LINE
  8
0
 10
1.46611
 20
2.77036
 11
1.46338
 21
2.76837
  0
LINE
  8
0
 10
1.46338
 20
2.76837
 11
1.46056
 21
2.76649
  0
LINE
  8
0
 10
1.46056
 20
2.76649
 11
1.45767
 21
2.76474
  0
LINE
  8
0
 10
1.45767
 20
2.76474
 11
1.45471
 21
2.76311
  0
LINE
  8
0
 10
1.45471
 20
2.76311
 11
1.45168
 21
2.76161
  0
LINE
  8
0
 10
1.45168
 20
2.76161
 11
1.44859
 21
2.76024
  0
LINE
  8
0
 10
1.44859
 20
2.76024
 11
1.44545
 21
2.75899
  0
LINE
  8
0
 10
1.44545
 20
2.75899
 11
1.44226
 21
2.75787
  0
LINE
  8
0
 10
1.44226
 20
2.75787
 11
1.43903
 21
2.7569
  0
LINE
  8
0
 10
1.43903
 20
2.7569
 11
1.43575
 21
2.75606
  0
LINE
  8
0
 10
1.43575
 20
2.75606
 11
1.43243
 21
2.75536
  0
LINE
  8
0
 10
1.43243
 20
2.75536
 11
1.42911
 21
2.75479
  0
LINE
  8
0
 10
1.42911
 20
2.75479
 11
1.42575
 21
2.75438
  0
LINE
  8
0
 10
1.42575
 20
2.75438
 11
1.42238
 21
2.75409
  0
LINE
  8
0
 10
1.42238
 20
2.75409
 11
1.41901
 21
2.75395
  0
LINE
  8
0
 10
1.41901
 20
2.75395
 11
1.41562
 21
2.75395
  0
LINE
  8
0
 10
-4.25365
 20
2.75395
 11
-4.25703
 21
2.75409
  0
LINE
  8
0
 10
-4.25703
 20
2.75409
 11
-4.26039
 21
2.75438
  0
LINE
  8
0
 10
-4.26039
 20
2.75438
 11
-4.26375
 21
2.75479
  0
LINE
  8
0
 10
-4.26375
 20
2.75479
 11
-4.26709
 21
2.75536
  0
LINE
  8
0
 10
-4.26709
 20
2.75536
 11
-4.27039
 21
2.75606
  0
LINE
  8
0
 10
-4.27039
 20
2.75606
 11
-4.27367
 21
2.7569
  0
LINE
  8
0
 10
-4.27367
 20
2.7569
 11
-4.2769
 21
2.75787
  0
LINE
  8
0
 10
-4.2769
 20
2.75787
 11
-4.28009
 21
2.75899
  0
LINE
  8
0
 10
-4.28009
 20
2.75899
 11
-4.28323
 21
2.76024
  0
LINE
  8
0
 10
-4.28323
 20
2.76024
 11
-4.28633
 21
2.76161
  0
LINE
  8
0
 10
-4.28633
 20
2.76161
 11
-4.28935
 21
2.76311
  0
LINE
  8
0
 10
-4.28935
 20
2.76311
 11
-4.29231
 21
2.76474
  0
LINE
  8
0
 10
-4.29231
 20
2.76474
 11
-4.29521
 21
2.76649
  0
LINE
  8
0
 10
-4.29521
 20
2.76649
 11
-4.29802
 21
2.76837
  0
LINE
  8
0
 10
-4.29802
 20
2.76837
 11
-4.30075
 21
2.77036
  0
LINE
  8
0
 10
-4.30075
 20
2.77036
 11
-4.30341
 21
2.77245
  0
LINE
  8
0
 10
-4.30341
 20
2.77245
 11
-4.30597
 21
2.77466
  0
LINE
  8
0
 10
-4.30597
 20
2.77466
 11
-4.30843
 21
2.77698
  0
LINE
  8
0
 10
-4.30843
 20
2.77698
 11
-4.31079
 21
2.77939
  0
LINE
  8
0
 10
-4.31079
 20
2.77939
 11
-4.31306
 21
2.78191
  0
LINE
  8
0
 10
-4.31306
 20
2.78191
 11
-4.31522
 21
2.7845
  0
LINE
  8
0
 10
-4.31522
 20
2.7845
 11
-4.31726
 21
2.7872
  0
LINE
  8
0
 10
-4.31726
 20
2.7872
 11
-4.31918
 21
2.78998
  0
LINE
  8
0
 10
-4.31918
 20
2.78998
 11
-4.321
 21
2.79283
  0
LINE
  8
0
 10
-4.321
 20
2.79283
 11
-4.32269
 21
2.79576
  0
LINE
  8
0
 10
-4.32269
 20
2.79576
 11
-4.32425
 21
2.79875
  0
LINE
  8
0
 10
-4.32425
 20
2.79875
 11
-4.3257
 21
2.80182
  0
LINE
  8
0
 10
-4.3257
 20
2.80182
 11
-4.327
 21
2.80493
  0
LINE
  8
0
 10
-4.327
 20
2.80493
 11
-4.32819
 21
2.80809
  0
LINE
  8
0
 10
-4.32819
 20
2.80809
 11
-4.32922
 21
2.81131
  0
LINE
  8
0
 10
-4.32922
 20
2.81131
 11
-4.33014
 21
2.81456
  0
LINE
  8
0
 10
-4.33014
 20
2.81456
 11
-4.3309
 21
2.81786
  0
LINE
  8
0
 10
-4.3309
 20
2.81786
 11
-4.33154
 21
2.82118
  0
LINE
  8
0
 10
-4.33154
 20
2.82118
 11
-4.33203
 21
2.82452
  0
LINE
  8
0
 10
-4.33203
 20
2.82452
 11
-4.33238
 21
2.82788
  0
LINE
  8
0
 10
-4.33238
 20
2.82788
 11
-4.3326
 21
2.83125
  0
LINE
  8
0
 10
-4.3326
 20
2.83125
 11
-4.33267
 21
2.83464
  0
LINE
  8
0
 10
-4.33267
 20
2.83464
 11
-4.3326
 21
2.83801
  0
LINE
  8
0
 10
-4.3326
 20
2.83801
 11
-4.33238
 21
2.84138
  0
LINE
  8
0
 10
-4.33238
 20
2.84138
 11
-4.33203
 21
2.84476
  0
LINE
  8
0
 10
-4.33203
 20
2.84476
 11
-4.33154
 21
2.8481
  0
LINE
  8
0
 10
-4.33154
 20
2.8481
 11
-4.3309
 21
2.85143
  0
LINE
  8
0
 10
-4.3309
 20
2.85143
 11
-4.33014
 21
2.85471
  0
LINE
  8
0
 10
-4.33014
 20
2.85471
 11
-4.32922
 21
2.85797
  0
LINE
  8
0
 10
-4.32922
 20
2.85797
 11
-4.32819
 21
2.86118
  0
LINE
  8
0
 10
-4.32819
 20
2.86118
 11
-4.327
 21
2.86435
  0
LINE
  8
0
 10
-4.327
 20
2.86435
 11
-4.3257
 21
2.86746
  0
LINE
  8
0
 10
-4.3257
 20
2.86746
 11
-4.32425
 21
2.87053
  0
LINE
  8
0
 10
-4.32425
 20
2.87053
 11
-4.32269
 21
2.87352
  0
LINE
  8
0
 10
-4.32269
 20
2.87352
 11
-4.321
 21
2.87645
  0
LINE
  8
0
 10
-4.321
 20
2.87645
 11
-4.31918
 21
2.8793
  0
LINE
  8
0
 10
-4.31918
 20
2.8793
 11
-4.31726
 21
2.88208
  0
LINE
  8
0
 10
-4.31726
 20
2.88208
 11
-4.31522
 21
2.88477
  0
LINE
  8
0
 10
-4.31522
 20
2.88477
 11
-4.31306
 21
2.88737
  0
LINE
  8
0
 10
-4.31306
 20
2.88737
 11
-4.31079
 21
2.88989
  0
LINE
  8
0
 10
-4.31079
 20
2.88989
 11
-4.30843
 21
2.8923
  0
LINE
  8
0
 10
-4.30843
 20
2.8923
 11
-4.30597
 21
2.89462
  0
LINE
  8
0
 10
-4.30597
 20
2.89462
 11
-4.30341
 21
2.89682
  0
LINE
  8
0
 10
-4.30341
 20
2.89682
 11
-4.30075
 21
2.89893
  0
LINE
  8
0
 10
-4.30075
 20
2.89893
 11
-4.29802
 21
2.90091
  0
LINE
  8
0
 10
-4.29802
 20
2.90091
 11
-4.29521
 21
2.90279
  0
LINE
  8
0
 10
-4.29521
 20
2.90279
 11
-4.29231
 21
2.90454
  0
LINE
  8
0
 10
-4.29231
 20
2.90454
 11
-4.28935
 21
2.90616
  0
LINE
  8
0
 10
-4.28935
 20
2.90616
 11
-4.28633
 21
2.90767
  0
LINE
  8
0
 10
-4.28633
 20
2.90767
 11
-4.28323
 21
2.90904
  0
LINE
  8
0
 10
-4.28323
 20
2.90904
 11
-4.28009
 21
2.91028
  0
LINE
  8
0
 10
-4.28009
 20
2.91028
 11
-4.2769
 21
2.91139
  0
LINE
  8
0
 10
-4.2769
 20
2.91139
 11
-4.27367
 21
2.91237
  0
LINE
  8
0
 10
-4.27367
 20
2.91237
 11
-4.27039
 21
2.91321
  0
LINE
  8
0
 10
-4.27039
 20
2.91321
 11
-4.26709
 21
2.91391
  0
LINE
  8
0
 10
-4.26709
 20
2.91391
 11
-4.26375
 21
2.91447
  0
LINE
  8
0
 10
-4.26375
 20
2.91447
 11
-4.26039
 21
2.9149
  0
LINE
  8
0
 10
-4.26039
 20
2.9149
 11
-4.25703
 21
2.91519
  0
LINE
  8
0
 10
-4.25703
 20
2.91519
 11
-4.25365
 21
2.91533
  0
LINE
  8
0
 10
-4.25365
 20
2.91533
 11
-4.25027
 21
2.91533
  0
LINE
  8
0
 10
-4.25027
 20
2.91533
 11
-4.24689
 21
2.91519
  0
LINE
  8
0
 10
-4.24689
 20
2.91519
 11
-4.24353
 21
2.9149
  0
LINE
  8
0
 10
-4.24353
 20
2.9149
 11
-4.24017
 21
2.91447
  0
LINE
  8
0
 10
-4.24017
 20
2.91447
 11
-4.23683
 21
2.91391
  0
LINE
  8
0
 10
-4.23683
 20
2.91391
 11
-4.23354
 21
2.91321
  0
LINE
  8
0
 10
-4.23354
 20
2.91321
 11
-4.23026
 21
2.91237
  0
LINE
  8
0
 10
-4.23026
 20
2.91237
 11
-4.22702
 21
2.91139
  0
LINE
  8
0
 10
-4.22702
 20
2.91139
 11
-4.22383
 21
2.91028
  0
LINE
  8
0
 10
-4.22383
 20
2.91028
 11
-4.22069
 21
2.90904
  0
LINE
  8
0
 10
-4.22069
 20
2.90904
 11
-4.21759
 21
2.90767
  0
LINE
  8
0
 10
-4.21759
 20
2.90767
 11
-4.21457
 21
2.90616
  0
LINE
  8
0
 10
-4.21457
 20
2.90616
 11
-4.21161
 21
2.90454
  0
LINE
  8
0
 10
-4.21161
 20
2.90454
 11
-4.20871
 21
2.90279
  0
LINE
  8
0
 10
-4.20871
 20
2.90279
 11
-4.2059
 21
2.90091
  0
LINE
  8
0
 10
-4.2059
 20
2.90091
 11
-4.20317
 21
2.89893
  0
LINE
  8
0
 10
-4.20317
 20
2.89893
 11
-4.20052
 21
2.89682
  0
LINE
  8
0
 10
-4.20052
 20
2.89682
 11
-4.19795
 21
2.89462
  0
LINE
  8
0
 10
-4.19795
 20
2.89462
 11
-4.1955
 21
2.8923
  0
LINE
  8
0
 10
-4.1955
 20
2.8923
 11
-4.19313
 21
2.88989
  0
LINE
  8
0
 10
-4.19313
 20
2.88989
 11
-4.19087
 21
2.88737
  0
LINE
  8
0
 10
-4.19087
 20
2.88737
 11
-4.18871
 21
2.88477
  0
LINE
  8
0
 10
-4.18871
 20
2.88477
 11
-4.18666
 21
2.88208
  0
LINE
  8
0
 10
-4.18666
 20
2.88208
 11
-4.18474
 21
2.8793
  0
LINE
  8
0
 10
-4.18474
 20
2.8793
 11
-4.18292
 21
2.87645
  0
LINE
  8
0
 10
-4.18292
 20
2.87645
 11
-4.18123
 21
2.87352
  0
LINE
  8
0
 10
-4.18123
 20
2.87352
 11
-4.17967
 21
2.87053
  0
LINE
  8
0
 10
-4.17967
 20
2.87053
 11
-4.17824
 21
2.86746
  0
LINE
  8
0
 10
-4.17824
 20
2.86746
 11
-4.17693
 21
2.86435
  0
LINE
  8
0
 10
-4.17693
 20
2.86435
 11
-4.17574
 21
2.86118
  0
LINE
  8
0
 10
-4.17574
 20
2.86118
 11
-4.1747
 21
2.85797
  0
LINE
  8
0
 10
-4.1747
 20
2.85797
 11
-4.17378
 21
2.85471
  0
LINE
  8
0
 10
-4.17378
 20
2.85471
 11
-4.17302
 21
2.85143
  0
LINE
  8
0
 10
-4.17302
 20
2.85143
 11
-4.17238
 21
2.8481
  0
LINE
  8
0
 10
-4.17238
 20
2.8481
 11
-4.17189
 21
2.84476
  0
LINE
  8
0
 10
-4.17189
 20
2.84476
 11
-4.17154
 21
2.84138
  0
LINE
  8
0
 10
-4.17154
 20
2.84138
 11
-4.17133
 21
2.83801
  0
LINE
  8
0
 10
-4.17133
 20
2.83801
 11
-4.17125
 21
2.83464
  0
LINE
  8
0
 10
-4.17125
 20
2.83464
 11
-4.17133
 21
2.83125
  0
LINE
  8
0
 10
-4.17133
 20
2.83125
 11
-4.17154
 21
2.82788
  0
LINE
  8
0
 10
-4.17154
 20
2.82788
 11
-4.17189
 21
2.82452
  0
LINE
  8
0
 10
-4.17189
 20
2.82452
 11
-4.17238
 21
2.82118
  0
LINE
  8
0
 10
-4.17238
 20
2.82118
 11
-4.17302
 21
2.81786
  0
LINE
  8
0
 10
-4.17302
 20
2.81786
 11
-4.17378
 21
2.81456
  0
LINE
  8
0
 10
-4.17378
 20
2.81456
 11
-4.1747
 21
2.81131
  0
LINE
  8
0
 10
-4.1747
 20
2.81131
 11
-4.17574
 21
2.80809
  0
LINE
  8
0
 10
-4.17574
 20
2.80809
 11
-4.17693
 21
2.80493
  0
LINE
  8
0
 10
-4.17693
 20
2.80493
 11
-4.17824
 21
2.80182
  0
LINE
  8
0
 10
-4.17824
 20
2.80182
 11
-4.17967
 21
2.79875
  0
LINE
  8
0
 10
-4.17967
 20
2.79875
 11
-4.18123
 21
2.79576
  0
LINE
  8
0
 10
-4.18123
 20
2.79576
 11
-4.18292
 21
2.79283
  0
LINE
  8
0
 10
-4.18292
 20
2.79283
 11
-4.18474
 21
2.78998
  0
LINE
  8
0
 10
-4.18474
 20
2.78998
 11
-4.18666
 21
2.7872
  0
LINE
  8
0
 10
-4.18666
 20
2.7872
 11
-4.18871
 21
2.7845
  0
LINE
  8
0
 10
-4.18871
 20
2.7845
 11
-4.19087
 21
2.78191
  0
LINE
  8
0
 10
-4.19087
 20
2.78191
 11
-4.19313
 21
2.77939
  0
LINE
  8
0
 10
-4.19313
 20
2.77939
 11
-4.1955
 21
2.77698
  0
LINE
  8
0
 10
-4.1955
 20
2.77698
 11
-4.19795
 21
2.77466
  0
LINE
  8
0
 10
-4.19795
 20
2.77466
 11
-4.20052
 21
2.77245
  0
LINE
  8
0
 10
-4.20052
 20
2.77245
 11
-4.20317
 21
2.77036
  0
LINE
  8
0
 10
-4.20317
 20
2.77036
 11
-4.2059
 21
2.76837
  0
LINE
  8
0
 10
-4.2059
 20
2.76837
 11
-4.20871
 21
2.76649
  0
LINE
  8
0
 10
-4.20871
 20
2.76649
 11
-4.21161
 21
2.76474
  0
LINE
  8
0
 10
-4.21161
 20
2.76474
 11
-4.21457
 21
2.76311
  0
LINE
  8
0
 10
-4.21457
 20
2.76311
 11
-4.21759
 21
2.76161
  0
LINE
  8
0
 10
-4.21759
 20
2.76161
 11
-4.22069
 21
2.76024
  0
LINE
  8
0
 10
-4.22069
 20
2.76024
 11
-4.22383
 21
2.75899
  0
LINE
  8
0
 10
-4.22383
 20
2.75899
 11
-4.22702
 21
2.75787
  0
LINE
  8
0
 10
-4.22702
 20
2.75787
 11
-4.23026
 21
2.7569
  0
LINE
  8
0
 10
-4.23026
 20
2.7569
 11
-4.23354
 21
2.75606
  0
LINE
  8
0
 10
-4.23354
 20
2.75606
 11
-4.23683
 21
2.75536
  0
LINE
  8
0
 10
-4.23683
 20
2.75536
 11
-4.24017
 21
2.75479
  0
LINE
  8
0
 10
-4.24017
 20
2.75479
 11
-4.24353
 21
2.75438
  0
LINE
  8
0
 10
-4.24353
 20
2.75438
 11
-4.24689
 21
2.75409
  0
LINE
  8
0
 10
-4.24689
 20
2.75409
 11
-4.25027
 21
2.75395
  0
LINE
  8
0
 10
-4.25027
 20
2.75395
 11
-4.25365
 21
2.75395
  0
LINE
  8
0
 10
-6.14342
 20
2.75395
 11
-6.14679
 21
2.75409
  0
LINE
  8
0
 10
-6.14679
 20
2.75409
 11
-6.15016
 21
2.75438
  0
LINE
  8
0
 10
-6.15016
 20
2.75438
 11
-6.15352
 21
2.75479
  0
LINE
  8
0
 10
-6.15352
 20
2.75479
 11
-6.15685
 21
2.75536
  0
LINE
  8
0
 10
-6.15685
 20
2.75536
 11
-6.16016
 21
2.75606
  0
LINE
  8
0
 10
-6.16016
 20
2.75606
 11
-6.16342
 21
2.7569
  0
LINE
  8
0
 10
-6.16342
 20
2.7569
 11
-6.16667
 21
2.75787
  0
LINE
  8
0
 10
-6.16667
 20
2.75787
 11
-6.16986
 21
2.75899
  0
LINE
  8
0
 10
-6.16986
 20
2.75899
 11
-6.173
 21
2.76024
  0
LINE
  8
0
 10
-6.173
 20
2.76024
 11
-6.17609
 21
2.76161
  0
LINE
  8
0
 10
-6.17609
 20
2.76161
 11
-6.17912
 21
2.76311
  0
LINE
  8
0
 10
-6.17912
 20
2.76311
 11
-6.18208
 21
2.76474
  0
LINE
  8
0
 10
-6.18208
 20
2.76474
 11
-6.18497
 21
2.76649
  0
LINE
  8
0
 10
-6.18497
 20
2.76649
 11
-6.18779
 21
2.76837
  0
LINE
  8
0
 10
-6.18779
 20
2.76837
 11
-6.19052
 21
2.77036
  0
LINE
  8
0
 10
-6.19052
 20
2.77036
 11
-6.19318
 21
2.77245
  0
LINE
  8
0
 10
-6.19318
 20
2.77245
 11
-6.19572
 21
2.77466
  0
LINE
  8
0
 10
-6.19572
 20
2.77466
 11
-6.1982
 21
2.77698
  0
LINE
  8
0
 10
-6.1982
 20
2.77698
 11
-6.20056
 21
2.77939
  0
LINE
  8
0
 10
-6.20056
 20
2.77939
 11
-6.20282
 21
2.78191
  0
LINE
  8
0
 10
-6.20282
 20
2.78191
 11
-6.20497
 21
2.7845
  0
LINE
  8
0
 10
-6.20497
 20
2.7845
 11
-6.20702
 21
2.7872
  0
LINE
  8
0
 10
-6.20702
 20
2.7872
 11
-6.20895
 21
2.78998
  0
LINE
  8
0
 10
-6.20895
 20
2.78998
 11
-6.21075
 21
2.79283
  0
LINE
  8
0
 10
-6.21075
 20
2.79283
 11
-6.21245
 21
2.79576
  0
LINE
  8
0
 10
-6.21245
 20
2.79576
 11
-6.21402
 21
2.79875
  0
LINE
  8
0
 10
-6.21402
 20
2.79875
 11
-6.21545
 21
2.80182
  0
LINE
  8
0
 10
-6.21545
 20
2.80182
 11
-6.21677
 21
2.80493
  0
LINE
  8
0
 10
-6.21677
 20
2.80493
 11
-6.21794
 21
2.80809
  0
LINE
  8
0
 10
-6.21794
 20
2.80809
 11
-6.21899
 21
2.81131
  0
LINE
  8
0
 10
-6.21899
 20
2.81131
 11
-6.21989
 21
2.81456
  0
LINE
  8
0
 10
-6.21989
 20
2.81456
 11
-6.22067
 21
2.81786
  0
LINE
  8
0
 10
-6.22067
 20
2.81786
 11
-6.2213
 21
2.82118
  0
LINE
  8
0
 10
-6.2213
 20
2.82118
 11
-6.2218
 21
2.82452
  0
LINE
  8
0
 10
-6.2218
 20
2.82452
 11
-6.22215
 21
2.82788
  0
LINE
  8
0
 10
-6.22215
 20
2.82788
 11
-6.22237
 21
2.83125
  0
LINE
  8
0
 10
-6.22237
 20
2.83125
 11
-6.22243
 21
2.83464
  0
LINE
  8
0
 10
-6.22243
 20
2.83464
 11
-6.22237
 21
2.83801
  0
LINE
  8
0
 10
-6.22237
 20
2.83801
 11
-6.22215
 21
2.84138
  0
LINE
  8
0
 10
-6.22215
 20
2.84138
 11
-6.2218
 21
2.84476
  0
LINE
  8
0
 10
-6.2218
 20
2.84476
 11
-6.2213
 21
2.8481
  0
LINE
  8
0
 10
-6.2213
 20
2.8481
 11
-6.22067
 21
2.85143
  0
LINE
  8
0
 10
-6.22067
 20
2.85143
 11
-6.21989
 21
2.85471
  0
LINE
  8
0
 10
-6.21989
 20
2.85471
 11
-6.21899
 21
2.85797
  0
LINE
  8
0
 10
-6.21899
 20
2.85797
 11
-6.21794
 21
2.86118
  0
LINE
  8
0
 10
-6.21794
 20
2.86118
 11
-6.21677
 21
2.86435
  0
LINE
  8
0
 10
-6.21677
 20
2.86435
 11
-6.21545
 21
2.86746
  0
LINE
  8
0
 10
-6.21545
 20
2.86746
 11
-6.21402
 21
2.87053
  0
LINE
  8
0
 10
-6.21402
 20
2.87053
 11
-6.21245
 21
2.87352
  0
LINE
  8
0
 10
-6.21245
 20
2.87352
 11
-6.21075
 21
2.87645
  0
LINE
  8
0
 10
-6.21075
 20
2.87645
 11
-6.20895
 21
2.8793
  0
LINE
  8
0
 10
-6.20895
 20
2.8793
 11
-6.20702
 21
2.88208
  0
LINE
  8
0
 10
-6.20702
 20
2.88208
 11
-6.20497
 21
2.88477
  0
LINE
  8
0
 10
-6.20497
 20
2.88477
 11
-6.20282
 21
2.88737
  0
LINE
  8
0
 10
-6.20282
 20
2.88737
 11
-6.20056
 21
2.88989
  0
LINE
  8
0
 10
-6.20056
 20
2.88989
 11
-6.1982
 21
2.8923
  0
LINE
  8
0
 10
-6.1982
 20
2.8923
 11
-6.19572
 21
2.89462
  0
LINE
  8
0
 10
-6.19572
 20
2.89462
 11
-6.19318
 21
2.89682
  0
LINE
  8
0
 10
-6.19318
 20
2.89682
 11
-6.19052
 21
2.89893
  0
LINE
  8
0
 10
-6.19052
 20
2.89893
 11
-6.18779
 21
2.90091
  0
LINE
  8
0
 10
-6.18779
 20
2.90091
 11
-6.18497
 21
2.90279
  0
LINE
  8
0
 10
-6.18497
 20
2.90279
 11
-6.18208
 21
2.90454
  0
LINE
  8
0
 10
-6.18208
 20
2.90454
 11
-6.17912
 21
2.90616
  0
LINE
  8
0
 10
-6.17912
 20
2.90616
 11
-6.17609
 21
2.90767
  0
LINE
  8
0
 10
-6.17609
 20
2.90767
 11
-6.173
 21
2.90904
  0
LINE
  8
0
 10
-6.173
 20
2.90904
 11
-6.16986
 21
2.91028
  0
LINE
  8
0
 10
-6.16986
 20
2.91028
 11
-6.16667
 21
2.91139
  0
LINE
  8
0
 10
-6.16667
 20
2.91139
 11
-6.16342
 21
2.91237
  0
LINE
  8
0
 10
-6.16342
 20
2.91237
 11
-6.16016
 21
2.91321
  0
LINE
  8
0
 10
-6.16016
 20
2.91321
 11
-6.15685
 21
2.91391
  0
LINE
  8
0
 10
-6.15685
 20
2.91391
 11
-6.15352
 21
2.91447
  0
LINE
  8
0
 10
-6.15352
 20
2.91447
 11
-6.15016
 21
2.9149
  0
LINE
  8
0
 10
-6.15016
 20
2.9149
 11
-6.14679
 21
2.91519
  0
LINE
  8
0
 10
-6.14679
 20
2.91519
 11
-6.14342
 21
2.91533
  0
LINE
  8
0
 10
-6.14342
 20
2.91533
 11
-6.14003
 21
2.91533
  0
LINE
  8
0
 10
-6.14003
 20
2.91533
 11
-6.13666
 21
2.91519
  0
LINE
  8
0
 10
-6.13666
 20
2.91519
 11
-6.13329
 21
2.9149
  0
LINE
  8
0
 10
-6.13329
 20
2.9149
 11
-6.12993
 21
2.91447
  0
LINE
  8
0
 10
-6.12993
 20
2.91447
 11
-6.1266
 21
2.91391
  0
LINE
  8
0
 10
-6.1266
 20
2.91391
 11
-6.12329
 21
2.91321
  0
LINE
  8
0
 10
-6.12329
 20
2.91321
 11
-6.12003
 21
2.91237
  0
LINE
  8
0
 10
-6.12003
 20
2.91237
 11
-6.11679
 21
2.91139
  0
LINE
  8
0
 10
-6.11679
 20
2.91139
 11
-6.11359
 21
2.91028
  0
LINE
  8
0
 10
-6.11359
 20
2.91028
 11
-6.11044
 21
2.90904
  0
LINE
  8
0
 10
-6.11044
 20
2.90904
 11
-6.10736
 21
2.90767
  0
LINE
  8
0
 10
-6.10736
 20
2.90767
 11
-6.10434
 21
2.90616
  0
LINE
  8
0
 10
-6.10434
 20
2.90616
 11
-6.10136
 21
2.90454
  0
LINE
  8
0
 10
-6.10136
 20
2.90454
 11
-6.09848
 21
2.90279
  0
LINE
  8
0
 10
-6.09848
 20
2.90279
 11
-6.09566
 21
2.90091
  0
LINE
  8
0
 10
-6.09566
 20
2.90091
 11
-6.09293
 21
2.89893
  0
LINE
  8
0
 10
-6.09293
 20
2.89893
 11
-6.09029
 21
2.89682
  0
LINE
  8
0
 10
-6.09029
 20
2.89682
 11
-6.08772
 21
2.89462
  0
LINE
  8
0
 10
-6.08772
 20
2.89462
 11
-6.08525
 21
2.8923
  0
LINE
  8
0
 10
-6.08525
 20
2.8923
 11
-6.08289
 21
2.88989
  0
LINE
  8
0
 10
-6.08289
 20
2.88989
 11
-6.08063
 21
2.88737
  0
LINE
  8
0
 10
-6.08063
 20
2.88737
 11
-6.07848
 21
2.88477
  0
LINE
  8
0
 10
-6.07848
 20
2.88477
 11
-6.07643
 21
2.88208
  0
LINE
  8
0
 10
-6.07643
 20
2.88208
 11
-6.07451
 21
2.8793
  0
LINE
  8
0
 10
-6.07451
 20
2.8793
 11
-6.07269
 21
2.87645
  0
LINE
  8
0
 10
-6.07269
 20
2.87645
 11
-6.071
 21
2.87352
  0
LINE
  8
0
 10
-6.071
 20
2.87352
 11
-6.06943
 21
2.87053
  0
LINE
  8
0
 10
-6.06943
 20
2.87053
 11
-6.06799
 21
2.86746
  0
LINE
  8
0
 10
-6.06799
 20
2.86746
 11
-6.06668
 21
2.86435
  0
LINE
  8
0
 10
-6.06668
 20
2.86435
 11
-6.06551
 21
2.86118
  0
LINE
  8
0
 10
-6.06551
 20
2.86118
 11
-6.06447
 21
2.85797
  0
LINE
  8
0
 10
-6.06447
 20
2.85797
 11
-6.06355
 21
2.85471
  0
LINE
  8
0
 10
-6.06355
 20
2.85471
 11
-6.06277
 21
2.85143
  0
LINE
  8
0
 10
-6.06277
 20
2.85143
 11
-6.06215
 21
2.8481
  0
LINE
  8
0
 10
-6.06215
 20
2.8481
 11
-6.06165
 21
2.84476
  0
LINE
  8
0
 10
-6.06165
 20
2.84476
 11
-6.06129
 21
2.84138
  0
LINE
  8
0
 10
-6.06129
 20
2.84138
 11
-6.06108
 21
2.83801
  0
LINE
  8
0
 10
-6.06108
 20
2.83801
 11
-6.06102
 21
2.83464
  0
LINE
  8
0
 10
-6.06102
 20
2.83464
 11
-6.06108
 21
2.83125
  0
LINE
  8
0
 10
-6.06108
 20
2.83125
 11
-6.06129
 21
2.82788
  0
LINE
  8
0
 10
-6.06129
 20
2.82788
 11
-6.06165
 21
2.82452
  0
LINE
  8
0
 10
-6.06165
 20
2.82452
 11
-6.06215
 21
2.82118
  0
LINE
  8
0
 10
-6.06215
 20
2.82118
 11
-6.06277
 21
2.81786
  0
LINE
  8
0
 10
-6.06277
 20
2.81786
 11
-6.06355
 21
2.81456
  0
LINE
  8
0
 10
-6.06355
 20
2.81456
 11
-6.06447
 21
2.81131
  0
LINE
  8
0
 10
-6.06447
 20
2.81131
 11
-6.06551
 21
2.80809
  0
LINE
  8
0
 10
-6.06551
 20
2.80809
 11
-6.06668
 21
2.80493
  0
LINE
  8
0
 10
-6.06668
 20
2.80493
 11
-6.06799
 21
2.80182
  0
LINE
  8
0
 10
-6.06799
 20
2.80182
 11
-6.06943
 21
2.79875
  0
LINE
  8
0
 10
-6.06943
 20
2.79875
 11
-6.071
 21
2.79576
  0
LINE
  8
0
 10
-6.071
 20
2.79576
 11
-6.07269
 21
2.79283
  0
LINE
  8
0
 10
-6.07269
 20
2.79283
 11
-6.07451
 21
2.78998
  0
LINE
  8
0
 10
-6.07451
 20
2.78998
 11
-6.07643
 21
2.7872
  0
LINE
  8
0
 10
-6.07643
 20
2.7872
 11
-6.07848
 21
2.7845
  0
LINE
  8
0
 10
-6.07848
 20
2.7845
 11
-6.08063
 21
2.78191
  0
LINE
  8
0
 10
-6.08063
 20
2.78191
 11
-6.08289
 21
2.77939
  0
LINE
  8
0
 10
-6.08289
 20
2.77939
 11
-6.08525
 21
2.77698
  0
LINE
  8
0
 10
-6.08525
 20
2.77698
 11
-6.08772
 21
2.77466
  0
LINE
  8
0
 10
-6.08772
 20
2.77466
 11
-6.09029
 21
2.77245
  0
LINE
  8
0
 10
-6.09029
 20
2.77245
 11
-6.09293
 21
2.77036
  0
LINE
  8
0
 10
-6.09293
 20
2.77036
 11
-6.09566
 21
2.76837
  0
LINE
  8
0
 10
-6.09566
 20
2.76837
 11
-6.09848
 21
2.76649
  0
LINE
  8
0
 10
-6.09848
 20
2.76649
 11
-6.10136
 21
2.76474
  0
LINE
  8
0
 10
-6.10136
 20
2.76474
 11
-6.10434
 21
2.76311
  0
LINE
  8
0
 10
-6.10434
 20
2.76311
 11
-6.10736
 21
2.76161
  0
LINE
  8
0
 10
-6.10736
 20
2.76161
 11
-6.11044
 21
2.76024
  0
LINE
  8
0
 10
-6.11044
 20
2.76024
 11
-6.11359
 21
2.75899
  0
LINE
  8
0
 10
-6.11359
 20
2.75899
 11
-6.11679
 21
2.75787
  0
LINE
  8
0
 10
-6.11679
 20
2.75787
 11
-6.12003
 21
2.7569
  0
LINE
  8
0
 10
-6.12003
 20
2.7569
 11
-6.12329
 21
2.75606
  0
LINE
  8
0
 10
-6.12329
 20
2.75606
 11
-6.1266
 21
2.75536
  0
LINE
  8
0
 10
-6.1266
 20
2.75536
 11
-6.12993
 21
2.75479
  0
LINE
  8
0
 10
-6.12993
 20
2.75479
 11
-6.13329
 21
2.75438
  0
LINE
  8
0
 10
-6.13329
 20
2.75438
 11
-6.13666
 21
2.75409
  0
LINE
  8
0
 10
-6.13666
 20
2.75409
 11
-6.14003
 21
2.75395
  0
LINE
  8
0
 10
-6.14003
 20
2.75395
 11
-6.14342
 21
2.75395
  0
LINE
  8
0
 10
-5.51349
 20
2.75395
 11
-5.51688
 21
2.75409
  0
LINE
  8
0
 10
-5.51688
 20
2.75409
 11
-5.52023
 21
2.75438
  0
LINE
  8
0
 10
-5.52023
 20
2.75438
 11
-5.52359
 21
2.75479
  0
LINE
  8
0
 10
-5.52359
 20
2.75479
 11
-5.52693
 21
2.75536
  0
LINE
  8
0
 10
-5.52693
 20
2.75536
 11
-5.53023
 21
2.75606
  0
LINE
  8
0
 10
-5.53023
 20
2.75606
 11
-5.53351
 21
2.7569
  0
LINE
  8
0
 10
-5.53351
 20
2.7569
 11
-5.53674
 21
2.75787
  0
LINE
  8
0
 10
-5.53674
 20
2.75787
 11
-5.53993
 21
2.75899
  0
LINE
  8
0
 10
-5.53993
 20
2.75899
 11
-5.54308
 21
2.76024
  0
LINE
  8
0
 10
-5.54308
 20
2.76024
 11
-5.54617
 21
2.76161
  0
LINE
  8
0
 10
-5.54617
 20
2.76161
 11
-5.54919
 21
2.76311
  0
LINE
  8
0
 10
-5.54919
 20
2.76311
 11
-5.55215
 21
2.76474
  0
LINE
  8
0
 10
-5.55215
 20
2.76474
 11
-5.55505
 21
2.76649
  0
LINE
  8
0
 10
-5.55505
 20
2.76649
 11
-5.55786
 21
2.76837
  0
LINE
  8
0
 10
-5.55786
 20
2.76837
 11
-5.56061
 21
2.77036
  0
LINE
  8
0
 10
-5.56061
 20
2.77036
 11
-5.56325
 21
2.77245
  0
LINE
  8
0
 10
-5.56325
 20
2.77245
 11
-5.56581
 21
2.77466
  0
LINE
  8
0
 10
-5.56581
 20
2.77466
 11
-5.56827
 21
2.77698
  0
LINE
  8
0
 10
-5.56827
 20
2.77698
 11
-5.57063
 21
2.77939
  0
LINE
  8
0
 10
-5.57063
 20
2.77939
 11
-5.57291
 21
2.78191
  0
LINE
  8
0
 10
-5.57291
 20
2.78191
 11
-5.57506
 21
2.7845
  0
LINE
  8
0
 10
-5.57506
 20
2.7845
 11
-5.5771
 21
2.7872
  0
LINE
  8
0
 10
-5.5771
 20
2.7872
 11
-5.57903
 21
2.78998
  0
LINE
  8
0
 10
-5.57903
 20
2.78998
 11
-5.58084
 21
2.79283
  0
LINE
  8
0
 10
-5.58084
 20
2.79283
 11
-5.58253
 21
2.79576
  0
LINE
  8
0
 10
-5.58253
 20
2.79576
 11
-5.58409
 21
2.79875
  0
LINE
  8
0
 10
-5.58409
 20
2.79875
 11
-5.58554
 21
2.80182
  0
LINE
  8
0
 10
-5.58554
 20
2.80182
 11
-5.58685
 21
2.80493
  0
LINE
  8
0
 10
-5.58685
 20
2.80493
 11
-5.58803
 21
2.80809
  0
LINE
  8
0
 10
-5.58803
 20
2.80809
 11
-5.58907
 21
2.81131
  0
LINE
  8
0
 10
-5.58907
 20
2.81131
 11
-5.58998
 21
2.81456
  0
LINE
  8
0
 10
-5.58998
 20
2.81456
 11
-5.59074
 21
2.81786
  0
LINE
  8
0
 10
-5.59074
 20
2.81786
 11
-5.59138
 21
2.82118
  0
LINE
  8
0
 10
-5.59138
 20
2.82118
 11
-5.59187
 21
2.82452
  0
LINE
  8
0
 10
-5.59187
 20
2.82452
 11
-5.59222
 21
2.82788
  0
LINE
  8
0
 10
-5.59222
 20
2.82788
 11
-5.59244
 21
2.83125
  0
LINE
  8
0
 10
-5.59244
 20
2.83125
 11
-5.59251
 21
2.83464
  0
LINE
  8
0
 10
-5.59251
 20
2.83464
 11
-5.59244
 21
2.83801
  0
LINE
  8
0
 10
-5.59244
 20
2.83801
 11
-5.59222
 21
2.84138
  0
LINE
  8
0
 10
-5.59222
 20
2.84138
 11
-5.59187
 21
2.84476
  0
LINE
  8
0
 10
-5.59187
 20
2.84476
 11
-5.59138
 21
2.8481
  0
LINE
  8
0
 10
-5.59138
 20
2.8481
 11
-5.59074
 21
2.85143
  0
LINE
  8
0
 10
-5.59074
 20
2.85143
 11
-5.58998
 21
2.85471
  0
LINE
  8
0
 10
-5.58998
 20
2.85471
 11
-5.58907
 21
2.85797
  0
LINE
  8
0
 10
-5.58907
 20
2.85797
 11
-5.58803
 21
2.86118
  0
LINE
  8
0
 10
-5.58803
 20
2.86118
 11
-5.58685
 21
2.86435
  0
LINE
  8
0
 10
-5.58685
 20
2.86435
 11
-5.58554
 21
2.86746
  0
LINE
  8
0
 10
-5.58554
 20
2.86746
 11
-5.58409
 21
2.87053
  0
LINE
  8
0
 10
-5.58409
 20
2.87053
 11
-5.58253
 21
2.87352
  0
LINE
  8
0
 10
-5.58253
 20
2.87352
 11
-5.58084
 21
2.87645
  0
LINE
  8
0
 10
-5.58084
 20
2.87645
 11
-5.57903
 21
2.8793
  0
LINE
  8
0
 10
-5.57903
 20
2.8793
 11
-5.5771
 21
2.88208
  0
LINE
  8
0
 10
-5.5771
 20
2.88208
 11
-5.57506
 21
2.88477
  0
LINE
  8
0
 10
-5.57506
 20
2.88477
 11
-5.57291
 21
2.88737
  0
LINE
  8
0
 10
-5.57291
 20
2.88737
 11
-5.57063
 21
2.88989
  0
LINE
  8
0
 10
-5.57063
 20
2.88989
 11
-5.56827
 21
2.8923
  0
LINE
  8
0
 10
-5.56827
 20
2.8923
 11
-5.56581
 21
2.89462
  0
LINE
  8
0
 10
-5.56581
 20
2.89462
 11
-5.56325
 21
2.89682
  0
LINE
  8
0
 10
-5.56325
 20
2.89682
 11
-5.56061
 21
2.89893
  0
LINE
  8
0
 10
-5.56061
 20
2.89893
 11
-5.55786
 21
2.90091
  0
LINE
  8
0
 10
-5.55786
 20
2.90091
 11
-5.55505
 21
2.90279
  0
LINE
  8
0
 10
-5.55505
 20
2.90279
 11
-5.55215
 21
2.90454
  0
LINE
  8
0
 10
-5.55215
 20
2.90454
 11
-5.54919
 21
2.90616
  0
LINE
  8
0
 10
-5.54919
 20
2.90616
 11
-5.54617
 21
2.90767
  0
LINE
  8
0
 10
-5.54617
 20
2.90767
 11
-5.54308
 21
2.90904
  0
LINE
  8
0
 10
-5.54308
 20
2.90904
 11
-5.53993
 21
2.91028
  0
LINE
  8
0
 10
-5.53993
 20
2.91028
 11
-5.53674
 21
2.91139
  0
LINE
  8
0
 10
-5.53674
 20
2.91139
 11
-5.53351
 21
2.91237
  0
LINE
  8
0
 10
-5.53351
 20
2.91237
 11
-5.53023
 21
2.91321
  0
LINE
  8
0
 10
-5.53023
 20
2.91321
 11
-5.52693
 21
2.91391
  0
LINE
  8
0
 10
-5.52693
 20
2.91391
 11
-5.52359
 21
2.91447
  0
LINE
  8
0
 10
-5.52359
 20
2.91447
 11
-5.52023
 21
2.9149
  0
LINE
  8
0
 10
-5.52023
 20
2.9149
 11
-5.51688
 21
2.91519
  0
LINE
  8
0
 10
-5.51688
 20
2.91519
 11
-5.51349
 21
2.91533
  0
LINE
  8
0
 10
-5.51349
 20
2.91533
 11
-5.51012
 21
2.91533
  0
LINE
  8
0
 10
-5.51012
 20
2.91533
 11
-5.50673
 21
2.91519
  0
LINE
  8
0
 10
-5.50673
 20
2.91519
 11
-5.50337
 21
2.9149
  0
LINE
  8
0
 10
-5.50337
 20
2.9149
 11
-5.50002
 21
2.91447
  0
LINE
  8
0
 10
-5.50002
 20
2.91447
 11
-5.49667
 21
2.91391
  0
LINE
  8
0
 10
-5.49667
 20
2.91391
 11
-5.49338
 21
2.91321
  0
LINE
  8
0
 10
-5.49338
 20
2.91321
 11
-5.4901
 21
2.91237
  0
LINE
  8
0
 10
-5.4901
 20
2.91237
 11
-5.48686
 21
2.91139
  0
LINE
  8
0
 10
-5.48686
 20
2.91139
 11
-5.48367
 21
2.91028
  0
LINE
  8
0
 10
-5.48367
 20
2.91028
 11
-5.48053
 21
2.90904
  0
LINE
  8
0
 10
-5.48053
 20
2.90904
 11
-5.47745
 21
2.90767
  0
LINE
  8
0
 10
-5.47745
 20
2.90767
 11
-5.47441
 21
2.90616
  0
LINE
  8
0
 10
-5.47441
 20
2.90616
 11
-5.47145
 21
2.90454
  0
LINE
  8
0
 10
-5.47145
 20
2.90454
 11
-5.46855
 21
2.90279
  0
LINE
  8
0
 10
-5.46855
 20
2.90279
 11
-5.46574
 21
2.90091
  0
LINE
  8
0
 10
-5.46574
 20
2.90091
 11
-5.46301
 21
2.89893
  0
LINE
  8
0
 10
-5.46301
 20
2.89893
 11
-5.46036
 21
2.89682
  0
LINE
  8
0
 10
-5.46036
 20
2.89682
 11
-5.45779
 21
2.89462
  0
LINE
  8
0
 10
-5.45779
 20
2.89462
 11
-5.45534
 21
2.8923
  0
LINE
  8
0
 10
-5.45534
 20
2.8923
 11
-5.45297
 21
2.88989
  0
LINE
  8
0
 10
-5.45297
 20
2.88989
 11
-5.45071
 21
2.88737
  0
LINE
  8
0
 10
-5.45071
 20
2.88737
 11
-5.44855
 21
2.88477
  0
LINE
  8
0
 10
-5.44855
 20
2.88477
 11
-5.4465
 21
2.88208
  0
LINE
  8
0
 10
-5.4465
 20
2.88208
 11
-5.44458
 21
2.8793
  0
LINE
  8
0
 10
-5.44458
 20
2.8793
 11
-5.44276
 21
2.87645
  0
LINE
  8
0
 10
-5.44276
 20
2.87645
 11
-5.44109
 21
2.87352
  0
LINE
  8
0
 10
-5.44109
 20
2.87352
 11
-5.43951
 21
2.87053
  0
LINE
  8
0
 10
-5.43951
 20
2.87053
 11
-5.43808
 21
2.86746
  0
LINE
  8
0
 10
-5.43808
 20
2.86746
 11
-5.43677
 21
2.86435
  0
LINE
  8
0
 10
-5.43677
 20
2.86435
 11
-5.43558
 21
2.86118
  0
LINE
  8
0
 10
-5.43558
 20
2.86118
 11
-5.43454
 21
2.85797
  0
LINE
  8
0
 10
-5.43454
 20
2.85797
 11
-5.43362
 21
2.85471
  0
LINE
  8
0
 10
-5.43362
 20
2.85471
 11
-5.43286
 21
2.85143
  0
LINE
  8
0
 10
-5.43286
 20
2.85143
 11
-5.43222
 21
2.8481
  0
LINE
  8
0
 10
-5.43222
 20
2.8481
 11
-5.43173
 21
2.84476
  0
LINE
  8
0
 10
-5.43173
 20
2.84476
 11
-5.43138
 21
2.84138
  0
LINE
  8
0
 10
-5.43138
 20
2.84138
 11
-5.43117
 21
2.83801
  0
LINE
  8
0
 10
-5.43117
 20
2.83801
 11
-5.43109
 21
2.83464
  0
LINE
  8
0
 10
-5.43109
 20
2.83464
 11
-5.43117
 21
2.83125
  0
LINE
  8
0
 10
-5.43117
 20
2.83125
 11
-5.43138
 21
2.82788
  0
LINE
  8
0
 10
-5.43138
 20
2.82788
 11
-5.43173
 21
2.82452
  0
LINE
  8
0
 10
-5.43173
 20
2.82452
 11
-5.43222
 21
2.82118
  0
LINE
  8
0
 10
-5.43222
 20
2.82118
 11
-5.43286
 21
2.81786
  0
LINE
  8
0
 10
-5.43286
 20
2.81786
 11
-5.43362
 21
2.81456
  0
LINE
  8
0
 10
-5.43362
 20
2.81456
 11
-5.43454
 21
2.81131
  0
LINE
  8
0
 10
-5.43454
 20
2.81131
 11
-5.43558
 21
2.80809
  0
LINE
  8
0
 10
-5.43558
 20
2.80809
 11
-5.43677
 21
2.80493
  0
LINE
  8
0
 10
-5.43677
 20
2.80493
 11
-5.43808
 21
2.80182
  0
LINE
  8
0
 10
-5.43808
 20
2.80182
 11
-5.43951
 21
2.79875
  0
LINE
  8
0
 10
-5.43951
 20
2.79875
 11
-5.44109
 21
2.79576
  0
LINE
  8
0
 10
-5.44109
 20
2.79576
 11
-5.44276
 21
2.79283
  0
LINE
  8
0
 10
-5.44276
 20
2.79283
 11
-5.44458
 21
2.78998
  0
LINE
  8
0
 10
-5.44458
 20
2.78998
 11
-5.4465
 21
2.7872
  0
LINE
  8
0
 10
-5.4465
 20
2.7872
 11
-5.44855
 21
2.7845
  0
LINE
  8
0
 10
-5.44855
 20
2.7845
 11
-5.45071
 21
2.78191
  0
LINE
  8
0
 10
-5.45071
 20
2.78191
 11
-5.45297
 21
2.77939
  0
LINE
  8
0
 10
-5.45297
 20
2.77939
 11
-5.45534
 21
2.77698
  0
LINE
  8
0
 10
-5.45534
 20
2.77698
 11
-5.45779
 21
2.77466
  0
LINE
  8
0
 10
-5.45779
 20
2.77466
 11
-5.46036
 21
2.77245
  0
LINE
  8
0
 10
-5.46036
 20
2.77245
 11
-5.46301
 21
2.77036
  0
LINE
  8
0
 10
-5.46301
 20
2.77036
 11
-5.46574
 21
2.76837
  0
LINE
  8
0
 10
-5.46574
 20
2.76837
 11
-5.46855
 21
2.76649
  0
LINE
  8
0
 10
-5.46855
 20
2.76649
 11
-5.47145
 21
2.76474
  0
LINE
  8
0
 10
-5.47145
 20
2.76474
 11
-5.47441
 21
2.76311
  0
LINE
  8
0
 10
-5.47441
 20
2.76311
 11
-5.47745
 21
2.76161
  0
LINE
  8
0
 10
-5.47745
 20
2.76161
 11
-5.48053
 21
2.76024
  0
LINE
  8
0
 10
-5.48053
 20
2.76024
 11
-5.48367
 21
2.75899
  0
LINE
  8
0
 10
-5.48367
 20
2.75899
 11
-5.48686
 21
2.75787
  0
LINE
  8
0
 10
-5.48686
 20
2.75787
 11
-5.4901
 21
2.7569
  0
LINE
  8
0
 10
-5.4901
 20
2.7569
 11
-5.49338
 21
2.75606
  0
LINE
  8
0
 10
-5.49338
 20
2.75606
 11
-5.49667
 21
2.75536
  0
LINE
  8
0
 10
-5.49667
 20
2.75536
 11
-5.50002
 21
2.75479
  0
LINE
  8
0
 10
-5.50002
 20
2.75479
 11
-5.50337
 21
2.75438
  0
LINE
  8
0
 10
-5.50337
 20
2.75438
 11
-5.50673
 21
2.75409
  0
LINE
  8
0
 10
-5.50673
 20
2.75409
 11
-5.51012
 21
2.75395
  0
LINE
  8
0
 10
-5.51012
 20
2.75395
 11
-5.51349
 21
2.75395
  0
LINE
  8
0
 10
3.30539
 20
2.75395
 11
3.30202
 21
2.75409
  0
LINE
  8
0
 10
3.30202
 20
2.75409
 11
3.29865
 21
2.75438
  0
LINE
  8
0
 10
3.29865
 20
2.75438
 11
3.29529
 21
2.75479
  0
LINE
  8
0
 10
3.29529
 20
2.75479
 11
3.29196
 21
2.75536
  0
LINE
  8
0
 10
3.29196
 20
2.75536
 11
3.28865
 21
2.75606
  0
LINE
  8
0
 10
3.28865
 20
2.75606
 11
3.28537
 21
2.7569
  0
LINE
  8
0
 10
3.28537
 20
2.7569
 11
3.28214
 21
2.75787
  0
LINE
  8
0
 10
3.28214
 20
2.75787
 11
3.27895
 21
2.75899
  0
LINE
  8
0
 10
3.27895
 20
2.75899
 11
3.2758
 21
2.76024
  0
LINE
  8
0
 10
3.2758
 20
2.76024
 11
3.27272
 21
2.76161
  0
LINE
  8
0
 10
3.27272
 20
2.76161
 11
3.26968
 21
2.76311
  0
LINE
  8
0
 10
3.26968
 20
2.76311
 11
3.26672
 21
2.76474
  0
LINE
  8
0
 10
3.26672
 20
2.76474
 11
3.26384
 21
2.76649
  0
LINE
  8
0
 10
3.26384
 20
2.76649
 11
3.26102
 21
2.76837
  0
LINE
  8
0
 10
3.26102
 20
2.76837
 11
3.25829
 21
2.77036
  0
LINE
  8
0
 10
3.25829
 20
2.77036
 11
3.25563
 21
2.77245
  0
LINE
  8
0
 10
3.25563
 20
2.77245
 11
3.25307
 21
2.77466
  0
LINE
  8
0
 10
3.25307
 20
2.77466
 11
3.25061
 21
2.77698
  0
LINE
  8
0
 10
3.25061
 20
2.77698
 11
3.24825
 21
2.77939
  0
LINE
  8
0
 10
3.24825
 20
2.77939
 11
3.24599
 21
2.78191
  0
LINE
  8
0
 10
3.24599
 20
2.78191
 11
3.24384
 21
2.7845
  0
LINE
  8
0
 10
3.24384
 20
2.7845
 11
3.24179
 21
2.7872
  0
LINE
  8
0
 10
3.24179
 20
2.7872
 11
3.23985
 21
2.78998
  0
LINE
  8
0
 10
3.23985
 20
2.78998
 11
3.23804
 21
2.79283
  0
LINE
  8
0
 10
3.23804
 20
2.79283
 11
3.23636
 21
2.79576
  0
LINE
  8
0
 10
3.23636
 20
2.79576
 11
3.23479
 21
2.79875
  0
LINE
  8
0
 10
3.23479
 20
2.79875
 11
3.23335
 21
2.80182
  0
LINE
  8
0
 10
3.23335
 20
2.80182
 11
3.23204
 21
2.80493
  0
LINE
  8
0
 10
3.23204
 20
2.80493
 11
3.23087
 21
2.80809
  0
LINE
  8
0
 10
3.23087
 20
2.80809
 11
3.22981
 21
2.81131
  0
LINE
  8
0
 10
3.22981
 20
2.81131
 11
3.22891
 21
2.81456
  0
LINE
  8
0
 10
3.22891
 20
2.81456
 11
3.22813
 21
2.81786
  0
LINE
  8
0
 10
3.22813
 20
2.81786
 11
3.22749
 21
2.82118
  0
LINE
  8
0
 10
3.22749
 20
2.82118
 11
3.22701
 21
2.82452
  0
LINE
  8
0
 10
3.22701
 20
2.82452
 11
3.22665
 21
2.82788
  0
LINE
  8
0
 10
3.22665
 20
2.82788
 11
3.22644
 21
2.83125
  0
LINE
  8
0
 10
3.22644
 20
2.83125
 11
3.22636
 21
2.83464
  0
LINE
  8
0
 10
3.22636
 20
2.83464
 11
3.22644
 21
2.83801
  0
LINE
  8
0
 10
3.22644
 20
2.83801
 11
3.22665
 21
2.84138
  0
LINE
  8
0
 10
3.22665
 20
2.84138
 11
3.22701
 21
2.84476
  0
LINE
  8
0
 10
3.22701
 20
2.84476
 11
3.22749
 21
2.8481
  0
LINE
  8
0
 10
3.22749
 20
2.8481
 11
3.22813
 21
2.85143
  0
LINE
  8
0
 10
3.22813
 20
2.85143
 11
3.22891
 21
2.85471
  0
LINE
  8
0
 10
3.22891
 20
2.85471
 11
3.22981
 21
2.85797
  0
LINE
  8
0
 10
3.22981
 20
2.85797
 11
3.23087
 21
2.86118
  0
LINE
  8
0
 10
3.23087
 20
2.86118
 11
3.23204
 21
2.86435
  0
LINE
  8
0
 10
3.23204
 20
2.86435
 11
3.23335
 21
2.86746
  0
LINE
  8
0
 10
3.23335
 20
2.86746
 11
3.23479
 21
2.87053
  0
LINE
  8
0
 10
3.23479
 20
2.87053
 11
3.23636
 21
2.87352
  0
LINE
  8
0
 10
3.23636
 20
2.87352
 11
3.23804
 21
2.87645
  0
LINE
  8
0
 10
3.23804
 20
2.87645
 11
3.23985
 21
2.8793
  0
LINE
  8
0
 10
3.23985
 20
2.8793
 11
3.24179
 21
2.88208
  0
LINE
  8
0
 10
3.24179
 20
2.88208
 11
3.24384
 21
2.88477
  0
LINE
  8
0
 10
3.24384
 20
2.88477
 11
3.24599
 21
2.88737
  0
LINE
  8
0
 10
3.24599
 20
2.88737
 11
3.24825
 21
2.88989
  0
LINE
  8
0
 10
3.24825
 20
2.88989
 11
3.25061
 21
2.8923
  0
LINE
  8
0
 10
3.25061
 20
2.8923
 11
3.25307
 21
2.89462
  0
LINE
  8
0
 10
3.25307
 20
2.89462
 11
3.25563
 21
2.89682
  0
LINE
  8
0
 10
3.25563
 20
2.89682
 11
3.25829
 21
2.89893
  0
LINE
  8
0
 10
3.25829
 20
2.89893
 11
3.26102
 21
2.90091
  0
LINE
  8
0
 10
3.26102
 20
2.90091
 11
3.26384
 21
2.90279
  0
LINE
  8
0
 10
3.26384
 20
2.90279
 11
3.26672
 21
2.90454
  0
LINE
  8
0
 10
3.26672
 20
2.90454
 11
3.26968
 21
2.90616
  0
LINE
  8
0
 10
3.26968
 20
2.90616
 11
3.27272
 21
2.90767
  0
LINE
  8
0
 10
3.27272
 20
2.90767
 11
3.2758
 21
2.90904
  0
LINE
  8
0
 10
3.2758
 20
2.90904
 11
3.27895
 21
2.91028
  0
LINE
  8
0
 10
3.27895
 20
2.91028
 11
3.28214
 21
2.91139
  0
LINE
  8
0
 10
3.28214
 20
2.91139
 11
3.28537
 21
2.91237
  0
LINE
  8
0
 10
3.28537
 20
2.91237
 11
3.28865
 21
2.91321
  0
LINE
  8
0
 10
3.28865
 20
2.91321
 11
3.29196
 21
2.91391
  0
LINE
  8
0
 10
3.29196
 20
2.91391
 11
3.29529
 21
2.91447
  0
LINE
  8
0
 10
3.29529
 20
2.91447
 11
3.29865
 21
2.9149
  0
LINE
  8
0
 10
3.29865
 20
2.9149
 11
3.30202
 21
2.91519
  0
LINE
  8
0
 10
3.30202
 20
2.91519
 11
3.30539
 21
2.91533
  0
LINE
  8
0
 10
3.30539
 20
2.91533
 11
3.30878
 21
2.91533
  0
LINE
  8
0
 10
3.30878
 20
2.91533
 11
3.31215
 21
2.91519
  0
LINE
  8
0
 10
3.31215
 20
2.91519
 11
3.31552
 21
2.9149
  0
LINE
  8
0
 10
3.31552
 20
2.9149
 11
3.31886
 21
2.91447
  0
LINE
  8
0
 10
3.31886
 20
2.91447
 11
3.3222
 21
2.91391
  0
LINE
  8
0
 10
3.3222
 20
2.91391
 11
3.32552
 21
2.91321
  0
LINE
  8
0
 10
3.32552
 20
2.91321
 11
3.32878
 21
2.91237
  0
LINE
  8
0
 10
3.32878
 20
2.91237
 11
3.33202
 21
2.91139
  0
LINE
  8
0
 10
3.33202
 20
2.91139
 11
3.33521
 21
2.91028
  0
LINE
  8
0
 10
3.33521
 20
2.91028
 11
3.33835
 21
2.90904
  0
LINE
  8
0
 10
3.33835
 20
2.90904
 11
3.34145
 21
2.90767
  0
LINE
  8
0
 10
3.34145
 20
2.90767
 11
3.34447
 21
2.90616
  0
LINE
  8
0
 10
3.34447
 20
2.90616
 11
3.34743
 21
2.90454
  0
LINE
  8
0
 10
3.34743
 20
2.90454
 11
3.35033
 21
2.90279
  0
LINE
  8
0
 10
3.35033
 20
2.90279
 11
3.35313
 21
2.90091
  0
LINE
  8
0
 10
3.35313
 20
2.90091
 11
3.35588
 21
2.89893
  0
LINE
  8
0
 10
3.35588
 20
2.89893
 11
3.35852
 21
2.89682
  0
LINE
  8
0
 10
3.35852
 20
2.89682
 11
3.36108
 21
2.89462
  0
LINE
  8
0
 10
3.36108
 20
2.89462
 11
3.36354
 21
2.8923
  0
LINE
  8
0
 10
3.36354
 20
2.8923
 11
3.36591
 21
2.88989
  0
LINE
  8
0
 10
3.36591
 20
2.88989
 11
3.36818
 21
2.88737
  0
LINE
  8
0
 10
3.36818
 20
2.88737
 11
3.37033
 21
2.88477
  0
LINE
  8
0
 10
3.37033
 20
2.88477
 11
3.37238
 21
2.88208
  0
LINE
  8
0
 10
3.37238
 20
2.88208
 11
3.3743
 21
2.8793
  0
LINE
  8
0
 10
3.3743
 20
2.8793
 11
3.37611
 21
2.87645
  0
LINE
  8
0
 10
3.37611
 20
2.87645
 11
3.37781
 21
2.87352
  0
LINE
  8
0
 10
3.37781
 20
2.87352
 11
3.37936
 21
2.87053
  0
LINE
  8
0
 10
3.37936
 20
2.87053
 11
3.38081
 21
2.86746
  0
LINE
  8
0
 10
3.38081
 20
2.86746
 11
3.38213
 21
2.86435
  0
LINE
  8
0
 10
3.38213
 20
2.86435
 11
3.3833
 21
2.86118
  0
LINE
  8
0
 10
3.3833
 20
2.86118
 11
3.38434
 21
2.85797
  0
LINE
  8
0
 10
3.38434
 20
2.85797
 11
3.38525
 21
2.85471
  0
LINE
  8
0
 10
3.38525
 20
2.85471
 11
3.38602
 21
2.85143
  0
LINE
  8
0
 10
3.38602
 20
2.85143
 11
3.38666
 21
2.8481
  0
LINE
  8
0
 10
3.38666
 20
2.8481
 11
3.38715
 21
2.84476
  0
LINE
  8
0
 10
3.38715
 20
2.84476
 11
3.38751
 21
2.84138
  0
LINE
  8
0
 10
3.38751
 20
2.84138
 11
3.38771
 21
2.83801
  0
LINE
  8
0
 10
3.38771
 20
2.83801
 11
3.38779
 21
2.83464
  0
LINE
  8
0
 10
3.38779
 20
2.83464
 11
3.38771
 21
2.83125
  0
LINE
  8
0
 10
3.38771
 20
2.83125
 11
3.38751
 21
2.82788
  0
LINE
  8
0
 10
3.38751
 20
2.82788
 11
3.38715
 21
2.82452
  0
LINE
  8
0
 10
3.38715
 20
2.82452
 11
3.38666
 21
2.82118
  0
LINE
  8
0
 10
3.38666
 20
2.82118
 11
3.38602
 21
2.81786
  0
LINE
  8
0
 10
3.38602
 20
2.81786
 11
3.38525
 21
2.81456
  0
LINE
  8
0
 10
3.38525
 20
2.81456
 11
3.38434
 21
2.81131
  0
LINE
  8
0
 10
3.38434
 20
2.81131
 11
3.3833
 21
2.80809
  0
LINE
  8
0
 10
3.3833
 20
2.80809
 11
3.38213
 21
2.80493
  0
LINE
  8
0
 10
3.38213
 20
2.80493
 11
3.38081
 21
2.80182
  0
LINE
  8
0
 10
3.38081
 20
2.80182
 11
3.37936
 21
2.79875
  0
LINE
  8
0
 10
3.37936
 20
2.79875
 11
3.37781
 21
2.79576
  0
LINE
  8
0
 10
3.37781
 20
2.79576
 11
3.37611
 21
2.79283
  0
LINE
  8
0
 10
3.37611
 20
2.79283
 11
3.3743
 21
2.78998
  0
LINE
  8
0
 10
3.3743
 20
2.78998
 11
3.37238
 21
2.7872
  0
LINE
  8
0
 10
3.37238
 20
2.7872
 11
3.37033
 21
2.7845
  0
LINE
  8
0
 10
3.37033
 20
2.7845
 11
3.36818
 21
2.78191
  0
LINE
  8
0
 10
3.36818
 20
2.78191
 11
3.36591
 21
2.77939
  0
LINE
  8
0
 10
3.36591
 20
2.77939
 11
3.36354
 21
2.77698
  0
LINE
  8
0
 10
3.36354
 20
2.77698
 11
3.36108
 21
2.77466
  0
LINE
  8
0
 10
3.36108
 20
2.77466
 11
3.35852
 21
2.77245
  0
LINE
  8
0
 10
3.35852
 20
2.77245
 11
3.35588
 21
2.77036
  0
LINE
  8
0
 10
3.35588
 20
2.77036
 11
3.35313
 21
2.76837
  0
LINE
  8
0
 10
3.35313
 20
2.76837
 11
3.35033
 21
2.76649
  0
LINE
  8
0
 10
3.35033
 20
2.76649
 11
3.34743
 21
2.76474
  0
LINE
  8
0
 10
3.34743
 20
2.76474
 11
3.34447
 21
2.76311
  0
LINE
  8
0
 10
3.34447
 20
2.76311
 11
3.34145
 21
2.76161
  0
LINE
  8
0
 10
3.34145
 20
2.76161
 11
3.33835
 21
2.76024
  0
LINE
  8
0
 10
3.33835
 20
2.76024
 11
3.33521
 21
2.75899
  0
LINE
  8
0
 10
3.33521
 20
2.75899
 11
3.33202
 21
2.75787
  0
LINE
  8
0
 10
3.33202
 20
2.75787
 11
3.32878
 21
2.7569
  0
LINE
  8
0
 10
3.32878
 20
2.7569
 11
3.32552
 21
2.75606
  0
LINE
  8
0
 10
3.32552
 20
2.75606
 11
3.3222
 21
2.75536
  0
LINE
  8
0
 10
3.3222
 20
2.75536
 11
3.31886
 21
2.75479
  0
LINE
  8
0
 10
3.31886
 20
2.75479
 11
3.31552
 21
2.75438
  0
LINE
  8
0
 10
3.31552
 20
2.75438
 11
3.31215
 21
2.75409
  0
LINE
  8
0
 10
3.31215
 20
2.75409
 11
3.30878
 21
2.75395
  0
LINE
  8
0
 10
3.30878
 20
2.75395
 11
3.30539
 21
2.75395
  0
LINE
  8
0
 10
-2.9938
 20
2.75395
 11
-2.99719
 21
2.75409
  0
LINE
  8
0
 10
-2.99719
 20
2.75409
 11
-3.00055
 21
2.75438
  0
LINE
  8
0
 10
-3.00055
 20
2.75438
 11
-3.00391
 21
2.75479
  0
LINE
  8
0
 10
-3.00391
 20
2.75479
 11
-3.00725
 21
2.75536
  0
LINE
  8
0
 10
-3.00725
 20
2.75536
 11
-3.01054
 21
2.75606
  0
LINE
  8
0
 10
-3.01054
 20
2.75606
 11
-3.01382
 21
2.7569
  0
LINE
  8
0
 10
-3.01382
 20
2.7569
 11
-3.01706
 21
2.75787
  0
LINE
  8
0
 10
-3.01706
 20
2.75787
 11
-3.02025
 21
2.75899
  0
LINE
  8
0
 10
-3.02025
 20
2.75899
 11
-3.02339
 21
2.76024
  0
LINE
  8
0
 10
-3.02339
 20
2.76024
 11
-3.02649
 21
2.76161
  0
LINE
  8
0
 10
-3.02649
 20
2.76161
 11
-3.02951
 21
2.76311
  0
LINE
  8
0
 10
-3.02951
 20
2.76311
 11
-3.03247
 21
2.76474
  0
LINE
  8
0
 10
-3.03247
 20
2.76474
 11
-3.03537
 21
2.76649
  0
LINE
  8
0
 10
-3.03537
 20
2.76649
 11
-3.03818
 21
2.76837
  0
LINE
  8
0
 10
-3.03818
 20
2.76837
 11
-3.04091
 21
2.77036
  0
LINE
  8
0
 10
-3.04091
 20
2.77036
 11
-3.04356
 21
2.77245
  0
LINE
  8
0
 10
-3.04356
 20
2.77245
 11
-3.04613
 21
2.77466
  0
LINE
  8
0
 10
-3.04613
 20
2.77466
 11
-3.04858
 21
2.77698
  0
LINE
  8
0
 10
-3.04858
 20
2.77698
 11
-3.05095
 21
2.77939
  0
LINE
  8
0
 10
-3.05095
 20
2.77939
 11
-3.05322
 21
2.78191
  0
LINE
  8
0
 10
-3.05322
 20
2.78191
 11
-3.05537
 21
2.7845
  0
LINE
  8
0
 10
-3.05537
 20
2.7845
 11
-3.05742
 21
2.7872
  0
LINE
  8
0
 10
-3.05742
 20
2.7872
 11
-3.05934
 21
2.78998
  0
LINE
  8
0
 10
-3.05934
 20
2.78998
 11
-3.06116
 21
2.79283
  0
LINE
  8
0
 10
-3.06116
 20
2.79283
 11
-3.06285
 21
2.79576
  0
LINE
  8
0
 10
-3.06285
 20
2.79576
 11
-3.06441
 21
2.79875
  0
LINE
  8
0
 10
-3.06441
 20
2.79875
 11
-3.06586
 21
2.80182
  0
LINE
  8
0
 10
-3.06586
 20
2.80182
 11
-3.06715
 21
2.80493
  0
LINE
  8
0
 10
-3.06715
 20
2.80493
 11
-3.06834
 21
2.80809
  0
LINE
  8
0
 10
-3.06834
 20
2.80809
 11
-3.06938
 21
2.81131
  0
LINE
  8
0
 10
-3.06938
 20
2.81131
 11
-3.0703
 21
2.81456
  0
LINE
  8
0
 10
-3.0703
 20
2.81456
 11
-3.07106
 21
2.81786
  0
LINE
  8
0
 10
-3.07106
 20
2.81786
 11
-3.0717
 21
2.82118
  0
LINE
  8
0
 10
-3.0717
 20
2.82118
 11
-3.07219
 21
2.82452
  0
LINE
  8
0
 10
-3.07219
 20
2.82452
 11
-3.07254
 21
2.82788
  0
LINE
  8
0
 10
-3.07254
 20
2.82788
 11
-3.07275
 21
2.83125
  0
LINE
  8
0
 10
-3.07275
 20
2.83125
 11
-3.07283
 21
2.83464
  0
LINE
  8
0
 10
-3.07283
 20
2.83464
 11
-3.07275
 21
2.83801
  0
LINE
  8
0
 10
-3.07275
 20
2.83801
 11
-3.07254
 21
2.84138
  0
LINE
  8
0
 10
-3.07254
 20
2.84138
 11
-3.07219
 21
2.84476
  0
LINE
  8
0
 10
-3.07219
 20
2.84476
 11
-3.0717
 21
2.8481
  0
LINE
  8
0
 10
-3.0717
 20
2.8481
 11
-3.07106
 21
2.85143
  0
LINE
  8
0
 10
-3.07106
 20
2.85143
 11
-3.0703
 21
2.85471
  0
LINE
  8
0
 10
-3.0703
 20
2.85471
 11
-3.06938
 21
2.85797
  0
LINE
  8
0
 10
-3.06938
 20
2.85797
 11
-3.06834
 21
2.86118
  0
LINE
  8
0
 10
-3.06834
 20
2.86118
 11
-3.06715
 21
2.86435
  0
LINE
  8
0
 10
-3.06715
 20
2.86435
 11
-3.06586
 21
2.86746
  0
LINE
  8
0
 10
-3.06586
 20
2.86746
 11
-3.06441
 21
2.87053
  0
LINE
  8
0
 10
-3.06441
 20
2.87053
 11
-3.06285
 21
2.87352
  0
LINE
  8
0
 10
-3.06285
 20
2.87352
 11
-3.06116
 21
2.87645
  0
LINE
  8
0
 10
-3.06116
 20
2.87645
 11
-3.05934
 21
2.8793
  0
LINE
  8
0
 10
-3.05934
 20
2.8793
 11
-3.05742
 21
2.88208
  0
LINE
  8
0
 10
-3.05742
 20
2.88208
 11
-3.05537
 21
2.88477
  0
LINE
  8
0
 10
-3.05537
 20
2.88477
 11
-3.05322
 21
2.88737
  0
LINE
  8
0
 10
-3.05322
 20
2.88737
 11
-3.05095
 21
2.88989
  0
LINE
  8
0
 10
-3.05095
 20
2.88989
 11
-3.04858
 21
2.8923
  0
LINE
  8
0
 10
-3.04858
 20
2.8923
 11
-3.04613
 21
2.89462
  0
LINE
  8
0
 10
-3.04613
 20
2.89462
 11
-3.04356
 21
2.89682
  0
LINE
  8
0
 10
-3.04356
 20
2.89682
 11
-3.04091
 21
2.89893
  0
LINE
  8
0
 10
-3.04091
 20
2.89893
 11
-3.03818
 21
2.90091
  0
LINE
  8
0
 10
-3.03818
 20
2.90091
 11
-3.03537
 21
2.90279
  0
LINE
  8
0
 10
-3.03537
 20
2.90279
 11
-3.03247
 21
2.90454
  0
LINE
  8
0
 10
-3.03247
 20
2.90454
 11
-3.02951
 21
2.90616
  0
LINE
  8
0
 10
-3.02951
 20
2.90616
 11
-3.02649
 21
2.90767
  0
LINE
  8
0
 10
-3.02649
 20
2.90767
 11
-3.02339
 21
2.90904
  0
LINE
  8
0
 10
-3.02339
 20
2.90904
 11
-3.02025
 21
2.91028
  0
LINE
  8
0
 10
-3.02025
 20
2.91028
 11
-3.01706
 21
2.91139
  0
LINE
  8
0
 10
-3.01706
 20
2.91139
 11
-3.01382
 21
2.91237
  0
LINE
  8
0
 10
-3.01382
 20
2.91237
 11
-3.01054
 21
2.91321
  0
LINE
  8
0
 10
-3.01054
 20
2.91321
 11
-3.00725
 21
2.91391
  0
LINE
  8
0
 10
-3.00725
 20
2.91391
 11
-3.00391
 21
2.91447
  0
LINE
  8
0
 10
-3.00391
 20
2.91447
 11
-3.00055
 21
2.9149
  0
LINE
  8
0
 10
-3.00055
 20
2.9149
 11
-2.99719
 21
2.91519
  0
LINE
  8
0
 10
-2.99719
 20
2.91519
 11
-2.9938
 21
2.91533
  0
LINE
  8
0
 10
-2.9938
 20
2.91533
 11
-2.99043
 21
2.91533
  0
LINE
  8
0
 10
-2.99043
 20
2.91533
 11
-2.98705
 21
2.91519
  0
LINE
  8
0
 10
-2.98705
 20
2.91519
 11
-2.98369
 21
2.9149
  0
LINE
  8
0
 10
-2.98369
 20
2.9149
 11
-2.98033
 21
2.91447
  0
LINE
  8
0
 10
-2.98033
 20
2.91447
 11
-2.97699
 21
2.91391
  0
LINE
  8
0
 10
-2.97699
 20
2.91391
 11
-2.97369
 21
2.91321
  0
LINE
  8
0
 10
-2.97369
 20
2.91321
 11
-2.97041
 21
2.91237
  0
LINE
  8
0
 10
-2.97041
 20
2.91237
 11
-2.96718
 21
2.91139
  0
LINE
  8
0
 10
-2.96718
 20
2.91139
 11
-2.96399
 21
2.91028
  0
LINE
  8
0
 10
-2.96399
 20
2.91028
 11
-2.96085
 21
2.90904
  0
LINE
  8
0
 10
-2.96085
 20
2.90904
 11
-2.95775
 21
2.90767
  0
LINE
  8
0
 10
-2.95775
 20
2.90767
 11
-2.95473
 21
2.90616
  0
LINE
  8
0
 10
-2.95473
 20
2.90616
 11
-2.95177
 21
2.90454
  0
LINE
  8
0
 10
-2.95177
 20
2.90454
 11
-2.94887
 21
2.90279
  0
LINE
  8
0
 10
-2.94887
 20
2.90279
 11
-2.94606
 21
2.90091
  0
LINE
  8
0
 10
-2.94606
 20
2.90091
 11
-2.94333
 21
2.89893
  0
LINE
  8
0
 10
-2.94333
 20
2.89893
 11
-2.94067
 21
2.89682
  0
LINE
  8
0
 10
-2.94067
 20
2.89682
 11
-2.93811
 21
2.89462
  0
LINE
  8
0
 10
-2.93811
 20
2.89462
 11
-2.93565
 21
2.8923
  0
LINE
  8
0
 10
-2.93565
 20
2.8923
 11
-2.93329
 21
2.88989
  0
LINE
  8
0
 10
-2.93329
 20
2.88989
 11
-2.93103
 21
2.88737
  0
LINE
  8
0
 10
-2.93103
 20
2.88737
 11
-2.92886
 21
2.88477
  0
LINE
  8
0
 10
-2.92886
 20
2.88477
 11
-2.92682
 21
2.88208
  0
LINE
  8
0
 10
-2.92682
 20
2.88208
 11
-2.9249
 21
2.8793
  0
LINE
  8
0
 10
-2.9249
 20
2.8793
 11
-2.92308
 21
2.87645
  0
LINE
  8
0
 10
-2.92308
 20
2.87645
 11
-2.92139
 21
2.87352
  0
LINE
  8
0
 10
-2.92139
 20
2.87352
 11
-2.91983
 21
2.87053
  0
LINE
  8
0
 10
-2.91983
 20
2.87053
 11
-2.91838
 21
2.86746
  0
LINE
  8
0
 10
-2.91838
 20
2.86746
 11
-2.91708
 21
2.86435
  0
LINE
  8
0
 10
-2.91708
 20
2.86435
 11
-2.91589
 21
2.86118
  0
LINE
  8
0
 10
-2.91589
 20
2.86118
 11
-2.91486
 21
2.85797
  0
LINE
  8
0
 10
-2.91486
 20
2.85797
 11
-2.91394
 21
2.85471
  0
LINE
  8
0
 10
-2.91394
 20
2.85471
 11
-2.91318
 21
2.85143
  0
LINE
  8
0
 10
-2.91318
 20
2.85143
 11
-2.91254
 21
2.8481
  0
LINE
  8
0
 10
-2.91254
 20
2.8481
 11
-2.91205
 21
2.84476
  0
LINE
  8
0
 10
-2.91205
 20
2.84476
 11
-2.9117
 21
2.84138
  0
LINE
  8
0
 10
-2.9117
 20
2.84138
 11
-2.91148
 21
2.83801
  0
LINE
  8
0
 10
-2.91148
 20
2.83801
 11
-2.91141
 21
2.83464
  0
LINE
  8
0
 10
-2.91141
 20
2.83464
 11
-2.91148
 21
2.83125
  0
LINE
  8
0
 10
-2.91148
 20
2.83125
 11
-2.9117
 21
2.82788
  0
LINE
  8
0
 10
-2.9117
 20
2.82788
 11
-2.91205
 21
2.82452
  0
LINE
  8
0
 10
-2.91205
 20
2.82452
 11
-2.91254
 21
2.82118
  0
LINE
  8
0
 10
-2.91254
 20
2.82118
 11
-2.91318
 21
2.81786
  0
LINE
  8
0
 10
-2.91318
 20
2.81786
 11
-2.91394
 21
2.81456
  0
LINE
  8
0
 10
-2.91394
 20
2.81456
 11
-2.91486
 21
2.81131
  0
LINE
  8
0
 10
-2.91486
 20
2.81131
 11
-2.91589
 21
2.80809
  0
LINE
  8
0
 10
-2.91589
 20
2.80809
 11
-2.91708
 21
2.80493
  0
LINE
  8
0
 10
-2.91708
 20
2.80493
 11
-2.91838
 21
2.80182
  0
LINE
  8
0
 10
-2.91838
 20
2.80182
 11
-2.91983
 21
2.79875
  0
LINE
  8
0
 10
-2.91983
 20
2.79875
 11
-2.92139
 21
2.79576
  0
LINE
  8
0
 10
-2.92139
 20
2.79576
 11
-2.92308
 21
2.79283
  0
LINE
  8
0
 10
-2.92308
 20
2.79283
 11
-2.9249
 21
2.78998
  0
LINE
  8
0
 10
-2.9249
 20
2.78998
 11
-2.92682
 21
2.7872
  0
LINE
  8
0
 10
-2.92682
 20
2.7872
 11
-2.92886
 21
2.7845
  0
LINE
  8
0
 10
-2.92886
 20
2.7845
 11
-2.93103
 21
2.78191
  0
LINE
  8
0
 10
-2.93103
 20
2.78191
 11
-2.93329
 21
2.77939
  0
LINE
  8
0
 10
-2.93329
 20
2.77939
 11
-2.93565
 21
2.77698
  0
LINE
  8
0
 10
-2.93565
 20
2.77698
 11
-2.93811
 21
2.77466
  0
LINE
  8
0
 10
-2.93811
 20
2.77466
 11
-2.94067
 21
2.77245
  0
LINE
  8
0
 10
-2.94067
 20
2.77245
 11
-2.94333
 21
2.77036
  0
LINE
  8
0
 10
-2.94333
 20
2.77036
 11
-2.94606
 21
2.76837
  0
LINE
  8
0
 10
-2.94606
 20
2.76837
 11
-2.94887
 21
2.76649
  0
LINE
  8
0
 10
-2.94887
 20
2.76649
 11
-2.95177
 21
2.76474
  0
LINE
  8
0
 10
-2.95177
 20
2.76474
 11
-2.95473
 21
2.76311
  0
LINE
  8
0
 10
-2.95473
 20
2.76311
 11
-2.95775
 21
2.76161
  0
LINE
  8
0
 10
-2.95775
 20
2.76161
 11
-2.96085
 21
2.76024
  0
LINE
  8
0
 10
-2.96085
 20
2.76024
 11
-2.96399
 21
2.75899
  0
LINE
  8
0
 10
-2.96399
 20
2.75899
 11
-2.96718
 21
2.75787
  0
LINE
  8
0
 10
-2.96718
 20
2.75787
 11
-2.97041
 21
2.7569
  0
LINE
  8
0
 10
-2.97041
 20
2.7569
 11
-2.97369
 21
2.75606
  0
LINE
  8
0
 10
-2.97369
 20
2.75606
 11
-2.97699
 21
2.75536
  0
LINE
  8
0
 10
-2.97699
 20
2.75536
 11
-2.98033
 21
2.75479
  0
LINE
  8
0
 10
-2.98033
 20
2.75479
 11
-2.98369
 21
2.75438
  0
LINE
  8
0
 10
-2.98369
 20
2.75438
 11
-2.98705
 21
2.75409
  0
LINE
  8
0
 10
-2.98705
 20
2.75409
 11
-2.99043
 21
2.75395
  0
LINE
  8
0
 10
-2.99043
 20
2.75395
 11
-2.9938
 21
2.75395
  0
LINE
  8
0
 10
-3.62373
 20
2.75395
 11
-3.62711
 21
2.75409
  0
LINE
  8
0
 10
-3.62711
 20
2.75409
 11
-3.63048
 21
2.75438
  0
LINE
  8
0
 10
-3.63048
 20
2.75438
 11
-3.63383
 21
2.75479
  0
LINE
  8
0
 10
-3.63383
 20
2.75479
 11
-3.63716
 21
2.75536
  0
LINE
  8
0
 10
-3.63716
 20
2.75536
 11
-3.64047
 21
2.75606
  0
LINE
  8
0
 10
-3.64047
 20
2.75606
 11
-3.64374
 21
2.7569
  0
LINE
  8
0
 10
-3.64374
 20
2.7569
 11
-3.64699
 21
2.75787
  0
LINE
  8
0
 10
-3.64699
 20
2.75787
 11
-3.65018
 21
2.75899
  0
LINE
  8
0
 10
-3.65018
 20
2.75899
 11
-3.65332
 21
2.76024
  0
LINE
  8
0
 10
-3.65332
 20
2.76024
 11
-3.6564
 21
2.76161
  0
LINE
  8
0
 10
-3.6564
 20
2.76161
 11
-3.65944
 21
2.76311
  0
LINE
  8
0
 10
-3.65944
 20
2.76311
 11
-3.6624
 21
2.76474
  0
LINE
  8
0
 10
-3.6624
 20
2.76474
 11
-3.66528
 21
2.76649
  0
LINE
  8
0
 10
-3.66528
 20
2.76649
 11
-3.66811
 21
2.76837
  0
LINE
  8
0
 10
-3.66811
 20
2.76837
 11
-3.67084
 21
2.77036
  0
LINE
  8
0
 10
-3.67084
 20
2.77036
 11
-3.67349
 21
2.77245
  0
LINE
  8
0
 10
-3.67349
 20
2.77245
 11
-3.67604
 21
2.77466
  0
LINE
  8
0
 10
-3.67604
 20
2.77466
 11
-3.67851
 21
2.77698
  0
LINE
  8
0
 10
-3.67851
 20
2.77698
 11
-3.68088
 21
2.77939
  0
LINE
  8
0
 10
-3.68088
 20
2.77939
 11
-3.68314
 21
2.78191
  0
LINE
  8
0
 10
-3.68314
 20
2.78191
 11
-3.68529
 21
2.7845
  0
LINE
  8
0
 10
-3.68529
 20
2.7845
 11
-3.68733
 21
2.7872
  0
LINE
  8
0
 10
-3.68733
 20
2.7872
 11
-3.68927
 21
2.78998
  0
LINE
  8
0
 10
-3.68927
 20
2.78998
 11
-3.69107
 21
2.79283
  0
LINE
  8
0
 10
-3.69107
 20
2.79283
 11
-3.69276
 21
2.79576
  0
LINE
  8
0
 10
-3.69276
 20
2.79576
 11
-3.69434
 21
2.79875
  0
LINE
  8
0
 10
-3.69434
 20
2.79875
 11
-3.69577
 21
2.80182
  0
LINE
  8
0
 10
-3.69577
 20
2.80182
 11
-3.69708
 21
2.80493
  0
LINE
  8
0
 10
-3.69708
 20
2.80493
 11
-3.69826
 21
2.80809
  0
LINE
  8
0
 10
-3.69826
 20
2.80809
 11
-3.69931
 21
2.81131
  0
LINE
  8
0
 10
-3.69931
 20
2.81131
 11
-3.70021
 21
2.81456
  0
LINE
  8
0
 10
-3.70021
 20
2.81456
 11
-3.70099
 21
2.81786
  0
LINE
  8
0
 10
-3.70099
 20
2.81786
 11
-3.70161
 21
2.82118
  0
LINE
  8
0
 10
-3.70161
 20
2.82118
 11
-3.70212
 21
2.82452
  0
LINE
  8
0
 10
-3.70212
 20
2.82452
 11
-3.70247
 21
2.82788
  0
LINE
  8
0
 10
-3.70247
 20
2.82788
 11
-3.70268
 21
2.83125
  0
LINE
  8
0
 10
-3.70268
 20
2.83125
 11
-3.70274
 21
2.83464
  0
LINE
  8
0
 10
-3.70274
 20
2.83464
 11
-3.70268
 21
2.83801
  0
LINE
  8
0
 10
-3.70268
 20
2.83801
 11
-3.70247
 21
2.84138
  0
LINE
  8
0
 10
-3.70247
 20
2.84138
 11
-3.70212
 21
2.84476
  0
LINE
  8
0
 10
-3.70212
 20
2.84476
 11
-3.70161
 21
2.8481
  0
LINE
  8
0
 10
-3.70161
 20
2.8481
 11
-3.70099
 21
2.85143
  0
LINE
  8
0
 10
-3.70099
 20
2.85143
 11
-3.70021
 21
2.85471
  0
LINE
  8
0
 10
-3.70021
 20
2.85471
 11
-3.69931
 21
2.85797
  0
LINE
  8
0
 10
-3.69931
 20
2.85797
 11
-3.69826
 21
2.86118
  0
LINE
  8
0
 10
-3.69826
 20
2.86118
 11
-3.69708
 21
2.86435
  0
LINE
  8
0
 10
-3.69708
 20
2.86435
 11
-3.69577
 21
2.86746
  0
LINE
  8
0
 10
-3.69577
 20
2.86746
 11
-3.69434
 21
2.87053
  0
LINE
  8
0
 10
-3.69434
 20
2.87053
 11
-3.69276
 21
2.87352
  0
LINE
  8
0
 10
-3.69276
 20
2.87352
 11
-3.69107
 21
2.87645
  0
LINE
  8
0
 10
-3.69107
 20
2.87645
 11
-3.68927
 21
2.8793
  0
LINE
  8
0
 10
-3.68927
 20
2.8793
 11
-3.68733
 21
2.88208
  0
LINE
  8
0
 10
-3.68733
 20
2.88208
 11
-3.68529
 21
2.88477
  0
LINE
  8
0
 10
-3.68529
 20
2.88477
 11
-3.68314
 21
2.88737
  0
LINE
  8
0
 10
-3.68314
 20
2.88737
 11
-3.68088
 21
2.88989
  0
LINE
  8
0
 10
-3.68088
 20
2.88989
 11
-3.67851
 21
2.8923
  0
LINE
  8
0
 10
-3.67851
 20
2.8923
 11
-3.67604
 21
2.89462
  0
LINE
  8
0
 10
-3.67604
 20
2.89462
 11
-3.67349
 21
2.89682
  0
LINE
  8
0
 10
-3.67349
 20
2.89682
 11
-3.67084
 21
2.89893
  0
LINE
  8
0
 10
-3.67084
 20
2.89893
 11
-3.66811
 21
2.90091
  0
LINE
  8
0
 10
-3.66811
 20
2.90091
 11
-3.66528
 21
2.90279
  0
LINE
  8
0
 10
-3.66528
 20
2.90279
 11
-3.6624
 21
2.90454
  0
LINE
  8
0
 10
-3.6624
 20
2.90454
 11
-3.65944
 21
2.90616
  0
LINE
  8
0
 10
-3.65944
 20
2.90616
 11
-3.6564
 21
2.90767
  0
LINE
  8
0
 10
-3.6564
 20
2.90767
 11
-3.65332
 21
2.90904
  0
LINE
  8
0
 10
-3.65332
 20
2.90904
 11
-3.65018
 21
2.91028
  0
LINE
  8
0
 10
-3.65018
 20
2.91028
 11
-3.64699
 21
2.91139
  0
LINE
  8
0
 10
-3.64699
 20
2.91139
 11
-3.64374
 21
2.91237
  0
LINE
  8
0
 10
-3.64374
 20
2.91237
 11
-3.64047
 21
2.91321
  0
LINE
  8
0
 10
-3.64047
 20
2.91321
 11
-3.63716
 21
2.91391
  0
LINE
  8
0
 10
-3.63716
 20
2.91391
 11
-3.63383
 21
2.91447
  0
LINE
  8
0
 10
-3.63383
 20
2.91447
 11
-3.63048
 21
2.9149
  0
LINE
  8
0
 10
-3.63048
 20
2.9149
 11
-3.62711
 21
2.91519
  0
LINE
  8
0
 10
-3.62711
 20
2.91519
 11
-3.62373
 21
2.91533
  0
LINE
  8
0
 10
-3.62373
 20
2.91533
 11
-3.62035
 21
2.91533
  0
LINE
  8
0
 10
-3.62035
 20
2.91533
 11
-3.61697
 21
2.91519
  0
LINE
  8
0
 10
-3.61697
 20
2.91519
 11
-3.6136
 21
2.9149
  0
LINE
  8
0
 10
-3.6136
 20
2.9149
 11
-3.61024
 21
2.91447
  0
LINE
  8
0
 10
-3.61024
 20
2.91447
 11
-3.60692
 21
2.91391
  0
LINE
  8
0
 10
-3.60692
 20
2.91391
 11
-3.60361
 21
2.91321
  0
LINE
  8
0
 10
-3.60361
 20
2.91321
 11
-3.60034
 21
2.91237
  0
LINE
  8
0
 10
-3.60034
 20
2.91237
 11
-3.59711
 21
2.91139
  0
LINE
  8
0
 10
-3.59711
 20
2.91139
 11
-3.5939
 21
2.91028
  0
LINE
  8
0
 10
-3.5939
 20
2.91028
 11
-3.59076
 21
2.90904
  0
LINE
  8
0
 10
-3.59076
 20
2.90904
 11
-3.58768
 21
2.90767
  0
LINE
  8
0
 10
-3.58768
 20
2.90767
 11
-3.58466
 21
2.90616
  0
LINE
  8
0
 10
-3.58466
 20
2.90616
 11
-3.58168
 21
2.90454
  0
LINE
  8
0
 10
-3.58168
 20
2.90454
 11
-3.5788
 21
2.90279
  0
LINE
  8
0
 10
-3.5788
 20
2.90279
 11
-3.57597
 21
2.90091
  0
LINE
  8
0
 10
-3.57597
 20
2.90091
 11
-3.57324
 21
2.89893
  0
LINE
  8
0
 10
-3.57324
 20
2.89893
 11
-3.57059
 21
2.89682
  0
LINE
  8
0
 10
-3.57059
 20
2.89682
 11
-3.56804
 21
2.89462
  0
LINE
  8
0
 10
-3.56804
 20
2.89462
 11
-3.56557
 21
2.8923
  0
LINE
  8
0
 10
-3.56557
 20
2.8923
 11
-3.5632
 21
2.88989
  0
LINE
  8
0
 10
-3.5632
 20
2.88989
 11
-3.56094
 21
2.88737
  0
LINE
  8
0
 10
-3.56094
 20
2.88737
 11
-3.55879
 21
2.88477
  0
LINE
  8
0
 10
-3.55879
 20
2.88477
 11
-3.55675
 21
2.88208
  0
LINE
  8
0
 10
-3.55675
 20
2.88208
 11
-3.55481
 21
2.8793
  0
LINE
  8
0
 10
-3.55481
 20
2.8793
 11
-3.55301
 21
2.87645
  0
LINE
  8
0
 10
-3.55301
 20
2.87645
 11
-3.55132
 21
2.87352
  0
LINE
  8
0
 10
-3.55132
 20
2.87352
 11
-3.54974
 21
2.87053
  0
LINE
  8
0
 10
-3.54974
 20
2.87053
 11
-3.54831
 21
2.86746
  0
LINE
  8
0
 10
-3.54831
 20
2.86746
 11
-3.547
 21
2.86435
  0
LINE
  8
0
 10
-3.547
 20
2.86435
 11
-3.54582
 21
2.86118
  0
LINE
  8
0
 10
-3.54582
 20
2.86118
 11
-3.54477
 21
2.85797
  0
LINE
  8
0
 10
-3.54477
 20
2.85797
 11
-3.54387
 21
2.85471
  0
LINE
  8
0
 10
-3.54387
 20
2.85471
 11
-3.54309
 21
2.85143
  0
LINE
  8
0
 10
-3.54309
 20
2.85143
 11
-3.54247
 21
2.8481
  0
LINE
  8
0
 10
-3.54247
 20
2.8481
 11
-3.54196
 21
2.84476
  0
LINE
  8
0
 10
-3.54196
 20
2.84476
 11
-3.54161
 21
2.84138
  0
LINE
  8
0
 10
-3.54161
 20
2.84138
 11
-3.5414
 21
2.83801
  0
LINE
  8
0
 10
-3.5414
 20
2.83801
 11
-3.54134
 21
2.83464
  0
LINE
  8
0
 10
-3.54134
 20
2.83464
 11
-3.5414
 21
2.83125
  0
LINE
  8
0
 10
-3.5414
 20
2.83125
 11
-3.54161
 21
2.82788
  0
LINE
  8
0
 10
-3.54161
 20
2.82788
 11
-3.54196
 21
2.82452
  0
LINE
  8
0
 10
-3.54196
 20
2.82452
 11
-3.54247
 21
2.82118
  0
LINE
  8
0
 10
-3.54247
 20
2.82118
 11
-3.54309
 21
2.81786
  0
LINE
  8
0
 10
-3.54309
 20
2.81786
 11
-3.54387
 21
2.81456
  0
LINE
  8
0
 10
-3.54387
 20
2.81456
 11
-3.54477
 21
2.81131
  0
LINE
  8
0
 10
-3.54477
 20
2.81131
 11
-3.54582
 21
2.80809
  0
LINE
  8
0
 10
-3.54582
 20
2.80809
 11
-3.547
 21
2.80493
  0
LINE
  8
0
 10
-3.547
 20
2.80493
 11
-3.54831
 21
2.80182
  0
LINE
  8
0
 10
-3.54831
 20
2.80182
 11
-3.54974
 21
2.79875
  0
LINE
  8
0
 10
-3.54974
 20
2.79875
 11
-3.55132
 21
2.79576
  0
LINE
  8
0
 10
-3.55132
 20
2.79576
 11
-3.55301
 21
2.79283
  0
LINE
  8
0
 10
-3.55301
 20
2.79283
 11
-3.55481
 21
2.78998
  0
LINE
  8
0
 10
-3.55481
 20
2.78998
 11
-3.55675
 21
2.7872
  0
LINE
  8
0
 10
-3.55675
 20
2.7872
 11
-3.55879
 21
2.7845
  0
LINE
  8
0
 10
-3.55879
 20
2.7845
 11
-3.56094
 21
2.78191
  0
LINE
  8
0
 10
-3.56094
 20
2.78191
 11
-3.5632
 21
2.77939
  0
LINE
  8
0
 10
-3.5632
 20
2.77939
 11
-3.56557
 21
2.77698
  0
LINE
  8
0
 10
-3.56557
 20
2.77698
 11
-3.56804
 21
2.77466
  0
LINE
  8
0
 10
-3.56804
 20
2.77466
 11
-3.57059
 21
2.77245
  0
LINE
  8
0
 10
-3.57059
 20
2.77245
 11
-3.57324
 21
2.77036
  0
LINE
  8
0
 10
-3.57324
 20
2.77036
 11
-3.57597
 21
2.76837
  0
LINE
  8
0
 10
-3.57597
 20
2.76837
 11
-3.5788
 21
2.76649
  0
LINE
  8
0
 10
-3.5788
 20
2.76649
 11
-3.58168
 21
2.76474
  0
LINE
  8
0
 10
-3.58168
 20
2.76474
 11
-3.58466
 21
2.76311
  0
LINE
  8
0
 10
-3.58466
 20
2.76311
 11
-3.58768
 21
2.76161
  0
LINE
  8
0
 10
-3.58768
 20
2.76161
 11
-3.59076
 21
2.76024
  0
LINE
  8
0
 10
-3.59076
 20
2.76024
 11
-3.5939
 21
2.75899
  0
LINE
  8
0
 10
-3.5939
 20
2.75899
 11
-3.59711
 21
2.75787
  0
LINE
  8
0
 10
-3.59711
 20
2.75787
 11
-3.60034
 21
2.7569
  0
LINE
  8
0
 10
-3.60034
 20
2.7569
 11
-3.60361
 21
2.75606
  0
LINE
  8
0
 10
-3.60361
 20
2.75606
 11
-3.60692
 21
2.75536
  0
LINE
  8
0
 10
-3.60692
 20
2.75536
 11
-3.61024
 21
2.75479
  0
LINE
  8
0
 10
-3.61024
 20
2.75479
 11
-3.6136
 21
2.75438
  0
LINE
  8
0
 10
-3.6136
 20
2.75438
 11
-3.61697
 21
2.75409
  0
LINE
  8
0
 10
-3.61697
 20
2.75409
 11
-3.62035
 21
2.75395
  0
LINE
  8
0
 10
-3.62035
 20
2.75395
 11
-3.62373
 21
2.75395
  0
LINE
  8
0
 10
2.04555
 20
2.75395
 11
2.04218
 21
2.75409
  0
LINE
  8
0
 10
2.04218
 20
2.75409
 11
2.0388
 21
2.75438
  0
LINE
  8
0
 10
2.0388
 20
2.75438
 11
2.03545
 21
2.75479
  0
LINE
  8
0
 10
2.03545
 20
2.75479
 11
2.03212
 21
2.75536
  0
LINE
  8
0
 10
2.03212
 20
2.75536
 11
2.02881
 21
2.75606
  0
LINE
  8
0
 10
2.02881
 20
2.75606
 11
2.02553
 21
2.7569
  0
LINE
  8
0
 10
2.02553
 20
2.7569
 11
2.02229
 21
2.75787
  0
LINE
  8
0
 10
2.02229
 20
2.75787
 11
2.0191
 21
2.75899
  0
LINE
  8
0
 10
2.0191
 20
2.75899
 11
2.01596
 21
2.76024
  0
LINE
  8
0
 10
2.01596
 20
2.76024
 11
2.01288
 21
2.76161
  0
LINE
  8
0
 10
2.01288
 20
2.76161
 11
2.00984
 21
2.76311
  0
LINE
  8
0
 10
2.00984
 20
2.76311
 11
2.00688
 21
2.76474
  0
LINE
  8
0
 10
2.00688
 20
2.76474
 11
2.004
 21
2.76649
  0
LINE
  8
0
 10
2.004
 20
2.76649
 11
2.00117
 21
2.76837
  0
LINE
  8
0
 10
2.00117
 20
2.76837
 11
1.99844
 21
2.77036
  0
LINE
  8
0
 10
1.99844
 20
2.77036
 11
1.99579
 21
2.77245
  0
LINE
  8
0
 10
1.99579
 20
2.77245
 11
1.99323
 21
2.77466
  0
LINE
  8
0
 10
1.99323
 20
2.77466
 11
1.99077
 21
2.77698
  0
LINE
  8
0
 10
1.99077
 20
2.77698
 11
1.9884
 21
2.77939
  0
LINE
  8
0
 10
1.9884
 20
2.77939
 11
1.98615
 21
2.78191
  0
LINE
  8
0
 10
1.98615
 20
2.78191
 11
1.98398
 21
2.7845
  0
LINE
  8
0
 10
1.98398
 20
2.7845
 11
1.98193
 21
2.7872
  0
LINE
  8
0
 10
1.98193
 20
2.7872
 11
1.98001
 21
2.78998
  0
LINE
  8
0
 10
1.98001
 20
2.78998
 11
1.9782
 21
2.79283
  0
LINE
  8
0
 10
1.9782
 20
2.79283
 11
1.97652
 21
2.79576
  0
LINE
  8
0
 10
1.97652
 20
2.79576
 11
1.97495
 21
2.79875
  0
LINE
  8
0
 10
1.97495
 20
2.79875
 11
1.97351
 21
2.80182
  0
LINE
  8
0
 10
1.97351
 20
2.80182
 11
1.9722
 21
2.80493
  0
LINE
  8
0
 10
1.9722
 20
2.80493
 11
1.97102
 21
2.80809
  0
LINE
  8
0
 10
1.97102
 20
2.80809
 11
1.96997
 21
2.81131
  0
LINE
  8
0
 10
1.96997
 20
2.81131
 11
1.96906
 21
2.81456
  0
LINE
  8
0
 10
1.96906
 20
2.81456
 11
1.96829
 21
2.81786
  0
LINE
  8
0
 10
1.96829
 20
2.81786
 11
1.96765
 21
2.82118
  0
LINE
  8
0
 10
1.96765
 20
2.82118
 11
1.96716
 21
2.82452
  0
LINE
  8
0
 10
1.96716
 20
2.82452
 11
1.96681
 21
2.82788
  0
LINE
  8
0
 10
1.96681
 20
2.82788
 11
1.9666
 21
2.83125
  0
LINE
  8
0
 10
1.9666
 20
2.83125
 11
1.96652
 21
2.83464
  0
LINE
  8
0
 10
1.96652
 20
2.83464
 11
1.9666
 21
2.83801
  0
LINE
  8
0
 10
1.9666
 20
2.83801
 11
1.96681
 21
2.84138
  0
LINE
  8
0
 10
1.96681
 20
2.84138
 11
1.96716
 21
2.84476
  0
LINE
  8
0
 10
1.96716
 20
2.84476
 11
1.96765
 21
2.8481
  0
LINE
  8
0
 10
1.96765
 20
2.8481
 11
1.96829
 21
2.85143
  0
LINE
  8
0
 10
1.96829
 20
2.85143
 11
1.96906
 21
2.85471
  0
LINE
  8
0
 10
1.96906
 20
2.85471
 11
1.96997
 21
2.85797
  0
LINE
  8
0
 10
1.96997
 20
2.85797
 11
1.97102
 21
2.86118
  0
LINE
  8
0
 10
1.97102
 20
2.86118
 11
1.9722
 21
2.86435
  0
LINE
  8
0
 10
1.9722
 20
2.86435
 11
1.97351
 21
2.86746
  0
LINE
  8
0
 10
1.97351
 20
2.86746
 11
1.97495
 21
2.87053
  0
LINE
  8
0
 10
1.97495
 20
2.87053
 11
1.97652
 21
2.87352
  0
LINE
  8
0
 10
1.97652
 20
2.87352
 11
1.9782
 21
2.87645
  0
LINE
  8
0
 10
1.9782
 20
2.87645
 11
1.98001
 21
2.8793
  0
LINE
  8
0
 10
1.98001
 20
2.8793
 11
1.98193
 21
2.88208
  0
LINE
  8
0
 10
1.98193
 20
2.88208
 11
1.98398
 21
2.88477
  0
LINE
  8
0
 10
1.98398
 20
2.88477
 11
1.98615
 21
2.88737
  0
LINE
  8
0
 10
1.98615
 20
2.88737
 11
1.9884
 21
2.88989
  0
LINE
  8
0
 10
1.9884
 20
2.88989
 11
1.99077
 21
2.8923
  0
LINE
  8
0
 10
1.99077
 20
2.8923
 11
1.99323
 21
2.89462
  0
LINE
  8
0
 10
1.99323
 20
2.89462
 11
1.99579
 21
2.89682
  0
LINE
  8
0
 10
1.99579
 20
2.89682
 11
1.99844
 21
2.89893
  0
LINE
  8
0
 10
1.99844
 20
2.89893
 11
2.00117
 21
2.90091
  0
LINE
  8
0
 10
2.00117
 20
2.90091
 11
2.004
 21
2.90279
  0
LINE
  8
0
 10
2.004
 20
2.90279
 11
2.00688
 21
2.90454
  0
LINE
  8
0
 10
2.00688
 20
2.90454
 11
2.00984
 21
2.90616
  0
LINE
  8
0
 10
2.00984
 20
2.90616
 11
2.01288
 21
2.90767
  0
LINE
  8
0
 10
2.01288
 20
2.90767
 11
2.01596
 21
2.90904
  0
LINE
  8
0
 10
2.01596
 20
2.90904
 11
2.0191
 21
2.91028
  0
LINE
  8
0
 10
2.0191
 20
2.91028
 11
2.02229
 21
2.91139
  0
LINE
  8
0
 10
2.02229
 20
2.91139
 11
2.02553
 21
2.91237
  0
LINE
  8
0
 10
2.02553
 20
2.91237
 11
2.02881
 21
2.91321
  0
LINE
  8
0
 10
2.02881
 20
2.91321
 11
2.03212
 21
2.91391
  0
LINE
  8
0
 10
2.03212
 20
2.91391
 11
2.03545
 21
2.91447
  0
LINE
  8
0
 10
2.03545
 20
2.91447
 11
2.0388
 21
2.9149
  0
LINE
  8
0
 10
2.0388
 20
2.9149
 11
2.04218
 21
2.91519
  0
LINE
  8
0
 10
2.04218
 20
2.91519
 11
2.04555
 21
2.91533
  0
LINE
  8
0
 10
2.04555
 20
2.91533
 11
2.04892
 21
2.91533
  0
LINE
  8
0
 10
2.04892
 20
2.91533
 11
2.05231
 21
2.91519
  0
LINE
  8
0
 10
2.05231
 20
2.91519
 11
2.05568
 21
2.9149
  0
LINE
  8
0
 10
2.05568
 20
2.9149
 11
2.05902
 21
2.91447
  0
LINE
  8
0
 10
2.05902
 20
2.91447
 11
2.06236
 21
2.91391
  0
LINE
  8
0
 10
2.06236
 20
2.91391
 11
2.06567
 21
2.91321
  0
LINE
  8
0
 10
2.06567
 20
2.91321
 11
2.06894
 21
2.91237
  0
LINE
  8
0
 10
2.06894
 20
2.91237
 11
2.07217
 21
2.91139
  0
LINE
  8
0
 10
2.07217
 20
2.91139
 11
2.07536
 21
2.91028
  0
LINE
  8
0
 10
2.07536
 20
2.91028
 11
2.07851
 21
2.90904
  0
LINE
  8
0
 10
2.07851
 20
2.90904
 11
2.0816
 21
2.90767
  0
LINE
  8
0
 10
2.0816
 20
2.90767
 11
2.08463
 21
2.90616
  0
LINE
  8
0
 10
2.08463
 20
2.90616
 11
2.08759
 21
2.90454
  0
LINE
  8
0
 10
2.08759
 20
2.90454
 11
2.09048
 21
2.90279
  0
LINE
  8
0
 10
2.09048
 20
2.90279
 11
2.09329
 21
2.90091
  0
LINE
  8
0
 10
2.09329
 20
2.90091
 11
2.09604
 21
2.89893
  0
LINE
  8
0
 10
2.09604
 20
2.89893
 11
2.09868
 21
2.89682
  0
LINE
  8
0
 10
2.09868
 20
2.89682
 11
2.10124
 21
2.89462
  0
LINE
  8
0
 10
2.10124
 20
2.89462
 11
2.1037
 21
2.8923
  0
LINE
  8
0
 10
2.1037
 20
2.8923
 11
2.10606
 21
2.88989
  0
LINE
  8
0
 10
2.10606
 20
2.88989
 11
2.10834
 21
2.88737
  0
LINE
  8
0
 10
2.10834
 20
2.88737
 11
2.11049
 21
2.88477
  0
LINE
  8
0
 10
2.11049
 20
2.88477
 11
2.11253
 21
2.88208
  0
LINE
  8
0
 10
2.11253
 20
2.88208
 11
2.11446
 21
2.8793
  0
LINE
  8
0
 10
2.11446
 20
2.8793
 11
2.11627
 21
2.87645
  0
LINE
  8
0
 10
2.11627
 20
2.87645
 11
2.11797
 21
2.87352
  0
LINE
  8
0
 10
2.11797
 20
2.87352
 11
2.11952
 21
2.87053
  0
LINE
  8
0
 10
2.11952
 20
2.87053
 11
2.12097
 21
2.86746
  0
LINE
  8
0
 10
2.12097
 20
2.86746
 11
2.12228
 21
2.86435
  0
LINE
  8
0
 10
2.12228
 20
2.86435
 11
2.12346
 21
2.86118
  0
LINE
  8
0
 10
2.12346
 20
2.86118
 11
2.1245
 21
2.85797
  0
LINE
  8
0
 10
2.1245
 20
2.85797
 11
2.12541
 21
2.85471
  0
LINE
  8
0
 10
2.12541
 20
2.85471
 11
2.12617
 21
2.85143
  0
LINE
  8
0
 10
2.12617
 20
2.85143
 11
2.12682
 21
2.8481
  0
LINE
  8
0
 10
2.12682
 20
2.8481
 11
2.1273
 21
2.84476
  0
LINE
  8
0
 10
2.1273
 20
2.84476
 11
2.12766
 21
2.84138
  0
LINE
  8
0
 10
2.12766
 20
2.84138
 11
2.12787
 21
2.83801
  0
LINE
  8
0
 10
2.12787
 20
2.83801
 11
2.12794
 21
2.83464
  0
LINE
  8
0
 10
2.12794
 20
2.83464
 11
2.12787
 21
2.83125
  0
LINE
  8
0
 10
2.12787
 20
2.83125
 11
2.12766
 21
2.82788
  0
LINE
  8
0
 10
2.12766
 20
2.82788
 11
2.1273
 21
2.82452
  0
LINE
  8
0
 10
2.1273
 20
2.82452
 11
2.12682
 21
2.82118
  0
LINE
  8
0
 10
2.12682
 20
2.82118
 11
2.12617
 21
2.81786
  0
LINE
  8
0
 10
2.12617
 20
2.81786
 11
2.12541
 21
2.81456
  0
LINE
  8
0
 10
2.12541
 20
2.81456
 11
2.1245
 21
2.81131
  0
LINE
  8
0
 10
2.1245
 20
2.81131
 11
2.12346
 21
2.80809
  0
LINE
  8
0
 10
2.12346
 20
2.80809
 11
2.12228
 21
2.80493
  0
LINE
  8
0
 10
2.12228
 20
2.80493
 11
2.12097
 21
2.80182
  0
LINE
  8
0
 10
2.12097
 20
2.80182
 11
2.11952
 21
2.79875
  0
LINE
  8
0
 10
2.11952
 20
2.79875
 11
2.11797
 21
2.79576
  0
LINE
  8
0
 10
2.11797
 20
2.79576
 11
2.11627
 21
2.79283
  0
LINE
  8
0
 10
2.11627
 20
2.79283
 11
2.11446
 21
2.78998
  0
LINE
  8
0
 10
2.11446
 20
2.78998
 11
2.11253
 21
2.7872
  0
LINE
  8
0
 10
2.11253
 20
2.7872
 11
2.11049
 21
2.7845
  0
LINE
  8
0
 10
2.11049
 20
2.7845
 11
2.10834
 21
2.78191
  0
LINE
  8
0
 10
2.10834
 20
2.78191
 11
2.10606
 21
2.77939
  0
LINE
  8
0
 10
2.10606
 20
2.77939
 11
2.1037
 21
2.77698
  0
LINE
  8
0
 10
2.1037
 20
2.77698
 11
2.10124
 21
2.77466
  0
LINE
  8
0
 10
2.10124
 20
2.77466
 11
2.09868
 21
2.77245
  0
LINE
  8
0
 10
2.09868
 20
2.77245
 11
2.09604
 21
2.77036
  0
LINE
  8
0
 10
2.09604
 20
2.77036
 11
2.09329
 21
2.76837
  0
LINE
  8
0
 10
2.09329
 20
2.76837
 11
2.09048
 21
2.76649
  0
LINE
  8
0
 10
2.09048
 20
2.76649
 11
2.08759
 21
2.76474
  0
LINE
  8
0
 10
2.08759
 20
2.76474
 11
2.08463
 21
2.76311
  0
LINE
  8
0
 10
2.08463
 20
2.76311
 11
2.0816
 21
2.76161
  0
LINE
  8
0
 10
2.0816
 20
2.76161
 11
2.07851
 21
2.76024
  0
LINE
  8
0
 10
2.07851
 20
2.76024
 11
2.07536
 21
2.75899
  0
LINE
  8
0
 10
2.07536
 20
2.75899
 11
2.07217
 21
2.75787
  0
LINE
  8
0
 10
2.07217
 20
2.75787
 11
2.06894
 21
2.7569
  0
LINE
  8
0
 10
2.06894
 20
2.7569
 11
2.06567
 21
2.75606
  0
LINE
  8
0
 10
2.06567
 20
2.75606
 11
2.06236
 21
2.75536
  0
LINE
  8
0
 10
2.06236
 20
2.75536
 11
2.05902
 21
2.75479
  0
LINE
  8
0
 10
2.05902
 20
2.75479
 11
2.05568
 21
2.75438
  0
LINE
  8
0
 10
2.05568
 20
2.75438
 11
2.05231
 21
2.75409
  0
LINE
  8
0
 10
2.05231
 20
2.75409
 11
2.04892
 21
2.75395
  0
LINE
  8
0
 10
2.04892
 20
2.75395
 11
2.04555
 21
2.75395
  0
LINE
  8
0
 10
-2.36389
 20
2.75395
 11
-2.36726
 21
2.75409
  0
LINE
  8
0
 10
-2.36726
 20
2.75409
 11
-2.37064
 21
2.75438
  0
LINE
  8
0
 10
-2.37064
 20
2.75438
 11
-2.37399
 21
2.75479
  0
LINE
  8
0
 10
-2.37399
 20
2.75479
 11
-2.37732
 21
2.75536
  0
LINE
  8
0
 10
-2.37732
 20
2.75536
 11
-2.38063
 21
2.75606
  0
LINE
  8
0
 10
-2.38063
 20
2.75606
 11
-2.3839
 21
2.7569
  0
LINE
  8
0
 10
-2.3839
 20
2.7569
 11
-2.38715
 21
2.75787
  0
LINE
  8
0
 10
-2.38715
 20
2.75787
 11
-2.39034
 21
2.75899
  0
LINE
  8
0
 10
-2.39034
 20
2.75899
 11
-2.39348
 21
2.76024
  0
LINE
  8
0
 10
-2.39348
 20
2.76024
 11
-2.39656
 21
2.76161
  0
LINE
  8
0
 10
-2.39656
 20
2.76161
 11
-2.3996
 21
2.76311
  0
LINE
  8
0
 10
-2.3996
 20
2.76311
 11
-2.40256
 21
2.76474
  0
LINE
  8
0
 10
-2.40256
 20
2.76474
 11
-2.40544
 21
2.76649
  0
LINE
  8
0
 10
-2.40544
 20
2.76649
 11
-2.40826
 21
2.76837
  0
LINE
  8
0
 10
-2.40826
 20
2.76837
 11
-2.411
 21
2.77036
  0
LINE
  8
0
 10
-2.411
 20
2.77036
 11
-2.41365
 21
2.77245
  0
LINE
  8
0
 10
-2.41365
 20
2.77245
 11
-2.4162
 21
2.77466
  0
LINE
  8
0
 10
-2.4162
 20
2.77466
 11
-2.41867
 21
2.77698
  0
LINE
  8
0
 10
-2.41867
 20
2.77698
 11
-2.42104
 21
2.77939
  0
LINE
  8
0
 10
-2.42104
 20
2.77939
 11
-2.42329
 21
2.78191
  0
LINE
  8
0
 10
-2.42329
 20
2.78191
 11
-2.42545
 21
2.7845
  0
LINE
  8
0
 10
-2.42545
 20
2.7845
 11
-2.42749
 21
2.7872
  0
LINE
  8
0
 10
-2.42749
 20
2.7872
 11
-2.42943
 21
2.78998
  0
LINE
  8
0
 10
-2.42943
 20
2.78998
 11
-2.43123
 21
2.79283
  0
LINE
  8
0
 10
-2.43123
 20
2.79283
 11
-2.43292
 21
2.79576
  0
LINE
  8
0
 10
-2.43292
 20
2.79576
 11
-2.43449
 21
2.79875
  0
LINE
  8
0
 10
-2.43449
 20
2.79875
 11
-2.43593
 21
2.80182
  0
LINE
  8
0
 10
-2.43593
 20
2.80182
 11
-2.43724
 21
2.80493
  0
LINE
  8
0
 10
-2.43724
 20
2.80493
 11
-2.43842
 21
2.80809
  0
LINE
  8
0
 10
-2.43842
 20
2.80809
 11
-2.43947
 21
2.81131
  0
LINE
  8
0
 10
-2.43947
 20
2.81131
 11
-2.44037
 21
2.81456
  0
LINE
  8
0
 10
-2.44037
 20
2.81456
 11
-2.44115
 21
2.81786
  0
LINE
  8
0
 10
-2.44115
 20
2.81786
 11
-2.44177
 21
2.82118
  0
LINE
  8
0
 10
-2.44177
 20
2.82118
 11
-2.44228
 21
2.82452
  0
LINE
  8
0
 10
-2.44228
 20
2.82452
 11
-2.44263
 21
2.82788
  0
LINE
  8
0
 10
-2.44263
 20
2.82788
 11
-2.44284
 21
2.83125
  0
LINE
  8
0
 10
-2.44284
 20
2.83125
 11
-2.4429
 21
2.83464
  0
LINE
  8
0
 10
-2.4429
 20
2.83464
 11
-2.44284
 21
2.83801
  0
LINE
  8
0
 10
-2.44284
 20
2.83801
 11
-2.44263
 21
2.84138
  0
LINE
  8
0
 10
-2.44263
 20
2.84138
 11
-2.44228
 21
2.84476
  0
LINE
  8
0
 10
-2.44228
 20
2.84476
 11
-2.44177
 21
2.8481
  0
LINE
  8
0
 10
-2.44177
 20
2.8481
 11
-2.44115
 21
2.85143
  0
LINE
  8
0
 10
-2.44115
 20
2.85143
 11
-2.44037
 21
2.85471
  0
LINE
  8
0
 10
-2.44037
 20
2.85471
 11
-2.43947
 21
2.85797
  0
LINE
  8
0
 10
-2.43947
 20
2.85797
 11
-2.43842
 21
2.86118
  0
LINE
  8
0
 10
-2.43842
 20
2.86118
 11
-2.43724
 21
2.86435
  0
LINE
  8
0
 10
-2.43724
 20
2.86435
 11
-2.43593
 21
2.86746
  0
LINE
  8
0
 10
-2.43593
 20
2.86746
 11
-2.43449
 21
2.87053
  0
LINE
  8
0
 10
-2.43449
 20
2.87053
 11
-2.43292
 21
2.87352
  0
LINE
  8
0
 10
-2.43292
 20
2.87352
 11
-2.43123
 21
2.87645
  0
LINE
  8
0
 10
-2.43123
 20
2.87645
 11
-2.42943
 21
2.8793
  0
LINE
  8
0
 10
-2.42943
 20
2.8793
 11
-2.42749
 21
2.88208
  0
LINE
  8
0
 10
-2.42749
 20
2.88208
 11
-2.42545
 21
2.88477
  0
LINE
  8
0
 10
-2.42545
 20
2.88477
 11
-2.42329
 21
2.88737
  0
LINE
  8
0
 10
-2.42329
 20
2.88737
 11
-2.42104
 21
2.88989
  0
LINE
  8
0
 10
-2.42104
 20
2.88989
 11
-2.41867
 21
2.8923
  0
LINE
  8
0
 10
-2.41867
 20
2.8923
 11
-2.4162
 21
2.89462
  0
LINE
  8
0
 10
-2.4162
 20
2.89462
 11
-2.41365
 21
2.89682
  0
LINE
  8
0
 10
-2.41365
 20
2.89682
 11
-2.411
 21
2.89893
  0
LINE
  8
0
 10
-2.411
 20
2.89893
 11
-2.40826
 21
2.90091
  0
LINE
  8
0
 10
-2.40826
 20
2.90091
 11
-2.40544
 21
2.90279
  0
LINE
  8
0
 10
-2.40544
 20
2.90279
 11
-2.40256
 21
2.90454
  0
LINE
  8
0
 10
-2.40256
 20
2.90454
 11
-2.3996
 21
2.90616
  0
LINE
  8
0
 10
-2.3996
 20
2.90616
 11
-2.39656
 21
2.90767
  0
LINE
  8
0
 10
-2.39656
 20
2.90767
 11
-2.39348
 21
2.90904
  0
LINE
  8
0
 10
-2.39348
 20
2.90904
 11
-2.39034
 21
2.91028
  0
LINE
  8
0
 10
-2.39034
 20
2.91028
 11
-2.38715
 21
2.91139
  0
LINE
  8
0
 10
-2.38715
 20
2.91139
 11
-2.3839
 21
2.91237
  0
LINE
  8
0
 10
-2.3839
 20
2.91237
 11
-2.38063
 21
2.91321
  0
LINE
  8
0
 10
-2.38063
 20
2.91321
 11
-2.37732
 21
2.91391
  0
LINE
  8
0
 10
-2.37732
 20
2.91391
 11
-2.37399
 21
2.91447
  0
LINE
  8
0
 10
-2.37399
 20
2.91447
 11
-2.37064
 21
2.9149
  0
LINE
  8
0
 10
-2.37064
 20
2.9149
 11
-2.36726
 21
2.91519
  0
LINE
  8
0
 10
-2.36726
 20
2.91519
 11
-2.36389
 21
2.91533
  0
LINE
  8
0
 10
-2.36389
 20
2.91533
 11
-2.3605
 21
2.91533
  0
LINE
  8
0
 10
-2.3605
 20
2.91533
 11
-2.35713
 21
2.91519
  0
LINE
  8
0
 10
-2.35713
 20
2.91519
 11
-2.35376
 21
2.9149
  0
LINE
  8
0
 10
-2.35376
 20
2.9149
 11
-2.3504
 21
2.91447
  0
LINE
  8
0
 10
-2.3504
 20
2.91447
 11
-2.34708
 21
2.91391
  0
LINE
  8
0
 10
-2.34708
 20
2.91391
 11
-2.34377
 21
2.91321
  0
LINE
  8
0
 10
-2.34377
 20
2.91321
 11
-2.3405
 21
2.91237
  0
LINE
  8
0
 10
-2.3405
 20
2.91237
 11
-2.33727
 21
2.91139
  0
LINE
  8
0
 10
-2.33727
 20
2.91139
 11
-2.33406
 21
2.91028
  0
LINE
  8
0
 10
-2.33406
 20
2.91028
 11
-2.33092
 21
2.90904
  0
LINE
  8
0
 10
-2.33092
 20
2.90904
 11
-2.32784
 21
2.90767
  0
LINE
  8
0
 10
-2.32784
 20
2.90767
 11
-2.3248
 21
2.90616
  0
LINE
  8
0
 10
-2.3248
 20
2.90616
 11
-2.32184
 21
2.90454
  0
LINE
  8
0
 10
-2.32184
 20
2.90454
 11
-2.31895
 21
2.90279
  0
LINE
  8
0
 10
-2.31895
 20
2.90279
 11
-2.31613
 21
2.90091
  0
LINE
  8
0
 10
-2.31613
 20
2.90091
 11
-2.3134
 21
2.89893
  0
LINE
  8
0
 10
-2.3134
 20
2.89893
 11
-2.31075
 21
2.89682
  0
LINE
  8
0
 10
-2.31075
 20
2.89682
 11
-2.3082
 21
2.89462
  0
LINE
  8
0
 10
-2.3082
 20
2.89462
 11
-2.30573
 21
2.8923
  0
LINE
  8
0
 10
-2.30573
 20
2.8923
 11
-2.30336
 21
2.88989
  0
LINE
  8
0
 10
-2.30336
 20
2.88989
 11
-2.3011
 21
2.88737
  0
LINE
  8
0
 10
-2.3011
 20
2.88737
 11
-2.29895
 21
2.88477
  0
LINE
  8
0
 10
-2.29895
 20
2.88477
 11
-2.29691
 21
2.88208
  0
LINE
  8
0
 10
-2.29691
 20
2.88208
 11
-2.29497
 21
2.8793
  0
LINE
  8
0
 10
-2.29497
 20
2.8793
 11
-2.29317
 21
2.87645
  0
LINE
  8
0
 10
-2.29317
 20
2.87645
 11
-2.29147
 21
2.87352
  0
LINE
  8
0
 10
-2.29147
 20
2.87352
 11
-2.2899
 21
2.87053
  0
LINE
  8
0
 10
-2.2899
 20
2.87053
 11
-2.28847
 21
2.86746
  0
LINE
  8
0
 10
-2.28847
 20
2.86746
 11
-2.28716
 21
2.86435
  0
LINE
  8
0
 10
-2.28716
 20
2.86435
 11
-2.28598
 21
2.86118
  0
LINE
  8
0
 10
-2.28598
 20
2.86118
 11
-2.28493
 21
2.85797
  0
LINE
  8
0
 10
-2.28493
 20
2.85797
 11
-2.28403
 21
2.85471
  0
LINE
  8
0
 10
-2.28403
 20
2.85471
 11
-2.28325
 21
2.85143
  0
LINE
  8
0
 10
-2.28325
 20
2.85143
 11
-2.28262
 21
2.8481
  0
LINE
  8
0
 10
-2.28262
 20
2.8481
 11
-2.28212
 21
2.84476
  0
LINE
  8
0
 10
-2.28212
 20
2.84476
 11
-2.28177
 21
2.84138
  0
LINE
  8
0
 10
-2.28177
 20
2.84138
 11
-2.28156
 21
2.83801
  0
LINE
  8
0
 10
-2.28156
 20
2.83801
 11
-2.28149
 21
2.83464
  0
LINE
  8
0
 10
-2.28149
 20
2.83464
 11
-2.28156
 21
2.83125
  0
LINE
  8
0
 10
-2.28156
 20
2.83125
 11
-2.28177
 21
2.82788
  0
LINE
  8
0
 10
-2.28177
 20
2.82788
 11
-2.28212
 21
2.82452
  0
LINE
  8
0
 10
-2.28212
 20
2.82452
 11
-2.28262
 21
2.82118
  0
LINE
  8
0
 10
-2.28262
 20
2.82118
 11
-2.28325
 21
2.81786
  0
LINE
  8
0
 10
-2.28325
 20
2.81786
 11
-2.28403
 21
2.81456
  0
LINE
  8
0
 10
-2.28403
 20
2.81456
 11
-2.28493
 21
2.81131
  0
LINE
  8
0
 10
-2.28493
 20
2.81131
 11
-2.28598
 21
2.80809
  0
LINE
  8
0
 10
-2.28598
 20
2.80809
 11
-2.28716
 21
2.80493
  0
LINE
  8
0
 10
-2.28716
 20
2.80493
 11
-2.28847
 21
2.80182
  0
LINE
  8
0
 10
-2.28847
 20
2.80182
 11
-2.2899
 21
2.79875
  0
LINE
  8
0
 10
-2.2899
 20
2.79875
 11
-2.29147
 21
2.79576
  0
LINE
  8
0
 10
-2.29147
 20
2.79576
 11
-2.29317
 21
2.79283
  0
LINE
  8
0
 10
-2.29317
 20
2.79283
 11
-2.29497
 21
2.78998
  0
LINE
  8
0
 10
-2.29497
 20
2.78998
 11
-2.29691
 21
2.7872
  0
LINE
  8
0
 10
-2.29691
 20
2.7872
 11
-2.29895
 21
2.7845
  0
LINE
  8
0
 10
-2.29895
 20
2.7845
 11
-2.3011
 21
2.78191
  0
LINE
  8
0
 10
-2.3011
 20
2.78191
 11
-2.30336
 21
2.77939
  0
LINE
  8
0
 10
-2.30336
 20
2.77939
 11
-2.30573
 21
2.77698
  0
LINE
  8
0
 10
-2.30573
 20
2.77698
 11
-2.3082
 21
2.77466
  0
LINE
  8
0
 10
-2.3082
 20
2.77466
 11
-2.31075
 21
2.77245
  0
LINE
  8
0
 10
-2.31075
 20
2.77245
 11
-2.3134
 21
2.77036
  0
LINE
  8
0
 10
-2.3134
 20
2.77036
 11
-2.31613
 21
2.76837
  0
LINE
  8
0
 10
-2.31613
 20
2.76837
 11
-2.31895
 21
2.76649
  0
LINE
  8
0
 10
-2.31895
 20
2.76649
 11
-2.32184
 21
2.76474
  0
LINE
  8
0
 10
-2.32184
 20
2.76474
 11
-2.3248
 21
2.76311
  0
LINE
  8
0
 10
-2.3248
 20
2.76311
 11
-2.32784
 21
2.76161
  0
LINE
  8
0
 10
-2.32784
 20
2.76161
 11
-2.33092
 21
2.76024
  0
LINE
  8
0
 10
-2.33092
 20
2.76024
 11
-2.33406
 21
2.75899
  0
LINE
  8
0
 10
-2.33406
 20
2.75899
 11
-2.33727
 21
2.75787
  0
LINE
  8
0
 10
-2.33727
 20
2.75787
 11
-2.3405
 21
2.7569
  0
LINE
  8
0
 10
-2.3405
 20
2.7569
 11
-2.34377
 21
2.75606
  0
LINE
  8
0
 10
-2.34377
 20
2.75606
 11
-2.34708
 21
2.75536
  0
LINE
  8
0
 10
-2.34708
 20
2.75536
 11
-2.3504
 21
2.75479
  0
LINE
  8
0
 10
-2.3504
 20
2.75479
 11
-2.35376
 21
2.75438
  0
LINE
  8
0
 10
-2.35376
 20
2.75438
 11
-2.35713
 21
2.75409
  0
LINE
  8
0
 10
-2.35713
 20
2.75409
 11
-2.3605
 21
2.75395
  0
LINE
  8
0
 10
-2.3605
 20
2.75395
 11
-2.36389
 21
2.75395
  0
LINE
  8
0
 10
2.67546
 20
2.75395
 11
2.67209
 21
2.75409
  0
LINE
  8
0
 10
2.67209
 20
2.75409
 11
2.66872
 21
2.75438
  0
LINE
  8
0
 10
2.66872
 20
2.75438
 11
2.66537
 21
2.75479
  0
LINE
  8
0
 10
2.66537
 20
2.75479
 11
2.66203
 21
2.75536
  0
LINE
  8
0
 10
2.66203
 20
2.75536
 11
2.65872
 21
2.75606
  0
LINE
  8
0
 10
2.65872
 20
2.75606
 11
2.65546
 21
2.7569
  0
LINE
  8
0
 10
2.65546
 20
2.7569
 11
2.65222
 21
2.75787
  0
LINE
  8
0
 10
2.65222
 20
2.75787
 11
2.64902
 21
2.75899
  0
LINE
  8
0
 10
2.64902
 20
2.75899
 11
2.64589
 21
2.76024
  0
LINE
  8
0
 10
2.64589
 20
2.76024
 11
2.64279
 21
2.76161
  0
LINE
  8
0
 10
2.64279
 20
2.76161
 11
2.63977
 21
2.76311
  0
LINE
  8
0
 10
2.63977
 20
2.76311
 11
2.63681
 21
2.76474
  0
LINE
  8
0
 10
2.63681
 20
2.76474
 11
2.63391
 21
2.76649
  0
LINE
  8
0
 10
2.63391
 20
2.76649
 11
2.6311
 21
2.76837
  0
LINE
  8
0
 10
2.6311
 20
2.76837
 11
2.62836
 21
2.77036
  0
LINE
  8
0
 10
2.62836
 20
2.77036
 11
2.62572
 21
2.77245
  0
LINE
  8
0
 10
2.62572
 20
2.77245
 11
2.62315
 21
2.77466
  0
LINE
  8
0
 10
2.62315
 20
2.77466
 11
2.62068
 21
2.77698
  0
LINE
  8
0
 10
2.62068
 20
2.77698
 11
2.61832
 21
2.77939
  0
LINE
  8
0
 10
2.61832
 20
2.77939
 11
2.61606
 21
2.78191
  0
LINE
  8
0
 10
2.61606
 20
2.78191
 11
2.61391
 21
2.7845
  0
LINE
  8
0
 10
2.61391
 20
2.7845
 11
2.61186
 21
2.7872
  0
LINE
  8
0
 10
2.61186
 20
2.7872
 11
2.60994
 21
2.78998
  0
LINE
  8
0
 10
2.60994
 20
2.78998
 11
2.60812
 21
2.79283
  0
LINE
  8
0
 10
2.60812
 20
2.79283
 11
2.60643
 21
2.79576
  0
LINE
  8
0
 10
2.60643
 20
2.79576
 11
2.60486
 21
2.79875
  0
LINE
  8
0
 10
2.60486
 20
2.79875
 11
2.60342
 21
2.80182
  0
LINE
  8
0
 10
2.60342
 20
2.80182
 11
2.60211
 21
2.80493
  0
LINE
  8
0
 10
2.60211
 20
2.80493
 11
2.60094
 21
2.80809
  0
LINE
  8
0
 10
2.60094
 20
2.80809
 11
2.5999
 21
2.81131
  0
LINE
  8
0
 10
2.5999
 20
2.81131
 11
2.59898
 21
2.81456
  0
LINE
  8
0
 10
2.59898
 20
2.81456
 11
2.59821
 21
2.81786
  0
LINE
  8
0
 10
2.59821
 20
2.81786
 11
2.59758
 21
2.82118
  0
LINE
  8
0
 10
2.59758
 20
2.82118
 11
2.59709
 21
2.82452
  0
LINE
  8
0
 10
2.59709
 20
2.82452
 11
2.59673
 21
2.82788
  0
LINE
  8
0
 10
2.59673
 20
2.82788
 11
2.59653
 21
2.83125
  0
LINE
  8
0
 10
2.59653
 20
2.83125
 11
2.59645
 21
2.83464
  0
LINE
  8
0
 10
2.59645
 20
2.83464
 11
2.59653
 21
2.83801
  0
LINE
  8
0
 10
2.59653
 20
2.83801
 11
2.59673
 21
2.84138
  0
LINE
  8
0
 10
2.59673
 20
2.84138
 11
2.59709
 21
2.84476
  0
LINE
  8
0
 10
2.59709
 20
2.84476
 11
2.59758
 21
2.8481
  0
LINE
  8
0
 10
2.59758
 20
2.8481
 11
2.59821
 21
2.85143
  0
LINE
  8
0
 10
2.59821
 20
2.85143
 11
2.59898
 21
2.85471
  0
LINE
  8
0
 10
2.59898
 20
2.85471
 11
2.5999
 21
2.85797
  0
LINE
  8
0
 10
2.5999
 20
2.85797
 11
2.60094
 21
2.86118
  0
LINE
  8
0
 10
2.60094
 20
2.86118
 11
2.60211
 21
2.86435
  0
LINE
  8
0
 10
2.60211
 20
2.86435
 11
2.60342
 21
2.86746
  0
LINE
  8
0
 10
2.60342
 20
2.86746
 11
2.60486
 21
2.87053
  0
LINE
  8
0
 10
2.60486
 20
2.87053
 11
2.60643
 21
2.87352
  0
LINE
  8
0
 10
2.60643
 20
2.87352
 11
2.60812
 21
2.87645
  0
LINE
  8
0
 10
2.60812
 20
2.87645
 11
2.60994
 21
2.8793
  0
LINE
  8
0
 10
2.60994
 20
2.8793
 11
2.61186
 21
2.88208
  0
LINE
  8
0
 10
2.61186
 20
2.88208
 11
2.61391
 21
2.88477
  0
LINE
  8
0
 10
2.61391
 20
2.88477
 11
2.61606
 21
2.88737
  0
LINE
  8
0
 10
2.61606
 20
2.88737
 11
2.61832
 21
2.88989
  0
LINE
  8
0
 10
2.61832
 20
2.88989
 11
2.62068
 21
2.8923
  0
LINE
  8
0
 10
2.62068
 20
2.8923
 11
2.62315
 21
2.89462
  0
LINE
  8
0
 10
2.62315
 20
2.89462
 11
2.62572
 21
2.89682
  0
LINE
  8
0
 10
2.62572
 20
2.89682
 11
2.62836
 21
2.89893
  0
LINE
  8
0
 10
2.62836
 20
2.89893
 11
2.6311
 21
2.90091
  0
LINE
  8
0
 10
2.6311
 20
2.90091
 11
2.63391
 21
2.90279
  0
LINE
  8
0
 10
2.63391
 20
2.90279
 11
2.63681
 21
2.90454
  0
LINE
  8
0
 10
2.63681
 20
2.90454
 11
2.63977
 21
2.90616
  0
LINE
  8
0
 10
2.63977
 20
2.90616
 11
2.64279
 21
2.90767
  0
LINE
  8
0
 10
2.64279
 20
2.90767
 11
2.64589
 21
2.90904
  0
LINE
  8
0
 10
2.64589
 20
2.90904
 11
2.64902
 21
2.91028
  0
LINE
  8
0
 10
2.64902
 20
2.91028
 11
2.65222
 21
2.91139
  0
LINE
  8
0
 10
2.65222
 20
2.91139
 11
2.65546
 21
2.91237
  0
LINE
  8
0
 10
2.65546
 20
2.91237
 11
2.65872
 21
2.91321
  0
LINE
  8
0
 10
2.65872
 20
2.91321
 11
2.66203
 21
2.91391
  0
LINE
  8
0
 10
2.66203
 20
2.91391
 11
2.66537
 21
2.91447
  0
LINE
  8
0
 10
2.66537
 20
2.91447
 11
2.66872
 21
2.9149
  0
LINE
  8
0
 10
2.66872
 20
2.9149
 11
2.67209
 21
2.91519
  0
LINE
  8
0
 10
2.67209
 20
2.91519
 11
2.67546
 21
2.91533
  0
LINE
  8
0
 10
2.67546
 20
2.91533
 11
2.67885
 21
2.91533
  0
LINE
  8
0
 10
2.67885
 20
2.91533
 11
2.68222
 21
2.91519
  0
LINE
  8
0
 10
2.68222
 20
2.91519
 11
2.68559
 21
2.9149
  0
LINE
  8
0
 10
2.68559
 20
2.9149
 11
2.68895
 21
2.91447
  0
LINE
  8
0
 10
2.68895
 20
2.91447
 11
2.69228
 21
2.91391
  0
LINE
  8
0
 10
2.69228
 20
2.91391
 11
2.69559
 21
2.91321
  0
LINE
  8
0
 10
2.69559
 20
2.91321
 11
2.69887
 21
2.91237
  0
LINE
  8
0
 10
2.69887
 20
2.91237
 11
2.7021
 21
2.91139
  0
LINE
  8
0
 10
2.7021
 20
2.91139
 11
2.70529
 21
2.91028
  0
LINE
  8
0
 10
2.70529
 20
2.91028
 11
2.70844
 21
2.90904
  0
LINE
  8
0
 10
2.70844
 20
2.90904
 11
2.71152
 21
2.90767
  0
LINE
  8
0
 10
2.71152
 20
2.90767
 11
2.71455
 21
2.90616
  0
LINE
  8
0
 10
2.71455
 20
2.90616
 11
2.71751
 21
2.90454
  0
LINE
  8
0
 10
2.71751
 20
2.90454
 11
2.7204
 21
2.90279
  0
LINE
  8
0
 10
2.7204
 20
2.90279
 11
2.72322
 21
2.90091
  0
LINE
  8
0
 10
2.72322
 20
2.90091
 11
2.72595
 21
2.89893
  0
LINE
  8
0
 10
2.72595
 20
2.89893
 11
2.72861
 21
2.89682
  0
LINE
  8
0
 10
2.72861
 20
2.89682
 11
2.73116
 21
2.89462
  0
LINE
  8
0
 10
2.73116
 20
2.89462
 11
2.73363
 21
2.8923
  0
LINE
  8
0
 10
2.73363
 20
2.8923
 11
2.73599
 21
2.88989
  0
LINE
  8
0
 10
2.73599
 20
2.88989
 11
2.73825
 21
2.88737
  0
LINE
  8
0
 10
2.73825
 20
2.88737
 11
2.7404
 21
2.88477
  0
LINE
  8
0
 10
2.7404
 20
2.88477
 11
2.74245
 21
2.88208
  0
LINE
  8
0
 10
2.74245
 20
2.88208
 11
2.74438
 21
2.8793
  0
LINE
  8
0
 10
2.74438
 20
2.8793
 11
2.7462
 21
2.87645
  0
LINE
  8
0
 10
2.7462
 20
2.87645
 11
2.74788
 21
2.87352
  0
LINE
  8
0
 10
2.74788
 20
2.87352
 11
2.74945
 21
2.87053
  0
LINE
  8
0
 10
2.74945
 20
2.87053
 11
2.75089
 21
2.86746
  0
LINE
  8
0
 10
2.75089
 20
2.86746
 11
2.7522
 21
2.86435
  0
LINE
  8
0
 10
2.7522
 20
2.86435
 11
2.75337
 21
2.86118
  0
LINE
  8
0
 10
2.75337
 20
2.86118
 11
2.75443
 21
2.85797
  0
LINE
  8
0
 10
2.75443
 20
2.85797
 11
2.75533
 21
2.85471
  0
LINE
  8
0
 10
2.75533
 20
2.85471
 11
2.7561
 21
2.85143
  0
LINE
  8
0
 10
2.7561
 20
2.85143
 11
2.75673
 21
2.8481
  0
LINE
  8
0
 10
2.75673
 20
2.8481
 11
2.75723
 21
2.84476
  0
LINE
  8
0
 10
2.75723
 20
2.84476
 11
2.75758
 21
2.84138
  0
LINE
  8
0
 10
2.75758
 20
2.84138
 11
2.7578
 21
2.83801
  0
LINE
  8
0
 10
2.7578
 20
2.83801
 11
2.75787
 21
2.83464
  0
LINE
  8
0
 10
2.75787
 20
2.83464
 11
2.7578
 21
2.83125
  0
LINE
  8
0
 10
2.7578
 20
2.83125
 11
2.75758
 21
2.82788
  0
LINE
  8
0
 10
2.75758
 20
2.82788
 11
2.75723
 21
2.82452
  0
LINE
  8
0
 10
2.75723
 20
2.82452
 11
2.75673
 21
2.82118
  0
LINE
  8
0
 10
2.75673
 20
2.82118
 11
2.7561
 21
2.81786
  0
LINE
  8
0
 10
2.7561
 20
2.81786
 11
2.75533
 21
2.81456
  0
LINE
  8
0
 10
2.75533
 20
2.81456
 11
2.75443
 21
2.81131
  0
LINE
  8
0
 10
2.75443
 20
2.81131
 11
2.75337
 21
2.80809
  0
LINE
  8
0
 10
2.75337
 20
2.80809
 11
2.7522
 21
2.80493
  0
LINE
  8
0
 10
2.7522
 20
2.80493
 11
2.75089
 21
2.80182
  0
LINE
  8
0
 10
2.75089
 20
2.80182
 11
2.74945
 21
2.79875
  0
LINE
  8
0
 10
2.74945
 20
2.79875
 11
2.74788
 21
2.79576
  0
LINE
  8
0
 10
2.74788
 20
2.79576
 11
2.7462
 21
2.79283
  0
LINE
  8
0
 10
2.7462
 20
2.79283
 11
2.74438
 21
2.78998
  0
LINE
  8
0
 10
2.74438
 20
2.78998
 11
2.74245
 21
2.7872
  0
LINE
  8
0
 10
2.74245
 20
2.7872
 11
2.7404
 21
2.7845
  0
LINE
  8
0
 10
2.7404
 20
2.7845
 11
2.73825
 21
2.78191
  0
LINE
  8
0
 10
2.73825
 20
2.78191
 11
2.73599
 21
2.77939
  0
LINE
  8
0
 10
2.73599
 20
2.77939
 11
2.73363
 21
2.77698
  0
LINE
  8
0
 10
2.73363
 20
2.77698
 11
2.73116
 21
2.77466
  0
LINE
  8
0
 10
2.73116
 20
2.77466
 11
2.72861
 21
2.77245
  0
LINE
  8
0
 10
2.72861
 20
2.77245
 11
2.72595
 21
2.77036
  0
LINE
  8
0
 10
2.72595
 20
2.77036
 11
2.72322
 21
2.76837
  0
LINE
  8
0
 10
2.72322
 20
2.76837
 11
2.7204
 21
2.76649
  0
LINE
  8
0
 10
2.7204
 20
2.76649
 11
2.71751
 21
2.76474
  0
LINE
  8
0
 10
2.71751
 20
2.76474
 11
2.71455
 21
2.76311
  0
LINE
  8
0
 10
2.71455
 20
2.76311
 11
2.71152
 21
2.76161
  0
LINE
  8
0
 10
2.71152
 20
2.76161
 11
2.70844
 21
2.76024
  0
LINE
  8
0
 10
2.70844
 20
2.76024
 11
2.70529
 21
2.75899
  0
LINE
  8
0
 10
2.70529
 20
2.75899
 11
2.7021
 21
2.75787
  0
LINE
  8
0
 10
2.7021
 20
2.75787
 11
2.69887
 21
2.7569
  0
LINE
  8
0
 10
2.69887
 20
2.7569
 11
2.69559
 21
2.75606
  0
LINE
  8
0
 10
2.69559
 20
2.75606
 11
2.69228
 21
2.75536
  0
LINE
  8
0
 10
2.69228
 20
2.75536
 11
2.68895
 21
2.75479
  0
LINE
  8
0
 10
2.68895
 20
2.75479
 11
2.68559
 21
2.75438
  0
LINE
  8
0
 10
2.68559
 20
2.75438
 11
2.68222
 21
2.75409
  0
LINE
  8
0
 10
2.68222
 20
2.75409
 11
2.67885
 21
2.75395
  0
LINE
  8
0
 10
2.67885
 20
2.75395
 11
2.67546
 21
2.75395
  0
LINE
  8
0
 10
5.82507
 20
2.75395
 11
5.8217
 21
2.75409
  0
LINE
  8
0
 10
5.8217
 20
2.75409
 11
5.81833
 21
2.75438
  0
LINE
  8
0
 10
5.81833
 20
2.75438
 11
5.81497
 21
2.75479
  0
LINE
  8
0
 10
5.81497
 20
2.75479
 11
5.81165
 21
2.75536
  0
LINE
  8
0
 10
5.81165
 20
2.75536
 11
5.80833
 21
2.75606
  0
LINE
  8
0
 10
5.80833
 20
2.75606
 11
5.80505
 21
2.7569
  0
LINE
  8
0
 10
5.80505
 20
2.7569
 11
5.80182
 21
2.75787
  0
LINE
  8
0
 10
5.80182
 20
2.75787
 11
5.79863
 21
2.75899
  0
LINE
  8
0
 10
5.79863
 20
2.75899
 11
5.79549
 21
2.76024
  0
LINE
  8
0
 10
5.79549
 20
2.76024
 11
5.7924
 21
2.76161
  0
LINE
  8
0
 10
5.7924
 20
2.76161
 11
5.78937
 21
2.76311
  0
LINE
  8
0
 10
5.78937
 20
2.76311
 11
5.78641
 21
2.76474
  0
LINE
  8
0
 10
5.78641
 20
2.76474
 11
5.78352
 21
2.76649
  0
LINE
  8
0
 10
5.78352
 20
2.76649
 11
5.7807
 21
2.76837
  0
LINE
  8
0
 10
5.7807
 20
2.76837
 11
5.77797
 21
2.77036
  0
LINE
  8
0
 10
5.77797
 20
2.77036
 11
5.77531
 21
2.77245
  0
LINE
  8
0
 10
5.77531
 20
2.77245
 11
5.77277
 21
2.77466
  0
LINE
  8
0
 10
5.77277
 20
2.77466
 11
5.77029
 21
2.77698
  0
LINE
  8
0
 10
5.77029
 20
2.77698
 11
5.76793
 21
2.77939
  0
LINE
  8
0
 10
5.76793
 20
2.77939
 11
5.76567
 21
2.78191
  0
LINE
  8
0
 10
5.76567
 20
2.78191
 11
5.76352
 21
2.7845
  0
LINE
  8
0
 10
5.76352
 20
2.7845
 11
5.76147
 21
2.7872
  0
LINE
  8
0
 10
5.76147
 20
2.7872
 11
5.75954
 21
2.78998
  0
LINE
  8
0
 10
5.75954
 20
2.78998
 11
5.75774
 21
2.79283
  0
LINE
  8
0
 10
5.75774
 20
2.79283
 11
5.75604
 21
2.79576
  0
LINE
  8
0
 10
5.75604
 20
2.79576
 11
5.75447
 21
2.79875
  0
LINE
  8
0
 10
5.75447
 20
2.79875
 11
5.75304
 21
2.80182
  0
LINE
  8
0
 10
5.75304
 20
2.80182
 11
5.75172
 21
2.80493
  0
LINE
  8
0
 10
5.75172
 20
2.80493
 11
5.75055
 21
2.80809
  0
LINE
  8
0
 10
5.75055
 20
2.80809
 11
5.7495
 21
2.81131
  0
LINE
  8
0
 10
5.7495
 20
2.81131
 11
5.7486
 21
2.81456
  0
LINE
  8
0
 10
5.7486
 20
2.81456
 11
5.74782
 21
2.81786
  0
LINE
  8
0
 10
5.74782
 20
2.81786
 11
5.74719
 21
2.82118
  0
LINE
  8
0
 10
5.74719
 20
2.82118
 11
5.74669
 21
2.82452
  0
LINE
  8
0
 10
5.74669
 20
2.82452
 11
5.74634
 21
2.82788
  0
LINE
  8
0
 10
5.74634
 20
2.82788
 11
5.74612
 21
2.83125
  0
LINE
  8
0
 10
5.74612
 20
2.83125
 11
5.74605
 21
2.83464
  0
LINE
  8
0
 10
5.74605
 20
2.83464
 11
5.74612
 21
2.83801
  0
LINE
  8
0
 10
5.74612
 20
2.83801
 11
5.74634
 21
2.84138
  0
LINE
  8
0
 10
5.74634
 20
2.84138
 11
5.74669
 21
2.84476
  0
LINE
  8
0
 10
5.74669
 20
2.84476
 11
5.74719
 21
2.8481
  0
LINE
  8
0
 10
5.74719
 20
2.8481
 11
5.74782
 21
2.85143
  0
LINE
  8
0
 10
5.74782
 20
2.85143
 11
5.7486
 21
2.85471
  0
LINE
  8
0
 10
5.7486
 20
2.85471
 11
5.7495
 21
2.85797
  0
LINE
  8
0
 10
5.7495
 20
2.85797
 11
5.75055
 21
2.86118
  0
LINE
  8
0
 10
5.75055
 20
2.86118
 11
5.75172
 21
2.86435
  0
LINE
  8
0
 10
5.75172
 20
2.86435
 11
5.75304
 21
2.86746
  0
LINE
  8
0
 10
5.75304
 20
2.86746
 11
5.75447
 21
2.87053
  0
LINE
  8
0
 10
5.75447
 20
2.87053
 11
5.75604
 21
2.87352
  0
LINE
  8
0
 10
5.75604
 20
2.87352
 11
5.75774
 21
2.87645
  0
LINE
  8
0
 10
5.75774
 20
2.87645
 11
5.75954
 21
2.8793
  0
LINE
  8
0
 10
5.75954
 20
2.8793
 11
5.76147
 21
2.88208
  0
LINE
  8
0
 10
5.76147
 20
2.88208
 11
5.76352
 21
2.88477
  0
LINE
  8
0
 10
5.76352
 20
2.88477
 11
5.76567
 21
2.88737
  0
LINE
  8
0
 10
5.76567
 20
2.88737
 11
5.76793
 21
2.88989
  0
LINE
  8
0
 10
5.76793
 20
2.88989
 11
5.77029
 21
2.8923
  0
LINE
  8
0
 10
5.77029
 20
2.8923
 11
5.77277
 21
2.89462
  0
LINE
  8
0
 10
5.77277
 20
2.89462
 11
5.77531
 21
2.89682
  0
LINE
  8
0
 10
5.77531
 20
2.89682
 11
5.77797
 21
2.89893
  0
LINE
  8
0
 10
5.77797
 20
2.89893
 11
5.7807
 21
2.90091
  0
LINE
  8
0
 10
5.7807
 20
2.90091
 11
5.78352
 21
2.90279
  0
LINE
  8
0
 10
5.78352
 20
2.90279
 11
5.78641
 21
2.90454
  0
LINE
  8
0
 10
5.78641
 20
2.90454
 11
5.78937
 21
2.90616
  0
LINE
  8
0
 10
5.78937
 20
2.90616
 11
5.7924
 21
2.90767
  0
LINE
  8
0
 10
5.7924
 20
2.90767
 11
5.79549
 21
2.90904
  0
LINE
  8
0
 10
5.79549
 20
2.90904
 11
5.79863
 21
2.91028
  0
LINE
  8
0
 10
5.79863
 20
2.91028
 11
5.80182
 21
2.91139
  0
LINE
  8
0
 10
5.80182
 20
2.91139
 11
5.80505
 21
2.91237
  0
LINE
  8
0
 10
5.80505
 20
2.91237
 11
5.80833
 21
2.91321
  0
LINE
  8
0
 10
5.80833
 20
2.91321
 11
5.81165
 21
2.91391
  0
LINE
  8
0
 10
5.81165
 20
2.91391
 11
5.81497
 21
2.91447
  0
LINE
  8
0
 10
5.81497
 20
2.91447
 11
5.81833
 21
2.9149
  0
LINE
  8
0
 10
5.81833
 20
2.9149
 11
5.8217
 21
2.91519
  0
LINE
  8
0
 10
5.8217
 20
2.91519
 11
5.82507
 21
2.91533
  0
LINE
  8
0
 10
5.82507
 20
2.91533
 11
5.82846
 21
2.91533
  0
LINE
  8
0
 10
5.82846
 20
2.91533
 11
5.83183
 21
2.91519
  0
LINE
  8
0
 10
5.83183
 20
2.91519
 11
5.83521
 21
2.9149
  0
LINE
  8
0
 10
5.83521
 20
2.9149
 11
5.83855
 21
2.91447
  0
LINE
  8
0
 10
5.83855
 20
2.91447
 11
5.84189
 21
2.91391
  0
LINE
  8
0
 10
5.84189
 20
2.91391
 11
5.8452
 21
2.91321
  0
LINE
  8
0
 10
5.8452
 20
2.91321
 11
5.84846
 21
2.91237
  0
LINE
  8
0
 10
5.84846
 20
2.91237
 11
5.8517
 21
2.91139
  0
LINE
  8
0
 10
5.8517
 20
2.91139
 11
5.8549
 21
2.91028
  0
LINE
  8
0
 10
5.8549
 20
2.91028
 11
5.85805
 21
2.90904
  0
LINE
  8
0
 10
5.85805
 20
2.90904
 11
5.86113
 21
2.90767
  0
LINE
  8
0
 10
5.86113
 20
2.90767
 11
5.86415
 21
2.90616
  0
LINE
  8
0
 10
5.86415
 20
2.90616
 11
5.86711
 21
2.90454
  0
LINE
  8
0
 10
5.86711
 20
2.90454
 11
5.87001
 21
2.90279
  0
LINE
  8
0
 10
5.87001
 20
2.90279
 11
5.87283
 21
2.90091
  0
LINE
  8
0
 10
5.87283
 20
2.90091
 11
5.87556
 21
2.89893
  0
LINE
  8
0
 10
5.87556
 20
2.89893
 11
5.8782
 21
2.89682
  0
LINE
  8
0
 10
5.8782
 20
2.89682
 11
5.88077
 21
2.89462
  0
LINE
  8
0
 10
5.88077
 20
2.89462
 11
5.88324
 21
2.8923
  0
LINE
  8
0
 10
5.88324
 20
2.8923
 11
5.8856
 21
2.88989
  0
LINE
  8
0
 10
5.8856
 20
2.88989
 11
5.88786
 21
2.88737
  0
LINE
  8
0
 10
5.88786
 20
2.88737
 11
5.89001
 21
2.88477
  0
LINE
  8
0
 10
5.89001
 20
2.88477
 11
5.89206
 21
2.88208
  0
LINE
  8
0
 10
5.89206
 20
2.88208
 11
5.89398
 21
2.8793
  0
LINE
  8
0
 10
5.89398
 20
2.8793
 11
5.8958
 21
2.87645
  0
LINE
  8
0
 10
5.8958
 20
2.87645
 11
5.89749
 21
2.87352
  0
LINE
  8
0
 10
5.89749
 20
2.87352
 11
5.89906
 21
2.87053
  0
LINE
  8
0
 10
5.89906
 20
2.87053
 11
5.9005
 21
2.86746
  0
LINE
  8
0
 10
5.9005
 20
2.86746
 11
5.90181
 21
2.86435
  0
LINE
  8
0
 10
5.90181
 20
2.86435
 11
5.90298
 21
2.86118
  0
LINE
  8
0
 10
5.90298
 20
2.86118
 11
5.90402
 21
2.85797
  0
LINE
  8
0
 10
5.90402
 20
2.85797
 11
5.90494
 21
2.85471
  0
LINE
  8
0
 10
5.90494
 20
2.85471
 11
5.90572
 21
2.85143
  0
LINE
  8
0
 10
5.90572
 20
2.85143
 11
5.90634
 21
2.8481
  0
LINE
  8
0
 10
5.90634
 20
2.8481
 11
5.90683
 21
2.84476
  0
LINE
  8
0
 10
5.90683
 20
2.84476
 11
5.9072
 21
2.84138
  0
LINE
  8
0
 10
5.9072
 20
2.84138
 11
5.90741
 21
2.83801
  0
LINE
  8
0
 10
5.90741
 20
2.83801
 11
5.90747
 21
2.83464
  0
LINE
  8
0
 10
5.90747
 20
2.83464
 11
5.90741
 21
2.83125
  0
LINE
  8
0
 10
5.90741
 20
2.83125
 11
5.9072
 21
2.82788
  0
LINE
  8
0
 10
5.9072
 20
2.82788
 11
5.90683
 21
2.82452
  0
LINE
  8
0
 10
5.90683
 20
2.82452
 11
5.90634
 21
2.82118
  0
LINE
  8
0
 10
5.90634
 20
2.82118
 11
5.90572
 21
2.81786
  0
LINE
  8
0
 10
5.90572
 20
2.81786
 11
5.90494
 21
2.81456
  0
LINE
  8
0
 10
5.90494
 20
2.81456
 11
5.90402
 21
2.81131
  0
LINE
  8
0
 10
5.90402
 20
2.81131
 11
5.90298
 21
2.80809
  0
LINE
  8
0
 10
5.90298
 20
2.80809
 11
5.90181
 21
2.80493
  0
LINE
  8
0
 10
5.90181
 20
2.80493
 11
5.9005
 21
2.80182
  0
LINE
  8
0
 10
5.9005
 20
2.80182
 11
5.89906
 21
2.79875
  0
LINE
  8
0
 10
5.89906
 20
2.79875
 11
5.89749
 21
2.79576
  0
LINE
  8
0
 10
5.89749
 20
2.79576
 11
5.8958
 21
2.79283
  0
LINE
  8
0
 10
5.8958
 20
2.79283
 11
5.89398
 21
2.78998
  0
LINE
  8
0
 10
5.89398
 20
2.78998
 11
5.89206
 21
2.7872
  0
LINE
  8
0
 10
5.89206
 20
2.7872
 11
5.89001
 21
2.7845
  0
LINE
  8
0
 10
5.89001
 20
2.7845
 11
5.88786
 21
2.78191
  0
LINE
  8
0
 10
5.88786
 20
2.78191
 11
5.8856
 21
2.77939
  0
LINE
  8
0
 10
5.8856
 20
2.77939
 11
5.88324
 21
2.77698
  0
LINE
  8
0
 10
5.88324
 20
2.77698
 11
5.88077
 21
2.77466
  0
LINE
  8
0
 10
5.88077
 20
2.77466
 11
5.8782
 21
2.77245
  0
LINE
  8
0
 10
5.8782
 20
2.77245
 11
5.87556
 21
2.77036
  0
LINE
  8
0
 10
5.87556
 20
2.77036
 11
5.87283
 21
2.76837
  0
LINE
  8
0
 10
5.87283
 20
2.76837
 11
5.87001
 21
2.76649
  0
LINE
  8
0
 10
5.87001
 20
2.76649
 11
5.86711
 21
2.76474
  0
LINE
  8
0
 10
5.86711
 20
2.76474
 11
5.86415
 21
2.76311
  0
LINE
  8
0
 10
5.86415
 20
2.76311
 11
5.86113
 21
2.76161
  0
LINE
  8
0
 10
5.86113
 20
2.76161
 11
5.85805
 21
2.76024
  0
LINE
  8
0
 10
5.85805
 20
2.76024
 11
5.8549
 21
2.75899
  0
LINE
  8
0
 10
5.8549
 20
2.75899
 11
5.8517
 21
2.75787
  0
LINE
  8
0
 10
5.8517
 20
2.75787
 11
5.84846
 21
2.7569
  0
LINE
  8
0
 10
5.84846
 20
2.7569
 11
5.8452
 21
2.75606
  0
LINE
  8
0
 10
5.8452
 20
2.75606
 11
5.84189
 21
2.75536
  0
LINE
  8
0
 10
5.84189
 20
2.75536
 11
5.83855
 21
2.75479
  0
LINE
  8
0
 10
5.83855
 20
2.75479
 11
5.83521
 21
2.75438
  0
LINE
  8
0
 10
5.83521
 20
2.75438
 11
5.83183
 21
2.75409
  0
LINE
  8
0
 10
5.83183
 20
2.75409
 11
5.82846
 21
2.75395
  0
LINE
  8
0
 10
5.82846
 20
2.75395
 11
5.82507
 21
2.75395
  0
LINE
  8
0
 10
-0.484222
 20
2.75479
 11
-0.487564
 21
2.75536
  0
LINE
  8
0
 10
-0.487564
 20
2.75536
 11
-0.49086
 21
2.75606
  0
LINE
  8
0
 10
-0.49086
 20
2.75606
 11
-0.494141
 21
2.7569
  0
LINE
  8
0
 10
-0.494141
 20
2.7569
 11
-0.497375
 21
2.75787
  0
LINE
  8
0
 10
-0.497375
 20
2.75787
 11
-0.500565
 21
2.75899
  0
LINE
  8
0
 10
-0.500565
 20
2.75899
 11
-0.503708
 21
2.76024
  0
LINE
  8
0
 10
-0.503708
 20
2.76024
 11
-0.506805
 21
2.76161
  0
LINE
  8
0
 10
-0.506805
 20
2.76161
 11
-0.509827
 21
2.76311
  0
LINE
  8
0
 10
-0.509827
 20
2.76311
 11
-0.512787
 21
2.76474
  0
LINE
  8
0
 10
-0.512787
 20
2.76474
 11
-0.515686
 21
2.76649
  0
LINE
  8
0
 10
-0.515686
 20
2.76649
 11
-0.518494
 21
2.76837
  0
LINE
  8
0
 10
-0.518494
 20
2.76837
 11
-0.521225
 21
2.77036
  0
LINE
  8
0
 10
-0.521225
 20
2.77036
 11
-0.52388
 21
2.77245
  0
LINE
  8
0
 10
-0.52388
 20
2.77245
 11
-0.526443
 21
2.77466
  0
LINE
  8
0
 10
-0.526443
 20
2.77466
 11
-0.5289
 21
2.77698
  0
LINE
  8
0
 10
-0.5289
 20
2.77698
 11
-0.531265
 21
2.77939
  0
LINE
  8
0
 10
-0.531265
 20
2.77939
 11
-0.533524
 21
2.78191
  0
LINE
  8
0
 10
-0.533524
 20
2.78191
 11
-0.53569
 21
2.7845
  0
LINE
  8
0
 10
-0.53569
 20
2.7845
 11
-0.537735
 21
2.7872
  0
LINE
  8
0
 10
-0.537735
 20
2.7872
 11
-0.539658
 21
2.78998
  0
LINE
  8
0
 10
-0.539658
 20
2.78998
 11
-0.541473
 21
2.79283
  0
LINE
  8
0
 10
-0.541473
 20
2.79283
 11
-0.543167
 21
2.79576
  0
LINE
  8
0
 10
-0.543167
 20
2.79576
 11
-0.544724
 21
2.79875
  0
LINE
  8
0
 10
-0.544724
 20
2.79875
 11
-0.546158
 21
2.80182
  0
LINE
  8
0
 10
-0.546158
 20
2.80182
 11
-0.54747
 21
2.80493
  0
LINE
  8
0
 10
-0.54747
 20
2.80493
 11
-0.54866
 21
2.80809
  0
LINE
  8
0
 10
-0.54866
 20
2.80809
 11
-0.549698
 21
2.81131
  0
LINE
  8
0
 10
-0.549698
 20
2.81131
 11
-0.550613
 21
2.81456
  0
LINE
  8
0
 10
-0.550613
 20
2.81456
 11
-0.551376
 21
2.81786
  0
LINE
  8
0
 10
-0.551376
 20
2.81786
 11
-0.552017
 21
2.82118
  0
LINE
  8
0
 10
-0.552017
 20
2.82118
 11
-0.552505
 21
2.82452
  0
LINE
  8
0
 10
-0.552505
 20
2.82452
 11
-0.552856
 21
2.82788
  0
LINE
  8
0
 10
-0.552856
 20
2.82788
 11
-0.55307
 21
2.83125
  0
LINE
  8
0
 10
-0.55307
 20
2.83125
 11
-0.553146
 21
2.83464
  0
LINE
  8
0
 10
-0.553146
 20
2.83464
 11
-0.55307
 21
2.83801
  0
LINE
  8
0
 10
-0.55307
 20
2.83801
 11
-0.552856
 21
2.84138
  0
LINE
  8
0
 10
-0.552856
 20
2.84138
 11
-0.552505
 21
2.84476
  0
LINE
  8
0
 10
-0.552505
 20
2.84476
 11
-0.552017
 21
2.8481
  0
LINE
  8
0
 10
-0.552017
 20
2.8481
 11
-0.551376
 21
2.85143
  0
LINE
  8
0
 10
-0.551376
 20
2.85143
 11
-0.550613
 21
2.85471
  0
LINE
  8
0
 10
-0.550613
 20
2.85471
 11
-0.549698
 21
2.85797
  0
LINE
  8
0
 10
-0.549698
 20
2.85797
 11
-0.54866
 21
2.86118
  0
LINE
  8
0
 10
-0.54866
 20
2.86118
 11
-0.54747
 21
2.86435
  0
LINE
  8
0
 10
-0.54747
 20
2.86435
 11
-0.546158
 21
2.86746
  0
LINE
  8
0
 10
-0.546158
 20
2.86746
 11
-0.544724
 21
2.87053
  0
LINE
  8
0
 10
-0.544724
 20
2.87053
 11
-0.543167
 21
2.87352
  0
LINE
  8
0
 10
-0.543167
 20
2.87352
 11
-0.541473
 21
2.87645
  0
LINE
  8
0
 10
-0.541473
 20
2.87645
 11
-0.539658
 21
2.8793
  0
LINE
  8
0
 10
-0.539658
 20
2.8793
 11
-0.537735
 21
2.88208
  0
LINE
  8
0
 10
-0.537735
 20
2.88208
 11
-0.53569
 21
2.88477
  0
LINE
  8
0
 10
-0.53569
 20
2.88477
 11
-0.533524
 21
2.88737
  0
LINE
  8
0
 10
-0.533524
 20
2.88737
 11
-0.531265
 21
2.88989
  0
LINE
  8
0
 10
-0.531265
 20
2.88989
 11
-0.5289
 21
2.8923
  0
LINE
  8
0
 10
-0.5289
 20
2.8923
 11
-0.526443
 21
2.89462
  0
LINE
  8
0
 10
-0.526443
 20
2.89462
 11
-0.52388
 21
2.89682
  0
LINE
  8
0
 10
-0.52388
 20
2.89682
 11
-0.521225
 21
2.89893
  0
LINE
  8
0
 10
-0.521225
 20
2.89893
 11
-0.518494
 21
2.90091
  0
LINE
  8
0
 10
-0.518494
 20
2.90091
 11
-0.515686
 21
2.90279
  0
LINE
  8
0
 10
-0.515686
 20
2.90279
 11
-0.512787
 21
2.90454
  0
LINE
  8
0
 10
-0.512787
 20
2.90454
 11
-0.509827
 21
2.90616
  0
LINE
  8
0
 10
-0.509827
 20
2.90616
 11
-0.506805
 21
2.90767
  0
LINE
  8
0
 10
-0.506805
 20
2.90767
 11
-0.503708
 21
2.90904
  0
LINE
  8
0
 10
-0.503708
 20
2.90904
 11
-0.500565
 21
2.91028
  0
LINE
  8
0
 10
-0.500565
 20
2.91028
 11
-0.497375
 21
2.91139
  0
LINE
  8
0
 10
-0.497375
 20
2.91139
 11
-0.494141
 21
2.91237
  0
LINE
  8
0
 10
-0.494141
 20
2.91237
 11
-0.49086
 21
2.91321
  0
LINE
  8
0
 10
-0.49086
 20
2.91321
 11
-0.487564
 21
2.91391
  0
LINE
  8
0
 10
-0.487564
 20
2.91391
 11
-0.484222
 21
2.91447
  0
LINE
  8
0
 10
-0.484222
 20
2.91447
 11
-0.480865
 21
2.9149
  0
LINE
  8
0
 10
-0.480865
 20
2.9149
 11
-0.477509
 21
2.91519
  0
LINE
  8
0
 10
-0.477509
 20
2.91519
 11
-0.474121
 21
2.91533
  0
LINE
  8
0
 10
-0.474121
 20
2.91533
 11
-0.470749
 21
2.91533
  0
LINE
  8
0
 10
-0.470749
 20
2.91533
 11
-0.467361
 21
2.91519
  0
LINE
  8
0
 10
-0.467361
 20
2.91519
 11
-0.464005
 21
2.9149
  0
LINE
  8
0
 10
-0.464005
 20
2.9149
 11
-0.460648
 21
2.91447
  0
LINE
  8
0
 10
-0.460648
 20
2.91447
 11
-0.457306
 21
2.91391
  0
LINE
  8
0
 10
-0.457306
 20
2.91391
 11
-0.45401
 21
2.91321
  0
LINE
  8
0
 10
-0.45401
 20
2.91321
 11
-0.450729
 21
2.91237
  0
LINE
  8
0
 10
-0.450729
 20
2.91237
 11
-0.447495
 21
2.91139
  0
LINE
  8
0
 10
-0.447495
 20
2.91139
 11
-0.444305
 21
2.91028
  0
LINE
  8
0
 10
-0.444305
 20
2.91028
 11
-0.441162
 21
2.90904
  0
LINE
  8
0
 10
-0.441162
 20
2.90904
 11
-0.438065
 21
2.90767
  0
LINE
  8
0
 10
-0.438065
 20
2.90767
 11
-0.435043
 21
2.90616
  0
LINE
  8
0
 10
-0.435043
 20
2.90616
 11
-0.432083
 21
2.90454
  0
LINE
  8
0
 10
-0.432083
 20
2.90454
 11
-0.429184
 21
2.90279
  0
LINE
  8
0
 10
-0.429184
 20
2.90279
 11
-0.426376
 21
2.90091
  0
LINE
  8
0
 10
-0.426376
 20
2.90091
 11
-0.423645
 21
2.89893
  0
LINE
  8
0
 10
-0.423645
 20
2.89893
 11
-0.42099
 21
2.89682
  0
LINE
  8
0
 10
-0.42099
 20
2.89682
 11
-0.418427
 21
2.89462
  0
LINE
  8
0
 10
-0.418427
 20
2.89462
 11
-0.41597
 21
2.8923
  0
LINE
  8
0
 10
-0.41597
 20
2.8923
 11
-0.413605
 21
2.88989
  0
LINE
  8
0
 10
-0.413605
 20
2.88989
 11
-0.411331
 21
2.88737
  0
LINE
  8
0
 10
-0.411331
 20
2.88737
 11
-0.40918
 21
2.88477
  0
LINE
  8
0
 10
-0.40918
 20
2.88477
 11
-0.407135
 21
2.88208
  0
LINE
  8
0
 10
-0.407135
 20
2.88208
 11
-0.405212
 21
2.8793
  0
LINE
  8
0
 10
-0.405212
 20
2.8793
 11
-0.403397
 21
2.87645
  0
LINE
  8
0
 10
-0.403397
 20
2.87645
 11
-0.401703
 21
2.87352
  0
LINE
  8
0
 10
-0.401703
 20
2.87352
 11
-0.400146
 21
2.87053
  0
LINE
  8
0
 10
-0.400146
 20
2.87053
 11
-0.398697
 21
2.86746
  0
LINE
  8
0
 10
-0.398697
 20
2.86746
 11
-0.3974
 21
2.86435
  0
LINE
  8
0
 10
-0.3974
 20
2.86435
 11
-0.39621
 21
2.86118
  0
LINE
  8
0
 10
-0.39621
 20
2.86118
 11
-0.395172
 21
2.85797
  0
LINE
  8
0
 10
-0.395172
 20
2.85797
 11
-0.394257
 21
2.85471
  0
LINE
  8
0
 10
-0.394257
 20
2.85471
 11
-0.393494
 21
2.85143
  0
LINE
  8
0
 10
-0.393494
 20
2.85143
 11
-0.392853
 21
2.8481
  0
LINE
  8
0
 10
-0.392853
 20
2.8481
 11
-0.392365
 21
2.84476
  0
LINE
  8
0
 10
-0.392365
 20
2.84476
 11
-0.392014
 21
2.84138
  0
LINE
  8
0
 10
-0.392014
 20
2.84138
 11
-0.3918
 21
2.83801
  0
LINE
  8
0
 10
-0.3918
 20
2.83801
 11
-0.391724
 21
2.83464
  0
LINE
  8
0
 10
-0.391724
 20
2.83464
 11
-0.3918
 21
2.83125
  0
LINE
  8
0
 10
-0.3918
 20
2.83125
 11
-0.392014
 21
2.82788
  0
LINE
  8
0
 10
-0.392014
 20
2.82788
 11
-0.392365
 21
2.82452
  0
LINE
  8
0
 10
-0.392365
 20
2.82452
 11
-0.392853
 21
2.82118
  0
LINE
  8
0
 10
-0.392853
 20
2.82118
 11
-0.393494
 21
2.81786
  0
LINE
  8
0
 10
-0.393494
 20
2.81786
 11
-0.394257
 21
2.81456
  0
LINE
  8
0
 10
-0.394257
 20
2.81456
 11
-0.395172
 21
2.81131
  0
LINE
  8
0
 10
-0.395172
 20
2.81131
 11
-0.39621
 21
2.80809
  0
LINE
  8
0
 10
-0.39621
 20
2.80809
 11
-0.3974
 21
2.80493
  0
LINE
  8
0
 10
-0.3974
 20
2.80493
 11
-0.398697
 21
2.80182
  0
LINE
  8
0
 10
-0.398697
 20
2.80182
 11
-0.400146
 21
2.79875
  0
LINE
  8
0
 10
-0.400146
 20
2.79875
 11
-0.401703
 21
2.79576
  0
LINE
  8
0
 10
-0.401703
 20
2.79576
 11
-0.403397
 21
2.79283
  0
LINE
  8
0
 10
-0.403397
 20
2.79283
 11
-0.405212
 21
2.78998
  0
LINE
  8
0
 10
-0.405212
 20
2.78998
 11
-0.407135
 21
2.7872
  0
LINE
  8
0
 10
-0.407135
 20
2.7872
 11
-0.40918
 21
2.7845
  0
LINE
  8
0
 10
-0.40918
 20
2.7845
 11
-0.411331
 21
2.78191
  0
LINE
  8
0
 10
-0.411331
 20
2.78191
 11
-0.413605
 21
2.77939
  0
LINE
  8
0
 10
-0.413605
 20
2.77939
 11
-0.41597
 21
2.77698
  0
LINE
  8
0
 10
-0.41597
 20
2.77698
 11
-0.418427
 21
2.77466
  0
LINE
  8
0
 10
-0.418427
 20
2.77466
 11
-0.42099
 21
2.77245
  0
LINE
  8
0
 10
-0.42099
 20
2.77245
 11
-0.423645
 21
2.77036
  0
LINE
  8
0
 10
-0.423645
 20
2.77036
 11
-0.426376
 21
2.76837
  0
LINE
  8
0
 10
-0.426376
 20
2.76837
 11
-0.429184
 21
2.76649
  0
LINE
  8
0
 10
-0.429184
 20
2.76649
 11
-0.432083
 21
2.76474
  0
LINE
  8
0
 10
-0.432083
 20
2.76474
 11
-0.435043
 21
2.76311
  0
LINE
  8
0
 10
-0.435043
 20
2.76311
 11
-0.438065
 21
2.76161
  0
LINE
  8
0
 10
-0.438065
 20
2.76161
 11
-0.441162
 21
2.76024
  0
LINE
  8
0
 10
-0.441162
 20
2.76024
 11
-0.444305
 21
2.75899
  0
LINE
  8
0
 10
-0.444305
 20
2.75899
 11
-0.447495
 21
2.75787
  0
LINE
  8
0
 10
-0.447495
 20
2.75787
 11
-0.450729
 21
2.7569
  0
LINE
  8
0
 10
-0.450729
 20
2.7569
 11
-0.45401
 21
2.75606
  0
LINE
  8
0
 10
-0.45401
 20
2.75606
 11
-0.457306
 21
2.75536
  0
LINE
  8
0
 10
-0.457306
 20
2.75536
 11
-0.460648
 21
2.75479
  0
LINE
  8
0
 10
-0.460648
 20
2.75479
 11
-0.464005
 21
2.75438
  0
LINE
  8
0
 10
-0.464005
 20
2.75438
 11
-0.467361
 21
2.75409
  0
LINE
  8
0
 10
-0.467361
 20
2.75409
 11
-0.470749
 21
2.75395
  0
LINE
  8
0
 10
-0.470749
 20
2.75395
 11
-0.474121
 21
2.75395
  0
LINE
  8
0
 10
-0.474121
 20
2.75395
 11
-0.477509
 21
2.75409
  0
LINE
  8
0
 10
-0.477509
 20
2.75409
 11
-0.480865
 21
2.75438
  0
LINE
  8
0
 10
-0.480865
 20
2.75438
 11
-0.484222
 21
2.75479
  0
LINE
  8
0
 10
-1.73396
 20
2.75395
 11
-1.73735
 21
2.75409
  0
LINE
  8
0
 10
-1.73735
 20
2.75409
 11
-1.74071
 21
2.75438
  0
LINE
  8
0
 10
-1.74071
 20
2.75438
 11
-1.74406
 21
2.75479
  0
LINE
  8
0
 10
-1.74406
 20
2.75479
 11
-1.74741
 21
2.75536
  0
LINE
  8
0
 10
-1.74741
 20
2.75536
 11
-1.7507
 21
2.75606
  0
LINE
  8
0
 10
-1.7507
 20
2.75606
 11
-1.75398
 21
2.7569
  0
LINE
  8
0
 10
-1.75398
 20
2.7569
 11
-1.75722
 21
2.75787
  0
LINE
  8
0
 10
-1.75722
 20
2.75787
 11
-1.76041
 21
2.75899
  0
LINE
  8
0
 10
-1.76041
 20
2.75899
 11
-1.76355
 21
2.76024
  0
LINE
  8
0
 10
-1.76355
 20
2.76024
 11
-1.76665
 21
2.76161
  0
LINE
  8
0
 10
-1.76665
 20
2.76161
 11
-1.76967
 21
2.76311
  0
LINE
  8
0
 10
-1.76967
 20
2.76311
 11
-1.77263
 21
2.76474
  0
LINE
  8
0
 10
-1.77263
 20
2.76474
 11
-1.77553
 21
2.76649
  0
LINE
  8
0
 10
-1.77553
 20
2.76649
 11
-1.77834
 21
2.76837
  0
LINE
  8
0
 10
-1.77834
 20
2.76837
 11
-1.78107
 21
2.77036
  0
LINE
  8
0
 10
-1.78107
 20
2.77036
 11
-1.78372
 21
2.77245
  0
LINE
  8
0
 10
-1.78372
 20
2.77245
 11
-1.78629
 21
2.77466
  0
LINE
  8
0
 10
-1.78629
 20
2.77466
 11
-1.78874
 21
2.77698
  0
LINE
  8
0
 10
-1.78874
 20
2.77698
 11
-1.79111
 21
2.77939
  0
LINE
  8
0
 10
-1.79111
 20
2.77939
 11
-1.79337
 21
2.78191
  0
LINE
  8
0
 10
-1.79337
 20
2.78191
 11
-1.79553
 21
2.7845
  0
LINE
  8
0
 10
-1.79553
 20
2.7845
 11
-1.79758
 21
2.7872
  0
LINE
  8
0
 10
-1.79758
 20
2.7872
 11
-1.7995
 21
2.78998
  0
LINE
  8
0
 10
-1.7995
 20
2.78998
 11
-1.80132
 21
2.79283
  0
LINE
  8
0
 10
-1.80132
 20
2.79283
 11
-1.80301
 21
2.79576
  0
LINE
  8
0
 10
-1.80301
 20
2.79576
 11
-1.80457
 21
2.79875
  0
LINE
  8
0
 10
-1.80457
 20
2.79875
 11
-1.80602
 21
2.80182
  0
LINE
  8
0
 10
-1.80602
 20
2.80182
 11
-1.80731
 21
2.80493
  0
LINE
  8
0
 10
-1.80731
 20
2.80493
 11
-1.8085
 21
2.80809
  0
LINE
  8
0
 10
-1.8085
 20
2.80809
 11
-1.80954
 21
2.81131
  0
LINE
  8
0
 10
-1.80954
 20
2.81131
 11
-1.81046
 21
2.81456
  0
LINE
  8
0
 10
-1.81046
 20
2.81456
 11
-1.81122
 21
2.81786
  0
LINE
  8
0
 10
-1.81122
 20
2.81786
 11
-1.81186
 21
2.82118
  0
LINE
  8
0
 10
-1.81186
 20
2.82118
 11
-1.81235
 21
2.82452
  0
LINE
  8
0
 10
-1.81235
 20
2.82452
 11
-1.8127
 21
2.82788
  0
LINE
  8
0
 10
-1.8127
 20
2.82788
 11
-1.81291
 21
2.83125
  0
LINE
  8
0
 10
-1.81291
 20
2.83125
 11
-1.81299
 21
2.83464
  0
LINE
  8
0
 10
-1.81299
 20
2.83464
 11
-1.81291
 21
2.83801
  0
LINE
  8
0
 10
-1.81291
 20
2.83801
 11
-1.8127
 21
2.84138
  0
LINE
  8
0
 10
-1.8127
 20
2.84138
 11
-1.81235
 21
2.84476
  0
LINE
  8
0
 10
-1.81235
 20
2.84476
 11
-1.81186
 21
2.8481
  0
LINE
  8
0
 10
-1.81186
 20
2.8481
 11
-1.81122
 21
2.85143
  0
LINE
  8
0
 10
-1.81122
 20
2.85143
 11
-1.81046
 21
2.85471
  0
LINE
  8
0
 10
-1.81046
 20
2.85471
 11
-1.80954
 21
2.85797
  0
LINE
  8
0
 10
-1.80954
 20
2.85797
 11
-1.8085
 21
2.86118
  0
LINE
  8
0
 10
-1.8085
 20
2.86118
 11
-1.80731
 21
2.86435
  0
LINE
  8
0
 10
-1.80731
 20
2.86435
 11
-1.80602
 21
2.86746
  0
LINE
  8
0
 10
-1.80602
 20
2.86746
 11
-1.80457
 21
2.87053
  0
LINE
  8
0
 10
-1.80457
 20
2.87053
 11
-1.80301
 21
2.87352
  0
LINE
  8
0
 10
-1.80301
 20
2.87352
 11
-1.80132
 21
2.87645
  0
LINE
  8
0
 10
-1.80132
 20
2.87645
 11
-1.7995
 21
2.8793
  0
LINE
  8
0
 10
-1.7995
 20
2.8793
 11
-1.79758
 21
2.88208
  0
LINE
  8
0
 10
-1.79758
 20
2.88208
 11
-1.79553
 21
2.88477
  0
LINE
  8
0
 10
-1.79553
 20
2.88477
 11
-1.79337
 21
2.88737
  0
LINE
  8
0
 10
-1.79337
 20
2.88737
 11
-1.79111
 21
2.88989
  0
LINE
  8
0
 10
-1.79111
 20
2.88989
 11
-1.78874
 21
2.8923
  0
LINE
  8
0
 10
-1.78874
 20
2.8923
 11
-1.78629
 21
2.89462
  0
LINE
  8
0
 10
-1.78629
 20
2.89462
 11
-1.78372
 21
2.89682
  0
LINE
  8
0
 10
-1.78372
 20
2.89682
 11
-1.78107
 21
2.89893
  0
LINE
  8
0
 10
-1.78107
 20
2.89893
 11
-1.77834
 21
2.90091
  0
LINE
  8
0
 10
-1.77834
 20
2.90091
 11
-1.77553
 21
2.90279
  0
LINE
  8
0
 10
-1.77553
 20
2.90279
 11
-1.77263
 21
2.90454
  0
LINE
  8
0
 10
-1.77263
 20
2.90454
 11
-1.76967
 21
2.90616
  0
LINE
  8
0
 10
-1.76967
 20
2.90616
 11
-1.76665
 21
2.90767
  0
LINE
  8
0
 10
-1.76665
 20
2.90767
 11
-1.76355
 21
2.90904
  0
LINE
  8
0
 10
-1.76355
 20
2.90904
 11
-1.76041
 21
2.91028
  0
LINE
  8
0
 10
-1.76041
 20
2.91028
 11
-1.75722
 21
2.91139
  0
LINE
  8
0
 10
-1.75722
 20
2.91139
 11
-1.75398
 21
2.91237
  0
LINE
  8
0
 10
-1.75398
 20
2.91237
 11
-1.7507
 21
2.91321
  0
LINE
  8
0
 10
-1.7507
 20
2.91321
 11
-1.74741
 21
2.91391
  0
LINE
  8
0
 10
-1.74741
 20
2.91391
 11
-1.74406
 21
2.91447
  0
LINE
  8
0
 10
-1.74406
 20
2.91447
 11
-1.74071
 21
2.9149
  0
LINE
  8
0
 10
-1.74071
 20
2.9149
 11
-1.73735
 21
2.91519
  0
LINE
  8
0
 10
-1.73735
 20
2.91519
 11
-1.73396
 21
2.91533
  0
LINE
  8
0
 10
-1.73396
 20
2.91533
 11
-1.73059
 21
2.91533
  0
LINE
  8
0
 10
-1.73059
 20
2.91533
 11
-1.7272
 21
2.91519
  0
LINE
  8
0
 10
-1.7272
 20
2.91519
 11
-1.72385
 21
2.9149
  0
LINE
  8
0
 10
-1.72385
 20
2.9149
 11
-1.72049
 21
2.91447
  0
LINE
  8
0
 10
-1.72049
 20
2.91447
 11
-1.71715
 21
2.91391
  0
LINE
  8
0
 10
-1.71715
 20
2.91391
 11
-1.71385
 21
2.91321
  0
LINE
  8
0
 10
-1.71385
 20
2.91321
 11
-1.71057
 21
2.91237
  0
LINE
  8
0
 10
-1.71057
 20
2.91237
 11
-1.70734
 21
2.91139
  0
LINE
  8
0
 10
-1.70734
 20
2.91139
 11
-1.70415
 21
2.91028
  0
LINE
  8
0
 10
-1.70415
 20
2.91028
 11
-1.701
 21
2.90904
  0
LINE
  8
0
 10
-1.701
 20
2.90904
 11
-1.69791
 21
2.90767
  0
LINE
  8
0
 10
-1.69791
 20
2.90767
 11
-1.69489
 21
2.90616
  0
LINE
  8
0
 10
-1.69489
 20
2.90616
 11
-1.69193
 21
2.90454
  0
LINE
  8
0
 10
-1.69193
 20
2.90454
 11
-1.68903
 21
2.90279
  0
LINE
  8
0
 10
-1.68903
 20
2.90279
 11
-1.68622
 21
2.90091
  0
LINE
  8
0
 10
-1.68622
 20
2.90091
 11
-1.68349
 21
2.89893
  0
LINE
  8
0
 10
-1.68349
 20
2.89893
 11
-1.68083
 21
2.89682
  0
LINE
  8
0
 10
-1.68083
 20
2.89682
 11
-1.67827
 21
2.89462
  0
LINE
  8
0
 10
-1.67827
 20
2.89462
 11
-1.67581
 21
2.8923
  0
LINE
  8
0
 10
-1.67581
 20
2.8923
 11
-1.67345
 21
2.88989
  0
LINE
  8
0
 10
-1.67345
 20
2.88989
 11
-1.67117
 21
2.88737
  0
LINE
  8
0
 10
-1.67117
 20
2.88737
 11
-1.66902
 21
2.88477
  0
LINE
  8
0
 10
-1.66902
 20
2.88477
 11
-1.66698
 21
2.88208
  0
LINE
  8
0
 10
-1.66698
 20
2.88208
 11
-1.66505
 21
2.8793
  0
LINE
  8
0
 10
-1.66505
 20
2.8793
 11
-1.66324
 21
2.87645
  0
LINE
  8
0
 10
-1.66324
 20
2.87645
 11
-1.66154
 21
2.87352
  0
LINE
  8
0
 10
-1.66154
 20
2.87352
 11
-1.65999
 21
2.87053
  0
LINE
  8
0
 10
-1.65999
 20
2.87053
 11
-1.65854
 21
2.86746
  0
LINE
  8
0
 10
-1.65854
 20
2.86746
 11
-1.65724
 21
2.86435
  0
LINE
  8
0
 10
-1.65724
 20
2.86435
 11
-1.65605
 21
2.86118
  0
LINE
  8
0
 10
-1.65605
 20
2.86118
 11
-1.65501
 21
2.85797
  0
LINE
  8
0
 10
-1.65501
 20
2.85797
 11
-1.6541
 21
2.85471
  0
LINE
  8
0
 10
-1.6541
 20
2.85471
 11
-1.65334
 21
2.85143
  0
LINE
  8
0
 10
-1.65334
 20
2.85143
 11
-1.65269
 21
2.8481
  0
LINE
  8
0
 10
-1.65269
 20
2.8481
 11
-1.65221
 21
2.84476
  0
LINE
  8
0
 10
-1.65221
 20
2.84476
 11
-1.65186
 21
2.84138
  0
LINE
  8
0
 10
-1.65186
 20
2.84138
 11
-1.65164
 21
2.83801
  0
LINE
  8
0
 10
-1.65164
 20
2.83801
 11
-1.65157
 21
2.83464
  0
LINE
  8
0
 10
-1.65157
 20
2.83464
 11
-1.65164
 21
2.83125
  0
LINE
  8
0
 10
-1.65164
 20
2.83125
 11
-1.65186
 21
2.82788
  0
LINE
  8
0
 10
-1.65186
 20
2.82788
 11
-1.65221
 21
2.82452
  0
LINE
  8
0
 10
-1.65221
 20
2.82452
 11
-1.65269
 21
2.82118
  0
LINE
  8
0
 10
-1.65269
 20
2.82118
 11
-1.65334
 21
2.81786
  0
LINE
  8
0
 10
-1.65334
 20
2.81786
 11
-1.6541
 21
2.81456
  0
LINE
  8
0
 10
-1.6541
 20
2.81456
 11
-1.65501
 21
2.81131
  0
LINE
  8
0
 10
-1.65501
 20
2.81131
 11
-1.65605
 21
2.80809
  0
LINE
  8
0
 10
-1.65605
 20
2.80809
 11
-1.65724
 21
2.80493
  0
LINE
  8
0
 10
-1.65724
 20
2.80493
 11
-1.65854
 21
2.80182
  0
LINE
  8
0
 10
-1.65854
 20
2.80182
 11
-1.65999
 21
2.79875
  0
LINE
  8
0
 10
-1.65999
 20
2.79875
 11
-1.66154
 21
2.79576
  0
LINE
  8
0
 10
-1.66154
 20
2.79576
 11
-1.66324
 21
2.79283
  0
LINE
  8
0
 10
-1.66324
 20
2.79283
 11
-1.66505
 21
2.78998
  0
LINE
  8
0
 10
-1.66505
 20
2.78998
 11
-1.66698
 21
2.7872
  0
LINE
  8
0
 10
-1.66698
 20
2.7872
 11
-1.66902
 21
2.7845
  0
LINE
  8
0
 10
-1.66902
 20
2.7845
 11
-1.67117
 21
2.78191
  0
LINE
  8
0
 10
-1.67117
 20
2.78191
 11
-1.67345
 21
2.77939
  0
LINE
  8
0
 10
-1.67345
 20
2.77939
 11
-1.67581
 21
2.77698
  0
LINE
  8
0
 10
-1.67581
 20
2.77698
 11
-1.67827
 21
2.77466
  0
LINE
  8
0
 10
-1.67827
 20
2.77466
 11
-1.68083
 21
2.77245
  0
LINE
  8
0
 10
-1.68083
 20
2.77245
 11
-1.68349
 21
2.77036
  0
LINE
  8
0
 10
-1.68349
 20
2.77036
 11
-1.68622
 21
2.76837
  0
LINE
  8
0
 10
-1.68622
 20
2.76837
 11
-1.68903
 21
2.76649
  0
LINE
  8
0
 10
-1.68903
 20
2.76649
 11
-1.69193
 21
2.76474
  0
LINE
  8
0
 10
-1.69193
 20
2.76474
 11
-1.69489
 21
2.76311
  0
LINE
  8
0
 10
-1.69489
 20
2.76311
 11
-1.69791
 21
2.76161
  0
LINE
  8
0
 10
-1.69791
 20
2.76161
 11
-1.701
 21
2.76024
  0
LINE
  8
0
 10
-1.701
 20
2.76024
 11
-1.70415
 21
2.75899
  0
LINE
  8
0
 10
-1.70415
 20
2.75899
 11
-1.70734
 21
2.75787
  0
LINE
  8
0
 10
-1.70734
 20
2.75787
 11
-1.71057
 21
2.7569
  0
LINE
  8
0
 10
-1.71057
 20
2.7569
 11
-1.71385
 21
2.75606
  0
LINE
  8
0
 10
-1.71385
 20
2.75606
 11
-1.71715
 21
2.75536
  0
LINE
  8
0
 10
-1.71715
 20
2.75536
 11
-1.72049
 21
2.75479
  0
LINE
  8
0
 10
-1.72049
 20
2.75479
 11
-1.72385
 21
2.75438
  0
LINE
  8
0
 10
-1.72385
 20
2.75438
 11
-1.7272
 21
2.75409
  0
LINE
  8
0
 10
-1.7272
 20
2.75409
 11
-1.73059
 21
2.75395
  0
LINE
  8
0
 10
-1.73059
 20
2.75395
 11
-1.73396
 21
2.75395
  0
LINE
  8
0
 10
0.785706
 20
2.75395
 11
0.782318
 21
2.75409
  0
LINE
  8
0
 10
0.782318
 20
2.75409
 11
0.778961
 21
2.75438
  0
LINE
  8
0
 10
0.778961
 20
2.75438
 11
0.775604
 21
2.75479
  0
LINE
  8
0
 10
0.775604
 20
2.75479
 11
0.772263
 21
2.75536
  0
LINE
  8
0
 10
0.772263
 20
2.75536
 11
0.768967
 21
2.75606
  0
LINE
  8
0
 10
0.768967
 20
2.75606
 11
0.765686
 21
2.7569
  0
LINE
  8
0
 10
0.765686
 20
2.7569
 11
0.762451
 21
2.75787
  0
LINE
  8
0
 10
0.762451
 20
2.75787
 11
0.759262
 21
2.75899
  0
LINE
  8
0
 10
0.759262
 20
2.75899
 11
0.756119
 21
2.76024
  0
LINE
  8
0
 10
0.756119
 20
2.76024
 11
0.753036
 21
2.76161
  0
LINE
  8
0
 10
0.753036
 20
2.76161
 11
0.75
 21
2.76311
  0
LINE
  8
0
 10
0.75
 20
2.76311
 11
0.74704
 21
2.76474
  0
LINE
  8
0
 10
0.74704
 20
2.76474
 11
0.744141
 21
2.76649
  0
LINE
  8
0
 10
0.744141
 20
2.76649
 11
0.741333
 21
2.76837
  0
LINE
  8
0
 10
0.741333
 20
2.76837
 11
0.738602
 21
2.77036
  0
LINE
  8
0
 10
0.738602
 20
2.77036
 11
0.735947
 21
2.77245
  0
LINE
  8
0
 10
0.735947
 20
2.77245
 11
0.733383
 21
2.77466
  0
LINE
  8
0
 10
0.733383
 20
2.77466
 11
0.730927
 21
2.77698
  0
LINE
  8
0
 10
0.730927
 20
2.77698
 11
0.728561
 21
2.77939
  0
LINE
  8
0
 10
0.728561
 20
2.77939
 11
0.726303
 21
2.78191
  0
LINE
  8
0
 10
0.726303
 20
2.78191
 11
0.724136
 21
2.7845
  0
LINE
  8
0
 10
0.724136
 20
2.7845
 11
0.722092
 21
2.7872
  0
LINE
  8
0
 10
0.722092
 20
2.7872
 11
0.720169
 21
2.78998
  0
LINE
  8
0
 10
0.720169
 20
2.78998
 11
0.718353
 21
2.79283
  0
LINE
  8
0
 10
0.718353
 20
2.79283
 11
0.716675
 21
2.79576
  0
LINE
  8
0
 10
0.716675
 20
2.79576
 11
0.715103
 21
2.79875
  0
LINE
  8
0
 10
0.715103
 20
2.79875
 11
0.713669
 21
2.80182
  0
LINE
  8
0
 10
0.713669
 20
2.80182
 11
0.712357
 21
2.80493
  0
LINE
  8
0
 10
0.712357
 20
2.80493
 11
0.711166
 21
2.80809
  0
LINE
  8
0
 10
0.711166
 20
2.80809
 11
0.710129
 21
2.81131
  0
LINE
  8
0
 10
0.710129
 20
2.81131
 11
0.709213
 21
2.81456
  0
LINE
  8
0
 10
0.709213
 20
2.81456
 11
0.70845
 21
2.81786
  0
LINE
  8
0
 10
0.70845
 20
2.81786
 11
0.707809
 21
2.82118
  0
LINE
  8
0
 10
0.707809
 20
2.82118
 11
0.707321
 21
2.82452
  0
LINE
  8
0
 10
0.707321
 20
2.82452
 11
0.70697
 21
2.82788
  0
LINE
  8
0
 10
0.70697
 20
2.82788
 11
0.706757
 21
2.83125
  0
LINE
  8
0
 10
0.706757
 20
2.83125
 11
0.70668
 21
2.83464
  0
LINE
  8
0
 10
0.70668
 20
2.83464
 11
0.706757
 21
2.83801
  0
LINE
  8
0
 10
0.706757
 20
2.83801
 11
0.70697
 21
2.84138
  0
LINE
  8
0
 10
0.70697
 20
2.84138
 11
0.707321
 21
2.84476
  0
LINE
  8
0
 10
0.707321
 20
2.84476
 11
0.707809
 21
2.8481
  0
LINE
  8
0
 10
0.707809
 20
2.8481
 11
0.70845
 21
2.85143
  0
LINE
  8
0
 10
0.70845
 20
2.85143
 11
0.709213
 21
2.85471
  0
LINE
  8
0
 10
0.709213
 20
2.85471
 11
0.710129
 21
2.85797
  0
LINE
  8
0
 10
0.710129
 20
2.85797
 11
0.711166
 21
2.86118
  0
LINE
  8
0
 10
0.711166
 20
2.86118
 11
0.712357
 21
2.86435
  0
LINE
  8
0
 10
0.712357
 20
2.86435
 11
0.713669
 21
2.86746
  0
LINE
  8
0
 10
0.713669
 20
2.86746
 11
0.715103
 21
2.87053
  0
LINE
  8
0
 10
0.715103
 20
2.87053
 11
0.716675
 21
2.87352
  0
LINE
  8
0
 10
0.716675
 20
2.87352
 11
0.718353
 21
2.87645
  0
LINE
  8
0
 10
0.718353
 20
2.87645
 11
0.720169
 21
2.8793
  0
LINE
  8
0
 10
0.720169
 20
2.8793
 11
0.722092
 21
2.88208
  0
LINE
  8
0
 10
0.722092
 20
2.88208
 11
0.724136
 21
2.88477
  0
LINE
  8
0
 10
0.724136
 20
2.88477
 11
0.726303
 21
2.88737
  0
LINE
  8
0
 10
0.726303
 20
2.88737
 11
0.728561
 21
2.88989
  0
LINE
  8
0
 10
0.728561
 20
2.88989
 11
0.730927
 21
2.8923
  0
LINE
  8
0
 10
0.730927
 20
2.8923
 11
0.733383
 21
2.89462
  0
LINE
  8
0
 10
0.733383
 20
2.89462
 11
0.735947
 21
2.89682
  0
LINE
  8
0
 10
0.735947
 20
2.89682
 11
0.738602
 21
2.89893
  0
LINE
  8
0
 10
0.738602
 20
2.89893
 11
0.741333
 21
2.90091
  0
LINE
  8
0
 10
0.741333
 20
2.90091
 11
0.744141
 21
2.90279
  0
LINE
  8
0
 10
0.744141
 20
2.90279
 11
0.74704
 21
2.90454
  0
LINE
  8
0
 10
0.74704
 20
2.90454
 11
0.75
 21
2.90616
  0
LINE
  8
0
 10
0.75
 20
2.90616
 11
0.753036
 21
2.90767
  0
LINE
  8
0
 10
0.753036
 20
2.90767
 11
0.756119
 21
2.90904
  0
LINE
  8
0
 10
0.756119
 20
2.90904
 11
0.759262
 21
2.91028
  0
LINE
  8
0
 10
0.759262
 20
2.91028
 11
0.762451
 21
2.91139
  0
LINE
  8
0
 10
0.762451
 20
2.91139
 11
0.765686
 21
2.91237
  0
LINE
  8
0
 10
0.765686
 20
2.91237
 11
0.768967
 21
2.91321
  0
LINE
  8
0
 10
0.768967
 20
2.91321
 11
0.772263
 21
2.91391
  0
LINE
  8
0
 10
0.772263
 20
2.91391
 11
0.775604
 21
2.91447
  0
LINE
  8
0
 10
0.775604
 20
2.91447
 11
0.778961
 21
2.9149
  0
LINE
  8
0
 10
0.778961
 20
2.9149
 11
0.782318
 21
2.91519
  0
LINE
  8
0
 10
0.782318
 20
2.91519
 11
0.785706
 21
2.91533
  0
LINE
  8
0
 10
0.785706
 20
2.91533
 11
0.789078
 21
2.91533
  0
LINE
  8
0
 10
0.789078
 20
2.91533
 11
0.792465
 21
2.91519
  0
LINE
  8
0
 10
0.792465
 20
2.91519
 11
0.795822
 21
2.9149
  0
LINE
  8
0
 10
0.795822
 20
2.9149
 11
0.799179
 21
2.91447
  0
LINE
  8
0
 10
0.799179
 20
2.91447
 11
0.802521
 21
2.91391
  0
LINE
  8
0
 10
0.802521
 20
2.91391
 11
0.805817
 21
2.91321
  0
LINE
  8
0
 10
0.805817
 20
2.91321
 11
0.809097
 21
2.91237
  0
LINE
  8
0
 10
0.809097
 20
2.91237
 11
0.812332
 21
2.91139
  0
LINE
  8
0
 10
0.812332
 20
2.91139
 11
0.815521
 21
2.91028
  0
LINE
  8
0
 10
0.815521
 20
2.91028
 11
0.818665
 21
2.90904
  0
LINE
  8
0
 10
0.818665
 20
2.90904
 11
0.821762
 21
2.90767
  0
LINE
  8
0
 10
0.821762
 20
2.90767
 11
0.824783
 21
2.90616
  0
LINE
  8
0
 10
0.824783
 20
2.90616
 11
0.827744
 21
2.90454
  0
LINE
  8
0
 10
0.827744
 20
2.90454
 11
0.830643
 21
2.90279
  0
LINE
  8
0
 10
0.830643
 20
2.90279
 11
0.83345
 21
2.90091
  0
LINE
  8
0
 10
0.83345
 20
2.90091
 11
0.836197
 21
2.89893
  0
LINE
  8
0
 10
0.836197
 20
2.89893
 11
0.838837
 21
2.89682
  0
LINE
  8
0
 10
0.838837
 20
2.89682
 11
0.8414
 21
2.89462
  0
LINE
  8
0
 10
0.8414
 20
2.89462
 11
0.843857
 21
2.8923
  0
LINE
  8
0
 10
0.843857
 20
2.8923
 11
0.846222
 21
2.88989
  0
LINE
  8
0
 10
0.846222
 20
2.88989
 11
0.848495
 21
2.88737
  0
LINE
  8
0
 10
0.848495
 20
2.88737
 11
0.850647
 21
2.88477
  0
LINE
  8
0
 10
0.850647
 20
2.88477
 11
0.852692
 21
2.88208
  0
LINE
  8
0
 10
0.852692
 20
2.88208
 11
0.854614
 21
2.8793
  0
LINE
  8
0
 10
0.854614
 20
2.8793
 11
0.85643
 21
2.87645
  0
LINE
  8
0
 10
0.85643
 20
2.87645
 11
0.858124
 21
2.87352
  0
LINE
  8
0
 10
0.858124
 20
2.87352
 11
0.85968
 21
2.87053
  0
LINE
  8
0
 10
0.85968
 20
2.87053
 11
0.86113
 21
2.86746
  0
LINE
  8
0
 10
0.86113
 20
2.86746
 11
0.862427
 21
2.86435
  0
LINE
  8
0
 10
0.862427
 20
2.86435
 11
0.863617
 21
2.86118
  0
LINE
  8
0
 10
0.863617
 20
2.86118
 11
0.864655
 21
2.85797
  0
LINE
  8
0
 10
0.864655
 20
2.85797
 11
0.86557
 21
2.85471
  0
LINE
  8
0
 10
0.86557
 20
2.85471
 11
0.866333
 21
2.85143
  0
LINE
  8
0
 10
0.866333
 20
2.85143
 11
0.866974
 21
2.8481
  0
LINE
  8
0
 10
0.866974
 20
2.8481
 11
0.867462
 21
2.84476
  0
LINE
  8
0
 10
0.867462
 20
2.84476
 11
0.867813
 21
2.84138
  0
LINE
  8
0
 10
0.867813
 20
2.84138
 11
0.868027
 21
2.83801
  0
LINE
  8
0
 10
0.868027
 20
2.83801
 11
0.868103
 21
2.83464
  0
LINE
  8
0
 10
0.868103
 20
2.83464
 11
0.868027
 21
2.83125
  0
LINE
  8
0
 10
0.868027
 20
2.83125
 11
0.867813
 21
2.82788
  0
LINE
  8
0
 10
0.867813
 20
2.82788
 11
0.867462
 21
2.82452
  0
LINE
  8
0
 10
0.867462
 20
2.82452
 11
0.866974
 21
2.82118
  0
LINE
  8
0
 10
0.866974
 20
2.82118
 11
0.866333
 21
2.81786
  0
LINE
  8
0
 10
0.866333
 20
2.81786
 11
0.86557
 21
2.81456
  0
LINE
  8
0
 10
0.86557
 20
2.81456
 11
0.864655
 21
2.81131
  0
LINE
  8
0
 10
0.864655
 20
2.81131
 11
0.863617
 21
2.80809
  0
LINE
  8
0
 10
0.863617
 20
2.80809
 11
0.862427
 21
2.80493
  0
LINE
  8
0
 10
0.862427
 20
2.80493
 11
0.86113
 21
2.80182
  0
LINE
  8
0
 10
0.86113
 20
2.80182
 11
0.85968
 21
2.79875
  0
LINE
  8
0
 10
0.85968
 20
2.79875
 11
0.858124
 21
2.79576
  0
LINE
  8
0
 10
0.858124
 20
2.79576
 11
0.85643
 21
2.79283
  0
LINE
  8
0
 10
0.85643
 20
2.79283
 11
0.854614
 21
2.78998
  0
LINE
  8
0
 10
0.854614
 20
2.78998
 11
0.852692
 21
2.7872
  0
LINE
  8
0
 10
0.852692
 20
2.7872
 11
0.850647
 21
2.7845
  0
LINE
  8
0
 10
0.850647
 20
2.7845
 11
0.848495
 21
2.78191
  0
LINE
  8
0
 10
0.848495
 20
2.78191
 11
0.846222
 21
2.77939
  0
LINE
  8
0
 10
0.846222
 20
2.77939
 11
0.843857
 21
2.77698
  0
LINE
  8
0
 10
0.843857
 20
2.77698
 11
0.8414
 21
2.77466
  0
LINE
  8
0
 10
0.8414
 20
2.77466
 11
0.838837
 21
2.77245
  0
LINE
  8
0
 10
0.838837
 20
2.77245
 11
0.836197
 21
2.77036
  0
LINE
  8
0
 10
0.836197
 20
2.77036
 11
0.83345
 21
2.76837
  0
LINE
  8
0
 10
0.83345
 20
2.76837
 11
0.830643
 21
2.76649
  0
LINE
  8
0
 10
0.830643
 20
2.76649
 11
0.827744
 21
2.76474
  0
LINE
  8
0
 10
0.827744
 20
2.76474
 11
0.824783
 21
2.76311
  0
LINE
  8
0
 10
0.824783
 20
2.76311
 11
0.821762
 21
2.76161
  0
LINE
  8
0
 10
0.821762
 20
2.76161
 11
0.818665
 21
2.76024
  0
LINE
  8
0
 10
0.818665
 20
2.76024
 11
0.815521
 21
2.75899
  0
LINE
  8
0
 10
0.815521
 20
2.75899
 11
0.812332
 21
2.75787
  0
LINE
  8
0
 10
0.812332
 20
2.75787
 11
0.809097
 21
2.7569
  0
LINE
  8
0
 10
0.809097
 20
2.7569
 11
0.805817
 21
2.75606
  0
LINE
  8
0
 10
0.805817
 20
2.75606
 11
0.802521
 21
2.75536
  0
LINE
  8
0
 10
0.802521
 20
2.75536
 11
0.799179
 21
2.75479
  0
LINE
  8
0
 10
0.799179
 20
2.75479
 11
0.795822
 21
2.75438
  0
LINE
  8
0
 10
0.795822
 20
2.75438
 11
0.792465
 21
2.75409
  0
LINE
  8
0
 10
0.792465
 20
2.75409
 11
0.789078
 21
2.75395
  0
LINE
  8
0
 10
0.789078
 20
2.75395
 11
0.785706
 21
2.75395
  0
LINE
  8
0
 10
5.19516
 20
2.75395
 11
5.19177
 21
2.75409
  0
LINE
  8
0
 10
5.19177
 20
2.75409
 11
5.1884
 21
2.75438
  0
LINE
  8
0
 10
5.1884
 20
2.75438
 11
5.18506
 21
2.75479
  0
LINE
  8
0
 10
5.18506
 20
2.75479
 11
5.18172
 21
2.75536
  0
LINE
  8
0
 10
5.18172
 20
2.75536
 11
5.17841
 21
2.75606
  0
LINE
  8
0
 10
5.17841
 20
2.75606
 11
5.17514
 21
2.7569
  0
LINE
  8
0
 10
5.17514
 20
2.7569
 11
5.17191
 21
2.75787
  0
LINE
  8
0
 10
5.17191
 20
2.75787
 11
5.16872
 21
2.75899
  0
LINE
  8
0
 10
5.16872
 20
2.75899
 11
5.16557
 21
2.76024
  0
LINE
  8
0
 10
5.16557
 20
2.76024
 11
5.16248
 21
2.76161
  0
LINE
  8
0
 10
5.16248
 20
2.76161
 11
5.15945
 21
2.76311
  0
LINE
  8
0
 10
5.15945
 20
2.76311
 11
5.15649
 21
2.76474
  0
LINE
  8
0
 10
5.15649
 20
2.76474
 11
5.15359
 21
2.76649
  0
LINE
  8
0
 10
5.15359
 20
2.76649
 11
5.15079
 21
2.76837
  0
LINE
  8
0
 10
5.15079
 20
2.76837
 11
5.14804
 21
2.77036
  0
LINE
  8
0
 10
5.14804
 20
2.77036
 11
5.1454
 21
2.77245
  0
LINE
  8
0
 10
5.1454
 20
2.77245
 11
5.14284
 21
2.77466
  0
LINE
  8
0
 10
5.14284
 20
2.77466
 11
5.14038
 21
2.77698
  0
LINE
  8
0
 10
5.14038
 20
2.77698
 11
5.13802
 21
2.77939
  0
LINE
  8
0
 10
5.13802
 20
2.77939
 11
5.13574
 21
2.78191
  0
LINE
  8
0
 10
5.13574
 20
2.78191
 11
5.13359
 21
2.7845
  0
LINE
  8
0
 10
5.13359
 20
2.7845
 11
5.13155
 21
2.7872
  0
LINE
  8
0
 10
5.13155
 20
2.7872
 11
5.12962
 21
2.78998
  0
LINE
  8
0
 10
5.12962
 20
2.78998
 11
5.12781
 21
2.79283
  0
LINE
  8
0
 10
5.12781
 20
2.79283
 11
5.12611
 21
2.79576
  0
LINE
  8
0
 10
5.12611
 20
2.79576
 11
5.12456
 21
2.79875
  0
LINE
  8
0
 10
5.12456
 20
2.79875
 11
5.12311
 21
2.80182
  0
LINE
  8
0
 10
5.12311
 20
2.80182
 11
5.1218
 21
2.80493
  0
LINE
  8
0
 10
5.1218
 20
2.80493
 11
5.12062
 21
2.80809
  0
LINE
  8
0
 10
5.12062
 20
2.80809
 11
5.11958
 21
2.81131
  0
LINE
  8
0
 10
5.11958
 20
2.81131
 11
5.11867
 21
2.81456
  0
LINE
  8
0
 10
5.11867
 20
2.81456
 11
5.1179
 21
2.81786
  0
LINE
  8
0
 10
5.1179
 20
2.81786
 11
5.11726
 21
2.82118
  0
LINE
  8
0
 10
5.11726
 20
2.82118
 11
5.11678
 21
2.82452
  0
LINE
  8
0
 10
5.11678
 20
2.82452
 11
5.11642
 21
2.82788
  0
LINE
  8
0
 10
5.11642
 20
2.82788
 11
5.11621
 21
2.83125
  0
LINE
  8
0
 10
5.11621
 20
2.83125
 11
5.11613
 21
2.83464
  0
LINE
  8
0
 10
5.11613
 20
2.83464
 11
5.11621
 21
2.83801
  0
LINE
  8
0
 10
5.11621
 20
2.83801
 11
5.11642
 21
2.84138
  0
LINE
  8
0
 10
5.11642
 20
2.84138
 11
5.11678
 21
2.84476
  0
LINE
  8
0
 10
5.11678
 20
2.84476
 11
5.11726
 21
2.8481
  0
LINE
  8
0
 10
5.11726
 20
2.8481
 11
5.1179
 21
2.85143
  0
LINE
  8
0
 10
5.1179
 20
2.85143
 11
5.11867
 21
2.85471
  0
LINE
  8
0
 10
5.11867
 20
2.85471
 11
5.11958
 21
2.85797
  0
LINE
  8
0
 10
5.11958
 20
2.85797
 11
5.12062
 21
2.86118
  0
LINE
  8
0
 10
5.12062
 20
2.86118
 11
5.1218
 21
2.86435
  0
LINE
  8
0
 10
5.1218
 20
2.86435
 11
5.12311
 21
2.86746
  0
LINE
  8
0
 10
5.12311
 20
2.86746
 11
5.12456
 21
2.87053
  0
LINE
  8
0
 10
5.12456
 20
2.87053
 11
5.12611
 21
2.87352
  0
LINE
  8
0
 10
5.12611
 20
2.87352
 11
5.12781
 21
2.87645
  0
LINE
  8
0
 10
5.12781
 20
2.87645
 11
5.12962
 21
2.8793
  0
LINE
  8
0
 10
5.12962
 20
2.8793
 11
5.13155
 21
2.88208
  0
LINE
  8
0
 10
5.13155
 20
2.88208
 11
5.13359
 21
2.88477
  0
LINE
  8
0
 10
5.13359
 20
2.88477
 11
5.13574
 21
2.88737
  0
LINE
  8
0
 10
5.13574
 20
2.88737
 11
5.13802
 21
2.88989
  0
LINE
  8
0
 10
5.13802
 20
2.88989
 11
5.14038
 21
2.8923
  0
LINE
  8
0
 10
5.14038
 20
2.8923
 11
5.14284
 21
2.89462
  0
LINE
  8
0
 10
5.14284
 20
2.89462
 11
5.1454
 21
2.89682
  0
LINE
  8
0
 10
5.1454
 20
2.89682
 11
5.14804
 21
2.89893
  0
LINE
  8
0
 10
5.14804
 20
2.89893
 11
5.15079
 21
2.90091
  0
LINE
  8
0
 10
5.15079
 20
2.90091
 11
5.15359
 21
2.90279
  0
LINE
  8
0
 10
5.15359
 20
2.90279
 11
5.15649
 21
2.90454
  0
LINE
  8
0
 10
5.15649
 20
2.90454
 11
5.15945
 21
2.90616
  0
LINE
  8
0
 10
5.15945
 20
2.90616
 11
5.16248
 21
2.90767
  0
LINE
  8
0
 10
5.16248
 20
2.90767
 11
5.16557
 21
2.90904
  0
LINE
  8
0
 10
5.16557
 20
2.90904
 11
5.16872
 21
2.91028
  0
LINE
  8
0
 10
5.16872
 20
2.91028
 11
5.17191
 21
2.91139
  0
LINE
  8
0
 10
5.17191
 20
2.91139
 11
5.17514
 21
2.91237
  0
LINE
  8
0
 10
5.17514
 20
2.91237
 11
5.17841
 21
2.91321
  0
LINE
  8
0
 10
5.17841
 20
2.91321
 11
5.18172
 21
2.91391
  0
LINE
  8
0
 10
5.18172
 20
2.91391
 11
5.18506
 21
2.91447
  0
LINE
  8
0
 10
5.18506
 20
2.91447
 11
5.1884
 21
2.9149
  0
LINE
  8
0
 10
5.1884
 20
2.9149
 11
5.19177
 21
2.91519
  0
LINE
  8
0
 10
5.19177
 20
2.91519
 11
5.19516
 21
2.91533
  0
LINE
  8
0
 10
5.19516
 20
2.91533
 11
5.19853
 21
2.91533
  0
LINE
  8
0
 10
5.19853
 20
2.91533
 11
5.2019
 21
2.91519
  0
LINE
  8
0
 10
5.2019
 20
2.91519
 11
5.20528
 21
2.9149
  0
LINE
  8
0
 10
5.20528
 20
2.9149
 11
5.20863
 21
2.91447
  0
LINE
  8
0
 10
5.20863
 20
2.91447
 11
5.21196
 21
2.91391
  0
LINE
  8
0
 10
5.21196
 20
2.91391
 11
5.21527
 21
2.91321
  0
LINE
  8
0
 10
5.21527
 20
2.91321
 11
5.21855
 21
2.91237
  0
LINE
  8
0
 10
5.21855
 20
2.91237
 11
5.22179
 21
2.91139
  0
LINE
  8
0
 10
5.22179
 20
2.91139
 11
5.22498
 21
2.91028
  0
LINE
  8
0
 10
5.22498
 20
2.91028
 11
5.22812
 21
2.90904
  0
LINE
  8
0
 10
5.22812
 20
2.90904
 11
5.2312
 21
2.90767
  0
LINE
  8
0
 10
5.2312
 20
2.90767
 11
5.23424
 21
2.90616
  0
LINE
  8
0
 10
5.23424
 20
2.90616
 11
5.2372
 21
2.90454
  0
LINE
  8
0
 10
5.2372
 20
2.90454
 11
5.24008
 21
2.90279
  0
LINE
  8
0
 10
5.24008
 20
2.90279
 11
5.2429
 21
2.90091
  0
LINE
  8
0
 10
5.2429
 20
2.90091
 11
5.24564
 21
2.89893
  0
LINE
  8
0
 10
5.24564
 20
2.89893
 11
5.24829
 21
2.89682
  0
LINE
  8
0
 10
5.24829
 20
2.89682
 11
5.25085
 21
2.89462
  0
LINE
  8
0
 10
5.25085
 20
2.89462
 11
5.25331
 21
2.8923
  0
LINE
  8
0
 10
5.25331
 20
2.8923
 11
5.25568
 21
2.88989
  0
LINE
  8
0
 10
5.25568
 20
2.88989
 11
5.25793
 21
2.88737
  0
LINE
  8
0
 10
5.25793
 20
2.88737
 11
5.2601
 21
2.88477
  0
LINE
  8
0
 10
5.2601
 20
2.88477
 11
5.26213
 21
2.88208
  0
LINE
  8
0
 10
5.26213
 20
2.88208
 11
5.26407
 21
2.8793
  0
LINE
  8
0
 10
5.26407
 20
2.8793
 11
5.26588
 21
2.87645
  0
LINE
  8
0
 10
5.26588
 20
2.87645
 11
5.26756
 21
2.87352
  0
LINE
  8
0
 10
5.26756
 20
2.87352
 11
5.26913
 21
2.87053
  0
LINE
  8
0
 10
5.26913
 20
2.87053
 11
5.27057
 21
2.86746
  0
LINE
  8
0
 10
5.27057
 20
2.86746
 11
5.27188
 21
2.86435
  0
LINE
  8
0
 10
5.27188
 20
2.86435
 11
5.27306
 21
2.86118
  0
LINE
  8
0
 10
5.27306
 20
2.86118
 11
5.27411
 21
2.85797
  0
LINE
  8
0
 10
5.27411
 20
2.85797
 11
5.27501
 21
2.85471
  0
LINE
  8
0
 10
5.27501
 20
2.85471
 11
5.27579
 21
2.85143
  0
LINE
  8
0
 10
5.27579
 20
2.85143
 11
5.27643
 21
2.8481
  0
LINE
  8
0
 10
5.27643
 20
2.8481
 11
5.27692
 21
2.84476
  0
LINE
  8
0
 10
5.27692
 20
2.84476
 11
5.27727
 21
2.84138
  0
LINE
  8
0
 10
5.27727
 20
2.84138
 11
5.27748
 21
2.83801
  0
LINE
  8
0
 10
5.27748
 20
2.83801
 11
5.27756
 21
2.83464
  0
LINE
  8
0
 10
5.27756
 20
2.83464
 11
5.27748
 21
2.83125
  0
LINE
  8
0
 10
5.27748
 20
2.83125
 11
5.27727
 21
2.82788
  0
LINE
  8
0
 10
5.27727
 20
2.82788
 11
5.27692
 21
2.82452
  0
LINE
  8
0
 10
5.27692
 20
2.82452
 11
5.27643
 21
2.82118
  0
LINE
  8
0
 10
5.27643
 20
2.82118
 11
5.27579
 21
2.81786
  0
LINE
  8
0
 10
5.27579
 20
2.81786
 11
5.27501
 21
2.81456
  0
LINE
  8
0
 10
5.27501
 20
2.81456
 11
5.27411
 21
2.81131
  0
LINE
  8
0
 10
5.27411
 20
2.81131
 11
5.27306
 21
2.80809
  0
LINE
  8
0
 10
5.27306
 20
2.80809
 11
5.27188
 21
2.80493
  0
LINE
  8
0
 10
5.27188
 20
2.80493
 11
5.27057
 21
2.80182
  0
LINE
  8
0
 10
5.27057
 20
2.80182
 11
5.26913
 21
2.79875
  0
LINE
  8
0
 10
5.26913
 20
2.79875
 11
5.26756
 21
2.79576
  0
LINE
  8
0
 10
5.26756
 20
2.79576
 11
5.26588
 21
2.79283
  0
LINE
  8
0
 10
5.26588
 20
2.79283
 11
5.26407
 21
2.78998
  0
LINE
  8
0
 10
5.26407
 20
2.78998
 11
5.26213
 21
2.7872
  0
LINE
  8
0
 10
5.26213
 20
2.7872
 11
5.2601
 21
2.7845
  0
LINE
  8
0
 10
5.2601
 20
2.7845
 11
5.25793
 21
2.78191
  0
LINE
  8
0
 10
5.25793
 20
2.78191
 11
5.25568
 21
2.77939
  0
LINE
  8
0
 10
5.25568
 20
2.77939
 11
5.25331
 21
2.77698
  0
LINE
  8
0
 10
5.25331
 20
2.77698
 11
5.25085
 21
2.77466
  0
LINE
  8
0
 10
5.25085
 20
2.77466
 11
5.24829
 21
2.77245
  0
LINE
  8
0
 10
5.24829
 20
2.77245
 11
5.24564
 21
2.77036
  0
LINE
  8
0
 10
5.24564
 20
2.77036
 11
5.2429
 21
2.76837
  0
LINE
  8
0
 10
5.2429
 20
2.76837
 11
5.24008
 21
2.76649
  0
LINE
  8
0
 10
5.24008
 20
2.76649
 11
5.2372
 21
2.76474
  0
LINE
  8
0
 10
5.2372
 20
2.76474
 11
5.23424
 21
2.76311
  0
LINE
  8
0
 10
5.23424
 20
2.76311
 11
5.2312
 21
2.76161
  0
LINE
  8
0
 10
5.2312
 20
2.76161
 11
5.22812
 21
2.76024
  0
LINE
  8
0
 10
5.22812
 20
2.76024
 11
5.22498
 21
2.75899
  0
LINE
  8
0
 10
5.22498
 20
2.75899
 11
5.22179
 21
2.75787
  0
LINE
  8
0
 10
5.22179
 20
2.75787
 11
5.21855
 21
2.7569
  0
LINE
  8
0
 10
5.21855
 20
2.7569
 11
5.21527
 21
2.75606
  0
LINE
  8
0
 10
5.21527
 20
2.75606
 11
5.21196
 21
2.75536
  0
LINE
  8
0
 10
5.21196
 20
2.75536
 11
5.20863
 21
2.75479
  0
LINE
  8
0
 10
5.20863
 20
2.75479
 11
5.20528
 21
2.75438
  0
LINE
  8
0
 10
5.20528
 20
2.75438
 11
5.2019
 21
2.75409
  0
LINE
  8
0
 10
5.2019
 20
2.75409
 11
5.19853
 21
2.75395
  0
LINE
  8
0
 10
5.19853
 20
2.75395
 11
5.19516
 21
2.75395
  0
LINE
  8
0
 10
3.9353
 20
2.75395
 11
3.93193
 21
2.75409
  0
LINE
  8
0
 10
3.93193
 20
2.75409
 11
3.92856
 21
2.75438
  0
LINE
  8
0
 10
3.92856
 20
2.75438
 11
3.92522
 21
2.75479
  0
LINE
  8
0
 10
3.92522
 20
2.75479
 11
3.92188
 21
2.75536
  0
LINE
  8
0
 10
3.92188
 20
2.75536
 11
3.91856
 21
2.75606
  0
LINE
  8
0
 10
3.91856
 20
2.75606
 11
3.9153
 21
2.7569
  0
LINE
  8
0
 10
3.9153
 20
2.7569
 11
3.91206
 21
2.75787
  0
LINE
  8
0
 10
3.91206
 20
2.75787
 11
3.90887
 21
2.75899
  0
LINE
  8
0
 10
3.90887
 20
2.75899
 11
3.90573
 21
2.76024
  0
LINE
  8
0
 10
3.90573
 20
2.76024
 11
3.90263
 21
2.76161
  0
LINE
  8
0
 10
3.90263
 20
2.76161
 11
3.89961
 21
2.76311
  0
LINE
  8
0
 10
3.89961
 20
2.76311
 11
3.89665
 21
2.76474
  0
LINE
  8
0
 10
3.89665
 20
2.76474
 11
3.89375
 21
2.76649
  0
LINE
  8
0
 10
3.89375
 20
2.76649
 11
3.89095
 21
2.76837
  0
LINE
  8
0
 10
3.89095
 20
2.76837
 11
3.8882
 21
2.77036
  0
LINE
  8
0
 10
3.8882
 20
2.77036
 11
3.88556
 21
2.77245
  0
LINE
  8
0
 10
3.88556
 20
2.77245
 11
3.883
 21
2.77466
  0
LINE
  8
0
 10
3.883
 20
2.77466
 11
3.88052
 21
2.77698
  0
LINE
  8
0
 10
3.88052
 20
2.77698
 11
3.87816
 21
2.77939
  0
LINE
  8
0
 10
3.87816
 20
2.77939
 11
3.8759
 21
2.78191
  0
LINE
  8
0
 10
3.8759
 20
2.78191
 11
3.87375
 21
2.7845
  0
LINE
  8
0
 10
3.87375
 20
2.7845
 11
3.8717
 21
2.7872
  0
LINE
  8
0
 10
3.8717
 20
2.7872
 11
3.86978
 21
2.78998
  0
LINE
  8
0
 10
3.86978
 20
2.78998
 11
3.86797
 21
2.79283
  0
LINE
  8
0
 10
3.86797
 20
2.79283
 11
3.86627
 21
2.79576
  0
LINE
  8
0
 10
3.86627
 20
2.79576
 11
3.86472
 21
2.79875
  0
LINE
  8
0
 10
3.86472
 20
2.79875
 11
3.86327
 21
2.80182
  0
LINE
  8
0
 10
3.86327
 20
2.80182
 11
3.86195
 21
2.80493
  0
LINE
  8
0
 10
3.86195
 20
2.80493
 11
3.86078
 21
2.80809
  0
LINE
  8
0
 10
3.86078
 20
2.80809
 11
3.85974
 21
2.81131
  0
LINE
  8
0
 10
3.85974
 20
2.81131
 11
3.85883
 21
2.81456
  0
LINE
  8
0
 10
3.85883
 20
2.81456
 11
3.85806
 21
2.81786
  0
LINE
  8
0
 10
3.85806
 20
2.81786
 11
3.85742
 21
2.82118
  0
LINE
  8
0
 10
3.85742
 20
2.82118
 11
3.85693
 21
2.82452
  0
LINE
  8
0
 10
3.85693
 20
2.82452
 11
3.85657
 21
2.82788
  0
LINE
  8
0
 10
3.85657
 20
2.82788
 11
3.85637
 21
2.83125
  0
LINE
  8
0
 10
3.85637
 20
2.83125
 11
3.85629
 21
2.83464
  0
LINE
  8
0
 10
3.85629
 20
2.83464
 11
3.85637
 21
2.83801
  0
LINE
  8
0
 10
3.85637
 20
2.83801
 11
3.85657
 21
2.84138
  0
LINE
  8
0
 10
3.85657
 20
2.84138
 11
3.85693
 21
2.84476
  0
LINE
  8
0
 10
3.85693
 20
2.84476
 11
3.85742
 21
2.8481
  0
LINE
  8
0
 10
3.85742
 20
2.8481
 11
3.85806
 21
2.85143
  0
LINE
  8
0
 10
3.85806
 20
2.85143
 11
3.85883
 21
2.85471
  0
LINE
  8
0
 10
3.85883
 20
2.85471
 11
3.85974
 21
2.85797
  0
LINE
  8
0
 10
3.85974
 20
2.85797
 11
3.86078
 21
2.86118
  0
LINE
  8
0
 10
3.86078
 20
2.86118
 11
3.86195
 21
2.86435
  0
LINE
  8
0
 10
3.86195
 20
2.86435
 11
3.86327
 21
2.86746
  0
LINE
  8
0
 10
3.86327
 20
2.86746
 11
3.86472
 21
2.87053
  0
LINE
  8
0
 10
3.86472
 20
2.87053
 11
3.86627
 21
2.87352
  0
LINE
  8
0
 10
3.86627
 20
2.87352
 11
3.86797
 21
2.87645
  0
LINE
  8
0
 10
3.86797
 20
2.87645
 11
3.86978
 21
2.8793
  0
LINE
  8
0
 10
3.86978
 20
2.8793
 11
3.8717
 21
2.88208
  0
LINE
  8
0
 10
3.8717
 20
2.88208
 11
3.87375
 21
2.88477
  0
LINE
  8
0
 10
3.87375
 20
2.88477
 11
3.8759
 21
2.88737
  0
LINE
  8
0
 10
3.8759
 20
2.88737
 11
3.87816
 21
2.88989
  0
LINE
  8
0
 10
3.87816
 20
2.88989
 11
3.88052
 21
2.8923
  0
LINE
  8
0
 10
3.88052
 20
2.8923
 11
3.883
 21
2.89462
  0
LINE
  8
0
 10
3.883
 20
2.89462
 11
3.88556
 21
2.89682
  0
LINE
  8
0
 10
3.88556
 20
2.89682
 11
3.8882
 21
2.89893
  0
LINE
  8
0
 10
3.8882
 20
2.89893
 11
3.89095
 21
2.90091
  0
LINE
  8
0
 10
3.89095
 20
2.90091
 11
3.89375
 21
2.90279
  0
LINE
  8
0
 10
3.89375
 20
2.90279
 11
3.89665
 21
2.90454
  0
LINE
  8
0
 10
3.89665
 20
2.90454
 11
3.89961
 21
2.90616
  0
LINE
  8
0
 10
3.89961
 20
2.90616
 11
3.90263
 21
2.90767
  0
LINE
  8
0
 10
3.90263
 20
2.90767
 11
3.90573
 21
2.90904
  0
LINE
  8
0
 10
3.90573
 20
2.90904
 11
3.90887
 21
2.91028
  0
LINE
  8
0
 10
3.90887
 20
2.91028
 11
3.91206
 21
2.91139
  0
LINE
  8
0
 10
3.91206
 20
2.91139
 11
3.9153
 21
2.91237
  0
LINE
  8
0
 10
3.9153
 20
2.91237
 11
3.91856
 21
2.91321
  0
LINE
  8
0
 10
3.91856
 20
2.91321
 11
3.92188
 21
2.91391
  0
LINE
  8
0
 10
3.92188
 20
2.91391
 11
3.92522
 21
2.91447
  0
LINE
  8
0
 10
3.92522
 20
2.91447
 11
3.92856
 21
2.9149
  0
LINE
  8
0
 10
3.92856
 20
2.9149
 11
3.93193
 21
2.91519
  0
LINE
  8
0
 10
3.93193
 20
2.91519
 11
3.9353
 21
2.91533
  0
LINE
  8
0
 10
3.9353
 20
2.91533
 11
3.93869
 21
2.91533
  0
LINE
  8
0
 10
3.93869
 20
2.91533
 11
3.94206
 21
2.91519
  0
LINE
  8
0
 10
3.94206
 20
2.91519
 11
3.94543
 21
2.9149
  0
LINE
  8
0
 10
3.94543
 20
2.9149
 11
3.94879
 21
2.91447
  0
LINE
  8
0
 10
3.94879
 20
2.91447
 11
3.95212
 21
2.91391
  0
LINE
  8
0
 10
3.95212
 20
2.91391
 11
3.95543
 21
2.91321
  0
LINE
  8
0
 10
3.95543
 20
2.91321
 11
3.95871
 21
2.91237
  0
LINE
  8
0
 10
3.95871
 20
2.91237
 11
3.96194
 21
2.91139
  0
LINE
  8
0
 10
3.96194
 20
2.91139
 11
3.96513
 21
2.91028
  0
LINE
  8
0
 10
3.96513
 20
2.91028
 11
3.96828
 21
2.90904
  0
LINE
  8
0
 10
3.96828
 20
2.90904
 11
3.97136
 21
2.90767
  0
LINE
  8
0
 10
3.97136
 20
2.90767
 11
3.9744
 21
2.90616
  0
LINE
  8
0
 10
3.9744
 20
2.90616
 11
3.97736
 21
2.90454
  0
LINE
  8
0
 10
3.97736
 20
2.90454
 11
3.98024
 21
2.90279
  0
LINE
  8
0
 10
3.98024
 20
2.90279
 11
3.98306
 21
2.90091
  0
LINE
  8
0
 10
3.98306
 20
2.90091
 11
3.98579
 21
2.89893
  0
LINE
  8
0
 10
3.98579
 20
2.89893
 11
3.98845
 21
2.89682
  0
LINE
  8
0
 10
3.98845
 20
2.89682
 11
3.99101
 21
2.89462
  0
LINE
  8
0
 10
3.99101
 20
2.89462
 11
3.99347
 21
2.8923
  0
LINE
  8
0
 10
3.99347
 20
2.8923
 11
3.99583
 21
2.88989
  0
LINE
  8
0
 10
3.99583
 20
2.88989
 11
3.99809
 21
2.88737
  0
LINE
  8
0
 10
3.99809
 20
2.88737
 11
4.00024
 21
2.88477
  0
LINE
  8
0
 10
4.00024
 20
2.88477
 11
4.00229
 21
2.88208
  0
LINE
  8
0
 10
4.00229
 20
2.88208
 11
4.00423
 21
2.8793
  0
LINE
  8
0
 10
4.00423
 20
2.8793
 11
4.00604
 21
2.87645
  0
LINE
  8
0
 10
4.00604
 20
2.87645
 11
4.00772
 21
2.87352
  0
LINE
  8
0
 10
4.00772
 20
2.87352
 11
4.00929
 21
2.87053
  0
LINE
  8
0
 10
4.00929
 20
2.87053
 11
4.01073
 21
2.86746
  0
LINE
  8
0
 10
4.01073
 20
2.86746
 11
4.01204
 21
2.86435
  0
LINE
  8
0
 10
4.01204
 20
2.86435
 11
4.01321
 21
2.86118
  0
LINE
  8
0
 10
4.01321
 20
2.86118
 11
4.01427
 21
2.85797
  0
LINE
  8
0
 10
4.01427
 20
2.85797
 11
4.01517
 21
2.85471
  0
LINE
  8
0
 10
4.01517
 20
2.85471
 11
4.01595
 21
2.85143
  0
LINE
  8
0
 10
4.01595
 20
2.85143
 11
4.01659
 21
2.8481
  0
LINE
  8
0
 10
4.01659
 20
2.8481
 11
4.01707
 21
2.84476
  0
LINE
  8
0
 10
4.01707
 20
2.84476
 11
4.01743
 21
2.84138
  0
LINE
  8
0
 10
4.01743
 20
2.84138
 11
4.01764
 21
2.83801
  0
LINE
  8
0
 10
4.01764
 20
2.83801
 11
4.01772
 21
2.83464
  0
LINE
  8
0
 10
4.01772
 20
2.83464
 11
4.01764
 21
2.83125
  0
LINE
  8
0
 10
4.01764
 20
2.83125
 11
4.01743
 21
2.82788
  0
LINE
  8
0
 10
4.01743
 20
2.82788
 11
4.01707
 21
2.82452
  0
LINE
  8
0
 10
4.01707
 20
2.82452
 11
4.01659
 21
2.82118
  0
LINE
  8
0
 10
4.01659
 20
2.82118
 11
4.01595
 21
2.81786
  0
LINE
  8
0
 10
4.01595
 20
2.81786
 11
4.01517
 21
2.81456
  0
LINE
  8
0
 10
4.01517
 20
2.81456
 11
4.01427
 21
2.81131
  0
LINE
  8
0
 10
4.01427
 20
2.81131
 11
4.01321
 21
2.80809
  0
LINE
  8
0
 10
4.01321
 20
2.80809
 11
4.01204
 21
2.80493
  0
LINE
  8
0
 10
4.01204
 20
2.80493
 11
4.01073
 21
2.80182
  0
LINE
  8
0
 10
4.01073
 20
2.80182
 11
4.00929
 21
2.79875
  0
LINE
  8
0
 10
4.00929
 20
2.79875
 11
4.00772
 21
2.79576
  0
LINE
  8
0
 10
4.00772
 20
2.79576
 11
4.00604
 21
2.79283
  0
LINE
  8
0
 10
4.00604
 20
2.79283
 11
4.00423
 21
2.78998
  0
LINE
  8
0
 10
4.00423
 20
2.78998
 11
4.00229
 21
2.7872
  0
LINE
  8
0
 10
4.00229
 20
2.7872
 11
4.00024
 21
2.7845
  0
LINE
  8
0
 10
4.00024
 20
2.7845
 11
3.99809
 21
2.78191
  0
LINE
  8
0
 10
3.99809
 20
2.78191
 11
3.99583
 21
2.77939
  0
LINE
  8
0
 10
3.99583
 20
2.77939
 11
3.99347
 21
2.77698
  0
LINE
  8
0
 10
3.99347
 20
2.77698
 11
3.99101
 21
2.77466
  0
LINE
  8
0
 10
3.99101
 20
2.77466
 11
3.98845
 21
2.77245
  0
LINE
  8
0
 10
3.98845
 20
2.77245
 11
3.98579
 21
2.77036
  0
LINE
  8
0
 10
3.98579
 20
2.77036
 11
3.98306
 21
2.76837
  0
LINE
  8
0
 10
3.98306
 20
2.76837
 11
3.98024
 21
2.76649
  0
LINE
  8
0
 10
3.98024
 20
2.76649
 11
3.97736
 21
2.76474
  0
LINE
  8
0
 10
3.97736
 20
2.76474
 11
3.9744
 21
2.76311
  0
LINE
  8
0
 10
3.9744
 20
2.76311
 11
3.97136
 21
2.76161
  0
LINE
  8
0
 10
3.97136
 20
2.76161
 11
3.96828
 21
2.76024
  0
LINE
  8
0
 10
3.96828
 20
2.76024
 11
3.96513
 21
2.75899
  0
LINE
  8
0
 10
3.96513
 20
2.75899
 11
3.96194
 21
2.75787
  0
LINE
  8
0
 10
3.96194
 20
2.75787
 11
3.95871
 21
2.7569
  0
LINE
  8
0
 10
3.95871
 20
2.7569
 11
3.95543
 21
2.75606
  0
LINE
  8
0
 10
3.95543
 20
2.75606
 11
3.95212
 21
2.75536
  0
LINE
  8
0
 10
3.95212
 20
2.75536
 11
3.94879
 21
2.75479
  0
LINE
  8
0
 10
3.94879
 20
2.75479
 11
3.94543
 21
2.75438
  0
LINE
  8
0
 10
3.94543
 20
2.75438
 11
3.94206
 21
2.75409
  0
LINE
  8
0
 10
3.94206
 20
2.75409
 11
3.93869
 21
2.75395
  0
LINE
  8
0
 10
3.93869
 20
2.75395
 11
3.9353
 21
2.75395
  0
LINE
  8
0
 10
7.63626
 20
2.21315
 11
7.63669
 21
2.21651
  0
LINE
  8
0
 10
7.63669
 20
2.21651
 11
7.63725
 21
2.21983
  0
LINE
  8
0
 10
7.63725
 20
2.21983
 11
7.63795
 21
2.22314
  0
LINE
  8
0
 10
7.63795
 20
2.22314
 11
7.63879
 21
2.22643
  0
LINE
  8
0
 10
7.63879
 20
2.22643
 11
7.63977
 21
2.22966
  0
LINE
  8
0
 10
7.63977
 20
2.22966
 11
7.64088
 21
2.23285
  0
LINE
  8
0
 10
7.64088
 20
2.23285
 11
7.64214
 21
2.23599
  0
LINE
  8
0
 10
7.64214
 20
2.23599
 11
7.64351
 21
2.23907
  0
LINE
  8
0
 10
7.64351
 20
2.23907
 11
7.645
 21
2.24211
  0
LINE
  8
0
 10
7.645
 20
2.24211
 11
7.64664
 21
2.24507
  0
LINE
  8
0
 10
7.64664
 20
2.24507
 11
7.64839
 21
2.24796
  0
LINE
  8
0
 10
7.64839
 20
2.24796
 11
7.65025
 21
2.25078
  0
LINE
  8
0
 10
7.65025
 20
2.25078
 11
7.65225
 21
2.25351
  0
LINE
  8
0
 10
7.65225
 20
2.25351
 11
7.65434
 21
2.25616
  0
LINE
  8
0
 10
7.65434
 20
2.25616
 11
7.65656
 21
2.25873
  0
LINE
  8
0
 10
7.65656
 20
2.25873
 11
7.65887
 21
2.26118
  0
LINE
  8
0
 10
7.65887
 20
2.26118
 11
7.66129
 21
2.26355
  0
LINE
  8
0
 10
7.66129
 20
2.26355
 11
7.6638
 21
2.26581
  0
LINE
  8
0
 10
7.6638
 20
2.26581
 11
7.6664
 21
2.26797
  0
LINE
  8
0
 10
7.6664
 20
2.26797
 11
7.6691
 21
2.27
  0
LINE
  8
0
 10
7.6691
 20
2.27
 11
7.67188
 21
2.27194
  0
LINE
  8
0
 10
7.67188
 20
2.27194
 11
7.67473
 21
2.27376
  0
LINE
  8
0
 10
7.67473
 20
2.27376
 11
7.67766
 21
2.27544
  0
LINE
  8
0
 10
7.67766
 20
2.27544
 11
7.68065
 21
2.27701
  0
LINE
  8
0
 10
7.68065
 20
2.27701
 11
7.6837
 21
2.27844
  0
LINE
  8
0
 10
7.6837
 20
2.27844
 11
7.68683
 21
2.27975
  0
LINE
  8
0
 10
7.68683
 20
2.27975
 11
7.68999
 21
2.28093
  0
LINE
  8
0
 10
7.68999
 20
2.28093
 11
7.69321
 21
2.28198
  0
LINE
  8
0
 10
7.69321
 20
2.28198
 11
7.69646
 21
2.28288
  0
LINE
  8
0
 10
7.69646
 20
2.28288
 11
7.69975
 21
2.28366
  0
LINE
  8
0
 10
7.69975
 20
2.28366
 11
7.70308
 21
2.2843
  0
LINE
  8
0
 10
7.70308
 20
2.2843
 11
7.70642
 21
2.28479
  0
LINE
  8
0
 10
7.70642
 20
2.28479
 11
7.70978
 21
2.28514
  0
LINE
  8
0
 10
7.70978
 20
2.28514
 11
7.71315
 21
2.28535
  0
LINE
  8
0
 10
7.71315
 20
2.28535
 11
7.71654
 21
2.28543
  0
LINE
  8
0
 10
7.71654
 20
2.28543
 11
7.71991
 21
2.28535
  0
LINE
  8
0
 10
7.71991
 20
2.28535
 11
7.72328
 21
2.28514
  0
LINE
  8
0
 10
7.72328
 20
2.28514
 11
7.72665
 21
2.28479
  0
LINE
  8
0
 10
7.72665
 20
2.28479
 11
7.73
 21
2.2843
  0
LINE
  8
0
 10
7.73
 20
2.2843
 11
7.73331
 21
2.28366
  0
LINE
  8
0
 10
7.73331
 20
2.28366
 11
7.7366
 21
2.28288
  0
LINE
  8
0
 10
7.7366
 20
2.28288
 11
7.73985
 21
2.28198
  0
LINE
  8
0
 10
7.73985
 20
2.28198
 11
7.74307
 21
2.28093
  0
LINE
  8
0
 10
7.74307
 20
2.28093
 11
7.74625
 21
2.27975
  0
LINE
  8
0
 10
7.74625
 20
2.27975
 11
7.74936
 21
2.27844
  0
LINE
  8
0
 10
7.74936
 20
2.27844
 11
7.75241
 21
2.27701
  0
LINE
  8
0
 10
7.75241
 20
2.27701
 11
7.75542
 21
2.27544
  0
LINE
  8
0
 10
7.75542
 20
2.27544
 11
7.75835
 21
2.27376
  0
LINE
  8
0
 10
7.75835
 20
2.27376
 11
7.7612
 21
2.27194
  0
LINE
  8
0
 10
7.7612
 20
2.27194
 11
7.76398
 21
2.27
  0
LINE
  8
0
 10
7.76398
 20
2.27
 11
7.76666
 21
2.26797
  0
LINE
  8
0
 10
7.76666
 20
2.26797
 11
7.76927
 21
2.26581
  0
LINE
  8
0
 10
7.76927
 20
2.26581
 11
7.77177
 21
2.26355
  0
LINE
  8
0
 10
7.77177
 20
2.26355
 11
7.7742
 21
2.26118
  0
LINE
  8
0
 10
7.7742
 20
2.26118
 11
7.7765
 21
2.25873
  0
LINE
  8
0
 10
7.7765
 20
2.25873
 11
7.77872
 21
2.25616
  0
LINE
  8
0
 10
7.77872
 20
2.25616
 11
7.78082
 21
2.25351
  0
LINE
  8
0
 10
7.78082
 20
2.25351
 11
7.78281
 21
2.25078
  0
LINE
  8
0
 10
7.78281
 20
2.25078
 11
7.78468
 21
2.24796
  0
LINE
  8
0
 10
7.78468
 20
2.24796
 11
7.78642
 21
2.24507
  0
LINE
  8
0
 10
7.78642
 20
2.24507
 11
7.78806
 21
2.24211
  0
LINE
  8
0
 10
7.78806
 20
2.24211
 11
7.78957
 21
2.23907
  0
LINE
  8
0
 10
7.78957
 20
2.23907
 11
7.79094
 21
2.23599
  0
LINE
  8
0
 10
7.79094
 20
2.23599
 11
7.79218
 21
2.23285
  0
LINE
  8
0
 10
7.79218
 20
2.23285
 11
7.79329
 21
2.22966
  0
LINE
  8
0
 10
7.79329
 20
2.22966
 11
7.79427
 21
2.22643
  0
LINE
  8
0
 10
7.79427
 20
2.22643
 11
7.7951
 21
2.22314
  0
LINE
  8
0
 10
7.7951
 20
2.22314
 11
7.79581
 21
2.21983
  0
LINE
  8
0
 10
7.79581
 20
2.21983
 11
7.79637
 21
2.21651
  0
LINE
  8
0
 10
7.79637
 20
2.21651
 11
7.7968
 21
2.21315
  0
LINE
  8
0
 10
7.7968
 20
2.21315
 11
7.79709
 21
2.20978
  0
LINE
  8
0
 10
7.79709
 20
2.20978
 11
7.79723
 21
2.20641
  0
LINE
  8
0
 10
7.79723
 20
2.20641
 11
7.79723
 21
2.20303
  0
LINE
  8
0
 10
7.79723
 20
2.20303
 11
7.79709
 21
2.19965
  0
LINE
  8
0
 10
7.79709
 20
2.19965
 11
7.7968
 21
2.19627
  0
LINE
  8
0
 10
7.7968
 20
2.19627
 11
7.79637
 21
2.19293
  0
LINE
  8
0
 10
7.79637
 20
2.19293
 11
7.79581
 21
2.18959
  0
LINE
  8
0
 10
7.79581
 20
2.18959
 11
7.7951
 21
2.18628
  0
LINE
  8
0
 10
7.7951
 20
2.18628
 11
7.79427
 21
2.18301
  0
LINE
  8
0
 10
7.79427
 20
2.18301
 11
7.79329
 21
2.17978
  0
LINE
  8
0
 10
7.79329
 20
2.17978
 11
7.79218
 21
2.17659
  0
LINE
  8
0
 10
7.79218
 20
2.17659
 11
7.79094
 21
2.17345
  0
LINE
  8
0
 10
7.79094
 20
2.17345
 11
7.78957
 21
2.17035
  0
LINE
  8
0
 10
7.78957
 20
2.17035
 11
7.78806
 21
2.16733
  0
LINE
  8
0
 10
7.78806
 20
2.16733
 11
7.78642
 21
2.16437
  0
LINE
  8
0
 10
7.78642
 20
2.16437
 11
7.78468
 21
2.16147
  0
LINE
  8
0
 10
7.78468
 20
2.16147
 11
7.78281
 21
2.15866
  0
LINE
  8
0
 10
7.78281
 20
2.15866
 11
7.78082
 21
2.15591
  0
LINE
  8
0
 10
7.78082
 20
2.15591
 11
7.77872
 21
2.15327
  0
LINE
  8
0
 10
7.77872
 20
2.15327
 11
7.7765
 21
2.15071
  0
LINE
  8
0
 10
7.7765
 20
2.15071
 11
7.7742
 21
2.14825
  0
LINE
  8
0
 10
7.7742
 20
2.14825
 11
7.77177
 21
2.14589
  0
LINE
  8
0
 10
7.77177
 20
2.14589
 11
7.76927
 21
2.14362
  0
LINE
  8
0
 10
7.76927
 20
2.14362
 11
7.76666
 21
2.14146
  0
LINE
  8
0
 10
7.76666
 20
2.14146
 11
7.76398
 21
2.13942
  0
LINE
  8
0
 10
7.76398
 20
2.13942
 11
7.7612
 21
2.1375
  0
LINE
  8
0
 10
7.7612
 20
2.1375
 11
7.75835
 21
2.13568
  0
LINE
  8
0
 10
7.75835
 20
2.13568
 11
7.75542
 21
2.13399
  0
LINE
  8
0
 10
7.75542
 20
2.13399
 11
7.75241
 21
2.13243
  0
LINE
  8
0
 10
7.75241
 20
2.13243
 11
7.74936
 21
2.13098
  0
LINE
  8
0
 10
7.74936
 20
2.13098
 11
7.74625
 21
2.12967
  0
LINE
  8
0
 10
7.74625
 20
2.12967
 11
7.74307
 21
2.12849
  0
LINE
  8
0
 10
7.74307
 20
2.12849
 11
7.73985
 21
2.12746
  0
LINE
  8
0
 10
7.73985
 20
2.12746
 11
7.7366
 21
2.12654
  0
LINE
  8
0
 10
7.7366
 20
2.12654
 11
7.73331
 21
2.12578
  0
LINE
  8
0
 10
7.73331
 20
2.12578
 11
7.73
 21
2.12514
  0
LINE
  8
0
 10
7.73
 20
2.12514
 11
7.72665
 21
2.12465
  0
LINE
  8
0
 10
7.72665
 20
2.12465
 11
7.72328
 21
2.1243
  0
LINE
  8
0
 10
7.72328
 20
2.1243
 11
7.71991
 21
2.12408
  0
LINE
  8
0
 10
7.71991
 20
2.12408
 11
7.71654
 21
2.12401
  0
LINE
  8
0
 10
7.71654
 20
2.12401
 11
7.71315
 21
2.12408
  0
LINE
  8
0
 10
7.71315
 20
2.12408
 11
7.70978
 21
2.1243
  0
LINE
  8
0
 10
7.70978
 20
2.1243
 11
7.70642
 21
2.12465
  0
LINE
  8
0
 10
7.70642
 20
2.12465
 11
7.70308
 21
2.12514
  0
LINE
  8
0
 10
7.70308
 20
2.12514
 11
7.69975
 21
2.12578
  0
LINE
  8
0
 10
7.69975
 20
2.12578
 11
7.69646
 21
2.12654
  0
LINE
  8
0
 10
7.69646
 20
2.12654
 11
7.69321
 21
2.12746
  0
LINE
  8
0
 10
7.69321
 20
2.12746
 11
7.68999
 21
2.12849
  0
LINE
  8
0
 10
7.68999
 20
2.12849
 11
7.68683
 21
2.12967
  0
LINE
  8
0
 10
7.68683
 20
2.12967
 11
7.6837
 21
2.13098
  0
LINE
  8
0
 10
7.6837
 20
2.13098
 11
7.68065
 21
2.13243
  0
LINE
  8
0
 10
7.68065
 20
2.13243
 11
7.67766
 21
2.13399
  0
LINE
  8
0
 10
7.67766
 20
2.13399
 11
7.67473
 21
2.13568
  0
LINE
  8
0
 10
7.67473
 20
2.13568
 11
7.67188
 21
2.1375
  0
LINE
  8
0
 10
7.67188
 20
2.1375
 11
7.6691
 21
2.13942
  0
LINE
  8
0
 10
7.6691
 20
2.13942
 11
7.6664
 21
2.14146
  0
LINE
  8
0
 10
7.6664
 20
2.14146
 11
7.6638
 21
2.14362
  0
LINE
  8
0
 10
7.6638
 20
2.14362
 11
7.66129
 21
2.14589
  0
LINE
  8
0
 10
7.66129
 20
2.14589
 11
7.65887
 21
2.14825
  0
LINE
  8
0
 10
7.65887
 20
2.14825
 11
7.65656
 21
2.15071
  0
LINE
  8
0
 10
7.65656
 20
2.15071
 11
7.65434
 21
2.15327
  0
LINE
  8
0
 10
7.65434
 20
2.15327
 11
7.65225
 21
2.15591
  0
LINE
  8
0
 10
7.65225
 20
2.15591
 11
7.65025
 21
2.15866
  0
LINE
  8
0
 10
7.65025
 20
2.15866
 11
7.64839
 21
2.16147
  0
LINE
  8
0
 10
7.64839
 20
2.16147
 11
7.64664
 21
2.16437
  0
LINE
  8
0
 10
7.64664
 20
2.16437
 11
7.645
 21
2.16733
  0
LINE
  8
0
 10
7.645
 20
2.16733
 11
7.64351
 21
2.17035
  0
LINE
  8
0
 10
7.64351
 20
2.17035
 11
7.64214
 21
2.17345
  0
LINE
  8
0
 10
7.64214
 20
2.17345
 11
7.64088
 21
2.17659
  0
LINE
  8
0
 10
7.64088
 20
2.17659
 11
7.63977
 21
2.17978
  0
LINE
  8
0
 10
7.63977
 20
2.17978
 11
7.63879
 21
2.18301
  0
LINE
  8
0
 10
7.63879
 20
2.18301
 11
7.63795
 21
2.18628
  0
LINE
  8
0
 10
7.63795
 20
2.18628
 11
7.63725
 21
2.18959
  0
LINE
  8
0
 10
7.63725
 20
2.18959
 11
7.63669
 21
2.19293
  0
LINE
  8
0
 10
7.63669
 20
2.19293
 11
7.63626
 21
2.19627
  0
LINE
  8
0
 10
7.63626
 20
2.19627
 11
7.63599
 21
2.19965
  0
LINE
  8
0
 10
7.63599
 20
2.19965
 11
7.63585
 21
2.20303
  0
LINE
  8
0
 10
7.63585
 20
2.20303
 11
7.63585
 21
2.20641
  0
LINE
  8
0
 10
7.63585
 20
2.20641
 11
7.63599
 21
2.20978
  0
LINE
  8
0
 10
7.63599
 20
2.20978
 11
7.63626
 21
2.21315
  0
LINE
  8
0
 10
-7.71991
 20
2.12408
 11
-7.72328
 21
2.1243
  0
LINE
  8
0
 10
-7.72328
 20
2.1243
 11
-7.72665
 21
2.12465
  0
LINE
  8
0
 10
-7.72665
 20
2.12465
 11
-7.73
 21
2.12514
  0
LINE
  8
0
 10
-7.73
 20
2.12514
 11
-7.73331
 21
2.12578
  0
LINE
  8
0
 10
-7.73331
 20
2.12578
 11
-7.7366
 21
2.12654
  0
LINE
  8
0
 10
-7.7366
 20
2.12654
 11
-7.73985
 21
2.12746
  0
LINE
  8
0
 10
-7.73985
 20
2.12746
 11
-7.74307
 21
2.12849
  0
LINE
  8
0
 10
-7.74307
 20
2.12849
 11
-7.74625
 21
2.12967
  0
LINE
  8
0
 10
-7.74625
 20
2.12967
 11
-7.74936
 21
2.13098
  0
LINE
  8
0
 10
-7.74936
 20
2.13098
 11
-7.75241
 21
2.13243
  0
LINE
  8
0
 10
-7.75241
 20
2.13243
 11
-7.75542
 21
2.13399
  0
LINE
  8
0
 10
-7.75542
 20
2.13399
 11
-7.75835
 21
2.13568
  0
LINE
  8
0
 10
-7.75835
 20
2.13568
 11
-7.7612
 21
2.1375
  0
LINE
  8
0
 10
-7.7612
 20
2.1375
 11
-7.76398
 21
2.13942
  0
LINE
  8
0
 10
-7.76398
 20
2.13942
 11
-7.76666
 21
2.14146
  0
LINE
  8
0
 10
-7.76666
 20
2.14146
 11
-7.76927
 21
2.14362
  0
LINE
  8
0
 10
-7.76927
 20
2.14362
 11
-7.77177
 21
2.14589
  0
LINE
  8
0
 10
-7.77177
 20
2.14589
 11
-7.7742
 21
2.14825
  0
LINE
  8
0
 10
-7.7742
 20
2.14825
 11
-7.7765
 21
2.15071
  0
LINE
  8
0
 10
-7.7765
 20
2.15071
 11
-7.77872
 21
2.15327
  0
LINE
  8
0
 10
-7.77872
 20
2.15327
 11
-7.78082
 21
2.15591
  0
LINE
  8
0
 10
-7.78082
 20
2.15591
 11
-7.78281
 21
2.15866
  0
LINE
  8
0
 10
-7.78281
 20
2.15866
 11
-7.78468
 21
2.16147
  0
LINE
  8
0
 10
-7.78468
 20
2.16147
 11
-7.78642
 21
2.16437
  0
LINE
  8
0
 10
-7.78642
 20
2.16437
 11
-7.78806
 21
2.16733
  0
LINE
  8
0
 10
-7.78806
 20
2.16733
 11
-7.78957
 21
2.17035
  0
LINE
  8
0
 10
-7.78957
 20
2.17035
 11
-7.79094
 21
2.17345
  0
LINE
  8
0
 10
-7.79094
 20
2.17345
 11
-7.79218
 21
2.17659
  0
LINE
  8
0
 10
-7.79218
 20
2.17659
 11
-7.79329
 21
2.17978
  0
LINE
  8
0
 10
-7.79329
 20
2.17978
 11
-7.79427
 21
2.18301
  0
LINE
  8
0
 10
-7.79427
 20
2.18301
 11
-7.7951
 21
2.18628
  0
LINE
  8
0
 10
-7.7951
 20
2.18628
 11
-7.79581
 21
2.18959
  0
LINE
  8
0
 10
-7.79581
 20
2.18959
 11
-7.79637
 21
2.19293
  0
LINE
  8
0
 10
-7.79637
 20
2.19293
 11
-7.7968
 21
2.19627
  0
LINE
  8
0
 10
-7.7968
 20
2.19627
 11
-7.79709
 21
2.19965
  0
LINE
  8
0
 10
-7.79709
 20
2.19965
 11
-7.79723
 21
2.20303
  0
LINE
  8
0
 10
-7.79723
 20
2.20303
 11
-7.79723
 21
2.20641
  0
LINE
  8
0
 10
-7.79723
 20
2.20641
 11
-7.79709
 21
2.20978
  0
LINE
  8
0
 10
-7.79709
 20
2.20978
 11
-7.7968
 21
2.21315
  0
LINE
  8
0
 10
-7.7968
 20
2.21315
 11
-7.79637
 21
2.21651
  0
LINE
  8
0
 10
-7.79637
 20
2.21651
 11
-7.79581
 21
2.21983
  0
LINE
  8
0
 10
-7.79581
 20
2.21983
 11
-7.7951
 21
2.22314
  0
LINE
  8
0
 10
-7.7951
 20
2.22314
 11
-7.79427
 21
2.22643
  0
LINE
  8
0
 10
-7.79427
 20
2.22643
 11
-7.79329
 21
2.22966
  0
LINE
  8
0
 10
-7.79329
 20
2.22966
 11
-7.79218
 21
2.23285
  0
LINE
  8
0
 10
-7.79218
 20
2.23285
 11
-7.79094
 21
2.23599
  0
LINE
  8
0
 10
-7.79094
 20
2.23599
 11
-7.78957
 21
2.23907
  0
LINE
  8
0
 10
-7.78957
 20
2.23907
 11
-7.78806
 21
2.24211
  0
LINE
  8
0
 10
-7.78806
 20
2.24211
 11
-7.78642
 21
2.24507
  0
LINE
  8
0
 10
-7.78642
 20
2.24507
 11
-7.78468
 21
2.24796
  0
LINE
  8
0
 10
-7.78468
 20
2.24796
 11
-7.78281
 21
2.25078
  0
LINE
  8
0
 10
-7.78281
 20
2.25078
 11
-7.78082
 21
2.25351
  0
LINE
  8
0
 10
-7.78082
 20
2.25351
 11
-7.77872
 21
2.25616
  0
LINE
  8
0
 10
-7.77872
 20
2.25616
 11
-7.7765
 21
2.25873
  0
LINE
  8
0
 10
-7.7765
 20
2.25873
 11
-7.7742
 21
2.26118
  0
LINE
  8
0
 10
-7.7742
 20
2.26118
 11
-7.77177
 21
2.26355
  0
LINE
  8
0
 10
-7.77177
 20
2.26355
 11
-7.76927
 21
2.26581
  0
LINE
  8
0
 10
-7.76927
 20
2.26581
 11
-7.76666
 21
2.26797
  0
LINE
  8
0
 10
-7.76666
 20
2.26797
 11
-7.76398
 21
2.27
  0
LINE
  8
0
 10
-7.76398
 20
2.27
 11
-7.7612
 21
2.27194
  0
LINE
  8
0
 10
-7.7612
 20
2.27194
 11
-7.75835
 21
2.27376
  0
LINE
  8
0
 10
-7.75835
 20
2.27376
 11
-7.75542
 21
2.27544
  0
LINE
  8
0
 10
-7.75542
 20
2.27544
 11
-7.75241
 21
2.27701
  0
LINE
  8
0
 10
-7.75241
 20
2.27701
 11
-7.74936
 21
2.27844
  0
LINE
  8
0
 10
-7.74936
 20
2.27844
 11
-7.74625
 21
2.27975
  0
LINE
  8
0
 10
-7.74625
 20
2.27975
 11
-7.74307
 21
2.28093
  0
LINE
  8
0
 10
-7.74307
 20
2.28093
 11
-7.73985
 21
2.28198
  0
LINE
  8
0
 10
-7.73985
 20
2.28198
 11
-7.7366
 21
2.28288
  0
LINE
  8
0
 10
-7.7366
 20
2.28288
 11
-7.73331
 21
2.28366
  0
LINE
  8
0
 10
-7.73331
 20
2.28366
 11
-7.73
 21
2.2843
  0
LINE
  8
0
 10
-7.73
 20
2.2843
 11
-7.72665
 21
2.28479
  0
LINE
  8
0
 10
-7.72665
 20
2.28479
 11
-7.72328
 21
2.28514
  0
LINE
  8
0
 10
-7.72328
 20
2.28514
 11
-7.71991
 21
2.28535
  0
LINE
  8
0
 10
-7.71991
 20
2.28535
 11
-7.71654
 21
2.28543
  0
LINE
  8
0
 10
-7.71654
 20
2.28543
 11
-7.71315
 21
2.28535
  0
LINE
  8
0
 10
-7.71315
 20
2.28535
 11
-7.70978
 21
2.28514
  0
LINE
  8
0
 10
-7.70978
 20
2.28514
 11
-7.70642
 21
2.28479
  0
LINE
  8
0
 10
-7.70642
 20
2.28479
 11
-7.70308
 21
2.2843
  0
LINE
  8
0
 10
-7.70308
 20
2.2843
 11
-7.69975
 21
2.28366
  0
LINE
  8
0
 10
-7.69975
 20
2.28366
 11
-7.69646
 21
2.28288
  0
LINE
  8
0
 10
-7.69646
 20
2.28288
 11
-7.69321
 21
2.28198
  0
LINE
  8
0
 10
-7.69321
 20
2.28198
 11
-7.68999
 21
2.28093
  0
LINE
  8
0
 10
-7.68999
 20
2.28093
 11
-7.68683
 21
2.27975
  0
LINE
  8
0
 10
-7.68683
 20
2.27975
 11
-7.6837
 21
2.27844
  0
LINE
  8
0
 10
-7.6837
 20
2.27844
 11
-7.68065
 21
2.27701
  0
LINE
  8
0
 10
-7.68065
 20
2.27701
 11
-7.67766
 21
2.27544
  0
LINE
  8
0
 10
-7.67766
 20
2.27544
 11
-7.67473
 21
2.27376
  0
LINE
  8
0
 10
-7.67473
 20
2.27376
 11
-7.67188
 21
2.27194
  0
LINE
  8
0
 10
-7.67188
 20
2.27194
 11
-7.6691
 21
2.27
  0
LINE
  8
0
 10
-7.6691
 20
2.27
 11
-7.6664
 21
2.26797
  0
LINE
  8
0
 10
-7.6664
 20
2.26797
 11
-7.6638
 21
2.26581
  0
LINE
  8
0
 10
-7.6638
 20
2.26581
 11
-7.66129
 21
2.26355
  0
LINE
  8
0
 10
-7.66129
 20
2.26355
 11
-7.65887
 21
2.26118
  0
LINE
  8
0
 10
-7.65887
 20
2.26118
 11
-7.65656
 21
2.25873
  0
LINE
  8
0
 10
-7.65656
 20
2.25873
 11
-7.65434
 21
2.25616
  0
LINE
  8
0
 10
-7.65434
 20
2.25616
 11
-7.65225
 21
2.25351
  0
LINE
  8
0
 10
-7.65225
 20
2.25351
 11
-7.65025
 21
2.25078
  0
LINE
  8
0
 10
-7.65025
 20
2.25078
 11
-7.64839
 21
2.24796
  0
LINE
  8
0
 10
-7.64839
 20
2.24796
 11
-7.64664
 21
2.24507
  0
LINE
  8
0
 10
-7.64664
 20
2.24507
 11
-7.645
 21
2.24211
  0
LINE
  8
0
 10
-7.645
 20
2.24211
 11
-7.64351
 21
2.23907
  0
LINE
  8
0
 10
-7.64351
 20
2.23907
 11
-7.64214
 21
2.23599
  0
LINE
  8
0
 10
-7.64214
 20
2.23599
 11
-7.64088
 21
2.23285
  0
LINE
  8
0
 10
-7.64088
 20
2.23285
 11
-7.63977
 21
2.22966
  0
LINE
  8
0
 10
-7.63977
 20
2.22966
 11
-7.63879
 21
2.22643
  0
LINE
  8
0
 10
-7.63879
 20
2.22643
 11
-7.63795
 21
2.22314
  0
LINE
  8
0
 10
-7.63795
 20
2.22314
 11
-7.63725
 21
2.21983
  0
LINE
  8
0
 10
-7.63725
 20
2.21983
 11
-7.63669
 21
2.21651
  0
LINE
  8
0
 10
-7.63669
 20
2.21651
 11
-7.63626
 21
2.21315
  0
LINE
  8
0
 10
-7.63626
 20
2.21315
 11
-7.63599
 21
2.20978
  0
LINE
  8
0
 10
-7.63599
 20
2.20978
 11
-7.63585
 21
2.20641
  0
LINE
  8
0
 10
-7.63585
 20
2.20641
 11
-7.63585
 21
2.20303
  0
LINE
  8
0
 10
-7.63585
 20
2.20303
 11
-7.63599
 21
2.19965
  0
LINE
  8
0
 10
-7.63599
 20
2.19965
 11
-7.63626
 21
2.19627
  0
LINE
  8
0
 10
-7.63626
 20
2.19627
 11
-7.63669
 21
2.19293
  0
LINE
  8
0
 10
-7.63669
 20
2.19293
 11
-7.63725
 21
2.18959
  0
LINE
  8
0
 10
-7.63725
 20
2.18959
 11
-7.63795
 21
2.18628
  0
LINE
  8
0
 10
-7.63795
 20
2.18628
 11
-7.63879
 21
2.18301
  0
LINE
  8
0
 10
-7.63879
 20
2.18301
 11
-7.63977
 21
2.17978
  0
LINE
  8
0
 10
-7.63977
 20
2.17978
 11
-7.64088
 21
2.17659
  0
LINE
  8
0
 10
-7.64088
 20
2.17659
 11
-7.64214
 21
2.17345
  0
LINE
  8
0
 10
-7.64214
 20
2.17345
 11
-7.64351
 21
2.17035
  0
LINE
  8
0
 10
-7.64351
 20
2.17035
 11
-7.645
 21
2.16733
  0
LINE
  8
0
 10
-7.645
 20
2.16733
 11
-7.64664
 21
2.16437
  0
LINE
  8
0
 10
-7.64664
 20
2.16437
 11
-7.64839
 21
2.16147
  0
LINE
  8
0
 10
-7.64839
 20
2.16147
 11
-7.65025
 21
2.15866
  0
LINE
  8
0
 10
-7.65025
 20
2.15866
 11
-7.65225
 21
2.15591
  0
LINE
  8
0
 10
-7.65225
 20
2.15591
 11
-7.65434
 21
2.15327
  0
LINE
  8
0
 10
-7.65434
 20
2.15327
 11
-7.65656
 21
2.15071
  0
LINE
  8
0
 10
-7.65656
 20
2.15071
 11
-7.65887
 21
2.14825
  0
LINE
  8
0
 10
-7.65887
 20
2.14825
 11
-7.66129
 21
2.14589
  0
LINE
  8
0
 10
-7.66129
 20
2.14589
 11
-7.6638
 21
2.14362
  0
LINE
  8
0
 10
-7.6638
 20
2.14362
 11
-7.6664
 21
2.14146
  0
LINE
  8
0
 10
-7.6664
 20
2.14146
 11
-7.6691
 21
2.13942
  0
LINE
  8
0
 10
-7.6691
 20
2.13942
 11
-7.67188
 21
2.1375
  0
LINE
  8
0
 10
-7.67188
 20
2.1375
 11
-7.67473
 21
2.13568
  0
LINE
  8
0
 10
-7.67473
 20
2.13568
 11
-7.67766
 21
2.13399
  0
LINE
  8
0
 10
-7.67766
 20
2.13399
 11
-7.68065
 21
2.13243
  0
LINE
  8
0
 10
-7.68065
 20
2.13243
 11
-7.6837
 21
2.13098
  0
LINE
  8
0
 10
-7.6837
 20
2.13098
 11
-7.68683
 21
2.12967
  0
LINE
  8
0
 10
-7.68683
 20
2.12967
 11
-7.68999
 21
2.12849
  0
LINE
  8
0
 10
-7.68999
 20
2.12849
 11
-7.69321
 21
2.12746
  0
LINE
  8
0
 10
-7.69321
 20
2.12746
 11
-7.69646
 21
2.12654
  0
LINE
  8
0
 10
-7.69646
 20
2.12654
 11
-7.69975
 21
2.12578
  0
LINE
  8
0
 10
-7.69975
 20
2.12578
 11
-7.70308
 21
2.12514
  0
LINE
  8
0
 10
-7.70308
 20
2.12514
 11
-7.70642
 21
2.12465
  0
LINE
  8
0
 10
-7.70642
 20
2.12465
 11
-7.70978
 21
2.1243
  0
LINE
  8
0
 10
-7.70978
 20
2.1243
 11
-7.71315
 21
2.12408
  0
LINE
  8
0
 10
-7.71315
 20
2.12408
 11
-7.71654
 21
2.12401
  0
LINE
  8
0
 10
-7.71654
 20
2.12401
 11
-7.71991
 21
2.12408
  0
LINE
  8
0
 10
-6.46007
 20
2.12408
 11
-6.46344
 21
2.1243
  0
LINE
  8
0
 10
-6.46344
 20
2.1243
 11
-6.4668
 21
2.12465
  0
LINE
  8
0
 10
-6.4668
 20
2.12465
 11
-6.47015
 21
2.12514
  0
LINE
  8
0
 10
-6.47015
 20
2.12514
 11
-6.47346
 21
2.12578
  0
LINE
  8
0
 10
-6.47346
 20
2.12578
 11
-6.47676
 21
2.12654
  0
LINE
  8
0
 10
-6.47676
 20
2.12654
 11
-6.48001
 21
2.12746
  0
LINE
  8
0
 10
-6.48001
 20
2.12746
 11
-6.48323
 21
2.12849
  0
LINE
  8
0
 10
-6.48323
 20
2.12849
 11
-6.4864
 21
2.12967
  0
LINE
  8
0
 10
-6.4864
 20
2.12967
 11
-6.48952
 21
2.13098
  0
LINE
  8
0
 10
-6.48952
 20
2.13098
 11
-6.49257
 21
2.13243
  0
LINE
  8
0
 10
-6.49257
 20
2.13243
 11
-6.49557
 21
2.13399
  0
LINE
  8
0
 10
-6.49557
 20
2.13399
 11
-6.4985
 21
2.13568
  0
LINE
  8
0
 10
-6.4985
 20
2.13568
 11
-6.50136
 21
2.1375
  0
LINE
  8
0
 10
-6.50136
 20
2.1375
 11
-6.50414
 21
2.13942
  0
LINE
  8
0
 10
-6.50414
 20
2.13942
 11
-6.50682
 21
2.14146
  0
LINE
  8
0
 10
-6.50682
 20
2.14146
 11
-6.50943
 21
2.14362
  0
LINE
  8
0
 10
-6.50943
 20
2.14362
 11
-6.51193
 21
2.14589
  0
LINE
  8
0
 10
-6.51193
 20
2.14589
 11
-6.51436
 21
2.14825
  0
LINE
  8
0
 10
-6.51436
 20
2.14825
 11
-6.51666
 21
2.15071
  0
LINE
  8
0
 10
-6.51666
 20
2.15071
 11
-6.51888
 21
2.15327
  0
LINE
  8
0
 10
-6.51888
 20
2.15327
 11
-6.52098
 21
2.15591
  0
LINE
  8
0
 10
-6.52098
 20
2.15591
 11
-6.52296
 21
2.15866
  0
LINE
  8
0
 10
-6.52296
 20
2.15866
 11
-6.52483
 21
2.16147
  0
LINE
  8
0
 10
-6.52483
 20
2.16147
 11
-6.52658
 21
2.16437
  0
LINE
  8
0
 10
-6.52658
 20
2.16437
 11
-6.52821
 21
2.16733
  0
LINE
  8
0
 10
-6.52821
 20
2.16733
 11
-6.52971
 21
2.17035
  0
LINE
  8
0
 10
-6.52971
 20
2.17035
 11
-6.5311
 21
2.17345
  0
LINE
  8
0
 10
-6.5311
 20
2.17345
 11
-6.53233
 21
2.17659
  0
LINE
  8
0
 10
-6.53233
 20
2.17659
 11
-6.53345
 21
2.17978
  0
LINE
  8
0
 10
-6.53345
 20
2.17978
 11
-6.53442
 21
2.18301
  0
LINE
  8
0
 10
-6.53442
 20
2.18301
 11
-6.53526
 21
2.18628
  0
LINE
  8
0
 10
-6.53526
 20
2.18628
 11
-6.53596
 21
2.18959
  0
LINE
  8
0
 10
-6.53596
 20
2.18959
 11
-6.53653
 21
2.19293
  0
LINE
  8
0
 10
-6.53653
 20
2.19293
 11
-6.53696
 21
2.19627
  0
LINE
  8
0
 10
-6.53696
 20
2.19627
 11
-6.53723
 21
2.19965
  0
LINE
  8
0
 10
-6.53723
 20
2.19965
 11
-6.53738
 21
2.20303
  0
LINE
  8
0
 10
-6.53738
 20
2.20303
 11
-6.53738
 21
2.20641
  0
LINE
  8
0
 10
-6.53738
 20
2.20641
 11
-6.53723
 21
2.20978
  0
LINE
  8
0
 10
-6.53723
 20
2.20978
 11
-6.53696
 21
2.21315
  0
LINE
  8
0
 10
-6.53696
 20
2.21315
 11
-6.53653
 21
2.21651
  0
LINE
  8
0
 10
-6.53653
 20
2.21651
 11
-6.53596
 21
2.21983
  0
LINE
  8
0
 10
-6.53596
 20
2.21983
 11
-6.53526
 21
2.22314
  0
LINE
  8
0
 10
-6.53526
 20
2.22314
 11
-6.53442
 21
2.22643
  0
LINE
  8
0
 10
-6.53442
 20
2.22643
 11
-6.53345
 21
2.22966
  0
LINE
  8
0
 10
-6.53345
 20
2.22966
 11
-6.53233
 21
2.23285
  0
LINE
  8
0
 10
-6.53233
 20
2.23285
 11
-6.5311
 21
2.23599
  0
LINE
  8
0
 10
-6.5311
 20
2.23599
 11
-6.52971
 21
2.23907
  0
LINE
  8
0
 10
-6.52971
 20
2.23907
 11
-6.52821
 21
2.24211
  0
LINE
  8
0
 10
-6.52821
 20
2.24211
 11
-6.52658
 21
2.24507
  0
LINE
  8
0
 10
-6.52658
 20
2.24507
 11
-6.52483
 21
2.24796
  0
LINE
  8
0
 10
-6.52483
 20
2.24796
 11
-6.52296
 21
2.25078
  0
LINE
  8
0
 10
-6.52296
 20
2.25078
 11
-6.52098
 21
2.25351
  0
LINE
  8
0
 10
-6.52098
 20
2.25351
 11
-6.51888
 21
2.25616
  0
LINE
  8
0
 10
-6.51888
 20
2.25616
 11
-6.51666
 21
2.25873
  0
LINE
  8
0
 10
-6.51666
 20
2.25873
 11
-6.51436
 21
2.26118
  0
LINE
  8
0
 10
-6.51436
 20
2.26118
 11
-6.51193
 21
2.26355
  0
LINE
  8
0
 10
-6.51193
 20
2.26355
 11
-6.50943
 21
2.26581
  0
LINE
  8
0
 10
-6.50943
 20
2.26581
 11
-6.50682
 21
2.26797
  0
LINE
  8
0
 10
-6.50682
 20
2.26797
 11
-6.50414
 21
2.27
  0
LINE
  8
0
 10
-6.50414
 20
2.27
 11
-6.50136
 21
2.27194
  0
LINE
  8
0
 10
-6.50136
 20
2.27194
 11
-6.4985
 21
2.27376
  0
LINE
  8
0
 10
-6.4985
 20
2.27376
 11
-6.49557
 21
2.27544
  0
LINE
  8
0
 10
-6.49557
 20
2.27544
 11
-6.49257
 21
2.27701
  0
LINE
  8
0
 10
-6.49257
 20
2.27701
 11
-6.48952
 21
2.27844
  0
LINE
  8
0
 10
-6.48952
 20
2.27844
 11
-6.4864
 21
2.27975
  0
LINE
  8
0
 10
-6.4864
 20
2.27975
 11
-6.48323
 21
2.28093
  0
LINE
  8
0
 10
-6.48323
 20
2.28093
 11
-6.48001
 21
2.28198
  0
LINE
  8
0
 10
-6.48001
 20
2.28198
 11
-6.47676
 21
2.28288
  0
LINE
  8
0
 10
-6.47676
 20
2.28288
 11
-6.47346
 21
2.28366
  0
LINE
  8
0
 10
-6.47346
 20
2.28366
 11
-6.47015
 21
2.2843
  0
LINE
  8
0
 10
-6.47015
 20
2.2843
 11
-6.4668
 21
2.28479
  0
LINE
  8
0
 10
-6.4668
 20
2.28479
 11
-6.46344
 21
2.28514
  0
LINE
  8
0
 10
-6.46344
 20
2.28514
 11
-6.46007
 21
2.28535
  0
LINE
  8
0
 10
-6.46007
 20
2.28535
 11
-6.4567
 21
2.28543
  0
LINE
  8
0
 10
-6.4567
 20
2.28543
 11
-6.45331
 21
2.28535
  0
LINE
  8
0
 10
-6.45331
 20
2.28535
 11
-6.44994
 21
2.28514
  0
LINE
  8
0
 10
-6.44994
 20
2.28514
 11
-6.44658
 21
2.28479
  0
LINE
  8
0
 10
-6.44658
 20
2.28479
 11
-6.44324
 21
2.2843
  0
LINE
  8
0
 10
-6.44324
 20
2.2843
 11
-6.43991
 21
2.28366
  0
LINE
  8
0
 10
-6.43991
 20
2.28366
 11
-6.43661
 21
2.28288
  0
LINE
  8
0
 10
-6.43661
 20
2.28288
 11
-6.43336
 21
2.28198
  0
LINE
  8
0
 10
-6.43336
 20
2.28198
 11
-6.43015
 21
2.28093
  0
LINE
  8
0
 10
-6.43015
 20
2.28093
 11
-6.42697
 21
2.27975
  0
LINE
  8
0
 10
-6.42697
 20
2.27975
 11
-6.42386
 21
2.27844
  0
LINE
  8
0
 10
-6.42386
 20
2.27844
 11
-6.42081
 21
2.27701
  0
LINE
  8
0
 10
-6.42081
 20
2.27701
 11
-6.4178
 21
2.27544
  0
LINE
  8
0
 10
-6.4178
 20
2.27544
 11
-6.41489
 21
2.27376
  0
LINE
  8
0
 10
-6.41489
 20
2.27376
 11
-6.41203
 21
2.27194
  0
LINE
  8
0
 10
-6.41203
 20
2.27194
 11
-6.40926
 21
2.27
  0
LINE
  8
0
 10
-6.40926
 20
2.27
 11
-6.40656
 21
2.26797
  0
LINE
  8
0
 10
-6.40656
 20
2.26797
 11
-6.40395
 21
2.26581
  0
LINE
  8
0
 10
-6.40395
 20
2.26581
 11
-6.40144
 21
2.26355
  0
LINE
  8
0
 10
-6.40144
 20
2.26355
 11
-6.39903
 21
2.26118
  0
LINE
  8
0
 10
-6.39903
 20
2.26118
 11
-6.39671
 21
2.25873
  0
LINE
  8
0
 10
-6.39671
 20
2.25873
 11
-6.3945
 21
2.25616
  0
LINE
  8
0
 10
-6.3945
 20
2.25616
 11
-6.39241
 21
2.25351
  0
LINE
  8
0
 10
-6.39241
 20
2.25351
 11
-6.39041
 21
2.25078
  0
LINE
  8
0
 10
-6.39041
 20
2.25078
 11
-6.38855
 21
2.24796
  0
LINE
  8
0
 10
-6.38855
 20
2.24796
 11
-6.3868
 21
2.24507
  0
LINE
  8
0
 10
-6.3868
 20
2.24507
 11
-6.38516
 21
2.24211
  0
LINE
  8
0
 10
-6.38516
 20
2.24211
 11
-6.38367
 21
2.23907
  0
LINE
  8
0
 10
-6.38367
 20
2.23907
 11
-6.38229
 21
2.23599
  0
LINE
  8
0
 10
-6.38229
 20
2.23599
 11
-6.38104
 21
2.23285
  0
LINE
  8
0
 10
-6.38104
 20
2.23285
 11
-6.37993
 21
2.22966
  0
LINE
  8
0
 10
-6.37993
 20
2.22966
 11
-6.37895
 21
2.22643
  0
LINE
  8
0
 10
-6.37895
 20
2.22643
 11
-6.37811
 21
2.22314
  0
LINE
  8
0
 10
-6.37811
 20
2.22314
 11
-6.37741
 21
2.21983
  0
LINE
  8
0
 10
-6.37741
 20
2.21983
 11
-6.37685
 21
2.21651
  0
LINE
  8
0
 10
-6.37685
 20
2.21651
 11
-6.37642
 21
2.21315
  0
LINE
  8
0
 10
-6.37642
 20
2.21315
 11
-6.37614
 21
2.20978
  0
LINE
  8
0
 10
-6.37614
 20
2.20978
 11
-6.37599
 21
2.20641
  0
LINE
  8
0
 10
-6.37599
 20
2.20641
 11
-6.37599
 21
2.20303
  0
LINE
  8
0
 10
-6.37599
 20
2.20303
 11
-6.37614
 21
2.19965
  0
LINE
  8
0
 10
-6.37614
 20
2.19965
 11
-6.37642
 21
2.19627
  0
LINE
  8
0
 10
-6.37642
 20
2.19627
 11
-6.37685
 21
2.19293
  0
LINE
  8
0
 10
-6.37685
 20
2.19293
 11
-6.37741
 21
2.18959
  0
LINE
  8
0
 10
-6.37741
 20
2.18959
 11
-6.37811
 21
2.18628
  0
LINE
  8
0
 10
-6.37811
 20
2.18628
 11
-6.37895
 21
2.18301
  0
LINE
  8
0
 10
-6.37895
 20
2.18301
 11
-6.37993
 21
2.17978
  0
LINE
  8
0
 10
-6.37993
 20
2.17978
 11
-6.38104
 21
2.17659
  0
LINE
  8
0
 10
-6.38104
 20
2.17659
 11
-6.38229
 21
2.17345
  0
LINE
  8
0
 10
-6.38229
 20
2.17345
 11
-6.38367
 21
2.17035
  0
LINE
  8
0
 10
-6.38367
 20
2.17035
 11
-6.38516
 21
2.16733
  0
LINE
  8
0
 10
-6.38516
 20
2.16733
 11
-6.3868
 21
2.16437
  0
LINE
  8
0
 10
-6.3868
 20
2.16437
 11
-6.38855
 21
2.16147
  0
LINE
  8
0
 10
-6.38855
 20
2.16147
 11
-6.39041
 21
2.15866
  0
LINE
  8
0
 10
-6.39041
 20
2.15866
 11
-6.39241
 21
2.15591
  0
LINE
  8
0
 10
-6.39241
 20
2.15591
 11
-6.3945
 21
2.15327
  0
LINE
  8
0
 10
-6.3945
 20
2.15327
 11
-6.39671
 21
2.15071
  0
LINE
  8
0
 10
-6.39671
 20
2.15071
 11
-6.39903
 21
2.14825
  0
LINE
  8
0
 10
-6.39903
 20
2.14825
 11
-6.40144
 21
2.14589
  0
LINE
  8
0
 10
-6.40144
 20
2.14589
 11
-6.40395
 21
2.14362
  0
LINE
  8
0
 10
-6.40395
 20
2.14362
 11
-6.40656
 21
2.14146
  0
LINE
  8
0
 10
-6.40656
 20
2.14146
 11
-6.40926
 21
2.13942
  0
LINE
  8
0
 10
-6.40926
 20
2.13942
 11
-6.41203
 21
2.1375
  0
LINE
  8
0
 10
-6.41203
 20
2.1375
 11
-6.41489
 21
2.13568
  0
LINE
  8
0
 10
-6.41489
 20
2.13568
 11
-6.4178
 21
2.13399
  0
LINE
  8
0
 10
-6.4178
 20
2.13399
 11
-6.42081
 21
2.13243
  0
LINE
  8
0
 10
-6.42081
 20
2.13243
 11
-6.42386
 21
2.13098
  0
LINE
  8
0
 10
-6.42386
 20
2.13098
 11
-6.42697
 21
2.12967
  0
LINE
  8
0
 10
-6.42697
 20
2.12967
 11
-6.43015
 21
2.12849
  0
LINE
  8
0
 10
-6.43015
 20
2.12849
 11
-6.43336
 21
2.12746
  0
LINE
  8
0
 10
-6.43336
 20
2.12746
 11
-6.43661
 21
2.12654
  0
LINE
  8
0
 10
-6.43661
 20
2.12654
 11
-6.43991
 21
2.12578
  0
LINE
  8
0
 10
-6.43991
 20
2.12578
 11
-6.44324
 21
2.12514
  0
LINE
  8
0
 10
-6.44324
 20
2.12514
 11
-6.44658
 21
2.12465
  0
LINE
  8
0
 10
-6.44658
 20
2.12465
 11
-6.44994
 21
2.1243
  0
LINE
  8
0
 10
-6.44994
 20
2.1243
 11
-6.45331
 21
2.12408
  0
LINE
  8
0
 10
-6.45331
 20
2.12408
 11
-6.4567
 21
2.12401
  0
LINE
  8
0
 10
-6.4567
 20
2.12401
 11
-6.46007
 21
2.12408
  0
LINE
  8
0
 10
-6.46007
 20
1.49416
 11
-6.46344
 21
1.49437
  0
LINE
  8
0
 10
-6.46344
 20
1.49437
 11
-6.4668
 21
1.49472
  0
LINE
  8
0
 10
-6.4668
 20
1.49472
 11
-6.47015
 21
1.49522
  0
LINE
  8
0
 10
-6.47015
 20
1.49522
 11
-6.47346
 21
1.49585
  0
LINE
  8
0
 10
-6.47346
 20
1.49585
 11
-6.47676
 21
1.49663
  0
LINE
  8
0
 10
-6.47676
 20
1.49663
 11
-6.48001
 21
1.49753
  0
LINE
  8
0
 10
-6.48001
 20
1.49753
 11
-6.48323
 21
1.49858
  0
LINE
  8
0
 10
-6.48323
 20
1.49858
 11
-6.4864
 21
1.49976
  0
LINE
  8
0
 10
-6.4864
 20
1.49976
 11
-6.48952
 21
1.50107
  0
LINE
  8
0
 10
-6.48952
 20
1.50107
 11
-6.49257
 21
1.5025
  0
LINE
  8
0
 10
-6.49257
 20
1.5025
 11
-6.49557
 21
1.50407
  0
LINE
  8
0
 10
-6.49557
 20
1.50407
 11
-6.4985
 21
1.50575
  0
LINE
  8
0
 10
-6.4985
 20
1.50575
 11
-6.50136
 21
1.50757
  0
LINE
  8
0
 10
-6.50136
 20
1.50757
 11
-6.50414
 21
1.50951
  0
LINE
  8
0
 10
-6.50414
 20
1.50951
 11
-6.50682
 21
1.51155
  0
LINE
  8
0
 10
-6.50682
 20
1.51155
 11
-6.50943
 21
1.5137
  0
LINE
  8
0
 10
-6.50943
 20
1.5137
 11
-6.51193
 21
1.51596
  0
LINE
  8
0
 10
-6.51193
 20
1.51596
 11
-6.51436
 21
1.51833
  0
LINE
  8
0
 10
-6.51436
 20
1.51833
 11
-6.51666
 21
1.5208
  0
LINE
  8
0
 10
-6.51666
 20
1.5208
 11
-6.51888
 21
1.52335
  0
LINE
  8
0
 10
-6.51888
 20
1.52335
 11
-6.52098
 21
1.526
  0
LINE
  8
0
 10
-6.52098
 20
1.526
 11
-6.52296
 21
1.52873
  0
LINE
  8
0
 10
-6.52296
 20
1.52873
 11
-6.52483
 21
1.53156
  0
LINE
  8
0
 10
-6.52483
 20
1.53156
 11
-6.52658
 21
1.53444
  0
LINE
  8
0
 10
-6.52658
 20
1.53444
 11
-6.52821
 21
1.5374
  0
LINE
  8
0
 10
-6.52821
 20
1.5374
 11
-6.52971
 21
1.54044
  0
LINE
  8
0
 10
-6.52971
 20
1.54044
 11
-6.5311
 21
1.54352
  0
LINE
  8
0
 10
-6.5311
 20
1.54352
 11
-6.53233
 21
1.54666
  0
LINE
  8
0
 10
-6.53233
 20
1.54666
 11
-6.53345
 21
1.54985
  0
LINE
  8
0
 10
-6.53345
 20
1.54985
 11
-6.53442
 21
1.55309
  0
LINE
  8
0
 10
-6.53442
 20
1.55309
 11
-6.53526
 21
1.55637
  0
LINE
  8
0
 10
-6.53526
 20
1.55637
 11
-6.53596
 21
1.55968
  0
LINE
  8
0
 10
-6.53596
 20
1.55968
 11
-6.53653
 21
1.563
  0
LINE
  8
0
 10
-6.53653
 20
1.563
 11
-6.53696
 21
1.56636
  0
LINE
  8
0
 10
-6.53696
 20
1.56636
 11
-6.53723
 21
1.56973
  0
LINE
  8
0
 10
-6.53723
 20
1.56973
 11
-6.53738
 21
1.5731
  0
LINE
  8
0
 10
-6.53738
 20
1.5731
 11
-6.53738
 21
1.57649
  0
LINE
  8
0
 10
-6.53738
 20
1.57649
 11
-6.53723
 21
1.57986
  0
LINE
  8
0
 10
-6.53723
 20
1.57986
 11
-6.53696
 21
1.58324
  0
LINE
  8
0
 10
-6.53696
 20
1.58324
 11
-6.53653
 21
1.58658
  0
LINE
  8
0
 10
-6.53653
 20
1.58658
 11
-6.53596
 21
1.58992
  0
LINE
  8
0
 10
-6.53596
 20
1.58992
 11
-6.53526
 21
1.59323
  0
LINE
  8
0
 10
-6.53526
 20
1.59323
 11
-6.53442
 21
1.5965
  0
LINE
  8
0
 10
-6.53442
 20
1.5965
 11
-6.53345
 21
1.59973
  0
LINE
  8
0
 10
-6.53345
 20
1.59973
 11
-6.53233
 21
1.60292
  0
LINE
  8
0
 10
-6.53233
 20
1.60292
 11
-6.5311
 21
1.60606
  0
LINE
  8
0
 10
-6.5311
 20
1.60606
 11
-6.52971
 21
1.60916
  0
LINE
  8
0
 10
-6.52971
 20
1.60916
 11
-6.52821
 21
1.61218
  0
LINE
  8
0
 10
-6.52821
 20
1.61218
 11
-6.52658
 21
1.61514
  0
LINE
  8
0
 10
-6.52658
 20
1.61514
 11
-6.52483
 21
1.61804
  0
LINE
  8
0
 10
-6.52483
 20
1.61804
 11
-6.52296
 21
1.62085
  0
LINE
  8
0
 10
-6.52296
 20
1.62085
 11
-6.52098
 21
1.6236
  0
LINE
  8
0
 10
-6.52098
 20
1.6236
 11
-6.51888
 21
1.62624
  0
LINE
  8
0
 10
-6.51888
 20
1.62624
 11
-6.51666
 21
1.6288
  0
LINE
  8
0
 10
-6.51666
 20
1.6288
 11
-6.51436
 21
1.63127
  0
LINE
  8
0
 10
-6.51436
 20
1.63127
 11
-6.51193
 21
1.63364
  0
LINE
  8
0
 10
-6.51193
 20
1.63364
 11
-6.50943
 21
1.63589
  0
LINE
  8
0
 10
-6.50943
 20
1.63589
 11
-6.50682
 21
1.63805
  0
LINE
  8
0
 10
-6.50682
 20
1.63805
 11
-6.50414
 21
1.64009
  0
LINE
  8
0
 10
-6.50414
 20
1.64009
 11
-6.50136
 21
1.64201
  0
LINE
  8
0
 10
-6.50136
 20
1.64201
 11
-6.4985
 21
1.64383
  0
LINE
  8
0
 10
-6.4985
 20
1.64383
 11
-6.49557
 21
1.64552
  0
LINE
  8
0
 10
-6.49557
 20
1.64552
 11
-6.49257
 21
1.64709
  0
LINE
  8
0
 10
-6.49257
 20
1.64709
 11
-6.48952
 21
1.64853
  0
LINE
  8
0
 10
-6.48952
 20
1.64853
 11
-6.4864
 21
1.64984
  0
LINE
  8
0
 10
-6.4864
 20
1.64984
 11
-6.48323
 21
1.65102
  0
LINE
  8
0
 10
-6.48323
 20
1.65102
 11
-6.48001
 21
1.65205
  0
LINE
  8
0
 10
-6.48001
 20
1.65205
 11
-6.47676
 21
1.65297
  0
LINE
  8
0
 10
-6.47676
 20
1.65297
 11
-6.47346
 21
1.65375
  0
LINE
  8
0
 10
-6.47346
 20
1.65375
 11
-6.47015
 21
1.65437
  0
LINE
  8
0
 10
-6.47015
 20
1.65437
 11
-6.4668
 21
1.65486
  0
LINE
  8
0
 10
-6.4668
 20
1.65486
 11
-6.46344
 21
1.65523
  0
LINE
  8
0
 10
-6.46344
 20
1.65523
 11
-6.46007
 21
1.65543
  0
LINE
  8
0
 10
-6.46007
 20
1.65543
 11
-6.4567
 21
1.6555
  0
LINE
  8
0
 10
-6.4567
 20
1.6555
 11
-6.45331
 21
1.65543
  0
LINE
  8
0
 10
-6.45331
 20
1.65543
 11
-6.44994
 21
1.65523
  0
LINE
  8
0
 10
-6.44994
 20
1.65523
 11
-6.44658
 21
1.65486
  0
LINE
  8
0
 10
-6.44658
 20
1.65486
 11
-6.44324
 21
1.65437
  0
LINE
  8
0
 10
-6.44324
 20
1.65437
 11
-6.43991
 21
1.65375
  0
LINE
  8
0
 10
-6.43991
 20
1.65375
 11
-6.43661
 21
1.65297
  0
LINE
  8
0
 10
-6.43661
 20
1.65297
 11
-6.43336
 21
1.65205
  0
LINE
  8
0
 10
-6.43336
 20
1.65205
 11
-6.43015
 21
1.65102
  0
LINE
  8
0
 10
-6.43015
 20
1.65102
 11
-6.42697
 21
1.64984
  0
LINE
  8
0
 10
-6.42697
 20
1.64984
 11
-6.42386
 21
1.64853
  0
LINE
  8
0
 10
-6.42386
 20
1.64853
 11
-6.42081
 21
1.64709
  0
LINE
  8
0
 10
-6.42081
 20
1.64709
 11
-6.4178
 21
1.64552
  0
LINE
  8
0
 10
-6.4178
 20
1.64552
 11
-6.41489
 21
1.64383
  0
LINE
  8
0
 10
-6.41489
 20
1.64383
 11
-6.41203
 21
1.64201
  0
LINE
  8
0
 10
-6.41203
 20
1.64201
 11
-6.40926
 21
1.64009
  0
LINE
  8
0
 10
-6.40926
 20
1.64009
 11
-6.40656
 21
1.63805
  0
LINE
  8
0
 10
-6.40656
 20
1.63805
 11
-6.40395
 21
1.63589
  0
LINE
  8
0
 10
-6.40395
 20
1.63589
 11
-6.40144
 21
1.63364
  0
LINE
  8
0
 10
-6.40144
 20
1.63364
 11
-6.39903
 21
1.63127
  0
LINE
  8
0
 10
-6.39903
 20
1.63127
 11
-6.39671
 21
1.6288
  0
LINE
  8
0
 10
-6.39671
 20
1.6288
 11
-6.3945
 21
1.62624
  0
LINE
  8
0
 10
-6.3945
 20
1.62624
 11
-6.39241
 21
1.6236
  0
LINE
  8
0
 10
-6.39241
 20
1.6236
 11
-6.39041
 21
1.62085
  0
LINE
  8
0
 10
-6.39041
 20
1.62085
 11
-6.38855
 21
1.61804
  0
LINE
  8
0
 10
-6.38855
 20
1.61804
 11
-6.3868
 21
1.61514
  0
LINE
  8
0
 10
-6.3868
 20
1.61514
 11
-6.38516
 21
1.61218
  0
LINE
  8
0
 10
-6.38516
 20
1.61218
 11
-6.38367
 21
1.60916
  0
LINE
  8
0
 10
-6.38367
 20
1.60916
 11
-6.38229
 21
1.60606
  0
LINE
  8
0
 10
-6.38229
 20
1.60606
 11
-6.38104
 21
1.60292
  0
LINE
  8
0
 10
-6.38104
 20
1.60292
 11
-6.37993
 21
1.59973
  0
LINE
  8
0
 10
-6.37993
 20
1.59973
 11
-6.37895
 21
1.5965
  0
LINE
  8
0
 10
-6.37895
 20
1.5965
 11
-6.37811
 21
1.59323
  0
LINE
  8
0
 10
-6.37811
 20
1.59323
 11
-6.37741
 21
1.58992
  0
LINE
  8
0
 10
-6.37741
 20
1.58992
 11
-6.37685
 21
1.58658
  0
LINE
  8
0
 10
-6.37685
 20
1.58658
 11
-6.37642
 21
1.58324
  0
LINE
  8
0
 10
-6.37642
 20
1.58324
 11
-6.37614
 21
1.57986
  0
LINE
  8
0
 10
-6.37614
 20
1.57986
 11
-6.37599
 21
1.57649
  0
LINE
  8
0
 10
-6.37599
 20
1.57649
 11
-6.37599
 21
1.5731
  0
LINE
  8
0
 10
-6.37599
 20
1.5731
 11
-6.37614
 21
1.56973
  0
LINE
  8
0
 10
-6.37614
 20
1.56973
 11
-6.37642
 21
1.56636
  0
LINE
  8
0
 10
-6.37642
 20
1.56636
 11
-6.37685
 21
1.563
  0
LINE
  8
0
 10
-6.37685
 20
1.563
 11
-6.37741
 21
1.55968
  0
LINE
  8
0
 10
-6.37741
 20
1.55968
 11
-6.37811
 21
1.55637
  0
LINE
  8
0
 10
-6.37811
 20
1.55637
 11
-6.37895
 21
1.55309
  0
LINE
  8
0
 10
-6.37895
 20
1.55309
 11
-6.37993
 21
1.54985
  0
LINE
  8
0
 10
-6.37993
 20
1.54985
 11
-6.38104
 21
1.54666
  0
LINE
  8
0
 10
-6.38104
 20
1.54666
 11
-6.38229
 21
1.54352
  0
LINE
  8
0
 10
-6.38229
 20
1.54352
 11
-6.38367
 21
1.54044
  0
LINE
  8
0
 10
-6.38367
 20
1.54044
 11
-6.38516
 21
1.5374
  0
LINE
  8
0
 10
-6.38516
 20
1.5374
 11
-6.3868
 21
1.53444
  0
LINE
  8
0
 10
-6.3868
 20
1.53444
 11
-6.38855
 21
1.53156
  0
LINE
  8
0
 10
-6.38855
 20
1.53156
 11
-6.39041
 21
1.52873
  0
LINE
  8
0
 10
-6.39041
 20
1.52873
 11
-6.39241
 21
1.526
  0
LINE
  8
0
 10
-6.39241
 20
1.526
 11
-6.3945
 21
1.52335
  0
LINE
  8
0
 10
-6.3945
 20
1.52335
 11
-6.39671
 21
1.5208
  0
LINE
  8
0
 10
-6.39671
 20
1.5208
 11
-6.39903
 21
1.51833
  0
LINE
  8
0
 10
-6.39903
 20
1.51833
 11
-6.40144
 21
1.51596
  0
LINE
  8
0
 10
-6.40144
 20
1.51596
 11
-6.40395
 21
1.5137
  0
LINE
  8
0
 10
-6.40395
 20
1.5137
 11
-6.40656
 21
1.51155
  0
LINE
  8
0
 10
-6.40656
 20
1.51155
 11
-6.40926
 21
1.50951
  0
LINE
  8
0
 10
-6.40926
 20
1.50951
 11
-6.41203
 21
1.50757
  0
LINE
  8
0
 10
-6.41203
 20
1.50757
 11
-6.41489
 21
1.50575
  0
LINE
  8
0
 10
-6.41489
 20
1.50575
 11
-6.4178
 21
1.50407
  0
LINE
  8
0
 10
-6.4178
 20
1.50407
 11
-6.42081
 21
1.5025
  0
LINE
  8
0
 10
-6.42081
 20
1.5025
 11
-6.42386
 21
1.50107
  0
LINE
  8
0
 10
-6.42386
 20
1.50107
 11
-6.42697
 21
1.49976
  0
LINE
  8
0
 10
-6.42697
 20
1.49976
 11
-6.43015
 21
1.49858
  0
LINE
  8
0
 10
-6.43015
 20
1.49858
 11
-6.43336
 21
1.49753
  0
LINE
  8
0
 10
-6.43336
 20
1.49753
 11
-6.43661
 21
1.49663
  0
LINE
  8
0
 10
-6.43661
 20
1.49663
 11
-6.43991
 21
1.49585
  0
LINE
  8
0
 10
-6.43991
 20
1.49585
 11
-6.44324
 21
1.49522
  0
LINE
  8
0
 10
-6.44324
 20
1.49522
 11
-6.44658
 21
1.49472
  0
LINE
  8
0
 10
-6.44658
 20
1.49472
 11
-6.44994
 21
1.49437
  0
LINE
  8
0
 10
-6.44994
 20
1.49437
 11
-6.45331
 21
1.49416
  0
LINE
  8
0
 10
-6.45331
 20
1.49416
 11
-6.4567
 21
1.49408
  0
LINE
  8
0
 10
-6.4567
 20
1.49408
 11
-6.46007
 21
1.49416
  0
LINE
  8
0
 10
-7.71991
 20
1.49416
 11
-7.72328
 21
1.49437
  0
LINE
  8
0
 10
-7.72328
 20
1.49437
 11
-7.72665
 21
1.49472
  0
LINE
  8
0
 10
-7.72665
 20
1.49472
 11
-7.73
 21
1.49522
  0
LINE
  8
0
 10
-7.73
 20
1.49522
 11
-7.73331
 21
1.49585
  0
LINE
  8
0
 10
-7.73331
 20
1.49585
 11
-7.7366
 21
1.49663
  0
LINE
  8
0
 10
-7.7366
 20
1.49663
 11
-7.73985
 21
1.49753
  0
LINE
  8
0
 10
-7.73985
 20
1.49753
 11
-7.74307
 21
1.49858
  0
LINE
  8
0
 10
-7.74307
 20
1.49858
 11
-7.74625
 21
1.49976
  0
LINE
  8
0
 10
-7.74625
 20
1.49976
 11
-7.74936
 21
1.50107
  0
LINE
  8
0
 10
-7.74936
 20
1.50107
 11
-7.75241
 21
1.5025
  0
LINE
  8
0
 10
-7.75241
 20
1.5025
 11
-7.75542
 21
1.50407
  0
LINE
  8
0
 10
-7.75542
 20
1.50407
 11
-7.75835
 21
1.50575
  0
LINE
  8
0
 10
-7.75835
 20
1.50575
 11
-7.7612
 21
1.50757
  0
LINE
  8
0
 10
-7.7612
 20
1.50757
 11
-7.76398
 21
1.50951
  0
LINE
  8
0
 10
-7.76398
 20
1.50951
 11
-7.76666
 21
1.51155
  0
LINE
  8
0
 10
-7.76666
 20
1.51155
 11
-7.76927
 21
1.5137
  0
LINE
  8
0
 10
-7.76927
 20
1.5137
 11
-7.77177
 21
1.51596
  0
LINE
  8
0
 10
-7.77177
 20
1.51596
 11
-7.7742
 21
1.51833
  0
LINE
  8
0
 10
-7.7742
 20
1.51833
 11
-7.7765
 21
1.5208
  0
LINE
  8
0
 10
-7.7765
 20
1.5208
 11
-7.77872
 21
1.52335
  0
LINE
  8
0
 10
-7.77872
 20
1.52335
 11
-7.78082
 21
1.526
  0
LINE
  8
0
 10
-7.78082
 20
1.526
 11
-7.78281
 21
1.52873
  0
LINE
  8
0
 10
-7.78281
 20
1.52873
 11
-7.78468
 21
1.53156
  0
LINE
  8
0
 10
-7.78468
 20
1.53156
 11
-7.78642
 21
1.53444
  0
LINE
  8
0
 10
-7.78642
 20
1.53444
 11
-7.78806
 21
1.5374
  0
LINE
  8
0
 10
-7.78806
 20
1.5374
 11
-7.78957
 21
1.54044
  0
LINE
  8
0
 10
-7.78957
 20
1.54044
 11
-7.79094
 21
1.54352
  0
LINE
  8
0
 10
-7.79094
 20
1.54352
 11
-7.79218
 21
1.54666
  0
LINE
  8
0
 10
-7.79218
 20
1.54666
 11
-7.79329
 21
1.54985
  0
LINE
  8
0
 10
-7.79329
 20
1.54985
 11
-7.79427
 21
1.55309
  0
LINE
  8
0
 10
-7.79427
 20
1.55309
 11
-7.7951
 21
1.55637
  0
LINE
  8
0
 10
-7.7951
 20
1.55637
 11
-7.79581
 21
1.55968
  0
LINE
  8
0
 10
-7.79581
 20
1.55968
 11
-7.79637
 21
1.563
  0
LINE
  8
0
 10
-7.79637
 20
1.563
 11
-7.7968
 21
1.56636
  0
LINE
  8
0
 10
-7.7968
 20
1.56636
 11
-7.79709
 21
1.56973
  0
LINE
  8
0
 10
-7.79709
 20
1.56973
 11
-7.79723
 21
1.5731
  0
LINE
  8
0
 10
-7.79723
 20
1.5731
 11
-7.79723
 21
1.57649
  0
LINE
  8
0
 10
-7.79723
 20
1.57649
 11
-7.79709
 21
1.57986
  0
LINE
  8
0
 10
-7.79709
 20
1.57986
 11
-7.7968
 21
1.58324
  0
LINE
  8
0
 10
-7.7968
 20
1.58324
 11
-7.79637
 21
1.58658
  0
LINE
  8
0
 10
-7.79637
 20
1.58658
 11
-7.79581
 21
1.58992
  0
LINE
  8
0
 10
-7.79581
 20
1.58992
 11
-7.7951
 21
1.59323
  0
LINE
  8
0
 10
-7.7951
 20
1.59323
 11
-7.79427
 21
1.5965
  0
LINE
  8
0
 10
-7.79427
 20
1.5965
 11
-7.79329
 21
1.59973
  0
LINE
  8
0
 10
-7.79329
 20
1.59973
 11
-7.79218
 21
1.60292
  0
LINE
  8
0
 10
-7.79218
 20
1.60292
 11
-7.79094
 21
1.60606
  0
LINE
  8
0
 10
-7.79094
 20
1.60606
 11
-7.78957
 21
1.60916
  0
LINE
  8
0
 10
-7.78957
 20
1.60916
 11
-7.78806
 21
1.61218
  0
LINE
  8
0
 10
-7.78806
 20
1.61218
 11
-7.78642
 21
1.61514
  0
LINE
  8
0
 10
-7.78642
 20
1.61514
 11
-7.78468
 21
1.61804
  0
LINE
  8
0
 10
-7.78468
 20
1.61804
 11
-7.78281
 21
1.62085
  0
LINE
  8
0
 10
-7.78281
 20
1.62085
 11
-7.78082
 21
1.6236
  0
LINE
  8
0
 10
-7.78082
 20
1.6236
 11
-7.77872
 21
1.62624
  0
LINE
  8
0
 10
-7.77872
 20
1.62624
 11
-7.7765
 21
1.6288
  0
LINE
  8
0
 10
-7.7765
 20
1.6288
 11
-7.7742
 21
1.63127
  0
LINE
  8
0
 10
-7.7742
 20
1.63127
 11
-7.77177
 21
1.63364
  0
LINE
  8
0
 10
-7.77177
 20
1.63364
 11
-7.76927
 21
1.63589
  0
LINE
  8
0
 10
-7.76927
 20
1.63589
 11
-7.76666
 21
1.63805
  0
LINE
  8
0
 10
-7.76666
 20
1.63805
 11
-7.76398
 21
1.64009
  0
LINE
  8
0
 10
-7.76398
 20
1.64009
 11
-7.7612
 21
1.64201
  0
LINE
  8
0
 10
-7.7612
 20
1.64201
 11
-7.75835
 21
1.64383
  0
LINE
  8
0
 10
-7.75835
 20
1.64383
 11
-7.75542
 21
1.64552
  0
LINE
  8
0
 10
-7.75542
 20
1.64552
 11
-7.75241
 21
1.64709
  0
LINE
  8
0
 10
-7.75241
 20
1.64709
 11
-7.74936
 21
1.64853
  0
LINE
  8
0
 10
-7.74936
 20
1.64853
 11
-7.74625
 21
1.64984
  0
LINE
  8
0
 10
-7.74625
 20
1.64984
 11
-7.74307
 21
1.65102
  0
LINE
  8
0
 10
-7.74307
 20
1.65102
 11
-7.73985
 21
1.65205
  0
LINE
  8
0
 10
-7.73985
 20
1.65205
 11
-7.7366
 21
1.65297
  0
LINE
  8
0
 10
-7.7366
 20
1.65297
 11
-7.73331
 21
1.65375
  0
LINE
  8
0
 10
-7.73331
 20
1.65375
 11
-7.73
 21
1.65437
  0
LINE
  8
0
 10
-7.73
 20
1.65437
 11
-7.72665
 21
1.65486
  0
LINE
  8
0
 10
-7.72665
 20
1.65486
 11
-7.72328
 21
1.65523
  0
LINE
  8
0
 10
-7.72328
 20
1.65523
 11
-7.71991
 21
1.65543
  0
LINE
  8
0
 10
-7.71991
 20
1.65543
 11
-7.71654
 21
1.6555
  0
LINE
  8
0
 10
-7.71654
 20
1.6555
 11
-7.71315
 21
1.65543
  0
LINE
  8
0
 10
-7.71315
 20
1.65543
 11
-7.70978
 21
1.65523
  0
LINE
  8
0
 10
-7.70978
 20
1.65523
 11
-7.70642
 21
1.65486
  0
LINE
  8
0
 10
-7.70642
 20
1.65486
 11
-7.70308
 21
1.65437
  0
LINE
  8
0
 10
-7.70308
 20
1.65437
 11
-7.69975
 21
1.65375
  0
LINE
  8
0
 10
-7.69975
 20
1.65375
 11
-7.69646
 21
1.65297
  0
LINE
  8
0
 10
-7.69646
 20
1.65297
 11
-7.69321
 21
1.65205
  0
LINE
  8
0
 10
-7.69321
 20
1.65205
 11
-7.68999
 21
1.65102
  0
LINE
  8
0
 10
-7.68999
 20
1.65102
 11
-7.68683
 21
1.64984
  0
LINE
  8
0
 10
-7.68683
 20
1.64984
 11
-7.6837
 21
1.64853
  0
LINE
  8
0
 10
-7.6837
 20
1.64853
 11
-7.68065
 21
1.64709
  0
LINE
  8
0
 10
-7.68065
 20
1.64709
 11
-7.67766
 21
1.64552
  0
LINE
  8
0
 10
-7.67766
 20
1.64552
 11
-7.67473
 21
1.64383
  0
LINE
  8
0
 10
-7.67473
 20
1.64383
 11
-7.67188
 21
1.64201
  0
LINE
  8
0
 10
-7.67188
 20
1.64201
 11
-7.6691
 21
1.64009
  0
LINE
  8
0
 10
-7.6691
 20
1.64009
 11
-7.6664
 21
1.63805
  0
LINE
  8
0
 10
-7.6664
 20
1.63805
 11
-7.6638
 21
1.63589
  0
LINE
  8
0
 10
-7.6638
 20
1.63589
 11
-7.66129
 21
1.63364
  0
LINE
  8
0
 10
-7.66129
 20
1.63364
 11
-7.65887
 21
1.63127
  0
LINE
  8
0
 10
-7.65887
 20
1.63127
 11
-7.65656
 21
1.6288
  0
LINE
  8
0
 10
-7.65656
 20
1.6288
 11
-7.65434
 21
1.62624
  0
LINE
  8
0
 10
-7.65434
 20
1.62624
 11
-7.65225
 21
1.6236
  0
LINE
  8
0
 10
-7.65225
 20
1.6236
 11
-7.65025
 21
1.62085
  0
LINE
  8
0
 10
-7.65025
 20
1.62085
 11
-7.64839
 21
1.61804
  0
LINE
  8
0
 10
-7.64839
 20
1.61804
 11
-7.64664
 21
1.61514
  0
LINE
  8
0
 10
-7.64664
 20
1.61514
 11
-7.645
 21
1.61218
  0
LINE
  8
0
 10
-7.645
 20
1.61218
 11
-7.64351
 21
1.60916
  0
LINE
  8
0
 10
-7.64351
 20
1.60916
 11
-7.64214
 21
1.60606
  0
LINE
  8
0
 10
-7.64214
 20
1.60606
 11
-7.64088
 21
1.60292
  0
LINE
  8
0
 10
-7.64088
 20
1.60292
 11
-7.63977
 21
1.59973
  0
LINE
  8
0
 10
-7.63977
 20
1.59973
 11
-7.63879
 21
1.5965
  0
LINE
  8
0
 10
-7.63879
 20
1.5965
 11
-7.63795
 21
1.59323
  0
LINE
  8
0
 10
-7.63795
 20
1.59323
 11
-7.63725
 21
1.58992
  0
LINE
  8
0
 10
-7.63725
 20
1.58992
 11
-7.63669
 21
1.58658
  0
LINE
  8
0
 10
-7.63669
 20
1.58658
 11
-7.63626
 21
1.58324
  0
LINE
  8
0
 10
-7.63626
 20
1.58324
 11
-7.63599
 21
1.57986
  0
LINE
  8
0
 10
-7.63599
 20
1.57986
 11
-7.63585
 21
1.57649
  0
LINE
  8
0
 10
-7.63585
 20
1.57649
 11
-7.63585
 21
1.5731
  0
LINE
  8
0
 10
-7.63585
 20
1.5731
 11
-7.63599
 21
1.56973
  0
LINE
  8
0
 10
-7.63599
 20
1.56973
 11
-7.63626
 21
1.56636
  0
LINE
  8
0
 10
-7.63626
 20
1.56636
 11
-7.63669
 21
1.563
  0
LINE
  8
0
 10
-7.63669
 20
1.563
 11
-7.63725
 21
1.55968
  0
LINE
  8
0
 10
-7.63725
 20
1.55968
 11
-7.63795
 21
1.55637
  0
LINE
  8
0
 10
-7.63795
 20
1.55637
 11
-7.63879
 21
1.55309
  0
LINE
  8
0
 10
-7.63879
 20
1.55309
 11
-7.63977
 21
1.54985
  0
LINE
  8
0
 10
-7.63977
 20
1.54985
 11
-7.64088
 21
1.54666
  0
LINE
  8
0
 10
-7.64088
 20
1.54666
 11
-7.64214
 21
1.54352
  0
LINE
  8
0
 10
-7.64214
 20
1.54352
 11
-7.64351
 21
1.54044
  0
LINE
  8
0
 10
-7.64351
 20
1.54044
 11
-7.645
 21
1.5374
  0
LINE
  8
0
 10
-7.645
 20
1.5374
 11
-7.64664
 21
1.53444
  0
LINE
  8
0
 10
-7.64664
 20
1.53444
 11
-7.64839
 21
1.53156
  0
LINE
  8
0
 10
-7.64839
 20
1.53156
 11
-7.65025
 21
1.52873
  0
LINE
  8
0
 10
-7.65025
 20
1.52873
 11
-7.65225
 21
1.526
  0
LINE
  8
0
 10
-7.65225
 20
1.526
 11
-7.65434
 21
1.52335
  0
LINE
  8
0
 10
-7.65434
 20
1.52335
 11
-7.65656
 21
1.5208
  0
LINE
  8
0
 10
-7.65656
 20
1.5208
 11
-7.65887
 21
1.51833
  0
LINE
  8
0
 10
-7.65887
 20
1.51833
 11
-7.66129
 21
1.51596
  0
LINE
  8
0
 10
-7.66129
 20
1.51596
 11
-7.6638
 21
1.5137
  0
LINE
  8
0
 10
-7.6638
 20
1.5137
 11
-7.6664
 21
1.51155
  0
LINE
  8
0
 10
-7.6664
 20
1.51155
 11
-7.6691
 21
1.50951
  0
LINE
  8
0
 10
-7.6691
 20
1.50951
 11
-7.67188
 21
1.50757
  0
LINE
  8
0
 10
-7.67188
 20
1.50757
 11
-7.67473
 21
1.50575
  0
LINE
  8
0
 10
-7.67473
 20
1.50575
 11
-7.67766
 21
1.50407
  0
LINE
  8
0
 10
-7.67766
 20
1.50407
 11
-7.68065
 21
1.5025
  0
LINE
  8
0
 10
-7.68065
 20
1.5025
 11
-7.6837
 21
1.50107
  0
LINE
  8
0
 10
-7.6837
 20
1.50107
 11
-7.68683
 21
1.49976
  0
LINE
  8
0
 10
-7.68683
 20
1.49976
 11
-7.68999
 21
1.49858
  0
LINE
  8
0
 10
-7.68999
 20
1.49858
 11
-7.69321
 21
1.49753
  0
LINE
  8
0
 10
-7.69321
 20
1.49753
 11
-7.69646
 21
1.49663
  0
LINE
  8
0
 10
-7.69646
 20
1.49663
 11
-7.69975
 21
1.49585
  0
LINE
  8
0
 10
-7.69975
 20
1.49585
 11
-7.70308
 21
1.49522
  0
LINE
  8
0
 10
-7.70308
 20
1.49522
 11
-7.70642
 21
1.49472
  0
LINE
  8
0
 10
-7.70642
 20
1.49472
 11
-7.70978
 21
1.49437
  0
LINE
  8
0
 10
-7.70978
 20
1.49437
 11
-7.71315
 21
1.49416
  0
LINE
  8
0
 10
-7.71315
 20
1.49416
 11
-7.71654
 21
1.49408
  0
LINE
  8
0
 10
-7.71654
 20
1.49408
 11
-7.71991
 21
1.49416
  0
LINE
  8
0
 10
7.71315
 20
1.49416
 11
7.70978
 21
1.49437
  0
LINE
  8
0
 10
7.70978
 20
1.49437
 11
7.70642
 21
1.49472
  0
LINE
  8
0
 10
7.70642
 20
1.49472
 11
7.70308
 21
1.49522
  0
LINE
  8
0
 10
7.70308
 20
1.49522
 11
7.69975
 21
1.49585
  0
LINE
  8
0
 10
7.69975
 20
1.49585
 11
7.69646
 21
1.49663
  0
LINE
  8
0
 10
7.69646
 20
1.49663
 11
7.69321
 21
1.49753
  0
LINE
  8
0
 10
7.69321
 20
1.49753
 11
7.68999
 21
1.49858
  0
LINE
  8
0
 10
7.68999
 20
1.49858
 11
7.68683
 21
1.49976
  0
LINE
  8
0
 10
7.68683
 20
1.49976
 11
7.6837
 21
1.50107
  0
LINE
  8
0
 10
7.6837
 20
1.50107
 11
7.68065
 21
1.5025
  0
LINE
  8
0
 10
7.68065
 20
1.5025
 11
7.67766
 21
1.50407
  0
LINE
  8
0
 10
7.67766
 20
1.50407
 11
7.67473
 21
1.50575
  0
LINE
  8
0
 10
7.67473
 20
1.50575
 11
7.67188
 21
1.50757
  0
LINE
  8
0
 10
7.67188
 20
1.50757
 11
7.6691
 21
1.50951
  0
LINE
  8
0
 10
7.6691
 20
1.50951
 11
7.6664
 21
1.51155
  0
LINE
  8
0
 10
7.6664
 20
1.51155
 11
7.6638
 21
1.5137
  0
LINE
  8
0
 10
7.6638
 20
1.5137
 11
7.66129
 21
1.51596
  0
LINE
  8
0
 10
7.66129
 20
1.51596
 11
7.65887
 21
1.51833
  0
LINE
  8
0
 10
7.65887
 20
1.51833
 11
7.65656
 21
1.5208
  0
LINE
  8
0
 10
7.65656
 20
1.5208
 11
7.65434
 21
1.52335
  0
LINE
  8
0
 10
7.65434
 20
1.52335
 11
7.65225
 21
1.526
  0
LINE
  8
0
 10
7.65225
 20
1.526
 11
7.65025
 21
1.52873
  0
LINE
  8
0
 10
7.65025
 20
1.52873
 11
7.64839
 21
1.53156
  0
LINE
  8
0
 10
7.64839
 20
1.53156
 11
7.64664
 21
1.53444
  0
LINE
  8
0
 10
7.64664
 20
1.53444
 11
7.645
 21
1.5374
  0
LINE
  8
0
 10
7.645
 20
1.5374
 11
7.64351
 21
1.54044
  0
LINE
  8
0
 10
7.64351
 20
1.54044
 11
7.64214
 21
1.54352
  0
LINE
  8
0
 10
7.64214
 20
1.54352
 11
7.64088
 21
1.54666
  0
LINE
  8
0
 10
7.64088
 20
1.54666
 11
7.63977
 21
1.54985
  0
LINE
  8
0
 10
7.63977
 20
1.54985
 11
7.63879
 21
1.55309
  0
LINE
  8
0
 10
7.63879
 20
1.55309
 11
7.63795
 21
1.55637
  0
LINE
  8
0
 10
7.63795
 20
1.55637
 11
7.63725
 21
1.55968
  0
LINE
  8
0
 10
7.63725
 20
1.55968
 11
7.63669
 21
1.563
  0
LINE
  8
0
 10
7.63669
 20
1.563
 11
7.63626
 21
1.56636
  0
LINE
  8
0
 10
7.63626
 20
1.56636
 11
7.63599
 21
1.56973
  0
LINE
  8
0
 10
7.63599
 20
1.56973
 11
7.63585
 21
1.5731
  0
LINE
  8
0
 10
7.63585
 20
1.5731
 11
7.63585
 21
1.57649
  0
LINE
  8
0
 10
7.63585
 20
1.57649
 11
7.63599
 21
1.57986
  0
LINE
  8
0
 10
7.63599
 20
1.57986
 11
7.63626
 21
1.58324
  0
LINE
  8
0
 10
7.63626
 20
1.58324
 11
7.63669
 21
1.58658
  0
LINE
  8
0
 10
7.63669
 20
1.58658
 11
7.63725
 21
1.58992
  0
LINE
  8
0
 10
7.63725
 20
1.58992
 11
7.63795
 21
1.59323
  0
LINE
  8
0
 10
7.63795
 20
1.59323
 11
7.63879
 21
1.5965
  0
LINE
  8
0
 10
7.63879
 20
1.5965
 11
7.63977
 21
1.59973
  0
LINE
  8
0
 10
7.63977
 20
1.59973
 11
7.64088
 21
1.60292
  0
LINE
  8
0
 10
7.64088
 20
1.60292
 11
7.64214
 21
1.60606
  0
LINE
  8
0
 10
7.64214
 20
1.60606
 11
7.64351
 21
1.60916
  0
LINE
  8
0
 10
7.64351
 20
1.60916
 11
7.645
 21
1.61218
  0
LINE
  8
0
 10
7.645
 20
1.61218
 11
7.64664
 21
1.61514
  0
LINE
  8
0
 10
7.64664
 20
1.61514
 11
7.64839
 21
1.61804
  0
LINE
  8
0
 10
7.64839
 20
1.61804
 11
7.65025
 21
1.62085
  0
LINE
  8
0
 10
7.65025
 20
1.62085
 11
7.65225
 21
1.6236
  0
LINE
  8
0
 10
7.65225
 20
1.6236
 11
7.65434
 21
1.62624
  0
LINE
  8
0
 10
7.65434
 20
1.62624
 11
7.65656
 21
1.6288
  0
LINE
  8
0
 10
7.65656
 20
1.6288
 11
7.65887
 21
1.63127
  0
LINE
  8
0
 10
7.65887
 20
1.63127
 11
7.66129
 21
1.63364
  0
LINE
  8
0
 10
7.66129
 20
1.63364
 11
7.6638
 21
1.63589
  0
LINE
  8
0
 10
7.6638
 20
1.63589
 11
7.6664
 21
1.63805
  0
LINE
  8
0
 10
7.6664
 20
1.63805
 11
7.6691
 21
1.64009
  0
LINE
  8
0
 10
7.6691
 20
1.64009
 11
7.67188
 21
1.64201
  0
LINE
  8
0
 10
7.67188
 20
1.64201
 11
7.67473
 21
1.64383
  0
LINE
  8
0
 10
7.67473
 20
1.64383
 11
7.67766
 21
1.64552
  0
LINE
  8
0
 10
7.67766
 20
1.64552
 11
7.68065
 21
1.64709
  0
LINE
  8
0
 10
7.68065
 20
1.64709
 11
7.6837
 21
1.64853
  0
LINE
  8
0
 10
7.6837
 20
1.64853
 11
7.68683
 21
1.64984
  0
LINE
  8
0
 10
7.68683
 20
1.64984
 11
7.68999
 21
1.65102
  0
LINE
  8
0
 10
7.68999
 20
1.65102
 11
7.69321
 21
1.65205
  0
LINE
  8
0
 10
7.69321
 20
1.65205
 11
7.69646
 21
1.65297
  0
LINE
  8
0
 10
7.69646
 20
1.65297
 11
7.69975
 21
1.65375
  0
LINE
  8
0
 10
7.69975
 20
1.65375
 11
7.70308
 21
1.65437
  0
LINE
  8
0
 10
7.70308
 20
1.65437
 11
7.70642
 21
1.65486
  0
LINE
  8
0
 10
7.70642
 20
1.65486
 11
7.70978
 21
1.65523
  0
LINE
  8
0
 10
7.70978
 20
1.65523
 11
7.71315
 21
1.65543
  0
LINE
  8
0
 10
7.71315
 20
1.65543
 11
7.71654
 21
1.6555
  0
LINE
  8
0
 10
7.71654
 20
1.6555
 11
7.71991
 21
1.65543
  0
LINE
  8
0
 10
7.71991
 20
1.65543
 11
7.72328
 21
1.65523
  0
LINE
  8
0
 10
7.72328
 20
1.65523
 11
7.72665
 21
1.65486
  0
LINE
  8
0
 10
7.72665
 20
1.65486
 11
7.73
 21
1.65437
  0
LINE
  8
0
 10
7.73
 20
1.65437
 11
7.73331
 21
1.65375
  0
LINE
  8
0
 10
7.73331
 20
1.65375
 11
7.7366
 21
1.65297
  0
LINE
  8
0
 10
7.7366
 20
1.65297
 11
7.73985
 21
1.65205
  0
LINE
  8
0
 10
7.73985
 20
1.65205
 11
7.74307
 21
1.65102
  0
LINE
  8
0
 10
7.74307
 20
1.65102
 11
7.74625
 21
1.64984
  0
LINE
  8
0
 10
7.74625
 20
1.64984
 11
7.74936
 21
1.64853
  0
LINE
  8
0
 10
7.74936
 20
1.64853
 11
7.75241
 21
1.64709
  0
LINE
  8
0
 10
7.75241
 20
1.64709
 11
7.75542
 21
1.64552
  0
LINE
  8
0
 10
7.75542
 20
1.64552
 11
7.75835
 21
1.64383
  0
LINE
  8
0
 10
7.75835
 20
1.64383
 11
7.7612
 21
1.64201
  0
LINE
  8
0
 10
7.7612
 20
1.64201
 11
7.76398
 21
1.64009
  0
LINE
  8
0
 10
7.76398
 20
1.64009
 11
7.76666
 21
1.63805
  0
LINE
  8
0
 10
7.76666
 20
1.63805
 11
7.76927
 21
1.63589
  0
LINE
  8
0
 10
7.76927
 20
1.63589
 11
7.77177
 21
1.63364
  0
LINE
  8
0
 10
7.77177
 20
1.63364
 11
7.7742
 21
1.63127
  0
LINE
  8
0
 10
7.7742
 20
1.63127
 11
7.7765
 21
1.6288
  0
LINE
  8
0
 10
7.7765
 20
1.6288
 11
7.77872
 21
1.62624
  0
LINE
  8
0
 10
7.77872
 20
1.62624
 11
7.78082
 21
1.6236
  0
LINE
  8
0
 10
7.78082
 20
1.6236
 11
7.78281
 21
1.62085
  0
LINE
  8
0
 10
7.78281
 20
1.62085
 11
7.78468
 21
1.61804
  0
LINE
  8
0
 10
7.78468
 20
1.61804
 11
7.78642
 21
1.61514
  0
LINE
  8
0
 10
7.78642
 20
1.61514
 11
7.78806
 21
1.61218
  0
LINE
  8
0
 10
7.78806
 20
1.61218
 11
7.78957
 21
1.60916
  0
LINE
  8
0
 10
7.78957
 20
1.60916
 11
7.79094
 21
1.60606
  0
LINE
  8
0
 10
7.79094
 20
1.60606
 11
7.79218
 21
1.60292
  0
LINE
  8
0
 10
7.79218
 20
1.60292
 11
7.79329
 21
1.59973
  0
LINE
  8
0
 10
7.79329
 20
1.59973
 11
7.79427
 21
1.5965
  0
LINE
  8
0
 10
7.79427
 20
1.5965
 11
7.7951
 21
1.59323
  0
LINE
  8
0
 10
7.7951
 20
1.59323
 11
7.79581
 21
1.58992
  0
LINE
  8
0
 10
7.79581
 20
1.58992
 11
7.79637
 21
1.58658
  0
LINE
  8
0
 10
7.79637
 20
1.58658
 11
7.7968
 21
1.58324
  0
LINE
  8
0
 10
7.7968
 20
1.58324
 11
7.79709
 21
1.57986
  0
LINE
  8
0
 10
7.79709
 20
1.57986
 11
7.79723
 21
1.57649
  0
LINE
  8
0
 10
7.79723
 20
1.57649
 11
7.79723
 21
1.5731
  0
LINE
  8
0
 10
7.79723
 20
1.5731
 11
7.79709
 21
1.56973
  0
LINE
  8
0
 10
7.79709
 20
1.56973
 11
7.7968
 21
1.56636
  0
LINE
  8
0
 10
7.7968
 20
1.56636
 11
7.79637
 21
1.563
  0
LINE
  8
0
 10
7.79637
 20
1.563
 11
7.79581
 21
1.55968
  0
LINE
  8
0
 10
7.79581
 20
1.55968
 11
7.7951
 21
1.55637
  0
LINE
  8
0
 10
7.7951
 20
1.55637
 11
7.79427
 21
1.55309
  0
LINE
  8
0
 10
7.79427
 20
1.55309
 11
7.79329
 21
1.54985
  0
LINE
  8
0
 10
7.79329
 20
1.54985
 11
7.79218
 21
1.54666
  0
LINE
  8
0
 10
7.79218
 20
1.54666
 11
7.79094
 21
1.54352
  0
LINE
  8
0
 10
7.79094
 20
1.54352
 11
7.78957
 21
1.54044
  0
LINE
  8
0
 10
7.78957
 20
1.54044
 11
7.78806
 21
1.5374
  0
LINE
  8
0
 10
7.78806
 20
1.5374
 11
7.78642
 21
1.53444
  0
LINE
  8
0
 10
7.78642
 20
1.53444
 11
7.78468
 21
1.53156
  0
LINE
  8
0
 10
7.78468
 20
1.53156
 11
7.78281
 21
1.52873
  0
LINE
  8
0
 10
7.78281
 20
1.52873
 11
7.78082
 21
1.526
  0
LINE
  8
0
 10
7.78082
 20
1.526
 11
7.77872
 21
1.52335
  0
LINE
  8
0
 10
7.77872
 20
1.52335
 11
7.7765
 21
1.5208
  0
LINE
  8
0
 10
7.7765
 20
1.5208
 11
7.7742
 21
1.51833
  0
LINE
  8
0
 10
7.7742
 20
1.51833
 11
7.77177
 21
1.51596
  0
LINE
  8
0
 10
7.77177
 20
1.51596
 11
7.76927
 21
1.5137
  0
LINE
  8
0
 10
7.76927
 20
1.5137
 11
7.76666
 21
1.51155
  0
LINE
  8
0
 10
7.76666
 20
1.51155
 11
7.76398
 21
1.50951
  0
LINE
  8
0
 10
7.76398
 20
1.50951
 11
7.7612
 21
1.50757
  0
LINE
  8
0
 10
7.7612
 20
1.50757
 11
7.75835
 21
1.50575
  0
LINE
  8
0
 10
7.75835
 20
1.50575
 11
7.75542
 21
1.50407
  0
LINE
  8
0
 10
7.75542
 20
1.50407
 11
7.75241
 21
1.5025
  0
LINE
  8
0
 10
7.75241
 20
1.5025
 11
7.74936
 21
1.50107
  0
LINE
  8
0
 10
7.74936
 20
1.50107
 11
7.74625
 21
1.49976
  0
LINE
  8
0
 10
7.74625
 20
1.49976
 11
7.74307
 21
1.49858
  0
LINE
  8
0
 10
7.74307
 20
1.49858
 11
7.73985
 21
1.49753
  0
LINE
  8
0
 10
7.73985
 20
1.49753
 11
7.7366
 21
1.49663
  0
LINE
  8
0
 10
7.7366
 20
1.49663
 11
7.73331
 21
1.49585
  0
LINE
  8
0
 10
7.73331
 20
1.49585
 11
7.73
 21
1.49522
  0
LINE
  8
0
 10
7.73
 20
1.49522
 11
7.72665
 21
1.49472
  0
LINE
  8
0
 10
7.72665
 20
1.49472
 11
7.72328
 21
1.49437
  0
LINE
  8
0
 10
7.72328
 20
1.49437
 11
7.71991
 21
1.49416
  0
LINE
  8
0
 10
7.71991
 20
1.49416
 11
7.71654
 21
1.49408
  0
LINE
  8
0
 10
7.71654
 20
1.49408
 11
7.71315
 21
1.49416
  0
LINE
  8
0
 10
6.45331
 20
1.49416
 11
6.44994
 21
1.49437
  0
LINE
  8
0
 10
6.44994
 20
1.49437
 11
6.44658
 21
1.49472
  0
LINE
  8
0
 10
6.44658
 20
1.49472
 11
6.44324
 21
1.49522
  0
LINE
  8
0
 10
6.44324
 20
1.49522
 11
6.43991
 21
1.49585
  0
LINE
  8
0
 10
6.43991
 20
1.49585
 11
6.43661
 21
1.49663
  0
LINE
  8
0
 10
6.43661
 20
1.49663
 11
6.43336
 21
1.49753
  0
LINE
  8
0
 10
6.43336
 20
1.49753
 11
6.43015
 21
1.49858
  0
LINE
  8
0
 10
6.43015
 20
1.49858
 11
6.42697
 21
1.49976
  0
LINE
  8
0
 10
6.42697
 20
1.49976
 11
6.42386
 21
1.50107
  0
LINE
  8
0
 10
6.42386
 20
1.50107
 11
6.42081
 21
1.5025
  0
LINE
  8
0
 10
6.42081
 20
1.5025
 11
6.4178
 21
1.50407
  0
LINE
  8
0
 10
6.4178
 20
1.50407
 11
6.41489
 21
1.50575
  0
LINE
  8
0
 10
6.41489
 20
1.50575
 11
6.41203
 21
1.50757
  0
LINE
  8
0
 10
6.41203
 20
1.50757
 11
6.40926
 21
1.50951
  0
LINE
  8
0
 10
6.40926
 20
1.50951
 11
6.40656
 21
1.51155
  0
LINE
  8
0
 10
6.40656
 20
1.51155
 11
6.40395
 21
1.5137
  0
LINE
  8
0
 10
6.40395
 20
1.5137
 11
6.40144
 21
1.51596
  0
LINE
  8
0
 10
6.40144
 20
1.51596
 11
6.39903
 21
1.51833
  0
LINE
  8
0
 10
6.39903
 20
1.51833
 11
6.39671
 21
1.5208
  0
LINE
  8
0
 10
6.39671
 20
1.5208
 11
6.3945
 21
1.52335
  0
LINE
  8
0
 10
6.3945
 20
1.52335
 11
6.39241
 21
1.526
  0
LINE
  8
0
 10
6.39241
 20
1.526
 11
6.39041
 21
1.52873
  0
LINE
  8
0
 10
6.39041
 20
1.52873
 11
6.38855
 21
1.53156
  0
LINE
  8
0
 10
6.38855
 20
1.53156
 11
6.3868
 21
1.53444
  0
LINE
  8
0
 10
6.3868
 20
1.53444
 11
6.38516
 21
1.5374
  0
LINE
  8
0
 10
6.38516
 20
1.5374
 11
6.38367
 21
1.54044
  0
LINE
  8
0
 10
6.38367
 20
1.54044
 11
6.38229
 21
1.54352
  0
LINE
  8
0
 10
6.38229
 20
1.54352
 11
6.38104
 21
1.54666
  0
LINE
  8
0
 10
6.38104
 20
1.54666
 11
6.37993
 21
1.54985
  0
LINE
  8
0
 10
6.37993
 20
1.54985
 11
6.37895
 21
1.55309
  0
LINE
  8
0
 10
6.37895
 20
1.55309
 11
6.37811
 21
1.55637
  0
LINE
  8
0
 10
6.37811
 20
1.55637
 11
6.37741
 21
1.55968
  0
LINE
  8
0
 10
6.37741
 20
1.55968
 11
6.37685
 21
1.563
  0
LINE
  8
0
 10
6.37685
 20
1.563
 11
6.37642
 21
1.56636
  0
LINE
  8
0
 10
6.37642
 20
1.56636
 11
6.37614
 21
1.56973
  0
LINE
  8
0
 10
6.37614
 20
1.56973
 11
6.37599
 21
1.5731
  0
LINE
  8
0
 10
6.37599
 20
1.5731
 11
6.37599
 21
1.57649
  0
LINE
  8
0
 10
6.37599
 20
1.57649
 11
6.37614
 21
1.57986
  0
LINE
  8
0
 10
6.37614
 20
1.57986
 11
6.37642
 21
1.58324
  0
LINE
  8
0
 10
6.37642
 20
1.58324
 11
6.37685
 21
1.58658
  0
LINE
  8
0
 10
6.37685
 20
1.58658
 11
6.37741
 21
1.58992
  0
LINE
  8
0
 10
6.37741
 20
1.58992
 11
6.37811
 21
1.59323
  0
LINE
  8
0
 10
6.37811
 20
1.59323
 11
6.37895
 21
1.5965
  0
LINE
  8
0
 10
6.37895
 20
1.5965
 11
6.37993
 21
1.59973
  0
LINE
  8
0
 10
6.37993
 20
1.59973
 11
6.38104
 21
1.60292
  0
LINE
  8
0
 10
6.38104
 20
1.60292
 11
6.38229
 21
1.60606
  0
LINE
  8
0
 10
6.38229
 20
1.60606
 11
6.38367
 21
1.60916
  0
LINE
  8
0
 10
6.38367
 20
1.60916
 11
6.38516
 21
1.61218
  0
LINE
  8
0
 10
6.38516
 20
1.61218
 11
6.3868
 21
1.61514
  0
LINE
  8
0
 10
6.3868
 20
1.61514
 11
6.38855
 21
1.61804
  0
LINE
  8
0
 10
6.38855
 20
1.61804
 11
6.39041
 21
1.62085
  0
LINE
  8
0
 10
6.39041
 20
1.62085
 11
6.39241
 21
1.6236
  0
LINE
  8
0
 10
6.39241
 20
1.6236
 11
6.3945
 21
1.62624
  0
LINE
  8
0
 10
6.3945
 20
1.62624
 11
6.39671
 21
1.6288
  0
LINE
  8
0
 10
6.39671
 20
1.6288
 11
6.39903
 21
1.63127
  0
LINE
  8
0
 10
6.39903
 20
1.63127
 11
6.40144
 21
1.63364
  0
LINE
  8
0
 10
6.40144
 20
1.63364
 11
6.40395
 21
1.63589
  0
LINE
  8
0
 10
6.40395
 20
1.63589
 11
6.40656
 21
1.63805
  0
LINE
  8
0
 10
6.40656
 20
1.63805
 11
6.40926
 21
1.64009
  0
LINE
  8
0
 10
6.40926
 20
1.64009
 11
6.41203
 21
1.64201
  0
LINE
  8
0
 10
6.41203
 20
1.64201
 11
6.41489
 21
1.64383
  0
LINE
  8
0
 10
6.41489
 20
1.64383
 11
6.4178
 21
1.64552
  0
LINE
  8
0
 10
6.4178
 20
1.64552
 11
6.42081
 21
1.64709
  0
LINE
  8
0
 10
6.42081
 20
1.64709
 11
6.42386
 21
1.64853
  0
LINE
  8
0
 10
6.42386
 20
1.64853
 11
6.42697
 21
1.64984
  0
LINE
  8
0
 10
6.42697
 20
1.64984
 11
6.43015
 21
1.65102
  0
LINE
  8
0
 10
6.43015
 20
1.65102
 11
6.43336
 21
1.65205
  0
LINE
  8
0
 10
6.43336
 20
1.65205
 11
6.43661
 21
1.65297
  0
LINE
  8
0
 10
6.43661
 20
1.65297
 11
6.43991
 21
1.65375
  0
LINE
  8
0
 10
6.43991
 20
1.65375
 11
6.44324
 21
1.65437
  0
LINE
  8
0
 10
6.44324
 20
1.65437
 11
6.44658
 21
1.65486
  0
LINE
  8
0
 10
6.44658
 20
1.65486
 11
6.44994
 21
1.65523
  0
LINE
  8
0
 10
6.44994
 20
1.65523
 11
6.45331
 21
1.65543
  0
LINE
  8
0
 10
6.45331
 20
1.65543
 11
6.4567
 21
1.6555
  0
LINE
  8
0
 10
6.4567
 20
1.6555
 11
6.46007
 21
1.65543
  0
LINE
  8
0
 10
6.46007
 20
1.65543
 11
6.46344
 21
1.65523
  0
LINE
  8
0
 10
6.46344
 20
1.65523
 11
6.4668
 21
1.65486
  0
LINE
  8
0
 10
6.4668
 20
1.65486
 11
6.47015
 21
1.65437
  0
LINE
  8
0
 10
6.47015
 20
1.65437
 11
6.47346
 21
1.65375
  0
LINE
  8
0
 10
6.47346
 20
1.65375
 11
6.47676
 21
1.65297
  0
LINE
  8
0
 10
6.47676
 20
1.65297
 11
6.48001
 21
1.65205
  0
LINE
  8
0
 10
6.48001
 20
1.65205
 11
6.48323
 21
1.65102
  0
LINE
  8
0
 10
6.48323
 20
1.65102
 11
6.4864
 21
1.64984
  0
LINE
  8
0
 10
6.4864
 20
1.64984
 11
6.48952
 21
1.64853
  0
LINE
  8
0
 10
6.48952
 20
1.64853
 11
6.49257
 21
1.64709
  0
LINE
  8
0
 10
6.49257
 20
1.64709
 11
6.49557
 21
1.64552
  0
LINE
  8
0
 10
6.49557
 20
1.64552
 11
6.4985
 21
1.64383
  0
LINE
  8
0
 10
6.4985
 20
1.64383
 11
6.50136
 21
1.64201
  0
LINE
  8
0
 10
6.50136
 20
1.64201
 11
6.50414
 21
1.64009
  0
LINE
  8
0
 10
6.50414
 20
1.64009
 11
6.50682
 21
1.63805
  0
LINE
  8
0
 10
6.50682
 20
1.63805
 11
6.50943
 21
1.63589
  0
LINE
  8
0
 10
6.50943
 20
1.63589
 11
6.51193
 21
1.63364
  0
LINE
  8
0
 10
6.51193
 20
1.63364
 11
6.51436
 21
1.63127
  0
LINE
  8
0
 10
6.51436
 20
1.63127
 11
6.51666
 21
1.6288
  0
LINE
  8
0
 10
6.51666
 20
1.6288
 11
6.51888
 21
1.62624
  0
LINE
  8
0
 10
6.51888
 20
1.62624
 11
6.52098
 21
1.6236
  0
LINE
  8
0
 10
6.52098
 20
1.6236
 11
6.52296
 21
1.62085
  0
LINE
  8
0
 10
6.52296
 20
1.62085
 11
6.52483
 21
1.61804
  0
LINE
  8
0
 10
6.52483
 20
1.61804
 11
6.52658
 21
1.61514
  0
LINE
  8
0
 10
6.52658
 20
1.61514
 11
6.52821
 21
1.61218
  0
LINE
  8
0
 10
6.52821
 20
1.61218
 11
6.52971
 21
1.60916
  0
LINE
  8
0
 10
6.52971
 20
1.60916
 11
6.5311
 21
1.60606
  0
LINE
  8
0
 10
6.5311
 20
1.60606
 11
6.53233
 21
1.60292
  0
LINE
  8
0
 10
6.53233
 20
1.60292
 11
6.53345
 21
1.59973
  0
LINE
  8
0
 10
6.53345
 20
1.59973
 11
6.53442
 21
1.5965
  0
LINE
  8
0
 10
6.53442
 20
1.5965
 11
6.53526
 21
1.59323
  0
LINE
  8
0
 10
6.53526
 20
1.59323
 11
6.53596
 21
1.58992
  0
LINE
  8
0
 10
6.53596
 20
1.58992
 11
6.53653
 21
1.58658
  0
LINE
  8
0
 10
6.53653
 20
1.58658
 11
6.53696
 21
1.58324
  0
LINE
  8
0
 10
6.53696
 20
1.58324
 11
6.53723
 21
1.57986
  0
LINE
  8
0
 10
6.53723
 20
1.57986
 11
6.53738
 21
1.57649
  0
LINE
  8
0
 10
6.53738
 20
1.57649
 11
6.53738
 21
1.5731
  0
LINE
  8
0
 10
6.53738
 20
1.5731
 11
6.53723
 21
1.56973
  0
LINE
  8
0
 10
6.53723
 20
1.56973
 11
6.53696
 21
1.56636
  0
LINE
  8
0
 10
6.53696
 20
1.56636
 11
6.53653
 21
1.563
  0
LINE
  8
0
 10
6.53653
 20
1.563
 11
6.53596
 21
1.55968
  0
LINE
  8
0
 10
6.53596
 20
1.55968
 11
6.53526
 21
1.55637
  0
LINE
  8
0
 10
6.53526
 20
1.55637
 11
6.53442
 21
1.55309
  0
LINE
  8
0
 10
6.53442
 20
1.55309
 11
6.53345
 21
1.54985
  0
LINE
  8
0
 10
6.53345
 20
1.54985
 11
6.53233
 21
1.54666
  0
LINE
  8
0
 10
6.53233
 20
1.54666
 11
6.5311
 21
1.54352
  0
LINE
  8
0
 10
6.5311
 20
1.54352
 11
6.52971
 21
1.54044
  0
LINE
  8
0
 10
6.52971
 20
1.54044
 11
6.52821
 21
1.5374
  0
LINE
  8
0
 10
6.52821
 20
1.5374
 11
6.52658
 21
1.53444
  0
LINE
  8
0
 10
6.52658
 20
1.53444
 11
6.52483
 21
1.53156
  0
LINE
  8
0
 10
6.52483
 20
1.53156
 11
6.52296
 21
1.52873
  0
LINE
  8
0
 10
6.52296
 20
1.52873
 11
6.52098
 21
1.526
  0
LINE
  8
0
 10
6.52098
 20
1.526
 11
6.51888
 21
1.52335
  0
LINE
  8
0
 10
6.51888
 20
1.52335
 11
6.51666
 21
1.5208
  0
LINE
  8
0
 10
6.51666
 20
1.5208
 11
6.51436
 21
1.51833
  0
LINE
  8
0
 10
6.51436
 20
1.51833
 11
6.51193
 21
1.51596
  0
LINE
  8
0
 10
6.51193
 20
1.51596
 11
6.50943
 21
1.5137
  0
LINE
  8
0
 10
6.50943
 20
1.5137
 11
6.50682
 21
1.51155
  0
LINE
  8
0
 10
6.50682
 20
1.51155
 11
6.50414
 21
1.50951
  0
LINE
  8
0
 10
6.50414
 20
1.50951
 11
6.50136
 21
1.50757
  0
LINE
  8
0
 10
6.50136
 20
1.50757
 11
6.4985
 21
1.50575
  0
LINE
  8
0
 10
6.4985
 20
1.50575
 11
6.49557
 21
1.50407
  0
LINE
  8
0
 10
6.49557
 20
1.50407
 11
6.49257
 21
1.5025
  0
LINE
  8
0
 10
6.49257
 20
1.5025
 11
6.48952
 21
1.50107
  0
LINE
  8
0
 10
6.48952
 20
1.50107
 11
6.4864
 21
1.49976
  0
LINE
  8
0
 10
6.4864
 20
1.49976
 11
6.48323
 21
1.49858
  0
LINE
  8
0
 10
6.48323
 20
1.49858
 11
6.48001
 21
1.49753
  0
LINE
  8
0
 10
6.48001
 20
1.49753
 11
6.47676
 21
1.49663
  0
LINE
  8
0
 10
6.47676
 20
1.49663
 11
6.47346
 21
1.49585
  0
LINE
  8
0
 10
6.47346
 20
1.49585
 11
6.47015
 21
1.49522
  0
LINE
  8
0
 10
6.47015
 20
1.49522
 11
6.4668
 21
1.49472
  0
LINE
  8
0
 10
6.4668
 20
1.49472
 11
6.46344
 21
1.49437
  0
LINE
  8
0
 10
6.46344
 20
1.49437
 11
6.46007
 21
1.49416
  0
LINE
  8
0
 10
6.46007
 20
1.49416
 11
6.4567
 21
1.49408
  0
LINE
  8
0
 10
6.4567
 20
1.49408
 11
6.45331
 21
1.49416
  0
LINE
  8
0
 10
-6.46007
 20
0.864243
 11
-6.46344
 21
0.864441
  0
LINE
  8
0
 10
-6.46344
 20
0.864441
 11
-6.4668
 21
0.864807
  0
LINE
  8
0
 10
-6.4668
 20
0.864807
 11
-6.47015
 21
0.865295
  0
LINE
  8
0
 10
-6.47015
 20
0.865295
 11
-6.47346
 21
0.865936
  0
LINE
  8
0
 10
-6.47346
 20
0.865936
 11
-6.47676
 21
0.866699
  0
LINE
  8
0
 10
-6.47676
 20
0.866699
 11
-6.48001
 21
0.867615
  0
LINE
  8
0
 10
-6.48001
 20
0.867615
 11
-6.48323
 21
0.868652
  0
LINE
  8
0
 10
-6.48323
 20
0.868652
 11
-6.4864
 21
0.869827
  0
LINE
  8
0
 10
-6.4864
 20
0.869827
 11
-6.48952
 21
0.87114
  0
LINE
  8
0
 10
-6.48952
 20
0.87114
 11
-6.49257
 21
0.872589
  0
LINE
  8
0
 10
-6.49257
 20
0.872589
 11
-6.49557
 21
0.874146
  0
LINE
  8
0
 10
-6.49557
 20
0.874146
 11
-6.4985
 21
0.875839
  0
LINE
  8
0
 10
-6.4985
 20
0.875839
 11
-6.50136
 21
0.877655
  0
LINE
  8
0
 10
-6.50136
 20
0.877655
 11
-6.50414
 21
0.879578
  0
LINE
  8
0
 10
-6.50414
 20
0.879578
 11
-6.50682
 21
0.881622
  0
LINE
  8
0
 10
-6.50682
 20
0.881622
 11
-6.50943
 21
0.883774
  0
LINE
  8
0
 10
-6.50943
 20
0.883774
 11
-6.51193
 21
0.886047
  0
LINE
  8
0
 10
-6.51193
 20
0.886047
 11
-6.51436
 21
0.888412
  0
LINE
  8
0
 10
-6.51436
 20
0.888412
 11
-6.51666
 21
0.890869
  0
LINE
  8
0
 10
-6.51666
 20
0.890869
 11
-6.51888
 21
0.893433
  0
LINE
  8
0
 10
-6.51888
 20
0.893433
 11
-6.52098
 21
0.896072
  0
LINE
  8
0
 10
-6.52098
 20
0.896072
 11
-6.52296
 21
0.898819
  0
LINE
  8
0
 10
-6.52296
 20
0.898819
 11
-6.52483
 21
0.901627
  0
LINE
  8
0
 10
-6.52483
 20
0.901627
 11
-6.52658
 21
0.904526
  0
LINE
  8
0
 10
-6.52658
 20
0.904526
 11
-6.52821
 21
0.907486
  0
LINE
  8
0
 10
-6.52821
 20
0.907486
 11
-6.52971
 21
0.910507
  0
LINE
  8
0
 10
-6.52971
 20
0.910507
 11
-6.5311
 21
0.913605
  0
LINE
  8
0
 10
-6.5311
 20
0.913605
 11
-6.53233
 21
0.916748
  0
LINE
  8
0
 10
-6.53233
 20
0.916748
 11
-6.53345
 21
0.919937
  0
LINE
  8
0
 10
-6.53345
 20
0.919937
 11
-6.53442
 21
0.923172
  0
LINE
  8
0
 10
-6.53442
 20
0.923172
 11
-6.53526
 21
0.926437
  0
LINE
  8
0
 10
-6.53526
 20
0.926437
 11
-6.53596
 21
0.929749
  0
LINE
  8
0
 10
-6.53596
 20
0.929749
 11
-6.53653
 21
0.93309
  0
LINE
  8
0
 10
-6.53653
 20
0.93309
 11
-6.53696
 21
0.936432
  0
LINE
  8
0
 10
-6.53696
 20
0.936432
 11
-6.53723
 21
0.939804
  0
LINE
  8
0
 10
-6.53723
 20
0.939804
 11
-6.53738
 21
0.943176
  0
LINE
  8
0
 10
-6.53738
 20
0.943176
 11
-6.53738
 21
0.946564
  0
LINE
  8
0
 10
-6.53738
 20
0.946564
 11
-6.53723
 21
0.949936
  0
LINE
  8
0
 10
-6.53723
 20
0.949936
 11
-6.53696
 21
0.953308
  0
LINE
  8
0
 10
-6.53696
 20
0.953308
 11
-6.53653
 21
0.956665
  0
LINE
  8
0
 10
-6.53653
 20
0.956665
 11
-6.53596
 21
0.959991
  0
LINE
  8
0
 10
-6.53596
 20
0.959991
 11
-6.53526
 21
0.963303
  0
LINE
  8
0
 10
-6.53526
 20
0.963303
 11
-6.53442
 21
0.966583
  0
LINE
  8
0
 10
-6.53442
 20
0.966583
 11
-6.53345
 21
0.969818
  0
LINE
  8
0
 10
-6.53345
 20
0.969818
 11
-6.53233
 21
0.973007
  0
LINE
  8
0
 10
-6.53233
 20
0.973007
 11
-6.5311
 21
0.976151
  0
LINE
  8
0
 10
-6.5311
 20
0.976151
 11
-6.52971
 21
0.979233
  0
LINE
  8
0
 10
-6.52971
 20
0.979233
 11
-6.52821
 21
0.982269
  0
LINE
  8
0
 10
-6.52821
 20
0.982269
 11
-6.52658
 21
0.985229
  0
LINE
  8
0
 10
-6.52658
 20
0.985229
 11
-6.52483
 21
0.988113
  0
LINE
  8
0
 10
-6.52483
 20
0.988113
 11
-6.52296
 21
0.990936
  0
LINE
  8
0
 10
-6.52296
 20
0.990936
 11
-6.52098
 21
0.993668
  0
LINE
  8
0
 10
-6.52098
 20
0.993668
 11
-6.51888
 21
0.996323
  0
LINE
  8
0
 10
-6.51888
 20
0.996323
 11
-6.51666
 21
0.998886
  0
LINE
  8
0
 10
-6.51666
 20
0.998886
 11
-6.51436
 21
1.00134
  0
LINE
  8
0
 10
-6.51436
 20
1.00134
 11
-6.51193
 21
1.00371
  0
LINE
  8
0
 10
-6.51193
 20
1.00371
 11
-6.50943
 21
1.00597
  0
LINE
  8
0
 10
-6.50943
 20
1.00597
 11
-6.50682
 21
1.00812
  0
LINE
  8
0
 10
-6.50682
 20
1.00812
 11
-6.50414
 21
1.01016
  0
LINE
  8
0
 10
-6.50414
 20
1.01016
 11
-6.50136
 21
1.0121
  0
LINE
  8
0
 10
-6.50136
 20
1.0121
 11
-6.4985
 21
1.01392
  0
LINE
  8
0
 10
-6.4985
 20
1.01392
 11
-6.49557
 21
1.01559
  0
LINE
  8
0
 10
-6.49557
 20
1.01559
 11
-6.49257
 21
1.01717
  0
LINE
  8
0
 10
-6.49257
 20
1.01717
 11
-6.48952
 21
1.0186
  0
LINE
  8
0
 10
-6.48952
 20
1.0186
 11
-6.4864
 21
1.01991
  0
LINE
  8
0
 10
-6.4864
 20
1.01991
 11
-6.48323
 21
1.02109
  0
LINE
  8
0
 10
-6.48323
 20
1.02109
 11
-6.48001
 21
1.02214
  0
LINE
  8
0
 10
-6.48001
 20
1.02214
 11
-6.47676
 21
1.02304
  0
LINE
  8
0
 10
-6.47676
 20
1.02304
 11
-6.47346
 21
1.02382
  0
LINE
  8
0
 10
-6.47346
 20
1.02382
 11
-6.47015
 21
1.02446
  0
LINE
  8
0
 10
-6.47015
 20
1.02446
 11
-6.4668
 21
1.02495
  0
LINE
  8
0
 10
-6.4668
 20
1.02495
 11
-6.46344
 21
1.0253
  0
LINE
  8
0
 10
-6.46344
 20
1.0253
 11
-6.46007
 21
1.02551
  0
LINE
  8
0
 10
-6.46007
 20
1.02551
 11
-6.4567
 21
1.02559
  0
LINE
  8
0
 10
-6.4567
 20
1.02559
 11
-6.45331
 21
1.02551
  0
LINE
  8
0
 10
-6.45331
 20
1.02551
 11
-6.44994
 21
1.0253
  0
LINE
  8
0
 10
-6.44994
 20
1.0253
 11
-6.44658
 21
1.02495
  0
LINE
  8
0
 10
-6.44658
 20
1.02495
 11
-6.44324
 21
1.02446
  0
LINE
  8
0
 10
-6.44324
 20
1.02446
 11
-6.43991
 21
1.02382
  0
LINE
  8
0
 10
-6.43991
 20
1.02382
 11
-6.43661
 21
1.02304
  0
LINE
  8
0
 10
-6.43661
 20
1.02304
 11
-6.43336
 21
1.02214
  0
LINE
  8
0
 10
-6.43336
 20
1.02214
 11
-6.43015
 21
1.02109
  0
LINE
  8
0
 10
-6.43015
 20
1.02109
 11
-6.42697
 21
1.01991
  0
LINE
  8
0
 10
-6.42697
 20
1.01991
 11
-6.42386
 21
1.0186
  0
LINE
  8
0
 10
-6.42386
 20
1.0186
 11
-6.42081
 21
1.01717
  0
LINE
  8
0
 10
-6.42081
 20
1.01717
 11
-6.4178
 21
1.01559
  0
LINE
  8
0
 10
-6.4178
 20
1.01559
 11
-6.41489
 21
1.01392
  0
LINE
  8
0
 10
-6.41489
 20
1.01392
 11
-6.41203
 21
1.0121
  0
LINE
  8
0
 10
-6.41203
 20
1.0121
 11
-6.40926
 21
1.01016
  0
LINE
  8
0
 10
-6.40926
 20
1.01016
 11
-6.40656
 21
1.00812
  0
LINE
  8
0
 10
-6.40656
 20
1.00812
 11
-6.40395
 21
1.00597
  0
LINE
  8
0
 10
-6.40395
 20
1.00597
 11
-6.40144
 21
1.00371
  0
LINE
  8
0
 10
-6.40144
 20
1.00371
 11
-6.39903
 21
1.00134
  0
LINE
  8
0
 10
-6.39903
 20
1.00134
 11
-6.39671
 21
0.998886
  0
LINE
  8
0
 10
-6.39671
 20
0.998886
 11
-6.3945
 21
0.996323
  0
LINE
  8
0
 10
-6.3945
 20
0.996323
 11
-6.39241
 21
0.993668
  0
LINE
  8
0
 10
-6.39241
 20
0.993668
 11
-6.39041
 21
0.990936
  0
LINE
  8
0
 10
-6.39041
 20
0.990936
 11
-6.38855
 21
0.988113
  0
LINE
  8
0
 10
-6.38855
 20
0.988113
 11
-6.3868
 21
0.985229
  0
LINE
  8
0
 10
-6.3868
 20
0.985229
 11
-6.38516
 21
0.982269
  0
LINE
  8
0
 10
-6.38516
 20
0.982269
 11
-6.38367
 21
0.979233
  0
LINE
  8
0
 10
-6.38367
 20
0.979233
 11
-6.38229
 21
0.976151
  0
LINE
  8
0
 10
-6.38229
 20
0.976151
 11
-6.38104
 21
0.973007
  0
LINE
  8
0
 10
-6.38104
 20
0.973007
 11
-6.37993
 21
0.969818
  0
LINE
  8
0
 10
-6.37993
 20
0.969818
 11
-6.37895
 21
0.966583
  0
LINE
  8
0
 10
-6.37895
 20
0.966583
 11
-6.37811
 21
0.963303
  0
LINE
  8
0
 10
-6.37811
 20
0.963303
 11
-6.37741
 21
0.959991
  0
LINE
  8
0
 10
-6.37741
 20
0.959991
 11
-6.37685
 21
0.956665
  0
LINE
  8
0
 10
-6.37685
 20
0.956665
 11
-6.37642
 21
0.953308
  0
LINE
  8
0
 10
-6.37642
 20
0.953308
 11
-6.37614
 21
0.949936
  0
LINE
  8
0
 10
-6.37614
 20
0.949936
 11
-6.37599
 21
0.946564
  0
LINE
  8
0
 10
-6.37599
 20
0.946564
 11
-6.37599
 21
0.943176
  0
LINE
  8
0
 10
-6.37599
 20
0.943176
 11
-6.37614
 21
0.939804
  0
LINE
  8
0
 10
-6.37614
 20
0.939804
 11
-6.37642
 21
0.936432
  0
LINE
  8
0
 10
-6.37642
 20
0.936432
 11
-6.37685
 21
0.93309
  0
LINE
  8
0
 10
-6.37685
 20
0.93309
 11
-6.37741
 21
0.929749
  0
LINE
  8
0
 10
-6.37741
 20
0.929749
 11
-6.37811
 21
0.926437
  0
LINE
  8
0
 10
-6.37811
 20
0.926437
 11
-6.37895
 21
0.923172
  0
LINE
  8
0
 10
-6.37895
 20
0.923172
 11
-6.37993
 21
0.919937
  0
LINE
  8
0
 10
-6.37993
 20
0.919937
 11
-6.38104
 21
0.916748
  0
LINE
  8
0
 10
-6.38104
 20
0.916748
 11
-6.38229
 21
0.913605
  0
LINE
  8
0
 10
-6.38229
 20
0.913605
 11
-6.38367
 21
0.910507
  0
LINE
  8
0
 10
-6.38367
 20
0.910507
 11
-6.38516
 21
0.907486
  0
LINE
  8
0
 10
-6.38516
 20
0.907486
 11
-6.3868
 21
0.904526
  0
LINE
  8
0
 10
-6.3868
 20
0.904526
 11
-6.38855
 21
0.901627
  0
LINE
  8
0
 10
-6.38855
 20
0.901627
 11
-6.39041
 21
0.898819
  0
LINE
  8
0
 10
-6.39041
 20
0.898819
 11
-6.39241
 21
0.896072
  0
LINE
  8
0
 10
-6.39241
 20
0.896072
 11
-6.3945
 21
0.893433
  0
LINE
  8
0
 10
-6.3945
 20
0.893433
 11
-6.39671
 21
0.890869
  0
LINE
  8
0
 10
-6.39671
 20
0.890869
 11
-6.39903
 21
0.888412
  0
LINE
  8
0
 10
-6.39903
 20
0.888412
 11
-6.40144
 21
0.886047
  0
LINE
  8
0
 10
-6.40144
 20
0.886047
 11
-6.40395
 21
0.883774
  0
LINE
  8
0
 10
-6.40395
 20
0.883774
 11
-6.40656
 21
0.881622
  0
LINE
  8
0
 10
-6.40656
 20
0.881622
 11
-6.40926
 21
0.879578
  0
LINE
  8
0
 10
-6.40926
 20
0.879578
 11
-6.41203
 21
0.877655
  0
LINE
  8
0
 10
-6.41203
 20
0.877655
 11
-6.41489
 21
0.875839
  0
LINE
  8
0
 10
-6.41489
 20
0.875839
 11
-6.4178
 21
0.874146
  0
LINE
  8
0
 10
-6.4178
 20
0.874146
 11
-6.42081
 21
0.872589
  0
LINE
  8
0
 10
-6.42081
 20
0.872589
 11
-6.42386
 21
0.87114
  0
LINE
  8
0
 10
-6.42386
 20
0.87114
 11
-6.42697
 21
0.869827
  0
LINE
  8
0
 10
-6.42697
 20
0.869827
 11
-6.43015
 21
0.868652
  0
LINE
  8
0
 10
-6.43015
 20
0.868652
 11
-6.43336
 21
0.867615
  0
LINE
  8
0
 10
-6.43336
 20
0.867615
 11
-6.43661
 21
0.866699
  0
LINE
  8
0
 10
-6.43661
 20
0.866699
 11
-6.43991
 21
0.865936
  0
LINE
  8
0
 10
-6.43991
 20
0.865936
 11
-6.44324
 21
0.865295
  0
LINE
  8
0
 10
-6.44324
 20
0.865295
 11
-6.44658
 21
0.864807
  0
LINE
  8
0
 10
-6.44658
 20
0.864807
 11
-6.44994
 21
0.864441
  0
LINE
  8
0
 10
-6.44994
 20
0.864441
 11
-6.45331
 21
0.864243
  0
LINE
  8
0
 10
-6.45331
 20
0.864243
 11
-6.4567
 21
0.864166
  0
LINE
  8
0
 10
-6.4567
 20
0.864166
 11
-6.46007
 21
0.864243
  0
LINE
  8
0
 10
6.45331
 20
0.864243
 11
6.44994
 21
0.864441
  0
LINE
  8
0
 10
6.44994
 20
0.864441
 11
6.44658
 21
0.864807
  0
LINE
  8
0
 10
6.44658
 20
0.864807
 11
6.44324
 21
0.865295
  0
LINE
  8
0
 10
6.44324
 20
0.865295
 11
6.43991
 21
0.865936
  0
LINE
  8
0
 10
6.43991
 20
0.865936
 11
6.43661
 21
0.866699
  0
LINE
  8
0
 10
6.43661
 20
0.866699
 11
6.43336
 21
0.867615
  0
LINE
  8
0
 10
6.43336
 20
0.867615
 11
6.43015
 21
0.868652
  0
LINE
  8
0
 10
6.43015
 20
0.868652
 11
6.42697
 21
0.869827
  0
LINE
  8
0
 10
6.42697
 20
0.869827
 11
6.42386
 21
0.87114
  0
LINE
  8
0
 10
6.42386
 20
0.87114
 11
6.42081
 21
0.872589
  0
LINE
  8
0
 10
6.42081
 20
0.872589
 11
6.4178
 21
0.874146
  0
LINE
  8
0
 10
6.4178
 20
0.874146
 11
6.41489
 21
0.875839
  0
LINE
  8
0
 10
6.41489
 20
0.875839
 11
6.41203
 21
0.877655
  0
LINE
  8
0
 10
6.41203
 20
0.877655
 11
6.40926
 21
0.879578
  0
LINE
  8
0
 10
6.40926
 20
0.879578
 11
6.40656
 21
0.881622
  0
LINE
  8
0
 10
6.40656
 20
0.881622
 11
6.40395
 21
0.883774
  0
LINE
  8
0
 10
6.40395
 20
0.883774
 11
6.40144
 21
0.886047
  0
LINE
  8
0
 10
6.40144
 20
0.886047
 11
6.39903
 21
0.888412
  0
LINE
  8
0
 10
6.39903
 20
0.888412
 11
6.39671
 21
0.890869
  0
LINE
  8
0
 10
6.39671
 20
0.890869
 11
6.3945
 21
0.893433
  0
LINE
  8
0
 10
6.3945
 20
0.893433
 11
6.39241
 21
0.896072
  0
LINE
  8
0
 10
6.39241
 20
0.896072
 11
6.39041
 21
0.898819
  0
LINE
  8
0
 10
6.39041
 20
0.898819
 11
6.38855
 21
0.901627
  0
LINE
  8
0
 10
6.38855
 20
0.901627
 11
6.3868
 21
0.904526
  0
LINE
  8
0
 10
6.3868
 20
0.904526
 11
6.38516
 21
0.907486
  0
LINE
  8
0
 10
6.38516
 20
0.907486
 11
6.38367
 21
0.910507
  0
LINE
  8
0
 10
6.38367
 20
0.910507
 11
6.38229
 21
0.913605
  0
LINE
  8
0
 10
6.38229
 20
0.913605
 11
6.38104
 21
0.916748
  0
LINE
  8
0
 10
6.38104
 20
0.916748
 11
6.37993
 21
0.919937
  0
LINE
  8
0
 10
6.37993
 20
0.919937
 11
6.37895
 21
0.923172
  0
LINE
  8
0
 10
6.37895
 20
0.923172
 11
6.37811
 21
0.926437
  0
LINE
  8
0
 10
6.37811
 20
0.926437
 11
6.37741
 21
0.929749
  0
LINE
  8
0
 10
6.37741
 20
0.929749
 11
6.37685
 21
0.93309
  0
LINE
  8
0
 10
6.37685
 20
0.93309
 11
6.37642
 21
0.936432
  0
LINE
  8
0
 10
6.37642
 20
0.936432
 11
6.37614
 21
0.939804
  0
LINE
  8
0
 10
6.37614
 20
0.939804
 11
6.37599
 21
0.943176
  0
LINE
  8
0
 10
6.37599
 20
0.943176
 11
6.37599
 21
0.946564
  0
LINE
  8
0
 10
6.37599
 20
0.946564
 11
6.37614
 21
0.949936
  0
LINE
  8
0
 10
6.37614
 20
0.949936
 11
6.37642
 21
0.953308
  0
LINE
  8
0
 10
6.37642
 20
0.953308
 11
6.37685
 21
0.956665
  0
LINE
  8
0
 10
6.37685
 20
0.956665
 11
6.37741
 21
0.959991
  0
LINE
  8
0
 10
6.37741
 20
0.959991
 11
6.37811
 21
0.963303
  0
LINE
  8
0
 10
6.37811
 20
0.963303
 11
6.37895
 21
0.966583
  0
LINE
  8
0
 10
6.37895
 20
0.966583
 11
6.37993
 21
0.969818
  0
LINE
  8
0
 10
6.37993
 20
0.969818
 11
6.38104
 21
0.973007
  0
LINE
  8
0
 10
6.38104
 20
0.973007
 11
6.38229
 21
0.976151
  0
LINE
  8
0
 10
6.38229
 20
0.976151
 11
6.38367
 21
0.979233
  0
LINE
  8
0
 10
6.38367
 20
0.979233
 11
6.38516
 21
0.982269
  0
LINE
  8
0
 10
6.38516
 20
0.982269
 11
6.3868
 21
0.985229
  0
LINE
  8
0
 10
6.3868
 20
0.985229
 11
6.38855
 21
0.988113
  0
LINE
  8
0
 10
6.38855
 20
0.988113
 11
6.39041
 21
0.990936
  0
LINE
  8
0
 10
6.39041
 20
0.990936
 11
6.39241
 21
0.993668
  0
LINE
  8
0
 10
6.39241
 20
0.993668
 11
6.3945
 21
0.996323
  0
LINE
  8
0
 10
6.3945
 20
0.996323
 11
6.39671
 21
0.998886
  0
LINE
  8
0
 10
6.39671
 20
0.998886
 11
6.39903
 21
1.00134
  0
LINE
  8
0
 10
6.39903
 20
1.00134
 11
6.40144
 21
1.00371
  0
LINE
  8
0
 10
6.40144
 20
1.00371
 11
6.40395
 21
1.00597
  0
LINE
  8
0
 10
6.40395
 20
1.00597
 11
6.40656
 21
1.00812
  0
LINE
  8
0
 10
6.40656
 20
1.00812
 11
6.40926
 21
1.01016
  0
LINE
  8
0
 10
6.40926
 20
1.01016
 11
6.41203
 21
1.0121
  0
LINE
  8
0
 10
6.41203
 20
1.0121
 11
6.41489
 21
1.01392
  0
LINE
  8
0
 10
6.41489
 20
1.01392
 11
6.4178
 21
1.01559
  0
LINE
  8
0
 10
6.4178
 20
1.01559
 11
6.42081
 21
1.01717
  0
LINE
  8
0
 10
6.42081
 20
1.01717
 11
6.42386
 21
1.0186
  0
LINE
  8
0
 10
6.42386
 20
1.0186
 11
6.42697
 21
1.01991
  0
LINE
  8
0
 10
6.42697
 20
1.01991
 11
6.43015
 21
1.02109
  0
LINE
  8
0
 10
6.43015
 20
1.02109
 11
6.43336
 21
1.02214
  0
LINE
  8
0
 10
6.43336
 20
1.02214
 11
6.43661
 21
1.02304
  0
LINE
  8
0
 10
6.43661
 20
1.02304
 11
6.43991
 21
1.02382
  0
LINE
  8
0
 10
6.43991
 20
1.02382
 11
6.44324
 21
1.02446
  0
LINE
  8
0
 10
6.44324
 20
1.02446
 11
6.44658
 21
1.02495
  0
LINE
  8
0
 10
6.44658
 20
1.02495
 11
6.44994
 21
1.0253
  0
LINE
  8
0
 10
6.44994
 20
1.0253
 11
6.45331
 21
1.02551
  0
LINE
  8
0
 10
6.45331
 20
1.02551
 11
6.4567
 21
1.02559
  0
LINE
  8
0
 10
6.4567
 20
1.02559
 11
6.46007
 21
1.02551
  0
LINE
  8
0
 10
6.46007
 20
1.02551
 11
6.46344
 21
1.0253
  0
LINE
  8
0
 10
6.46344
 20
1.0253
 11
6.4668
 21
1.02495
  0
LINE
  8
0
 10
6.4668
 20
1.02495
 11
6.47015
 21
1.02446
  0
LINE
  8
0
 10
6.47015
 20
1.02446
 11
6.47346
 21
1.02382
  0
LINE
  8
0
 10
6.47346
 20
1.02382
 11
6.47676
 21
1.02304
  0
LINE
  8
0
 10
6.47676
 20
1.02304
 11
6.48001
 21
1.02214
  0
LINE
  8
0
 10
6.48001
 20
1.02214
 11
6.48323
 21
1.02109
  0
LINE
  8
0
 10
6.48323
 20
1.02109
 11
6.4864
 21
1.01991
  0
LINE
  8
0
 10
6.4864
 20
1.01991
 11
6.48952
 21
1.0186
  0
LINE
  8
0
 10
6.48952
 20
1.0186
 11
6.49257
 21
1.01717
  0
LINE
  8
0
 10
6.49257
 20
1.01717
 11
6.49557
 21
1.01559
  0
LINE
  8
0
 10
6.49557
 20
1.01559
 11
6.4985
 21
1.01392
  0
LINE
  8
0
 10
6.4985
 20
1.01392
 11
6.50136
 21
1.0121
  0
LINE
  8
0
 10
6.50136
 20
1.0121
 11
6.50414
 21
1.01016
  0
LINE
  8
0
 10
6.50414
 20
1.01016
 11
6.50682
 21
1.00812
  0
LINE
  8
0
 10
6.50682
 20
1.00812
 11
6.50943
 21
1.00597
  0
LINE
  8
0
 10
6.50943
 20
1.00597
 11
6.51193
 21
1.00371
  0
LINE
  8
0
 10
6.51193
 20
1.00371
 11
6.51436
 21
1.00134
  0
LINE
  8
0
 10
6.51436
 20
1.00134
 11
6.51666
 21
0.998886
  0
LINE
  8
0
 10
6.51666
 20
0.998886
 11
6.51888
 21
0.996323
  0
LINE
  8
0
 10
6.51888
 20
0.996323
 11
6.52098
 21
0.993668
  0
LINE
  8
0
 10
6.52098
 20
0.993668
 11
6.52296
 21
0.990936
  0
LINE
  8
0
 10
6.52296
 20
0.990936
 11
6.52483
 21
0.988113
  0
LINE
  8
0
 10
6.52483
 20
0.988113
 11
6.52658
 21
0.985229
  0
LINE
  8
0
 10
6.52658
 20
0.985229
 11
6.52821
 21
0.982269
  0
LINE
  8
0
 10
6.52821
 20
0.982269
 11
6.52971
 21
0.979233
  0
LINE
  8
0
 10
6.52971
 20
0.979233
 11
6.5311
 21
0.976151
  0
LINE
  8
0
 10
6.5311
 20
0.976151
 11
6.53233
 21
0.973007
  0
LINE
  8
0
 10
6.53233
 20
0.973007
 11
6.53345
 21
0.969818
  0
LINE
  8
0
 10
6.53345
 20
0.969818
 11
6.53442
 21
0.966583
  0
LINE
  8
0
 10
6.53442
 20
0.966583
 11
6.53526
 21
0.963303
  0
LINE
  8
0
 10
6.53526
 20
0.963303
 11
6.53596
 21
0.959991
  0
LINE
  8
0
 10
6.53596
 20
0.959991
 11
6.53653
 21
0.956665
  0
LINE
  8
0
 10
6.53653
 20
0.956665
 11
6.53696
 21
0.953308
  0
LINE
  8
0
 10
6.53696
 20
0.953308
 11
6.53723
 21
0.949936
  0
LINE
  8
0
 10
6.53723
 20
0.949936
 11
6.53738
 21
0.946564
  0
LINE
  8
0
 10
6.53738
 20
0.946564
 11
6.53738
 21
0.943176
  0
LINE
  8
0
 10
6.53738
 20
0.943176
 11
6.53723
 21
0.939804
  0
LINE
  8
0
 10
6.53723
 20
0.939804
 11
6.53696
 21
0.936432
  0
LINE
  8
0
 10
6.53696
 20
0.936432
 11
6.53653
 21
0.93309
  0
LINE
  8
0
 10
6.53653
 20
0.93309
 11
6.53596
 21
0.929749
  0
LINE
  8
0
 10
6.53596
 20
0.929749
 11
6.53526
 21
0.926437
  0
LINE
  8
0
 10
6.53526
 20
0.926437
 11
6.53442
 21
0.923172
  0
LINE
  8
0
 10
6.53442
 20
0.923172
 11
6.53345
 21
0.919937
  0
LINE
  8
0
 10
6.53345
 20
0.919937
 11
6.53233
 21
0.916748
  0
LINE
  8
0
 10
6.53233
 20
0.916748
 11
6.5311
 21
0.913605
  0
LINE
  8
0
 10
6.5311
 20
0.913605
 11
6.52971
 21
0.910507
  0
LINE
  8
0
 10
6.52971
 20
0.910507
 11
6.52821
 21
0.907486
  0
LINE
  8
0
 10
6.52821
 20
0.907486
 11
6.52658
 21
0.904526
  0
LINE
  8
0
 10
6.52658
 20
0.904526
 11
6.52483
 21
0.901627
  0
LINE
  8
0
 10
6.52483
 20
0.901627
 11
6.52296
 21
0.898819
  0
LINE
  8
0
 10
6.52296
 20
0.898819
 11
6.52098
 21
0.896072
  0
LINE
  8
0
 10
6.52098
 20
0.896072
 11
6.51888
 21
0.893433
  0
LINE
  8
0
 10
6.51888
 20
0.893433
 11
6.51666
 21
0.890869
  0
LINE
  8
0
 10
6.51666
 20
0.890869
 11
6.51436
 21
0.888412
  0
LINE
  8
0
 10
6.51436
 20
0.888412
 11
6.51193
 21
0.886047
  0
LINE
  8
0
 10
6.51193
 20
0.886047
 11
6.50943
 21
0.883774
  0
LINE
  8
0
 10
6.50943
 20
0.883774
 11
6.50682
 21
0.881622
  0
LINE
  8
0
 10
6.50682
 20
0.881622
 11
6.50414
 21
0.879578
  0
LINE
  8
0
 10
6.50414
 20
0.879578
 11
6.50136
 21
0.877655
  0
LINE
  8
0
 10
6.50136
 20
0.877655
 11
6.4985
 21
0.875839
  0
LINE
  8
0
 10
6.4985
 20
0.875839
 11
6.49557
 21
0.874146
  0
LINE
  8
0
 10
6.49557
 20
0.874146
 11
6.49257
 21
0.872589
  0
LINE
  8
0
 10
6.49257
 20
0.872589
 11
6.48952
 21
0.87114
  0
LINE
  8
0
 10
6.48952
 20
0.87114
 11
6.4864
 21
0.869827
  0
LINE
  8
0
 10
6.4864
 20
0.869827
 11
6.48323
 21
0.868652
  0
LINE
  8
0
 10
6.48323
 20
0.868652
 11
6.48001
 21
0.867615
  0
LINE
  8
0
 10
6.48001
 20
0.867615
 11
6.47676
 21
0.866699
  0
LINE
  8
0
 10
6.47676
 20
0.866699
 11
6.47346
 21
0.865936
  0
LINE
  8
0
 10
6.47346
 20
0.865936
 11
6.47015
 21
0.865295
  0
LINE
  8
0
 10
6.47015
 20
0.865295
 11
6.4668
 21
0.864807
  0
LINE
  8
0
 10
6.4668
 20
0.864807
 11
6.46344
 21
0.864441
  0
LINE
  8
0
 10
6.46344
 20
0.864441
 11
6.46007
 21
0.864243
  0
LINE
  8
0
 10
6.46007
 20
0.864243
 11
6.4567
 21
0.864166
  0
LINE
  8
0
 10
6.4567
 20
0.864166
 11
6.45331
 21
0.864243
  0
LINE
  8
0
 10
7.71315
 20
0.864243
 11
7.70978
 21
0.864441
  0
LINE
  8
0
 10
7.70978
 20
0.864441
 11
7.70642
 21
0.864807
  0
LINE
  8
0
 10
7.70642
 20
0.864807
 11
7.70308
 21
0.865295
  0
LINE
  8
0
 10
7.70308
 20
0.865295
 11
7.69975
 21
0.865936
  0
LINE
  8
0
 10
7.69975
 20
0.865936
 11
7.69646
 21
0.866699
  0
LINE
  8
0
 10
7.69646
 20
0.866699
 11
7.69321
 21
0.867615
  0
LINE
  8
0
 10
7.69321
 20
0.867615
 11
7.68999
 21
0.868652
  0
LINE
  8
0
 10
7.68999
 20
0.868652
 11
7.68683
 21
0.869827
  0
LINE
  8
0
 10
7.68683
 20
0.869827
 11
7.6837
 21
0.87114
  0
LINE
  8
0
 10
7.6837
 20
0.87114
 11
7.68065
 21
0.872589
  0
LINE
  8
0
 10
7.68065
 20
0.872589
 11
7.67766
 21
0.874146
  0
LINE
  8
0
 10
7.67766
 20
0.874146
 11
7.67473
 21
0.875839
  0
LINE
  8
0
 10
7.67473
 20
0.875839
 11
7.67188
 21
0.877655
  0
LINE
  8
0
 10
7.67188
 20
0.877655
 11
7.6691
 21
0.879578
  0
LINE
  8
0
 10
7.6691
 20
0.879578
 11
7.6664
 21
0.881622
  0
LINE
  8
0
 10
7.6664
 20
0.881622
 11
7.6638
 21
0.883774
  0
LINE
  8
0
 10
7.6638
 20
0.883774
 11
7.66129
 21
0.886047
  0
LINE
  8
0
 10
7.66129
 20
0.886047
 11
7.65887
 21
0.888412
  0
LINE
  8
0
 10
7.65887
 20
0.888412
 11
7.65656
 21
0.890869
  0
LINE
  8
0
 10
7.65656
 20
0.890869
 11
7.65434
 21
0.893433
  0
LINE
  8
0
 10
7.65434
 20
0.893433
 11
7.65225
 21
0.896072
  0
LINE
  8
0
 10
7.65225
 20
0.896072
 11
7.65025
 21
0.898819
  0
LINE
  8
0
 10
7.65025
 20
0.898819
 11
7.64839
 21
0.901627
  0
LINE
  8
0
 10
7.64839
 20
0.901627
 11
7.64664
 21
0.904526
  0
LINE
  8
0
 10
7.64664
 20
0.904526
 11
7.645
 21
0.907486
  0
LINE
  8
0
 10
7.645
 20
0.907486
 11
7.64351
 21
0.910507
  0
LINE
  8
0
 10
7.64351
 20
0.910507
 11
7.64214
 21
0.913605
  0
LINE
  8
0
 10
7.64214
 20
0.913605
 11
7.64088
 21
0.916748
  0
LINE
  8
0
 10
7.64088
 20
0.916748
 11
7.63977
 21
0.919937
  0
LINE
  8
0
 10
7.63977
 20
0.919937
 11
7.63879
 21
0.923172
  0
LINE
  8
0
 10
7.63879
 20
0.923172
 11
7.63795
 21
0.926437
  0
LINE
  8
0
 10
7.63795
 20
0.926437
 11
7.63725
 21
0.929749
  0
LINE
  8
0
 10
7.63725
 20
0.929749
 11
7.63669
 21
0.93309
  0
LINE
  8
0
 10
7.63669
 20
0.93309
 11
7.63626
 21
0.936432
  0
LINE
  8
0
 10
7.63626
 20
0.936432
 11
7.63599
 21
0.939804
  0
LINE
  8
0
 10
7.63599
 20
0.939804
 11
7.63585
 21
0.943176
  0
LINE
  8
0
 10
7.63585
 20
0.943176
 11
7.63585
 21
0.946564
  0
LINE
  8
0
 10
7.63585
 20
0.946564
 11
7.63599
 21
0.949936
  0
LINE
  8
0
 10
7.63599
 20
0.949936
 11
7.63626
 21
0.953308
  0
LINE
  8
0
 10
7.63626
 20
0.953308
 11
7.63669
 21
0.956665
  0
LINE
  8
0
 10
7.63669
 20
0.956665
 11
7.63725
 21
0.959991
  0
LINE
  8
0
 10
7.63725
 20
0.959991
 11
7.63795
 21
0.963303
  0
LINE
  8
0
 10
7.63795
 20
0.963303
 11
7.63879
 21
0.966583
  0
LINE
  8
0
 10
7.63879
 20
0.966583
 11
7.63977
 21
0.969818
  0
LINE
  8
0
 10
7.63977
 20
0.969818
 11
7.64088
 21
0.973007
  0
LINE
  8
0
 10
7.64088
 20
0.973007
 11
7.64214
 21
0.976151
  0
LINE
  8
0
 10
7.64214
 20
0.976151
 11
7.64351
 21
0.979233
  0
LINE
  8
0
 10
7.64351
 20
0.979233
 11
7.645
 21
0.982269
  0
LINE
  8
0
 10
7.645
 20
0.982269
 11
7.64664
 21
0.985229
  0
LINE
  8
0
 10
7.64664
 20
0.985229
 11
7.64839
 21
0.988113
  0
LINE
  8
0
 10
7.64839
 20
0.988113
 11
7.65025
 21
0.990936
  0
LINE
  8
0
 10
7.65025
 20
0.990936
 11
7.65225
 21
0.993668
  0
LINE
  8
0
 10
7.65225
 20
0.993668
 11
7.65434
 21
0.996323
  0
LINE
  8
0
 10
7.65434
 20
0.996323
 11
7.65656
 21
0.998886
  0
LINE
  8
0
 10
7.65656
 20
0.998886
 11
7.65887
 21
1.00134
  0
LINE
  8
0
 10
7.65887
 20
1.00134
 11
7.66129
 21
1.00371
  0
LINE
  8
0
 10
7.66129
 20
1.00371
 11
7.6638
 21
1.00597
  0
LINE
  8
0
 10
7.6638
 20
1.00597
 11
7.6664
 21
1.00812
  0
LINE
  8
0
 10
7.6664
 20
1.00812
 11
7.6691
 21
1.01016
  0
LINE
  8
0
 10
7.6691
 20
1.01016
 11
7.67188
 21
1.0121
  0
LINE
  8
0
 10
7.67188
 20
1.0121
 11
7.67473
 21
1.01392
  0
LINE
  8
0
 10
7.67473
 20
1.01392
 11
7.67766
 21
1.01559
  0
LINE
  8
0
 10
7.67766
 20
1.01559
 11
7.68065
 21
1.01717
  0
LINE
  8
0
 10
7.68065
 20
1.01717
 11
7.6837
 21
1.0186
  0
LINE
  8
0
 10
7.6837
 20
1.0186
 11
7.68683
 21
1.01991
  0
LINE
  8
0
 10
7.68683
 20
1.01991
 11
7.68999
 21
1.02109
  0
LINE
  8
0
 10
7.68999
 20
1.02109
 11
7.69321
 21
1.02214
  0
LINE
  8
0
 10
7.69321
 20
1.02214
 11
7.69646
 21
1.02304
  0
LINE
  8
0
 10
7.69646
 20
1.02304
 11
7.69975
 21
1.02382
  0
LINE
  8
0
 10
7.69975
 20
1.02382
 11
7.70308
 21
1.02446
  0
LINE
  8
0
 10
7.70308
 20
1.02446
 11
7.70642
 21
1.02495
  0
LINE
  8
0
 10
7.70642
 20
1.02495
 11
7.70978
 21
1.0253
  0
LINE
  8
0
 10
7.70978
 20
1.0253
 11
7.71315
 21
1.02551
  0
LINE
  8
0
 10
7.71315
 20
1.02551
 11
7.71654
 21
1.02559
  0
LINE
  8
0
 10
7.71654
 20
1.02559
 11
7.71991
 21
1.02551
  0
LINE
  8
0
 10
7.71991
 20
1.02551
 11
7.72328
 21
1.0253
  0
LINE
  8
0
 10
7.72328
 20
1.0253
 11
7.72665
 21
1.02495
  0
LINE
  8
0
 10
7.72665
 20
1.02495
 11
7.73
 21
1.02446
  0
LINE
  8
0
 10
7.73
 20
1.02446
 11
7.73331
 21
1.02382
  0
LINE
  8
0
 10
7.73331
 20
1.02382
 11
7.7366
 21
1.02304
  0
LINE
  8
0
 10
7.7366
 20
1.02304
 11
7.73985
 21
1.02214
  0
LINE
  8
0
 10
7.73985
 20
1.02214
 11
7.74307
 21
1.02109
  0
LINE
  8
0
 10
7.74307
 20
1.02109
 11
7.74625
 21
1.01991
  0
LINE
  8
0
 10
7.74625
 20
1.01991
 11
7.74936
 21
1.0186
  0
LINE
  8
0
 10
7.74936
 20
1.0186
 11
7.75241
 21
1.01717
  0
LINE
  8
0
 10
7.75241
 20
1.01717
 11
7.75542
 21
1.01559
  0
LINE
  8
0
 10
7.75542
 20
1.01559
 11
7.75835
 21
1.01392
  0
LINE
  8
0
 10
7.75835
 20
1.01392
 11
7.7612
 21
1.0121
  0
LINE
  8
0
 10
7.7612
 20
1.0121
 11
7.76398
 21
1.01016
  0
LINE
  8
0
 10
7.76398
 20
1.01016
 11
7.76666
 21
1.00812
  0
LINE
  8
0
 10
7.76666
 20
1.00812
 11
7.76927
 21
1.00597
  0
LINE
  8
0
 10
7.76927
 20
1.00597
 11
7.77177
 21
1.00371
  0
LINE
  8
0
 10
7.77177
 20
1.00371
 11
7.7742
 21
1.00134
  0
LINE
  8
0
 10
7.7742
 20
1.00134
 11
7.7765
 21
0.998886
  0
LINE
  8
0
 10
7.7765
 20
0.998886
 11
7.77872
 21
0.996323
  0
LINE
  8
0
 10
7.77872
 20
0.996323
 11
7.78082
 21
0.993668
  0
LINE
  8
0
 10
7.78082
 20
0.993668
 11
7.78281
 21
0.990936
  0
LINE
  8
0
 10
7.78281
 20
0.990936
 11
7.78468
 21
0.988113
  0
LINE
  8
0
 10
7.78468
 20
0.988113
 11
7.78642
 21
0.985229
  0
LINE
  8
0
 10
7.78642
 20
0.985229
 11
7.78806
 21
0.982269
  0
LINE
  8
0
 10
7.78806
 20
0.982269
 11
7.78957
 21
0.979233
  0
LINE
  8
0
 10
7.78957
 20
0.979233
 11
7.79094
 21
0.976151
  0
LINE
  8
0
 10
7.79094
 20
0.976151
 11
7.79218
 21
0.973007
  0
LINE
  8
0
 10
7.79218
 20
0.973007
 11
7.79329
 21
0.969818
  0
LINE
  8
0
 10
7.79329
 20
0.969818
 11
7.79427
 21
0.966583
  0
LINE
  8
0
 10
7.79427
 20
0.966583
 11
7.7951
 21
0.963303
  0
LINE
  8
0
 10
7.7951
 20
0.963303
 11
7.79581
 21
0.959991
  0
LINE
  8
0
 10
7.79581
 20
0.959991
 11
7.79637
 21
0.956665
  0
LINE
  8
0
 10
7.79637
 20
0.956665
 11
7.7968
 21
0.953308
  0
LINE
  8
0
 10
7.7968
 20
0.953308
 11
7.79709
 21
0.949936
  0
LINE
  8
0
 10
7.79709
 20
0.949936
 11
7.79723
 21
0.946564
  0
LINE
  8
0
 10
7.79723
 20
0.946564
 11
7.79723
 21
0.943176
  0
LINE
  8
0
 10
7.79723
 20
0.943176
 11
7.79709
 21
0.939804
  0
LINE
  8
0
 10
7.79709
 20
0.939804
 11
7.7968
 21
0.936432
  0
LINE
  8
0
 10
7.7968
 20
0.936432
 11
7.79637
 21
0.93309
  0
LINE
  8
0
 10
7.79637
 20
0.93309
 11
7.79581
 21
0.929749
  0
LINE
  8
0
 10
7.79581
 20
0.929749
 11
7.7951
 21
0.926437
  0
LINE
  8
0
 10
7.7951
 20
0.926437
 11
7.79427
 21
0.923172
  0
LINE
  8
0
 10
7.79427
 20
0.923172
 11
7.79329
 21
0.919937
  0
LINE
  8
0
 10
7.79329
 20
0.919937
 11
7.79218
 21
0.916748
  0
LINE
  8
0
 10
7.79218
 20
0.916748
 11
7.79094
 21
0.913605
  0
LINE
  8
0
 10
7.79094
 20
0.913605
 11
7.78957
 21
0.910507
  0
LINE
  8
0
 10
7.78957
 20
0.910507
 11
7.78806
 21
0.907486
  0
LINE
  8
0
 10
7.78806
 20
0.907486
 11
7.78642
 21
0.904526
  0
LINE
  8
0
 10
7.78642
 20
0.904526
 11
7.78468
 21
0.901627
  0
LINE
  8
0
 10
7.78468
 20
0.901627
 11
7.78281
 21
0.898819
  0
LINE
  8
0
 10
7.78281
 20
0.898819
 11
7.78082
 21
0.896072
  0
LINE
  8
0
 10
7.78082
 20
0.896072
 11
7.77872
 21
0.893433
  0
LINE
  8
0
 10
7.77872
 20
0.893433
 11
7.7765
 21
0.890869
  0
LINE
  8
0
 10
7.7765
 20
0.890869
 11
7.7742
 21
0.888412
  0
LINE
  8
0
 10
7.7742
 20
0.888412
 11
7.77177
 21
0.886047
  0
LINE
  8
0
 10
7.77177
 20
0.886047
 11
7.76927
 21
0.883774
  0
LINE
  8
0
 10
7.76927
 20
0.883774
 11
7.76666
 21
0.881622
  0
LINE
  8
0
 10
7.76666
 20
0.881622
 11
7.76398
 21
0.879578
  0
LINE
  8
0
 10
7.76398
 20
0.879578
 11
7.7612
 21
0.877655
  0
LINE
  8
0
 10
7.7612
 20
0.877655
 11
7.75835
 21
0.875839
  0
LINE
  8
0
 10
7.75835
 20
0.875839
 11
7.75542
 21
0.874146
  0
LINE
  8
0
 10
7.75542
 20
0.874146
 11
7.75241
 21
0.872589
  0
LINE
  8
0
 10
7.75241
 20
0.872589
 11
7.74936
 21
0.87114
  0
LINE
  8
0
 10
7.74936
 20
0.87114
 11
7.74625
 21
0.869827
  0
LINE
  8
0
 10
7.74625
 20
0.869827
 11
7.74307
 21
0.868652
  0
LINE
  8
0
 10
7.74307
 20
0.868652
 11
7.73985
 21
0.867615
  0
LINE
  8
0
 10
7.73985
 20
0.867615
 11
7.7366
 21
0.866699
  0
LINE
  8
0
 10
7.7366
 20
0.866699
 11
7.73331
 21
0.865936
  0
LINE
  8
0
 10
7.73331
 20
0.865936
 11
7.73
 21
0.865295
  0
LINE
  8
0
 10
7.73
 20
0.865295
 11
7.72665
 21
0.864807
  0
LINE
  8
0
 10
7.72665
 20
0.864807
 11
7.72328
 21
0.864441
  0
LINE
  8
0
 10
7.72328
 20
0.864441
 11
7.71991
 21
0.864243
  0
LINE
  8
0
 10
7.71991
 20
0.864243
 11
7.71654
 21
0.864166
  0
LINE
  8
0
 10
7.71654
 20
0.864166
 11
7.71315
 21
0.864243
  0
LINE
  8
0
 10
-7.71991
 20
0.864243
 11
-7.72328
 21
0.864441
  0
LINE
  8
0
 10
-7.72328
 20
0.864441
 11
-7.72665
 21
0.864807
  0
LINE
  8
0
 10
-7.72665
 20
0.864807
 11
-7.73
 21
0.865295
  0
LINE
  8
0
 10
-7.73
 20
0.865295
 11
-7.73331
 21
0.865936
  0
LINE
  8
0
 10
-7.73331
 20
0.865936
 11
-7.7366
 21
0.866699
  0
LINE
  8
0
 10
-7.7366
 20
0.866699
 11
-7.73985
 21
0.867615
  0
LINE
  8
0
 10
-7.73985
 20
0.867615
 11
-7.74307
 21
0.868652
  0
LINE
  8
0
 10
-7.74307
 20
0.868652
 11
-7.74625
 21
0.869827
  0
LINE
  8
0
 10
-7.74625
 20
0.869827
 11
-7.74936
 21
0.87114
  0
LINE
  8
0
 10
-7.74936
 20
0.87114
 11
-7.75241
 21
0.872589
  0
LINE
  8
0
 10
-7.75241
 20
0.872589
 11
-7.75542
 21
0.874146
  0
LINE
  8
0
 10
-7.75542
 20
0.874146
 11
-7.75835
 21
0.875839
  0
LINE
  8
0
 10
-7.75835
 20
0.875839
 11
-7.7612
 21
0.877655
  0
LINE
  8
0
 10
-7.7612
 20
0.877655
 11
-7.76398
 21
0.879578
  0
LINE
  8
0
 10
-7.76398
 20
0.879578
 11
-7.76666
 21
0.881622
  0
LINE
  8
0
 10
-7.76666
 20
0.881622
 11
-7.76927
 21
0.883774
  0
LINE
  8
0
 10
-7.76927
 20
0.883774
 11
-7.77177
 21
0.886047
  0
LINE
  8
0
 10
-7.77177
 20
0.886047
 11
-7.7742
 21
0.888412
  0
LINE
  8
0
 10
-7.7742
 20
0.888412
 11
-7.7765
 21
0.890869
  0
LINE
  8
0
 10
-7.7765
 20
0.890869
 11
-7.77872
 21
0.893433
  0
LINE
  8
0
 10
-7.77872
 20
0.893433
 11
-7.78082
 21
0.896072
  0
LINE
  8
0
 10
-7.78082
 20
0.896072
 11
-7.78281
 21
0.898819
  0
LINE
  8
0
 10
-7.78281
 20
0.898819
 11
-7.78468
 21
0.901627
  0
LINE
  8
0
 10
-7.78468
 20
0.901627
 11
-7.78642
 21
0.904526
  0
LINE
  8
0
 10
-7.78642
 20
0.904526
 11
-7.78806
 21
0.907486
  0
LINE
  8
0
 10
-7.78806
 20
0.907486
 11
-7.78957
 21
0.910507
  0
LINE
  8
0
 10
-7.78957
 20
0.910507
 11
-7.79094
 21
0.913605
  0
LINE
  8
0
 10
-7.79094
 20
0.913605
 11
-7.79218
 21
0.916748
  0
LINE
  8
0
 10
-7.79218
 20
0.916748
 11
-7.79329
 21
0.919937
  0
LINE
  8
0
 10
-7.79329
 20
0.919937
 11
-7.79427
 21
0.923172
  0
LINE
  8
0
 10
-7.79427
 20
0.923172
 11
-7.7951
 21
0.926437
  0
LINE
  8
0
 10
-7.7951
 20
0.926437
 11
-7.79581
 21
0.929749
  0
LINE
  8
0
 10
-7.79581
 20
0.929749
 11
-7.79637
 21
0.93309
  0
LINE
  8
0
 10
-7.79637
 20
0.93309
 11
-7.7968
 21
0.936432
  0
LINE
  8
0
 10
-7.7968
 20
0.936432
 11
-7.79709
 21
0.939804
  0
LINE
  8
0
 10
-7.79709
 20
0.939804
 11
-7.79723
 21
0.943176
  0
LINE
  8
0
 10
-7.79723
 20
0.943176
 11
-7.79723
 21
0.946564
  0
LINE
  8
0
 10
-7.79723
 20
0.946564
 11
-7.79709
 21
0.949936
  0
LINE
  8
0
 10
-7.79709
 20
0.949936
 11
-7.7968
 21
0.953308
  0
LINE
  8
0
 10
-7.7968
 20
0.953308
 11
-7.79637
 21
0.956665
  0
LINE
  8
0
 10
-7.79637
 20
0.956665
 11
-7.79581
 21
0.959991
  0
LINE
  8
0
 10
-7.79581
 20
0.959991
 11
-7.7951
 21
0.963303
  0
LINE
  8
0
 10
-7.7951
 20
0.963303
 11
-7.79427
 21
0.966583
  0
LINE
  8
0
 10
-7.79427
 20
0.966583
 11
-7.79329
 21
0.969818
  0
LINE
  8
0
 10
-7.79329
 20
0.969818
 11
-7.79218
 21
0.973007
  0
LINE
  8
0
 10
-7.79218
 20
0.973007
 11
-7.79094
 21
0.976151
  0
LINE
  8
0
 10
-7.79094
 20
0.976151
 11
-7.78957
 21
0.979233
  0
LINE
  8
0
 10
-7.78957
 20
0.979233
 11
-7.78806
 21
0.982269
  0
LINE
  8
0
 10
-7.78806
 20
0.982269
 11
-7.78642
 21
0.985229
  0
LINE
  8
0
 10
-7.78642
 20
0.985229
 11
-7.78468
 21
0.988113
  0
LINE
  8
0
 10
-7.78468
 20
0.988113
 11
-7.78281
 21
0.990936
  0
LINE
  8
0
 10
-7.78281
 20
0.990936
 11
-7.78082
 21
0.993668
  0
LINE
  8
0
 10
-7.78082
 20
0.993668
 11
-7.77872
 21
0.996323
  0
LINE
  8
0
 10
-7.77872
 20
0.996323
 11
-7.7765
 21
0.998886
  0
LINE
  8
0
 10
-7.7765
 20
0.998886
 11
-7.7742
 21
1.00134
  0
LINE
  8
0
 10
-7.7742
 20
1.00134
 11
-7.77177
 21
1.00371
  0
LINE
  8
0
 10
-7.77177
 20
1.00371
 11
-7.76927
 21
1.00597
  0
LINE
  8
0
 10
-7.76927
 20
1.00597
 11
-7.76666
 21
1.00812
  0
LINE
  8
0
 10
-7.76666
 20
1.00812
 11
-7.76398
 21
1.01016
  0
LINE
  8
0
 10
-7.76398
 20
1.01016
 11
-7.7612
 21
1.0121
  0
LINE
  8
0
 10
-7.7612
 20
1.0121
 11
-7.75835
 21
1.01392
  0
LINE
  8
0
 10
-7.75835
 20
1.01392
 11
-7.75542
 21
1.01559
  0
LINE
  8
0
 10
-7.75542
 20
1.01559
 11
-7.75241
 21
1.01717
  0
LINE
  8
0
 10
-7.75241
 20
1.01717
 11
-7.74936
 21
1.0186
  0
LINE
  8
0
 10
-7.74936
 20
1.0186
 11
-7.74625
 21
1.01991
  0
LINE
  8
0
 10
-7.74625
 20
1.01991
 11
-7.74307
 21
1.02109
  0
LINE
  8
0
 10
-7.74307
 20
1.02109
 11
-7.73985
 21
1.02214
  0
LINE
  8
0
 10
-7.73985
 20
1.02214
 11
-7.7366
 21
1.02304
  0
LINE
  8
0
 10
-7.7366
 20
1.02304
 11
-7.73331
 21
1.02382
  0
LINE
  8
0
 10
-7.73331
 20
1.02382
 11
-7.73
 21
1.02446
  0
LINE
  8
0
 10
-7.73
 20
1.02446
 11
-7.72665
 21
1.02495
  0
LINE
  8
0
 10
-7.72665
 20
1.02495
 11
-7.72328
 21
1.0253
  0
LINE
  8
0
 10
-7.72328
 20
1.0253
 11
-7.71991
 21
1.02551
  0
LINE
  8
0
 10
-7.71991
 20
1.02551
 11
-7.71654
 21
1.02559
  0
LINE
  8
0
 10
-7.71654
 20
1.02559
 11
-7.71315
 21
1.02551
  0
LINE
  8
0
 10
-7.71315
 20
1.02551
 11
-7.70978
 21
1.0253
  0
LINE
  8
0
 10
-7.70978
 20
1.0253
 11
-7.70642
 21
1.02495
  0
LINE
  8
0
 10
-7.70642
 20
1.02495
 11
-7.70308
 21
1.02446
  0
LINE
  8
0
 10
-7.70308
 20
1.02446
 11
-7.69975
 21
1.02382
  0
LINE
  8
0
 10
-7.69975
 20
1.02382
 11
-7.69646
 21
1.02304
  0
LINE
  8
0
 10
-7.69646
 20
1.02304
 11
-7.69321
 21
1.02214
  0
LINE
  8
0
 10
-7.69321
 20
1.02214
 11
-7.68999
 21
1.02109
  0
LINE
  8
0
 10
-7.68999
 20
1.02109
 11
-7.68683
 21
1.01991
  0
LINE
  8
0
 10
-7.68683
 20
1.01991
 11
-7.6837
 21
1.0186
  0
LINE
  8
0
 10
-7.6837
 20
1.0186
 11
-7.68065
 21
1.01717
  0
LINE
  8
0
 10
-7.68065
 20
1.01717
 11
-7.67766
 21
1.01559
  0
LINE
  8
0
 10
-7.67766
 20
1.01559
 11
-7.67473
 21
1.01392
  0
LINE
  8
0
 10
-7.67473
 20
1.01392
 11
-7.67188
 21
1.0121
  0
LINE
  8
0
 10
-7.67188
 20
1.0121
 11
-7.6691
 21
1.01016
  0
LINE
  8
0
 10
-7.6691
 20
1.01016
 11
-7.6664
 21
1.00812
  0
LINE
  8
0
 10
-7.6664
 20
1.00812
 11
-7.6638
 21
1.00597
  0
LINE
  8
0
 10
-7.6638
 20
1.00597
 11
-7.66129
 21
1.00371
  0
LINE
  8
0
 10
-7.66129
 20
1.00371
 11
-7.65887
 21
1.00134
  0
LINE
  8
0
 10
-7.65887
 20
1.00134
 11
-7.65656
 21
0.998886
  0
LINE
  8
0
 10
-7.65656
 20
0.998886
 11
-7.65434
 21
0.996323
  0
LINE
  8
0
 10
-7.65434
 20
0.996323
 11
-7.65225
 21
0.993668
  0
LINE
  8
0
 10
-7.65225
 20
0.993668
 11
-7.65025
 21
0.990936
  0
LINE
  8
0
 10
-7.65025
 20
0.990936
 11
-7.64839
 21
0.988113
  0
LINE
  8
0
 10
-7.64839
 20
0.988113
 11
-7.64664
 21
0.985229
  0
LINE
  8
0
 10
-7.64664
 20
0.985229
 11
-7.645
 21
0.982269
  0
LINE
  8
0
 10
-7.645
 20
0.982269
 11
-7.64351
 21
0.979233
  0
LINE
  8
0
 10
-7.64351
 20
0.979233
 11
-7.64214
 21
0.976151
  0
LINE
  8
0
 10
-7.64214
 20
0.976151
 11
-7.64088
 21
0.973007
  0
LINE
  8
0
 10
-7.64088
 20
0.973007
 11
-7.63977
 21
0.969818
  0
LINE
  8
0
 10
-7.63977
 20
0.969818
 11
-7.63879
 21
0.966583
  0
LINE
  8
0
 10
-7.63879
 20
0.966583
 11
-7.63795
 21
0.963303
  0
LINE
  8
0
 10
-7.63795
 20
0.963303
 11
-7.63725
 21
0.959991
  0
LINE
  8
0
 10
-7.63725
 20
0.959991
 11
-7.63669
 21
0.956665
  0
LINE
  8
0
 10
-7.63669
 20
0.956665
 11
-7.63626
 21
0.953308
  0
LINE
  8
0
 10
-7.63626
 20
0.953308
 11
-7.63599
 21
0.949936
  0
LINE
  8
0
 10
-7.63599
 20
0.949936
 11
-7.63585
 21
0.946564
  0
LINE
  8
0
 10
-7.63585
 20
0.946564
 11
-7.63585
 21
0.943176
  0
LINE
  8
0
 10
-7.63585
 20
0.943176
 11
-7.63599
 21
0.939804
  0
LINE
  8
0
 10
-7.63599
 20
0.939804
 11
-7.63626
 21
0.936432
  0
LINE
  8
0
 10
-7.63626
 20
0.936432
 11
-7.63669
 21
0.93309
  0
LINE
  8
0
 10
-7.63669
 20
0.93309
 11
-7.63725
 21
0.929749
  0
LINE
  8
0
 10
-7.63725
 20
0.929749
 11
-7.63795
 21
0.926437
  0
LINE
  8
0
 10
-7.63795
 20
0.926437
 11
-7.63879
 21
0.923172
  0
LINE
  8
0
 10
-7.63879
 20
0.923172
 11
-7.63977
 21
0.919937
  0
LINE
  8
0
 10
-7.63977
 20
0.919937
 11
-7.64088
 21
0.916748
  0
LINE
  8
0
 10
-7.64088
 20
0.916748
 11
-7.64214
 21
0.913605
  0
LINE
  8
0
 10
-7.64214
 20
0.913605
 11
-7.64351
 21
0.910507
  0
LINE
  8
0
 10
-7.64351
 20
0.910507
 11
-7.645
 21
0.907486
  0
LINE
  8
0
 10
-7.645
 20
0.907486
 11
-7.64664
 21
0.904526
  0
LINE
  8
0
 10
-7.64664
 20
0.904526
 11
-7.64839
 21
0.901627
  0
LINE
  8
0
 10
-7.64839
 20
0.901627
 11
-7.65025
 21
0.898819
  0
LINE
  8
0
 10
-7.65025
 20
0.898819
 11
-7.65225
 21
0.896072
  0
LINE
  8
0
 10
-7.65225
 20
0.896072
 11
-7.65434
 21
0.893433
  0
LINE
  8
0
 10
-7.65434
 20
0.893433
 11
-7.65656
 21
0.890869
  0
LINE
  8
0
 10
-7.65656
 20
0.890869
 11
-7.65887
 21
0.888412
  0
LINE
  8
0
 10
-7.65887
 20
0.888412
 11
-7.66129
 21
0.886047
  0
LINE
  8
0
 10
-7.66129
 20
0.886047
 11
-7.6638
 21
0.883774
  0
LINE
  8
0
 10
-7.6638
 20
0.883774
 11
-7.6664
 21
0.881622
  0
LINE
  8
0
 10
-7.6664
 20
0.881622
 11
-7.6691
 21
0.879578
  0
LINE
  8
0
 10
-7.6691
 20
0.879578
 11
-7.67188
 21
0.877655
  0
LINE
  8
0
 10
-7.67188
 20
0.877655
 11
-7.67473
 21
0.875839
  0
LINE
  8
0
 10
-7.67473
 20
0.875839
 11
-7.67766
 21
0.874146
  0
LINE
  8
0
 10
-7.67766
 20
0.874146
 11
-7.68065
 21
0.872589
  0
LINE
  8
0
 10
-7.68065
 20
0.872589
 11
-7.6837
 21
0.87114
  0
LINE
  8
0
 10
-7.6837
 20
0.87114
 11
-7.68683
 21
0.869827
  0
LINE
  8
0
 10
-7.68683
 20
0.869827
 11
-7.68999
 21
0.868652
  0
LINE
  8
0
 10
-7.68999
 20
0.868652
 11
-7.69321
 21
0.867615
  0
LINE
  8
0
 10
-7.69321
 20
0.867615
 11
-7.69646
 21
0.866699
  0
LINE
  8
0
 10
-7.69646
 20
0.866699
 11
-7.69975
 21
0.865936
  0
LINE
  8
0
 10
-7.69975
 20
0.865936
 11
-7.70308
 21
0.865295
  0
LINE
  8
0
 10
-7.70308
 20
0.865295
 11
-7.70642
 21
0.864807
  0
LINE
  8
0
 10
-7.70642
 20
0.864807
 11
-7.70978
 21
0.864441
  0
LINE
  8
0
 10
-7.70978
 20
0.864441
 11
-7.71315
 21
0.864243
  0
LINE
  8
0
 10
-7.71315
 20
0.864243
 11
-7.71654
 21
0.864166
  0
LINE
  8
0
 10
-7.71654
 20
0.864166
 11
-7.71991
 21
0.864243
  0
LINE
  8
0
 10
7.71315
 20
-1.65544
 11
7.70978
 21
-1.65523
  0
LINE
  8
0
 10
7.70978
 20
-1.65523
 11
7.70642
 21
-1.65486
  0
LINE
  8
0
 10
7.70642
 20
-1.65486
 11
7.70308
 21
-1.65437
  0
LINE
  8
0
 10
7.70308
 20
-1.65437
 11
7.69975
 21
-1.65375
  0
LINE
  8
0
 10
7.69975
 20
-1.65375
 11
7.69646
 21
-1.65297
  0
LINE
  8
0
 10
7.69646
 20
-1.65297
 11
7.69321
 21
-1.65205
  0
LINE
  8
0
 10
7.69321
 20
-1.65205
 11
7.68999
 21
-1.65102
  0
LINE
  8
0
 10
7.68999
 20
-1.65102
 11
7.68683
 21
-1.64984
  0
LINE
  8
0
 10
7.68683
 20
-1.64984
 11
7.6837
 21
-1.64853
  0
LINE
  8
0
 10
7.6837
 20
-1.64853
 11
7.68065
 21
-1.64709
  0
LINE
  8
0
 10
7.68065
 20
-1.64709
 11
7.67766
 21
-1.64552
  0
LINE
  8
0
 10
7.67766
 20
-1.64552
 11
7.67473
 21
-1.64383
  0
LINE
  8
0
 10
7.67473
 20
-1.64383
 11
7.67188
 21
-1.64201
  0
LINE
  8
0
 10
7.67188
 20
-1.64201
 11
7.6691
 21
-1.64009
  0
LINE
  8
0
 10
7.6691
 20
-1.64009
 11
7.6664
 21
-1.63805
  0
LINE
  8
0
 10
7.6664
 20
-1.63805
 11
7.6638
 21
-1.63589
  0
LINE
  8
0
 10
7.6638
 20
-1.63589
 11
7.66129
 21
-1.63364
  0
LINE
  8
0
 10
7.66129
 20
-1.63364
 11
7.65887
 21
-1.63127
  0
LINE
  8
0
 10
7.65887
 20
-1.63127
 11
7.65656
 21
-1.6288
  0
LINE
  8
0
 10
7.65656
 20
-1.6288
 11
7.65434
 21
-1.62624
  0
LINE
  8
0
 10
7.65434
 20
-1.62624
 11
7.65225
 21
-1.6236
  0
LINE
  8
0
 10
7.65225
 20
-1.6236
 11
7.65025
 21
-1.62086
  0
LINE
  8
0
 10
7.65025
 20
-1.62086
 11
7.64839
 21
-1.61804
  0
LINE
  8
0
 10
7.64839
 20
-1.61804
 11
7.64664
 21
-1.61514
  0
LINE
  8
0
 10
7.64664
 20
-1.61514
 11
7.645
 21
-1.61218
  0
LINE
  8
0
 10
7.645
 20
-1.61218
 11
7.64351
 21
-1.60916
  0
LINE
  8
0
 10
7.64351
 20
-1.60916
 11
7.64214
 21
-1.60608
  0
LINE
  8
0
 10
7.64214
 20
-1.60608
 11
7.64088
 21
-1.60294
  0
LINE
  8
0
 10
7.64088
 20
-1.60294
 11
7.63977
 21
-1.59973
  0
LINE
  8
0
 10
7.63977
 20
-1.59973
 11
7.63879
 21
-1.5965
  0
LINE
  8
0
 10
7.63879
 20
-1.5965
 11
7.63795
 21
-1.59323
  0
LINE
  8
0
 10
7.63795
 20
-1.59323
 11
7.63725
 21
-1.58992
  0
LINE
  8
0
 10
7.63725
 20
-1.58992
 11
7.63669
 21
-1.58658
  0
LINE
  8
0
 10
7.63669
 20
-1.58658
 11
7.63626
 21
-1.58324
  0
LINE
  8
0
 10
7.63626
 20
-1.58324
 11
7.63599
 21
-1.57986
  0
LINE
  8
0
 10
7.63599
 20
-1.57986
 11
7.63585
 21
-1.57649
  0
LINE
  8
0
 10
7.63585
 20
-1.57649
 11
7.63585
 21
-1.5731
  0
LINE
  8
0
 10
7.63585
 20
-1.5731
 11
7.63599
 21
-1.56973
  0
LINE
  8
0
 10
7.63599
 20
-1.56973
 11
7.63626
 21
-1.56636
  0
LINE
  8
0
 10
7.63626
 20
-1.56636
 11
7.63669
 21
-1.563
  0
LINE
  8
0
 10
7.63669
 20
-1.563
 11
7.63725
 21
-1.55968
  0
LINE
  8
0
 10
7.63725
 20
-1.55968
 11
7.63795
 21
-1.55637
  0
LINE
  8
0
 10
7.63795
 20
-1.55637
 11
7.63879
 21
-1.55309
  0
LINE
  8
0
 10
7.63879
 20
-1.55309
 11
7.63977
 21
-1.54985
  0
LINE
  8
0
 10
7.63977
 20
-1.54985
 11
7.64088
 21
-1.54666
  0
LINE
  8
0
 10
7.64088
 20
-1.54666
 11
7.64214
 21
-1.54352
  0
LINE
  8
0
 10
7.64214
 20
-1.54352
 11
7.64351
 21
-1.54044
  0
LINE
  8
0
 10
7.64351
 20
-1.54044
 11
7.645
 21
-1.5374
  0
LINE
  8
0
 10
7.645
 20
-1.5374
 11
7.64664
 21
-1.53444
  0
LINE
  8
0
 10
7.64664
 20
-1.53444
 11
7.64839
 21
-1.53156
  0
LINE
  8
0
 10
7.64839
 20
-1.53156
 11
7.65025
 21
-1.52873
  0
LINE
  8
0
 10
7.65025
 20
-1.52873
 11
7.65225
 21
-1.526
  0
LINE
  8
0
 10
7.65225
 20
-1.526
 11
7.65434
 21
-1.52335
  0
LINE
  8
0
 10
7.65434
 20
-1.52335
 11
7.65656
 21
-1.5208
  0
LINE
  8
0
 10
7.65656
 20
-1.5208
 11
7.65887
 21
-1.51833
  0
LINE
  8
0
 10
7.65887
 20
-1.51833
 11
7.66129
 21
-1.51596
  0
LINE
  8
0
 10
7.66129
 20
-1.51596
 11
7.6638
 21
-1.5137
  0
LINE
  8
0
 10
7.6638
 20
-1.5137
 11
7.6664
 21
-1.51155
  0
LINE
  8
0
 10
7.6664
 20
-1.51155
 11
7.6691
 21
-1.50951
  0
LINE
  8
0
 10
7.6691
 20
-1.50951
 11
7.67188
 21
-1.50757
  0
LINE
  8
0
 10
7.67188
 20
-1.50757
 11
7.67473
 21
-1.50577
  0
LINE
  8
0
 10
7.67473
 20
-1.50577
 11
7.67766
 21
-1.50407
  0
LINE
  8
0
 10
7.67766
 20
-1.50407
 11
7.68065
 21
-1.5025
  0
LINE
  8
0
 10
7.68065
 20
-1.5025
 11
7.6837
 21
-1.50107
  0
LINE
  8
0
 10
7.6837
 20
-1.50107
 11
7.68683
 21
-1.49976
  0
LINE
  8
0
 10
7.68683
 20
-1.49976
 11
7.68999
 21
-1.49858
  0
LINE
  8
0
 10
7.68999
 20
-1.49858
 11
7.69321
 21
-1.49753
  0
LINE
  8
0
 10
7.69321
 20
-1.49753
 11
7.69646
 21
-1.49663
  0
LINE
  8
0
 10
7.69646
 20
-1.49663
 11
7.69975
 21
-1.49585
  0
LINE
  8
0
 10
7.69975
 20
-1.49585
 11
7.70308
 21
-1.49522
  0
LINE
  8
0
 10
7.70308
 20
-1.49522
 11
7.70642
 21
-1.49472
  0
LINE
  8
0
 10
7.70642
 20
-1.49472
 11
7.70978
 21
-1.49437
  0
LINE
  8
0
 10
7.70978
 20
-1.49437
 11
7.71315
 21
-1.49416
  0
LINE
  8
0
 10
7.71315
 20
-1.49416
 11
7.71654
 21
-1.49408
  0
LINE
  8
0
 10
7.71654
 20
-1.49408
 11
7.71991
 21
-1.49416
  0
LINE
  8
0
 10
7.71991
 20
-1.49416
 11
7.72328
 21
-1.49437
  0
LINE
  8
0
 10
7.72328
 20
-1.49437
 11
7.72665
 21
-1.49472
  0
LINE
  8
0
 10
7.72665
 20
-1.49472
 11
7.73
 21
-1.49522
  0
LINE
  8
0
 10
7.73
 20
-1.49522
 11
7.73331
 21
-1.49585
  0
LINE
  8
0
 10
7.73331
 20
-1.49585
 11
7.7366
 21
-1.49663
  0
LINE
  8
0
 10
7.7366
 20
-1.49663
 11
7.73985
 21
-1.49753
  0
LINE
  8
0
 10
7.73985
 20
-1.49753
 11
7.74307
 21
-1.49858
  0
LINE
  8
0
 10
7.74307
 20
-1.49858
 11
7.74625
 21
-1.49976
  0
LINE
  8
0
 10
7.74625
 20
-1.49976
 11
7.74936
 21
-1.50107
  0
LINE
  8
0
 10
7.74936
 20
-1.50107
 11
7.75241
 21
-1.5025
  0
LINE
  8
0
 10
7.75241
 20
-1.5025
 11
7.75542
 21
-1.50407
  0
LINE
  8
0
 10
7.75542
 20
-1.50407
 11
7.75835
 21
-1.50577
  0
LINE
  8
0
 10
7.75835
 20
-1.50577
 11
7.7612
 21
-1.50757
  0
LINE
  8
0
 10
7.7612
 20
-1.50757
 11
7.76398
 21
-1.50951
  0
LINE
  8
0
 10
7.76398
 20
-1.50951
 11
7.76666
 21
-1.51155
  0
LINE
  8
0
 10
7.76666
 20
-1.51155
 11
7.76927
 21
-1.5137
  0
LINE
  8
0
 10
7.76927
 20
-1.5137
 11
7.77177
 21
-1.51596
  0
LINE
  8
0
 10
7.77177
 20
-1.51596
 11
7.7742
 21
-1.51833
  0
LINE
  8
0
 10
7.7742
 20
-1.51833
 11
7.7765
 21
-1.5208
  0
LINE
  8
0
 10
7.7765
 20
-1.5208
 11
7.77872
 21
-1.52335
  0
LINE
  8
0
 10
7.77872
 20
-1.52335
 11
7.78082
 21
-1.526
  0
LINE
  8
0
 10
7.78082
 20
-1.526
 11
7.78281
 21
-1.52873
  0
LINE
  8
0
 10
7.78281
 20
-1.52873
 11
7.78468
 21
-1.53156
  0
LINE
  8
0
 10
7.78468
 20
-1.53156
 11
7.78642
 21
-1.53444
  0
LINE
  8
0
 10
7.78642
 20
-1.53444
 11
7.78806
 21
-1.5374
  0
LINE
  8
0
 10
7.78806
 20
-1.5374
 11
7.78957
 21
-1.54044
  0
LINE
  8
0
 10
7.78957
 20
-1.54044
 11
7.79094
 21
-1.54352
  0
LINE
  8
0
 10
7.79094
 20
-1.54352
 11
7.79218
 21
-1.54666
  0
LINE
  8
0
 10
7.79218
 20
-1.54666
 11
7.79329
 21
-1.54985
  0
LINE
  8
0
 10
7.79329
 20
-1.54985
 11
7.79427
 21
-1.55309
  0
LINE
  8
0
 10
7.79427
 20
-1.55309
 11
7.7951
 21
-1.55637
  0
LINE
  8
0
 10
7.7951
 20
-1.55637
 11
7.79581
 21
-1.55968
  0
LINE
  8
0
 10
7.79581
 20
-1.55968
 11
7.79637
 21
-1.563
  0
LINE
  8
0
 10
7.79637
 20
-1.563
 11
7.7968
 21
-1.56636
  0
LINE
  8
0
 10
7.7968
 20
-1.56636
 11
7.79709
 21
-1.56973
  0
LINE
  8
0
 10
7.79709
 20
-1.56973
 11
7.79723
 21
-1.5731
  0
LINE
  8
0
 10
7.79723
 20
-1.5731
 11
7.79723
 21
-1.57649
  0
LINE
  8
0
 10
7.79723
 20
-1.57649
 11
7.79709
 21
-1.57986
  0
LINE
  8
0
 10
7.79709
 20
-1.57986
 11
7.7968
 21
-1.58324
  0
LINE
  8
0
 10
7.7968
 20
-1.58324
 11
7.79637
 21
-1.58658
  0
LINE
  8
0
 10
7.79637
 20
-1.58658
 11
7.79581
 21
-1.58992
  0
LINE
  8
0
 10
7.79581
 20
-1.58992
 11
7.7951
 21
-1.59323
  0
LINE
  8
0
 10
7.7951
 20
-1.59323
 11
7.79427
 21
-1.5965
  0
LINE
  8
0
 10
7.79427
 20
-1.5965
 11
7.79329
 21
-1.59973
  0
LINE
  8
0
 10
7.79329
 20
-1.59973
 11
7.79218
 21
-1.60294
  0
LINE
  8
0
 10
7.79218
 20
-1.60294
 11
7.79094
 21
-1.60608
  0
LINE
  8
0
 10
7.79094
 20
-1.60608
 11
7.78957
 21
-1.60916
  0
LINE
  8
0
 10
7.78957
 20
-1.60916
 11
7.78806
 21
-1.61218
  0
LINE
  8
0
 10
7.78806
 20
-1.61218
 11
7.78642
 21
-1.61514
  0
LINE
  8
0
 10
7.78642
 20
-1.61514
 11
7.78468
 21
-1.61804
  0
LINE
  8
0
 10
7.78468
 20
-1.61804
 11
7.78281
 21
-1.62086
  0
LINE
  8
0
 10
7.78281
 20
-1.62086
 11
7.78082
 21
-1.6236
  0
LINE
  8
0
 10
7.78082
 20
-1.6236
 11
7.77872
 21
-1.62624
  0
LINE
  8
0
 10
7.77872
 20
-1.62624
 11
7.7765
 21
-1.6288
  0
LINE
  8
0
 10
7.7765
 20
-1.6288
 11
7.7742
 21
-1.63127
  0
LINE
  8
0
 10
7.7742
 20
-1.63127
 11
7.77177
 21
-1.63364
  0
LINE
  8
0
 10
7.77177
 20
-1.63364
 11
7.76927
 21
-1.63589
  0
LINE
  8
0
 10
7.76927
 20
-1.63589
 11
7.76666
 21
-1.63805
  0
LINE
  8
0
 10
7.76666
 20
-1.63805
 11
7.76398
 21
-1.64009
  0
LINE
  8
0
 10
7.76398
 20
-1.64009
 11
7.7612
 21
-1.64201
  0
LINE
  8
0
 10
7.7612
 20
-1.64201
 11
7.75835
 21
-1.64383
  0
LINE
  8
0
 10
7.75835
 20
-1.64383
 11
7.75542
 21
-1.64552
  0
LINE
  8
0
 10
7.75542
 20
-1.64552
 11
7.75241
 21
-1.64709
  0
LINE
  8
0
 10
7.75241
 20
-1.64709
 11
7.74936
 21
-1.64853
  0
LINE
  8
0
 10
7.74936
 20
-1.64853
 11
7.74625
 21
-1.64984
  0
LINE
  8
0
 10
7.74625
 20
-1.64984
 11
7.74307
 21
-1.65102
  0
LINE
  8
0
 10
7.74307
 20
-1.65102
 11
7.73985
 21
-1.65205
  0
LINE
  8
0
 10
7.73985
 20
-1.65205
 11
7.7366
 21
-1.65297
  0
LINE
  8
0
 10
7.7366
 20
-1.65297
 11
7.73331
 21
-1.65375
  0
LINE
  8
0
 10
7.73331
 20
-1.65375
 11
7.73
 21
-1.65437
  0
LINE
  8
0
 10
7.73
 20
-1.65437
 11
7.72665
 21
-1.65486
  0
LINE
  8
0
 10
7.72665
 20
-1.65486
 11
7.72328
 21
-1.65523
  0
LINE
  8
0
 10
7.72328
 20
-1.65523
 11
7.71991
 21
-1.65544
  0
LINE
  8
0
 10
7.71991
 20
-1.65544
 11
7.71654
 21
-1.6555
  0
LINE
  8
0
 10
7.71654
 20
-1.6555
 11
7.71315
 21
-1.65544
  0
LINE
  8
0
 10
-7.71991
 20
-1.65544
 11
-7.72328
 21
-1.65523
  0
LINE
  8
0
 10
-7.72328
 20
-1.65523
 11
-7.72665
 21
-1.65486
  0
LINE
  8
0
 10
-7.72665
 20
-1.65486
 11
-7.73
 21
-1.65437
  0
LINE
  8
0
 10
-7.73
 20
-1.65437
 11
-7.73331
 21
-1.65375
  0
LINE
  8
0
 10
-7.73331
 20
-1.65375
 11
-7.7366
 21
-1.65297
  0
LINE
  8
0
 10
-7.7366
 20
-1.65297
 11
-7.73985
 21
-1.65205
  0
LINE
  8
0
 10
-7.73985
 20
-1.65205
 11
-7.74307
 21
-1.65102
  0
LINE
  8
0
 10
-7.74307
 20
-1.65102
 11
-7.74625
 21
-1.64984
  0
LINE
  8
0
 10
-7.74625
 20
-1.64984
 11
-7.74936
 21
-1.64853
  0
LINE
  8
0
 10
-7.74936
 20
-1.64853
 11
-7.75241
 21
-1.64709
  0
LINE
  8
0
 10
-7.75241
 20
-1.64709
 11
-7.75542
 21
-1.64552
  0
LINE
  8
0
 10
-7.75542
 20
-1.64552
 11
-7.75835
 21
-1.64383
  0
LINE
  8
0
 10
-7.75835
 20
-1.64383
 11
-7.7612
 21
-1.64201
  0
LINE
  8
0
 10
-7.7612
 20
-1.64201
 11
-7.76398
 21
-1.64009
  0
LINE
  8
0
 10
-7.76398
 20
-1.64009
 11
-7.76666
 21
-1.63805
  0
LINE
  8
0
 10
-7.76666
 20
-1.63805
 11
-7.76927
 21
-1.63589
  0
LINE
  8
0
 10
-7.76927
 20
-1.63589
 11
-7.77177
 21
-1.63364
  0
LINE
  8
0
 10
-7.77177
 20
-1.63364
 11
-7.7742
 21
-1.63127
  0
LINE
  8
0
 10
-7.7742
 20
-1.63127
 11
-7.7765
 21
-1.6288
  0
LINE
  8
0
 10
-7.7765
 20
-1.6288
 11
-7.77872
 21
-1.62624
  0
LINE
  8
0
 10
-7.77872
 20
-1.62624
 11
-7.78082
 21
-1.6236
  0
LINE
  8
0
 10
-7.78082
 20
-1.6236
 11
-7.78281
 21
-1.62086
  0
LINE
  8
0
 10
-7.78281
 20
-1.62086
 11
-7.78468
 21
-1.61804
  0
LINE
  8
0
 10
-7.78468
 20
-1.61804
 11
-7.78642
 21
-1.61514
  0
LINE
  8
0
 10
-7.78642
 20
-1.61514
 11
-7.78806
 21
-1.61218
  0
LINE
  8
0
 10
-7.78806
 20
-1.61218
 11
-7.78957
 21
-1.60916
  0
LINE
  8
0
 10
-7.78957
 20
-1.60916
 11
-7.79094
 21
-1.60608
  0
LINE
  8
0
 10
-7.79094
 20
-1.60608
 11
-7.79218
 21
-1.60294
  0
LINE
  8
0
 10
-7.79218
 20
-1.60294
 11
-7.79329
 21
-1.59973
  0
LINE
  8
0
 10
-7.79329
 20
-1.59973
 11
-7.79427
 21
-1.5965
  0
LINE
  8
0
 10
-7.79427
 20
-1.5965
 11
-7.7951
 21
-1.59323
  0
LINE
  8
0
 10
-7.7951
 20
-1.59323
 11
-7.79581
 21
-1.58992
  0
LINE
  8
0
 10
-7.79581
 20
-1.58992
 11
-7.79637
 21
-1.58658
  0
LINE
  8
0
 10
-7.79637
 20
-1.58658
 11
-7.7968
 21
-1.58324
  0
LINE
  8
0
 10
-7.7968
 20
-1.58324
 11
-7.79709
 21
-1.57986
  0
LINE
  8
0
 10
-7.79709
 20
-1.57986
 11
-7.79723
 21
-1.57649
  0
LINE
  8
0
 10
-7.79723
 20
-1.57649
 11
-7.79723
 21
-1.5731
  0
LINE
  8
0
 10
-7.79723
 20
-1.5731
 11
-7.79709
 21
-1.56973
  0
LINE
  8
0
 10
-7.79709
 20
-1.56973
 11
-7.7968
 21
-1.56636
  0
LINE
  8
0
 10
-7.7968
 20
-1.56636
 11
-7.79637
 21
-1.563
  0
LINE
  8
0
 10
-7.79637
 20
-1.563
 11
-7.79581
 21
-1.55968
  0
LINE
  8
0
 10
-7.79581
 20
-1.55968
 11
-7.7951
 21
-1.55637
  0
LINE
  8
0
 10
-7.7951
 20
-1.55637
 11
-7.79427
 21
-1.55309
  0
LINE
  8
0
 10
-7.79427
 20
-1.55309
 11
-7.79329
 21
-1.54985
  0
LINE
  8
0
 10
-7.79329
 20
-1.54985
 11
-7.79218
 21
-1.54666
  0
LINE
  8
0
 10
-7.79218
 20
-1.54666
 11
-7.79094
 21
-1.54352
  0
LINE
  8
0
 10
-7.79094
 20
-1.54352
 11
-7.78957
 21
-1.54044
  0
LINE
  8
0
 10
-7.78957
 20
-1.54044
 11
-7.78806
 21
-1.5374
  0
LINE
  8
0
 10
-7.78806
 20
-1.5374
 11
-7.78642
 21
-1.53444
  0
LINE
  8
0
 10
-7.78642
 20
-1.53444
 11
-7.78468
 21
-1.53156
  0
LINE
  8
0
 10
-7.78468
 20
-1.53156
 11
-7.78281
 21
-1.52873
  0
LINE
  8
0
 10
-7.78281
 20
-1.52873
 11
-7.78082
 21
-1.526
  0
LINE
  8
0
 10
-7.78082
 20
-1.526
 11
-7.77872
 21
-1.52335
  0
LINE
  8
0
 10
-7.77872
 20
-1.52335
 11
-7.7765
 21
-1.5208
  0
LINE
  8
0
 10
-7.7765
 20
-1.5208
 11
-7.7742
 21
-1.51833
  0
LINE
  8
0
 10
-7.7742
 20
-1.51833
 11
-7.77177
 21
-1.51596
  0
LINE
  8
0
 10
-7.77177
 20
-1.51596
 11
-7.76927
 21
-1.5137
  0
LINE
  8
0
 10
-7.76927
 20
-1.5137
 11
-7.76666
 21
-1.51155
  0
LINE
  8
0
 10
-7.76666
 20
-1.51155
 11
-7.76398
 21
-1.50951
  0
LINE
  8
0
 10
-7.76398
 20
-1.50951
 11
-7.7612
 21
-1.50757
  0
LINE
  8
0
 10
-7.7612
 20
-1.50757
 11
-7.75835
 21
-1.50577
  0
LINE
  8
0
 10
-7.75835
 20
-1.50577
 11
-7.75542
 21
-1.50407
  0
LINE
  8
0
 10
-7.75542
 20
-1.50407
 11
-7.75241
 21
-1.5025
  0
LINE
  8
0
 10
-7.75241
 20
-1.5025
 11
-7.74936
 21
-1.50107
  0
LINE
  8
0
 10
-7.74936
 20
-1.50107
 11
-7.74625
 21
-1.49976
  0
LINE
  8
0
 10
-7.74625
 20
-1.49976
 11
-7.74307
 21
-1.49858
  0
LINE
  8
0
 10
-7.74307
 20
-1.49858
 11
-7.73985
 21
-1.49753
  0
LINE
  8
0
 10
-7.73985
 20
-1.49753
 11
-7.7366
 21
-1.49663
  0
LINE
  8
0
 10
-7.7366
 20
-1.49663
 11
-7.73331
 21
-1.49585
  0
LINE
  8
0
 10
-7.73331
 20
-1.49585
 11
-7.73
 21
-1.49522
  0
LINE
  8
0
 10
-7.73
 20
-1.49522
 11
-7.72665
 21
-1.49472
  0
LINE
  8
0
 10
-7.72665
 20
-1.49472
 11
-7.72328
 21
-1.49437
  0
LINE
  8
0
 10
-7.72328
 20
-1.49437
 11
-7.71991
 21
-1.49416
  0
LINE
  8
0
 10
-7.71991
 20
-1.49416
 11
-7.71654
 21
-1.49408
  0
LINE
  8
0
 10
-7.71654
 20
-1.49408
 11
-7.71315
 21
-1.49416
  0
LINE
  8
0
 10
-7.71315
 20
-1.49416
 11
-7.70978
 21
-1.49437
  0
LINE
  8
0
 10
-7.70978
 20
-1.49437
 11
-7.70642
 21
-1.49472
  0
LINE
  8
0
 10
-7.70642
 20
-1.49472
 11
-7.70308
 21
-1.49522
  0
LINE
  8
0
 10
-7.70308
 20
-1.49522
 11
-7.69975
 21
-1.49585
  0
LINE
  8
0
 10
-7.69975
 20
-1.49585
 11
-7.69646
 21
-1.49663
  0
LINE
  8
0
 10
-7.69646
 20
-1.49663
 11
-7.69321
 21
-1.49753
  0
LINE
  8
0
 10
-7.69321
 20
-1.49753
 11
-7.68999
 21
-1.49858
  0
LINE
  8
0
 10
-7.68999
 20
-1.49858
 11
-7.68683
 21
-1.49976
  0
LINE
  8
0
 10
-7.68683
 20
-1.49976
 11
-7.6837
 21
-1.50107
  0
LINE
  8
0
 10
-7.6837
 20
-1.50107
 11
-7.68065
 21
-1.5025
  0
LINE
  8
0
 10
-7.68065
 20
-1.5025
 11
-7.67766
 21
-1.50407
  0
LINE
  8
0
 10
-7.67766
 20
-1.50407
 11
-7.67473
 21
-1.50577
  0
LINE
  8
0
 10
-7.67473
 20
-1.50577
 11
-7.67188
 21
-1.50757
  0
LINE
  8
0
 10
-7.67188
 20
-1.50757
 11
-7.6691
 21
-1.50951
  0
LINE
  8
0
 10
-7.6691
 20
-1.50951
 11
-7.6664
 21
-1.51155
  0
LINE
  8
0
 10
-7.6664
 20
-1.51155
 11
-7.6638
 21
-1.5137
  0
LINE
  8
0
 10
-7.6638
 20
-1.5137
 11
-7.66129
 21
-1.51596
  0
LINE
  8
0
 10
-7.66129
 20
-1.51596
 11
-7.65887
 21
-1.51833
  0
LINE
  8
0
 10
-7.65887
 20
-1.51833
 11
-7.65656
 21
-1.5208
  0
LINE
  8
0
 10
-7.65656
 20
-1.5208
 11
-7.65434
 21
-1.52335
  0
LINE
  8
0
 10
-7.65434
 20
-1.52335
 11
-7.65225
 21
-1.526
  0
LINE
  8
0
 10
-7.65225
 20
-1.526
 11
-7.65025
 21
-1.52873
  0
LINE
  8
0
 10
-7.65025
 20
-1.52873
 11
-7.64839
 21
-1.53156
  0
LINE
  8
0
 10
-7.64839
 20
-1.53156
 11
-7.64664
 21
-1.53444
  0
LINE
  8
0
 10
-7.64664
 20
-1.53444
 11
-7.645
 21
-1.5374
  0
LINE
  8
0
 10
-7.645
 20
-1.5374
 11
-7.64351
 21
-1.54044
  0
LINE
  8
0
 10
-7.64351
 20
-1.54044
 11
-7.64214
 21
-1.54352
  0
LINE
  8
0
 10
-7.64214
 20
-1.54352
 11
-7.64088
 21
-1.54666
  0
LINE
  8
0
 10
-7.64088
 20
-1.54666
 11
-7.63977
 21
-1.54985
  0
LINE
  8
0
 10
-7.63977
 20
-1.54985
 11
-7.63879
 21
-1.55309
  0
LINE
  8
0
 10
-7.63879
 20
-1.55309
 11
-7.63795
 21
-1.55637
  0
LINE
  8
0
 10
-7.63795
 20
-1.55637
 11
-7.63725
 21
-1.55968
  0
LINE
  8
0
 10
-7.63725
 20
-1.55968
 11
-7.63669
 21
-1.563
  0
LINE
  8
0
 10
-7.63669
 20
-1.563
 11
-7.63626
 21
-1.56636
  0
LINE
  8
0
 10
-7.63626
 20
-1.56636
 11
-7.63599
 21
-1.56973
  0
LINE
  8
0
 10
-7.63599
 20
-1.56973
 11
-7.63585
 21
-1.5731
  0
LINE
  8
0
 10
-7.63585
 20
-1.5731
 11
-7.63585
 21
-1.57649
  0
LINE
  8
0
 10
-7.63585
 20
-1.57649
 11
-7.63599
 21
-1.57986
  0
LINE
  8
0
 10
-7.63599
 20
-1.57986
 11
-7.63626
 21
-1.58324
  0
LINE
  8
0
 10
-7.63626
 20
-1.58324
 11
-7.63669
 21
-1.58658
  0
LINE
  8
0
 10
-7.63669
 20
-1.58658
 11
-7.63725
 21
-1.58992
  0
LINE
  8
0
 10
-7.63725
 20
-1.58992
 11
-7.63795
 21
-1.59323
  0
LINE
  8
0
 10
-7.63795
 20
-1.59323
 11
-7.63879
 21
-1.5965
  0
LINE
  8
0
 10
-7.63879
 20
-1.5965
 11
-7.63977
 21
-1.59973
  0
LINE
  8
0
 10
-7.63977
 20
-1.59973
 11
-7.64088
 21
-1.60294
  0
LINE
  8
0
 10
-7.64088
 20
-1.60294
 11
-7.64214
 21
-1.60608
  0
LINE
  8
0
 10
-7.64214
 20
-1.60608
 11
-7.64351
 21
-1.60916
  0
LINE
  8
0
 10
-7.64351
 20
-1.60916
 11
-7.645
 21
-1.61218
  0
LINE
  8
0
 10
-7.645
 20
-1.61218
 11
-7.64664
 21
-1.61514
  0
LINE
  8
0
 10
-7.64664
 20
-1.61514
 11
-7.64839
 21
-1.61804
  0
LINE
  8
0
 10
-7.64839
 20
-1.61804
 11
-7.65025
 21
-1.62086
  0
LINE
  8
0
 10
-7.65025
 20
-1.62086
 11
-7.65225
 21
-1.6236
  0
LINE
  8
0
 10
-7.65225
 20
-1.6236
 11
-7.65434
 21
-1.62624
  0
LINE
  8
0
 10
-7.65434
 20
-1.62624
 11
-7.65656
 21
-1.6288
  0
LINE
  8
0
 10
-7.65656
 20
-1.6288
 11
-7.65887
 21
-1.63127
  0
LINE
  8
0
 10
-7.65887
 20
-1.63127
 11
-7.66129
 21
-1.63364
  0
LINE
  8
0
 10
-7.66129
 20
-1.63364
 11
-7.6638
 21
-1.63589
  0
LINE
  8
0
 10
-7.6638
 20
-1.63589
 11
-7.6664
 21
-1.63805
  0
LINE
  8
0
 10
-7.6664
 20
-1.63805
 11
-7.6691
 21
-1.64009
  0
LINE
  8
0
 10
-7.6691
 20
-1.64009
 11
-7.67188
 21
-1.64201
  0
LINE
  8
0
 10
-7.67188
 20
-1.64201
 11
-7.67473
 21
-1.64383
  0
LINE
  8
0
 10
-7.67473
 20
-1.64383
 11
-7.67766
 21
-1.64552
  0
LINE
  8
0
 10
-7.67766
 20
-1.64552
 11
-7.68065
 21
-1.64709
  0
LINE
  8
0
 10
-7.68065
 20
-1.64709
 11
-7.6837
 21
-1.64853
  0
LINE
  8
0
 10
-7.6837
 20
-1.64853
 11
-7.68683
 21
-1.64984
  0
LINE
  8
0
 10
-7.68683
 20
-1.64984
 11
-7.68999
 21
-1.65102
  0
LINE
  8
0
 10
-7.68999
 20
-1.65102
 11
-7.69321
 21
-1.65205
  0
LINE
  8
0
 10
-7.69321
 20
-1.65205
 11
-7.69646
 21
-1.65297
  0
LINE
  8
0
 10
-7.69646
 20
-1.65297
 11
-7.69975
 21
-1.65375
  0
LINE
  8
0
 10
-7.69975
 20
-1.65375
 11
-7.70308
 21
-1.65437
  0
LINE
  8
0
 10
-7.70308
 20
-1.65437
 11
-7.70642
 21
-1.65486
  0
LINE
  8
0
 10
-7.70642
 20
-1.65486
 11
-7.70978
 21
-1.65523
  0
LINE
  8
0
 10
-7.70978
 20
-1.65523
 11
-7.71315
 21
-1.65544
  0
LINE
  8
0
 10
-7.71315
 20
-1.65544
 11
-7.71654
 21
-1.6555
  0
LINE
  8
0
 10
-7.71654
 20
-1.6555
 11
-7.71991
 21
-1.65544
  0
LINE
  8
0
 10
-6.46007
 20
-1.65544
 11
-6.46344
 21
-1.65523
  0
LINE
  8
0
 10
-6.46344
 20
-1.65523
 11
-6.4668
 21
-1.65486
  0
LINE
  8
0
 10
-6.4668
 20
-1.65486
 11
-6.47015
 21
-1.65437
  0
LINE
  8
0
 10
-6.47015
 20
-1.65437
 11
-6.47346
 21
-1.65375
  0
LINE
  8
0
 10
-6.47346
 20
-1.65375
 11
-6.47676
 21
-1.65297
  0
LINE
  8
0
 10
-6.47676
 20
-1.65297
 11
-6.48001
 21
-1.65205
  0
LINE
  8
0
 10
-6.48001
 20
-1.65205
 11
-6.48323
 21
-1.65102
  0
LINE
  8
0
 10
-6.48323
 20
-1.65102
 11
-6.4864
 21
-1.64984
  0
LINE
  8
0
 10
-6.4864
 20
-1.64984
 11
-6.48952
 21
-1.64853
  0
LINE
  8
0
 10
-6.48952
 20
-1.64853
 11
-6.49257
 21
-1.64709
  0
LINE
  8
0
 10
-6.49257
 20
-1.64709
 11
-6.49557
 21
-1.64552
  0
LINE
  8
0
 10
-6.49557
 20
-1.64552
 11
-6.4985
 21
-1.64383
  0
LINE
  8
0
 10
-6.4985
 20
-1.64383
 11
-6.50136
 21
-1.64201
  0
LINE
  8
0
 10
-6.50136
 20
-1.64201
 11
-6.50414
 21
-1.64009
  0
LINE
  8
0
 10
-6.50414
 20
-1.64009
 11
-6.50682
 21
-1.63805
  0
LINE
  8
0
 10
-6.50682
 20
-1.63805
 11
-6.50943
 21
-1.63589
  0
LINE
  8
0
 10
-6.50943
 20
-1.63589
 11
-6.51193
 21
-1.63364
  0
LINE
  8
0
 10
-6.51193
 20
-1.63364
 11
-6.51436
 21
-1.63127
  0
LINE
  8
0
 10
-6.51436
 20
-1.63127
 11
-6.51666
 21
-1.6288
  0
LINE
  8
0
 10
-6.51666
 20
-1.6288
 11
-6.51888
 21
-1.62624
  0
LINE
  8
0
 10
-6.51888
 20
-1.62624
 11
-6.52098
 21
-1.6236
  0
LINE
  8
0
 10
-6.52098
 20
-1.6236
 11
-6.52296
 21
-1.62086
  0
LINE
  8
0
 10
-6.52296
 20
-1.62086
 11
-6.52483
 21
-1.61804
  0
LINE
  8
0
 10
-6.52483
 20
-1.61804
 11
-6.52658
 21
-1.61514
  0
LINE
  8
0
 10
-6.52658
 20
-1.61514
 11
-6.52821
 21
-1.61218
  0
LINE
  8
0
 10
-6.52821
 20
-1.61218
 11
-6.52971
 21
-1.60916
  0
LINE
  8
0
 10
-6.52971
 20
-1.60916
 11
-6.5311
 21
-1.60608
  0
LINE
  8
0
 10
-6.5311
 20
-1.60608
 11
-6.53233
 21
-1.60294
  0
LINE
  8
0
 10
-6.53233
 20
-1.60294
 11
-6.53345
 21
-1.59973
  0
LINE
  8
0
 10
-6.53345
 20
-1.59973
 11
-6.53442
 21
-1.5965
  0
LINE
  8
0
 10
-6.53442
 20
-1.5965
 11
-6.53526
 21
-1.59323
  0
LINE
  8
0
 10
-6.53526
 20
-1.59323
 11
-6.53596
 21
-1.58992
  0
LINE
  8
0
 10
-6.53596
 20
-1.58992
 11
-6.53653
 21
-1.58658
  0
LINE
  8
0
 10
-6.53653
 20
-1.58658
 11
-6.53696
 21
-1.58324
  0
LINE
  8
0
 10
-6.53696
 20
-1.58324
 11
-6.53723
 21
-1.57986
  0
LINE
  8
0
 10
-6.53723
 20
-1.57986
 11
-6.53738
 21
-1.57649
  0
LINE
  8
0
 10
-6.53738
 20
-1.57649
 11
-6.53738
 21
-1.5731
  0
LINE
  8
0
 10
-6.53738
 20
-1.5731
 11
-6.53723
 21
-1.56973
  0
LINE
  8
0
 10
-6.53723
 20
-1.56973
 11
-6.53696
 21
-1.56636
  0
LINE
  8
0
 10
-6.53696
 20
-1.56636
 11
-6.53653
 21
-1.563
  0
LINE
  8
0
 10
-6.53653
 20
-1.563
 11
-6.53596
 21
-1.55968
  0
LINE
  8
0
 10
-6.53596
 20
-1.55968
 11
-6.53526
 21
-1.55637
  0
LINE
  8
0
 10
-6.53526
 20
-1.55637
 11
-6.53442
 21
-1.55309
  0
LINE
  8
0
 10
-6.53442
 20
-1.55309
 11
-6.53345
 21
-1.54985
  0
LINE
  8
0
 10
-6.53345
 20
-1.54985
 11
-6.53233
 21
-1.54666
  0
LINE
  8
0
 10
-6.53233
 20
-1.54666
 11
-6.5311
 21
-1.54352
  0
LINE
  8
0
 10
-6.5311
 20
-1.54352
 11
-6.52971
 21
-1.54044
  0
LINE
  8
0
 10
-6.52971
 20
-1.54044
 11
-6.52821
 21
-1.5374
  0
LINE
  8
0
 10
-6.52821
 20
-1.5374
 11
-6.52658
 21
-1.53444
  0
LINE
  8
0
 10
-6.52658
 20
-1.53444
 11
-6.52483
 21
-1.53156
  0
LINE
  8
0
 10
-6.52483
 20
-1.53156
 11
-6.52296
 21
-1.52873
  0
LINE
  8
0
 10
-6.52296
 20
-1.52873
 11
-6.52098
 21
-1.526
  0
LINE
  8
0
 10
-6.52098
 20
-1.526
 11
-6.51888
 21
-1.52335
  0
LINE
  8
0
 10
-6.51888
 20
-1.52335
 11
-6.51666
 21
-1.5208
  0
LINE
  8
0
 10
-6.51666
 20
-1.5208
 11
-6.51436
 21
-1.51833
  0
LINE
  8
0
 10
-6.51436
 20
-1.51833
 11
-6.51193
 21
-1.51596
  0
LINE
  8
0
 10
-6.51193
 20
-1.51596
 11
-6.50943
 21
-1.5137
  0
LINE
  8
0
 10
-6.50943
 20
-1.5137
 11
-6.50682
 21
-1.51155
  0
LINE
  8
0
 10
-6.50682
 20
-1.51155
 11
-6.50414
 21
-1.50951
  0
LINE
  8
0
 10
-6.50414
 20
-1.50951
 11
-6.50136
 21
-1.50757
  0
LINE
  8
0
 10
-6.50136
 20
-1.50757
 11
-6.4985
 21
-1.50577
  0
LINE
  8
0
 10
-6.4985
 20
-1.50577
 11
-6.49557
 21
-1.50407
  0
LINE
  8
0
 10
-6.49557
 20
-1.50407
 11
-6.49257
 21
-1.5025
  0
LINE
  8
0
 10
-6.49257
 20
-1.5025
 11
-6.48952
 21
-1.50107
  0
LINE
  8
0
 10
-6.48952
 20
-1.50107
 11
-6.4864
 21
-1.49976
  0
LINE
  8
0
 10
-6.4864
 20
-1.49976
 11
-6.48323
 21
-1.49858
  0
LINE
  8
0
 10
-6.48323
 20
-1.49858
 11
-6.48001
 21
-1.49753
  0
LINE
  8
0
 10
-6.48001
 20
-1.49753
 11
-6.47676
 21
-1.49663
  0
LINE
  8
0
 10
-6.47676
 20
-1.49663
 11
-6.47346
 21
-1.49585
  0
LINE
  8
0
 10
-6.47346
 20
-1.49585
 11
-6.47015
 21
-1.49522
  0
LINE
  8
0
 10
-6.47015
 20
-1.49522
 11
-6.4668
 21
-1.49472
  0
LINE
  8
0
 10
-6.4668
 20
-1.49472
 11
-6.46344
 21
-1.49437
  0
LINE
  8
0
 10
-6.46344
 20
-1.49437
 11
-6.46007
 21
-1.49416
  0
LINE
  8
0
 10
-6.46007
 20
-1.49416
 11
-6.4567
 21
-1.49408
  0
LINE
  8
0
 10
-6.4567
 20
-1.49408
 11
-6.45331
 21
-1.49416
  0
LINE
  8
0
 10
-6.45331
 20
-1.49416
 11
-6.44994
 21
-1.49437
  0
LINE
  8
0
 10
-6.44994
 20
-1.49437
 11
-6.44658
 21
-1.49472
  0
LINE
  8
0
 10
-6.44658
 20
-1.49472
 11
-6.44324
 21
-1.49522
  0
LINE
  8
0
 10
-6.44324
 20
-1.49522
 11
-6.43991
 21
-1.49585
  0
LINE
  8
0
 10
-6.43991
 20
-1.49585
 11
-6.43661
 21
-1.49663
  0
LINE
  8
0
 10
-6.43661
 20
-1.49663
 11
-6.43336
 21
-1.49753
  0
LINE
  8
0
 10
-6.43336
 20
-1.49753
 11
-6.43015
 21
-1.49858
  0
LINE
  8
0
 10
-6.43015
 20
-1.49858
 11
-6.42697
 21
-1.49976
  0
LINE
  8
0
 10
-6.42697
 20
-1.49976
 11
-6.42386
 21
-1.50107
  0
LINE
  8
0
 10
-6.42386
 20
-1.50107
 11
-6.42081
 21
-1.5025
  0
LINE
  8
0
 10
-6.42081
 20
-1.5025
 11
-6.4178
 21
-1.50407
  0
LINE
  8
0
 10
-6.4178
 20
-1.50407
 11
-6.41489
 21
-1.50577
  0
LINE
  8
0
 10
-6.41489
 20
-1.50577
 11
-6.41203
 21
-1.50757
  0
LINE
  8
0
 10
-6.41203
 20
-1.50757
 11
-6.40926
 21
-1.50951
  0
LINE
  8
0
 10
-6.40926
 20
-1.50951
 11
-6.40656
 21
-1.51155
  0
LINE
  8
0
 10
-6.40656
 20
-1.51155
 11
-6.40395
 21
-1.5137
  0
LINE
  8
0
 10
-6.40395
 20
-1.5137
 11
-6.40144
 21
-1.51596
  0
LINE
  8
0
 10
-6.40144
 20
-1.51596
 11
-6.39903
 21
-1.51833
  0
LINE
  8
0
 10
-6.39903
 20
-1.51833
 11
-6.39671
 21
-1.5208
  0
LINE
  8
0
 10
-6.39671
 20
-1.5208
 11
-6.3945
 21
-1.52335
  0
LINE
  8
0
 10
-6.3945
 20
-1.52335
 11
-6.39241
 21
-1.526
  0
LINE
  8
0
 10
-6.39241
 20
-1.526
 11
-6.39041
 21
-1.52873
  0
LINE
  8
0
 10
-6.39041
 20
-1.52873
 11
-6.38855
 21
-1.53156
  0
LINE
  8
0
 10
-6.38855
 20
-1.53156
 11
-6.3868
 21
-1.53444
  0
LINE
  8
0
 10
-6.3868
 20
-1.53444
 11
-6.38516
 21
-1.5374
  0
LINE
  8
0
 10
-6.38516
 20
-1.5374
 11
-6.38367
 21
-1.54044
  0
LINE
  8
0
 10
-6.38367
 20
-1.54044
 11
-6.38229
 21
-1.54352
  0
LINE
  8
0
 10
-6.38229
 20
-1.54352
 11
-6.38104
 21
-1.54666
  0
LINE
  8
0
 10
-6.38104
 20
-1.54666
 11
-6.37993
 21
-1.54985
  0
LINE
  8
0
 10
-6.37993
 20
-1.54985
 11
-6.37895
 21
-1.55309
  0
LINE
  8
0
 10
-6.37895
 20
-1.55309
 11
-6.37811
 21
-1.55637
  0
LINE
  8
0
 10
-6.37811
 20
-1.55637
 11
-6.37741
 21
-1.55968
  0
LINE
  8
0
 10
-6.37741
 20
-1.55968
 11
-6.37685
 21
-1.563
  0
LINE
  8
0
 10
-6.37685
 20
-1.563
 11
-6.37642
 21
-1.56636
  0
LINE
  8
0
 10
-6.37642
 20
-1.56636
 11
-6.37614
 21
-1.56973
  0
LINE
  8
0
 10
-6.37614
 20
-1.56973
 11
-6.37599
 21
-1.5731
  0
LINE
  8
0
 10
-6.37599
 20
-1.5731
 11
-6.37599
 21
-1.57649
  0
LINE
  8
0
 10
-6.37599
 20
-1.57649
 11
-6.37614
 21
-1.57986
  0
LINE
  8
0
 10
-6.37614
 20
-1.57986
 11
-6.37642
 21
-1.58324
  0
LINE
  8
0
 10
-6.37642
 20
-1.58324
 11
-6.37685
 21
-1.58658
  0
LINE
  8
0
 10
-6.37685
 20
-1.58658
 11
-6.37741
 21
-1.58992
  0
LINE
  8
0
 10
-6.37741
 20
-1.58992
 11
-6.37811
 21
-1.59323
  0
LINE
  8
0
 10
-6.37811
 20
-1.59323
 11
-6.37895
 21
-1.5965
  0
LINE
  8
0
 10
-6.37895
 20
-1.5965
 11
-6.37993
 21
-1.59973
  0
LINE
  8
0
 10
-6.37993
 20
-1.59973
 11
-6.38104
 21
-1.60294
  0
LINE
  8
0
 10
-6.38104
 20
-1.60294
 11
-6.38229
 21
-1.60608
  0
LINE
  8
0
 10
-6.38229
 20
-1.60608
 11
-6.38367
 21
-1.60916
  0
LINE
  8
0
 10
-6.38367
 20
-1.60916
 11
-6.38516
 21
-1.61218
  0
LINE
  8
0
 10
-6.38516
 20
-1.61218
 11
-6.3868
 21
-1.61514
  0
LINE
  8
0
 10
-6.3868
 20
-1.61514
 11
-6.38855
 21
-1.61804
  0
LINE
  8
0
 10
-6.38855
 20
-1.61804
 11
-6.39041
 21
-1.62086
  0
LINE
  8
0
 10
-6.39041
 20
-1.62086
 11
-6.39241
 21
-1.6236
  0
LINE
  8
0
 10
-6.39241
 20
-1.6236
 11
-6.3945
 21
-1.62624
  0
LINE
  8
0
 10
-6.3945
 20
-1.62624
 11
-6.39671
 21
-1.6288
  0
LINE
  8
0
 10
-6.39671
 20
-1.6288
 11
-6.39903
 21
-1.63127
  0
LINE
  8
0
 10
-6.39903
 20
-1.63127
 11
-6.40144
 21
-1.63364
  0
LINE
  8
0
 10
-6.40144
 20
-1.63364
 11
-6.40395
 21
-1.63589
  0
LINE
  8
0
 10
-6.40395
 20
-1.63589
 11
-6.40656
 21
-1.63805
  0
LINE
  8
0
 10
-6.40656
 20
-1.63805
 11
-6.40926
 21
-1.64009
  0
LINE
  8
0
 10
-6.40926
 20
-1.64009
 11
-6.41203
 21
-1.64201
  0
LINE
  8
0
 10
-6.41203
 20
-1.64201
 11
-6.41489
 21
-1.64383
  0
LINE
  8
0
 10
-6.41489
 20
-1.64383
 11
-6.4178
 21
-1.64552
  0
LINE
  8
0
 10
-6.4178
 20
-1.64552
 11
-6.42081
 21
-1.64709
  0
LINE
  8
0
 10
-6.42081
 20
-1.64709
 11
-6.42386
 21
-1.64853
  0
LINE
  8
0
 10
-6.42386
 20
-1.64853
 11
-6.42697
 21
-1.64984
  0
LINE
  8
0
 10
-6.42697
 20
-1.64984
 11
-6.43015
 21
-1.65102
  0
LINE
  8
0
 10
-6.43015
 20
-1.65102
 11
-6.43336
 21
-1.65205
  0
LINE
  8
0
 10
-6.43336
 20
-1.65205
 11
-6.43661
 21
-1.65297
  0
LINE
  8
0
 10
-6.43661
 20
-1.65297
 11
-6.43991
 21
-1.65375
  0
LINE
  8
0
 10
-6.43991
 20
-1.65375
 11
-6.44324
 21
-1.65437
  0
LINE
  8
0
 10
-6.44324
 20
-1.65437
 11
-6.44658
 21
-1.65486
  0
LINE
  8
0
 10
-6.44658
 20
-1.65486
 11
-6.44994
 21
-1.65523
  0
LINE
  8
0
 10
-6.44994
 20
-1.65523
 11
-6.45331
 21
-1.65544
  0
LINE
  8
0
 10
-6.45331
 20
-1.65544
 11
-6.4567
 21
-1.6555
  0
LINE
  8
0
 10
-6.4567
 20
-1.6555
 11
-6.46007
 21
-1.65544
  0
LINE
  8
0
 10
6.45331
 20
-1.65544
 11
6.44994
 21
-1.65523
  0
LINE
  8
0
 10
6.44994
 20
-1.65523
 11
6.44658
 21
-1.65486
  0
LINE
  8
0
 10
6.44658
 20
-1.65486
 11
6.44324
 21
-1.65437
  0
LINE
  8
0
 10
6.44324
 20
-1.65437
 11
6.43991
 21
-1.65375
  0
LINE
  8
0
 10
6.43991
 20
-1.65375
 11
6.43661
 21
-1.65297
  0
LINE
  8
0
 10
6.43661
 20
-1.65297
 11
6.43336
 21
-1.65205
  0
LINE
  8
0
 10
6.43336
 20
-1.65205
 11
6.43015
 21
-1.65102
  0
LINE
  8
0
 10
6.43015
 20
-1.65102
 11
6.42697
 21
-1.64984
  0
LINE
  8
0
 10
6.42697
 20
-1.64984
 11
6.42386
 21
-1.64853
  0
LINE
  8
0
 10
6.42386
 20
-1.64853
 11
6.42081
 21
-1.64709
  0
LINE
  8
0
 10
6.42081
 20
-1.64709
 11
6.4178
 21
-1.64552
  0
LINE
  8
0
 10
6.4178
 20
-1.64552
 11
6.41489
 21
-1.64383
  0
LINE
  8
0
 10
6.41489
 20
-1.64383
 11
6.41203
 21
-1.64201
  0
LINE
  8
0
 10
6.41203
 20
-1.64201
 11
6.40926
 21
-1.64009
  0
LINE
  8
0
 10
6.40926
 20
-1.64009
 11
6.40656
 21
-1.63805
  0
LINE
  8
0
 10
6.40656
 20
-1.63805
 11
6.40395
 21
-1.63589
  0
LINE
  8
0
 10
6.40395
 20
-1.63589
 11
6.40144
 21
-1.63364
  0
LINE
  8
0
 10
6.40144
 20
-1.63364
 11
6.39903
 21
-1.63127
  0
LINE
  8
0
 10
6.39903
 20
-1.63127
 11
6.39671
 21
-1.6288
  0
LINE
  8
0
 10
6.39671
 20
-1.6288
 11
6.3945
 21
-1.62624
  0
LINE
  8
0
 10
6.3945
 20
-1.62624
 11
6.39241
 21
-1.6236
  0
LINE
  8
0
 10
6.39241
 20
-1.6236
 11
6.39041
 21
-1.62086
  0
LINE
  8
0
 10
6.39041
 20
-1.62086
 11
6.38855
 21
-1.61804
  0
LINE
  8
0
 10
6.38855
 20
-1.61804
 11
6.3868
 21
-1.61514
  0
LINE
  8
0
 10
6.3868
 20
-1.61514
 11
6.38516
 21
-1.61218
  0
LINE
  8
0
 10
6.38516
 20
-1.61218
 11
6.38367
 21
-1.60916
  0
LINE
  8
0
 10
6.38367
 20
-1.60916
 11
6.38229
 21
-1.60608
  0
LINE
  8
0
 10
6.38229
 20
-1.60608
 11
6.38104
 21
-1.60294
  0
LINE
  8
0
 10
6.38104
 20
-1.60294
 11
6.37993
 21
-1.59973
  0
LINE
  8
0
 10
6.37993
 20
-1.59973
 11
6.37895
 21
-1.5965
  0
LINE
  8
0
 10
6.37895
 20
-1.5965
 11
6.37811
 21
-1.59323
  0
LINE
  8
0
 10
6.37811
 20
-1.59323
 11
6.37741
 21
-1.58992
  0
LINE
  8
0
 10
6.37741
 20
-1.58992
 11
6.37685
 21
-1.58658
  0
LINE
  8
0
 10
6.37685
 20
-1.58658
 11
6.37642
 21
-1.58324
  0
LINE
  8
0
 10
6.37642
 20
-1.58324
 11
6.37614
 21
-1.57986
  0
LINE
  8
0
 10
6.37614
 20
-1.57986
 11
6.37599
 21
-1.57649
  0
LINE
  8
0
 10
6.37599
 20
-1.57649
 11
6.37599
 21
-1.5731
  0
LINE
  8
0
 10
6.37599
 20
-1.5731
 11
6.37614
 21
-1.56973
  0
LINE
  8
0
 10
6.37614
 20
-1.56973
 11
6.37642
 21
-1.56636
  0
LINE
  8
0
 10
6.37642
 20
-1.56636
 11
6.37685
 21
-1.563
  0
LINE
  8
0
 10
6.37685
 20
-1.563
 11
6.37741
 21
-1.55968
  0
LINE
  8
0
 10
6.37741
 20
-1.55968
 11
6.37811
 21
-1.55637
  0
LINE
  8
0
 10
6.37811
 20
-1.55637
 11
6.37895
 21
-1.55309
  0
LINE
  8
0
 10
6.37895
 20
-1.55309
 11
6.37993
 21
-1.54985
  0
LINE
  8
0
 10
6.37993
 20
-1.54985
 11
6.38104
 21
-1.54666
  0
LINE
  8
0
 10
6.38104
 20
-1.54666
 11
6.38229
 21
-1.54352
  0
LINE
  8
0
 10
6.38229
 20
-1.54352
 11
6.38367
 21
-1.54044
  0
LINE
  8
0
 10
6.38367
 20
-1.54044
 11
6.38516
 21
-1.5374
  0
LINE
  8
0
 10
6.38516
 20
-1.5374
 11
6.3868
 21
-1.53444
  0
LINE
  8
0
 10
6.3868
 20
-1.53444
 11
6.38855
 21
-1.53156
  0
LINE
  8
0
 10
6.38855
 20
-1.53156
 11
6.39041
 21
-1.52873
  0
LINE
  8
0
 10
6.39041
 20
-1.52873
 11
6.39241
 21
-1.526
  0
LINE
  8
0
 10
6.39241
 20
-1.526
 11
6.3945
 21
-1.52335
  0
LINE
  8
0
 10
6.3945
 20
-1.52335
 11
6.39671
 21
-1.5208
  0
LINE
  8
0
 10
6.39671
 20
-1.5208
 11
6.39903
 21
-1.51833
  0
LINE
  8
0
 10
6.39903
 20
-1.51833
 11
6.40144
 21
-1.51596
  0
LINE
  8
0
 10
6.40144
 20
-1.51596
 11
6.40395
 21
-1.5137
  0
LINE
  8
0
 10
6.40395
 20
-1.5137
 11
6.40656
 21
-1.51155
  0
LINE
  8
0
 10
6.40656
 20
-1.51155
 11
6.40926
 21
-1.50951
  0
LINE
  8
0
 10
6.40926
 20
-1.50951
 11
6.41203
 21
-1.50757
  0
LINE
  8
0
 10
6.41203
 20
-1.50757
 11
6.41489
 21
-1.50577
  0
LINE
  8
0
 10
6.41489
 20
-1.50577
 11
6.4178
 21
-1.50407
  0
LINE
  8
0
 10
6.4178
 20
-1.50407
 11
6.42081
 21
-1.5025
  0
LINE
  8
0
 10
6.42081
 20
-1.5025
 11
6.42386
 21
-1.50107
  0
LINE
  8
0
 10
6.42386
 20
-1.50107
 11
6.42697
 21
-1.49976
  0
LINE
  8
0
 10
6.42697
 20
-1.49976
 11
6.43015
 21
-1.49858
  0
LINE
  8
0
 10
6.43015
 20
-1.49858
 11
6.43336
 21
-1.49753
  0
LINE
  8
0
 10
6.43336
 20
-1.49753
 11
6.43661
 21
-1.49663
  0
LINE
  8
0
 10
6.43661
 20
-1.49663
 11
6.43991
 21
-1.49585
  0
LINE
  8
0
 10
6.43991
 20
-1.49585
 11
6.44324
 21
-1.49522
  0
LINE
  8
0
 10
6.44324
 20
-1.49522
 11
6.44658
 21
-1.49472
  0
LINE
  8
0
 10
6.44658
 20
-1.49472
 11
6.44994
 21
-1.49437
  0
LINE
  8
0
 10
6.44994
 20
-1.49437
 11
6.45331
 21
-1.49416
  0
LINE
  8
0
 10
6.45331
 20
-1.49416
 11
6.4567
 21
-1.49408
  0
LINE
  8
0
 10
6.4567
 20
-1.49408
 11
6.46007
 21
-1.49416
  0
LINE
  8
0
 10
6.46007
 20
-1.49416
 11
6.46344
 21
-1.49437
  0
LINE
  8
0
 10
6.46344
 20
-1.49437
 11
6.4668
 21
-1.49472
  0
LINE
  8
0
 10
6.4668
 20
-1.49472
 11
6.47015
 21
-1.49522
  0
LINE
  8
0
 10
6.47015
 20
-1.49522
 11
6.47346
 21
-1.49585
  0
LINE
  8
0
 10
6.47346
 20
-1.49585
 11
6.47676
 21
-1.49663
  0
LINE
  8
0
 10
6.47676
 20
-1.49663
 11
6.48001
 21
-1.49753
  0
LINE
  8
0
 10
6.48001
 20
-1.49753
 11
6.48323
 21
-1.49858
  0
LINE
  8
0
 10
6.48323
 20
-1.49858
 11
6.4864
 21
-1.49976
  0
LINE
  8
0
 10
6.4864
 20
-1.49976
 11
6.48952
 21
-1.50107
  0
LINE
  8
0
 10
6.48952
 20
-1.50107
 11
6.49257
 21
-1.5025
  0
LINE
  8
0
 10
6.49257
 20
-1.5025
 11
6.49557
 21
-1.50407
  0
LINE
  8
0
 10
6.49557
 20
-1.50407
 11
6.4985
 21
-1.50577
  0
LINE
  8
0
 10
6.4985
 20
-1.50577
 11
6.50136
 21
-1.50757
  0
LINE
  8
0
 10
6.50136
 20
-1.50757
 11
6.50414
 21
-1.50951
  0
LINE
  8
0
 10
6.50414
 20
-1.50951
 11
6.50682
 21
-1.51155
  0
LINE
  8
0
 10
6.50682
 20
-1.51155
 11
6.50943
 21
-1.5137
  0
LINE
  8
0
 10
6.50943
 20
-1.5137
 11
6.51193
 21
-1.51596
  0
LINE
  8
0
 10
6.51193
 20
-1.51596
 11
6.51436
 21
-1.51833
  0
LINE
  8
0
 10
6.51436
 20
-1.51833
 11
6.51666
 21
-1.5208
  0
LINE
  8
0
 10
6.51666
 20
-1.5208
 11
6.51888
 21
-1.52335
  0
LINE
  8
0
 10
6.51888
 20
-1.52335
 11
6.52098
 21
-1.526
  0
LINE
  8
0
 10
6.52098
 20
-1.526
 11
6.52296
 21
-1.52873
  0
LINE
  8
0
 10
6.52296
 20
-1.52873
 11
6.52483
 21
-1.53156
  0
LINE
  8
0
 10
6.52483
 20
-1.53156
 11
6.52658
 21
-1.53444
  0
LINE
  8
0
 10
6.52658
 20
-1.53444
 11
6.52821
 21
-1.5374
  0
LINE
  8
0
 10
6.52821
 20
-1.5374
 11
6.52971
 21
-1.54044
  0
LINE
  8
0
 10
6.52971
 20
-1.54044
 11
6.5311
 21
-1.54352
  0
LINE
  8
0
 10
6.5311
 20
-1.54352
 11
6.53233
 21
-1.54666
  0
LINE
  8
0
 10
6.53233
 20
-1.54666
 11
6.53345
 21
-1.54985
  0
LINE
  8
0
 10
6.53345
 20
-1.54985
 11
6.53442
 21
-1.55309
  0
LINE
  8
0
 10
6.53442
 20
-1.55309
 11
6.53526
 21
-1.55637
  0
LINE
  8
0
 10
6.53526
 20
-1.55637
 11
6.53596
 21
-1.55968
  0
LINE
  8
0
 10
6.53596
 20
-1.55968
 11
6.53653
 21
-1.563
  0
LINE
  8
0
 10
6.53653
 20
-1.563
 11
6.53696
 21
-1.56636
  0
LINE
  8
0
 10
6.53696
 20
-1.56636
 11
6.53723
 21
-1.56973
  0
LINE
  8
0
 10
6.53723
 20
-1.56973
 11
6.53738
 21
-1.5731
  0
LINE
  8
0
 10
6.53738
 20
-1.5731
 11
6.53738
 21
-1.57649
  0
LINE
  8
0
 10
6.53738
 20
-1.57649
 11
6.53723
 21
-1.57986
  0
LINE
  8
0
 10
6.53723
 20
-1.57986
 11
6.53696
 21
-1.58324
  0
LINE
  8
0
 10
6.53696
 20
-1.58324
 11
6.53653
 21
-1.58658
  0
LINE
  8
0
 10
6.53653
 20
-1.58658
 11
6.53596
 21
-1.58992
  0
LINE
  8
0
 10
6.53596
 20
-1.58992
 11
6.53526
 21
-1.59323
  0
LINE
  8
0
 10
6.53526
 20
-1.59323
 11
6.53442
 21
-1.5965
  0
LINE
  8
0
 10
6.53442
 20
-1.5965
 11
6.53345
 21
-1.59973
  0
LINE
  8
0
 10
6.53345
 20
-1.59973
 11
6.53233
 21
-1.60294
  0
LINE
  8
0
 10
6.53233
 20
-1.60294
 11
6.5311
 21
-1.60608
  0
LINE
  8
0
 10
6.5311
 20
-1.60608
 11
6.52971
 21
-1.60916
  0
LINE
  8
0
 10
6.52971
 20
-1.60916
 11
6.52821
 21
-1.61218
  0
LINE
  8
0
 10
6.52821
 20
-1.61218
 11
6.52658
 21
-1.61514
  0
LINE
  8
0
 10
6.52658
 20
-1.61514
 11
6.52483
 21
-1.61804
  0
LINE
  8
0
 10
6.52483
 20
-1.61804
 11
6.52296
 21
-1.62086
  0
LINE
  8
0
 10
6.52296
 20
-1.62086
 11
6.52098
 21
-1.6236
  0
LINE
  8
0
 10
6.52098
 20
-1.6236
 11
6.51888
 21
-1.62624
  0
LINE
  8
0
 10
6.51888
 20
-1.62624
 11
6.51666
 21
-1.6288
  0
LINE
  8
0
 10
6.51666
 20
-1.6288
 11
6.51436
 21
-1.63127
  0
LINE
  8
0
 10
6.51436
 20
-1.63127
 11
6.51193
 21
-1.63364
  0
LINE
  8
0
 10
6.51193
 20
-1.63364
 11
6.50943
 21
-1.63589
  0
LINE
  8
0
 10
6.50943
 20
-1.63589
 11
6.50682
 21
-1.63805
  0
LINE
  8
0
 10
6.50682
 20
-1.63805
 11
6.50414
 21
-1.64009
  0
LINE
  8
0
 10
6.50414
 20
-1.64009
 11
6.50136
 21
-1.64201
  0
LINE
  8
0
 10
6.50136
 20
-1.64201
 11
6.4985
 21
-1.64383
  0
LINE
  8
0
 10
6.4985
 20
-1.64383
 11
6.49557
 21
-1.64552
  0
LINE
  8
0
 10
6.49557
 20
-1.64552
 11
6.49257
 21
-1.64709
  0
LINE
  8
0
 10
6.49257
 20
-1.64709
 11
6.48952
 21
-1.64853
  0
LINE
  8
0
 10
6.48952
 20
-1.64853
 11
6.4864
 21
-1.64984
  0
LINE
  8
0
 10
6.4864
 20
-1.64984
 11
6.48323
 21
-1.65102
  0
LINE
  8
0
 10
6.48323
 20
-1.65102
 11
6.48001
 21
-1.65205
  0
LINE
  8
0
 10
6.48001
 20
-1.65205
 11
6.47676
 21
-1.65297
  0
LINE
  8
0
 10
6.47676
 20
-1.65297
 11
6.47346
 21
-1.65375
  0
LINE
  8
0
 10
6.47346
 20
-1.65375
 11
6.47015
 21
-1.65437
  0
LINE
  8
0
 10
6.47015
 20
-1.65437
 11
6.4668
 21
-1.65486
  0
LINE
  8
0
 10
6.4668
 20
-1.65486
 11
6.46344
 21
-1.65523
  0
LINE
  8
0
 10
6.46344
 20
-1.65523
 11
6.46007
 21
-1.65544
  0
LINE
  8
0
 10
6.46007
 20
-1.65544
 11
6.4567
 21
-1.6555
  0
LINE
  8
0
 10
6.4567
 20
-1.6555
 11
6.45331
 21
-1.65544
  0
LINE
  8
0
 10
-6.46007
 20
-2.28535
 11
-6.46344
 21
-2.28514
  0
LINE
  8
0
 10
-6.46344
 20
-2.28514
 11
-6.4668
 21
-2.28479
  0
LINE
  8
0
 10
-6.4668
 20
-2.28479
 11
-6.47015
 21
-2.2843
  0
LINE
  8
0
 10
-6.47015
 20
-2.2843
 11
-6.47346
 21
-2.28366
  0
LINE
  8
0
 10
-6.47346
 20
-2.28366
 11
-6.47676
 21
-2.28288
  0
LINE
  8
0
 10
-6.47676
 20
-2.28288
 11
-6.48001
 21
-2.28198
  0
LINE
  8
0
 10
-6.48001
 20
-2.28198
 11
-6.48323
 21
-2.28093
  0
LINE
  8
0
 10
-6.48323
 20
-2.28093
 11
-6.4864
 21
-2.27975
  0
LINE
  8
0
 10
-6.4864
 20
-2.27975
 11
-6.48952
 21
-2.27844
  0
LINE
  8
0
 10
-6.48952
 20
-2.27844
 11
-6.49257
 21
-2.27701
  0
LINE
  8
0
 10
-6.49257
 20
-2.27701
 11
-6.49557
 21
-2.27544
  0
LINE
  8
0
 10
-6.49557
 20
-2.27544
 11
-6.4985
 21
-2.27376
  0
LINE
  8
0
 10
-6.4985
 20
-2.27376
 11
-6.50136
 21
-2.27194
  0
LINE
  8
0
 10
-6.50136
 20
-2.27194
 11
-6.50414
 21
-2.27
  0
LINE
  8
0
 10
-6.50414
 20
-2.27
 11
-6.50682
 21
-2.26797
  0
LINE
  8
0
 10
-6.50682
 20
-2.26797
 11
-6.50943
 21
-2.26581
  0
LINE
  8
0
 10
-6.50943
 20
-2.26581
 11
-6.51193
 21
-2.26355
  0
LINE
  8
0
 10
-6.51193
 20
-2.26355
 11
-6.51436
 21
-2.26118
  0
LINE
  8
0
 10
-6.51436
 20
-2.26118
 11
-6.51666
 21
-2.25873
  0
LINE
  8
0
 10
-6.51666
 20
-2.25873
 11
-6.51888
 21
-2.25616
  0
LINE
  8
0
 10
-6.51888
 20
-2.25616
 11
-6.52098
 21
-2.25351
  0
LINE
  8
0
 10
-6.52098
 20
-2.25351
 11
-6.52296
 21
-2.25078
  0
LINE
  8
0
 10
-6.52296
 20
-2.25078
 11
-6.52483
 21
-2.24797
  0
LINE
  8
0
 10
-6.52483
 20
-2.24797
 11
-6.52658
 21
-2.24507
  0
LINE
  8
0
 10
-6.52658
 20
-2.24507
 11
-6.52821
 21
-2.24211
  0
LINE
  8
0
 10
-6.52821
 20
-2.24211
 11
-6.52971
 21
-2.23907
  0
LINE
  8
0
 10
-6.52971
 20
-2.23907
 11
-6.5311
 21
-2.23599
  0
LINE
  8
0
 10
-6.5311
 20
-2.23599
 11
-6.53233
 21
-2.23285
  0
LINE
  8
0
 10
-6.53233
 20
-2.23285
 11
-6.53345
 21
-2.22966
  0
LINE
  8
0
 10
-6.53345
 20
-2.22966
 11
-6.53442
 21
-2.22643
  0
LINE
  8
0
 10
-6.53442
 20
-2.22643
 11
-6.53526
 21
-2.22314
  0
LINE
  8
0
 10
-6.53526
 20
-2.22314
 11
-6.53596
 21
-2.21983
  0
LINE
  8
0
 10
-6.53596
 20
-2.21983
 11
-6.53653
 21
-2.21651
  0
LINE
  8
0
 10
-6.53653
 20
-2.21651
 11
-6.53696
 21
-2.21315
  0
LINE
  8
0
 10
-6.53696
 20
-2.21315
 11
-6.53723
 21
-2.20978
  0
LINE
  8
0
 10
-6.53723
 20
-2.20978
 11
-6.53738
 21
-2.20641
  0
LINE
  8
0
 10
-6.53738
 20
-2.20641
 11
-6.53738
 21
-2.20303
  0
LINE
  8
0
 10
-6.53738
 20
-2.20303
 11
-6.53723
 21
-2.19965
  0
LINE
  8
0
 10
-6.53723
 20
-2.19965
 11
-6.53696
 21
-2.19627
  0
LINE
  8
0
 10
-6.53696
 20
-2.19627
 11
-6.53653
 21
-2.19293
  0
LINE
  8
0
 10
-6.53653
 20
-2.19293
 11
-6.53596
 21
-2.18959
  0
LINE
  8
0
 10
-6.53596
 20
-2.18959
 11
-6.53526
 21
-2.18629
  0
LINE
  8
0
 10
-6.53526
 20
-2.18629
 11
-6.53442
 21
-2.18301
  0
LINE
  8
0
 10
-6.53442
 20
-2.18301
 11
-6.53345
 21
-2.17978
  0
LINE
  8
0
 10
-6.53345
 20
-2.17978
 11
-6.53233
 21
-2.17659
  0
LINE
  8
0
 10
-6.53233
 20
-2.17659
 11
-6.5311
 21
-2.17345
  0
LINE
  8
0
 10
-6.5311
 20
-2.17345
 11
-6.52971
 21
-2.17035
  0
LINE
  8
0
 10
-6.52971
 20
-2.17035
 11
-6.52821
 21
-2.16733
  0
LINE
  8
0
 10
-6.52821
 20
-2.16733
 11
-6.52658
 21
-2.16437
  0
LINE
  8
0
 10
-6.52658
 20
-2.16437
 11
-6.52483
 21
-2.16147
  0
LINE
  8
0
 10
-6.52483
 20
-2.16147
 11
-6.52296
 21
-2.15866
  0
LINE
  8
0
 10
-6.52296
 20
-2.15866
 11
-6.52098
 21
-2.15591
  0
LINE
  8
0
 10
-6.52098
 20
-2.15591
 11
-6.51888
 21
-2.15327
  0
LINE
  8
0
 10
-6.51888
 20
-2.15327
 11
-6.51666
 21
-2.15071
  0
LINE
  8
0
 10
-6.51666
 20
-2.15071
 11
-6.51436
 21
-2.14825
  0
LINE
  8
0
 10
-6.51436
 20
-2.14825
 11
-6.51193
 21
-2.14589
  0
LINE
  8
0
 10
-6.51193
 20
-2.14589
 11
-6.50943
 21
-2.14362
  0
LINE
  8
0
 10
-6.50943
 20
-2.14362
 11
-6.50682
 21
-2.14146
  0
LINE
  8
0
 10
-6.50682
 20
-2.14146
 11
-6.50414
 21
-2.13942
  0
LINE
  8
0
 10
-6.50414
 20
-2.13942
 11
-6.50136
 21
-2.1375
  0
LINE
  8
0
 10
-6.50136
 20
-2.1375
 11
-6.4985
 21
-2.13568
  0
LINE
  8
0
 10
-6.4985
 20
-2.13568
 11
-6.49557
 21
-2.13399
  0
LINE
  8
0
 10
-6.49557
 20
-2.13399
 11
-6.49257
 21
-2.13243
  0
LINE
  8
0
 10
-6.49257
 20
-2.13243
 11
-6.48952
 21
-2.13098
  0
LINE
  8
0
 10
-6.48952
 20
-2.13098
 11
-6.4864
 21
-2.12967
  0
LINE
  8
0
 10
-6.4864
 20
-2.12967
 11
-6.48323
 21
-2.12849
  0
LINE
  8
0
 10
-6.48323
 20
-2.12849
 11
-6.48001
 21
-2.12746
  0
LINE
  8
0
 10
-6.48001
 20
-2.12746
 11
-6.47676
 21
-2.12654
  0
LINE
  8
0
 10
-6.47676
 20
-2.12654
 11
-6.47346
 21
-2.12578
  0
LINE
  8
0
 10
-6.47346
 20
-2.12578
 11
-6.47015
 21
-2.12514
  0
LINE
  8
0
 10
-6.47015
 20
-2.12514
 11
-6.4668
 21
-2.12465
  0
LINE
  8
0
 10
-6.4668
 20
-2.12465
 11
-6.46344
 21
-2.1243
  0
LINE
  8
0
 10
-6.46344
 20
-2.1243
 11
-6.46007
 21
-2.12408
  0
LINE
  8
0
 10
-6.46007
 20
-2.12408
 11
-6.4567
 21
-2.12401
  0
LINE
  8
0
 10
-6.4567
 20
-2.12401
 11
-6.45331
 21
-2.12408
  0
LINE
  8
0
 10
-6.45331
 20
-2.12408
 11
-6.44994
 21
-2.1243
  0
LINE
  8
0
 10
-6.44994
 20
-2.1243
 11
-6.44658
 21
-2.12465
  0
LINE
  8
0
 10
-6.44658
 20
-2.12465
 11
-6.44324
 21
-2.12514
  0
LINE
  8
0
 10
-6.44324
 20
-2.12514
 11
-6.43991
 21
-2.12578
  0
LINE
  8
0
 10
-6.43991
 20
-2.12578
 11
-6.43661
 21
-2.12654
  0
LINE
  8
0
 10
-6.43661
 20
-2.12654
 11
-6.43336
 21
-2.12746
  0
LINE
  8
0
 10
-6.43336
 20
-2.12746
 11
-6.43015
 21
-2.12849
  0
LINE
  8
0
 10
-6.43015
 20
-2.12849
 11
-6.42697
 21
-2.12967
  0
LINE
  8
0
 10
-6.42697
 20
-2.12967
 11
-6.42386
 21
-2.13098
  0
LINE
  8
0
 10
-6.42386
 20
-2.13098
 11
-6.42081
 21
-2.13243
  0
LINE
  8
0
 10
-6.42081
 20
-2.13243
 11
-6.4178
 21
-2.13399
  0
LINE
  8
0
 10
-6.4178
 20
-2.13399
 11
-6.41489
 21
-2.13568
  0
LINE
  8
0
 10
-6.41489
 20
-2.13568
 11
-6.41203
 21
-2.1375
  0
LINE
  8
0
 10
-6.41203
 20
-2.1375
 11
-6.40926
 21
-2.13942
  0
LINE
  8
0
 10
-6.40926
 20
-2.13942
 11
-6.40656
 21
-2.14146
  0
LINE
  8
0
 10
-6.40656
 20
-2.14146
 11
-6.40395
 21
-2.14362
  0
LINE
  8
0
 10
-6.40395
 20
-2.14362
 11
-6.40144
 21
-2.14589
  0
LINE
  8
0
 10
-6.40144
 20
-2.14589
 11
-6.39903
 21
-2.14825
  0
LINE
  8
0
 10
-6.39903
 20
-2.14825
 11
-6.39671
 21
-2.15071
  0
LINE
  8
0
 10
-6.39671
 20
-2.15071
 11
-6.3945
 21
-2.15327
  0
LINE
  8
0
 10
-6.3945
 20
-2.15327
 11
-6.39241
 21
-2.15591
  0
LINE
  8
0
 10
-6.39241
 20
-2.15591
 11
-6.39041
 21
-2.15866
  0
LINE
  8
0
 10
-6.39041
 20
-2.15866
 11
-6.38855
 21
-2.16147
  0
LINE
  8
0
 10
-6.38855
 20
-2.16147
 11
-6.3868
 21
-2.16437
  0
LINE
  8
0
 10
-6.3868
 20
-2.16437
 11
-6.38516
 21
-2.16733
  0
LINE
  8
0
 10
-6.38516
 20
-2.16733
 11
-6.38367
 21
-2.17035
  0
LINE
  8
0
 10
-6.38367
 20
-2.17035
 11
-6.38229
 21
-2.17345
  0
LINE
  8
0
 10
-6.38229
 20
-2.17345
 11
-6.38104
 21
-2.17659
  0
LINE
  8
0
 10
-6.38104
 20
-2.17659
 11
-6.37993
 21
-2.17978
  0
LINE
  8
0
 10
-6.37993
 20
-2.17978
 11
-6.37895
 21
-2.18301
  0
LINE
  8
0
 10
-6.37895
 20
-2.18301
 11
-6.37811
 21
-2.18629
  0
LINE
  8
0
 10
-6.37811
 20
-2.18629
 11
-6.37741
 21
-2.18959
  0
LINE
  8
0
 10
-6.37741
 20
-2.18959
 11
-6.37685
 21
-2.19293
  0
LINE
  8
0
 10
-6.37685
 20
-2.19293
 11
-6.37642
 21
-2.19627
  0
LINE
  8
0
 10
-6.37642
 20
-2.19627
 11
-6.37614
 21
-2.19965
  0
LINE
  8
0
 10
-6.37614
 20
-2.19965
 11
-6.37599
 21
-2.20303
  0
LINE
  8
0
 10
-6.37599
 20
-2.20303
 11
-6.37599
 21
-2.20641
  0
LINE
  8
0
 10
-6.37599
 20
-2.20641
 11
-6.37614
 21
-2.20978
  0
LINE
  8
0
 10
-6.37614
 20
-2.20978
 11
-6.37642
 21
-2.21315
  0
LINE
  8
0
 10
-6.37642
 20
-2.21315
 11
-6.37685
 21
-2.21651
  0
LINE
  8
0
 10
-6.37685
 20
-2.21651
 11
-6.37741
 21
-2.21983
  0
LINE
  8
0
 10
-6.37741
 20
-2.21983
 11
-6.37811
 21
-2.22314
  0
LINE
  8
0
 10
-6.37811
 20
-2.22314
 11
-6.37895
 21
-2.22643
  0
LINE
  8
0
 10
-6.37895
 20
-2.22643
 11
-6.37993
 21
-2.22966
  0
LINE
  8
0
 10
-6.37993
 20
-2.22966
 11
-6.38104
 21
-2.23285
  0
LINE
  8
0
 10
-6.38104
 20
-2.23285
 11
-6.38229
 21
-2.23599
  0
LINE
  8
0
 10
-6.38229
 20
-2.23599
 11
-6.38367
 21
-2.23907
  0
LINE
  8
0
 10
-6.38367
 20
-2.23907
 11
-6.38516
 21
-2.24211
  0
LINE
  8
0
 10
-6.38516
 20
-2.24211
 11
-6.3868
 21
-2.24507
  0
LINE
  8
0
 10
-6.3868
 20
-2.24507
 11
-6.38855
 21
-2.24797
  0
LINE
  8
0
 10
-6.38855
 20
-2.24797
 11
-6.39041
 21
-2.25078
  0
LINE
  8
0
 10
-6.39041
 20
-2.25078
 11
-6.39241
 21
-2.25351
  0
LINE
  8
0
 10
-6.39241
 20
-2.25351
 11
-6.3945
 21
-2.25616
  0
LINE
  8
0
 10
-6.3945
 20
-2.25616
 11
-6.39671
 21
-2.25873
  0
LINE
  8
0
 10
-6.39671
 20
-2.25873
 11
-6.39903
 21
-2.26118
  0
LINE
  8
0
 10
-6.39903
 20
-2.26118
 11
-6.40144
 21
-2.26355
  0
LINE
  8
0
 10
-6.40144
 20
-2.26355
 11
-6.40395
 21
-2.26581
  0
LINE
  8
0
 10
-6.40395
 20
-2.26581
 11
-6.40656
 21
-2.26797
  0
LINE
  8
0
 10
-6.40656
 20
-2.26797
 11
-6.40926
 21
-2.27
  0
LINE
  8
0
 10
-6.40926
 20
-2.27
 11
-6.41203
 21
-2.27194
  0
LINE
  8
0
 10
-6.41203
 20
-2.27194
 11
-6.41489
 21
-2.27376
  0
LINE
  8
0
 10
-6.41489
 20
-2.27376
 11
-6.4178
 21
-2.27544
  0
LINE
  8
0
 10
-6.4178
 20
-2.27544
 11
-6.42081
 21
-2.27701
  0
LINE
  8
0
 10
-6.42081
 20
-2.27701
 11
-6.42386
 21
-2.27844
  0
LINE
  8
0
 10
-6.42386
 20
-2.27844
 11
-6.42697
 21
-2.27975
  0
LINE
  8
0
 10
-6.42697
 20
-2.27975
 11
-6.43015
 21
-2.28093
  0
LINE
  8
0
 10
-6.43015
 20
-2.28093
 11
-6.43336
 21
-2.28198
  0
LINE
  8
0
 10
-6.43336
 20
-2.28198
 11
-6.43661
 21
-2.28288
  0
LINE
  8
0
 10
-6.43661
 20
-2.28288
 11
-6.43991
 21
-2.28366
  0
LINE
  8
0
 10
-6.43991
 20
-2.28366
 11
-6.44324
 21
-2.2843
  0
LINE
  8
0
 10
-6.44324
 20
-2.2843
 11
-6.44658
 21
-2.28479
  0
LINE
  8
0
 10
-6.44658
 20
-2.28479
 11
-6.44994
 21
-2.28514
  0
LINE
  8
0
 10
-6.44994
 20
-2.28514
 11
-6.45331
 21
-2.28535
  0
LINE
  8
0
 10
-6.45331
 20
-2.28535
 11
-6.4567
 21
-2.28543
  0
LINE
  8
0
 10
-6.4567
 20
-2.28543
 11
-6.46007
 21
-2.28535
  0
LINE
  8
0
 10
7.71315
 20
-2.28535
 11
7.70978
 21
-2.28514
  0
LINE
  8
0
 10
7.70978
 20
-2.28514
 11
7.70642
 21
-2.28479
  0
LINE
  8
0
 10
7.70642
 20
-2.28479
 11
7.70308
 21
-2.2843
  0
LINE
  8
0
 10
7.70308
 20
-2.2843
 11
7.69975
 21
-2.28366
  0
LINE
  8
0
 10
7.69975
 20
-2.28366
 11
7.69646
 21
-2.28288
  0
LINE
  8
0
 10
7.69646
 20
-2.28288
 11
7.69321
 21
-2.28198
  0
LINE
  8
0
 10
7.69321
 20
-2.28198
 11
7.68999
 21
-2.28093
  0
LINE
  8
0
 10
7.68999
 20
-2.28093
 11
7.68683
 21
-2.27975
  0
LINE
  8
0
 10
7.68683
 20
-2.27975
 11
7.6837
 21
-2.27844
  0
LINE
  8
0
 10
7.6837
 20
-2.27844
 11
7.68065
 21
-2.27701
  0
LINE
  8
0
 10
7.68065
 20
-2.27701
 11
7.67766
 21
-2.27544
  0
LINE
  8
0
 10
7.67766
 20
-2.27544
 11
7.67473
 21
-2.27376
  0
LINE
  8
0
 10
7.67473
 20
-2.27376
 11
7.67188
 21
-2.27194
  0
LINE
  8
0
 10
7.67188
 20
-2.27194
 11
7.6691
 21
-2.27
  0
LINE
  8
0
 10
7.6691
 20
-2.27
 11
7.6664
 21
-2.26797
  0
LINE
  8
0
 10
7.6664
 20
-2.26797
 11
7.6638
 21
-2.26581
  0
LINE
  8
0
 10
7.6638
 20
-2.26581
 11
7.66129
 21
-2.26355
  0
LINE
  8
0
 10
7.66129
 20
-2.26355
 11
7.65887
 21
-2.26118
  0
LINE
  8
0
 10
7.65887
 20
-2.26118
 11
7.65656
 21
-2.25873
  0
LINE
  8
0
 10
7.65656
 20
-2.25873
 11
7.65434
 21
-2.25616
  0
LINE
  8
0
 10
7.65434
 20
-2.25616
 11
7.65225
 21
-2.25351
  0
LINE
  8
0
 10
7.65225
 20
-2.25351
 11
7.65025
 21
-2.25078
  0
LINE
  8
0
 10
7.65025
 20
-2.25078
 11
7.64839
 21
-2.24797
  0
LINE
  8
0
 10
7.64839
 20
-2.24797
 11
7.64664
 21
-2.24507
  0
LINE
  8
0
 10
7.64664
 20
-2.24507
 11
7.645
 21
-2.24211
  0
LINE
  8
0
 10
7.645
 20
-2.24211
 11
7.64351
 21
-2.23907
  0
LINE
  8
0
 10
7.64351
 20
-2.23907
 11
7.64214
 21
-2.23599
  0
LINE
  8
0
 10
7.64214
 20
-2.23599
 11
7.64088
 21
-2.23285
  0
LINE
  8
0
 10
7.64088
 20
-2.23285
 11
7.63977
 21
-2.22966
  0
LINE
  8
0
 10
7.63977
 20
-2.22966
 11
7.63879
 21
-2.22643
  0
LINE
  8
0
 10
7.63879
 20
-2.22643
 11
7.63795
 21
-2.22314
  0
LINE
  8
0
 10
7.63795
 20
-2.22314
 11
7.63725
 21
-2.21983
  0
LINE
  8
0
 10
7.63725
 20
-2.21983
 11
7.63669
 21
-2.21651
  0
LINE
  8
0
 10
7.63669
 20
-2.21651
 11
7.63626
 21
-2.21315
  0
LINE
  8
0
 10
7.63626
 20
-2.21315
 11
7.63599
 21
-2.20978
  0
LINE
  8
0
 10
7.63599
 20
-2.20978
 11
7.63585
 21
-2.20641
  0
LINE
  8
0
 10
7.63585
 20
-2.20641
 11
7.63585
 21
-2.20303
  0
LINE
  8
0
 10
7.63585
 20
-2.20303
 11
7.63599
 21
-2.19965
  0
LINE
  8
0
 10
7.63599
 20
-2.19965
 11
7.63626
 21
-2.19627
  0
LINE
  8
0
 10
7.63626
 20
-2.19627
 11
7.63669
 21
-2.19293
  0
LINE
  8
0
 10
7.63669
 20
-2.19293
 11
7.63725
 21
-2.18959
  0
LINE
  8
0
 10
7.63725
 20
-2.18959
 11
7.63795
 21
-2.18629
  0
LINE
  8
0
 10
7.63795
 20
-2.18629
 11
7.63879
 21
-2.18301
  0
LINE
  8
0
 10
7.63879
 20
-2.18301
 11
7.63977
 21
-2.17978
  0
LINE
  8
0
 10
7.63977
 20
-2.17978
 11
7.64088
 21
-2.17659
  0
LINE
  8
0
 10
7.64088
 20
-2.17659
 11
7.64214
 21
-2.17345
  0
LINE
  8
0
 10
7.64214
 20
-2.17345
 11
7.64351
 21
-2.17035
  0
LINE
  8
0
 10
7.64351
 20
-2.17035
 11
7.645
 21
-2.16733
  0
LINE
  8
0
 10
7.645
 20
-2.16733
 11
7.64664
 21
-2.16437
  0
LINE
  8
0
 10
7.64664
 20
-2.16437
 11
7.64839
 21
-2.16147
  0
LINE
  8
0
 10
7.64839
 20
-2.16147
 11
7.65025
 21
-2.15866
  0
LINE
  8
0
 10
7.65025
 20
-2.15866
 11
7.65225
 21
-2.15591
  0
LINE
  8
0
 10
7.65225
 20
-2.15591
 11
7.65434
 21
-2.15327
  0
LINE
  8
0
 10
7.65434
 20
-2.15327
 11
7.65656
 21
-2.15071
  0
LINE
  8
0
 10
7.65656
 20
-2.15071
 11
7.65887
 21
-2.14825
  0
LINE
  8
0
 10
7.65887
 20
-2.14825
 11
7.66129
 21
-2.14589
  0
LINE
  8
0
 10
7.66129
 20
-2.14589
 11
7.6638
 21
-2.14362
  0
LINE
  8
0
 10
7.6638
 20
-2.14362
 11
7.6664
 21
-2.14146
  0
LINE
  8
0
 10
7.6664
 20
-2.14146
 11
7.6691
 21
-2.13942
  0
LINE
  8
0
 10
7.6691
 20
-2.13942
 11
7.67188
 21
-2.1375
  0
LINE
  8
0
 10
7.67188
 20
-2.1375
 11
7.67473
 21
-2.13568
  0
LINE
  8
0
 10
7.67473
 20
-2.13568
 11
7.67766
 21
-2.13399
  0
LINE
  8
0
 10
7.67766
 20
-2.13399
 11
7.68065
 21
-2.13243
  0
LINE
  8
0
 10
7.68065
 20
-2.13243
 11
7.6837
 21
-2.13098
  0
LINE
  8
0
 10
7.6837
 20
-2.13098
 11
7.68683
 21
-2.12967
  0
LINE
  8
0
 10
7.68683
 20
-2.12967
 11
7.68999
 21
-2.12849
  0
LINE
  8
0
 10
7.68999
 20
-2.12849
 11
7.69321
 21
-2.12746
  0
LINE
  8
0
 10
7.69321
 20
-2.12746
 11
7.69646
 21
-2.12654
  0
LINE
  8
0
 10
7.69646
 20
-2.12654
 11
7.69975
 21
-2.12578
  0
LINE
  8
0
 10
7.69975
 20
-2.12578
 11
7.70308
 21
-2.12514
  0
LINE
  8
0
 10
7.70308
 20
-2.12514
 11
7.70642
 21
-2.12465
  0
LINE
  8
0
 10
7.70642
 20
-2.12465
 11
7.70978
 21
-2.1243
  0
LINE
  8
0
 10
7.70978
 20
-2.1243
 11
7.71315
 21
-2.12408
  0
LINE
  8
0
 10
7.71315
 20
-2.12408
 11
7.71654
 21
-2.12401
  0
LINE
  8
0
 10
7.71654
 20
-2.12401
 11
7.71991
 21
-2.12408
  0
LINE
  8
0
 10
7.71991
 20
-2.12408
 11
7.72328
 21
-2.1243
  0
LINE
  8
0
 10
7.72328
 20
-2.1243
 11
7.72665
 21
-2.12465
  0
LINE
  8
0
 10
7.72665
 20
-2.12465
 11
7.73
 21
-2.12514
  0
LINE
  8
0
 10
7.73
 20
-2.12514
 11
7.73331
 21
-2.12578
  0
LINE
  8
0
 10
7.73331
 20
-2.12578
 11
7.7366
 21
-2.12654
  0
LINE
  8
0
 10
7.7366
 20
-2.12654
 11
7.73985
 21
-2.12746
  0
LINE
  8
0
 10
7.73985
 20
-2.12746
 11
7.74307
 21
-2.12849
  0
LINE
  8
0
 10
7.74307
 20
-2.12849
 11
7.74625
 21
-2.12967
  0
LINE
  8
0
 10
7.74625
 20
-2.12967
 11
7.74936
 21
-2.13098
  0
LINE
  8
0
 10
7.74936
 20
-2.13098
 11
7.75241
 21
-2.13243
  0
LINE
  8
0
 10
7.75241
 20
-2.13243
 11
7.75542
 21
-2.13399
  0
LINE
  8
0
 10
7.75542
 20
-2.13399
 11
7.75835
 21
-2.13568
  0
LINE
  8
0
 10
7.75835
 20
-2.13568
 11
7.7612
 21
-2.1375
  0
LINE
  8
0
 10
7.7612
 20
-2.1375
 11
7.76398
 21
-2.13942
  0
LINE
  8
0
 10
7.76398
 20
-2.13942
 11
7.76666
 21
-2.14146
  0
LINE
  8
0
 10
7.76666
 20
-2.14146
 11
7.76927
 21
-2.14362
  0
LINE
  8
0
 10
7.76927
 20
-2.14362
 11
7.77177
 21
-2.14589
  0
LINE
  8
0
 10
7.77177
 20
-2.14589
 11
7.7742
 21
-2.14825
  0
LINE
  8
0
 10
7.7742
 20
-2.14825
 11
7.7765
 21
-2.15071
  0
LINE
  8
0
 10
7.7765
 20
-2.15071
 11
7.77872
 21
-2.15327
  0
LINE
  8
0
 10
7.77872
 20
-2.15327
 11
7.78082
 21
-2.15591
  0
LINE
  8
0
 10
7.78082
 20
-2.15591
 11
7.78281
 21
-2.15866
  0
LINE
  8
0
 10
7.78281
 20
-2.15866
 11
7.78468
 21
-2.16147
  0
LINE
  8
0
 10
7.78468
 20
-2.16147
 11
7.78642
 21
-2.16437
  0
LINE
  8
0
 10
7.78642
 20
-2.16437
 11
7.78806
 21
-2.16733
  0
LINE
  8
0
 10
7.78806
 20
-2.16733
 11
7.78957
 21
-2.17035
  0
LINE
  8
0
 10
7.78957
 20
-2.17035
 11
7.79094
 21
-2.17345
  0
LINE
  8
0
 10
7.79094
 20
-2.17345
 11
7.79218
 21
-2.17659
  0
LINE
  8
0
 10
7.79218
 20
-2.17659
 11
7.79329
 21
-2.17978
  0
LINE
  8
0
 10
7.79329
 20
-2.17978
 11
7.79427
 21
-2.18301
  0
LINE
  8
0
 10
7.79427
 20
-2.18301
 11
7.7951
 21
-2.18629
  0
LINE
  8
0
 10
7.7951
 20
-2.18629
 11
7.79581
 21
-2.18959
  0
LINE
  8
0
 10
7.79581
 20
-2.18959
 11
7.79637
 21
-2.19293
  0
LINE
  8
0
 10
7.79637
 20
-2.19293
 11
7.7968
 21
-2.19627
  0
LINE
  8
0
 10
7.7968
 20
-2.19627
 11
7.79709
 21
-2.19965
  0
LINE
  8
0
 10
7.79709
 20
-2.19965
 11
7.79723
 21
-2.20303
  0
LINE
  8
0
 10
7.79723
 20
-2.20303
 11
7.79723
 21
-2.20641
  0
LINE
  8
0
 10
7.79723
 20
-2.20641
 11
7.79709
 21
-2.20978
  0
LINE
  8
0
 10
7.79709
 20
-2.20978
 11
7.7968
 21
-2.21315
  0
LINE
  8
0
 10
7.7968
 20
-2.21315
 11
7.79637
 21
-2.21651
  0
LINE
  8
0
 10
7.79637
 20
-2.21651
 11
7.79581
 21
-2.21983
  0
LINE
  8
0
 10
7.79581
 20
-2.21983
 11
7.7951
 21
-2.22314
  0
LINE
  8
0
 10
7.7951
 20
-2.22314
 11
7.79427
 21
-2.22643
  0
LINE
  8
0
 10
7.79427
 20
-2.22643
 11
7.79329
 21
-2.22966
  0
LINE
  8
0
 10
7.79329
 20
-2.22966
 11
7.79218
 21
-2.23285
  0
LINE
  8
0
 10
7.79218
 20
-2.23285
 11
7.79094
 21
-2.23599
  0
LINE
  8
0
 10
7.79094
 20
-2.23599
 11
7.78957
 21
-2.23907
  0
LINE
  8
0
 10
7.78957
 20
-2.23907
 11
7.78806
 21
-2.24211
  0
LINE
  8
0
 10
7.78806
 20
-2.24211
 11
7.78642
 21
-2.24507
  0
LINE
  8
0
 10
7.78642
 20
-2.24507
 11
7.78468
 21
-2.24797
  0
LINE
  8
0
 10
7.78468
 20
-2.24797
 11
7.78281
 21
-2.25078
  0
LINE
  8
0
 10
7.78281
 20
-2.25078
 11
7.78082
 21
-2.25351
  0
LINE
  8
0
 10
7.78082
 20
-2.25351
 11
7.77872
 21
-2.25616
  0
LINE
  8
0
 10
7.77872
 20
-2.25616
 11
7.7765
 21
-2.25873
  0
LINE
  8
0
 10
7.7765
 20
-2.25873
 11
7.7742
 21
-2.26118
  0
LINE
  8
0
 10
7.7742
 20
-2.26118
 11
7.77177
 21
-2.26355
  0
LINE
  8
0
 10
7.77177
 20
-2.26355
 11
7.76927
 21
-2.26581
  0
LINE
  8
0
 10
7.76927
 20
-2.26581
 11
7.76666
 21
-2.26797
  0
LINE
  8
0
 10
7.76666
 20
-2.26797
 11
7.76398
 21
-2.27
  0
LINE
  8
0
 10
7.76398
 20
-2.27
 11
7.7612
 21
-2.27194
  0
LINE
  8
0
 10
7.7612
 20
-2.27194
 11
7.75835
 21
-2.27376
  0
LINE
  8
0
 10
7.75835
 20
-2.27376
 11
7.75542
 21
-2.27544
  0
LINE
  8
0
 10
7.75542
 20
-2.27544
 11
7.75241
 21
-2.27701
  0
LINE
  8
0
 10
7.75241
 20
-2.27701
 11
7.74936
 21
-2.27844
  0
LINE
  8
0
 10
7.74936
 20
-2.27844
 11
7.74625
 21
-2.27975
  0
LINE
  8
0
 10
7.74625
 20
-2.27975
 11
7.74307
 21
-2.28093
  0
LINE
  8
0
 10
7.74307
 20
-2.28093
 11
7.73985
 21
-2.28198
  0
LINE
  8
0
 10
7.73985
 20
-2.28198
 11
7.7366
 21
-2.28288
  0
LINE
  8
0
 10
7.7366
 20
-2.28288
 11
7.73331
 21
-2.28366
  0
LINE
  8
0
 10
7.73331
 20
-2.28366
 11
7.73
 21
-2.2843
  0
LINE
  8
0
 10
7.73
 20
-2.2843
 11
7.72665
 21
-2.28479
  0
LINE
  8
0
 10
7.72665
 20
-2.28479
 11
7.72328
 21
-2.28514
  0
LINE
  8
0
 10
7.72328
 20
-2.28514
 11
7.71991
 21
-2.28535
  0
LINE
  8
0
 10
7.71991
 20
-2.28535
 11
7.71654
 21
-2.28543
  0
LINE
  8
0
 10
7.71654
 20
-2.28543
 11
7.71315
 21
-2.28535
  0
LINE
  8
0
 10
-7.71991
 20
-2.28535
 11
-7.72328
 21
-2.28514
  0
LINE
  8
0
 10
-7.72328
 20
-2.28514
 11
-7.72665
 21
-2.28479
  0
LINE
  8
0
 10
-7.72665
 20
-2.28479
 11
-7.73
 21
-2.2843
  0
LINE
  8
0
 10
-7.73
 20
-2.2843
 11
-7.73331
 21
-2.28366
  0
LINE
  8
0
 10
-7.73331
 20
-2.28366
 11
-7.7366
 21
-2.28288
  0
LINE
  8
0
 10
-7.7366
 20
-2.28288
 11
-7.73985
 21
-2.28198
  0
LINE
  8
0
 10
-7.73985
 20
-2.28198
 11
-7.74307
 21
-2.28093
  0
LINE
  8
0
 10
-7.74307
 20
-2.28093
 11
-7.74625
 21
-2.27975
  0
LINE
  8
0
 10
-7.74625
 20
-2.27975
 11
-7.74936
 21
-2.27844
  0
LINE
  8
0
 10
-7.74936
 20
-2.27844
 11
-7.75241
 21
-2.27701
  0
LINE
  8
0
 10
-7.75241
 20
-2.27701
 11
-7.75542
 21
-2.27544
  0
LINE
  8
0
 10
-7.75542
 20
-2.27544
 11
-7.75835
 21
-2.27376
  0
LINE
  8
0
 10
-7.75835
 20
-2.27376
 11
-7.7612
 21
-2.27194
  0
LINE
  8
0
 10
-7.7612
 20
-2.27194
 11
-7.76398
 21
-2.27
  0
LINE
  8
0
 10
-7.76398
 20
-2.27
 11
-7.76666
 21
-2.26797
  0
LINE
  8
0
 10
-7.76666
 20
-2.26797
 11
-7.76927
 21
-2.26581
  0
LINE
  8
0
 10
-7.76927
 20
-2.26581
 11
-7.77177
 21
-2.26355
  0
LINE
  8
0
 10
-7.77177
 20
-2.26355
 11
-7.7742
 21
-2.26118
  0
LINE
  8
0
 10
-7.7742
 20
-2.26118
 11
-7.7765
 21
-2.25873
  0
LINE
  8
0
 10
-7.7765
 20
-2.25873
 11
-7.77872
 21
-2.25616
  0
LINE
  8
0
 10
-7.77872
 20
-2.25616
 11
-7.78082
 21
-2.25351
  0
LINE
  8
0
 10
-7.78082
 20
-2.25351
 11
-7.78281
 21
-2.25078
  0
LINE
  8
0
 10
-7.78281
 20
-2.25078
 11
-7.78468
 21
-2.24797
  0
LINE
  8
0
 10
-7.78468
 20
-2.24797
 11
-7.78642
 21
-2.24507
  0
LINE
  8
0
 10
-7.78642
 20
-2.24507
 11
-7.78806
 21
-2.24211
  0
LINE
  8
0
 10
-7.78806
 20
-2.24211
 11
-7.78957
 21
-2.23907
  0
LINE
  8
0
 10
-7.78957
 20
-2.23907
 11
-7.79094
 21
-2.23599
  0
LINE
  8
0
 10
-7.79094
 20
-2.23599
 11
-7.79218
 21
-2.23285
  0
LINE
  8
0
 10
-7.79218
 20
-2.23285
 11
-7.79329
 21
-2.22966
  0
LINE
  8
0
 10
-7.79329
 20
-2.22966
 11
-7.79427
 21
-2.22643
  0
LINE
  8
0
 10
-7.79427
 20
-2.22643
 11
-7.7951
 21
-2.22314
  0
LINE
  8
0
 10
-7.7951
 20
-2.22314
 11
-7.79581
 21
-2.21983
  0
LINE
  8
0
 10
-7.79581
 20
-2.21983
 11
-7.79637
 21
-2.21651
  0
LINE
  8
0
 10
-7.79637
 20
-2.21651
 11
-7.7968
 21
-2.21315
  0
LINE
  8
0
 10
-7.7968
 20
-2.21315
 11
-7.79709
 21
-2.20978
  0
LINE
  8
0
 10
-7.79709
 20
-2.20978
 11
-7.79723
 21
-2.20641
  0
LINE
  8
0
 10
-7.79723
 20
-2.20641
 11
-7.79723
 21
-2.20303
  0
LINE
  8
0
 10
-7.79723
 20
-2.20303
 11
-7.79709
 21
-2.19965
  0
LINE
  8
0
 10
-7.79709
 20
-2.19965
 11
-7.7968
 21
-2.19627
  0
LINE
  8
0
 10
-7.7968
 20
-2.19627
 11
-7.79637
 21
-2.19293
  0
LINE
  8
0
 10
-7.79637
 20
-2.19293
 11
-7.79581
 21
-2.18959
  0
LINE
  8
0
 10
-7.79581
 20
-2.18959
 11
-7.7951
 21
-2.18629
  0
LINE
  8
0
 10
-7.7951
 20
-2.18629
 11
-7.79427
 21
-2.18301
  0
LINE
  8
0
 10
-7.79427
 20
-2.18301
 11
-7.79329
 21
-2.17978
  0
LINE
  8
0
 10
-7.79329
 20
-2.17978
 11
-7.79218
 21
-2.17659
  0
LINE
  8
0
 10
-7.79218
 20
-2.17659
 11
-7.79094
 21
-2.17345
  0
LINE
  8
0
 10
-7.79094
 20
-2.17345
 11
-7.78957
 21
-2.17035
  0
LINE
  8
0
 10
-7.78957
 20
-2.17035
 11
-7.78806
 21
-2.16733
  0
LINE
  8
0
 10
-7.78806
 20
-2.16733
 11
-7.78642
 21
-2.16437
  0
LINE
  8
0
 10
-7.78642
 20
-2.16437
 11
-7.78468
 21
-2.16147
  0
LINE
  8
0
 10
-7.78468
 20
-2.16147
 11
-7.78281
 21
-2.15866
  0
LINE
  8
0
 10
-7.78281
 20
-2.15866
 11
-7.78082
 21
-2.15591
  0
LINE
  8
0
 10
-7.78082
 20
-2.15591
 11
-7.77872
 21
-2.15327
  0
LINE
  8
0
 10
-7.77872
 20
-2.15327
 11
-7.7765
 21
-2.15071
  0
LINE
  8
0
 10
-7.7765
 20
-2.15071
 11
-7.7742
 21
-2.14825
  0
LINE
  8
0
 10
-7.7742
 20
-2.14825
 11
-7.77177
 21
-2.14589
  0
LINE
  8
0
 10
-7.77177
 20
-2.14589
 11
-7.76927
 21
-2.14362
  0
LINE
  8
0
 10
-7.76927
 20
-2.14362
 11
-7.76666
 21
-2.14146
  0
LINE
  8
0
 10
-7.76666
 20
-2.14146
 11
-7.76398
 21
-2.13942
  0
LINE
  8
0
 10
-7.76398
 20
-2.13942
 11
-7.7612
 21
-2.1375
  0
LINE
  8
0
 10
-7.7612
 20
-2.1375
 11
-7.75835
 21
-2.13568
  0
LINE
  8
0
 10
-7.75835
 20
-2.13568
 11
-7.75542
 21
-2.13399
  0
LINE
  8
0
 10
-7.75542
 20
-2.13399
 11
-7.75241
 21
-2.13243
  0
LINE
  8
0
 10
-7.75241
 20
-2.13243
 11
-7.74936
 21
-2.13098
  0
LINE
  8
0
 10
-7.74936
 20
-2.13098
 11
-7.74625
 21
-2.12967
  0
LINE
  8
0
 10
-7.74625
 20
-2.12967
 11
-7.74307
 21
-2.12849
  0
LINE
  8
0
 10
-7.74307
 20
-2.12849
 11
-7.73985
 21
-2.12746
  0
LINE
  8
0
 10
-7.73985
 20
-2.12746
 11
-7.7366
 21
-2.12654
  0
LINE
  8
0
 10
-7.7366
 20
-2.12654
 11
-7.73331
 21
-2.12578
  0
LINE
  8
0
 10
-7.73331
 20
-2.12578
 11
-7.73
 21
-2.12514
  0
LINE
  8
0
 10
-7.73
 20
-2.12514
 11
-7.72665
 21
-2.12465
  0
LINE
  8
0
 10
-7.72665
 20
-2.12465
 11
-7.72328
 21
-2.1243
  0
LINE
  8
0
 10
-7.72328
 20
-2.1243
 11
-7.71991
 21
-2.12408
  0
LINE
  8
0
 10
-7.71991
 20
-2.12408
 11
-7.71654
 21
-2.12401
  0
LINE
  8
0
 10
-7.71654
 20
-2.12401
 11
-7.71315
 21
-2.12408
  0
LINE
  8
0
 10
-7.71315
 20
-2.12408
 11
-7.70978
 21
-2.1243
  0
LINE
  8
0
 10
-7.70978
 20
-2.1243
 11
-7.70642
 21
-2.12465
  0
LINE
  8
0
 10
-7.70642
 20
-2.12465
 11
-7.70308
 21
-2.12514
  0
LINE
  8
0
 10
-7.70308
 20
-2.12514
 11
-7.69975
 21
-2.12578
  0
LINE
  8
0
 10
-7.69975
 20
-2.12578
 11
-7.69646
 21
-2.12654
  0
LINE
  8
0
 10
-7.69646
 20
-2.12654
 11
-7.69321
 21
-2.12746
  0
LINE
  8
0
 10
-7.69321
 20
-2.12746
 11
-7.68999
 21
-2.12849
  0
LINE
  8
0
 10
-7.68999
 20
-2.12849
 11
-7.68683
 21
-2.12967
  0
LINE
  8
0
 10
-7.68683
 20
-2.12967
 11
-7.6837
 21
-2.13098
  0
LINE
  8
0
 10
-7.6837
 20
-2.13098
 11
-7.68065
 21
-2.13243
  0
LINE
  8
0
 10
-7.68065
 20
-2.13243
 11
-7.67766
 21
-2.13399
  0
LINE
  8
0
 10
-7.67766
 20
-2.13399
 11
-7.67473
 21
-2.13568
  0
LINE
  8
0
 10
-7.67473
 20
-2.13568
 11
-7.67188
 21
-2.1375
  0
LINE
  8
0
 10
-7.67188
 20
-2.1375
 11
-7.6691
 21
-2.13942
  0
LINE
  8
0
 10
-7.6691
 20
-2.13942
 11
-7.6664
 21
-2.14146
  0
LINE
  8
0
 10
-7.6664
 20
-2.14146
 11
-7.6638
 21
-2.14362
  0
LINE
  8
0
 10
-7.6638
 20
-2.14362
 11
-7.66129
 21
-2.14589
  0
LINE
  8
0
 10
-7.66129
 20
-2.14589
 11
-7.65887
 21
-2.14825
  0
LINE
  8
0
 10
-7.65887
 20
-2.14825
 11
-7.65656
 21
-2.15071
  0
LINE
  8
0
 10
-7.65656
 20
-2.15071
 11
-7.65434
 21
-2.15327
  0
LINE
  8
0
 10
-7.65434
 20
-2.15327
 11
-7.65225
 21
-2.15591
  0
LINE
  8
0
 10
-7.65225
 20
-2.15591
 11
-7.65025
 21
-2.15866
  0
LINE
  8
0
 10
-7.65025
 20
-2.15866
 11
-7.64839
 21
-2.16147
  0
LINE
  8
0
 10
-7.64839
 20
-2.16147
 11
-7.64664
 21
-2.16437
  0
LINE
  8
0
 10
-7.64664
 20
-2.16437
 11
-7.645
 21
-2.16733
  0
LINE
  8
0
 10
-7.645
 20
-2.16733
 11
-7.64351
 21
-2.17035
  0
LINE
  8
0
 10
-7.64351
 20
-2.17035
 11
-7.64214
 21
-2.17345
  0
LINE
  8
0
 10
-7.64214
 20
-2.17345
 11
-7.64088
 21
-2.17659
  0
LINE
  8
0
 10
-7.64088
 20
-2.17659
 11
-7.63977
 21
-2.17978
  0
LINE
  8
0
 10
-7.63977
 20
-2.17978
 11
-7.63879
 21
-2.18301
  0
LINE
  8
0
 10
-7.63879
 20
-2.18301
 11
-7.63795
 21
-2.18629
  0
LINE
  8
0
 10
-7.63795
 20
-2.18629
 11
-7.63725
 21
-2.18959
  0
LINE
  8
0
 10
-7.63725
 20
-2.18959
 11
-7.63669
 21
-2.19293
  0
LINE
  8
0
 10
-7.63669
 20
-2.19293
 11
-7.63626
 21
-2.19627
  0
LINE
  8
0
 10
-7.63626
 20
-2.19627
 11
-7.63599
 21
-2.19965
  0
LINE
  8
0
 10
-7.63599
 20
-2.19965
 11
-7.63585
 21
-2.20303
  0
LINE
  8
0
 10
-7.63585
 20
-2.20303
 11
-7.63585
 21
-2.20641
  0
LINE
  8
0
 10
-7.63585
 20
-2.20641
 11
-7.63599
 21
-2.20978
  0
LINE
  8
0
 10
-7.63599
 20
-2.20978
 11
-7.63626
 21
-2.21315
  0
LINE
  8
0
 10
-7.63626
 20
-2.21315
 11
-7.63669
 21
-2.21651
  0
LINE
  8
0
 10
-7.63669
 20
-2.21651
 11
-7.63725
 21
-2.21983
  0
LINE
  8
0
 10
-7.63725
 20
-2.21983
 11
-7.63795
 21
-2.22314
  0
LINE
  8
0
 10
-7.63795
 20
-2.22314
 11
-7.63879
 21
-2.22643
  0
LINE
  8
0
 10
-7.63879
 20
-2.22643
 11
-7.63977
 21
-2.22966
  0
LINE
  8
0
 10
-7.63977
 20
-2.22966
 11
-7.64088
 21
-2.23285
  0
LINE
  8
0
 10
-7.64088
 20
-2.23285
 11
-7.64214
 21
-2.23599
  0
LINE
  8
0
 10
-7.64214
 20
-2.23599
 11
-7.64351
 21
-2.23907
  0
LINE
  8
0
 10
-7.64351
 20
-2.23907
 11
-7.645
 21
-2.24211
  0
LINE
  8
0
 10
-7.645
 20
-2.24211
 11
-7.64664
 21
-2.24507
  0
LINE
  8
0
 10
-7.64664
 20
-2.24507
 11
-7.64839
 21
-2.24797
  0
LINE
  8
0
 10
-7.64839
 20
-2.24797
 11
-7.65025
 21
-2.25078
  0
LINE
  8
0
 10
-7.65025
 20
-2.25078
 11
-7.65225
 21
-2.25351
  0
LINE
  8
0
 10
-7.65225
 20
-2.25351
 11
-7.65434
 21
-2.25616
  0
LINE
  8
0
 10
-7.65434
 20
-2.25616
 11
-7.65656
 21
-2.25873
  0
LINE
  8
0
 10
-7.65656
 20
-2.25873
 11
-7.65887
 21
-2.26118
  0
LINE
  8
0
 10
-7.65887
 20
-2.26118
 11
-7.66129
 21
-2.26355
  0
LINE
  8
0
 10
-7.66129
 20
-2.26355
 11
-7.6638
 21
-2.26581
  0
LINE
  8
0
 10
-7.6638
 20
-2.26581
 11
-7.6664
 21
-2.26797
  0
LINE
  8
0
 10
-7.6664
 20
-2.26797
 11
-7.6691
 21
-2.27
  0
LINE
  8
0
 10
-7.6691
 20
-2.27
 11
-7.67188
 21
-2.27194
  0
LINE
  8
0
 10
-7.67188
 20
-2.27194
 11
-7.67473
 21
-2.27376
  0
LINE
  8
0
 10
-7.67473
 20
-2.27376
 11
-7.67766
 21
-2.27544
  0
LINE
  8
0
 10
-7.67766
 20
-2.27544
 11
-7.68065
 21
-2.27701
  0
LINE
  8
0
 10
-7.68065
 20
-2.27701
 11
-7.6837
 21
-2.27844
  0
LINE
  8
0
 10
-7.6837
 20
-2.27844
 11
-7.68683
 21
-2.27975
  0
LINE
  8
0
 10
-7.68683
 20
-2.27975
 11
-7.68999
 21
-2.28093
  0
LINE
  8
0
 10
-7.68999
 20
-2.28093
 11
-7.69321
 21
-2.28198
  0
LINE
  8
0
 10
-7.69321
 20
-2.28198
 11
-7.69646
 21
-2.28288
  0
LINE
  8
0
 10
-7.69646
 20
-2.28288
 11
-7.69975
 21
-2.28366
  0
LINE
  8
0
 10
-7.69975
 20
-2.28366
 11
-7.70308
 21
-2.2843
  0
LINE
  8
0
 10
-7.70308
 20
-2.2843
 11
-7.70642
 21
-2.28479
  0
LINE
  8
0
 10
-7.70642
 20
-2.28479
 11
-7.70978
 21
-2.28514
  0
LINE
  8
0
 10
-7.70978
 20
-2.28514
 11
-7.71315
 21
-2.28535
  0
LINE
  8
0
 10
-7.71315
 20
-2.28535
 11
-7.71654
 21
-2.28543
  0
LINE
  8
0
 10
-7.71654
 20
-2.28543
 11
-7.71991
 21
-2.28535
  0
LINE
  8
0
 10
6.45331
 20
-2.28535
 11
6.44994
 21
-2.28514
  0
LINE
  8
0
 10
6.44994
 20
-2.28514
 11
6.44658
 21
-2.28479
  0
LINE
  8
0
 10
6.44658
 20
-2.28479
 11
6.44324
 21
-2.2843
  0
LINE
  8
0
 10
6.44324
 20
-2.2843
 11
6.43991
 21
-2.28366
  0
LINE
  8
0
 10
6.43991
 20
-2.28366
 11
6.43661
 21
-2.28288
  0
LINE
  8
0
 10
6.43661
 20
-2.28288
 11
6.43336
 21
-2.28198
  0
LINE
  8
0
 10
6.43336
 20
-2.28198
 11
6.43015
 21
-2.28093
  0
LINE
  8
0
 10
6.43015
 20
-2.28093
 11
6.42697
 21
-2.27975
  0
LINE
  8
0
 10
6.42697
 20
-2.27975
 11
6.42386
 21
-2.27844
  0
LINE
  8
0
 10
6.42386
 20
-2.27844
 11
6.42081
 21
-2.27701
  0
LINE
  8
0
 10
6.42081
 20
-2.27701
 11
6.4178
 21
-2.27544
  0
LINE
  8
0
 10
6.4178
 20
-2.27544
 11
6.41489
 21
-2.27376
  0
LINE
  8
0
 10
6.41489
 20
-2.27376
 11
6.41203
 21
-2.27194
  0
LINE
  8
0
 10
6.41203
 20
-2.27194
 11
6.40926
 21
-2.27
  0
LINE
  8
0
 10
6.40926
 20
-2.27
 11
6.40656
 21
-2.26797
  0
LINE
  8
0
 10
6.40656
 20
-2.26797
 11
6.40395
 21
-2.26581
  0
LINE
  8
0
 10
6.40395
 20
-2.26581
 11
6.40144
 21
-2.26355
  0
LINE
  8
0
 10
6.40144
 20
-2.26355
 11
6.39903
 21
-2.26118
  0
LINE
  8
0
 10
6.39903
 20
-2.26118
 11
6.39671
 21
-2.25873
  0
LINE
  8
0
 10
6.39671
 20
-2.25873
 11
6.3945
 21
-2.25616
  0
LINE
  8
0
 10
6.3945
 20
-2.25616
 11
6.39241
 21
-2.25351
  0
LINE
  8
0
 10
6.39241
 20
-2.25351
 11
6.39041
 21
-2.25078
  0
LINE
  8
0
 10
6.39041
 20
-2.25078
 11
6.38855
 21
-2.24797
  0
LINE
  8
0
 10
6.38855
 20
-2.24797
 11
6.3868
 21
-2.24507
  0
LINE
  8
0
 10
6.3868
 20
-2.24507
 11
6.38516
 21
-2.24211
  0
LINE
  8
0
 10
6.38516
 20
-2.24211
 11
6.38367
 21
-2.23907
  0
LINE
  8
0
 10
6.38367
 20
-2.23907
 11
6.38229
 21
-2.23599
  0
LINE
  8
0
 10
6.38229
 20
-2.23599
 11
6.38104
 21
-2.23285
  0
LINE
  8
0
 10
6.38104
 20
-2.23285
 11
6.37993
 21
-2.22966
  0
LINE
  8
0
 10
6.37993
 20
-2.22966
 11
6.37895
 21
-2.22643
  0
LINE
  8
0
 10
6.37895
 20
-2.22643
 11
6.37811
 21
-2.22314
  0
LINE
  8
0
 10
6.37811
 20
-2.22314
 11
6.37741
 21
-2.21983
  0
LINE
  8
0
 10
6.37741
 20
-2.21983
 11
6.37685
 21
-2.21651
  0
LINE
  8
0
 10
6.37685
 20
-2.21651
 11
6.37642
 21
-2.21315
  0
LINE
  8
0
 10
6.37642
 20
-2.21315
 11
6.37614
 21
-2.20978
  0
LINE
  8
0
 10
6.37614
 20
-2.20978
 11
6.37599
 21
-2.20641
  0
LINE
  8
0
 10
6.37599
 20
-2.20641
 11
6.37599
 21
-2.20303
  0
LINE
  8
0
 10
6.37599
 20
-2.20303
 11
6.37614
 21
-2.19965
  0
LINE
  8
0
 10
6.37614
 20
-2.19965
 11
6.37642
 21
-2.19627
  0
LINE
  8
0
 10
6.37642
 20
-2.19627
 11
6.37685
 21
-2.19293
  0
LINE
  8
0
 10
6.37685
 20
-2.19293
 11
6.37741
 21
-2.18959
  0
LINE
  8
0
 10
6.37741
 20
-2.18959
 11
6.37811
 21
-2.18629
  0
LINE
  8
0
 10
6.37811
 20
-2.18629
 11
6.37895
 21
-2.18301
  0
LINE
  8
0
 10
6.37895
 20
-2.18301
 11
6.37993
 21
-2.17978
  0
LINE
  8
0
 10
6.37993
 20
-2.17978
 11
6.38104
 21
-2.17659
  0
LINE
  8
0
 10
6.38104
 20
-2.17659
 11
6.38229
 21
-2.17345
  0
LINE
  8
0
 10
6.38229
 20
-2.17345
 11
6.38367
 21
-2.17035
  0
LINE
  8
0
 10
6.38367
 20
-2.17035
 11
6.38516
 21
-2.16733
  0
LINE
  8
0
 10
6.38516
 20
-2.16733
 11
6.3868
 21
-2.16437
  0
LINE
  8
0
 10
6.3868
 20
-2.16437
 11
6.38855
 21
-2.16147
  0
LINE
  8
0
 10
6.38855
 20
-2.16147
 11
6.39041
 21
-2.15866
  0
LINE
  8
0
 10
6.39041
 20
-2.15866
 11
6.39241
 21
-2.15591
  0
LINE
  8
0
 10
6.39241
 20
-2.15591
 11
6.3945
 21
-2.15327
  0
LINE
  8
0
 10
6.3945
 20
-2.15327
 11
6.39671
 21
-2.15071
  0
LINE
  8
0
 10
6.39671
 20
-2.15071
 11
6.39903
 21
-2.14825
  0
LINE
  8
0
 10
6.39903
 20
-2.14825
 11
6.40144
 21
-2.14589
  0
LINE
  8
0
 10
6.40144
 20
-2.14589
 11
6.40395
 21
-2.14362
  0
LINE
  8
0
 10
6.40395
 20
-2.14362
 11
6.40656
 21
-2.14146
  0
LINE
  8
0
 10
6.40656
 20
-2.14146
 11
6.40926
 21
-2.13942
  0
LINE
  8
0
 10
6.40926
 20
-2.13942
 11
6.41203
 21
-2.1375
  0
LINE
  8
0
 10
6.41203
 20
-2.1375
 11
6.41489
 21
-2.13568
  0
LINE
  8
0
 10
6.41489
 20
-2.13568
 11
6.4178
 21
-2.13399
  0
LINE
  8
0
 10
6.4178
 20
-2.13399
 11
6.42081
 21
-2.13243
  0
LINE
  8
0
 10
6.42081
 20
-2.13243
 11
6.42386
 21
-2.13098
  0
LINE
  8
0
 10
6.42386
 20
-2.13098
 11
6.42697
 21
-2.12967
  0
LINE
  8
0
 10
6.42697
 20
-2.12967
 11
6.43015
 21
-2.12849
  0
LINE
  8
0
 10
6.43015
 20
-2.12849
 11
6.43336
 21
-2.12746
  0
LINE
  8
0
 10
6.43336
 20
-2.12746
 11
6.43661
 21
-2.12654
  0
LINE
  8
0
 10
6.43661
 20
-2.12654
 11
6.43991
 21
-2.12578
  0
LINE
  8
0
 10
6.43991
 20
-2.12578
 11
6.44324
 21
-2.12514
  0
LINE
  8
0
 10
6.44324
 20
-2.12514
 11
6.44658
 21
-2.12465
  0
LINE
  8
0
 10
6.44658
 20
-2.12465
 11
6.44994
 21
-2.1243
  0
LINE
  8
0
 10
6.44994
 20
-2.1243
 11
6.45331
 21
-2.12408
  0
LINE
  8
0
 10
6.45331
 20
-2.12408
 11
6.4567
 21
-2.12401
  0
LINE
  8
0
 10
6.4567
 20
-2.12401
 11
6.46007
 21
-2.12408
  0
LINE
  8
0
 10
6.46007
 20
-2.12408
 11
6.46344
 21
-2.1243
  0
LINE
  8
0
 10
6.46344
 20
-2.1243
 11
6.4668
 21
-2.12465
  0
LINE
  8
0
 10
6.4668
 20
-2.12465
 11
6.47015
 21
-2.12514
  0
LINE
  8
0
 10
6.47015
 20
-2.12514
 11
6.47346
 21
-2.12578
  0
LINE
  8
0
 10
6.47346
 20
-2.12578
 11
6.47676
 21
-2.12654
  0
LINE
  8
0
 10
6.47676
 20
-2.12654
 11
6.48001
 21
-2.12746
  0
LINE
  8
0
 10
6.48001
 20
-2.12746
 11
6.48323
 21
-2.12849
  0
LINE
  8
0
 10
6.48323
 20
-2.12849
 11
6.4864
 21
-2.12967
  0
LINE
  8
0
 10
6.4864
 20
-2.12967
 11
6.48952
 21
-2.13098
  0
LINE
  8
0
 10
6.48952
 20
-2.13098
 11
6.49257
 21
-2.13243
  0
LINE
  8
0
 10
6.49257
 20
-2.13243
 11
6.49557
 21
-2.13399
  0
LINE
  8
0
 10
6.49557
 20
-2.13399
 11
6.4985
 21
-2.13568
  0
LINE
  8
0
 10
6.4985
 20
-2.13568
 11
6.50136
 21
-2.1375
  0
LINE
  8
0
 10
6.50136
 20
-2.1375
 11
6.50414
 21
-2.13942
  0
LINE
  8
0
 10
6.50414
 20
-2.13942
 11
6.50682
 21
-2.14146
  0
LINE
  8
0
 10
6.50682
 20
-2.14146
 11
6.50943
 21
-2.14362
  0
LINE
  8
0
 10
6.50943
 20
-2.14362
 11
6.51193
 21
-2.14589
  0
LINE
  8
0
 10
6.51193
 20
-2.14589
 11
6.51436
 21
-2.14825
  0
LINE
  8
0
 10
6.51436
 20
-2.14825
 11
6.51666
 21
-2.15071
  0
LINE
  8
0
 10
6.51666
 20
-2.15071
 11
6.51888
 21
-2.15327
  0
LINE
  8
0
 10
6.51888
 20
-2.15327
 11
6.52098
 21
-2.15591
  0
LINE
  8
0
 10
6.52098
 20
-2.15591
 11
6.52296
 21
-2.15866
  0
LINE
  8
0
 10
6.52296
 20
-2.15866
 11
6.52483
 21
-2.16147
  0
LINE
  8
0
 10
6.52483
 20
-2.16147
 11
6.52658
 21
-2.16437
  0
LINE
  8
0
 10
6.52658
 20
-2.16437
 11
6.52821
 21
-2.16733
  0
LINE
  8
0
 10
6.52821
 20
-2.16733
 11
6.52971
 21
-2.17035
  0
LINE
  8
0
 10
6.52971
 20
-2.17035
 11
6.5311
 21
-2.17345
  0
LINE
  8
0
 10
6.5311
 20
-2.17345
 11
6.53233
 21
-2.17659
  0
LINE
  8
0
 10
6.53233
 20
-2.17659
 11
6.53345
 21
-2.17978
  0
LINE
  8
0
 10
6.53345
 20
-2.17978
 11
6.53442
 21
-2.18301
  0
LINE
  8
0
 10
6.53442
 20
-2.18301
 11
6.53526
 21
-2.18629
  0
LINE
  8
0
 10
6.53526
 20
-2.18629
 11
6.53596
 21
-2.18959
  0
LINE
  8
0
 10
6.53596
 20
-2.18959
 11
6.53653
 21
-2.19293
  0
LINE
  8
0
 10
6.53653
 20
-2.19293
 11
6.53696
 21
-2.19627
  0
LINE
  8
0
 10
6.53696
 20
-2.19627
 11
6.53723
 21
-2.19965
  0
LINE
  8
0
 10
6.53723
 20
-2.19965
 11
6.53738
 21
-2.20303
  0
LINE
  8
0
 10
6.53738
 20
-2.20303
 11
6.53738
 21
-2.20641
  0
LINE
  8
0
 10
6.53738
 20
-2.20641
 11
6.53723
 21
-2.20978
  0
LINE
  8
0
 10
6.53723
 20
-2.20978
 11
6.53696
 21
-2.21315
  0
LINE
  8
0
 10
6.53696
 20
-2.21315
 11
6.53653
 21
-2.21651
  0
LINE
  8
0
 10
6.53653
 20
-2.21651
 11
6.53596
 21
-2.21983
  0
LINE
  8
0
 10
6.53596
 20
-2.21983
 11
6.53526
 21
-2.22314
  0
LINE
  8
0
 10
6.53526
 20
-2.22314
 11
6.53442
 21
-2.22643
  0
LINE
  8
0
 10
6.53442
 20
-2.22643
 11
6.53345
 21
-2.22966
  0
LINE
  8
0
 10
6.53345
 20
-2.22966
 11
6.53233
 21
-2.23285
  0
LINE
  8
0
 10
6.53233
 20
-2.23285
 11
6.5311
 21
-2.23599
  0
LINE
  8
0
 10
6.5311
 20
-2.23599
 11
6.52971
 21
-2.23907
  0
LINE
  8
0
 10
6.52971
 20
-2.23907
 11
6.52821
 21
-2.24211
  0
LINE
  8
0
 10
6.52821
 20
-2.24211
 11
6.52658
 21
-2.24507
  0
LINE
  8
0
 10
6.52658
 20
-2.24507
 11
6.52483
 21
-2.24797
  0
LINE
  8
0
 10
6.52483
 20
-2.24797
 11
6.52296
 21
-2.25078
  0
LINE
  8
0
 10
6.52296
 20
-2.25078
 11
6.52098
 21
-2.25351
  0
LINE
  8
0
 10
6.52098
 20
-2.25351
 11
6.51888
 21
-2.25616
  0
LINE
  8
0
 10
6.51888
 20
-2.25616
 11
6.51666
 21
-2.25873
  0
LINE
  8
0
 10
6.51666
 20
-2.25873
 11
6.51436
 21
-2.26118
  0
LINE
  8
0
 10
6.51436
 20
-2.26118
 11
6.51193
 21
-2.26355
  0
LINE
  8
0
 10
6.51193
 20
-2.26355
 11
6.50943
 21
-2.26581
  0
LINE
  8
0
 10
6.50943
 20
-2.26581
 11
6.50682
 21
-2.26797
  0
LINE
  8
0
 10
6.50682
 20
-2.26797
 11
6.50414
 21
-2.27
  0
LINE
  8
0
 10
6.50414
 20
-2.27
 11
6.50136
 21
-2.27194
  0
LINE
  8
0
 10
6.50136
 20
-2.27194
 11
6.4985
 21
-2.27376
  0
LINE
  8
0
 10
6.4985
 20
-2.27376
 11
6.49557
 21
-2.27544
  0
LINE
  8
0
 10
6.49557
 20
-2.27544
 11
6.49257
 21
-2.27701
  0
LINE
  8
0
 10
6.49257
 20
-2.27701
 11
6.48952
 21
-2.27844
  0
LINE
  8
0
 10
6.48952
 20
-2.27844
 11
6.4864
 21
-2.27975
  0
LINE
  8
0
 10
6.4864
 20
-2.27975
 11
6.48323
 21
-2.28093
  0
LINE
  8
0
 10
6.48323
 20
-2.28093
 11
6.48001
 21
-2.28198
  0
LINE
  8
0
 10
6.48001
 20
-2.28198
 11
6.47676
 21
-2.28288
  0
LINE
  8
0
 10
6.47676
 20
-2.28288
 11
6.47346
 21
-2.28366
  0
LINE
  8
0
 10
6.47346
 20
-2.28366
 11
6.47015
 21
-2.2843
  0
LINE
  8
0
 10
6.47015
 20
-2.2843
 11
6.4668
 21
-2.28479
  0
LINE
  8
0
 10
6.4668
 20
-2.28479
 11
6.46344
 21
-2.28514
  0
LINE
  8
0
 10
6.46344
 20
-2.28514
 11
6.46007
 21
-2.28535
  0
LINE
  8
0
 10
6.46007
 20
-2.28535
 11
6.4567
 21
-2.28543
  0
LINE
  8
0
 10
6.4567
 20
-2.28543
 11
6.45331
 21
-2.28535
  0
LINE
  8
0
 10
-6.46007
 20
-2.91528
 11
-6.46344
 21
-2.91507
  0
LINE
  8
0
 10
-6.46344
 20
-2.91507
 11
-6.4668
 21
-2.9147
  0
LINE
  8
0
 10
-6.4668
 20
-2.9147
 11
-6.47015
 21
-2.91422
  0
LINE
  8
0
 10
-6.47015
 20
-2.91422
 11
-6.47346
 21
-2.91359
  0
LINE
  8
0
 10
-6.47346
 20
-2.91359
 11
-6.47676
 21
-2.91281
  0
LINE
  8
0
 10
-6.47676
 20
-2.91281
 11
-6.48001
 21
-2.9119
  0
LINE
  8
0
 10
-6.48001
 20
-2.9119
 11
-6.48323
 21
-2.91086
  0
LINE
  8
0
 10
-6.48323
 20
-2.91086
 11
-6.4864
 21
-2.90968
  0
LINE
  8
0
 10
-6.4864
 20
-2.90968
 11
-6.48952
 21
-2.90837
  0
LINE
  8
0
 10
-6.48952
 20
-2.90837
 11
-6.49257
 21
-2.90694
  0
LINE
  8
0
 10
-6.49257
 20
-2.90694
 11
-6.49557
 21
-2.90536
  0
LINE
  8
0
 10
-6.49557
 20
-2.90536
 11
-6.4985
 21
-2.90367
  0
LINE
  8
0
 10
-6.4985
 20
-2.90367
 11
-6.50136
 21
-2.90186
  0
LINE
  8
0
 10
-6.50136
 20
-2.90186
 11
-6.50414
 21
-2.89993
  0
LINE
  8
0
 10
-6.50414
 20
-2.89993
 11
-6.50682
 21
-2.89789
  0
LINE
  8
0
 10
-6.50682
 20
-2.89789
 11
-6.50943
 21
-2.89574
  0
LINE
  8
0
 10
-6.50943
 20
-2.89574
 11
-6.51193
 21
-2.89348
  0
LINE
  8
0
 10
-6.51193
 20
-2.89348
 11
-6.51436
 21
-2.89111
  0
LINE
  8
0
 10
-6.51436
 20
-2.89111
 11
-6.51666
 21
-2.88864
  0
LINE
  8
0
 10
-6.51666
 20
-2.88864
 11
-6.51888
 21
-2.88608
  0
LINE
  8
0
 10
-6.51888
 20
-2.88608
 11
-6.52098
 21
-2.88344
  0
LINE
  8
0
 10
-6.52098
 20
-2.88344
 11
-6.52296
 21
-2.88071
  0
LINE
  8
0
 10
-6.52296
 20
-2.88071
 11
-6.52483
 21
-2.87788
  0
LINE
  8
0
 10
-6.52483
 20
-2.87788
 11
-6.52658
 21
-2.875
  0
LINE
  8
0
 10
-6.52658
 20
-2.875
 11
-6.52821
 21
-2.87202
  0
LINE
  8
0
 10
-6.52821
 20
-2.87202
 11
-6.52971
 21
-2.869
  0
LINE
  8
0
 10
-6.52971
 20
-2.869
 11
-6.5311
 21
-2.86592
  0
LINE
  8
0
 10
-6.5311
 20
-2.86592
 11
-6.53233
 21
-2.86278
  0
LINE
  8
0
 10
-6.53233
 20
-2.86278
 11
-6.53345
 21
-2.85957
  0
LINE
  8
0
 10
-6.53345
 20
-2.85957
 11
-6.53442
 21
-2.85634
  0
LINE
  8
0
 10
-6.53442
 20
-2.85634
 11
-6.53526
 21
-2.85307
  0
LINE
  8
0
 10
-6.53526
 20
-2.85307
 11
-6.53596
 21
-2.84976
  0
LINE
  8
0
 10
-6.53596
 20
-2.84976
 11
-6.53653
 21
-2.84644
  0
LINE
  8
0
 10
-6.53653
 20
-2.84644
 11
-6.53696
 21
-2.84308
  0
LINE
  8
0
 10
-6.53696
 20
-2.84308
 11
-6.53723
 21
-2.83971
  0
LINE
  8
0
 10
-6.53723
 20
-2.83971
 11
-6.53738
 21
-2.83633
  0
LINE
  8
0
 10
-6.53738
 20
-2.83633
 11
-6.53738
 21
-2.83295
  0
LINE
  8
0
 10
-6.53738
 20
-2.83295
 11
-6.53723
 21
-2.82957
  0
LINE
  8
0
 10
-6.53723
 20
-2.82957
 11
-6.53696
 21
-2.8262
  0
LINE
  8
0
 10
-6.53696
 20
-2.8262
 11
-6.53653
 21
-2.82285
  0
LINE
  8
0
 10
-6.53653
 20
-2.82285
 11
-6.53596
 21
-2.81952
  0
LINE
  8
0
 10
-6.53596
 20
-2.81952
 11
-6.53526
 21
-2.81621
  0
LINE
  8
0
 10
-6.53526
 20
-2.81621
 11
-6.53442
 21
-2.81293
  0
LINE
  8
0
 10
-6.53442
 20
-2.81293
 11
-6.53345
 21
-2.80969
  0
LINE
  8
0
 10
-6.53345
 20
-2.80969
 11
-6.53233
 21
-2.8065
  0
LINE
  8
0
 10
-6.53233
 20
-2.8065
 11
-6.5311
 21
-2.80336
  0
LINE
  8
0
 10
-6.5311
 20
-2.80336
 11
-6.52971
 21
-2.80028
  0
LINE
  8
0
 10
-6.52971
 20
-2.80028
 11
-6.52821
 21
-2.79724
  0
LINE
  8
0
 10
-6.52821
 20
-2.79724
 11
-6.52658
 21
-2.79428
  0
LINE
  8
0
 10
-6.52658
 20
-2.79428
 11
-6.52483
 21
-2.7914
  0
LINE
  8
0
 10
-6.52483
 20
-2.7914
 11
-6.52296
 21
-2.78857
  0
LINE
  8
0
 10
-6.52296
 20
-2.78857
 11
-6.52098
 21
-2.78584
  0
LINE
  8
0
 10
-6.52098
 20
-2.78584
 11
-6.51888
 21
-2.78319
  0
LINE
  8
0
 10
-6.51888
 20
-2.78319
 11
-6.51666
 21
-2.78064
  0
LINE
  8
0
 10
-6.51666
 20
-2.78064
 11
-6.51436
 21
-2.77817
  0
LINE
  8
0
 10
-6.51436
 20
-2.77817
 11
-6.51193
 21
-2.7758
  0
LINE
  8
0
 10
-6.51193
 20
-2.7758
 11
-6.50943
 21
-2.77354
  0
LINE
  8
0
 10
-6.50943
 20
-2.77354
 11
-6.50682
 21
-2.77139
  0
LINE
  8
0
 10
-6.50682
 20
-2.77139
 11
-6.50414
 21
-2.76935
  0
LINE
  8
0
 10
-6.50414
 20
-2.76935
 11
-6.50136
 21
-2.76741
  0
LINE
  8
0
 10
-6.50136
 20
-2.76741
 11
-6.4985
 21
-2.76561
  0
LINE
  8
0
 10
-6.4985
 20
-2.76561
 11
-6.49557
 21
-2.76392
  0
LINE
  8
0
 10
-6.49557
 20
-2.76392
 11
-6.49257
 21
-2.76234
  0
LINE
  8
0
 10
-6.49257
 20
-2.76234
 11
-6.48952
 21
-2.76091
  0
LINE
  8
0
 10
-6.48952
 20
-2.76091
 11
-6.4864
 21
-2.7596
  0
LINE
  8
0
 10
-6.4864
 20
-2.7596
 11
-6.48323
 21
-2.75842
  0
LINE
  8
0
 10
-6.48323
 20
-2.75842
 11
-6.48001
 21
-2.75737
  0
LINE
  8
0
 10
-6.48001
 20
-2.75737
 11
-6.47676
 21
-2.75647
  0
LINE
  8
0
 10
-6.47676
 20
-2.75647
 11
-6.47346
 21
-2.75569
  0
LINE
  8
0
 10
-6.47346
 20
-2.75569
 11
-6.47015
 21
-2.75507
  0
LINE
  8
0
 10
-6.47015
 20
-2.75507
 11
-6.4668
 21
-2.75456
  0
LINE
  8
0
 10
-6.4668
 20
-2.75456
 11
-6.46344
 21
-2.75421
  0
LINE
  8
0
 10
-6.46344
 20
-2.75421
 11
-6.46007
 21
-2.754
  0
LINE
  8
0
 10
-6.46007
 20
-2.754
 11
-6.4567
 21
-2.75394
  0
LINE
  8
0
 10
-6.4567
 20
-2.75394
 11
-6.45331
 21
-2.754
  0
LINE
  8
0
 10
-6.45331
 20
-2.754
 11
-6.44994
 21
-2.75421
  0
LINE
  8
0
 10
-6.44994
 20
-2.75421
 11
-6.44658
 21
-2.75456
  0
LINE
  8
0
 10
-6.44658
 20
-2.75456
 11
-6.44324
 21
-2.75507
  0
LINE
  8
0
 10
-6.44324
 20
-2.75507
 11
-6.43991
 21
-2.75569
  0
LINE
  8
0
 10
-6.43991
 20
-2.75569
 11
-6.43661
 21
-2.75647
  0
LINE
  8
0
 10
-6.43661
 20
-2.75647
 11
-6.43336
 21
-2.75737
  0
LINE
  8
0
 10
-6.43336
 20
-2.75737
 11
-6.43015
 21
-2.75842
  0
LINE
  8
0
 10
-6.43015
 20
-2.75842
 11
-6.42697
 21
-2.7596
  0
LINE
  8
0
 10
-6.42697
 20
-2.7596
 11
-6.42386
 21
-2.76091
  0
LINE
  8
0
 10
-6.42386
 20
-2.76091
 11
-6.42081
 21
-2.76234
  0
LINE
  8
0
 10
-6.42081
 20
-2.76234
 11
-6.4178
 21
-2.76392
  0
LINE
  8
0
 10
-6.4178
 20
-2.76392
 11
-6.41489
 21
-2.76561
  0
LINE
  8
0
 10
-6.41489
 20
-2.76561
 11
-6.41203
 21
-2.76741
  0
LINE
  8
0
 10
-6.41203
 20
-2.76741
 11
-6.40926
 21
-2.76935
  0
LINE
  8
0
 10
-6.40926
 20
-2.76935
 11
-6.40656
 21
-2.77139
  0
LINE
  8
0
 10
-6.40656
 20
-2.77139
 11
-6.40395
 21
-2.77354
  0
LINE
  8
0
 10
-6.40395
 20
-2.77354
 11
-6.40144
 21
-2.7758
  0
LINE
  8
0
 10
-6.40144
 20
-2.7758
 11
-6.39903
 21
-2.77817
  0
LINE
  8
0
 10
-6.39903
 20
-2.77817
 11
-6.39671
 21
-2.78064
  0
LINE
  8
0
 10
-6.39671
 20
-2.78064
 11
-6.3945
 21
-2.78319
  0
LINE
  8
0
 10
-6.3945
 20
-2.78319
 11
-6.39241
 21
-2.78584
  0
LINE
  8
0
 10
-6.39241
 20
-2.78584
 11
-6.39041
 21
-2.78857
  0
LINE
  8
0
 10
-6.39041
 20
-2.78857
 11
-6.38855
 21
-2.7914
  0
LINE
  8
0
 10
-6.38855
 20
-2.7914
 11
-6.3868
 21
-2.79428
  0
LINE
  8
0
 10
-6.3868
 20
-2.79428
 11
-6.38516
 21
-2.79724
  0
LINE
  8
0
 10
-6.38516
 20
-2.79724
 11
-6.38367
 21
-2.80028
  0
LINE
  8
0
 10
-6.38367
 20
-2.80028
 11
-6.38229
 21
-2.80336
  0
LINE
  8
0
 10
-6.38229
 20
-2.80336
 11
-6.38104
 21
-2.8065
  0
LINE
  8
0
 10
-6.38104
 20
-2.8065
 11
-6.37993
 21
-2.80969
  0
LINE
  8
0
 10
-6.37993
 20
-2.80969
 11
-6.37895
 21
-2.81293
  0
LINE
  8
0
 10
-6.37895
 20
-2.81293
 11
-6.37811
 21
-2.81621
  0
LINE
  8
0
 10
-6.37811
 20
-2.81621
 11
-6.37741
 21
-2.81952
  0
LINE
  8
0
 10
-6.37741
 20
-2.81952
 11
-6.37685
 21
-2.82285
  0
LINE
  8
0
 10
-6.37685
 20
-2.82285
 11
-6.37642
 21
-2.8262
  0
LINE
  8
0
 10
-6.37642
 20
-2.8262
 11
-6.37614
 21
-2.82957
  0
LINE
  8
0
 10
-6.37614
 20
-2.82957
 11
-6.37599
 21
-2.83295
  0
LINE
  8
0
 10
-6.37599
 20
-2.83295
 11
-6.37599
 21
-2.83633
  0
LINE
  8
0
 10
-6.37599
 20
-2.83633
 11
-6.37614
 21
-2.83971
  0
LINE
  8
0
 10
-6.37614
 20
-2.83971
 11
-6.37642
 21
-2.84308
  0
LINE
  8
0
 10
-6.37642
 20
-2.84308
 11
-6.37685
 21
-2.84644
  0
LINE
  8
0
 10
-6.37685
 20
-2.84644
 11
-6.37741
 21
-2.84976
  0
LINE
  8
0
 10
-6.37741
 20
-2.84976
 11
-6.37811
 21
-2.85307
  0
LINE
  8
0
 10
-6.37811
 20
-2.85307
 11
-6.37895
 21
-2.85634
  0
LINE
  8
0
 10
-6.37895
 20
-2.85634
 11
-6.37993
 21
-2.85957
  0
LINE
  8
0
 10
-6.37993
 20
-2.85957
 11
-6.38104
 21
-2.86278
  0
LINE
  8
0
 10
-6.38104
 20
-2.86278
 11
-6.38229
 21
-2.86592
  0
LINE
  8
0
 10
-6.38229
 20
-2.86592
 11
-6.38367
 21
-2.869
  0
LINE
  8
0
 10
-6.38367
 20
-2.869
 11
-6.38516
 21
-2.87202
  0
LINE
  8
0
 10
-6.38516
 20
-2.87202
 11
-6.3868
 21
-2.875
  0
LINE
  8
0
 10
-6.3868
 20
-2.875
 11
-6.38855
 21
-2.87788
  0
LINE
  8
0
 10
-6.38855
 20
-2.87788
 11
-6.39041
 21
-2.88071
  0
LINE
  8
0
 10
-6.39041
 20
-2.88071
 11
-6.39241
 21
-2.88344
  0
LINE
  8
0
 10
-6.39241
 20
-2.88344
 11
-6.3945
 21
-2.88608
  0
LINE
  8
0
 10
-6.3945
 20
-2.88608
 11
-6.39671
 21
-2.88864
  0
LINE
  8
0
 10
-6.39671
 20
-2.88864
 11
-6.39903
 21
-2.89111
  0
LINE
  8
0
 10
-6.39903
 20
-2.89111
 11
-6.40144
 21
-2.89348
  0
LINE
  8
0
 10
-6.40144
 20
-2.89348
 11
-6.40395
 21
-2.89574
  0
LINE
  8
0
 10
-6.40395
 20
-2.89574
 11
-6.40656
 21
-2.89789
  0
LINE
  8
0
 10
-6.40656
 20
-2.89789
 11
-6.40926
 21
-2.89993
  0
LINE
  8
0
 10
-6.40926
 20
-2.89993
 11
-6.41203
 21
-2.90186
  0
LINE
  8
0
 10
-6.41203
 20
-2.90186
 11
-6.41489
 21
-2.90367
  0
LINE
  8
0
 10
-6.41489
 20
-2.90367
 11
-6.4178
 21
-2.90536
  0
LINE
  8
0
 10
-6.4178
 20
-2.90536
 11
-6.42081
 21
-2.90694
  0
LINE
  8
0
 10
-6.42081
 20
-2.90694
 11
-6.42386
 21
-2.90837
  0
LINE
  8
0
 10
-6.42386
 20
-2.90837
 11
-6.42697
 21
-2.90968
  0
LINE
  8
0
 10
-6.42697
 20
-2.90968
 11
-6.43015
 21
-2.91086
  0
LINE
  8
0
 10
-6.43015
 20
-2.91086
 11
-6.43336
 21
-2.9119
  0
LINE
  8
0
 10
-6.43336
 20
-2.9119
 11
-6.43661
 21
-2.91281
  0
LINE
  8
0
 10
-6.43661
 20
-2.91281
 11
-6.43991
 21
-2.91359
  0
LINE
  8
0
 10
-6.43991
 20
-2.91359
 11
-6.44324
 21
-2.91422
  0
LINE
  8
0
 10
-6.44324
 20
-2.91422
 11
-6.44658
 21
-2.9147
  0
LINE
  8
0
 10
-6.44658
 20
-2.9147
 11
-6.44994
 21
-2.91507
  0
LINE
  8
0
 10
-6.44994
 20
-2.91507
 11
-6.45331
 21
-2.91528
  0
LINE
  8
0
 10
-6.45331
 20
-2.91528
 11
-6.4567
 21
-2.91534
  0
LINE
  8
0
 10
-6.4567
 20
-2.91534
 11
-6.46007
 21
-2.91528
  0
LINE
  8
0
 10
6.45331
 20
-2.91528
 11
6.44994
 21
-2.91507
  0
LINE
  8
0
 10
6.44994
 20
-2.91507
 11
6.44658
 21
-2.9147
  0
LINE
  8
0
 10
6.44658
 20
-2.9147
 11
6.44324
 21
-2.91422
  0
LINE
  8
0
 10
6.44324
 20
-2.91422
 11
6.43991
 21
-2.91359
  0
LINE
  8
0
 10
6.43991
 20
-2.91359
 11
6.43661
 21
-2.91281
  0
LINE
  8
0
 10
6.43661
 20
-2.91281
 11
6.43336
 21
-2.9119
  0
LINE
  8
0
 10
6.43336
 20
-2.9119
 11
6.43015
 21
-2.91086
  0
LINE
  8
0
 10
6.43015
 20
-2.91086
 11
6.42697
 21
-2.90968
  0
LINE
  8
0
 10
6.42697
 20
-2.90968
 11
6.42386
 21
-2.90837
  0
LINE
  8
0
 10
6.42386
 20
-2.90837
 11
6.42081
 21
-2.90694
  0
LINE
  8
0
 10
6.42081
 20
-2.90694
 11
6.4178
 21
-2.90536
  0
LINE
  8
0
 10
6.4178
 20
-2.90536
 11
6.41489
 21
-2.90367
  0
LINE
  8
0
 10
6.41489
 20
-2.90367
 11
6.41203
 21
-2.90186
  0
LINE
  8
0
 10
6.41203
 20
-2.90186
 11
6.40926
 21
-2.89993
  0
LINE
  8
0
 10
6.40926
 20
-2.89993
 11
6.40656
 21
-2.89789
  0
LINE
  8
0
 10
6.40656
 20
-2.89789
 11
6.40395
 21
-2.89574
  0
LINE
  8
0
 10
6.40395
 20
-2.89574
 11
6.40144
 21
-2.89348
  0
LINE
  8
0
 10
6.40144
 20
-2.89348
 11
6.39903
 21
-2.89111
  0
LINE
  8
0
 10
6.39903
 20
-2.89111
 11
6.39671
 21
-2.88864
  0
LINE
  8
0
 10
6.39671
 20
-2.88864
 11
6.3945
 21
-2.88608
  0
LINE
  8
0
 10
6.3945
 20
-2.88608
 11
6.39241
 21
-2.88344
  0
LINE
  8
0
 10
6.39241
 20
-2.88344
 11
6.39041
 21
-2.88071
  0
LINE
  8
0
 10
6.39041
 20
-2.88071
 11
6.38855
 21
-2.87788
  0
LINE
  8
0
 10
6.38855
 20
-2.87788
 11
6.3868
 21
-2.875
  0
LINE
  8
0
 10
6.3868
 20
-2.875
 11
6.38516
 21
-2.87202
  0
LINE
  8
0
 10
6.38516
 20
-2.87202
 11
6.38367
 21
-2.869
  0
LINE
  8
0
 10
6.38367
 20
-2.869
 11
6.38229
 21
-2.86592
  0
LINE
  8
0
 10
6.38229
 20
-2.86592
 11
6.38104
 21
-2.86278
  0
LINE
  8
0
 10
6.38104
 20
-2.86278
 11
6.37993
 21
-2.85957
  0
LINE
  8
0
 10
6.37993
 20
-2.85957
 11
6.37895
 21
-2.85634
  0
LINE
  8
0
 10
6.37895
 20
-2.85634
 11
6.37811
 21
-2.85307
  0
LINE
  8
0
 10
6.37811
 20
-2.85307
 11
6.37741
 21
-2.84976
  0
LINE
  8
0
 10
6.37741
 20
-2.84976
 11
6.37685
 21
-2.84644
  0
LINE
  8
0
 10
6.37685
 20
-2.84644
 11
6.37642
 21
-2.84308
  0
LINE
  8
0
 10
6.37642
 20
-2.84308
 11
6.37614
 21
-2.83971
  0
LINE
  8
0
 10
6.37614
 20
-2.83971
 11
6.37599
 21
-2.83633
  0
LINE
  8
0
 10
6.37599
 20
-2.83633
 11
6.37599
 21
-2.83295
  0
LINE
  8
0
 10
6.37599
 20
-2.83295
 11
6.37614
 21
-2.82957
  0
LINE
  8
0
 10
6.37614
 20
-2.82957
 11
6.37642
 21
-2.8262
  0
LINE
  8
0
 10
6.37642
 20
-2.8262
 11
6.37685
 21
-2.82285
  0
LINE
  8
0
 10
6.37685
 20
-2.82285
 11
6.37741
 21
-2.81952
  0
LINE
  8
0
 10
6.37741
 20
-2.81952
 11
6.37811
 21
-2.81621
  0
LINE
  8
0
 10
6.37811
 20
-2.81621
 11
6.37895
 21
-2.81293
  0
LINE
  8
0
 10
6.37895
 20
-2.81293
 11
6.37993
 21
-2.80969
  0
LINE
  8
0
 10
6.37993
 20
-2.80969
 11
6.38104
 21
-2.8065
  0
LINE
  8
0
 10
6.38104
 20
-2.8065
 11
6.38229
 21
-2.80336
  0
LINE
  8
0
 10
6.38229
 20
-2.80336
 11
6.38367
 21
-2.80028
  0
LINE
  8
0
 10
6.38367
 20
-2.80028
 11
6.38516
 21
-2.79724
  0
LINE
  8
0
 10
6.38516
 20
-2.79724
 11
6.3868
 21
-2.79428
  0
LINE
  8
0
 10
6.3868
 20
-2.79428
 11
6.38855
 21
-2.7914
  0
LINE
  8
0
 10
6.38855
 20
-2.7914
 11
6.39041
 21
-2.78857
  0
LINE
  8
0
 10
6.39041
 20
-2.78857
 11
6.39241
 21
-2.78584
  0
LINE
  8
0
 10
6.39241
 20
-2.78584
 11
6.3945
 21
-2.78319
  0
LINE
  8
0
 10
6.3945
 20
-2.78319
 11
6.39671
 21
-2.78064
  0
LINE
  8
0
 10
6.39671
 20
-2.78064
 11
6.39903
 21
-2.77817
  0
LINE
  8
0
 10
6.39903
 20
-2.77817
 11
6.40144
 21
-2.7758
  0
LINE
  8
0
 10
6.40144
 20
-2.7758
 11
6.40395
 21
-2.77354
  0
LINE
  8
0
 10
6.40395
 20
-2.77354
 11
6.40656
 21
-2.77139
  0
LINE
  8
0
 10
6.40656
 20
-2.77139
 11
6.40926
 21
-2.76935
  0
LINE
  8
0
 10
6.40926
 20
-2.76935
 11
6.41203
 21
-2.76741
  0
LINE
  8
0
 10
6.41203
 20
-2.76741
 11
6.41489
 21
-2.76561
  0
LINE
  8
0
 10
6.41489
 20
-2.76561
 11
6.4178
 21
-2.76392
  0
LINE
  8
0
 10
6.4178
 20
-2.76392
 11
6.42081
 21
-2.76234
  0
LINE
  8
0
 10
6.42081
 20
-2.76234
 11
6.42386
 21
-2.76091
  0
LINE
  8
0
 10
6.42386
 20
-2.76091
 11
6.42697
 21
-2.7596
  0
LINE
  8
0
 10
6.42697
 20
-2.7596
 11
6.43015
 21
-2.75842
  0
LINE
  8
0
 10
6.43015
 20
-2.75842
 11
6.43336
 21
-2.75737
  0
LINE
  8
0
 10
6.43336
 20
-2.75737
 11
6.43661
 21
-2.75647
  0
LINE
  8
0
 10
6.43661
 20
-2.75647
 11
6.43991
 21
-2.75569
  0
LINE
  8
0
 10
6.43991
 20
-2.75569
 11
6.44324
 21
-2.75507
  0
LINE
  8
0
 10
6.44324
 20
-2.75507
 11
6.44658
 21
-2.75456
  0
LINE
  8
0
 10
6.44658
 20
-2.75456
 11
6.44994
 21
-2.75421
  0
LINE
  8
0
 10
6.44994
 20
-2.75421
 11
6.45331
 21
-2.754
  0
LINE
  8
0
 10
6.45331
 20
-2.754
 11
6.4567
 21
-2.75394
  0
LINE
  8
0
 10
6.4567
 20
-2.75394
 11
6.46007
 21
-2.754
  0
LINE
  8
0
 10
6.46007
 20
-2.754
 11
6.46344
 21
-2.75421
  0
LINE
  8
0
 10
6.46344
 20
-2.75421
 11
6.4668
 21
-2.75456
  0
LINE
  8
0
 10
6.4668
 20
-2.75456
 11
6.47015
 21
-2.75507
  0
LINE
  8
0
 10
6.47015
 20
-2.75507
 11
6.47346
 21
-2.75569
  0
LINE
  8
0
 10
6.47346
 20
-2.75569
 11
6.47676
 21
-2.75647
  0
LINE
  8
0
 10
6.47676
 20
-2.75647
 11
6.48001
 21
-2.75737
  0
LINE
  8
0
 10
6.48001
 20
-2.75737
 11
6.48323
 21
-2.75842
  0
LINE
  8
0
 10
6.48323
 20
-2.75842
 11
6.4864
 21
-2.7596
  0
LINE
  8
0
 10
6.4864
 20
-2.7596
 11
6.48952
 21
-2.76091
  0
LINE
  8
0
 10
6.48952
 20
-2.76091
 11
6.49257
 21
-2.76234
  0
LINE
  8
0
 10
6.49257
 20
-2.76234
 11
6.49557
 21
-2.76392
  0
LINE
  8
0
 10
6.49557
 20
-2.76392
 11
6.4985
 21
-2.76561
  0
LINE
  8
0
 10
6.4985
 20
-2.76561
 11
6.50136
 21
-2.76741
  0
LINE
  8
0
 10
6.50136
 20
-2.76741
 11
6.50414
 21
-2.76935
  0
LINE
  8
0
 10
6.50414
 20
-2.76935
 11
6.50682
 21
-2.77139
  0
LINE
  8
0
 10
6.50682
 20
-2.77139
 11
6.50943
 21
-2.77354
  0
LINE
  8
0
 10
6.50943
 20
-2.77354
 11
6.51193
 21
-2.7758
  0
LINE
  8
0
 10
6.51193
 20
-2.7758
 11
6.51436
 21
-2.77817
  0
LINE
  8
0
 10
6.51436
 20
-2.77817
 11
6.51666
 21
-2.78064
  0
LINE
  8
0
 10
6.51666
 20
-2.78064
 11
6.51888
 21
-2.78319
  0
LINE
  8
0
 10
6.51888
 20
-2.78319
 11
6.52098
 21
-2.78584
  0
LINE
  8
0
 10
6.52098
 20
-2.78584
 11
6.52296
 21
-2.78857
  0
LINE
  8
0
 10
6.52296
 20
-2.78857
 11
6.52483
 21
-2.7914
  0
LINE
  8
0
 10
6.52483
 20
-2.7914
 11
6.52658
 21
-2.79428
  0
LINE
  8
0
 10
6.52658
 20
-2.79428
 11
6.52821
 21
-2.79724
  0
LINE
  8
0
 10
6.52821
 20
-2.79724
 11
6.52971
 21
-2.80028
  0
LINE
  8
0
 10
6.52971
 20
-2.80028
 11
6.5311
 21
-2.80336
  0
LINE
  8
0
 10
6.5311
 20
-2.80336
 11
6.53233
 21
-2.8065
  0
LINE
  8
0
 10
6.53233
 20
-2.8065
 11
6.53345
 21
-2.80969
  0
LINE
  8
0
 10
6.53345
 20
-2.80969
 11
6.53442
 21
-2.81293
  0
LINE
  8
0
 10
6.53442
 20
-2.81293
 11
6.53526
 21
-2.81621
  0
LINE
  8
0
 10
6.53526
 20
-2.81621
 11
6.53596
 21
-2.81952
  0
LINE
  8
0
 10
6.53596
 20
-2.81952
 11
6.53653
 21
-2.82285
  0
LINE
  8
0
 10
6.53653
 20
-2.82285
 11
6.53696
 21
-2.8262
  0
LINE
  8
0
 10
6.53696
 20
-2.8262
 11
6.53723
 21
-2.82957
  0
LINE
  8
0
 10
6.53723
 20
-2.82957
 11
6.53738
 21
-2.83295
  0
LINE
  8
0
 10
6.53738
 20
-2.83295
 11
6.53738
 21
-2.83633
  0
LINE
  8
0
 10
6.53738
 20
-2.83633
 11
6.53723
 21
-2.83971
  0
LINE
  8
0
 10
6.53723
 20
-2.83971
 11
6.53696
 21
-2.84308
  0
LINE
  8
0
 10
6.53696
 20
-2.84308
 11
6.53653
 21
-2.84644
  0
LINE
  8
0
 10
6.53653
 20
-2.84644
 11
6.53596
 21
-2.84976
  0
LINE
  8
0
 10
6.53596
 20
-2.84976
 11
6.53526
 21
-2.85307
  0
LINE
  8
0
 10
6.53526
 20
-2.85307
 11
6.53442
 21
-2.85634
  0
LINE
  8
0
 10
6.53442
 20
-2.85634
 11
6.53345
 21
-2.85957
  0
LINE
  8
0
 10
6.53345
 20
-2.85957
 11
6.53233
 21
-2.86278
  0
LINE
  8
0
 10
6.53233
 20
-2.86278
 11
6.5311
 21
-2.86592
  0
LINE
  8
0
 10
6.5311
 20
-2.86592
 11
6.52971
 21
-2.869
  0
LINE
  8
0
 10
6.52971
 20
-2.869
 11
6.52821
 21
-2.87202
  0
LINE
  8
0
 10
6.52821
 20
-2.87202
 11
6.52658
 21
-2.875
  0
LINE
  8
0
 10
6.52658
 20
-2.875
 11
6.52483
 21
-2.87788
  0
LINE
  8
0
 10
6.52483
 20
-2.87788
 11
6.52296
 21
-2.88071
  0
LINE
  8
0
 10
6.52296
 20
-2.88071
 11
6.52098
 21
-2.88344
  0
LINE
  8
0
 10
6.52098
 20
-2.88344
 11
6.51888
 21
-2.88608
  0
LINE
  8
0
 10
6.51888
 20
-2.88608
 11
6.51666
 21
-2.88864
  0
LINE
  8
0
 10
6.51666
 20
-2.88864
 11
6.51436
 21
-2.89111
  0
LINE
  8
0
 10
6.51436
 20
-2.89111
 11
6.51193
 21
-2.89348
  0
LINE
  8
0
 10
6.51193
 20
-2.89348
 11
6.50943
 21
-2.89574
  0
LINE
  8
0
 10
6.50943
 20
-2.89574
 11
6.50682
 21
-2.89789
  0
LINE
  8
0
 10
6.50682
 20
-2.89789
 11
6.50414
 21
-2.89993
  0
LINE
  8
0
 10
6.50414
 20
-2.89993
 11
6.50136
 21
-2.90186
  0
LINE
  8
0
 10
6.50136
 20
-2.90186
 11
6.4985
 21
-2.90367
  0
LINE
  8
0
 10
6.4985
 20
-2.90367
 11
6.49557
 21
-2.90536
  0
LINE
  8
0
 10
6.49557
 20
-2.90536
 11
6.49257
 21
-2.90694
  0
LINE
  8
0
 10
6.49257
 20
-2.90694
 11
6.48952
 21
-2.90837
  0
LINE
  8
0
 10
6.48952
 20
-2.90837
 11
6.4864
 21
-2.90968
  0
LINE
  8
0
 10
6.4864
 20
-2.90968
 11
6.48323
 21
-2.91086
  0
LINE
  8
0
 10
6.48323
 20
-2.91086
 11
6.48001
 21
-2.9119
  0
LINE
  8
0
 10
6.48001
 20
-2.9119
 11
6.47676
 21
-2.91281
  0
LINE
  8
0
 10
6.47676
 20
-2.91281
 11
6.47346
 21
-2.91359
  0
LINE
  8
0
 10
6.47346
 20
-2.91359
 11
6.47015
 21
-2.91422
  0
LINE
  8
0
 10
6.47015
 20
-2.91422
 11
6.4668
 21
-2.9147
  0
LINE
  8
0
 10
6.4668
 20
-2.9147
 11
6.46344
 21
-2.91507
  0
LINE
  8
0
 10
6.46344
 20
-2.91507
 11
6.46007
 21
-2.91528
  0
LINE
  8
0
 10
6.46007
 20
-2.91528
 11
6.4567
 21
-2.91534
  0
LINE
  8
0
 10
6.4567
 20
-2.91534
 11
6.45331
 21
-2.91528
  0
LINE
  8
0
 10
7.71315
 20
-2.91528
 11
7.70978
 21
-2.91507
  0
LINE
  8
0
 10
7.70978
 20
-2.91507
 11
7.70642
 21
-2.9147
  0
LINE
  8
0
 10
7.70642
 20
-2.9147
 11
7.70308
 21
-2.91422
  0
LINE
  8
0
 10
7.70308
 20
-2.91422
 11
7.69975
 21
-2.91359
  0
LINE
  8
0
 10
7.69975
 20
-2.91359
 11
7.69646
 21
-2.91281
  0
LINE
  8
0
 10
7.69646
 20
-2.91281
 11
7.69321
 21
-2.9119
  0
LINE
  8
0
 10
7.69321
 20
-2.9119
 11
7.68999
 21
-2.91086
  0
LINE
  8
0
 10
7.68999
 20
-2.91086
 11
7.68683
 21
-2.90968
  0
LINE
  8
0
 10
7.68683
 20
-2.90968
 11
7.6837
 21
-2.90837
  0
LINE
  8
0
 10
7.6837
 20
-2.90837
 11
7.68065
 21
-2.90694
  0
LINE
  8
0
 10
7.68065
 20
-2.90694
 11
7.67766
 21
-2.90536
  0
LINE
  8
0
 10
7.67766
 20
-2.90536
 11
7.67473
 21
-2.90367
  0
LINE
  8
0
 10
7.67473
 20
-2.90367
 11
7.67188
 21
-2.90186
  0
LINE
  8
0
 10
7.67188
 20
-2.90186
 11
7.6691
 21
-2.89993
  0
LINE
  8
0
 10
7.6691
 20
-2.89993
 11
7.6664
 21
-2.89789
  0
LINE
  8
0
 10
7.6664
 20
-2.89789
 11
7.6638
 21
-2.89574
  0
LINE
  8
0
 10
7.6638
 20
-2.89574
 11
7.66129
 21
-2.89348
  0
LINE
  8
0
 10
7.66129
 20
-2.89348
 11
7.65887
 21
-2.89111
  0
LINE
  8
0
 10
7.65887
 20
-2.89111
 11
7.65656
 21
-2.88864
  0
LINE
  8
0
 10
7.65656
 20
-2.88864
 11
7.65434
 21
-2.88608
  0
LINE
  8
0
 10
7.65434
 20
-2.88608
 11
7.65225
 21
-2.88344
  0
LINE
  8
0
 10
7.65225
 20
-2.88344
 11
7.65025
 21
-2.88071
  0
LINE
  8
0
 10
7.65025
 20
-2.88071
 11
7.64839
 21
-2.87788
  0
LINE
  8
0
 10
7.64839
 20
-2.87788
 11
7.64664
 21
-2.875
  0
LINE
  8
0
 10
7.64664
 20
-2.875
 11
7.645
 21
-2.87202
  0
LINE
  8
0
 10
7.645
 20
-2.87202
 11
7.64351
 21
-2.869
  0
LINE
  8
0
 10
7.64351
 20
-2.869
 11
7.64214
 21
-2.86592
  0
LINE
  8
0
 10
7.64214
 20
-2.86592
 11
7.64088
 21
-2.86278
  0
LINE
  8
0
 10
7.64088
 20
-2.86278
 11
7.63977
 21
-2.85957
  0
LINE
  8
0
 10
7.63977
 20
-2.85957
 11
7.63879
 21
-2.85634
  0
LINE
  8
0
 10
7.63879
 20
-2.85634
 11
7.63795
 21
-2.85307
  0
LINE
  8
0
 10
7.63795
 20
-2.85307
 11
7.63725
 21
-2.84976
  0
LINE
  8
0
 10
7.63725
 20
-2.84976
 11
7.63669
 21
-2.84644
  0
LINE
  8
0
 10
7.63669
 20
-2.84644
 11
7.63626
 21
-2.84308
  0
LINE
  8
0
 10
7.63626
 20
-2.84308
 11
7.63599
 21
-2.83971
  0
LINE
  8
0
 10
7.63599
 20
-2.83971
 11
7.63585
 21
-2.83633
  0
LINE
  8
0
 10
7.63585
 20
-2.83633
 11
7.63585
 21
-2.83295
  0
LINE
  8
0
 10
7.63585
 20
-2.83295
 11
7.63599
 21
-2.82957
  0
LINE
  8
0
 10
7.63599
 20
-2.82957
 11
7.63626
 21
-2.8262
  0
LINE
  8
0
 10
7.63626
 20
-2.8262
 11
7.63669
 21
-2.82285
  0
LINE
  8
0
 10
7.63669
 20
-2.82285
 11
7.63725
 21
-2.81952
  0
LINE
  8
0
 10
7.63725
 20
-2.81952
 11
7.63795
 21
-2.81621
  0
LINE
  8
0
 10
7.63795
 20
-2.81621
 11
7.63879
 21
-2.81293
  0
LINE
  8
0
 10
7.63879
 20
-2.81293
 11
7.63977
 21
-2.80969
  0
LINE
  8
0
 10
7.63977
 20
-2.80969
 11
7.64088
 21
-2.8065
  0
LINE
  8
0
 10
7.64088
 20
-2.8065
 11
7.64214
 21
-2.80336
  0
LINE
  8
0
 10
7.64214
 20
-2.80336
 11
7.64351
 21
-2.80028
  0
LINE
  8
0
 10
7.64351
 20
-2.80028
 11
7.645
 21
-2.79724
  0
LINE
  8
0
 10
7.645
 20
-2.79724
 11
7.64664
 21
-2.79428
  0
LINE
  8
0
 10
7.64664
 20
-2.79428
 11
7.64839
 21
-2.7914
  0
LINE
  8
0
 10
7.64839
 20
-2.7914
 11
7.65025
 21
-2.78857
  0
LINE
  8
0
 10
7.65025
 20
-2.78857
 11
7.65225
 21
-2.78584
  0
LINE
  8
0
 10
7.65225
 20
-2.78584
 11
7.65434
 21
-2.78319
  0
LINE
  8
0
 10
7.65434
 20
-2.78319
 11
7.65656
 21
-2.78064
  0
LINE
  8
0
 10
7.65656
 20
-2.78064
 11
7.65887
 21
-2.77817
  0
LINE
  8
0
 10
7.65887
 20
-2.77817
 11
7.66129
 21
-2.7758
  0
LINE
  8
0
 10
7.66129
 20
-2.7758
 11
7.6638
 21
-2.77354
  0
LINE
  8
0
 10
7.6638
 20
-2.77354
 11
7.6664
 21
-2.77139
  0
LINE
  8
0
 10
7.6664
 20
-2.77139
 11
7.6691
 21
-2.76935
  0
LINE
  8
0
 10
7.6691
 20
-2.76935
 11
7.67188
 21
-2.76741
  0
LINE
  8
0
 10
7.67188
 20
-2.76741
 11
7.67473
 21
-2.76561
  0
LINE
  8
0
 10
7.67473
 20
-2.76561
 11
7.67766
 21
-2.76392
  0
LINE
  8
0
 10
7.67766
 20
-2.76392
 11
7.68065
 21
-2.76234
  0
LINE
  8
0
 10
7.68065
 20
-2.76234
 11
7.6837
 21
-2.76091
  0
LINE
  8
0
 10
7.6837
 20
-2.76091
 11
7.68683
 21
-2.7596
  0
LINE
  8
0
 10
7.68683
 20
-2.7596
 11
7.68999
 21
-2.75842
  0
LINE
  8
0
 10
7.68999
 20
-2.75842
 11
7.69321
 21
-2.75737
  0
LINE
  8
0
 10
7.69321
 20
-2.75737
 11
7.69646
 21
-2.75647
  0
LINE
  8
0
 10
7.69646
 20
-2.75647
 11
7.69975
 21
-2.75569
  0
LINE
  8
0
 10
7.69975
 20
-2.75569
 11
7.70308
 21
-2.75507
  0
LINE
  8
0
 10
7.70308
 20
-2.75507
 11
7.70642
 21
-2.75456
  0
LINE
  8
0
 10
7.70642
 20
-2.75456
 11
7.70978
 21
-2.75421
  0
LINE
  8
0
 10
7.70978
 20
-2.75421
 11
7.71315
 21
-2.754
  0
LINE
  8
0
 10
7.71315
 20
-2.754
 11
7.71654
 21
-2.75394
  0
LINE
  8
0
 10
7.71654
 20
-2.75394
 11
7.71991
 21
-2.754
  0
LINE
  8
0
 10
7.71991
 20
-2.754
 11
7.72328
 21
-2.75421
  0
LINE
  8
0
 10
7.72328
 20
-2.75421
 11
7.72665
 21
-2.75456
  0
LINE
  8
0
 10
7.72665
 20
-2.75456
 11
7.73
 21
-2.75507
  0
LINE
  8
0
 10
7.73
 20
-2.75507
 11
7.73331
 21
-2.75569
  0
LINE
  8
0
 10
7.73331
 20
-2.75569
 11
7.7366
 21
-2.75647
  0
LINE
  8
0
 10
7.7366
 20
-2.75647
 11
7.73985
 21
-2.75737
  0
LINE
  8
0
 10
7.73985
 20
-2.75737
 11
7.74307
 21
-2.75842
  0
LINE
  8
0
 10
7.74307
 20
-2.75842
 11
7.74625
 21
-2.7596
  0
LINE
  8
0
 10
7.74625
 20
-2.7596
 11
7.74936
 21
-2.76091
  0
LINE
  8
0
 10
7.74936
 20
-2.76091
 11
7.75241
 21
-2.76234
  0
LINE
  8
0
 10
7.75241
 20
-2.76234
 11
7.75542
 21
-2.76392
  0
LINE
  8
0
 10
7.75542
 20
-2.76392
 11
7.75835
 21
-2.76561
  0
LINE
  8
0
 10
7.75835
 20
-2.76561
 11
7.7612
 21
-2.76741
  0
LINE
  8
0
 10
7.7612
 20
-2.76741
 11
7.76398
 21
-2.76935
  0
LINE
  8
0
 10
7.76398
 20
-2.76935
 11
7.76666
 21
-2.77139
  0
LINE
  8
0
 10
7.76666
 20
-2.77139
 11
7.76927
 21
-2.77354
  0
LINE
  8
0
 10
7.76927
 20
-2.77354
 11
7.77177
 21
-2.7758
  0
LINE
  8
0
 10
7.77177
 20
-2.7758
 11
7.7742
 21
-2.77817
  0
LINE
  8
0
 10
7.7742
 20
-2.77817
 11
7.7765
 21
-2.78064
  0
LINE
  8
0
 10
7.7765
 20
-2.78064
 11
7.77872
 21
-2.78319
  0
LINE
  8
0
 10
7.77872
 20
-2.78319
 11
7.78082
 21
-2.78584
  0
LINE
  8
0
 10
7.78082
 20
-2.78584
 11
7.78281
 21
-2.78857
  0
LINE
  8
0
 10
7.78281
 20
-2.78857
 11
7.78468
 21
-2.7914
  0
LINE
  8
0
 10
7.78468
 20
-2.7914
 11
7.78642
 21
-2.79428
  0
LINE
  8
0
 10
7.78642
 20
-2.79428
 11
7.78806
 21
-2.79724
  0
LINE
  8
0
 10
7.78806
 20
-2.79724
 11
7.78957
 21
-2.80028
  0
LINE
  8
0
 10
7.78957
 20
-2.80028
 11
7.79094
 21
-2.80336
  0
LINE
  8
0
 10
7.79094
 20
-2.80336
 11
7.79218
 21
-2.8065
  0
LINE
  8
0
 10
7.79218
 20
-2.8065
 11
7.79329
 21
-2.80969
  0
LINE
  8
0
 10
7.79329
 20
-2.80969
 11
7.79427
 21
-2.81293
  0
LINE
  8
0
 10
7.79427
 20
-2.81293
 11
7.7951
 21
-2.81621
  0
LINE
  8
0
 10
7.7951
 20
-2.81621
 11
7.79581
 21
-2.81952
  0
LINE
  8
0
 10
7.79581
 20
-2.81952
 11
7.79637
 21
-2.82285
  0
LINE
  8
0
 10
7.79637
 20
-2.82285
 11
7.7968
 21
-2.8262
  0
LINE
  8
0
 10
7.7968
 20
-2.8262
 11
7.79709
 21
-2.82957
  0
LINE
  8
0
 10
7.79709
 20
-2.82957
 11
7.79723
 21
-2.83295
  0
LINE
  8
0
 10
7.79723
 20
-2.83295
 11
7.79723
 21
-2.83633
  0
LINE
  8
0
 10
7.79723
 20
-2.83633
 11
7.79709
 21
-2.83971
  0
LINE
  8
0
 10
7.79709
 20
-2.83971
 11
7.7968
 21
-2.84308
  0
LINE
  8
0
 10
7.7968
 20
-2.84308
 11
7.79637
 21
-2.84644
  0
LINE
  8
0
 10
7.79637
 20
-2.84644
 11
7.79581
 21
-2.84976
  0
LINE
  8
0
 10
7.79581
 20
-2.84976
 11
7.7951
 21
-2.85307
  0
LINE
  8
0
 10
7.7951
 20
-2.85307
 11
7.79427
 21
-2.85634
  0
LINE
  8
0
 10
7.79427
 20
-2.85634
 11
7.79329
 21
-2.85957
  0
LINE
  8
0
 10
7.79329
 20
-2.85957
 11
7.79218
 21
-2.86278
  0
LINE
  8
0
 10
7.79218
 20
-2.86278
 11
7.79094
 21
-2.86592
  0
LINE
  8
0
 10
7.79094
 20
-2.86592
 11
7.78957
 21
-2.869
  0
LINE
  8
0
 10
7.78957
 20
-2.869
 11
7.78806
 21
-2.87202
  0
LINE
  8
0
 10
7.78806
 20
-2.87202
 11
7.78642
 21
-2.875
  0
LINE
  8
0
 10
7.78642
 20
-2.875
 11
7.78468
 21
-2.87788
  0
LINE
  8
0
 10
7.78468
 20
-2.87788
 11
7.78281
 21
-2.88071
  0
LINE
  8
0
 10
7.78281
 20
-2.88071
 11
7.78082
 21
-2.88344
  0
LINE
  8
0
 10
7.78082
 20
-2.88344
 11
7.77872
 21
-2.88608
  0
LINE
  8
0
 10
7.77872
 20
-2.88608
 11
7.7765
 21
-2.88864
  0
LINE
  8
0
 10
7.7765
 20
-2.88864
 11
7.7742
 21
-2.89111
  0
LINE
  8
0
 10
7.7742
 20
-2.89111
 11
7.77177
 21
-2.89348
  0
LINE
  8
0
 10
7.77177
 20
-2.89348
 11
7.76927
 21
-2.89574
  0
LINE
  8
0
 10
7.76927
 20
-2.89574
 11
7.76666
 21
-2.89789
  0
LINE
  8
0
 10
7.76666
 20
-2.89789
 11
7.76398
 21
-2.89993
  0
LINE
  8
0
 10
7.76398
 20
-2.89993
 11
7.7612
 21
-2.90186
  0
LINE
  8
0
 10
7.7612
 20
-2.90186
 11
7.75835
 21
-2.90367
  0
LINE
  8
0
 10
7.75835
 20
-2.90367
 11
7.75542
 21
-2.90536
  0
LINE
  8
0
 10
7.75542
 20
-2.90536
 11
7.75241
 21
-2.90694
  0
LINE
  8
0
 10
7.75241
 20
-2.90694
 11
7.74936
 21
-2.90837
  0
LINE
  8
0
 10
7.74936
 20
-2.90837
 11
7.74625
 21
-2.90968
  0
LINE
  8
0
 10
7.74625
 20
-2.90968
 11
7.74307
 21
-2.91086
  0
LINE
  8
0
 10
7.74307
 20
-2.91086
 11
7.73985
 21
-2.9119
  0
LINE
  8
0
 10
7.73985
 20
-2.9119
 11
7.7366
 21
-2.91281
  0
LINE
  8
0
 10
7.7366
 20
-2.91281
 11
7.73331
 21
-2.91359
  0
LINE
  8
0
 10
7.73331
 20
-2.91359
 11
7.73
 21
-2.91422
  0
LINE
  8
0
 10
7.73
 20
-2.91422
 11
7.72665
 21
-2.9147
  0
LINE
  8
0
 10
7.72665
 20
-2.9147
 11
7.72328
 21
-2.91507
  0
LINE
  8
0
 10
7.72328
 20
-2.91507
 11
7.71991
 21
-2.91528
  0
LINE
  8
0
 10
7.71991
 20
-2.91528
 11
7.71654
 21
-2.91534
  0
LINE
  8
0
 10
7.71654
 20
-2.91534
 11
7.71315
 21
-2.91528
  0
LINE
  8
0
 10
-7.71991
 20
-2.91528
 11
-7.72328
 21
-2.91507
  0
LINE
  8
0
 10
-7.72328
 20
-2.91507
 11
-7.72665
 21
-2.9147
  0
LINE
  8
0
 10
-7.72665
 20
-2.9147
 11
-7.73
 21
-2.91422
  0
LINE
  8
0
 10
-7.73
 20
-2.91422
 11
-7.73331
 21
-2.91359
  0
LINE
  8
0
 10
-7.73331
 20
-2.91359
 11
-7.7366
 21
-2.91281
  0
LINE
  8
0
 10
-7.7366
 20
-2.91281
 11
-7.73985
 21
-2.9119
  0
LINE
  8
0
 10
-7.73985
 20
-2.9119
 11
-7.74307
 21
-2.91086
  0
LINE
  8
0
 10
-7.74307
 20
-2.91086
 11
-7.74625
 21
-2.90968
  0
LINE
  8
0
 10
-7.74625
 20
-2.90968
 11
-7.74936
 21
-2.90837
  0
LINE
  8
0
 10
-7.74936
 20
-2.90837
 11
-7.75241
 21
-2.90694
  0
LINE
  8
0
 10
-7.75241
 20
-2.90694
 11
-7.75542
 21
-2.90536
  0
LINE
  8
0
 10
-7.75542
 20
-2.90536
 11
-7.75835
 21
-2.90367
  0
LINE
  8
0
 10
-7.75835
 20
-2.90367
 11
-7.7612
 21
-2.90186
  0
LINE
  8
0
 10
-7.7612
 20
-2.90186
 11
-7.76398
 21
-2.89993
  0
LINE
  8
0
 10
-7.76398
 20
-2.89993
 11
-7.76666
 21
-2.89789
  0
LINE
  8
0
 10
-7.76666
 20
-2.89789
 11
-7.76927
 21
-2.89574
  0
LINE
  8
0
 10
-7.76927
 20
-2.89574
 11
-7.77177
 21
-2.89348
  0
LINE
  8
0
 10
-7.77177
 20
-2.89348
 11
-7.7742
 21
-2.89111
  0
LINE
  8
0
 10
-7.7742
 20
-2.89111
 11
-7.7765
 21
-2.88864
  0
LINE
  8
0
 10
-7.7765
 20
-2.88864
 11
-7.77872
 21
-2.88608
  0
LINE
  8
0
 10
-7.77872
 20
-2.88608
 11
-7.78082
 21
-2.88344
  0
LINE
  8
0
 10
-7.78082
 20
-2.88344
 11
-7.78281
 21
-2.88071
  0
LINE
  8
0
 10
-7.78281
 20
-2.88071
 11
-7.78468
 21
-2.87788
  0
LINE
  8
0
 10
-7.78468
 20
-2.87788
 11
-7.78642
 21
-2.875
  0
LINE
  8
0
 10
-7.78642
 20
-2.875
 11
-7.78806
 21
-2.87202
  0
LINE
  8
0
 10
-7.78806
 20
-2.87202
 11
-7.78957
 21
-2.869
  0
LINE
  8
0
 10
-7.78957
 20
-2.869
 11
-7.79094
 21
-2.86592
  0
LINE
  8
0
 10
-7.79094
 20
-2.86592
 11
-7.79218
 21
-2.86278
  0
LINE
  8
0
 10
-7.79218
 20
-2.86278
 11
-7.79329
 21
-2.85957
  0
LINE
  8
0
 10
-7.79329
 20
-2.85957
 11
-7.79427
 21
-2.85634
  0
LINE
  8
0
 10
-7.79427
 20
-2.85634
 11
-7.7951
 21
-2.85307
  0
LINE
  8
0
 10
-7.7951
 20
-2.85307
 11
-7.79581
 21
-2.84976
  0
LINE
  8
0
 10
-7.79581
 20
-2.84976
 11
-7.79637
 21
-2.84644
  0
LINE
  8
0
 10
-7.79637
 20
-2.84644
 11
-7.7968
 21
-2.84308
  0
LINE
  8
0
 10
-7.7968
 20
-2.84308
 11
-7.79709
 21
-2.83971
  0
LINE
  8
0
 10
-7.79709
 20
-2.83971
 11
-7.79723
 21
-2.83633
  0
LINE
  8
0
 10
-7.79723
 20
-2.83633
 11
-7.79723
 21
-2.83295
  0
LINE
  8
0
 10
-7.79723
 20
-2.83295
 11
-7.79709
 21
-2.82957
  0
LINE
  8
0
 10
-7.79709
 20
-2.82957
 11
-7.7968
 21
-2.8262
  0
LINE
  8
0
 10
-7.7968
 20
-2.8262
 11
-7.79637
 21
-2.82285
  0
LINE
  8
0
 10
-7.79637
 20
-2.82285
 11
-7.79581
 21
-2.81952
  0
LINE
  8
0
 10
-7.79581
 20
-2.81952
 11
-7.7951
 21
-2.81621
  0
LINE
  8
0
 10
-7.7951
 20
-2.81621
 11
-7.79427
 21
-2.81293
  0
LINE
  8
0
 10
-7.79427
 20
-2.81293
 11
-7.79329
 21
-2.80969
  0
LINE
  8
0
 10
-7.79329
 20
-2.80969
 11
-7.79218
 21
-2.8065
  0
LINE
  8
0
 10
-7.79218
 20
-2.8065
 11
-7.79094
 21
-2.80336
  0
LINE
  8
0
 10
-7.79094
 20
-2.80336
 11
-7.78957
 21
-2.80028
  0
LINE
  8
0
 10
-7.78957
 20
-2.80028
 11
-7.78806
 21
-2.79724
  0
LINE
  8
0
 10
-7.78806
 20
-2.79724
 11
-7.78642
 21
-2.79428
  0
LINE
  8
0
 10
-7.78642
 20
-2.79428
 11
-7.78468
 21
-2.7914
  0
LINE
  8
0
 10
-7.78468
 20
-2.7914
 11
-7.78281
 21
-2.78857
  0
LINE
  8
0
 10
-7.78281
 20
-2.78857
 11
-7.78082
 21
-2.78584
  0
LINE
  8
0
 10
-7.78082
 20
-2.78584
 11
-7.77872
 21
-2.78319
  0
LINE
  8
0
 10
-7.77872
 20
-2.78319
 11
-7.7765
 21
-2.78064
  0
LINE
  8
0
 10
-7.7765
 20
-2.78064
 11
-7.7742
 21
-2.77817
  0
LINE
  8
0
 10
-7.7742
 20
-2.77817
 11
-7.77177
 21
-2.7758
  0
LINE
  8
0
 10
-7.77177
 20
-2.7758
 11
-7.76927
 21
-2.77354
  0
LINE
  8
0
 10
-7.76927
 20
-2.77354
 11
-7.76666
 21
-2.77139
  0
LINE
  8
0
 10
-7.76666
 20
-2.77139
 11
-7.76398
 21
-2.76935
  0
LINE
  8
0
 10
-7.76398
 20
-2.76935
 11
-7.7612
 21
-2.76741
  0
LINE
  8
0
 10
-7.7612
 20
-2.76741
 11
-7.75835
 21
-2.76561
  0
LINE
  8
0
 10
-7.75835
 20
-2.76561
 11
-7.75542
 21
-2.76392
  0
LINE
  8
0
 10
-7.75542
 20
-2.76392
 11
-7.75241
 21
-2.76234
  0
LINE
  8
0
 10
-7.75241
 20
-2.76234
 11
-7.74936
 21
-2.76091
  0
LINE
  8
0
 10
-7.74936
 20
-2.76091
 11
-7.74625
 21
-2.7596
  0
LINE
  8
0
 10
-7.74625
 20
-2.7596
 11
-7.74307
 21
-2.75842
  0
LINE
  8
0
 10
-7.74307
 20
-2.75842
 11
-7.73985
 21
-2.75737
  0
LINE
  8
0
 10
-7.73985
 20
-2.75737
 11
-7.7366
 21
-2.75647
  0
LINE
  8
0
 10
-7.7366
 20
-2.75647
 11
-7.73331
 21
-2.75569
  0
LINE
  8
0
 10
-7.73331
 20
-2.75569
 11
-7.73
 21
-2.75507
  0
LINE
  8
0
 10
-7.73
 20
-2.75507
 11
-7.72665
 21
-2.75456
  0
LINE
  8
0
 10
-7.72665
 20
-2.75456
 11
-7.72328
 21
-2.75421
  0
LINE
  8
0
 10
-7.72328
 20
-2.75421
 11
-7.71991
 21
-2.754
  0
LINE
  8
0
 10
-7.71991
 20
-2.754
 11
-7.71654
 21
-2.75394
  0
LINE
  8
0
 10
-7.71654
 20
-2.75394
 11
-7.71315
 21
-2.754
  0
LINE
  8
0
 10
-7.71315
 20
-2.754
 11
-7.70978
 21
-2.75421
  0
LINE
  8
0
 10
-7.70978
 20
-2.75421
 11
-7.70642
 21
-2.75456
  0
LINE
  8
0
 10
-7.70642
 20
-2.75456
 11
-7.70308
 21
-2.75507
  0
LINE
  8
0
 10
-7.70308
 20
-2.75507
 11
-7.69975
 21
-2.75569
  0
LINE
  8
0
 10
-7.69975
 20
-2.75569
 11
-7.69646
 21
-2.75647
  0
LINE
  8
0
 10
-7.69646
 20
-2.75647
 11
-7.69321
 21
-2.75737
  0
LINE
  8
0
 10
-7.69321
 20
-2.75737
 11
-7.68999
 21
-2.75842
  0
LINE
  8
0
 10
-7.68999
 20
-2.75842
 11
-7.68683
 21
-2.7596
  0
LINE
  8
0
 10
-7.68683
 20
-2.7596
 11
-7.6837
 21
-2.76091
  0
LINE
  8
0
 10
-7.6837
 20
-2.76091
 11
-7.68065
 21
-2.76234
  0
LINE
  8
0
 10
-7.68065
 20
-2.76234
 11
-7.67766
 21
-2.76392
  0
LINE
  8
0
 10
-7.67766
 20
-2.76392
 11
-7.67473
 21
-2.76561
  0
LINE
  8
0
 10
-7.67473
 20
-2.76561
 11
-7.67188
 21
-2.76741
  0
LINE
  8
0
 10
-7.67188
 20
-2.76741
 11
-7.6691
 21
-2.76935
  0
LINE
  8
0
 10
-7.6691
 20
-2.76935
 11
-7.6664
 21
-2.77139
  0
LINE
  8
0
 10
-7.6664
 20
-2.77139
 11
-7.6638
 21
-2.77354
  0
LINE
  8
0
 10
-7.6638
 20
-2.77354
 11
-7.66129
 21
-2.7758
  0
LINE
  8
0
 10
-7.66129
 20
-2.7758
 11
-7.65887
 21
-2.77817
  0
LINE
  8
0
 10
-7.65887
 20
-2.77817
 11
-7.65656
 21
-2.78064
  0
LINE
  8
0
 10
-7.65656
 20
-2.78064
 11
-7.65434
 21
-2.78319
  0
LINE
  8
0
 10
-7.65434
 20
-2.78319
 11
-7.65225
 21
-2.78584
  0
LINE
  8
0
 10
-7.65225
 20
-2.78584
 11
-7.65025
 21
-2.78857
  0
LINE
  8
0
 10
-7.65025
 20
-2.78857
 11
-7.64839
 21
-2.7914
  0
LINE
  8
0
 10
-7.64839
 20
-2.7914
 11
-7.64664
 21
-2.79428
  0
LINE
  8
0
 10
-7.64664
 20
-2.79428
 11
-7.645
 21
-2.79724
  0
LINE
  8
0
 10
-7.645
 20
-2.79724
 11
-7.64351
 21
-2.80028
  0
LINE
  8
0
 10
-7.64351
 20
-2.80028
 11
-7.64214
 21
-2.80336
  0
LINE
  8
0
 10
-7.64214
 20
-2.80336
 11
-7.64088
 21
-2.8065
  0
LINE
  8
0
 10
-7.64088
 20
-2.8065
 11
-7.63977
 21
-2.80969
  0
LINE
  8
0
 10
-7.63977
 20
-2.80969
 11
-7.63879
 21
-2.81293
  0
LINE
  8
0
 10
-7.63879
 20
-2.81293
 11
-7.63795
 21
-2.81621
  0
LINE
  8
0
 10
-7.63795
 20
-2.81621
 11
-7.63725
 21
-2.81952
  0
LINE
  8
0
 10
-7.63725
 20
-2.81952
 11
-7.63669
 21
-2.82285
  0
LINE
  8
0
 10
-7.63669
 20
-2.82285
 11
-7.63626
 21
-2.8262
  0
LINE
  8
0
 10
-7.63626
 20
-2.8262
 11
-7.63599
 21
-2.82957
  0
LINE
  8
0
 10
-7.63599
 20
-2.82957
 11
-7.63585
 21
-2.83295
  0
LINE
  8
0
 10
-7.63585
 20
-2.83295
 11
-7.63585
 21
-2.83633
  0
LINE
  8
0
 10
-7.63585
 20
-2.83633
 11
-7.63599
 21
-2.83971
  0
LINE
  8
0
 10
-7.63599
 20
-2.83971
 11
-7.63626
 21
-2.84308
  0
LINE
  8
0
 10
-7.63626
 20
-2.84308
 11
-7.63669
 21
-2.84644
  0
LINE
  8
0
 10
-7.63669
 20
-2.84644
 11
-7.63725
 21
-2.84976
  0
LINE
  8
0
 10
-7.63725
 20
-2.84976
 11
-7.63795
 21
-2.85307
  0
LINE
  8
0
 10
-7.63795
 20
-2.85307
 11
-7.63879
 21
-2.85634
  0
LINE
  8
0
 10
-7.63879
 20
-2.85634
 11
-7.63977
 21
-2.85957
  0
LINE
  8
0
 10
-7.63977
 20
-2.85957
 11
-7.64088
 21
-2.86278
  0
LINE
  8
0
 10
-7.64088
 20
-2.86278
 11
-7.64214
 21
-2.86592
  0
LINE
  8
0
 10
-7.64214
 20
-2.86592
 11
-7.64351
 21
-2.869
  0
LINE
  8
0
 10
-7.64351
 20
-2.869
 11
-7.645
 21
-2.87202
  0
LINE
  8
0
 10
-7.645
 20
-2.87202
 11
-7.64664
 21
-2.875
  0
LINE
  8
0
 10
-7.64664
 20
-2.875
 11
-7.64839
 21
-2.87788
  0
LINE
  8
0
 10
-7.64839
 20
-2.87788
 11
-7.65025
 21
-2.88071
  0
LINE
  8
0
 10
-7.65025
 20
-2.88071
 11
-7.65225
 21
-2.88344
  0
LINE
  8
0
 10
-7.65225
 20
-2.88344
 11
-7.65434
 21
-2.88608
  0
LINE
  8
0
 10
-7.65434
 20
-2.88608
 11
-7.65656
 21
-2.88864
  0
LINE
  8
0
 10
-7.65656
 20
-2.88864
 11
-7.65887
 21
-2.89111
  0
LINE
  8
0
 10
-7.65887
 20
-2.89111
 11
-7.66129
 21
-2.89348
  0
LINE
  8
0
 10
-7.66129
 20
-2.89348
 11
-7.6638
 21
-2.89574
  0
LINE
  8
0
 10
-7.6638
 20
-2.89574
 11
-7.6664
 21
-2.89789
  0
LINE
  8
0
 10
-7.6664
 20
-2.89789
 11
-7.6691
 21
-2.89993
  0
LINE
  8
0
 10
-7.6691
 20
-2.89993
 11
-7.67188
 21
-2.90186
  0
LINE
  8
0
 10
-7.67188
 20
-2.90186
 11
-7.67473
 21
-2.90367
  0
LINE
  8
0
 10
-7.67473
 20
-2.90367
 11
-7.67766
 21
-2.90536
  0
LINE
  8
0
 10
-7.67766
 20
-2.90536
 11
-7.68065
 21
-2.90694
  0
LINE
  8
0
 10
-7.68065
 20
-2.90694
 11
-7.6837
 21
-2.90837
  0
LINE
  8
0
 10
-7.6837
 20
-2.90837
 11
-7.68683
 21
-2.90968
  0
LINE
  8
0
 10
-7.68683
 20
-2.90968
 11
-7.68999
 21
-2.91086
  0
LINE
  8
0
 10
-7.68999
 20
-2.91086
 11
-7.69321
 21
-2.9119
  0
LINE
  8
0
 10
-7.69321
 20
-2.9119
 11
-7.69646
 21
-2.91281
  0
LINE
  8
0
 10
-7.69646
 20
-2.91281
 11
-7.69975
 21
-2.91359
  0
LINE
  8
0
 10
-7.69975
 20
-2.91359
 11
-7.70308
 21
-2.91422
  0
LINE
  8
0
 10
-7.70308
 20
-2.91422
 11
-7.70642
 21
-2.9147
  0
LINE
  8
0
 10
-7.70642
 20
-2.9147
 11
-7.70978
 21
-2.91507
  0
LINE
  8
0
 10
-7.70978
 20
-2.91507
 11
-7.71315
 21
-2.91528
  0
LINE
  8
0
 10
-7.71315
 20
-2.91528
 11
-7.71654
 21
-2.91534
  0
LINE
  8
0
 10
-7.71654
 20
-2.91534
 11
-7.71991
 21
-2.91528
  0
LINE
  8
0
 10
7.71315
 20
-3.5452
 11
7.70978
 21
-3.54498
  0
LINE
  8
0
 10
7.70978
 20
-3.54498
 11
7.70642
 21
-3.54463
  0
LINE
  8
0
 10
7.70642
 20
-3.54463
 11
7.70308
 21
-3.54414
  0
LINE
  8
0
 10
7.70308
 20
-3.54414
 11
7.69975
 21
-3.5435
  0
LINE
  8
0
 10
7.69975
 20
-3.5435
 11
7.69646
 21
-3.54272
  0
LINE
  8
0
 10
7.69646
 20
-3.54272
 11
7.69321
 21
-3.54182
  0
LINE
  8
0
 10
7.69321
 20
-3.54182
 11
7.68999
 21
-3.54077
  0
LINE
  8
0
 10
7.68999
 20
-3.54077
 11
7.68683
 21
-3.5396
  0
LINE
  8
0
 10
7.68683
 20
-3.5396
 11
7.6837
 21
-3.53828
  0
LINE
  8
0
 10
7.6837
 20
-3.53828
 11
7.68065
 21
-3.53685
  0
LINE
  8
0
 10
7.68065
 20
-3.53685
 11
7.67766
 21
-3.53528
  0
LINE
  8
0
 10
7.67766
 20
-3.53528
 11
7.67473
 21
-3.5336
  0
LINE
  8
0
 10
7.67473
 20
-3.5336
 11
7.67188
 21
-3.53178
  0
LINE
  8
0
 10
7.67188
 20
-3.53178
 11
7.6691
 21
-3.52985
  0
LINE
  8
0
 10
7.6691
 20
-3.52985
 11
7.6664
 21
-3.52782
  0
LINE
  8
0
 10
7.6664
 20
-3.52782
 11
7.6638
 21
-3.52565
  0
LINE
  8
0
 10
7.6638
 20
-3.52565
 11
7.66129
 21
-3.52339
  0
LINE
  8
0
 10
7.66129
 20
-3.52339
 11
7.65887
 21
-3.52103
  0
LINE
  8
0
 10
7.65887
 20
-3.52103
 11
7.65656
 21
-3.51857
  0
LINE
  8
0
 10
7.65656
 20
-3.51857
 11
7.65434
 21
-3.51601
  0
LINE
  8
0
 10
7.65434
 20
-3.51601
 11
7.65225
 21
-3.51335
  0
LINE
  8
0
 10
7.65225
 20
-3.51335
 11
7.65025
 21
-3.51062
  0
LINE
  8
0
 10
7.65025
 20
-3.51062
 11
7.64839
 21
-3.5078
  0
LINE
  8
0
 10
7.64839
 20
-3.5078
 11
7.64664
 21
-3.50491
  0
LINE
  8
0
 10
7.64664
 20
-3.50491
 11
7.645
 21
-3.50195
  0
LINE
  8
0
 10
7.645
 20
-3.50195
 11
7.64351
 21
-3.49892
  0
LINE
  8
0
 10
7.64351
 20
-3.49892
 11
7.64214
 21
-3.49583
  0
LINE
  8
0
 10
7.64214
 20
-3.49583
 11
7.64088
 21
-3.49269
  0
LINE
  8
0
 10
7.64088
 20
-3.49269
 11
7.63977
 21
-3.4895
  0
LINE
  8
0
 10
7.63977
 20
-3.4895
 11
7.63879
 21
-3.48627
  0
LINE
  8
0
 10
7.63879
 20
-3.48627
 11
7.63795
 21
-3.48299
  0
LINE
  8
0
 10
7.63795
 20
-3.48299
 11
7.63725
 21
-3.47968
  0
LINE
  8
0
 10
7.63725
 20
-3.47968
 11
7.63669
 21
-3.47635
  0
LINE
  8
0
 10
7.63669
 20
-3.47635
 11
7.63626
 21
-3.47299
  0
LINE
  8
0
 10
7.63626
 20
-3.47299
 11
7.63599
 21
-3.46962
  0
LINE
  8
0
 10
7.63599
 20
-3.46962
 11
7.63585
 21
-3.46625
  0
LINE
  8
0
 10
7.63585
 20
-3.46625
 11
7.63585
 21
-3.46288
  0
LINE
  8
0
 10
7.63585
 20
-3.46288
 11
7.63599
 21
-3.45949
  0
LINE
  8
0
 10
7.63599
 20
-3.45949
 11
7.63626
 21
-3.45612
  0
LINE
  8
0
 10
7.63626
 20
-3.45612
 11
7.63669
 21
-3.45277
  0
LINE
  8
0
 10
7.63669
 20
-3.45277
 11
7.63725
 21
-3.44943
  0
LINE
  8
0
 10
7.63725
 20
-3.44943
 11
7.63795
 21
-3.44614
  0
LINE
  8
0
 10
7.63795
 20
-3.44614
 11
7.63879
 21
-3.44286
  0
LINE
  8
0
 10
7.63879
 20
-3.44286
 11
7.63977
 21
-3.43962
  0
LINE
  8
0
 10
7.63977
 20
-3.43962
 11
7.64088
 21
-3.43643
  0
LINE
  8
0
 10
7.64088
 20
-3.43643
 11
7.64214
 21
-3.43329
  0
LINE
  8
0
 10
7.64214
 20
-3.43329
 11
7.64351
 21
-3.43019
  0
LINE
  8
0
 10
7.64351
 20
-3.43019
 11
7.645
 21
-3.42717
  0
LINE
  8
0
 10
7.645
 20
-3.42717
 11
7.64664
 21
-3.42421
  0
LINE
  8
0
 10
7.64664
 20
-3.42421
 11
7.64839
 21
-3.42131
  0
LINE
  8
0
 10
7.64839
 20
-3.42131
 11
7.65025
 21
-3.4185
  0
LINE
  8
0
 10
7.65025
 20
-3.4185
 11
7.65225
 21
-3.41576
  0
LINE
  8
0
 10
7.65225
 20
-3.41576
 11
7.65434
 21
-3.41312
  0
LINE
  8
0
 10
7.65434
 20
-3.41312
 11
7.65656
 21
-3.41055
  0
LINE
  8
0
 10
7.65656
 20
-3.41055
 11
7.65887
 21
-3.4081
  0
LINE
  8
0
 10
7.65887
 20
-3.4081
 11
7.66129
 21
-3.40573
  0
LINE
  8
0
 10
7.66129
 20
-3.40573
 11
7.6638
 21
-3.40346
  0
LINE
  8
0
 10
7.6638
 20
-3.40346
 11
7.6664
 21
-3.40131
  0
LINE
  8
0
 10
7.6664
 20
-3.40131
 11
7.6691
 21
-3.39926
  0
LINE
  8
0
 10
7.6691
 20
-3.39926
 11
7.67188
 21
-3.39734
  0
LINE
  8
0
 10
7.67188
 20
-3.39734
 11
7.67473
 21
-3.39552
  0
LINE
  8
0
 10
7.67473
 20
-3.39552
 11
7.67766
 21
-3.39383
  0
LINE
  8
0
 10
7.67766
 20
-3.39383
 11
7.68065
 21
-3.39227
  0
LINE
  8
0
 10
7.68065
 20
-3.39227
 11
7.6837
 21
-3.39082
  0
LINE
  8
0
 10
7.6837
 20
-3.39082
 11
7.68683
 21
-3.38951
  0
LINE
  8
0
 10
7.68683
 20
-3.38951
 11
7.68999
 21
-3.38834
  0
LINE
  8
0
 10
7.68999
 20
-3.38834
 11
7.69321
 21
-3.3873
  0
LINE
  8
0
 10
7.69321
 20
-3.3873
 11
7.69646
 21
-3.38638
  0
LINE
  8
0
 10
7.69646
 20
-3.38638
 11
7.69975
 21
-3.38562
  0
LINE
  8
0
 10
7.69975
 20
-3.38562
 11
7.70308
 21
-3.38498
  0
LINE
  8
0
 10
7.70308
 20
-3.38498
 11
7.70642
 21
-3.38449
  0
LINE
  8
0
 10
7.70642
 20
-3.38449
 11
7.70978
 21
-3.38414
  0
LINE
  8
0
 10
7.70978
 20
-3.38414
 11
7.71315
 21
-3.38393
  0
LINE
  8
0
 10
7.71315
 20
-3.38393
 11
7.71654
 21
-3.38385
  0
LINE
  8
0
 10
7.71654
 20
-3.38385
 11
7.71991
 21
-3.38393
  0
LINE
  8
0
 10
7.71991
 20
-3.38393
 11
7.72328
 21
-3.38414
  0
LINE
  8
0
 10
7.72328
 20
-3.38414
 11
7.72665
 21
-3.38449
  0
LINE
  8
0
 10
7.72665
 20
-3.38449
 11
7.73
 21
-3.38498
  0
LINE
  8
0
 10
7.73
 20
-3.38498
 11
7.73331
 21
-3.38562
  0
LINE
  8
0
 10
7.73331
 20
-3.38562
 11
7.7366
 21
-3.38638
  0
LINE
  8
0
 10
7.7366
 20
-3.38638
 11
7.73985
 21
-3.3873
  0
LINE
  8
0
 10
7.73985
 20
-3.3873
 11
7.74307
 21
-3.38834
  0
LINE
  8
0
 10
7.74307
 20
-3.38834
 11
7.74625
 21
-3.38951
  0
LINE
  8
0
 10
7.74625
 20
-3.38951
 11
7.74936
 21
-3.39082
  0
LINE
  8
0
 10
7.74936
 20
-3.39082
 11
7.75241
 21
-3.39227
  0
LINE
  8
0
 10
7.75241
 20
-3.39227
 11
7.75542
 21
-3.39383
  0
LINE
  8
0
 10
7.75542
 20
-3.39383
 11
7.75835
 21
-3.39552
  0
LINE
  8
0
 10
7.75835
 20
-3.39552
 11
7.7612
 21
-3.39734
  0
LINE
  8
0
 10
7.7612
 20
-3.39734
 11
7.76398
 21
-3.39926
  0
LINE
  8
0
 10
7.76398
 20
-3.39926
 11
7.76666
 21
-3.40131
  0
LINE
  8
0
 10
7.76666
 20
-3.40131
 11
7.76927
 21
-3.40346
  0
LINE
  8
0
 10
7.76927
 20
-3.40346
 11
7.77177
 21
-3.40573
  0
LINE
  8
0
 10
7.77177
 20
-3.40573
 11
7.7742
 21
-3.4081
  0
LINE
  8
0
 10
7.7742
 20
-3.4081
 11
7.7765
 21
-3.41055
  0
LINE
  8
0
 10
7.7765
 20
-3.41055
 11
7.77872
 21
-3.41312
  0
LINE
  8
0
 10
7.77872
 20
-3.41312
 11
7.78082
 21
-3.41576
  0
LINE
  8
0
 10
7.78082
 20
-3.41576
 11
7.78281
 21
-3.4185
  0
LINE
  8
0
 10
7.78281
 20
-3.4185
 11
7.78468
 21
-3.42131
  0
LINE
  8
0
 10
7.78468
 20
-3.42131
 11
7.78642
 21
-3.42421
  0
LINE
  8
0
 10
7.78642
 20
-3.42421
 11
7.78806
 21
-3.42717
  0
LINE
  8
0
 10
7.78806
 20
-3.42717
 11
7.78957
 21
-3.43019
  0
LINE
  8
0
 10
7.78957
 20
-3.43019
 11
7.79094
 21
-3.43329
  0
LINE
  8
0
 10
7.79094
 20
-3.43329
 11
7.79218
 21
-3.43643
  0
LINE
  8
0
 10
7.79218
 20
-3.43643
 11
7.79329
 21
-3.43962
  0
LINE
  8
0
 10
7.79329
 20
-3.43962
 11
7.79427
 21
-3.44286
  0
LINE
  8
0
 10
7.79427
 20
-3.44286
 11
7.7951
 21
-3.44614
  0
LINE
  8
0
 10
7.7951
 20
-3.44614
 11
7.79581
 21
-3.44943
  0
LINE
  8
0
 10
7.79581
 20
-3.44943
 11
7.79637
 21
-3.45277
  0
LINE
  8
0
 10
7.79637
 20
-3.45277
 11
7.7968
 21
-3.45612
  0
LINE
  8
0
 10
7.7968
 20
-3.45612
 11
7.79709
 21
-3.45949
  0
LINE
  8
0
 10
7.79709
 20
-3.45949
 11
7.79723
 21
-3.46288
  0
LINE
  8
0
 10
7.79723
 20
-3.46288
 11
7.79723
 21
-3.46625
  0
LINE
  8
0
 10
7.79723
 20
-3.46625
 11
7.79709
 21
-3.46962
  0
LINE
  8
0
 10
7.79709
 20
-3.46962
 11
7.7968
 21
-3.47299
  0
LINE
  8
0
 10
7.7968
 20
-3.47299
 11
7.79637
 21
-3.47635
  0
LINE
  8
0
 10
7.79637
 20
-3.47635
 11
7.79581
 21
-3.47968
  0
LINE
  8
0
 10
7.79581
 20
-3.47968
 11
7.7951
 21
-3.48299
  0
LINE
  8
0
 10
7.7951
 20
-3.48299
 11
7.79427
 21
-3.48627
  0
LINE
  8
0
 10
7.79427
 20
-3.48627
 11
7.79329
 21
-3.4895
  0
LINE
  8
0
 10
7.79329
 20
-3.4895
 11
7.79218
 21
-3.49269
  0
LINE
  8
0
 10
7.79218
 20
-3.49269
 11
7.79094
 21
-3.49583
  0
LINE
  8
0
 10
7.79094
 20
-3.49583
 11
7.78957
 21
-3.49892
  0
LINE
  8
0
 10
7.78957
 20
-3.49892
 11
7.78806
 21
-3.50195
  0
LINE
  8
0
 10
7.78806
 20
-3.50195
 11
7.78642
 21
-3.50491
  0
LINE
  8
0
 10
7.78642
 20
-3.50491
 11
7.78468
 21
-3.5078
  0
LINE
  8
0
 10
7.78468
 20
-3.5078
 11
7.78281
 21
-3.51062
  0
LINE
  8
0
 10
7.78281
 20
-3.51062
 11
7.78082
 21
-3.51335
  0
LINE
  8
0
 10
7.78082
 20
-3.51335
 11
7.77872
 21
-3.51601
  0
LINE
  8
0
 10
7.77872
 20
-3.51601
 11
7.7765
 21
-3.51857
  0
LINE
  8
0
 10
7.7765
 20
-3.51857
 11
7.7742
 21
-3.52103
  0
LINE
  8
0
 10
7.7742
 20
-3.52103
 11
7.77177
 21
-3.52339
  0
LINE
  8
0
 10
7.77177
 20
-3.52339
 11
7.76927
 21
-3.52565
  0
LINE
  8
0
 10
7.76927
 20
-3.52565
 11
7.76666
 21
-3.52782
  0
LINE
  8
0
 10
7.76666
 20
-3.52782
 11
7.76398
 21
-3.52985
  0
LINE
  8
0
 10
7.76398
 20
-3.52985
 11
7.7612
 21
-3.53178
  0
LINE
  8
0
 10
7.7612
 20
-3.53178
 11
7.75835
 21
-3.5336
  0
LINE
  8
0
 10
7.75835
 20
-3.5336
 11
7.75542
 21
-3.53528
  0
LINE
  8
0
 10
7.75542
 20
-3.53528
 11
7.75241
 21
-3.53685
  0
LINE
  8
0
 10
7.75241
 20
-3.53685
 11
7.74936
 21
-3.53828
  0
LINE
  8
0
 10
7.74936
 20
-3.53828
 11
7.74625
 21
-3.5396
  0
LINE
  8
0
 10
7.74625
 20
-3.5396
 11
7.74307
 21
-3.54077
  0
LINE
  8
0
 10
7.74307
 20
-3.54077
 11
7.73985
 21
-3.54182
  0
LINE
  8
0
 10
7.73985
 20
-3.54182
 11
7.7366
 21
-3.54272
  0
LINE
  8
0
 10
7.7366
 20
-3.54272
 11
7.73331
 21
-3.5435
  0
LINE
  8
0
 10
7.73331
 20
-3.5435
 11
7.73
 21
-3.54414
  0
LINE
  8
0
 10
7.73
 20
-3.54414
 11
7.72665
 21
-3.54463
  0
LINE
  8
0
 10
7.72665
 20
-3.54463
 11
7.72328
 21
-3.54498
  0
LINE
  8
0
 10
7.72328
 20
-3.54498
 11
7.71991
 21
-3.5452
  0
LINE
  8
0
 10
7.71991
 20
-3.5452
 11
7.71654
 21
-3.54527
  0
LINE
  8
0
 10
7.71654
 20
-3.54527
 11
7.71315
 21
-3.5452
  0
LINE
  8
0
 10
-7.71991
 20
-3.5452
 11
-7.72328
 21
-3.54498
  0
LINE
  8
0
 10
-7.72328
 20
-3.54498
 11
-7.72665
 21
-3.54463
  0
LINE
  8
0
 10
-7.72665
 20
-3.54463
 11
-7.73
 21
-3.54414
  0
LINE
  8
0
 10
-7.73
 20
-3.54414
 11
-7.73331
 21
-3.5435
  0
LINE
  8
0
 10
-7.73331
 20
-3.5435
 11
-7.7366
 21
-3.54272
  0
LINE
  8
0
 10
-7.7366
 20
-3.54272
 11
-7.73985
 21
-3.54182
  0
LINE
  8
0
 10
-7.73985
 20
-3.54182
 11
-7.74307
 21
-3.54077
  0
LINE
  8
0
 10
-7.74307
 20
-3.54077
 11
-7.74625
 21
-3.5396
  0
LINE
  8
0
 10
-7.74625
 20
-3.5396
 11
-7.74936
 21
-3.53828
  0
LINE
  8
0
 10
-7.74936
 20
-3.53828
 11
-7.75241
 21
-3.53685
  0
LINE
  8
0
 10
-7.75241
 20
-3.53685
 11
-7.75542
 21
-3.53528
  0
LINE
  8
0
 10
-7.75542
 20
-3.53528
 11
-7.75835
 21
-3.5336
  0
LINE
  8
0
 10
-7.75835
 20
-3.5336
 11
-7.7612
 21
-3.53178
  0
LINE
  8
0
 10
-7.7612
 20
-3.53178
 11
-7.76398
 21
-3.52985
  0
LINE
  8
0
 10
-7.76398
 20
-3.52985
 11
-7.76666
 21
-3.52782
  0
LINE
  8
0
 10
-7.76666
 20
-3.52782
 11
-7.76927
 21
-3.52565
  0
LINE
  8
0
 10
-7.76927
 20
-3.52565
 11
-7.77177
 21
-3.52339
  0
LINE
  8
0
 10
-7.77177
 20
-3.52339
 11
-7.7742
 21
-3.52103
  0
LINE
  8
0
 10
-7.7742
 20
-3.52103
 11
-7.7765
 21
-3.51857
  0
LINE
  8
0
 10
-7.7765
 20
-3.51857
 11
-7.77872
 21
-3.51601
  0
LINE
  8
0
 10
-7.77872
 20
-3.51601
 11
-7.78082
 21
-3.51335
  0
LINE
  8
0
 10
-7.78082
 20
-3.51335
 11
-7.78281
 21
-3.51062
  0
LINE
  8
0
 10
-7.78281
 20
-3.51062
 11
-7.78468
 21
-3.5078
  0
LINE
  8
0
 10
-7.78468
 20
-3.5078
 11
-7.78642
 21
-3.50491
  0
LINE
  8
0
 10
-7.78642
 20
-3.50491
 11
-7.78806
 21
-3.50195
  0
LINE
  8
0
 10
-7.78806
 20
-3.50195
 11
-7.78957
 21
-3.49892
  0
LINE
  8
0
 10
-7.78957
 20
-3.49892
 11
-7.79094
 21
-3.49583
  0
LINE
  8
0
 10
-7.79094
 20
-3.49583
 11
-7.79218
 21
-3.49269
  0
LINE
  8
0
 10
-7.79218
 20
-3.49269
 11
-7.79329
 21
-3.4895
  0
LINE
  8
0
 10
-7.79329
 20
-3.4895
 11
-7.79427
 21
-3.48627
  0
LINE
  8
0
 10
-7.79427
 20
-3.48627
 11
-7.7951
 21
-3.48299
  0
LINE
  8
0
 10
-7.7951
 20
-3.48299
 11
-7.79581
 21
-3.47968
  0
LINE
  8
0
 10
-7.79581
 20
-3.47968
 11
-7.79637
 21
-3.47635
  0
LINE
  8
0
 10
-7.79637
 20
-3.47635
 11
-7.7968
 21
-3.47299
  0
LINE
  8
0
 10
-7.7968
 20
-3.47299
 11
-7.79709
 21
-3.46962
  0
LINE
  8
0
 10
-7.79709
 20
-3.46962
 11
-7.79723
 21
-3.46625
  0
LINE
  8
0
 10
-7.79723
 20
-3.46625
 11
-7.79723
 21
-3.46288
  0
LINE
  8
0
 10
-7.79723
 20
-3.46288
 11
-7.79709
 21
-3.45949
  0
LINE
  8
0
 10
-7.79709
 20
-3.45949
 11
-7.7968
 21
-3.45612
  0
LINE
  8
0
 10
-7.7968
 20
-3.45612
 11
-7.79637
 21
-3.45277
  0
LINE
  8
0
 10
-7.79637
 20
-3.45277
 11
-7.79581
 21
-3.44943
  0
LINE
  8
0
 10
-7.79581
 20
-3.44943
 11
-7.7951
 21
-3.44614
  0
LINE
  8
0
 10
-7.7951
 20
-3.44614
 11
-7.79427
 21
-3.44286
  0
LINE
  8
0
 10
-7.79427
 20
-3.44286
 11
-7.79329
 21
-3.43962
  0
LINE
  8
0
 10
-7.79329
 20
-3.43962
 11
-7.79218
 21
-3.43643
  0
LINE
  8
0
 10
-7.79218
 20
-3.43643
 11
-7.79094
 21
-3.43329
  0
LINE
  8
0
 10
-7.79094
 20
-3.43329
 11
-7.78957
 21
-3.43019
  0
LINE
  8
0
 10
-7.78957
 20
-3.43019
 11
-7.78806
 21
-3.42717
  0
LINE
  8
0
 10
-7.78806
 20
-3.42717
 11
-7.78642
 21
-3.42421
  0
LINE
  8
0
 10
-7.78642
 20
-3.42421
 11
-7.78468
 21
-3.42131
  0
LINE
  8
0
 10
-7.78468
 20
-3.42131
 11
-7.78281
 21
-3.4185
  0
LINE
  8
0
 10
-7.78281
 20
-3.4185
 11
-7.78082
 21
-3.41576
  0
LINE
  8
0
 10
-7.78082
 20
-3.41576
 11
-7.77872
 21
-3.41312
  0
LINE
  8
0
 10
-7.77872
 20
-3.41312
 11
-7.7765
 21
-3.41055
  0
LINE
  8
0
 10
-7.7765
 20
-3.41055
 11
-7.7742
 21
-3.4081
  0
LINE
  8
0
 10
-7.7742
 20
-3.4081
 11
-7.77177
 21
-3.40573
  0
LINE
  8
0
 10
-7.77177
 20
-3.40573
 11
-7.76927
 21
-3.40346
  0
LINE
  8
0
 10
-7.76927
 20
-3.40346
 11
-7.76666
 21
-3.40131
  0
LINE
  8
0
 10
-7.76666
 20
-3.40131
 11
-7.76398
 21
-3.39926
  0
LINE
  8
0
 10
-7.76398
 20
-3.39926
 11
-7.7612
 21
-3.39734
  0
LINE
  8
0
 10
-7.7612
 20
-3.39734
 11
-7.75835
 21
-3.39552
  0
LINE
  8
0
 10
-7.75835
 20
-3.39552
 11
-7.75542
 21
-3.39383
  0
LINE
  8
0
 10
-7.75542
 20
-3.39383
 11
-7.75241
 21
-3.39227
  0
LINE
  8
0
 10
-7.75241
 20
-3.39227
 11
-7.74936
 21
-3.39082
  0
LINE
  8
0
 10
-7.74936
 20
-3.39082
 11
-7.74625
 21
-3.38951
  0
LINE
  8
0
 10
-7.74625
 20
-3.38951
 11
-7.74307
 21
-3.38834
  0
LINE
  8
0
 10
-7.74307
 20
-3.38834
 11
-7.73985
 21
-3.3873
  0
LINE
  8
0
 10
-7.73985
 20
-3.3873
 11
-7.7366
 21
-3.38638
  0
LINE
  8
0
 10
-7.7366
 20
-3.38638
 11
-7.73331
 21
-3.38562
  0
LINE
  8
0
 10
-7.73331
 20
-3.38562
 11
-7.73
 21
-3.38498
  0
LINE
  8
0
 10
-7.73
 20
-3.38498
 11
-7.72665
 21
-3.38449
  0
LINE
  8
0
 10
-7.72665
 20
-3.38449
 11
-7.72328
 21
-3.38414
  0
LINE
  8
0
 10
-7.72328
 20
-3.38414
 11
-7.71991
 21
-3.38393
  0
LINE
  8
0
 10
-7.71991
 20
-3.38393
 11
-7.71654
 21
-3.38385
  0
LINE
  8
0
 10
-7.71654
 20
-3.38385
 11
-7.71315
 21
-3.38393
  0
LINE
  8
0
 10
-7.71315
 20
-3.38393
 11
-7.70978
 21
-3.38414
  0
LINE
  8
0
 10
-7.70978
 20
-3.38414
 11
-7.70642
 21
-3.38449
  0
LINE
  8
0
 10
-7.70642
 20
-3.38449
 11
-7.70308
 21
-3.38498
  0
LINE
  8
0
 10
-7.70308
 20
-3.38498
 11
-7.69975
 21
-3.38562
  0
LINE
  8
0
 10
-7.69975
 20
-3.38562
 11
-7.69646
 21
-3.38638
  0
LINE
  8
0
 10
-7.69646
 20
-3.38638
 11
-7.69321
 21
-3.3873
  0
LINE
  8
0
 10
-7.69321
 20
-3.3873
 11
-7.68999
 21
-3.38834
  0
LINE
  8
0
 10
-7.68999
 20
-3.38834
 11
-7.68683
 21
-3.38951
  0
LINE
  8
0
 10
-7.68683
 20
-3.38951
 11
-7.6837
 21
-3.39082
  0
LINE
  8
0
 10
-7.6837
 20
-3.39082
 11
-7.68065
 21
-3.39227
  0
LINE
  8
0
 10
-7.68065
 20
-3.39227
 11
-7.67766
 21
-3.39383
  0
LINE
  8
0
 10
-7.67766
 20
-3.39383
 11
-7.67473
 21
-3.39552
  0
LINE
  8
0
 10
-7.67473
 20
-3.39552
 11
-7.67188
 21
-3.39734
  0
LINE
  8
0
 10
-7.67188
 20
-3.39734
 11
-7.6691
 21
-3.39926
  0
LINE
  8
0
 10
-7.6691
 20
-3.39926
 11
-7.6664
 21
-3.40131
  0
LINE
  8
0
 10
-7.6664
 20
-3.40131
 11
-7.6638
 21
-3.40346
  0
LINE
  8
0
 10
-7.6638
 20
-3.40346
 11
-7.66129
 21
-3.40573
  0
LINE
  8
0
 10
-7.66129
 20
-3.40573
 11
-7.65887
 21
-3.4081
  0
LINE
  8
0
 10
-7.65887
 20
-3.4081
 11
-7.65656
 21
-3.41055
  0
LINE
  8
0
 10
-7.65656
 20
-3.41055
 11
-7.65434
 21
-3.41312
  0
LINE
  8
0
 10
-7.65434
 20
-3.41312
 11
-7.65225
 21
-3.41576
  0
LINE
  8
0
 10
-7.65225
 20
-3.41576
 11
-7.65025
 21
-3.4185
  0
LINE
  8
0
 10
-7.65025
 20
-3.4185
 11
-7.64839
 21
-3.42131
  0
LINE
  8
0
 10
-7.64839
 20
-3.42131
 11
-7.64664
 21
-3.42421
  0
LINE
  8
0
 10
-7.64664
 20
-3.42421
 11
-7.645
 21
-3.42717
  0
LINE
  8
0
 10
-7.645
 20
-3.42717
 11
-7.64351
 21
-3.43019
  0
LINE
  8
0
 10
-7.64351
 20
-3.43019
 11
-7.64214
 21
-3.43329
  0
LINE
  8
0
 10
-7.64214
 20
-3.43329
 11
-7.64088
 21
-3.43643
  0
LINE
  8
0
 10
-7.64088
 20
-3.43643
 11
-7.63977
 21
-3.43962
  0
LINE
  8
0
 10
-7.63977
 20
-3.43962
 11
-7.63879
 21
-3.44286
  0
LINE
  8
0
 10
-7.63879
 20
-3.44286
 11
-7.63795
 21
-3.44614
  0
LINE
  8
0
 10
-7.63795
 20
-3.44614
 11
-7.63725
 21
-3.44943
  0
LINE
  8
0
 10
-7.63725
 20
-3.44943
 11
-7.63669
 21
-3.45277
  0
LINE
  8
0
 10
-7.63669
 20
-3.45277
 11
-7.63626
 21
-3.45612
  0
LINE
  8
0
 10
-7.63626
 20
-3.45612
 11
-7.63599
 21
-3.45949
  0
LINE
  8
0
 10
-7.63599
 20
-3.45949
 11
-7.63585
 21
-3.46288
  0
LINE
  8
0
 10
-7.63585
 20
-3.46288
 11
-7.63585
 21
-3.46625
  0
LINE
  8
0
 10
-7.63585
 20
-3.46625
 11
-7.63599
 21
-3.46962
  0
LINE
  8
0
 10
-7.63599
 20
-3.46962
 11
-7.63626
 21
-3.47299
  0
LINE
  8
0
 10
-7.63626
 20
-3.47299
 11
-7.63669
 21
-3.47635
  0
LINE
  8
0
 10
-7.63669
 20
-3.47635
 11
-7.63725
 21
-3.47968
  0
LINE
  8
0
 10
-7.63725
 20
-3.47968
 11
-7.63795
 21
-3.48299
  0
LINE
  8
0
 10
-7.63795
 20
-3.48299
 11
-7.63879
 21
-3.48627
  0
LINE
  8
0
 10
-7.63879
 20
-3.48627
 11
-7.63977
 21
-3.4895
  0
LINE
  8
0
 10
-7.63977
 20
-3.4895
 11
-7.64088
 21
-3.49269
  0
LINE
  8
0
 10
-7.64088
 20
-3.49269
 11
-7.64214
 21
-3.49583
  0
LINE
  8
0
 10
-7.64214
 20
-3.49583
 11
-7.64351
 21
-3.49892
  0
LINE
  8
0
 10
-7.64351
 20
-3.49892
 11
-7.645
 21
-3.50195
  0
LINE
  8
0
 10
-7.645
 20
-3.50195
 11
-7.64664
 21
-3.50491
  0
LINE
  8
0
 10
-7.64664
 20
-3.50491
 11
-7.64839
 21
-3.5078
  0
LINE
  8
0
 10
-7.64839
 20
-3.5078
 11
-7.65025
 21
-3.51062
  0
LINE
  8
0
 10
-7.65025
 20
-3.51062
 11
-7.65225
 21
-3.51335
  0
LINE
  8
0
 10
-7.65225
 20
-3.51335
 11
-7.65434
 21
-3.51601
  0
LINE
  8
0
 10
-7.65434
 20
-3.51601
 11
-7.65656
 21
-3.51857
  0
LINE
  8
0
 10
-7.65656
 20
-3.51857
 11
-7.65887
 21
-3.52103
  0
LINE
  8
0
 10
-7.65887
 20
-3.52103
 11
-7.66129
 21
-3.52339
  0
LINE
  8
0
 10
-7.66129
 20
-3.52339
 11
-7.6638
 21
-3.52565
  0
LINE
  8
0
 10
-7.6638
 20
-3.52565
 11
-7.6664
 21
-3.52782
  0
LINE
  8
0
 10
-7.6664
 20
-3.52782
 11
-7.6691
 21
-3.52985
  0
LINE
  8
0
 10
-7.6691
 20
-3.52985
 11
-7.67188
 21
-3.53178
  0
LINE
  8
0
 10
-7.67188
 20
-3.53178
 11
-7.67473
 21
-3.5336
  0
LINE
  8
0
 10
-7.67473
 20
-3.5336
 11
-7.67766
 21
-3.53528
  0
LINE
  8
0
 10
-7.67766
 20
-3.53528
 11
-7.68065
 21
-3.53685
  0
LINE
  8
0
 10
-7.68065
 20
-3.53685
 11
-7.6837
 21
-3.53828
  0
LINE
  8
0
 10
-7.6837
 20
-3.53828
 11
-7.68683
 21
-3.5396
  0
LINE
  8
0
 10
-7.68683
 20
-3.5396
 11
-7.68999
 21
-3.54077
  0
LINE
  8
0
 10
-7.68999
 20
-3.54077
 11
-7.69321
 21
-3.54182
  0
LINE
  8
0
 10
-7.69321
 20
-3.54182
 11
-7.69646
 21
-3.54272
  0
LINE
  8
0
 10
-7.69646
 20
-3.54272
 11
-7.69975
 21
-3.5435
  0
LINE
  8
0
 10
-7.69975
 20
-3.5435
 11
-7.70308
 21
-3.54414
  0
LINE
  8
0
 10
-7.70308
 20
-3.54414
 11
-7.70642
 21
-3.54463
  0
LINE
  8
0
 10
-7.70642
 20
-3.54463
 11
-7.70978
 21
-3.54498
  0
LINE
  8
0
 10
-7.70978
 20
-3.54498
 11
-7.71315
 21
-3.5452
  0
LINE
  8
0
 10
-7.71315
 20
-3.5452
 11
-7.71654
 21
-3.54527
  0
LINE
  8
0
 10
-7.71654
 20
-3.54527
 11
-7.71991
 21
-3.5452
  0
LINE
  8
0
 10
6.45331
 20
-3.5452
 11
6.44994
 21
-3.54498
  0
LINE
  8
0
 10
6.44994
 20
-3.54498
 11
6.44658
 21
-3.54463
  0
LINE
  8
0
 10
6.44658
 20
-3.54463
 11
6.44324
 21
-3.54414
  0
LINE
  8
0
 10
6.44324
 20
-3.54414
 11
6.43991
 21
-3.5435
  0
LINE
  8
0
 10
6.43991
 20
-3.5435
 11
6.43661
 21
-3.54272
  0
LINE
  8
0
 10
6.43661
 20
-3.54272
 11
6.43336
 21
-3.54182
  0
LINE
  8
0
 10
6.43336
 20
-3.54182
 11
6.43015
 21
-3.54077
  0
LINE
  8
0
 10
6.43015
 20
-3.54077
 11
6.42697
 21
-3.5396
  0
LINE
  8
0
 10
6.42697
 20
-3.5396
 11
6.42386
 21
-3.53828
  0
LINE
  8
0
 10
6.42386
 20
-3.53828
 11
6.42081
 21
-3.53685
  0
LINE
  8
0
 10
6.42081
 20
-3.53685
 11
6.4178
 21
-3.53528
  0
LINE
  8
0
 10
6.4178
 20
-3.53528
 11
6.41489
 21
-3.5336
  0
LINE
  8
0
 10
6.41489
 20
-3.5336
 11
6.41203
 21
-3.53178
  0
LINE
  8
0
 10
6.41203
 20
-3.53178
 11
6.40926
 21
-3.52985
  0
LINE
  8
0
 10
6.40926
 20
-3.52985
 11
6.40656
 21
-3.52782
  0
LINE
  8
0
 10
6.40656
 20
-3.52782
 11
6.40395
 21
-3.52565
  0
LINE
  8
0
 10
6.40395
 20
-3.52565
 11
6.40144
 21
-3.52339
  0
LINE
  8
0
 10
6.40144
 20
-3.52339
 11
6.39903
 21
-3.52103
  0
LINE
  8
0
 10
6.39903
 20
-3.52103
 11
6.39671
 21
-3.51857
  0
LINE
  8
0
 10
6.39671
 20
-3.51857
 11
6.3945
 21
-3.51601
  0
LINE
  8
0
 10
6.3945
 20
-3.51601
 11
6.39241
 21
-3.51335
  0
LINE
  8
0
 10
6.39241
 20
-3.51335
 11
6.39041
 21
-3.51062
  0
LINE
  8
0
 10
6.39041
 20
-3.51062
 11
6.38855
 21
-3.5078
  0
LINE
  8
0
 10
6.38855
 20
-3.5078
 11
6.3868
 21
-3.50491
  0
LINE
  8
0
 10
6.3868
 20
-3.50491
 11
6.38516
 21
-3.50195
  0
LINE
  8
0
 10
6.38516
 20
-3.50195
 11
6.38367
 21
-3.49892
  0
LINE
  8
0
 10
6.38367
 20
-3.49892
 11
6.38229
 21
-3.49583
  0
LINE
  8
0
 10
6.38229
 20
-3.49583
 11
6.38104
 21
-3.49269
  0
LINE
  8
0
 10
6.38104
 20
-3.49269
 11
6.37993
 21
-3.4895
  0
LINE
  8
0
 10
6.37993
 20
-3.4895
 11
6.37895
 21
-3.48627
  0
LINE
  8
0
 10
6.37895
 20
-3.48627
 11
6.37811
 21
-3.48299
  0
LINE
  8
0
 10
6.37811
 20
-3.48299
 11
6.37741
 21
-3.47968
  0
LINE
  8
0
 10
6.37741
 20
-3.47968
 11
6.37685
 21
-3.47635
  0
LINE
  8
0
 10
6.37685
 20
-3.47635
 11
6.37642
 21
-3.47299
  0
LINE
  8
0
 10
6.37642
 20
-3.47299
 11
6.37614
 21
-3.46962
  0
LINE
  8
0
 10
6.37614
 20
-3.46962
 11
6.37599
 21
-3.46625
  0
LINE
  8
0
 10
6.37599
 20
-3.46625
 11
6.37599
 21
-3.46288
  0
LINE
  8
0
 10
6.37599
 20
-3.46288
 11
6.37614
 21
-3.45949
  0
LINE
  8
0
 10
6.37614
 20
-3.45949
 11
6.37642
 21
-3.45612
  0
LINE
  8
0
 10
6.37642
 20
-3.45612
 11
6.37685
 21
-3.45277
  0
LINE
  8
0
 10
6.37685
 20
-3.45277
 11
6.37741
 21
-3.44943
  0
LINE
  8
0
 10
6.37741
 20
-3.44943
 11
6.37811
 21
-3.44614
  0
LINE
  8
0
 10
6.37811
 20
-3.44614
 11
6.37895
 21
-3.44286
  0
LINE
  8
0
 10
6.37895
 20
-3.44286
 11
6.37993
 21
-3.43962
  0
LINE
  8
0
 10
6.37993
 20
-3.43962
 11
6.38104
 21
-3.43643
  0
LINE
  8
0
 10
6.38104
 20
-3.43643
 11
6.38229
 21
-3.43329
  0
LINE
  8
0
 10
6.38229
 20
-3.43329
 11
6.38367
 21
-3.43019
  0
LINE
  8
0
 10
6.38367
 20
-3.43019
 11
6.38516
 21
-3.42717
  0
LINE
  8
0
 10
6.38516
 20
-3.42717
 11
6.3868
 21
-3.42421
  0
LINE
  8
0
 10
6.3868
 20
-3.42421
 11
6.38855
 21
-3.42131
  0
LINE
  8
0
 10
6.38855
 20
-3.42131
 11
6.39041
 21
-3.4185
  0
LINE
  8
0
 10
6.39041
 20
-3.4185
 11
6.39241
 21
-3.41576
  0
LINE
  8
0
 10
6.39241
 20
-3.41576
 11
6.3945
 21
-3.41312
  0
LINE
  8
0
 10
6.3945
 20
-3.41312
 11
6.39671
 21
-3.41055
  0
LINE
  8
0
 10
6.39671
 20
-3.41055
 11
6.39903
 21
-3.4081
  0
LINE
  8
0
 10
6.39903
 20
-3.4081
 11
6.40144
 21
-3.40573
  0
LINE
  8
0
 10
6.40144
 20
-3.40573
 11
6.40395
 21
-3.40346
  0
LINE
  8
0
 10
6.40395
 20
-3.40346
 11
6.40656
 21
-3.40131
  0
LINE
  8
0
 10
6.40656
 20
-3.40131
 11
6.40926
 21
-3.39926
  0
LINE
  8
0
 10
6.40926
 20
-3.39926
 11
6.41203
 21
-3.39734
  0
LINE
  8
0
 10
6.41203
 20
-3.39734
 11
6.41489
 21
-3.39552
  0
LINE
  8
0
 10
6.41489
 20
-3.39552
 11
6.4178
 21
-3.39383
  0
LINE
  8
0
 10
6.4178
 20
-3.39383
 11
6.42081
 21
-3.39227
  0
LINE
  8
0
 10
6.42081
 20
-3.39227
 11
6.42386
 21
-3.39082
  0
LINE
  8
0
 10
6.42386
 20
-3.39082
 11
6.42697
 21
-3.38951
  0
LINE
  8
0
 10
6.42697
 20
-3.38951
 11
6.43015
 21
-3.38834
  0
LINE
  8
0
 10
6.43015
 20
-3.38834
 11
6.43336
 21
-3.3873
  0
LINE
  8
0
 10
6.43336
 20
-3.3873
 11
6.43661
 21
-3.38638
  0
LINE
  8
0
 10
6.43661
 20
-3.38638
 11
6.43991
 21
-3.38562
  0
LINE
  8
0
 10
6.43991
 20
-3.38562
 11
6.44324
 21
-3.38498
  0
LINE
  8
0
 10
6.44324
 20
-3.38498
 11
6.44658
 21
-3.38449
  0
LINE
  8
0
 10
6.44658
 20
-3.38449
 11
6.44994
 21
-3.38414
  0
LINE
  8
0
 10
6.44994
 20
-3.38414
 11
6.45331
 21
-3.38393
  0
LINE
  8
0
 10
6.45331
 20
-3.38393
 11
6.4567
 21
-3.38385
  0
LINE
  8
0
 10
6.4567
 20
-3.38385
 11
6.46007
 21
-3.38393
  0
LINE
  8
0
 10
6.46007
 20
-3.38393
 11
6.46344
 21
-3.38414
  0
LINE
  8
0
 10
6.46344
 20
-3.38414
 11
6.4668
 21
-3.38449
  0
LINE
  8
0
 10
6.4668
 20
-3.38449
 11
6.47015
 21
-3.38498
  0
LINE
  8
0
 10
6.47015
 20
-3.38498
 11
6.47346
 21
-3.38562
  0
LINE
  8
0
 10
6.47346
 20
-3.38562
 11
6.47676
 21
-3.38638
  0
LINE
  8
0
 10
6.47676
 20
-3.38638
 11
6.48001
 21
-3.3873
  0
LINE
  8
0
 10
6.48001
 20
-3.3873
 11
6.48323
 21
-3.38834
  0
LINE
  8
0
 10
6.48323
 20
-3.38834
 11
6.4864
 21
-3.38951
  0
LINE
  8
0
 10
6.4864
 20
-3.38951
 11
6.48952
 21
-3.39082
  0
LINE
  8
0
 10
6.48952
 20
-3.39082
 11
6.49257
 21
-3.39227
  0
LINE
  8
0
 10
6.49257
 20
-3.39227
 11
6.49557
 21
-3.39383
  0
LINE
  8
0
 10
6.49557
 20
-3.39383
 11
6.4985
 21
-3.39552
  0
LINE
  8
0
 10
6.4985
 20
-3.39552
 11
6.50136
 21
-3.39734
  0
LINE
  8
0
 10
6.50136
 20
-3.39734
 11
6.50414
 21
-3.39926
  0
LINE
  8
0
 10
6.50414
 20
-3.39926
 11
6.50682
 21
-3.40131
  0
LINE
  8
0
 10
6.50682
 20
-3.40131
 11
6.50943
 21
-3.40346
  0
LINE
  8
0
 10
6.50943
 20
-3.40346
 11
6.51193
 21
-3.40573
  0
LINE
  8
0
 10
6.51193
 20
-3.40573
 11
6.51436
 21
-3.4081
  0
LINE
  8
0
 10
6.51436
 20
-3.4081
 11
6.51666
 21
-3.41055
  0
LINE
  8
0
 10
6.51666
 20
-3.41055
 11
6.51888
 21
-3.41312
  0
LINE
  8
0
 10
6.51888
 20
-3.41312
 11
6.52098
 21
-3.41576
  0
LINE
  8
0
 10
6.52098
 20
-3.41576
 11
6.52296
 21
-3.4185
  0
LINE
  8
0
 10
6.52296
 20
-3.4185
 11
6.52483
 21
-3.42131
  0
LINE
  8
0
 10
6.52483
 20
-3.42131
 11
6.52658
 21
-3.42421
  0
LINE
  8
0
 10
6.52658
 20
-3.42421
 11
6.52821
 21
-3.42717
  0
LINE
  8
0
 10
6.52821
 20
-3.42717
 11
6.52971
 21
-3.43019
  0
LINE
  8
0
 10
6.52971
 20
-3.43019
 11
6.5311
 21
-3.43329
  0
LINE
  8
0
 10
6.5311
 20
-3.43329
 11
6.53233
 21
-3.43643
  0
LINE
  8
0
 10
6.53233
 20
-3.43643
 11
6.53345
 21
-3.43962
  0
LINE
  8
0
 10
6.53345
 20
-3.43962
 11
6.53442
 21
-3.44286
  0
LINE
  8
0
 10
6.53442
 20
-3.44286
 11
6.53526
 21
-3.44614
  0
LINE
  8
0
 10
6.53526
 20
-3.44614
 11
6.53596
 21
-3.44943
  0
LINE
  8
0
 10
6.53596
 20
-3.44943
 11
6.53653
 21
-3.45277
  0
LINE
  8
0
 10
6.53653
 20
-3.45277
 11
6.53696
 21
-3.45612
  0
LINE
  8
0
 10
6.53696
 20
-3.45612
 11
6.53723
 21
-3.45949
  0
LINE
  8
0
 10
6.53723
 20
-3.45949
 11
6.53738
 21
-3.46288
  0
LINE
  8
0
 10
6.53738
 20
-3.46288
 11
6.53738
 21
-3.46625
  0
LINE
  8
0
 10
6.53738
 20
-3.46625
 11
6.53723
 21
-3.46962
  0
LINE
  8
0
 10
6.53723
 20
-3.46962
 11
6.53696
 21
-3.47299
  0
LINE
  8
0
 10
6.53696
 20
-3.47299
 11
6.53653
 21
-3.47635
  0
LINE
  8
0
 10
6.53653
 20
-3.47635
 11
6.53596
 21
-3.47968
  0
LINE
  8
0
 10
6.53596
 20
-3.47968
 11
6.53526
 21
-3.48299
  0
LINE
  8
0
 10
6.53526
 20
-3.48299
 11
6.53442
 21
-3.48627
  0
LINE
  8
0
 10
6.53442
 20
-3.48627
 11
6.53345
 21
-3.4895
  0
LINE
  8
0
 10
6.53345
 20
-3.4895
 11
6.53233
 21
-3.49269
  0
LINE
  8
0
 10
6.53233
 20
-3.49269
 11
6.5311
 21
-3.49583
  0
LINE
  8
0
 10
6.5311
 20
-3.49583
 11
6.52971
 21
-3.49892
  0
LINE
  8
0
 10
6.52971
 20
-3.49892
 11
6.52821
 21
-3.50195
  0
LINE
  8
0
 10
6.52821
 20
-3.50195
 11
6.52658
 21
-3.50491
  0
LINE
  8
0
 10
6.52658
 20
-3.50491
 11
6.52483
 21
-3.5078
  0
LINE
  8
0
 10
6.52483
 20
-3.5078
 11
6.52296
 21
-3.51062
  0
LINE
  8
0
 10
6.52296
 20
-3.51062
 11
6.52098
 21
-3.51335
  0
LINE
  8
0
 10
6.52098
 20
-3.51335
 11
6.51888
 21
-3.51601
  0
LINE
  8
0
 10
6.51888
 20
-3.51601
 11
6.51666
 21
-3.51857
  0
LINE
  8
0
 10
6.51666
 20
-3.51857
 11
6.51436
 21
-3.52103
  0
LINE
  8
0
 10
6.51436
 20
-3.52103
 11
6.51193
 21
-3.52339
  0
LINE
  8
0
 10
6.51193
 20
-3.52339
 11
6.50943
 21
-3.52565
  0
LINE
  8
0
 10
6.50943
 20
-3.52565
 11
6.50682
 21
-3.52782
  0
LINE
  8
0
 10
6.50682
 20
-3.52782
 11
6.50414
 21
-3.52985
  0
LINE
  8
0
 10
6.50414
 20
-3.52985
 11
6.50136
 21
-3.53178
  0
LINE
  8
0
 10
6.50136
 20
-3.53178
 11
6.4985
 21
-3.5336
  0
LINE
  8
0
 10
6.4985
 20
-3.5336
 11
6.49557
 21
-3.53528
  0
LINE
  8
0
 10
6.49557
 20
-3.53528
 11
6.49257
 21
-3.53685
  0
LINE
  8
0
 10
6.49257
 20
-3.53685
 11
6.48952
 21
-3.53828
  0
LINE
  8
0
 10
6.48952
 20
-3.53828
 11
6.4864
 21
-3.5396
  0
LINE
  8
0
 10
6.4864
 20
-3.5396
 11
6.48323
 21
-3.54077
  0
LINE
  8
0
 10
6.48323
 20
-3.54077
 11
6.48001
 21
-3.54182
  0
LINE
  8
0
 10
6.48001
 20
-3.54182
 11
6.47676
 21
-3.54272
  0
LINE
  8
0
 10
6.47676
 20
-3.54272
 11
6.47346
 21
-3.5435
  0
LINE
  8
0
 10
6.47346
 20
-3.5435
 11
6.47015
 21
-3.54414
  0
LINE
  8
0
 10
6.47015
 20
-3.54414
 11
6.4668
 21
-3.54463
  0
LINE
  8
0
 10
6.4668
 20
-3.54463
 11
6.46344
 21
-3.54498
  0
LINE
  8
0
 10
6.46344
 20
-3.54498
 11
6.46007
 21
-3.5452
  0
LINE
  8
0
 10
6.46007
 20
-3.5452
 11
6.4567
 21
-3.54527
  0
LINE
  8
0
 10
6.4567
 20
-3.54527
 11
6.45331
 21
-3.5452
  0
LINE
  8
0
 10
-6.46007
 20
-3.5452
 11
-6.46344
 21
-3.54498
  0
LINE
  8
0
 10
-6.46344
 20
-3.54498
 11
-6.4668
 21
-3.54463
  0
LINE
  8
0
 10
-6.4668
 20
-3.54463
 11
-6.47015
 21
-3.54414
  0
LINE
  8
0
 10
-6.47015
 20
-3.54414
 11
-6.47346
 21
-3.5435
  0
LINE
  8
0
 10
-6.47346
 20
-3.5435
 11
-6.47676
 21
-3.54272
  0
LINE
  8
0
 10
-6.47676
 20
-3.54272
 11
-6.48001
 21
-3.54182
  0
LINE
  8
0
 10
-6.48001
 20
-3.54182
 11
-6.48323
 21
-3.54077
  0
LINE
  8
0
 10
-6.48323
 20
-3.54077
 11
-6.4864
 21
-3.5396
  0
LINE
  8
0
 10
-6.4864
 20
-3.5396
 11
-6.48952
 21
-3.53828
  0
LINE
  8
0
 10
-6.48952
 20
-3.53828
 11
-6.49257
 21
-3.53685
  0
LINE
  8
0
 10
-6.49257
 20
-3.53685
 11
-6.49557
 21
-3.53528
  0
LINE
  8
0
 10
-6.49557
 20
-3.53528
 11
-6.4985
 21
-3.5336
  0
LINE
  8
0
 10
-6.4985
 20
-3.5336
 11
-6.50136
 21
-3.53178
  0
LINE
  8
0
 10
-6.50136
 20
-3.53178
 11
-6.50414
 21
-3.52985
  0
LINE
  8
0
 10
-6.50414
 20
-3.52985
 11
-6.50682
 21
-3.52782
  0
LINE
  8
0
 10
-6.50682
 20
-3.52782
 11
-6.50943
 21
-3.52565
  0
LINE
  8
0
 10
-6.50943
 20
-3.52565
 11
-6.51193
 21
-3.52339
  0
LINE
  8
0
 10
-6.51193
 20
-3.52339
 11
-6.51436
 21
-3.52103
  0
LINE
  8
0
 10
-6.51436
 20
-3.52103
 11
-6.51666
 21
-3.51857
  0
LINE
  8
0
 10
-6.51666
 20
-3.51857
 11
-6.51888
 21
-3.51601
  0
LINE
  8
0
 10
-6.51888
 20
-3.51601
 11
-6.52098
 21
-3.51335
  0
LINE
  8
0
 10
-6.52098
 20
-3.51335
 11
-6.52296
 21
-3.51062
  0
LINE
  8
0
 10
-6.52296
 20
-3.51062
 11
-6.52483
 21
-3.5078
  0
LINE
  8
0
 10
-6.52483
 20
-3.5078
 11
-6.52658
 21
-3.50491
  0
LINE
  8
0
 10
-6.52658
 20
-3.50491
 11
-6.52821
 21
-3.50195
  0
LINE
  8
0
 10
-6.52821
 20
-3.50195
 11
-6.52971
 21
-3.49892
  0
LINE
  8
0
 10
-6.52971
 20
-3.49892
 11
-6.5311
 21
-3.49583
  0
LINE
  8
0
 10
-6.5311
 20
-3.49583
 11
-6.53233
 21
-3.49269
  0
LINE
  8
0
 10
-6.53233
 20
-3.49269
 11
-6.53345
 21
-3.4895
  0
LINE
  8
0
 10
-6.53345
 20
-3.4895
 11
-6.53442
 21
-3.48627
  0
LINE
  8
0
 10
-6.53442
 20
-3.48627
 11
-6.53526
 21
-3.48299
  0
LINE
  8
0
 10
-6.53526
 20
-3.48299
 11
-6.53596
 21
-3.47968
  0
LINE
  8
0
 10
-6.53596
 20
-3.47968
 11
-6.53653
 21
-3.47635
  0
LINE
  8
0
 10
-6.53653
 20
-3.47635
 11
-6.53696
 21
-3.47299
  0
LINE
  8
0
 10
-6.53696
 20
-3.47299
 11
-6.53723
 21
-3.46962
  0
LINE
  8
0
 10
-6.53723
 20
-3.46962
 11
-6.53738
 21
-3.46625
  0
LINE
  8
0
 10
-6.53738
 20
-3.46625
 11
-6.53738
 21
-3.46288
  0
LINE
  8
0
 10
-6.53738
 20
-3.46288
 11
-6.53723
 21
-3.45949
  0
LINE
  8
0
 10
-6.53723
 20
-3.45949
 11
-6.53696
 21
-3.45612
  0
LINE
  8
0
 10
-6.53696
 20
-3.45612
 11
-6.53653
 21
-3.45277
  0
LINE
  8
0
 10
-6.53653
 20
-3.45277
 11
-6.53596
 21
-3.44943
  0
LINE
  8
0
 10
-6.53596
 20
-3.44943
 11
-6.53526
 21
-3.44614
  0
LINE
  8
0
 10
-6.53526
 20
-3.44614
 11
-6.53442
 21
-3.44286
  0
LINE
  8
0
 10
-6.53442
 20
-3.44286
 11
-6.53345
 21
-3.43962
  0
LINE
  8
0
 10
-6.53345
 20
-3.43962
 11
-6.53233
 21
-3.43643
  0
LINE
  8
0
 10
-6.53233
 20
-3.43643
 11
-6.5311
 21
-3.43329
  0
LINE
  8
0
 10
-6.5311
 20
-3.43329
 11
-6.52971
 21
-3.43019
  0
LINE
  8
0
 10
-6.52971
 20
-3.43019
 11
-6.52821
 21
-3.42717
  0
LINE
  8
0
 10
-6.52821
 20
-3.42717
 11
-6.52658
 21
-3.42421
  0
LINE
  8
0
 10
-6.52658
 20
-3.42421
 11
-6.52483
 21
-3.42131
  0
LINE
  8
0
 10
-6.52483
 20
-3.42131
 11
-6.52296
 21
-3.4185
  0
LINE
  8
0
 10
-6.52296
 20
-3.4185
 11
-6.52098
 21
-3.41576
  0
LINE
  8
0
 10
-6.52098
 20
-3.41576
 11
-6.51888
 21
-3.41312
  0
LINE
  8
0
 10
-6.51888
 20
-3.41312
 11
-6.51666
 21
-3.41055
  0
LINE
  8
0
 10
-6.51666
 20
-3.41055
 11
-6.51436
 21
-3.4081
  0
LINE
  8
0
 10
-6.51436
 20
-3.4081
 11
-6.51193
 21
-3.40573
  0
LINE
  8
0
 10
-6.51193
 20
-3.40573
 11
-6.50943
 21
-3.40346
  0
LINE
  8
0
 10
-6.50943
 20
-3.40346
 11
-6.50682
 21
-3.40131
  0
LINE
  8
0
 10
-6.50682
 20
-3.40131
 11
-6.50414
 21
-3.39926
  0
LINE
  8
0
 10
-6.50414
 20
-3.39926
 11
-6.50136
 21
-3.39734
  0
LINE
  8
0
 10
-6.50136
 20
-3.39734
 11
-6.4985
 21
-3.39552
  0
LINE
  8
0
 10
-6.4985
 20
-3.39552
 11
-6.49557
 21
-3.39383
  0
LINE
  8
0
 10
-6.49557
 20
-3.39383
 11
-6.49257
 21
-3.39227
  0
LINE
  8
0
 10
-6.49257
 20
-3.39227
 11
-6.48952
 21
-3.39082
  0
LINE
  8
0
 10
-6.48952
 20
-3.39082
 11
-6.4864
 21
-3.38951
  0
LINE
  8
0
 10
-6.4864
 20
-3.38951
 11
-6.48323
 21
-3.38834
  0
LINE
  8
0
 10
-6.48323
 20
-3.38834
 11
-6.48001
 21
-3.3873
  0
LINE
  8
0
 10
-6.48001
 20
-3.3873
 11
-6.47676
 21
-3.38638
  0
LINE
  8
0
 10
-6.47676
 20
-3.38638
 11
-6.47346
 21
-3.38562
  0
LINE
  8
0
 10
-6.47346
 20
-3.38562
 11
-6.47015
 21
-3.38498
  0
LINE
  8
0
 10
-6.47015
 20
-3.38498
 11
-6.4668
 21
-3.38449
  0
LINE
  8
0
 10
-6.4668
 20
-3.38449
 11
-6.46344
 21
-3.38414
  0
LINE
  8
0
 10
-6.46344
 20
-3.38414
 11
-6.46007
 21
-3.38393
  0
LINE
  8
0
 10
-6.46007
 20
-3.38393
 11
-6.4567
 21
-3.38385
  0
LINE
  8
0
 10
-6.4567
 20
-3.38385
 11
-6.45331
 21
-3.38393
  0
LINE
  8
0
 10
-6.45331
 20
-3.38393
 11
-6.44994
 21
-3.38414
  0
LINE
  8
0
 10
-6.44994
 20
-3.38414
 11
-6.44658
 21
-3.38449
  0
LINE
  8
0
 10
-6.44658
 20
-3.38449
 11
-6.44324
 21
-3.38498
  0
LINE
  8
0
 10
-6.44324
 20
-3.38498
 11
-6.43991
 21
-3.38562
  0
LINE
  8
0
 10
-6.43991
 20
-3.38562
 11
-6.43661
 21
-3.38638
  0
LINE
  8
0
 10
-6.43661
 20
-3.38638
 11
-6.43336
 21
-3.3873
  0
LINE
  8
0
 10
-6.43336
 20
-3.3873
 11
-6.43015
 21
-3.38834
  0
LINE
  8
0
 10
-6.43015
 20
-3.38834
 11
-6.42697
 21
-3.38951
  0
LINE
  8
0
 10
-6.42697
 20
-3.38951
 11
-6.42386
 21
-3.39082
  0
LINE
  8
0
 10
-6.42386
 20
-3.39082
 11
-6.42081
 21
-3.39227
  0
LINE
  8
0
 10
-6.42081
 20
-3.39227
 11
-6.4178
 21
-3.39383
  0
LINE
  8
0
 10
-6.4178
 20
-3.39383
 11
-6.41489
 21
-3.39552
  0
LINE
  8
0
 10
-6.41489
 20
-3.39552
 11
-6.41203
 21
-3.39734
  0
LINE
  8
0
 10
-6.41203
 20
-3.39734
 11
-6.40926
 21
-3.39926
  0
LINE
  8
0
 10
-6.40926
 20
-3.39926
 11
-6.40656
 21
-3.40131
  0
LINE
  8
0
 10
-6.40656
 20
-3.40131
 11
-6.40395
 21
-3.40346
  0
LINE
  8
0
 10
-6.40395
 20
-3.40346
 11
-6.40144
 21
-3.40573
  0
LINE
  8
0
 10
-6.40144
 20
-3.40573
 11
-6.39903
 21
-3.4081
  0
LINE
  8
0
 10
-6.39903
 20
-3.4081
 11
-6.39671
 21
-3.41055
  0
LINE
  8
0
 10
-6.39671
 20
-3.41055
 11
-6.3945
 21
-3.41312
  0
LINE
  8
0
 10
-6.3945
 20
-3.41312
 11
-6.39241
 21
-3.41576
  0
LINE
  8
0
 10
-6.39241
 20
-3.41576
 11
-6.39041
 21
-3.4185
  0
LINE
  8
0
 10
-6.39041
 20
-3.4185
 11
-6.38855
 21
-3.42131
  0
LINE
  8
0
 10
-6.38855
 20
-3.42131
 11
-6.3868
 21
-3.42421
  0
LINE
  8
0
 10
-6.3868
 20
-3.42421
 11
-6.38516
 21
-3.42717
  0
LINE
  8
0
 10
-6.38516
 20
-3.42717
 11
-6.38367
 21
-3.43019
  0
LINE
  8
0
 10
-6.38367
 20
-3.43019
 11
-6.38229
 21
-3.43329
  0
LINE
  8
0
 10
-6.38229
 20
-3.43329
 11
-6.38104
 21
-3.43643
  0
LINE
  8
0
 10
-6.38104
 20
-3.43643
 11
-6.37993
 21
-3.43962
  0
LINE
  8
0
 10
-6.37993
 20
-3.43962
 11
-6.37895
 21
-3.44286
  0
LINE
  8
0
 10
-6.37895
 20
-3.44286
 11
-6.37811
 21
-3.44614
  0
LINE
  8
0
 10
-6.37811
 20
-3.44614
 11
-6.37741
 21
-3.44943
  0
LINE
  8
0
 10
-6.37741
 20
-3.44943
 11
-6.37685
 21
-3.45277
  0
LINE
  8
0
 10
-6.37685
 20
-3.45277
 11
-6.37642
 21
-3.45612
  0
LINE
  8
0
 10
-6.37642
 20
-3.45612
 11
-6.37614
 21
-3.45949
  0
LINE
  8
0
 10
-6.37614
 20
-3.45949
 11
-6.37599
 21
-3.46288
  0
LINE
  8
0
 10
-6.37599
 20
-3.46288
 11
-6.37599
 21
-3.46625
  0
LINE
  8
0
 10
-6.37599
 20
-3.46625
 11
-6.37614
 21
-3.46962
  0
LINE
  8
0
 10
-6.37614
 20
-3.46962
 11
-6.37642
 21
-3.47299
  0
LINE
  8
0
 10
-6.37642
 20
-3.47299
 11
-6.37685
 21
-3.47635
  0
LINE
  8
0
 10
-6.37685
 20
-3.47635
 11
-6.37741
 21
-3.47968
  0
LINE
  8
0
 10
-6.37741
 20
-3.47968
 11
-6.37811
 21
-3.48299
  0
LINE
  8
0
 10
-6.37811
 20
-3.48299
 11
-6.37895
 21
-3.48627
  0
LINE
  8
0
 10
-6.37895
 20
-3.48627
 11
-6.37993
 21
-3.4895
  0
LINE
  8
0
 10
-6.37993
 20
-3.4895
 11
-6.38104
 21
-3.49269
  0
LINE
  8
0
 10
-6.38104
 20
-3.49269
 11
-6.38229
 21
-3.49583
  0
LINE
  8
0
 10
-6.38229
 20
-3.49583
 11
-6.38367
 21
-3.49892
  0
LINE
  8
0
 10
-6.38367
 20
-3.49892
 11
-6.38516
 21
-3.50195
  0
LINE
  8
0
 10
-6.38516
 20
-3.50195
 11
-6.3868
 21
-3.50491
  0
LINE
  8
0
 10
-6.3868
 20
-3.50491
 11
-6.38855
 21
-3.5078
  0
LINE
  8
0
 10
-6.38855
 20
-3.5078
 11
-6.39041
 21
-3.51062
  0
LINE
  8
0
 10
-6.39041
 20
-3.51062
 11
-6.39241
 21
-3.51335
  0
LINE
  8
0
 10
-6.39241
 20
-3.51335
 11
-6.3945
 21
-3.51601
  0
LINE
  8
0
 10
-6.3945
 20
-3.51601
 11
-6.39671
 21
-3.51857
  0
LINE
  8
0
 10
-6.39671
 20
-3.51857
 11
-6.39903
 21
-3.52103
  0
LINE
  8
0
 10
-6.39903
 20
-3.52103
 11
-6.40144
 21
-3.52339
  0
LINE
  8
0
 10
-6.40144
 20
-3.52339
 11
-6.40395
 21
-3.52565
  0
LINE
  8
0
 10
-6.40395
 20
-3.52565
 11
-6.40656
 21
-3.52782
  0
LINE
  8
0
 10
-6.40656
 20
-3.52782
 11
-6.40926
 21
-3.52985
  0
LINE
  8
0
 10
-6.40926
 20
-3.52985
 11
-6.41203
 21
-3.53178
  0
LINE
  8
0
 10
-6.41203
 20
-3.53178
 11
-6.41489
 21
-3.5336
  0
LINE
  8
0
 10
-6.41489
 20
-3.5336
 11
-6.4178
 21
-3.53528
  0
LINE
  8
0
 10
-6.4178
 20
-3.53528
 11
-6.42081
 21
-3.53685
  0
LINE
  8
0
 10
-6.42081
 20
-3.53685
 11
-6.42386
 21
-3.53828
  0
LINE
  8
0
 10
-6.42386
 20
-3.53828
 11
-6.42697
 21
-3.5396
  0
LINE
  8
0
 10
-6.42697
 20
-3.5396
 11
-6.43015
 21
-3.54077
  0
LINE
  8
0
 10
-6.43015
 20
-3.54077
 11
-6.43336
 21
-3.54182
  0
LINE
  8
0
 10
-6.43336
 20
-3.54182
 11
-6.43661
 21
-3.54272
  0
LINE
  8
0
 10
-6.43661
 20
-3.54272
 11
-6.43991
 21
-3.5435
  0
LINE
  8
0
 10
-6.43991
 20
-3.5435
 11
-6.44324
 21
-3.54414
  0
LINE
  8
0
 10
-6.44324
 20
-3.54414
 11
-6.44658
 21
-3.54463
  0
LINE
  8
0
 10
-6.44658
 20
-3.54463
 11
-6.44994
 21
-3.54498
  0
LINE
  8
0
 10
-6.44994
 20
-3.54498
 11
-6.45331
 21
-3.5452
  0
LINE
  8
0
 10
-6.45331
 20
-3.5452
 11
-6.4567
 21
-3.54527
  0
LINE
  8
0
 10
-6.4567
 20
-3.54527
 11
-6.46007
 21
-3.5452
  0
LINE
  8
0
 10
1.09999
 20
-5.77499
 11
1.09999
 21
-5.72499
  0
LINE
  8
0
 10
1.09999
 20
-5.72499
 11
1.89999
 21
-5.72499
  0
LINE
  8
0
 10
1.89999
 20
-5.72499
 11
1.89999
 21
-5.77499
  0
LINE
  8
0
 10
1.89999
 20
-5.77499
 11
1.09999
 21
-5.77499
  0
LINE
  8
0
 10
-1.89999
 20
-5.77499
 11
-1.89999
 21
-5.72499
  0
LINE
  8
0
 10
-1.89999
 20
-5.72499
 11
-1.09999
 21
-5.72499
  0
LINE
  8
0
 10
-1.09999
 20
-5.72499
 11
-1.09999
 21
-5.77499
  0
LINE
  8
0
 10
-1.09999
 20
-5.77499
 11
-1.89999
 21
-5.77499
  0
LINE
  8
0
 10
-3.39999
 20
-5.77499
 11
-3.39999
 21
-5.72499
  0
LINE
  8
0
 10
-3.39999
 20
-5.72499
 11
-2.59999
 21
-5.72499
  0
LINE
  8
0
 10
-2.59999
 20
-5.72499
 11
-2.59999
 21
-5.77499
  0
LINE
  8
0
 10
-2.59999
 20
-5.77499
 11
-3.39999
 21
-5.77499
  0
LINE
  8
0
 10
-0.399994
 20
-5.77499
 11
-0.399994
 21
-5.72499
  0
LINE
  8
0
 10
-0.399994
 20
-5.72499
 11
0.399994
 21
-5.72499
  0
LINE
  8
0
 10
0.399994
 20
-5.72499
 11
0.399994
 21
-5.77499
  0
LINE
  8
0
 10
0.399994
 20
-5.77499
 11
-0.399994
 21
-5.77499
  0
LINE
  8
0
 10
2.59999
 20
-5.77499
 11
2.59999
 21
-5.72499
  0
LINE
  8
0
 10
2.59999
 20
-5.72499
 11
3.39999
 21
-5.72499
  0
LINE
  8
0
 10
3.39999
 20
-5.72499
 11
3.39999
 21
-5.77499
  0
LINE
  8
0
 10
3.39999
 20
-5.77499
 11
2.59999
 21
-5.77499
  0
LINE
  8
0
 10
6.37851
 20
2.85471
 11
6.37943
 21
2.85797
  0
LINE
  8
0
 10
6.37943
 20
2.85797
 11
6.38046
 21
2.86118
  0
LINE
  8
0
 10
6.38046
 20
2.86118
 11
6.38164
 21
2.86435
  0
LINE
  8
0
 10
6.38164
 20
2.86435
 11
6.38295
 21
2.86746
  0
LINE
  8
0
 10
6.38295
 20
2.86746
 11
6.3844
 21
2.87053
  0
LINE
  8
0
 10
6.3844
 20
2.87053
 11
6.38596
 21
2.87352
  0
LINE
  8
0
 10
6.38596
 20
2.87352
 11
6.38765
 21
2.87645
  0
LINE
  8
0
 10
6.38765
 20
2.87645
 11
6.38947
 21
2.8793
  0
LINE
  8
0
 10
6.38947
 20
2.8793
 11
6.39041
 21
2.88071
  0
LINE
  8
0
 10
6.39041
 20
2.88071
 11
6.39081
 21
2.88123
  0
LINE
  8
0
 10
6.39081
 20
2.88123
 11
6.39139
 21
2.88208
  0
LINE
  8
0
 10
6.39139
 20
2.88208
 11
6.3945
 21
2.88608
  0
LINE
  8
0
 10
6.3945
 20
2.88608
 11
6.39558
 21
2.88737
  0
LINE
  8
0
 10
6.39558
 20
2.88737
 11
6.39786
 21
2.88989
  0
LINE
  8
0
 10
6.39786
 20
2.88989
 11
6.40144
 21
2.89348
  0
LINE
  8
0
 10
6.40144
 20
2.89348
 11
6.40395
 21
2.89574
  0
LINE
  8
0
 10
6.40395
 20
2.89574
 11
6.40656
 21
2.89789
  0
LINE
  8
0
 10
6.40656
 20
2.89789
 11
6.40788
 21
2.89893
  0
LINE
  8
0
 10
6.40788
 20
2.89893
 11
6.41203
 21
2.90186
  0
LINE
  8
0
 10
6.41203
 20
2.90186
 11
6.41344
 21
2.90279
  0
LINE
  8
0
 10
6.41344
 20
2.90279
 11
6.41634
 21
2.90454
  0
LINE
  8
0
 10
6.41634
 20
2.90454
 11
6.42081
 21
2.90694
  0
LINE
  8
0
 10
6.42081
 20
2.90694
 11
6.42386
 21
2.90837
  0
LINE
  8
0
 10
6.42386
 20
2.90837
 11
6.42697
 21
2.90968
  0
LINE
  8
0
 10
6.42697
 20
2.90968
 11
6.43015
 21
2.91086
  0
LINE
  8
0
 10
6.43015
 20
2.91086
 11
6.43498
 21
2.91237
  0
LINE
  8
0
 10
6.43498
 20
2.91237
 11
6.43991
 21
2.91359
  0
LINE
  8
0
 10
6.43991
 20
2.91359
 11
6.4449
 21
2.91447
  0
LINE
  8
0
 10
6.4449
 20
2.91447
 11
6.44824
 21
2.9149
  0
LINE
  8
0
 10
6.44824
 20
2.9149
 11
6.44994
 21
2.91507
  0
LINE
  8
0
 10
6.44994
 20
2.91507
 11
6.45331
 21
2.91528
  0
LINE
  8
0
 10
6.45331
 20
2.91528
 11
6.4567
 21
2.91534
  0
LINE
  8
0
 10
6.4567
 20
2.91534
 11
6.46007
 21
2.91528
  0
LINE
  8
0
 10
6.46007
 20
2.91528
 11
6.46344
 21
2.91507
  0
LINE
  8
0
 10
6.46344
 20
2.91507
 11
6.46848
 21
2.91447
  0
LINE
  8
0
 10
6.46848
 20
2.91447
 11
6.47015
 21
2.91422
  0
LINE
  8
0
 10
6.47015
 20
2.91422
 11
6.47346
 21
2.91359
  0
LINE
  8
0
 10
6.47346
 20
2.91359
 11
6.47676
 21
2.91281
  0
LINE
  8
0
 10
6.47676
 20
2.91281
 11
6.48001
 21
2.9119
  0
LINE
  8
0
 10
6.48001
 20
2.9119
 11
6.48323
 21
2.91086
  0
LINE
  8
0
 10
6.48323
 20
2.91086
 11
6.4864
 21
2.90968
  0
LINE
  8
0
 10
6.4864
 20
2.90968
 11
6.48952
 21
2.90837
  0
LINE
  8
0
 10
6.48952
 20
2.90837
 11
6.49257
 21
2.90694
  0
LINE
  8
0
 10
6.49257
 20
2.90694
 11
6.49557
 21
2.90536
  0
LINE
  8
0
 10
6.49557
 20
2.90536
 11
6.4985
 21
2.90367
  0
LINE
  8
0
 10
6.4985
 20
2.90367
 11
6.50136
 21
2.90186
  0
LINE
  8
0
 10
6.50136
 20
2.90186
 11
6.50414
 21
2.89993
  0
LINE
  8
0
 10
6.50414
 20
2.89993
 11
6.50682
 21
2.89789
  0
LINE
  8
0
 10
6.50682
 20
2.89789
 11
6.50943
 21
2.89574
  0
LINE
  8
0
 10
6.50943
 20
2.89574
 11
6.51193
 21
2.89348
  0
LINE
  8
0
 10
6.51193
 20
2.89348
 11
6.51436
 21
2.89111
  0
LINE
  8
0
 10
6.51436
 20
2.89111
 11
6.51666
 21
2.88864
  0
LINE
  8
0
 10
6.51666
 20
2.88864
 11
6.51888
 21
2.88608
  0
LINE
  8
0
 10
6.51888
 20
2.88608
 11
6.51994
 21
2.88477
  0
LINE
  8
0
 10
6.51994
 20
2.88477
 11
6.52036
 21
2.8842
  0
LINE
  8
0
 10
6.52036
 20
2.8842
 11
6.52098
 21
2.88344
  0
LINE
  8
0
 10
6.52098
 20
2.88344
 11
6.52296
 21
2.88071
  0
LINE
  8
0
 10
6.52296
 20
2.88071
 11
6.52483
 21
2.87788
  0
LINE
  8
0
 10
6.52483
 20
2.87788
 11
6.52573
 21
2.87645
  0
LINE
  8
0
 10
6.52573
 20
2.87645
 11
6.52821
 21
2.87202
  0
LINE
  8
0
 10
6.52821
 20
2.87202
 11
6.52971
 21
2.869
  0
LINE
  8
0
 10
6.52971
 20
2.869
 11
6.5311
 21
2.86592
  0
LINE
  8
0
 10
6.5311
 20
2.86592
 11
6.53233
 21
2.86278
  0
LINE
  8
0
 10
6.53233
 20
2.86278
 11
6.53345
 21
2.85957
  0
LINE
  8
0
 10
6.53345
 20
2.85957
 11
6.53442
 21
2.85634
  0
LINE
  8
0
 10
6.53442
 20
2.85634
 11
6.53526
 21
2.85307
  0
LINE
  8
0
 10
6.53526
 20
2.85307
 11
6.53596
 21
2.84976
  0
LINE
  8
0
 10
6.53596
 20
2.84976
 11
6.53653
 21
2.84644
  0
LINE
  8
0
 10
6.53653
 20
2.84644
 11
6.53696
 21
2.84308
  0
LINE
  8
0
 10
6.53696
 20
2.84308
 11
6.53723
 21
2.83971
  0
LINE
  8
0
 10
6.53723
 20
2.83971
 11
6.53738
 21
2.83633
  0
LINE
  8
0
 10
6.53738
 20
2.83633
 11
6.53738
 21
2.83295
  0
LINE
  8
0
 10
6.53738
 20
2.83295
 11
6.53723
 21
2.82957
  0
LINE
  8
0
 10
6.53723
 20
2.82957
 11
6.53696
 21
2.8262
  0
LINE
  8
0
 10
6.53696
 20
2.8262
 11
6.53653
 21
2.82285
  0
LINE
  8
0
 10
6.53653
 20
2.82285
 11
6.53627
 21
2.82118
  0
LINE
  8
0
 10
6.53627
 20
2.82118
 11
6.53563
 21
2.81786
  0
LINE
  8
0
 10
6.53563
 20
2.81786
 11
6.53526
 21
2.81621
  0
LINE
  8
0
 10
6.53526
 20
2.81621
 11
6.53442
 21
2.81293
  0
LINE
  8
0
 10
6.53442
 20
2.81293
 11
6.53345
 21
2.80969
  0
LINE
  8
0
 10
6.53345
 20
2.80969
 11
6.53233
 21
2.8065
  0
LINE
  8
0
 10
6.53233
 20
2.8065
 11
6.5311
 21
2.80336
  0
LINE
  8
0
 10
6.5311
 20
2.80336
 11
6.52898
 21
2.79875
  0
LINE
  8
0
 10
6.52898
 20
2.79875
 11
6.52821
 21
2.79724
  0
LINE
  8
0
 10
6.52821
 20
2.79724
 11
6.52658
 21
2.79428
  0
LINE
  8
0
 10
6.52658
 20
2.79428
 11
6.52483
 21
2.7914
  0
LINE
  8
0
 10
6.52483
 20
2.7914
 11
6.52296
 21
2.78857
  0
LINE
  8
0
 10
6.52296
 20
2.78857
 11
6.52098
 21
2.78584
  0
LINE
  8
0
 10
6.52098
 20
2.78584
 11
6.51888
 21
2.78319
  0
LINE
  8
0
 10
6.51888
 20
2.78319
 11
6.51666
 21
2.78064
  0
LINE
  8
0
 10
6.51666
 20
2.78064
 11
6.51436
 21
2.77817
  0
LINE
  8
0
 10
6.51436
 20
2.77817
 11
6.51193
 21
2.7758
  0
LINE
  8
0
 10
6.51193
 20
2.7758
 11
6.50943
 21
2.77354
  0
LINE
  8
0
 10
6.50943
 20
2.77354
 11
6.50682
 21
2.77139
  0
LINE
  8
0
 10
6.50682
 20
2.77139
 11
6.50414
 21
2.76935
  0
LINE
  8
0
 10
6.50414
 20
2.76935
 11
6.50136
 21
2.76741
  0
LINE
  8
0
 10
6.50136
 20
2.76741
 11
6.4985
 21
2.76561
  0
LINE
  8
0
 10
6.4985
 20
2.76561
 11
6.49557
 21
2.76392
  0
LINE
  8
0
 10
6.49557
 20
2.76392
 11
6.49408
 21
2.76311
  0
LINE
  8
0
 10
6.49408
 20
2.76311
 11
6.48952
 21
2.76091
  0
LINE
  8
0
 10
6.48952
 20
2.76091
 11
6.4864
 21
2.7596
  0
LINE
  8
0
 10
6.4864
 20
2.7596
 11
6.48323
 21
2.75842
  0
LINE
  8
0
 10
6.48323
 20
2.75842
 11
6.48001
 21
2.75737
  0
LINE
  8
0
 10
6.48001
 20
2.75737
 11
6.47676
 21
2.75647
  0
LINE
  8
0
 10
6.47676
 20
2.75647
 11
6.47511
 21
2.75606
  0
LINE
  8
0
 10
6.47511
 20
2.75606
 11
6.4718
 21
2.75536
  0
LINE
  8
0
 10
6.4718
 20
2.75536
 11
6.46848
 21
2.75479
  0
LINE
  8
0
 10
6.46848
 20
2.75479
 11
6.46512
 21
2.75438
  0
LINE
  8
0
 10
6.46512
 20
2.75438
 11
6.46175
 21
2.75409
  0
LINE
  8
0
 10
6.46175
 20
2.75409
 11
6.46007
 21
2.754
  0
LINE
  8
0
 10
6.46007
 20
2.754
 11
6.4567
 21
2.75392
  0
LINE
  8
0
 10
6.4567
 20
2.75392
 11
6.45331
 21
2.754
  0
LINE
  8
0
 10
6.45331
 20
2.754
 11
6.44994
 21
2.75421
  0
LINE
  8
0
 10
6.44994
 20
2.75421
 11
6.44658
 21
2.75456
  0
LINE
  8
0
 10
6.44658
 20
2.75456
 11
6.4449
 21
2.75479
  0
LINE
  8
0
 10
6.4449
 20
2.75479
 11
6.44156
 21
2.75536
  0
LINE
  8
0
 10
6.44156
 20
2.75536
 11
6.43826
 21
2.75606
  0
LINE
  8
0
 10
6.43826
 20
2.75606
 11
6.43498
 21
2.7569
  0
LINE
  8
0
 10
6.43498
 20
2.7569
 11
6.43175
 21
2.75787
  0
LINE
  8
0
 10
6.43175
 20
2.75787
 11
6.42856
 21
2.75899
  0
LINE
  8
0
 10
6.42856
 20
2.75899
 11
6.42386
 21
2.76091
  0
LINE
  8
0
 10
6.42386
 20
2.76091
 11
6.4193
 21
2.76311
  0
LINE
  8
0
 10
6.4193
 20
2.76311
 11
6.41634
 21
2.76474
  0
LINE
  8
0
 10
6.41634
 20
2.76474
 11
6.41344
 21
2.76649
  0
LINE
  8
0
 10
6.41344
 20
2.76649
 11
6.41063
 21
2.76837
  0
LINE
  8
0
 10
6.41063
 20
2.76837
 11
6.40788
 21
2.77036
  0
LINE
  8
0
 10
6.40788
 20
2.77036
 11
6.40524
 21
2.77245
  0
LINE
  8
0
 10
6.40524
 20
2.77245
 11
6.40268
 21
2.77466
  0
LINE
  8
0
 10
6.40268
 20
2.77466
 11
6.40022
 21
2.77698
  0
LINE
  8
0
 10
6.40022
 20
2.77698
 11
6.39671
 21
2.78064
  0
LINE
  8
0
 10
6.39671
 20
2.78064
 11
6.39558
 21
2.78191
  0
LINE
  8
0
 10
6.39558
 20
2.78191
 11
6.39343
 21
2.7845
  0
LINE
  8
0
 10
6.39343
 20
2.7845
 11
6.39139
 21
2.7872
  0
LINE
  8
0
 10
6.39139
 20
2.7872
 11
6.38947
 21
2.78998
  0
LINE
  8
0
 10
6.38947
 20
2.78998
 11
6.38765
 21
2.79283
  0
LINE
  8
0
 10
6.38765
 20
2.79283
 11
6.38596
 21
2.79576
  0
LINE
  8
0
 10
6.38596
 20
2.79576
 11
6.38367
 21
2.80028
  0
LINE
  8
0
 10
6.38367
 20
2.80028
 11
6.38295
 21
2.80182
  0
LINE
  8
0
 10
6.38295
 20
2.80182
 11
6.38164
 21
2.80493
  0
LINE
  8
0
 10
6.38164
 20
2.80493
 11
6.38046
 21
2.80809
  0
LINE
  8
0
 10
6.38046
 20
2.80809
 11
6.37943
 21
2.81131
  0
LINE
  8
0
 10
6.37943
 20
2.81131
 11
6.37851
 21
2.81456
  0
LINE
  8
0
 10
6.37851
 20
2.81456
 11
6.37775
 21
2.81786
  0
LINE
  8
0
 10
6.37775
 20
2.81786
 11
6.37711
 21
2.82118
  0
LINE
  8
0
 10
6.37711
 20
2.82118
 11
6.37662
 21
2.82452
  0
LINE
  8
0
 10
6.37662
 20
2.82452
 11
6.37627
 21
2.82788
  0
LINE
  8
0
 10
6.37627
 20
2.82788
 11
6.37605
 21
2.83125
  0
LINE
  8
0
 10
6.37605
 20
2.83125
 11
6.37598
 21
2.83464
  0
LINE
  8
0
 10
6.37598
 20
2.83464
 11
6.37614
 21
2.83971
  0
LINE
  8
0
 10
6.37614
 20
2.83971
 11
6.37642
 21
2.84308
  0
LINE
  8
0
 10
6.37642
 20
2.84308
 11
6.37685
 21
2.84644
  0
LINE
  8
0
 10
6.37685
 20
2.84644
 11
6.37711
 21
2.8481
  0
LINE
  8
0
 10
6.37711
 20
2.8481
 11
6.37811
 21
2.85307
  0
LINE
  8
0
 10
6.37811
 20
2.85307
 11
6.37851
 21
2.85471
  0
LINE
  8
0
 10
-1.10405
 20
2.75395
 11
-1.10742
 21
2.75409
  0
LINE
  8
0
 10
-1.10742
 20
2.75409
 11
-1.11079
 21
2.75438
  0
LINE
  8
0
 10
-1.11079
 20
2.75438
 11
-1.11415
 21
2.75479
  0
LINE
  8
0
 10
-1.11415
 20
2.75479
 11
-1.11748
 21
2.75536
  0
LINE
  8
0
 10
-1.11748
 20
2.75536
 11
-1.12079
 21
2.75606
  0
LINE
  8
0
 10
-1.12079
 20
2.75606
 11
-1.12405
 21
2.7569
  0
LINE
  8
0
 10
-1.12405
 20
2.7569
 11
-1.12729
 21
2.75787
  0
LINE
  8
0
 10
-1.12729
 20
2.75787
 11
-1.13049
 21
2.75899
  0
LINE
  8
0
 10
-1.13049
 20
2.75899
 11
-1.13364
 21
2.76024
  0
LINE
  8
0
 10
-1.13364
 20
2.76024
 11
-1.13672
 21
2.76161
  0
LINE
  8
0
 10
-1.13672
 20
2.76161
 11
-1.13974
 21
2.76311
  0
LINE
  8
0
 10
-1.13974
 20
2.76311
 11
-1.14272
 21
2.76474
  0
LINE
  8
0
 10
-1.14272
 20
2.76474
 11
-1.1456
 21
2.76649
  0
LINE
  8
0
 10
-1.1456
 20
2.76649
 11
-1.14842
 21
2.76837
  0
LINE
  8
0
 10
-1.14842
 20
2.76837
 11
-1.15115
 21
2.77036
  0
LINE
  8
0
 10
-1.15115
 20
2.77036
 11
-1.15381
 21
2.77245
  0
LINE
  8
0
 10
-1.15381
 20
2.77245
 11
-1.15636
 21
2.77466
  0
LINE
  8
0
 10
-1.15636
 20
2.77466
 11
-1.15883
 21
2.77698
  0
LINE
  8
0
 10
-1.15883
 20
2.77698
 11
-1.16119
 21
2.77939
  0
LINE
  8
0
 10
-1.16119
 20
2.77939
 11
-1.16345
 21
2.78191
  0
LINE
  8
0
 10
-1.16345
 20
2.78191
 11
-1.1656
 21
2.7845
  0
LINE
  8
0
 10
-1.1656
 20
2.7845
 11
-1.16765
 21
2.7872
  0
LINE
  8
0
 10
-1.16765
 20
2.7872
 11
-1.16959
 21
2.78998
  0
LINE
  8
0
 10
-1.16959
 20
2.78998
 11
-1.17139
 21
2.79283
  0
LINE
  8
0
 10
-1.17139
 20
2.79283
 11
-1.17308
 21
2.79576
  0
LINE
  8
0
 10
-1.17308
 20
2.79576
 11
-1.17465
 21
2.79875
  0
LINE
  8
0
 10
-1.17465
 20
2.79875
 11
-1.17609
 21
2.80182
  0
LINE
  8
0
 10
-1.17609
 20
2.80182
 11
-1.1774
 21
2.80493
  0
LINE
  8
0
 10
-1.1774
 20
2.80493
 11
-1.17857
 21
2.80809
  0
LINE
  8
0
 10
-1.17857
 20
2.80809
 11
-1.17963
 21
2.81131
  0
LINE
  8
0
 10
-1.17963
 20
2.81131
 11
-1.18053
 21
2.81456
  0
LINE
  8
0
 10
-1.18053
 20
2.81456
 11
-1.1813
 21
2.81786
  0
LINE
  8
0
 10
-1.1813
 20
2.81786
 11
-1.18193
 21
2.82118
  0
LINE
  8
0
 10
-1.18193
 20
2.82118
 11
-1.18243
 21
2.82452
  0
LINE
  8
0
 10
-1.18243
 20
2.82452
 11
-1.18279
 21
2.82788
  0
LINE
  8
0
 10
-1.18279
 20
2.82788
 11
-1.183
 21
2.83125
  0
LINE
  8
0
 10
-1.183
 20
2.83125
 11
-1.18306
 21
2.83464
  0
LINE
  8
0
 10
-1.18306
 20
2.83464
 11
-1.183
 21
2.83801
  0
LINE
  8
0
 10
-1.183
 20
2.83801
 11
-1.18279
 21
2.84138
  0
LINE
  8
0
 10
-1.18279
 20
2.84138
 11
-1.18243
 21
2.84476
  0
LINE
  8
0
 10
-1.18243
 20
2.84476
 11
-1.18193
 21
2.8481
  0
LINE
  8
0
 10
-1.18193
 20
2.8481
 11
-1.1813
 21
2.85143
  0
LINE
  8
0
 10
-1.1813
 20
2.85143
 11
-1.18053
 21
2.85471
  0
LINE
  8
0
 10
-1.18053
 20
2.85471
 11
-1.17963
 21
2.85797
  0
LINE
  8
0
 10
-1.17963
 20
2.85797
 11
-1.17857
 21
2.86118
  0
LINE
  8
0
 10
-1.17857
 20
2.86118
 11
-1.1774
 21
2.86435
  0
LINE
  8
0
 10
-1.1774
 20
2.86435
 11
-1.17609
 21
2.86746
  0
LINE
  8
0
 10
-1.17609
 20
2.86746
 11
-1.17465
 21
2.87053
  0
LINE
  8
0
 10
-1.17465
 20
2.87053
 11
-1.17308
 21
2.87352
  0
LINE
  8
0
 10
-1.17308
 20
2.87352
 11
-1.17139
 21
2.87645
  0
LINE
  8
0
 10
-1.17139
 20
2.87645
 11
-1.16959
 21
2.8793
  0
LINE
  8
0
 10
-1.16959
 20
2.8793
 11
-1.16765
 21
2.88208
  0
LINE
  8
0
 10
-1.16765
 20
2.88208
 11
-1.1656
 21
2.88477
  0
LINE
  8
0
 10
-1.1656
 20
2.88477
 11
-1.16345
 21
2.88737
  0
LINE
  8
0
 10
-1.16345
 20
2.88737
 11
-1.16119
 21
2.88989
  0
LINE
  8
0
 10
-1.16119
 20
2.88989
 11
-1.15883
 21
2.8923
  0
LINE
  8
0
 10
-1.15883
 20
2.8923
 11
-1.15636
 21
2.89462
  0
LINE
  8
0
 10
-1.15636
 20
2.89462
 11
-1.15381
 21
2.89682
  0
LINE
  8
0
 10
-1.15381
 20
2.89682
 11
-1.15115
 21
2.89893
  0
LINE
  8
0
 10
-1.15115
 20
2.89893
 11
-1.14842
 21
2.90091
  0
LINE
  8
0
 10
-1.14842
 20
2.90091
 11
-1.1456
 21
2.90279
  0
LINE
  8
0
 10
-1.1456
 20
2.90279
 11
-1.14272
 21
2.90454
  0
LINE
  8
0
 10
-1.14272
 20
2.90454
 11
-1.13974
 21
2.90616
  0
LINE
  8
0
 10
-1.13974
 20
2.90616
 11
-1.13672
 21
2.90767
  0
LINE
  8
0
 10
-1.13672
 20
2.90767
 11
-1.13364
 21
2.90904
  0
LINE
  8
0
 10
-1.13364
 20
2.90904
 11
-1.13049
 21
2.91028
  0
LINE
  8
0
 10
-1.13049
 20
2.91028
 11
-1.12729
 21
2.91139
  0
LINE
  8
0
 10
-1.12729
 20
2.91139
 11
-1.12405
 21
2.91237
  0
LINE
  8
0
 10
-1.12405
 20
2.91237
 11
-1.12079
 21
2.91321
  0
LINE
  8
0
 10
-1.12079
 20
2.91321
 11
-1.11748
 21
2.91391
  0
LINE
  8
0
 10
-1.11748
 20
2.91391
 11
-1.11415
 21
2.91447
  0
LINE
  8
0
 10
-1.11415
 20
2.91447
 11
-1.11079
 21
2.9149
  0
LINE
  8
0
 10
-1.11079
 20
2.9149
 11
-1.10742
 21
2.91519
  0
LINE
  8
0
 10
-1.10742
 20
2.91519
 11
-1.10405
 21
2.91533
  0
LINE
  8
0
 10
-1.10405
 20
2.91533
 11
-1.10066
 21
2.91533
  0
LINE
  8
0
 10
-1.10066
 20
2.91533
 11
-1.09729
 21
2.91519
  0
LINE
  8
0
 10
-1.09729
 20
2.91519
 11
-1.09392
 21
2.9149
  0
LINE
  8
0
 10
-1.09392
 20
2.9149
 11
-1.09056
 21
2.91447
  0
LINE
  8
0
 10
-1.09056
 20
2.91447
 11
-1.08723
 21
2.91391
  0
LINE
  8
0
 10
-1.08723
 20
2.91391
 11
-1.08392
 21
2.91321
  0
LINE
  8
0
 10
-1.08392
 20
2.91321
 11
-1.08066
 21
2.91237
  0
LINE
  8
0
 10
-1.08066
 20
2.91237
 11
-1.07741
 21
2.91139
  0
LINE
  8
0
 10
-1.07741
 20
2.91139
 11
-1.07422
 21
2.91028
  0
LINE
  8
0
 10
-1.07422
 20
2.91028
 11
-1.07108
 21
2.90904
  0
LINE
  8
0
 10
-1.07108
 20
2.90904
 11
-1.06799
 21
2.90767
  0
LINE
  8
0
 10
-1.06799
 20
2.90767
 11
-1.06496
 21
2.90616
  0
LINE
  8
0
 10
-1.06496
 20
2.90616
 11
-1.062
 21
2.90454
  0
LINE
  8
0
 10
-1.062
 20
2.90454
 11
-1.05911
 21
2.90279
  0
LINE
  8
0
 10
-1.05911
 20
2.90279
 11
-1.05629
 21
2.90091
  0
LINE
  8
0
 10
-1.05629
 20
2.90091
 11
-1.05356
 21
2.89893
  0
LINE
  8
0
 10
-1.05356
 20
2.89893
 11
-1.0509
 21
2.89682
  0
LINE
  8
0
 10
-1.0509
 20
2.89682
 11
-1.04836
 21
2.89462
  0
LINE
  8
0
 10
-1.04836
 20
2.89462
 11
-1.04588
 21
2.8923
  0
LINE
  8
0
 10
-1.04588
 20
2.8923
 11
-1.04352
 21
2.88989
  0
LINE
  8
0
 10
-1.04352
 20
2.88989
 11
-1.04126
 21
2.88737
  0
LINE
  8
0
 10
-1.04126
 20
2.88737
 11
-1.03911
 21
2.88477
  0
LINE
  8
0
 10
-1.03911
 20
2.88477
 11
-1.03706
 21
2.88208
  0
LINE
  8
0
 10
-1.03706
 20
2.88208
 11
-1.03513
 21
2.8793
  0
LINE
  8
0
 10
-1.03513
 20
2.8793
 11
-1.03333
 21
2.87645
  0
LINE
  8
0
 10
-1.03333
 20
2.87645
 11
-1.03163
 21
2.87352
  0
LINE
  8
0
 10
-1.03163
 20
2.87352
 11
-1.03006
 21
2.87053
  0
LINE
  8
0
 10
-1.03006
 20
2.87053
 11
-1.02863
 21
2.86746
  0
LINE
  8
0
 10
-1.02863
 20
2.86746
 11
-1.02731
 21
2.86435
  0
LINE
  8
0
 10
-1.02731
 20
2.86435
 11
-1.02614
 21
2.86118
  0
LINE
  8
0
 10
-1.02614
 20
2.86118
 11
-1.02509
 21
2.85797
  0
LINE
  8
0
 10
-1.02509
 20
2.85797
 11
-1.02419
 21
2.85471
  0
LINE
  8
0
 10
-1.02419
 20
2.85471
 11
-1.02341
 21
2.85143
  0
LINE
  8
0
 10
-1.02341
 20
2.85143
 11
-1.02278
 21
2.8481
  0
LINE
  8
0
 10
-1.02278
 20
2.8481
 11
-1.02228
 21
2.84476
  0
LINE
  8
0
 10
-1.02228
 20
2.84476
 11
-1.02193
 21
2.84138
  0
LINE
  8
0
 10
-1.02193
 20
2.84138
 11
-1.02171
 21
2.83801
  0
LINE
  8
0
 10
-1.02171
 20
2.83801
 11
-1.02165
 21
2.83464
  0
LINE
  8
0
 10
-1.02165
 20
2.83464
 11
-1.02171
 21
2.83125
  0
LINE
  8
0
 10
-1.02171
 20
2.83125
 11
-1.02193
 21
2.82788
  0
LINE
  8
0
 10
-1.02193
 20
2.82788
 11
-1.02228
 21
2.82452
  0
LINE
  8
0
 10
-1.02228
 20
2.82452
 11
-1.02278
 21
2.82118
  0
LINE
  8
0
 10
-1.02278
 20
2.82118
 11
-1.02341
 21
2.81786
  0
LINE
  8
0
 10
-1.02341
 20
2.81786
 11
-1.02419
 21
2.81456
  0
LINE
  8
0
 10
-1.02419
 20
2.81456
 11
-1.02509
 21
2.81131
  0
LINE
  8
0
 10
-1.02509
 20
2.81131
 11
-1.02614
 21
2.80809
  0
LINE
  8
0
 10
-1.02614
 20
2.80809
 11
-1.02731
 21
2.80493
  0
LINE
  8
0
 10
-1.02731
 20
2.80493
 11
-1.02863
 21
2.80182
  0
LINE
  8
0
 10
-1.02863
 20
2.80182
 11
-1.03006
 21
2.79875
  0
LINE
  8
0
 10
-1.03006
 20
2.79875
 11
-1.03163
 21
2.79576
  0
LINE
  8
0
 10
-1.03163
 20
2.79576
 11
-1.03333
 21
2.79283
  0
LINE
  8
0
 10
-1.03333
 20
2.79283
 11
-1.03513
 21
2.78998
  0
LINE
  8
0
 10
-1.03513
 20
2.78998
 11
-1.03706
 21
2.7872
  0
LINE
  8
0
 10
-1.03706
 20
2.7872
 11
-1.03911
 21
2.7845
  0
LINE
  8
0
 10
-1.03911
 20
2.7845
 11
-1.04126
 21
2.78191
  0
LINE
  8
0
 10
-1.04126
 20
2.78191
 11
-1.04352
 21
2.77939
  0
LINE
  8
0
 10
-1.04352
 20
2.77939
 11
-1.04588
 21
2.77698
  0
LINE
  8
0
 10
-1.04588
 20
2.77698
 11
-1.04836
 21
2.77466
  0
LINE
  8
0
 10
-1.04836
 20
2.77466
 11
-1.0509
 21
2.77245
  0
LINE
  8
0
 10
-1.0509
 20
2.77245
 11
-1.05356
 21
2.77036
  0
LINE
  8
0
 10
-1.05356
 20
2.77036
 11
-1.05629
 21
2.76837
  0
LINE
  8
0
 10
-1.05629
 20
2.76837
 11
-1.05911
 21
2.76649
  0
LINE
  8
0
 10
-1.05911
 20
2.76649
 11
-1.062
 21
2.76474
  0
LINE
  8
0
 10
-1.062
 20
2.76474
 11
-1.06496
 21
2.76311
  0
LINE
  8
0
 10
-1.06496
 20
2.76311
 11
-1.06799
 21
2.76161
  0
LINE
  8
0
 10
-1.06799
 20
2.76161
 11
-1.07108
 21
2.76024
  0
LINE
  8
0
 10
-1.07108
 20
2.76024
 11
-1.07422
 21
2.75899
  0
LINE
  8
0
 10
-1.07422
 20
2.75899
 11
-1.07741
 21
2.75787
  0
LINE
  8
0
 10
-1.07741
 20
2.75787
 11
-1.08066
 21
2.7569
  0
LINE
  8
0
 10
-1.08066
 20
2.7569
 11
-1.08392
 21
2.75606
  0
LINE
  8
0
 10
-1.08392
 20
2.75606
 11
-1.08723
 21
2.75536
  0
LINE
  8
0
 10
-1.08723
 20
2.75536
 11
-1.09056
 21
2.75479
  0
LINE
  8
0
 10
-1.09056
 20
2.75479
 11
-1.09392
 21
2.75438
  0
LINE
  8
0
 10
-1.09392
 20
2.75438
 11
-1.09729
 21
2.75409
  0
LINE
  8
0
 10
-1.09729
 20
2.75409
 11
-1.10066
 21
2.75395
  0
LINE
  8
0
 10
-1.10066
 20
2.75395
 11
-1.10405
 21
2.75395
  0
LINE
  8
0
 10
6.53723
 20
2.19965
 11
6.53696
 21
2.19627
  0
LINE
  8
0
 10
6.53696
 20
2.19627
 11
6.53653
 21
2.19293
  0
LINE
  8
0
 10
6.53653
 20
2.19293
 11
6.53596
 21
2.18959
  0
LINE
  8
0
 10
6.53596
 20
2.18959
 11
6.53526
 21
2.18628
  0
LINE
  8
0
 10
6.53526
 20
2.18628
 11
6.53442
 21
2.18301
  0
LINE
  8
0
 10
6.53442
 20
2.18301
 11
6.53345
 21
2.17978
  0
LINE
  8
0
 10
6.53345
 20
2.17978
 11
6.53233
 21
2.17659
  0
LINE
  8
0
 10
6.53233
 20
2.17659
 11
6.5311
 21
2.17345
  0
LINE
  8
0
 10
6.5311
 20
2.17345
 11
6.52971
 21
2.17035
  0
LINE
  8
0
 10
6.52971
 20
2.17035
 11
6.52821
 21
2.16733
  0
LINE
  8
0
 10
6.52821
 20
2.16733
 11
6.52658
 21
2.16437
  0
LINE
  8
0
 10
6.52658
 20
2.16437
 11
6.52483
 21
2.16147
  0
LINE
  8
0
 10
6.52483
 20
2.16147
 11
6.52296
 21
2.15866
  0
LINE
  8
0
 10
6.52296
 20
2.15866
 11
6.52098
 21
2.15591
  0
LINE
  8
0
 10
6.52098
 20
2.15591
 11
6.51888
 21
2.15327
  0
LINE
  8
0
 10
6.51888
 20
2.15327
 11
6.51666
 21
2.15071
  0
LINE
  8
0
 10
6.51666
 20
2.15071
 11
6.51436
 21
2.14825
  0
LINE
  8
0
 10
6.51436
 20
2.14825
 11
6.51193
 21
2.14589
  0
LINE
  8
0
 10
6.51193
 20
2.14589
 11
6.50943
 21
2.14362
  0
LINE
  8
0
 10
6.50943
 20
2.14362
 11
6.50682
 21
2.14146
  0
LINE
  8
0
 10
6.50682
 20
2.14146
 11
6.50414
 21
2.13942
  0
LINE
  8
0
 10
6.50414
 20
2.13942
 11
6.50136
 21
2.1375
  0
LINE
  8
0
 10
6.50136
 20
2.1375
 11
6.4985
 21
2.13568
  0
LINE
  8
0
 10
6.4985
 20
2.13568
 11
6.49557
 21
2.13399
  0
LINE
  8
0
 10
6.49557
 20
2.13399
 11
6.49257
 21
2.13243
  0
LINE
  8
0
 10
6.49257
 20
2.13243
 11
6.48952
 21
2.13098
  0
LINE
  8
0
 10
6.48952
 20
2.13098
 11
6.4864
 21
2.12967
  0
LINE
  8
0
 10
6.4864
 20
2.12967
 11
6.48323
 21
2.12849
  0
LINE
  8
0
 10
6.48323
 20
2.12849
 11
6.48001
 21
2.12746
  0
LINE
  8
0
 10
6.48001
 20
2.12746
 11
6.47676
 21
2.12654
  0
LINE
  8
0
 10
6.47676
 20
2.12654
 11
6.47346
 21
2.12578
  0
LINE
  8
0
 10
6.47346
 20
2.12578
 11
6.47015
 21
2.12514
  0
LINE
  8
0
 10
6.47015
 20
2.12514
 11
6.4668
 21
2.12465
  0
LINE
  8
0
 10
6.4668
 20
2.12465
 11
6.46344
 21
2.1243
  0
LINE
  8
0
 10
6.46344
 20
2.1243
 11
6.46007
 21
2.12408
  0
LINE
  8
0
 10
6.46007
 20
2.12408
 11
6.4567
 21
2.12401
  0
LINE
  8
0
 10
6.4567
 20
2.12401
 11
6.45331
 21
2.12408
  0
LINE
  8
0
 10
6.45331
 20
2.12408
 11
6.44994
 21
2.1243
  0
LINE
  8
0
 10
6.44994
 20
2.1243
 11
6.44658
 21
2.12465
  0
LINE
  8
0
 10
6.44658
 20
2.12465
 11
6.44324
 21
2.12514
  0
LINE
  8
0
 10
6.44324
 20
2.12514
 11
6.43991
 21
2.12578
  0
LINE
  8
0
 10
6.43991
 20
2.12578
 11
6.43661
 21
2.12654
  0
LINE
  8
0
 10
6.43661
 20
2.12654
 11
6.43336
 21
2.12746
  0
LINE
  8
0
 10
6.43336
 20
2.12746
 11
6.43015
 21
2.12849
  0
LINE
  8
0
 10
6.43015
 20
2.12849
 11
6.42697
 21
2.12967
  0
LINE
  8
0
 10
6.42697
 20
2.12967
 11
6.42386
 21
2.13098
  0
LINE
  8
0
 10
6.42386
 20
2.13098
 11
6.42081
 21
2.13243
  0
LINE
  8
0
 10
6.42081
 20
2.13243
 11
6.4178
 21
2.13399
  0
LINE
  8
0
 10
6.4178
 20
2.13399
 11
6.41489
 21
2.13568
  0
LINE
  8
0
 10
6.41489
 20
2.13568
 11
6.41203
 21
2.1375
  0
LINE
  8
0
 10
6.41203
 20
2.1375
 11
6.40926
 21
2.13942
  0
LINE
  8
0
 10
6.40926
 20
2.13942
 11
6.40656
 21
2.14146
  0
LINE
  8
0
 10
6.40656
 20
2.14146
 11
6.40395
 21
2.14362
  0
LINE
  8
0
 10
6.40395
 20
2.14362
 11
6.40144
 21
2.14589
  0
LINE
  8
0
 10
6.40144
 20
2.14589
 11
6.39903
 21
2.14825
  0
LINE
  8
0
 10
6.39903
 20
2.14825
 11
6.39671
 21
2.15071
  0
LINE
  8
0
 10
6.39671
 20
2.15071
 11
6.3945
 21
2.15327
  0
LINE
  8
0
 10
6.3945
 20
2.15327
 11
6.39241
 21
2.15591
  0
LINE
  8
0
 10
6.39241
 20
2.15591
 11
6.39041
 21
2.15866
  0
LINE
  8
0
 10
6.39041
 20
2.15866
 11
6.38855
 21
2.16147
  0
LINE
  8
0
 10
6.38855
 20
2.16147
 11
6.3868
 21
2.16437
  0
LINE
  8
0
 10
6.3868
 20
2.16437
 11
6.38516
 21
2.16733
  0
LINE
  8
0
 10
6.38516
 20
2.16733
 11
6.38367
 21
2.17035
  0
LINE
  8
0
 10
6.38367
 20
2.17035
 11
6.38229
 21
2.17345
  0
LINE
  8
0
 10
6.38229
 20
2.17345
 11
6.38104
 21
2.17659
  0
LINE
  8
0
 10
6.38104
 20
2.17659
 11
6.37993
 21
2.17978
  0
LINE
  8
0
 10
6.37993
 20
2.17978
 11
6.37895
 21
2.18301
  0
LINE
  8
0
 10
6.37895
 20
2.18301
 11
6.37811
 21
2.18628
  0
LINE
  8
0
 10
6.37811
 20
2.18628
 11
6.37741
 21
2.18959
  0
LINE
  8
0
 10
6.37741
 20
2.18959
 11
6.37685
 21
2.19293
  0
LINE
  8
0
 10
6.37685
 20
2.19293
 11
6.37642
 21
2.19627
  0
LINE
  8
0
 10
6.37642
 20
2.19627
 11
6.37614
 21
2.19965
  0
LINE
  8
0
 10
6.37614
 20
2.19965
 11
6.37599
 21
2.20303
  0
LINE
  8
0
 10
6.37599
 20
2.20303
 11
6.37599
 21
2.20641
  0
LINE
  8
0
 10
6.37599
 20
2.20641
 11
6.37614
 21
2.20978
  0
LINE
  8
0
 10
6.37614
 20
2.20978
 11
6.37642
 21
2.21315
  0
LINE
  8
0
 10
6.37642
 20
2.21315
 11
6.37685
 21
2.21651
  0
LINE
  8
0
 10
6.37685
 20
2.21651
 11
6.37741
 21
2.21983
  0
LINE
  8
0
 10
6.37741
 20
2.21983
 11
6.37811
 21
2.22314
  0
LINE
  8
0
 10
6.37811
 20
2.22314
 11
6.37895
 21
2.22643
  0
LINE
  8
0
 10
6.37895
 20
2.22643
 11
6.37993
 21
2.22966
  0
LINE
  8
0
 10
6.37993
 20
2.22966
 11
6.38104
 21
2.23285
  0
LINE
  8
0
 10
6.38104
 20
2.23285
 11
6.38229
 21
2.23599
  0
LINE
  8
0
 10
6.38229
 20
2.23599
 11
6.38367
 21
2.23907
  0
LINE
  8
0
 10
6.38367
 20
2.23907
 11
6.38516
 21
2.24211
  0
LINE
  8
0
 10
6.38516
 20
2.24211
 11
6.3868
 21
2.24507
  0
LINE
  8
0
 10
6.3868
 20
2.24507
 11
6.38855
 21
2.24796
  0
LINE
  8
0
 10
6.38855
 20
2.24796
 11
6.39041
 21
2.25078
  0
LINE
  8
0
 10
6.39041
 20
2.25078
 11
6.39241
 21
2.25351
  0
LINE
  8
0
 10
6.39241
 20
2.25351
 11
6.3945
 21
2.25616
  0
LINE
  8
0
 10
6.3945
 20
2.25616
 11
6.39671
 21
2.25873
  0
LINE
  8
0
 10
6.39671
 20
2.25873
 11
6.39903
 21
2.26118
  0
LINE
  8
0
 10
6.39903
 20
2.26118
 11
6.40144
 21
2.26355
  0
LINE
  8
0
 10
6.40144
 20
2.26355
 11
6.40395
 21
2.26581
  0
LINE
  8
0
 10
6.40395
 20
2.26581
 11
6.40656
 21
2.26797
  0
LINE
  8
0
 10
6.40656
 20
2.26797
 11
6.40926
 21
2.27
  0
LINE
  8
0
 10
6.40926
 20
2.27
 11
6.41203
 21
2.27194
  0
LINE
  8
0
 10
6.41203
 20
2.27194
 11
6.41489
 21
2.27376
  0
LINE
  8
0
 10
6.41489
 20
2.27376
 11
6.4178
 21
2.27544
  0
LINE
  8
0
 10
6.4178
 20
2.27544
 11
6.42081
 21
2.27701
  0
LINE
  8
0
 10
6.42081
 20
2.27701
 11
6.42386
 21
2.27844
  0
LINE
  8
0
 10
6.42386
 20
2.27844
 11
6.42697
 21
2.27975
  0
LINE
  8
0
 10
6.42697
 20
2.27975
 11
6.43015
 21
2.28093
  0
LINE
  8
0
 10
6.43015
 20
2.28093
 11
6.43336
 21
2.28198
  0
LINE
  8
0
 10
6.43336
 20
2.28198
 11
6.43661
 21
2.28288
  0
LINE
  8
0
 10
6.43661
 20
2.28288
 11
6.43991
 21
2.28366
  0
LINE
  8
0
 10
6.43991
 20
2.28366
 11
6.44324
 21
2.2843
  0
LINE
  8
0
 10
6.44324
 20
2.2843
 11
6.44658
 21
2.28479
  0
LINE
  8
0
 10
6.44658
 20
2.28479
 11
6.44994
 21
2.28514
  0
LINE
  8
0
 10
6.44994
 20
2.28514
 11
6.45331
 21
2.28535
  0
LINE
  8
0
 10
6.45331
 20
2.28535
 11
6.4567
 21
2.28543
  0
LINE
  8
0
 10
6.4567
 20
2.28543
 11
6.46007
 21
2.28535
  0
LINE
  8
0
 10
6.46007
 20
2.28535
 11
6.46344
 21
2.28514
  0
LINE
  8
0
 10
6.46344
 20
2.28514
 11
6.4668
 21
2.28479
  0
LINE
  8
0
 10
6.4668
 20
2.28479
 11
6.47015
 21
2.2843
  0
LINE
  8
0
 10
6.47015
 20
2.2843
 11
6.47346
 21
2.28366
  0
LINE
  8
0
 10
6.47346
 20
2.28366
 11
6.47676
 21
2.28288
  0
LINE
  8
0
 10
6.47676
 20
2.28288
 11
6.48001
 21
2.28198
  0
LINE
  8
0
 10
6.48001
 20
2.28198
 11
6.48323
 21
2.28093
  0
LINE
  8
0
 10
6.48323
 20
2.28093
 11
6.4864
 21
2.27975
  0
LINE
  8
0
 10
6.4864
 20
2.27975
 11
6.48952
 21
2.27844
  0
LINE
  8
0
 10
6.48952
 20
2.27844
 11
6.49257
 21
2.27701
  0
LINE
  8
0
 10
6.49257
 20
2.27701
 11
6.49557
 21
2.27544
  0
LINE
  8
0
 10
6.49557
 20
2.27544
 11
6.4985
 21
2.27376
  0
LINE
  8
0
 10
6.4985
 20
2.27376
 11
6.50136
 21
2.27194
  0
LINE
  8
0
 10
6.50136
 20
2.27194
 11
6.50414
 21
2.27
  0
LINE
  8
0
 10
6.50414
 20
2.27
 11
6.50682
 21
2.26797
  0
LINE
  8
0
 10
6.50682
 20
2.26797
 11
6.50943
 21
2.26581
  0
LINE
  8
0
 10
6.50943
 20
2.26581
 11
6.51193
 21
2.26355
  0
LINE
  8
0
 10
6.51193
 20
2.26355
 11
6.51436
 21
2.26118
  0
LINE
  8
0
 10
6.51436
 20
2.26118
 11
6.51666
 21
2.25873
  0
LINE
  8
0
 10
6.51666
 20
2.25873
 11
6.51888
 21
2.25616
  0
LINE
  8
0
 10
6.51888
 20
2.25616
 11
6.52098
 21
2.25351
  0
LINE
  8
0
 10
6.52098
 20
2.25351
 11
6.52296
 21
2.25078
  0
LINE
  8
0
 10
6.52296
 20
2.25078
 11
6.52483
 21
2.24796
  0
LINE
  8
0
 10
6.52483
 20
2.24796
 11
6.52658
 21
2.24507
  0
LINE
  8
0
 10
6.52658
 20
2.24507
 11
6.52821
 21
2.24211
  0
LINE
  8
0
 10
6.52821
 20
2.24211
 11
6.52971
 21
2.23907
  0
LINE
  8
0
 10
6.52971
 20
2.23907
 11
6.5311
 21
2.23599
  0
LINE
  8
0
 10
6.5311
 20
2.23599
 11
6.53233
 21
2.23285
  0
LINE
  8
0
 10
6.53233
 20
2.23285
 11
6.53345
 21
2.22966
  0
LINE
  8
0
 10
6.53345
 20
2.22966
 11
6.53442
 21
2.22643
  0
LINE
  8
0
 10
6.53442
 20
2.22643
 11
6.53526
 21
2.22314
  0
LINE
  8
0
 10
6.53526
 20
2.22314
 11
6.53596
 21
2.21983
  0
LINE
  8
0
 10
6.53596
 20
2.21983
 11
6.53653
 21
2.21651
  0
LINE
  8
0
 10
6.53653
 20
2.21651
 11
6.53696
 21
2.21315
  0
LINE
  8
0
 10
6.53696
 20
2.21315
 11
6.53723
 21
2.20978
  0
LINE
  8
0
 10
6.53723
 20
2.20978
 11
6.53738
 21
2.20641
  0
LINE
  8
0
 10
6.53738
 20
2.20641
 11
6.53738
 21
2.20303
  0
LINE
  8
0
 10
6.53738
 20
2.20303
 11
6.53723
 21
2.19965
  0
ENDSEC
  0
SECTION
  2
OBJECTS
  0
DICTIONARY
  0
ENDSEC
  0
EOF
