  0
SECTION
  2
BLOCKS
  0
ENDSEC
  0
SECTION
  2
ENTITIES
  0
LINE
  8
0
 10
152.825
 20
-74.9299
 11
152.825
 21
52.0697
  0
LINE
  8
0
 10
152.825
 20
52.0697
 11
-152.825
 21
52.0697
  0
LINE
  8
0
 10
-152.825
 20
52.0697
 11
-152.825
 21
-74.9299
  0
LINE
  8
0
 10
-152.825
 20
-74.9299
 11
-127
 21
-93.9799
  0
LINE
  8
0
 10
-127
 20
-93.9799
 11
127
 21
-93.9799
  0
LINE
  8
0
 10
127
 20
-93.9799
 11
152.825
 21
-74.9299
  0
LINE
  8
0
 10
137.957
 20
48.2412
 11
137.966
 21
48.3269
  0
LINE
  8
0
 10
137.966
 20
48.3269
 11
137.979
 21
48.4118
  0
LINE
  8
0
 10
137.979
 20
48.4118
 11
137.995
 21
48.4959
  0
LINE
  8
0
 10
137.995
 20
48.4959
 11
138.015
 21
48.5796
  0
LINE
  8
0
 10
138.015
 20
48.5796
 11
138.038
 21
48.6621
  0
LINE
  8
0
 10
138.038
 20
48.6621
 11
138.064
 21
48.7439
  0
LINE
  8
0
 10
138.064
 20
48.7439
 11
138.094
 21
48.8245
  0
LINE
  8
0
 10
138.094
 20
48.8245
 11
138.128
 21
48.9036
  0
LINE
  8
0
 10
138.128
 20
48.9036
 11
138.164
 21
48.9811
  0
LINE
  8
0
 10
138.164
 20
48.9811
 11
138.204
 21
49.0575
  0
LINE
  8
0
 10
138.204
 20
49.0575
 11
138.247
 21
49.1319
  0
LINE
  8
0
 10
138.247
 20
49.1319
 11
138.293
 21
49.2044
  0
LINE
  8
0
 10
138.293
 20
49.2044
 11
138.342
 21
49.2749
  0
LINE
  8
0
 10
138.342
 20
49.2749
 11
138.394
 21
49.3431
  0
LINE
  8
0
 10
138.394
 20
49.3431
 11
138.449
 21
49.4094
  0
LINE
  8
0
 10
138.449
 20
49.4094
 11
138.506
 21
49.4729
  0
LINE
  8
0
 10
138.506
 20
49.4729
 11
138.566
 21
49.5346
  0
LINE
  8
0
 10
138.566
 20
49.5346
 11
138.629
 21
49.5931
  0
LINE
  8
0
 10
138.629
 20
49.5931
 11
138.693
 21
49.6493
  0
LINE
  8
0
 10
138.693
 20
49.6493
 11
138.761
 21
49.7028
  0
LINE
  8
0
 10
138.761
 20
49.7028
 11
138.83
 21
49.7532
  0
LINE
  8
0
 10
138.83
 20
49.7532
 11
138.902
 21
49.8008
  0
LINE
  8
0
 10
138.902
 20
49.8008
 11
138.975
 21
49.845
  0
LINE
  8
0
 10
138.975
 20
49.845
 11
139.05
 21
49.8865
  0
LINE
  8
0
 10
139.05
 20
49.8865
 11
139.128
 21
49.9249
  0
LINE
  8
0
 10
139.128
 20
49.9249
 11
139.206
 21
49.9597
  0
LINE
  8
0
 10
139.206
 20
49.9597
 11
139.286
 21
49.9911
  0
LINE
  8
0
 10
139.286
 20
49.9911
 11
139.367
 21
50.0194
  0
LINE
  8
0
 10
139.367
 20
50.0194
 11
139.449
 21
50.0442
  0
LINE
  8
0
 10
139.449
 20
50.0442
 11
139.532
 21
50.0655
  0
LINE
  8
0
 10
139.532
 20
50.0655
 11
139.616
 21
50.0834
  0
LINE
  8
0
 10
139.616
 20
50.0834
 11
139.701
 21
50.0977
  0
LINE
  8
0
 10
139.701
 20
50.0977
 11
139.786
 21
50.1086
  0
LINE
  8
0
 10
139.786
 20
50.1086
 11
139.872
 21
50.1159
  0
LINE
  8
0
 10
139.872
 20
50.1159
 11
139.957
 21
50.1194
  0
LINE
  8
0
 10
139.957
 20
50.1194
 11
140.043
 21
50.1194
  0
LINE
  8
0
 10
140.043
 20
50.1194
 11
140.129
 21
50.1159
  0
LINE
  8
0
 10
140.129
 20
50.1159
 11
140.215
 21
50.1086
  0
LINE
  8
0
 10
140.215
 20
50.1086
 11
140.3
 21
50.0977
  0
LINE
  8
0
 10
140.3
 20
50.0977
 11
140.384
 21
50.0834
  0
LINE
  8
0
 10
140.384
 20
50.0834
 11
140.469
 21
50.0655
  0
LINE
  8
0
 10
140.469
 20
50.0655
 11
140.551
 21
50.0442
  0
LINE
  8
0
 10
140.551
 20
50.0442
 11
140.634
 21
50.0194
  0
LINE
  8
0
 10
140.634
 20
50.0194
 11
140.715
 21
49.9911
  0
LINE
  8
0
 10
140.715
 20
49.9911
 11
140.795
 21
49.9597
  0
LINE
  8
0
 10
140.795
 20
49.9597
 11
140.873
 21
49.9249
  0
LINE
  8
0
 10
140.873
 20
49.9249
 11
140.95
 21
49.8865
  0
LINE
  8
0
 10
140.95
 20
49.8865
 11
141.025
 21
49.845
  0
LINE
  8
0
 10
141.025
 20
49.845
 11
141.099
 21
49.8008
  0
LINE
  8
0
 10
141.099
 20
49.8008
 11
141.17
 21
49.7532
  0
LINE
  8
0
 10
141.17
 20
49.7532
 11
141.24
 21
49.7028
  0
LINE
  8
0
 10
141.24
 20
49.7028
 11
141.307
 21
49.6493
  0
LINE
  8
0
 10
141.307
 20
49.6493
 11
141.372
 21
49.5931
  0
LINE
  8
0
 10
141.372
 20
49.5931
 11
141.435
 21
49.5346
  0
LINE
  8
0
 10
141.435
 20
49.5346
 11
141.495
 21
49.4729
  0
LINE
  8
0
 10
141.495
 20
49.4729
 11
141.552
 21
49.4094
  0
LINE
  8
0
 10
141.552
 20
49.4094
 11
141.607
 21
49.3431
  0
LINE
  8
0
 10
141.607
 20
49.3431
 11
141.659
 21
49.2749
  0
LINE
  8
0
 10
141.659
 20
49.2749
 11
141.708
 21
49.2044
  0
LINE
  8
0
 10
141.708
 20
49.2044
 11
141.754
 21
49.1319
  0
LINE
  8
0
 10
141.754
 20
49.1319
 11
141.797
 21
49.0575
  0
LINE
  8
0
 10
141.797
 20
49.0575
 11
141.837
 21
48.9811
  0
LINE
  8
0
 10
141.837
 20
48.9811
 11
141.873
 21
48.9036
  0
LINE
  8
0
 10
141.873
 20
48.9036
 11
141.906
 21
48.8245
  0
LINE
  8
0
 10
141.906
 20
48.8245
 11
141.936
 21
48.7439
  0
LINE
  8
0
 10
141.936
 20
48.7439
 11
141.963
 21
48.6621
  0
LINE
  8
0
 10
141.963
 20
48.6621
 11
141.986
 21
48.5796
  0
LINE
  8
0
 10
141.986
 20
48.5796
 11
142.006
 21
48.4959
  0
LINE
  8
0
 10
142.006
 20
48.4959
 11
142.022
 21
48.4118
  0
LINE
  8
0
 10
142.022
 20
48.4118
 11
142.034
 21
48.3269
  0
LINE
  8
0
 10
142.034
 20
48.3269
 11
142.043
 21
48.2412
  0
LINE
  8
0
 10
142.043
 20
48.2412
 11
142.048
 21
48.1556
  0
LINE
  8
0
 10
142.048
 20
48.1556
 11
142.05
 21
48.0699
  0
LINE
  8
0
 10
142.05
 20
48.0699
 11
142.048
 21
47.9839
  0
LINE
  8
0
 10
142.048
 20
47.9839
 11
142.043
 21
47.8982
  0
LINE
  8
0
 10
142.043
 20
47.8982
 11
142.034
 21
47.813
  0
LINE
  8
0
 10
142.034
 20
47.813
 11
142.022
 21
47.7281
  0
LINE
  8
0
 10
142.022
 20
47.7281
 11
142.006
 21
47.6436
  0
LINE
  8
0
 10
142.006
 20
47.6436
 11
141.986
 21
47.5599
  0
LINE
  8
0
 10
141.986
 20
47.5599
 11
141.963
 21
47.4773
  0
LINE
  8
0
 10
141.963
 20
47.4773
 11
141.936
 21
47.3956
  0
LINE
  8
0
 10
141.936
 20
47.3956
 11
141.906
 21
47.3153
  0
LINE
  8
0
 10
141.906
 20
47.3153
 11
141.873
 21
47.2359
  0
LINE
  8
0
 10
141.873
 20
47.2359
 11
141.837
 21
47.1584
  0
LINE
  8
0
 10
141.837
 20
47.1584
 11
141.797
 21
47.0824
  0
LINE
  8
0
 10
141.797
 20
47.0824
 11
141.754
 21
47.008
  0
LINE
  8
0
 10
141.754
 20
47.008
 11
141.708
 21
46.9355
  0
LINE
  8
0
 10
141.708
 20
46.9355
 11
141.659
 21
46.865
  0
LINE
  8
0
 10
141.659
 20
46.865
 11
141.607
 21
46.7964
  0
LINE
  8
0
 10
141.607
 20
46.7964
 11
141.552
 21
46.7305
  0
LINE
  8
0
 10
141.552
 20
46.7305
 11
141.495
 21
46.6665
  0
LINE
  8
0
 10
141.495
 20
46.6665
 11
141.435
 21
46.6053
  0
LINE
  8
0
 10
141.435
 20
46.6053
 11
141.372
 21
46.5464
  0
LINE
  8
0
 10
141.372
 20
46.5464
 11
141.307
 21
46.4902
  0
LINE
  8
0
 10
141.307
 20
46.4902
 11
141.24
 21
46.4371
  0
LINE
  8
0
 10
141.24
 20
46.4371
 11
141.17
 21
46.3863
  0
LINE
  8
0
 10
141.17
 20
46.3863
 11
141.099
 21
46.339
  0
LINE
  8
0
 10
141.099
 20
46.339
 11
141.025
 21
46.2945
  0
LINE
  8
0
 10
141.025
 20
46.2945
 11
140.95
 21
46.253
  0
LINE
  8
0
 10
140.95
 20
46.253
 11
140.873
 21
46.215
  0
LINE
  8
0
 10
140.873
 20
46.215
 11
140.795
 21
46.1801
  0
LINE
  8
0
 10
140.795
 20
46.1801
 11
140.715
 21
46.1483
  0
LINE
  8
0
 10
140.715
 20
46.1483
 11
140.634
 21
46.1201
  0
LINE
  8
0
 10
140.634
 20
46.1201
 11
140.551
 21
46.0952
  0
LINE
  8
0
 10
140.551
 20
46.0952
 11
140.469
 21
46.0739
  0
LINE
  8
0
 10
140.469
 20
46.0739
 11
140.384
 21
46.0561
  0
LINE
  8
0
 10
140.384
 20
46.0561
 11
140.3
 21
46.0418
  0
LINE
  8
0
 10
140.3
 20
46.0418
 11
140.215
 21
46.0309
  0
LINE
  8
0
 10
140.215
 20
46.0309
 11
140.129
 21
46.0239
  0
LINE
  8
0
 10
140.129
 20
46.0239
 11
140.043
 21
46.0204
  0
LINE
  8
0
 10
140.043
 20
46.0204
 11
139.957
 21
46.0204
  0
LINE
  8
0
 10
139.957
 20
46.0204
 11
139.872
 21
46.0239
  0
LINE
  8
0
 10
139.872
 20
46.0239
 11
139.786
 21
46.0309
  0
LINE
  8
0
 10
139.786
 20
46.0309
 11
139.701
 21
46.0418
  0
LINE
  8
0
 10
139.701
 20
46.0418
 11
139.616
 21
46.0561
  0
LINE
  8
0
 10
139.616
 20
46.0561
 11
139.532
 21
46.0739
  0
LINE
  8
0
 10
139.532
 20
46.0739
 11
139.449
 21
46.0952
  0
LINE
  8
0
 10
139.449
 20
46.0952
 11
139.367
 21
46.1201
  0
LINE
  8
0
 10
139.367
 20
46.1201
 11
139.286
 21
46.1483
  0
LINE
  8
0
 10
139.286
 20
46.1483
 11
139.206
 21
46.1801
  0
LINE
  8
0
 10
139.206
 20
46.1801
 11
139.128
 21
46.215
  0
LINE
  8
0
 10
139.128
 20
46.215
 11
139.05
 21
46.253
  0
LINE
  8
0
 10
139.05
 20
46.253
 11
138.975
 21
46.2945
  0
LINE
  8
0
 10
138.975
 20
46.2945
 11
138.902
 21
46.339
  0
LINE
  8
0
 10
138.902
 20
46.339
 11
138.83
 21
46.3863
  0
LINE
  8
0
 10
138.83
 20
46.3863
 11
138.761
 21
46.4371
  0
LINE
  8
0
 10
138.761
 20
46.4371
 11
138.693
 21
46.4902
  0
LINE
  8
0
 10
138.693
 20
46.4902
 11
138.629
 21
46.5464
  0
LINE
  8
0
 10
138.629
 20
46.5464
 11
138.566
 21
46.6053
  0
LINE
  8
0
 10
138.566
 20
46.6053
 11
138.506
 21
46.6665
  0
LINE
  8
0
 10
138.506
 20
46.6665
 11
138.449
 21
46.7305
  0
LINE
  8
0
 10
138.449
 20
46.7305
 11
138.394
 21
46.7964
  0
LINE
  8
0
 10
138.394
 20
46.7964
 11
138.342
 21
46.865
  0
LINE
  8
0
 10
138.342
 20
46.865
 11
138.293
 21
46.9355
  0
LINE
  8
0
 10
138.293
 20
46.9355
 11
138.247
 21
47.008
  0
LINE
  8
0
 10
138.247
 20
47.008
 11
138.204
 21
47.0824
  0
LINE
  8
0
 10
138.204
 20
47.0824
 11
138.164
 21
47.1584
  0
LINE
  8
0
 10
138.164
 20
47.1584
 11
138.128
 21
47.2359
  0
LINE
  8
0
 10
138.128
 20
47.2359
 11
138.094
 21
47.3153
  0
LINE
  8
0
 10
138.094
 20
47.3153
 11
138.064
 21
47.3956
  0
LINE
  8
0
 10
138.064
 20
47.3956
 11
138.038
 21
47.4773
  0
LINE
  8
0
 10
138.038
 20
47.4773
 11
138.015
 21
47.5599
  0
LINE
  8
0
 10
138.015
 20
47.5599
 11
137.995
 21
47.6436
  0
LINE
  8
0
 10
137.995
 20
47.6436
 11
137.979
 21
47.7281
  0
LINE
  8
0
 10
137.979
 20
47.7281
 11
137.966
 21
47.813
  0
LINE
  8
0
 10
137.966
 20
47.813
 11
137.957
 21
47.8982
  0
LINE
  8
0
 10
137.957
 20
47.8982
 11
137.952
 21
47.9839
  0
LINE
  8
0
 10
137.952
 20
47.9839
 11
137.95
 21
48.0699
  0
LINE
  8
0
 10
137.95
 20
48.0699
 11
137.952
 21
48.1556
  0
LINE
  8
0
 10
137.952
 20
48.1556
 11
137.957
 21
48.2412
  0
LINE
  8
0
 10
-132.042
 20
46.0204
 11
-132.128
 21
46.0239
  0
LINE
  8
0
 10
-132.128
 20
46.0239
 11
-132.214
 21
46.0309
  0
LINE
  8
0
 10
-132.214
 20
46.0309
 11
-132.299
 21
46.0418
  0
LINE
  8
0
 10
-132.299
 20
46.0418
 11
-132.383
 21
46.0561
  0
LINE
  8
0
 10
-132.383
 20
46.0561
 11
-132.467
 21
46.0739
  0
LINE
  8
0
 10
-132.467
 20
46.0739
 11
-132.55
 21
46.0952
  0
LINE
  8
0
 10
-132.55
 20
46.0952
 11
-132.633
 21
46.1201
  0
LINE
  8
0
 10
-132.633
 20
46.1201
 11
-132.714
 21
46.1483
  0
LINE
  8
0
 10
-132.714
 20
46.1483
 11
-132.794
 21
46.1801
  0
LINE
  8
0
 10
-132.794
 20
46.1801
 11
-132.872
 21
46.215
  0
LINE
  8
0
 10
-132.872
 20
46.215
 11
-132.949
 21
46.253
  0
LINE
  8
0
 10
-132.949
 20
46.253
 11
-133.024
 21
46.2945
  0
LINE
  8
0
 10
-133.024
 20
46.2945
 11
-133.098
 21
46.339
  0
LINE
  8
0
 10
-133.098
 20
46.339
 11
-133.169
 21
46.3863
  0
LINE
  8
0
 10
-133.169
 20
46.3863
 11
-133.239
 21
46.4371
  0
LINE
  8
0
 10
-133.239
 20
46.4371
 11
-133.306
 21
46.4902
  0
LINE
  8
0
 10
-133.306
 20
46.4902
 11
-133.371
 21
46.5464
  0
LINE
  8
0
 10
-133.371
 20
46.5464
 11
-133.434
 21
46.6053
  0
LINE
  8
0
 10
-133.434
 20
46.6053
 11
-133.494
 21
46.6665
  0
LINE
  8
0
 10
-133.494
 20
46.6665
 11
-133.551
 21
46.7305
  0
LINE
  8
0
 10
-133.551
 20
46.7305
 11
-133.606
 21
46.7964
  0
LINE
  8
0
 10
-133.606
 20
46.7964
 11
-133.658
 21
46.865
  0
LINE
  8
0
 10
-133.658
 20
46.865
 11
-133.707
 21
46.9355
  0
LINE
  8
0
 10
-133.707
 20
46.9355
 11
-133.753
 21
47.008
  0
LINE
  8
0
 10
-133.753
 20
47.008
 11
-133.796
 21
47.0824
  0
LINE
  8
0
 10
-133.796
 20
47.0824
 11
-133.836
 21
47.1584
  0
LINE
  8
0
 10
-133.836
 20
47.1584
 11
-133.872
 21
47.2359
  0
LINE
  8
0
 10
-133.872
 20
47.2359
 11
-133.905
 21
47.3153
  0
LINE
  8
0
 10
-133.905
 20
47.3153
 11
-133.935
 21
47.3956
  0
LINE
  8
0
 10
-133.935
 20
47.3956
 11
-133.962
 21
47.4773
  0
LINE
  8
0
 10
-133.962
 20
47.4773
 11
-133.985
 21
47.5599
  0
LINE
  8
0
 10
-133.985
 20
47.5599
 11
-134.005
 21
47.6436
  0
LINE
  8
0
 10
-134.005
 20
47.6436
 11
-134.021
 21
47.7281
  0
LINE
  8
0
 10
-134.021
 20
47.7281
 11
-134.033
 21
47.813
  0
LINE
  8
0
 10
-134.033
 20
47.813
 11
-134.042
 21
47.8982
  0
LINE
  8
0
 10
-134.042
 20
47.8982
 11
-134.048
 21
47.9839
  0
LINE
  8
0
 10
-134.048
 20
47.9839
 11
-134.049
 21
48.0699
  0
LINE
  8
0
 10
-134.049
 20
48.0699
 11
-134.048
 21
48.1556
  0
LINE
  8
0
 10
-134.048
 20
48.1556
 11
-134.042
 21
48.2412
  0
LINE
  8
0
 10
-134.042
 20
48.2412
 11
-134.033
 21
48.3269
  0
LINE
  8
0
 10
-134.033
 20
48.3269
 11
-134.021
 21
48.4118
  0
LINE
  8
0
 10
-134.021
 20
48.4118
 11
-134.005
 21
48.4959
  0
LINE
  8
0
 10
-134.005
 20
48.4959
 11
-133.985
 21
48.5796
  0
LINE
  8
0
 10
-133.985
 20
48.5796
 11
-133.962
 21
48.6621
  0
LINE
  8
0
 10
-133.962
 20
48.6621
 11
-133.935
 21
48.7439
  0
LINE
  8
0
 10
-133.935
 20
48.7439
 11
-133.905
 21
48.8245
  0
LINE
  8
0
 10
-133.905
 20
48.8245
 11
-133.872
 21
48.9036
  0
LINE
  8
0
 10
-133.872
 20
48.9036
 11
-133.836
 21
48.9811
  0
LINE
  8
0
 10
-133.836
 20
48.9811
 11
-133.796
 21
49.0575
  0
LINE
  8
0
 10
-133.796
 20
49.0575
 11
-133.753
 21
49.1319
  0
LINE
  8
0
 10
-133.753
 20
49.1319
 11
-133.707
 21
49.2044
  0
LINE
  8
0
 10
-133.707
 20
49.2044
 11
-133.658
 21
49.2749
  0
LINE
  8
0
 10
-133.658
 20
49.2749
 11
-133.606
 21
49.3431
  0
LINE
  8
0
 10
-133.606
 20
49.3431
 11
-133.551
 21
49.4094
  0
LINE
  8
0
 10
-133.551
 20
49.4094
 11
-133.494
 21
49.4729
  0
LINE
  8
0
 10
-133.494
 20
49.4729
 11
-133.434
 21
49.5346
  0
LINE
  8
0
 10
-133.434
 20
49.5346
 11
-133.371
 21
49.5931
  0
LINE
  8
0
 10
-133.371
 20
49.5931
 11
-133.306
 21
49.6493
  0
LINE
  8
0
 10
-133.306
 20
49.6493
 11
-133.239
 21
49.7028
  0
LINE
  8
0
 10
-133.239
 20
49.7028
 11
-133.169
 21
49.7532
  0
LINE
  8
0
 10
-133.169
 20
49.7532
 11
-133.098
 21
49.8008
  0
LINE
  8
0
 10
-133.098
 20
49.8008
 11
-133.024
 21
49.845
  0
LINE
  8
0
 10
-133.024
 20
49.845
 11
-132.949
 21
49.8865
  0
LINE
  8
0
 10
-132.949
 20
49.8865
 11
-132.872
 21
49.9249
  0
LINE
  8
0
 10
-132.872
 20
49.9249
 11
-132.794
 21
49.9597
  0
LINE
  8
0
 10
-132.794
 20
49.9597
 11
-132.714
 21
49.9911
  0
LINE
  8
0
 10
-132.714
 20
49.9911
 11
-132.633
 21
50.0194
  0
LINE
  8
0
 10
-132.633
 20
50.0194
 11
-132.55
 21
50.0442
  0
LINE
  8
0
 10
-132.55
 20
50.0442
 11
-132.467
 21
50.0655
  0
LINE
  8
0
 10
-132.467
 20
50.0655
 11
-132.383
 21
50.0834
  0
LINE
  8
0
 10
-132.383
 20
50.0834
 11
-132.299
 21
50.0977
  0
LINE
  8
0
 10
-132.299
 20
50.0977
 11
-132.214
 21
50.1086
  0
LINE
  8
0
 10
-132.214
 20
50.1086
 11
-132.128
 21
50.1159
  0
LINE
  8
0
 10
-132.128
 20
50.1159
 11
-132.042
 21
50.1194
  0
LINE
  8
0
 10
-132.042
 20
50.1194
 11
-131.956
 21
50.1194
  0
LINE
  8
0
 10
-131.956
 20
50.1194
 11
-131.871
 21
50.1159
  0
LINE
  8
0
 10
-131.871
 20
50.1159
 11
-131.785
 21
50.1086
  0
LINE
  8
0
 10
-131.785
 20
50.1086
 11
-131.7
 21
50.0977
  0
LINE
  8
0
 10
-131.7
 20
50.0977
 11
-131.615
 21
50.0834
  0
LINE
  8
0
 10
-131.615
 20
50.0834
 11
-131.531
 21
50.0655
  0
LINE
  8
0
 10
-131.531
 20
50.0655
 11
-131.448
 21
50.0442
  0
LINE
  8
0
 10
-131.448
 20
50.0442
 11
-131.366
 21
50.0194
  0
LINE
  8
0
 10
-131.366
 20
50.0194
 11
-131.285
 21
49.9911
  0
LINE
  8
0
 10
-131.285
 20
49.9911
 11
-131.205
 21
49.9597
  0
LINE
  8
0
 10
-131.205
 20
49.9597
 11
-131.126
 21
49.9249
  0
LINE
  8
0
 10
-131.126
 20
49.9249
 11
-131.05
 21
49.8865
  0
LINE
  8
0
 10
-131.05
 20
49.8865
 11
-130.974
 21
49.845
  0
LINE
  8
0
 10
-130.974
 20
49.845
 11
-130.901
 21
49.8008
  0
LINE
  8
0
 10
-130.901
 20
49.8008
 11
-130.829
 21
49.7532
  0
LINE
  8
0
 10
-130.829
 20
49.7532
 11
-130.76
 21
49.7028
  0
LINE
  8
0
 10
-130.76
 20
49.7028
 11
-130.692
 21
49.6493
  0
LINE
  8
0
 10
-130.692
 20
49.6493
 11
-130.628
 21
49.5931
  0
LINE
  8
0
 10
-130.628
 20
49.5931
 11
-130.565
 21
49.5346
  0
LINE
  8
0
 10
-130.565
 20
49.5346
 11
-130.505
 21
49.4729
  0
LINE
  8
0
 10
-130.505
 20
49.4729
 11
-130.447
 21
49.4094
  0
LINE
  8
0
 10
-130.447
 20
49.4094
 11
-130.393
 21
49.3431
  0
LINE
  8
0
 10
-130.393
 20
49.3431
 11
-130.341
 21
49.2749
  0
LINE
  8
0
 10
-130.341
 20
49.2749
 11
-130.292
 21
49.2044
  0
LINE
  8
0
 10
-130.292
 20
49.2044
 11
-130.246
 21
49.1319
  0
LINE
  8
0
 10
-130.246
 20
49.1319
 11
-130.203
 21
49.0575
  0
LINE
  8
0
 10
-130.203
 20
49.0575
 11
-130.163
 21
48.9811
  0
LINE
  8
0
 10
-130.163
 20
48.9811
 11
-130.127
 21
48.9036
  0
LINE
  8
0
 10
-130.127
 20
48.9036
 11
-130.093
 21
48.8245
  0
LINE
  8
0
 10
-130.093
 20
48.8245
 11
-130.063
 21
48.7439
  0
LINE
  8
0
 10
-130.063
 20
48.7439
 11
-130.037
 21
48.6621
  0
LINE
  8
0
 10
-130.037
 20
48.6621
 11
-130.014
 21
48.5796
  0
LINE
  8
0
 10
-130.014
 20
48.5796
 11
-129.994
 21
48.4959
  0
LINE
  8
0
 10
-129.994
 20
48.4959
 11
-129.978
 21
48.4118
  0
LINE
  8
0
 10
-129.978
 20
48.4118
 11
-129.965
 21
48.3269
  0
LINE
  8
0
 10
-129.965
 20
48.3269
 11
-129.956
 21
48.2412
  0
LINE
  8
0
 10
-129.956
 20
48.2412
 11
-129.951
 21
48.1556
  0
LINE
  8
0
 10
-129.951
 20
48.1556
 11
-129.949
 21
48.0699
  0
LINE
  8
0
 10
-129.949
 20
48.0699
 11
-129.951
 21
47.9839
  0
LINE
  8
0
 10
-129.951
 20
47.9839
 11
-129.956
 21
47.8982
  0
LINE
  8
0
 10
-129.956
 20
47.8982
 11
-129.965
 21
47.813
  0
LINE
  8
0
 10
-129.965
 20
47.813
 11
-129.978
 21
47.7281
  0
LINE
  8
0
 10
-129.978
 20
47.7281
 11
-129.994
 21
47.6436
  0
LINE
  8
0
 10
-129.994
 20
47.6436
 11
-130.014
 21
47.5599
  0
LINE
  8
0
 10
-130.014
 20
47.5599
 11
-130.037
 21
47.4773
  0
LINE
  8
0
 10
-130.037
 20
47.4773
 11
-130.063
 21
47.3956
  0
LINE
  8
0
 10
-130.063
 20
47.3956
 11
-130.093
 21
47.3153
  0
LINE
  8
0
 10
-130.093
 20
47.3153
 11
-130.127
 21
47.2359
  0
LINE
  8
0
 10
-130.127
 20
47.2359
 11
-130.163
 21
47.1584
  0
LINE
  8
0
 10
-130.163
 20
47.1584
 11
-130.203
 21
47.0824
  0
LINE
  8
0
 10
-130.203
 20
47.0824
 11
-130.246
 21
47.008
  0
LINE
  8
0
 10
-130.246
 20
47.008
 11
-130.292
 21
46.9355
  0
LINE
  8
0
 10
-130.292
 20
46.9355
 11
-130.341
 21
46.865
  0
LINE
  8
0
 10
-130.341
 20
46.865
 11
-130.393
 21
46.7964
  0
LINE
  8
0
 10
-130.393
 20
46.7964
 11
-130.447
 21
46.7305
  0
LINE
  8
0
 10
-130.447
 20
46.7305
 11
-130.505
 21
46.6665
  0
LINE
  8
0
 10
-130.505
 20
46.6665
 11
-130.565
 21
46.6053
  0
LINE
  8
0
 10
-130.565
 20
46.6053
 11
-130.628
 21
46.5464
  0
LINE
  8
0
 10
-130.628
 20
46.5464
 11
-130.692
 21
46.4902
  0
LINE
  8
0
 10
-130.692
 20
46.4902
 11
-130.76
 21
46.4371
  0
LINE
  8
0
 10
-130.76
 20
46.4371
 11
-130.829
 21
46.3863
  0
LINE
  8
0
 10
-130.829
 20
46.3863
 11
-130.901
 21
46.339
  0
LINE
  8
0
 10
-130.901
 20
46.339
 11
-130.974
 21
46.2945
  0
LINE
  8
0
 10
-130.974
 20
46.2945
 11
-131.05
 21
46.253
  0
LINE
  8
0
 10
-131.05
 20
46.253
 11
-131.126
 21
46.215
  0
LINE
  8
0
 10
-131.126
 20
46.215
 11
-131.205
 21
46.1801
  0
LINE
  8
0
 10
-131.205
 20
46.1801
 11
-131.285
 21
46.1483
  0
LINE
  8
0
 10
-131.285
 20
46.1483
 11
-131.366
 21
46.1201
  0
LINE
  8
0
 10
-131.366
 20
46.1201
 11
-131.448
 21
46.0952
  0
LINE
  8
0
 10
-131.448
 20
46.0952
 11
-131.531
 21
46.0739
  0
LINE
  8
0
 10
-131.531
 20
46.0739
 11
-131.615
 21
46.0561
  0
LINE
  8
0
 10
-131.615
 20
46.0561
 11
-131.7
 21
46.0418
  0
LINE
  8
0
 10
-131.7
 20
46.0418
 11
-131.785
 21
46.0309
  0
LINE
  8
0
 10
-131.785
 20
46.0309
 11
-131.871
 21
46.0239
  0
LINE
  8
0
 10
-131.871
 20
46.0239
 11
-131.956
 21
46.0204
  0
LINE
  8
0
 10
-131.956
 20
46.0204
 11
-132.042
 21
46.0204
  0
LINE
  8
0
 10
11.9574
 20
46.0204
 11
11.8718
 21
46.0239
  0
LINE
  8
0
 10
11.8718
 20
46.0239
 11
11.7861
 21
46.0309
  0
LINE
  8
0
 10
11.7861
 20
46.0309
 11
11.7008
 21
46.0418
  0
LINE
  8
0
 10
11.7008
 20
46.0418
 11
11.6163
 21
46.0561
  0
LINE
  8
0
 10
11.6163
 20
46.0561
 11
11.5322
 21
46.0739
  0
LINE
  8
0
 10
11.5322
 20
46.0739
 11
11.4489
 21
46.0952
  0
LINE
  8
0
 10
11.4489
 20
46.0952
 11
11.3667
 21
46.1201
  0
LINE
  8
0
 10
11.3667
 20
46.1201
 11
11.2857
 21
46.1483
  0
LINE
  8
0
 10
11.2857
 20
46.1483
 11
11.2059
 21
46.1801
  0
LINE
  8
0
 10
11.2059
 20
46.1801
 11
11.1276
 21
46.215
  0
LINE
  8
0
 10
11.1276
 20
46.215
 11
11.0505
 21
46.253
  0
LINE
  8
0
 10
11.0505
 20
46.253
 11
10.9753
 21
46.2945
  0
LINE
  8
0
 10
10.9753
 20
46.2945
 11
10.9017
 21
46.339
  0
LINE
  8
0
 10
10.9017
 20
46.339
 11
10.8303
 21
46.3863
  0
LINE
  8
0
 10
10.8303
 20
46.3863
 11
10.761
 21
46.4371
  0
LINE
  8
0
 10
10.761
 20
46.4371
 11
10.6935
 21
46.4902
  0
LINE
  8
0
 10
10.6935
 20
46.4902
 11
10.6284
 21
46.5464
  0
LINE
  8
0
 10
10.6284
 20
46.5464
 11
10.566
 21
46.6053
  0
LINE
  8
0
 10
10.566
 20
46.6053
 11
10.5059
 21
46.6665
  0
LINE
  8
0
 10
10.5059
 20
46.6665
 11
10.4486
 21
46.7305
  0
LINE
  8
0
 10
10.4486
 20
46.7305
 11
10.3936
 21
46.7964
  0
LINE
  8
0
 10
10.3936
 20
46.7964
 11
10.3416
 21
46.865
  0
LINE
  8
0
 10
10.3416
 20
46.865
 11
10.2928
 21
46.9355
  0
LINE
  8
0
 10
10.2928
 20
46.9355
 11
10.2467
 21
47.008
  0
LINE
  8
0
 10
10.2467
 20
47.008
 11
10.204
 21
47.0824
  0
LINE
  8
0
 10
10.204
 20
47.0824
 11
10.1641
 21
47.1584
  0
LINE
  8
0
 10
10.1641
 20
47.1584
 11
10.1277
 21
47.2359
  0
LINE
  8
0
 10
10.1277
 20
47.2359
 11
10.0943
 21
47.3153
  0
LINE
  8
0
 10
10.0943
 20
47.3153
 11
10.0645
 21
47.3956
  0
LINE
  8
0
 10
10.0645
 20
47.3956
 11
10.0378
 21
47.4773
  0
LINE
  8
0
 10
10.0378
 20
47.4773
 11
10.0145
 21
47.5599
  0
LINE
  8
0
 10
10.0145
 20
47.5599
 11
9.99513
 21
47.6436
  0
LINE
  8
0
 10
9.99513
 20
47.6436
 11
9.97885
 21
47.7281
  0
LINE
  8
0
 10
9.97885
 20
47.7281
 11
9.96645
 21
47.813
  0
LINE
  8
0
 10
9.96645
 20
47.813
 11
9.95753
 21
47.8982
  0
LINE
  8
0
 10
9.95753
 20
47.8982
 11
9.95211
 21
47.9839
  0
LINE
  8
0
 10
9.95211
 20
47.9839
 11
9.95017
 21
48.0699
  0
LINE
  8
0
 10
9.95017
 20
48.0699
 11
9.95211
 21
48.1556
  0
LINE
  8
0
 10
9.95211
 20
48.1556
 11
9.95753
 21
48.2412
  0
LINE
  8
0
 10
9.95753
 20
48.2412
 11
9.96645
 21
48.3269
  0
LINE
  8
0
 10
9.96645
 20
48.3269
 11
9.97885
 21
48.4118
  0
LINE
  8
0
 10
9.97885
 20
48.4118
 11
9.99513
 21
48.4959
  0
LINE
  8
0
 10
9.99513
 20
48.4959
 11
10.0145
 21
48.5796
  0
LINE
  8
0
 10
10.0145
 20
48.5796
 11
10.0378
 21
48.6621
  0
LINE
  8
0
 10
10.0378
 20
48.6621
 11
10.0645
 21
48.7439
  0
LINE
  8
0
 10
10.0645
 20
48.7439
 11
10.0943
 21
48.8245
  0
LINE
  8
0
 10
10.0943
 20
48.8245
 11
10.1277
 21
48.9036
  0
LINE
  8
0
 10
10.1277
 20
48.9036
 11
10.1641
 21
48.9811
  0
LINE
  8
0
 10
10.1641
 20
48.9811
 11
10.204
 21
49.0575
  0
LINE
  8
0
 10
10.204
 20
49.0575
 11
10.2467
 21
49.1319
  0
LINE
  8
0
 10
10.2467
 20
49.1319
 11
10.2928
 21
49.2044
  0
LINE
  8
0
 10
10.2928
 20
49.2044
 11
10.3416
 21
49.2749
  0
LINE
  8
0
 10
10.3416
 20
49.2749
 11
10.3936
 21
49.3431
  0
LINE
  8
0
 10
10.3936
 20
49.3431
 11
10.4486
 21
49.4094
  0
LINE
  8
0
 10
10.4486
 20
49.4094
 11
10.5059
 21
49.4729
  0
LINE
  8
0
 10
10.5059
 20
49.4729
 11
10.566
 21
49.5346
  0
LINE
  8
0
 10
10.566
 20
49.5346
 11
10.6284
 21
49.5931
  0
LINE
  8
0
 10
10.6284
 20
49.5931
 11
10.6935
 21
49.6493
  0
LINE
  8
0
 10
10.6935
 20
49.6493
 11
10.761
 21
49.7028
  0
LINE
  8
0
 10
10.761
 20
49.7028
 11
10.8303
 21
49.7532
  0
LINE
  8
0
 10
10.8303
 20
49.7532
 11
10.9017
 21
49.8008
  0
LINE
  8
0
 10
10.9017
 20
49.8008
 11
10.9753
 21
49.845
  0
LINE
  8
0
 10
10.9753
 20
49.845
 11
11.0505
 21
49.8865
  0
LINE
  8
0
 10
11.0505
 20
49.8865
 11
11.1276
 21
49.9249
  0
LINE
  8
0
 10
11.1276
 20
49.9249
 11
11.2059
 21
49.9597
  0
LINE
  8
0
 10
11.2059
 20
49.9597
 11
11.2857
 21
49.9911
  0
LINE
  8
0
 10
11.2857
 20
49.9911
 11
11.3667
 21
50.0194
  0
LINE
  8
0
 10
11.3667
 20
50.0194
 11
11.4489
 21
50.0442
  0
LINE
  8
0
 10
11.4489
 20
50.0442
 11
11.5322
 21
50.0655
  0
LINE
  8
0
 10
11.5322
 20
50.0655
 11
11.6163
 21
50.0834
  0
LINE
  8
0
 10
11.6163
 20
50.0834
 11
11.7008
 21
50.0977
  0
LINE
  8
0
 10
11.7008
 20
50.0977
 11
11.7861
 21
50.1086
  0
LINE
  8
0
 10
11.7861
 20
50.1086
 11
11.8718
 21
50.1159
  0
LINE
  8
0
 10
11.8718
 20
50.1159
 11
11.9574
 21
50.1194
  0
LINE
  8
0
 10
11.9574
 20
50.1194
 11
12.0431
 21
50.1194
  0
LINE
  8
0
 10
12.0431
 20
50.1194
 11
12.1291
 21
50.1159
  0
LINE
  8
0
 10
12.1291
 20
50.1159
 11
12.2148
 21
50.1086
  0
LINE
  8
0
 10
12.2148
 20
50.1086
 11
12.2996
 21
50.0977
  0
LINE
  8
0
 10
12.2996
 20
50.0977
 11
12.3845
 21
50.0834
  0
LINE
  8
0
 10
12.3845
 20
50.0834
 11
12.4682
 21
50.0655
  0
LINE
  8
0
 10
12.4682
 20
50.0655
 11
12.5516
 21
50.0442
  0
LINE
  8
0
 10
12.5516
 20
50.0442
 11
12.6337
 21
50.0194
  0
LINE
  8
0
 10
12.6337
 20
50.0194
 11
12.7147
 21
49.9911
  0
LINE
  8
0
 10
12.7147
 20
49.9911
 11
12.7946
 21
49.9597
  0
LINE
  8
0
 10
12.7946
 20
49.9597
 11
12.8732
 21
49.9249
  0
LINE
  8
0
 10
12.8732
 20
49.9249
 11
12.95
 21
49.8865
  0
LINE
  8
0
 10
12.95
 20
49.8865
 11
13.0252
 21
49.845
  0
LINE
  8
0
 10
13.0252
 20
49.845
 11
13.0988
 21
49.8008
  0
LINE
  8
0
 10
13.0988
 20
49.8008
 11
13.1701
 21
49.7532
  0
LINE
  8
0
 10
13.1701
 20
49.7532
 11
13.2399
 21
49.7028
  0
LINE
  8
0
 10
13.2399
 20
49.7028
 11
13.3069
 21
49.6493
  0
LINE
  8
0
 10
13.3069
 20
49.6493
 11
13.3721
 21
49.5931
  0
LINE
  8
0
 10
13.3721
 20
49.5931
 11
13.4345
 21
49.5346
  0
LINE
  8
0
 10
13.4345
 20
49.5346
 11
13.4945
 21
49.4729
  0
LINE
  8
0
 10
13.4945
 20
49.4729
 11
13.5523
 21
49.4094
  0
LINE
  8
0
 10
13.5523
 20
49.4094
 11
13.6069
 21
49.3431
  0
LINE
  8
0
 10
13.6069
 20
49.3431
 11
13.6589
 21
49.2749
  0
LINE
  8
0
 10
13.6589
 20
49.2749
 11
13.7077
 21
49.2044
  0
LINE
  8
0
 10
13.7077
 20
49.2044
 11
13.7538
 21
49.1319
  0
LINE
  8
0
 10
13.7538
 20
49.1319
 11
13.7968
 21
49.0575
  0
LINE
  8
0
 10
13.7968
 20
49.0575
 11
13.8364
 21
48.9811
  0
LINE
  8
0
 10
13.8364
 20
48.9811
 11
13.8732
 21
48.9036
  0
LINE
  8
0
 10
13.8732
 20
48.9036
 11
13.9065
 21
48.8245
  0
LINE
  8
0
 10
13.9065
 20
48.8245
 11
13.9364
 21
48.7439
  0
LINE
  8
0
 10
13.9364
 20
48.7439
 11
13.9627
 21
48.6621
  0
LINE
  8
0
 10
13.9627
 20
48.6621
 11
13.986
 21
48.5796
  0
LINE
  8
0
 10
13.986
 20
48.5796
 11
14.0053
 21
48.4959
  0
LINE
  8
0
 10
14.0053
 20
48.4959
 11
14.0216
 21
48.4118
  0
LINE
  8
0
 10
14.0216
 20
48.4118
 11
14.034
 21
48.3269
  0
LINE
  8
0
 10
14.034
 20
48.3269
 11
14.0429
 21
48.2412
  0
LINE
  8
0
 10
14.0429
 20
48.2412
 11
14.0484
 21
48.1556
  0
LINE
  8
0
 10
14.0484
 20
48.1556
 11
14.0503
 21
48.0699
  0
LINE
  8
0
 10
14.0503
 20
48.0699
 11
14.0484
 21
47.9839
  0
LINE
  8
0
 10
14.0484
 20
47.9839
 11
14.0429
 21
47.8982
  0
LINE
  8
0
 10
14.0429
 20
47.8982
 11
14.034
 21
47.813
  0
LINE
  8
0
 10
14.034
 20
47.813
 11
14.0216
 21
47.7281
  0
LINE
  8
0
 10
14.0216
 20
47.7281
 11
14.0053
 21
47.6436
  0
LINE
  8
0
 10
14.0053
 20
47.6436
 11
13.986
 21
47.5599
  0
LINE
  8
0
 10
13.986
 20
47.5599
 11
13.9627
 21
47.4773
  0
LINE
  8
0
 10
13.9627
 20
47.4773
 11
13.9364
 21
47.3956
  0
LINE
  8
0
 10
13.9364
 20
47.3956
 11
13.9065
 21
47.3153
  0
LINE
  8
0
 10
13.9065
 20
47.3153
 11
13.8732
 21
47.2359
  0
LINE
  8
0
 10
13.8732
 20
47.2359
 11
13.8364
 21
47.1584
  0
LINE
  8
0
 10
13.8364
 20
47.1584
 11
13.7968
 21
47.0824
  0
LINE
  8
0
 10
13.7968
 20
47.0824
 11
13.7538
 21
47.008
  0
LINE
  8
0
 10
13.7538
 20
47.008
 11
13.7077
 21
46.9355
  0
LINE
  8
0
 10
13.7077
 20
46.9355
 11
13.6589
 21
46.865
  0
LINE
  8
0
 10
13.6589
 20
46.865
 11
13.6069
 21
46.7964
  0
LINE
  8
0
 10
13.6069
 20
46.7964
 11
13.5523
 21
46.7305
  0
LINE
  8
0
 10
13.5523
 20
46.7305
 11
13.4945
 21
46.6665
  0
LINE
  8
0
 10
13.4945
 20
46.6665
 11
13.4345
 21
46.6053
  0
LINE
  8
0
 10
13.4345
 20
46.6053
 11
13.3721
 21
46.5464
  0
LINE
  8
0
 10
13.3721
 20
46.5464
 11
13.3069
 21
46.4902
  0
LINE
  8
0
 10
13.3069
 20
46.4902
 11
13.2399
 21
46.4371
  0
LINE
  8
0
 10
13.2399
 20
46.4371
 11
13.1701
 21
46.3863
  0
LINE
  8
0
 10
13.1701
 20
46.3863
 11
13.0988
 21
46.339
  0
LINE
  8
0
 10
13.0988
 20
46.339
 11
13.0252
 21
46.2945
  0
LINE
  8
0
 10
13.0252
 20
46.2945
 11
12.95
 21
46.253
  0
LINE
  8
0
 10
12.95
 20
46.253
 11
12.8732
 21
46.215
  0
LINE
  8
0
 10
12.8732
 20
46.215
 11
12.7946
 21
46.1801
  0
LINE
  8
0
 10
12.7946
 20
46.1801
 11
12.7147
 21
46.1483
  0
LINE
  8
0
 10
12.7147
 20
46.1483
 11
12.6337
 21
46.1201
  0
LINE
  8
0
 10
12.6337
 20
46.1201
 11
12.5516
 21
46.0952
  0
LINE
  8
0
 10
12.5516
 20
46.0952
 11
12.4682
 21
46.0739
  0
LINE
  8
0
 10
12.4682
 20
46.0739
 11
12.3845
 21
46.0561
  0
LINE
  8
0
 10
12.3845
 20
46.0561
 11
12.2996
 21
46.0418
  0
LINE
  8
0
 10
12.2996
 20
46.0418
 11
12.2148
 21
46.0309
  0
LINE
  8
0
 10
12.2148
 20
46.0309
 11
12.1291
 21
46.0239
  0
LINE
  8
0
 10
12.1291
 20
46.0239
 11
12.0431
 21
46.0204
  0
LINE
  8
0
 10
12.0431
 20
46.0204
 11
11.9574
 21
46.0204
  0
LINE
  8
0
 10
91.9572
 20
46.0204
 11
91.8715
 21
46.0239
  0
LINE
  8
0
 10
91.8715
 20
46.0239
 11
91.7859
 21
46.0309
  0
LINE
  8
0
 10
91.7859
 20
46.0309
 11
91.701
 21
46.0418
  0
LINE
  8
0
 10
91.701
 20
46.0418
 11
91.6161
 21
46.0561
  0
LINE
  8
0
 10
91.6161
 20
46.0561
 11
91.532
 21
46.0739
  0
LINE
  8
0
 10
91.532
 20
46.0739
 11
91.4491
 21
46.0952
  0
LINE
  8
0
 10
91.4491
 20
46.0952
 11
91.3669
 21
46.1201
  0
LINE
  8
0
 10
91.3669
 20
46.1201
 11
91.2859
 21
46.1483
  0
LINE
  8
0
 10
91.2859
 20
46.1483
 11
91.2061
 21
46.1801
  0
LINE
  8
0
 10
91.2061
 20
46.1801
 11
91.1274
 21
46.215
  0
LINE
  8
0
 10
91.1274
 20
46.215
 11
91.0506
 21
46.253
  0
LINE
  8
0
 10
91.0506
 20
46.253
 11
90.9755
 21
46.2945
  0
LINE
  8
0
 10
90.9755
 20
46.2945
 11
90.9018
 21
46.339
  0
LINE
  8
0
 10
90.9018
 20
46.339
 11
90.8305
 21
46.3863
  0
LINE
  8
0
 10
90.8305
 20
46.3863
 11
90.7607
 21
46.4371
  0
LINE
  8
0
 10
90.7607
 20
46.4371
 11
90.6937
 21
46.4902
  0
LINE
  8
0
 10
90.6937
 20
46.4902
 11
90.6286
 21
46.5464
  0
LINE
  8
0
 10
90.6286
 20
46.5464
 11
90.5658
 21
46.6053
  0
LINE
  8
0
 10
90.5658
 20
46.6053
 11
90.5057
 21
46.6665
  0
LINE
  8
0
 10
90.5057
 20
46.6665
 11
90.4484
 21
46.7305
  0
LINE
  8
0
 10
90.4484
 20
46.7305
 11
90.3937
 21
46.7964
  0
LINE
  8
0
 10
90.3937
 20
46.7964
 11
90.3418
 21
46.865
  0
LINE
  8
0
 10
90.3418
 20
46.865
 11
90.2929
 21
46.9355
  0
LINE
  8
0
 10
90.2929
 20
46.9355
 11
90.2468
 21
47.008
  0
LINE
  8
0
 10
90.2468
 20
47.008
 11
90.2038
 21
47.0824
  0
LINE
  8
0
 10
90.2038
 20
47.0824
 11
90.1643
 21
47.1584
  0
LINE
  8
0
 10
90.1643
 20
47.1584
 11
90.1274
 21
47.2359
  0
LINE
  8
0
 10
90.1274
 20
47.2359
 11
90.0941
 21
47.3153
  0
LINE
  8
0
 10
90.0941
 20
47.3153
 11
90.0643
 21
47.3956
  0
LINE
  8
0
 10
90.0643
 20
47.3956
 11
90.0379
 21
47.4773
  0
LINE
  8
0
 10
90.0379
 20
47.4773
 11
90.0147
 21
47.5599
  0
LINE
  8
0
 10
90.0147
 20
47.5599
 11
89.9949
 21
47.6436
  0
LINE
  8
0
 10
89.9949
 20
47.6436
 11
89.979
 21
47.7281
  0
LINE
  8
0
 10
89.979
 20
47.7281
 11
89.9666
 21
47.813
  0
LINE
  8
0
 10
89.9666
 20
47.813
 11
89.9573
 21
47.8982
  0
LINE
  8
0
 10
89.9573
 20
47.8982
 11
89.9523
 21
47.9839
  0
LINE
  8
0
 10
89.9523
 20
47.9839
 11
89.9503
 21
48.0699
  0
LINE
  8
0
 10
89.9503
 20
48.0699
 11
89.9523
 21
48.1556
  0
LINE
  8
0
 10
89.9523
 20
48.1556
 11
89.9573
 21
48.2412
  0
LINE
  8
0
 10
89.9573
 20
48.2412
 11
89.9666
 21
48.3269
  0
LINE
  8
0
 10
89.9666
 20
48.3269
 11
89.979
 21
48.4118
  0
LINE
  8
0
 10
89.979
 20
48.4118
 11
89.9949
 21
48.4959
  0
LINE
  8
0
 10
89.9949
 20
48.4959
 11
90.0147
 21
48.5796
  0
LINE
  8
0
 10
90.0147
 20
48.5796
 11
90.0379
 21
48.6621
  0
LINE
  8
0
 10
90.0379
 20
48.6621
 11
90.0643
 21
48.7439
  0
LINE
  8
0
 10
90.0643
 20
48.7439
 11
90.0941
 21
48.8245
  0
LINE
  8
0
 10
90.0941
 20
48.8245
 11
90.1274
 21
48.9036
  0
LINE
  8
0
 10
90.1274
 20
48.9036
 11
90.1643
 21
48.9811
  0
LINE
  8
0
 10
90.1643
 20
48.9811
 11
90.2038
 21
49.0575
  0
LINE
  8
0
 10
90.2038
 20
49.0575
 11
90.2468
 21
49.1319
  0
LINE
  8
0
 10
90.2468
 20
49.1319
 11
90.2929
 21
49.2044
  0
LINE
  8
0
 10
90.2929
 20
49.2044
 11
90.3418
 21
49.2749
  0
LINE
  8
0
 10
90.3418
 20
49.2749
 11
90.3937
 21
49.3431
  0
LINE
  8
0
 10
90.3937
 20
49.3431
 11
90.4484
 21
49.4094
  0
LINE
  8
0
 10
90.4484
 20
49.4094
 11
90.5057
 21
49.4729
  0
LINE
  8
0
 10
90.5057
 20
49.4729
 11
90.5658
 21
49.5346
  0
LINE
  8
0
 10
90.5658
 20
49.5346
 11
90.6286
 21
49.5931
  0
LINE
  8
0
 10
90.6286
 20
49.5931
 11
90.6937
 21
49.6493
  0
LINE
  8
0
 10
90.6937
 20
49.6493
 11
90.7607
 21
49.7028
  0
LINE
  8
0
 10
90.7607
 20
49.7028
 11
90.8305
 21
49.7532
  0
LINE
  8
0
 10
90.8305
 20
49.7532
 11
90.9018
 21
49.8008
  0
LINE
  8
0
 10
90.9018
 20
49.8008
 11
90.9755
 21
49.845
  0
LINE
  8
0
 10
90.9755
 20
49.845
 11
91.0506
 21
49.8865
  0
LINE
  8
0
 10
91.0506
 20
49.8865
 11
91.1274
 21
49.9249
  0
LINE
  8
0
 10
91.1274
 20
49.9249
 11
91.2061
 21
49.9597
  0
LINE
  8
0
 10
91.2061
 20
49.9597
 11
91.2859
 21
49.9911
  0
LINE
  8
0
 10
91.2859
 20
49.9911
 11
91.3669
 21
50.0194
  0
LINE
  8
0
 10
91.3669
 20
50.0194
 11
91.4491
 21
50.0442
  0
LINE
  8
0
 10
91.4491
 20
50.0442
 11
91.532
 21
50.0655
  0
LINE
  8
0
 10
91.532
 20
50.0655
 11
91.6161
 21
50.0834
  0
LINE
  8
0
 10
91.6161
 20
50.0834
 11
91.701
 21
50.0977
  0
LINE
  8
0
 10
91.701
 20
50.0977
 11
91.7859
 21
50.1086
  0
LINE
  8
0
 10
91.7859
 20
50.1086
 11
91.8715
 21
50.1159
  0
LINE
  8
0
 10
91.8715
 20
50.1159
 11
91.9572
 21
50.1194
  0
LINE
  8
0
 10
91.9572
 20
50.1194
 11
92.0432
 21
50.1194
  0
LINE
  8
0
 10
92.0432
 20
50.1194
 11
92.1289
 21
50.1159
  0
LINE
  8
0
 10
92.1289
 20
50.1159
 11
92.2145
 21
50.1086
  0
LINE
  8
0
 10
92.2145
 20
50.1086
 11
92.2998
 21
50.0977
  0
LINE
  8
0
 10
92.2998
 20
50.0977
 11
92.3843
 21
50.0834
  0
LINE
  8
0
 10
92.3843
 20
50.0834
 11
92.4684
 21
50.0655
  0
LINE
  8
0
 10
92.4684
 20
50.0655
 11
92.5517
 21
50.0442
  0
LINE
  8
0
 10
92.5517
 20
50.0442
 11
92.6339
 21
50.0194
  0
LINE
  8
0
 10
92.6339
 20
50.0194
 11
92.7149
 21
49.9911
  0
LINE
  8
0
 10
92.7149
 20
49.9911
 11
92.7947
 21
49.9597
  0
LINE
  8
0
 10
92.7947
 20
49.9597
 11
92.873
 21
49.9249
  0
LINE
  8
0
 10
92.873
 20
49.9249
 11
92.9501
 21
49.8865
  0
LINE
  8
0
 10
92.9501
 20
49.8865
 11
93.0253
 21
49.845
  0
LINE
  8
0
 10
93.0253
 20
49.845
 11
93.0986
 21
49.8008
  0
LINE
  8
0
 10
93.0986
 20
49.8008
 11
93.1703
 21
49.7532
  0
LINE
  8
0
 10
93.1703
 20
49.7532
 11
93.2397
 21
49.7028
  0
LINE
  8
0
 10
93.2397
 20
49.7028
 11
93.3071
 21
49.6493
  0
LINE
  8
0
 10
93.3071
 20
49.6493
 11
93.3718
 21
49.5931
  0
LINE
  8
0
 10
93.3718
 20
49.5931
 11
93.4346
 21
49.5346
  0
LINE
  8
0
 10
93.4346
 20
49.5346
 11
93.4947
 21
49.4729
  0
LINE
  8
0
 10
93.4947
 20
49.4729
 11
93.552
 21
49.4094
  0
LINE
  8
0
 10
93.552
 20
49.4094
 11
93.6067
 21
49.3431
  0
LINE
  8
0
 10
93.6067
 20
49.3431
 11
93.6586
 21
49.2749
  0
LINE
  8
0
 10
93.6586
 20
49.2749
 11
93.7078
 21
49.2044
  0
LINE
  8
0
 10
93.7078
 20
49.2044
 11
93.754
 21
49.1319
  0
LINE
  8
0
 10
93.754
 20
49.1319
 11
93.7966
 21
49.0575
  0
LINE
  8
0
 10
93.7966
 20
49.0575
 11
93.8365
 21
48.9811
  0
LINE
  8
0
 10
93.8365
 20
48.9811
 11
93.873
 21
48.9036
  0
LINE
  8
0
 10
93.873
 20
48.9036
 11
93.9063
 21
48.8245
  0
LINE
  8
0
 10
93.9063
 20
48.8245
 11
93.9361
 21
48.7439
  0
LINE
  8
0
 10
93.9361
 20
48.7439
 11
93.9629
 21
48.6621
  0
LINE
  8
0
 10
93.9629
 20
48.6621
 11
93.9857
 21
48.5796
  0
LINE
  8
0
 10
93.9857
 20
48.5796
 11
94.0055
 21
48.4959
  0
LINE
  8
0
 10
94.0055
 20
48.4959
 11
94.0214
 21
48.4118
  0
LINE
  8
0
 10
94.0214
 20
48.4118
 11
94.0342
 21
48.3269
  0
LINE
  8
0
 10
94.0342
 20
48.3269
 11
94.0431
 21
48.2412
  0
LINE
  8
0
 10
94.0431
 20
48.2412
 11
94.0485
 21
48.1556
  0
LINE
  8
0
 10
94.0485
 20
48.1556
 11
94.0505
 21
48.0699
  0
LINE
  8
0
 10
94.0505
 20
48.0699
 11
94.0485
 21
47.9839
  0
LINE
  8
0
 10
94.0485
 20
47.9839
 11
94.0431
 21
47.8982
  0
LINE
  8
0
 10
94.0431
 20
47.8982
 11
94.0342
 21
47.813
  0
LINE
  8
0
 10
94.0342
 20
47.813
 11
94.0214
 21
47.7281
  0
LINE
  8
0
 10
94.0214
 20
47.7281
 11
94.0055
 21
47.6436
  0
LINE
  8
0
 10
94.0055
 20
47.6436
 11
93.9857
 21
47.5599
  0
LINE
  8
0
 10
93.9857
 20
47.5599
 11
93.9629
 21
47.4773
  0
LINE
  8
0
 10
93.9629
 20
47.4773
 11
93.9361
 21
47.3956
  0
LINE
  8
0
 10
93.9361
 20
47.3956
 11
93.9063
 21
47.3153
  0
LINE
  8
0
 10
93.9063
 20
47.3153
 11
93.873
 21
47.2359
  0
LINE
  8
0
 10
93.873
 20
47.2359
 11
93.8365
 21
47.1584
  0
LINE
  8
0
 10
93.8365
 20
47.1584
 11
93.7966
 21
47.0824
  0
LINE
  8
0
 10
93.7966
 20
47.0824
 11
93.754
 21
47.008
  0
LINE
  8
0
 10
93.754
 20
47.008
 11
93.7078
 21
46.9355
  0
LINE
  8
0
 10
93.7078
 20
46.9355
 11
93.6586
 21
46.865
  0
LINE
  8
0
 10
93.6586
 20
46.865
 11
93.6067
 21
46.7964
  0
LINE
  8
0
 10
93.6067
 20
46.7964
 11
93.552
 21
46.7305
  0
LINE
  8
0
 10
93.552
 20
46.7305
 11
93.4947
 21
46.6665
  0
LINE
  8
0
 10
93.4947
 20
46.6665
 11
93.4346
 21
46.6053
  0
LINE
  8
0
 10
93.4346
 20
46.6053
 11
93.3718
 21
46.5464
  0
LINE
  8
0
 10
93.3718
 20
46.5464
 11
93.3071
 21
46.4902
  0
LINE
  8
0
 10
93.3071
 20
46.4902
 11
93.2397
 21
46.4371
  0
LINE
  8
0
 10
93.2397
 20
46.4371
 11
93.1703
 21
46.3863
  0
LINE
  8
0
 10
93.1703
 20
46.3863
 11
93.0986
 21
46.339
  0
LINE
  8
0
 10
93.0986
 20
46.339
 11
93.0253
 21
46.2945
  0
LINE
  8
0
 10
93.0253
 20
46.2945
 11
92.9501
 21
46.253
  0
LINE
  8
0
 10
92.9501
 20
46.253
 11
92.873
 21
46.215
  0
LINE
  8
0
 10
92.873
 20
46.215
 11
92.7947
 21
46.1801
  0
LINE
  8
0
 10
92.7947
 20
46.1801
 11
92.7149
 21
46.1483
  0
LINE
  8
0
 10
92.7149
 20
46.1483
 11
92.6339
 21
46.1201
  0
LINE
  8
0
 10
92.6339
 20
46.1201
 11
92.5517
 21
46.0952
  0
LINE
  8
0
 10
92.5517
 20
46.0952
 11
92.4684
 21
46.0739
  0
LINE
  8
0
 10
92.4684
 20
46.0739
 11
92.3843
 21
46.0561
  0
LINE
  8
0
 10
92.3843
 20
46.0561
 11
92.2998
 21
46.0418
  0
LINE
  8
0
 10
92.2998
 20
46.0418
 11
92.2145
 21
46.0309
  0
LINE
  8
0
 10
92.2145
 20
46.0309
 11
92.1289
 21
46.0239
  0
LINE
  8
0
 10
92.1289
 20
46.0239
 11
92.0432
 21
46.0204
  0
LINE
  8
0
 10
92.0432
 20
46.0204
 11
91.9572
 21
46.0204
  0
LINE
  8
0
 10
59.9572
 20
46.0204
 11
59.8715
 21
46.0239
  0
LINE
  8
0
 10
59.8715
 20
46.0239
 11
59.7859
 21
46.0309
  0
LINE
  8
0
 10
59.7859
 20
46.0309
 11
59.701
 21
46.0418
  0
LINE
  8
0
 10
59.701
 20
46.0418
 11
59.6161
 21
46.0561
  0
LINE
  8
0
 10
59.6161
 20
46.0561
 11
59.532
 21
46.0739
  0
LINE
  8
0
 10
59.532
 20
46.0739
 11
59.4491
 21
46.0952
  0
LINE
  8
0
 10
59.4491
 20
46.0952
 11
59.3669
 21
46.1201
  0
LINE
  8
0
 10
59.3669
 20
46.1201
 11
59.2855
 21
46.1483
  0
LINE
  8
0
 10
59.2855
 20
46.1483
 11
59.2057
 21
46.1801
  0
LINE
  8
0
 10
59.2057
 20
46.1801
 11
59.1274
 21
46.215
  0
LINE
  8
0
 10
59.1274
 20
46.215
 11
59.0507
 21
46.253
  0
LINE
  8
0
 10
59.0507
 20
46.253
 11
58.9755
 21
46.2945
  0
LINE
  8
0
 10
58.9755
 20
46.2945
 11
58.9018
 21
46.339
  0
LINE
  8
0
 10
58.9018
 20
46.339
 11
58.8301
 21
46.3863
  0
LINE
  8
0
 10
58.8301
 20
46.3863
 11
58.7608
 21
46.4371
  0
LINE
  8
0
 10
58.7608
 20
46.4371
 11
58.6937
 21
46.4902
  0
LINE
  8
0
 10
58.6937
 20
46.4902
 11
58.6286
 21
46.5464
  0
LINE
  8
0
 10
58.6286
 20
46.5464
 11
58.5658
 21
46.6053
  0
LINE
  8
0
 10
58.5658
 20
46.6053
 11
58.5057
 21
46.6665
  0
LINE
  8
0
 10
58.5057
 20
46.6665
 11
58.4484
 21
46.7305
  0
LINE
  8
0
 10
58.4484
 20
46.7305
 11
58.3937
 21
46.7964
  0
LINE
  8
0
 10
58.3937
 20
46.7964
 11
58.3418
 21
46.865
  0
LINE
  8
0
 10
58.3418
 20
46.865
 11
58.293
 21
46.9355
  0
LINE
  8
0
 10
58.293
 20
46.9355
 11
58.2468
 21
47.008
  0
LINE
  8
0
 10
58.2468
 20
47.008
 11
58.2038
 21
47.0824
  0
LINE
  8
0
 10
58.2038
 20
47.0824
 11
58.1639
 21
47.1584
  0
LINE
  8
0
 10
58.1639
 20
47.1584
 11
58.1275
 21
47.2359
  0
LINE
  8
0
 10
58.1275
 20
47.2359
 11
58.0941
 21
47.3153
  0
LINE
  8
0
 10
58.0941
 20
47.3153
 11
58.0643
 21
47.3956
  0
LINE
  8
0
 10
58.0643
 20
47.3956
 11
58.0379
 21
47.4773
  0
LINE
  8
0
 10
58.0379
 20
47.4773
 11
58.0147
 21
47.5599
  0
LINE
  8
0
 10
58.0147
 20
47.5599
 11
57.9949
 21
47.6436
  0
LINE
  8
0
 10
57.9949
 20
47.6436
 11
57.979
 21
47.7281
  0
LINE
  8
0
 10
57.979
 20
47.7281
 11
57.9666
 21
47.813
  0
LINE
  8
0
 10
57.9666
 20
47.813
 11
57.9573
 21
47.8982
  0
LINE
  8
0
 10
57.9573
 20
47.8982
 11
57.9519
 21
47.9839
  0
LINE
  8
0
 10
57.9519
 20
47.9839
 11
57.9503
 21
48.0699
  0
LINE
  8
0
 10
57.9503
 20
48.0699
 11
57.9519
 21
48.1556
  0
LINE
  8
0
 10
57.9519
 20
48.1556
 11
57.9573
 21
48.2412
  0
LINE
  8
0
 10
57.9573
 20
48.2412
 11
57.9666
 21
48.3269
  0
LINE
  8
0
 10
57.9666
 20
48.3269
 11
57.979
 21
48.4118
  0
LINE
  8
0
 10
57.979
 20
48.4118
 11
57.9949
 21
48.4959
  0
LINE
  8
0
 10
57.9949
 20
48.4959
 11
58.0147
 21
48.5796
  0
LINE
  8
0
 10
58.0147
 20
48.5796
 11
58.0379
 21
48.6621
  0
LINE
  8
0
 10
58.0379
 20
48.6621
 11
58.0643
 21
48.7439
  0
LINE
  8
0
 10
58.0643
 20
48.7439
 11
58.0941
 21
48.8245
  0
LINE
  8
0
 10
58.0941
 20
48.8245
 11
58.1275
 21
48.9036
  0
LINE
  8
0
 10
58.1275
 20
48.9036
 11
58.1639
 21
48.9811
  0
LINE
  8
0
 10
58.1639
 20
48.9811
 11
58.2038
 21
49.0575
  0
LINE
  8
0
 10
58.2038
 20
49.0575
 11
58.2468
 21
49.1319
  0
LINE
  8
0
 10
58.2468
 20
49.1319
 11
58.293
 21
49.2044
  0
LINE
  8
0
 10
58.293
 20
49.2044
 11
58.3418
 21
49.2749
  0
LINE
  8
0
 10
58.3418
 20
49.2749
 11
58.3937
 21
49.3431
  0
LINE
  8
0
 10
58.3937
 20
49.3431
 11
58.4484
 21
49.4094
  0
LINE
  8
0
 10
58.4484
 20
49.4094
 11
58.5057
 21
49.4729
  0
LINE
  8
0
 10
58.5057
 20
49.4729
 11
58.5658
 21
49.5346
  0
LINE
  8
0
 10
58.5658
 20
49.5346
 11
58.6286
 21
49.5931
  0
LINE
  8
0
 10
58.6286
 20
49.5931
 11
58.6937
 21
49.6493
  0
LINE
  8
0
 10
58.6937
 20
49.6493
 11
58.7608
 21
49.7028
  0
LINE
  8
0
 10
58.7608
 20
49.7028
 11
58.8301
 21
49.7532
  0
LINE
  8
0
 10
58.8301
 20
49.7532
 11
58.9018
 21
49.8008
  0
LINE
  8
0
 10
58.9018
 20
49.8008
 11
58.9755
 21
49.845
  0
LINE
  8
0
 10
58.9755
 20
49.845
 11
59.0507
 21
49.8865
  0
LINE
  8
0
 10
59.0507
 20
49.8865
 11
59.1274
 21
49.9249
  0
LINE
  8
0
 10
59.1274
 20
49.9249
 11
59.2057
 21
49.9597
  0
LINE
  8
0
 10
59.2057
 20
49.9597
 11
59.2855
 21
49.9911
  0
LINE
  8
0
 10
59.2855
 20
49.9911
 11
59.3669
 21
50.0194
  0
LINE
  8
0
 10
59.3669
 20
50.0194
 11
59.4491
 21
50.0442
  0
LINE
  8
0
 10
59.4491
 20
50.0442
 11
59.532
 21
50.0655
  0
LINE
  8
0
 10
59.532
 20
50.0655
 11
59.6161
 21
50.0834
  0
LINE
  8
0
 10
59.6161
 20
50.0834
 11
59.701
 21
50.0977
  0
LINE
  8
0
 10
59.701
 20
50.0977
 11
59.7859
 21
50.1086
  0
LINE
  8
0
 10
59.7859
 20
50.1086
 11
59.8715
 21
50.1159
  0
LINE
  8
0
 10
59.8715
 20
50.1159
 11
59.9572
 21
50.1194
  0
LINE
  8
0
 10
59.9572
 20
50.1194
 11
60.0432
 21
50.1194
  0
LINE
  8
0
 10
60.0432
 20
50.1194
 11
60.1289
 21
50.1159
  0
LINE
  8
0
 10
60.1289
 20
50.1159
 11
60.2145
 21
50.1086
  0
LINE
  8
0
 10
60.2145
 20
50.1086
 11
60.2998
 21
50.0977
  0
LINE
  8
0
 10
60.2998
 20
50.0977
 11
60.3843
 21
50.0834
  0
LINE
  8
0
 10
60.3843
 20
50.0834
 11
60.4684
 21
50.0655
  0
LINE
  8
0
 10
60.4684
 20
50.0655
 11
60.5517
 21
50.0442
  0
LINE
  8
0
 10
60.5517
 20
50.0442
 11
60.6339
 21
50.0194
  0
LINE
  8
0
 10
60.6339
 20
50.0194
 11
60.7149
 21
49.9911
  0
LINE
  8
0
 10
60.7149
 20
49.9911
 11
60.7947
 21
49.9597
  0
LINE
  8
0
 10
60.7947
 20
49.9597
 11
60.873
 21
49.9249
  0
LINE
  8
0
 10
60.873
 20
49.9249
 11
60.9502
 21
49.8865
  0
LINE
  8
0
 10
60.9502
 20
49.8865
 11
61.0253
 21
49.845
  0
LINE
  8
0
 10
61.0253
 20
49.845
 11
61.0986
 21
49.8008
  0
LINE
  8
0
 10
61.0986
 20
49.8008
 11
61.1703
 21
49.7532
  0
LINE
  8
0
 10
61.1703
 20
49.7532
 11
61.2397
 21
49.7028
  0
LINE
  8
0
 10
61.2397
 20
49.7028
 11
61.3071
 21
49.6493
  0
LINE
  8
0
 10
61.3071
 20
49.6493
 11
61.3718
 21
49.5931
  0
LINE
  8
0
 10
61.3718
 20
49.5931
 11
61.4346
 21
49.5346
  0
LINE
  8
0
 10
61.4346
 20
49.5346
 11
61.4947
 21
49.4729
  0
LINE
  8
0
 10
61.4947
 20
49.4729
 11
61.5521
 21
49.4094
  0
LINE
  8
0
 10
61.5521
 20
49.4094
 11
61.6067
 21
49.3431
  0
LINE
  8
0
 10
61.6067
 20
49.3431
 11
61.6586
 21
49.2749
  0
LINE
  8
0
 10
61.6586
 20
49.2749
 11
61.7079
 21
49.2044
  0
LINE
  8
0
 10
61.7079
 20
49.2044
 11
61.754
 21
49.1319
  0
LINE
  8
0
 10
61.754
 20
49.1319
 11
61.7966
 21
49.0575
  0
LINE
  8
0
 10
61.7966
 20
49.0575
 11
61.8365
 21
48.9811
  0
LINE
  8
0
 10
61.8365
 20
48.9811
 11
61.873
 21
48.9036
  0
LINE
  8
0
 10
61.873
 20
48.9036
 11
61.9063
 21
48.8245
  0
LINE
  8
0
 10
61.9063
 20
48.8245
 11
61.9361
 21
48.7439
  0
LINE
  8
0
 10
61.9361
 20
48.7439
 11
61.9629
 21
48.6621
  0
LINE
  8
0
 10
61.9629
 20
48.6621
 11
61.9858
 21
48.5796
  0
LINE
  8
0
 10
61.9858
 20
48.5796
 11
62.0055
 21
48.4959
  0
LINE
  8
0
 10
62.0055
 20
48.4959
 11
62.0214
 21
48.4118
  0
LINE
  8
0
 10
62.0214
 20
48.4118
 11
62.0342
 21
48.3269
  0
LINE
  8
0
 10
62.0342
 20
48.3269
 11
62.0431
 21
48.2412
  0
LINE
  8
0
 10
62.0431
 20
48.2412
 11
62.0485
 21
48.1556
  0
LINE
  8
0
 10
62.0485
 20
48.1556
 11
62.0505
 21
48.0699
  0
LINE
  8
0
 10
62.0505
 20
48.0699
 11
62.0485
 21
47.9839
  0
LINE
  8
0
 10
62.0485
 20
47.9839
 11
62.0431
 21
47.8982
  0
LINE
  8
0
 10
62.0431
 20
47.8982
 11
62.0342
 21
47.813
  0
LINE
  8
0
 10
62.0342
 20
47.813
 11
62.0214
 21
47.7281
  0
LINE
  8
0
 10
62.0214
 20
47.7281
 11
62.0055
 21
47.6436
  0
LINE
  8
0
 10
62.0055
 20
47.6436
 11
61.9858
 21
47.5599
  0
LINE
  8
0
 10
61.9858
 20
47.5599
 11
61.9629
 21
47.4773
  0
LINE
  8
0
 10
61.9629
 20
47.4773
 11
61.9361
 21
47.3956
  0
LINE
  8
0
 10
61.9361
 20
47.3956
 11
61.9063
 21
47.3153
  0
LINE
  8
0
 10
61.9063
 20
47.3153
 11
61.873
 21
47.2359
  0
LINE
  8
0
 10
61.873
 20
47.2359
 11
61.8365
 21
47.1584
  0
LINE
  8
0
 10
61.8365
 20
47.1584
 11
61.7966
 21
47.0824
  0
LINE
  8
0
 10
61.7966
 20
47.0824
 11
61.754
 21
47.008
  0
LINE
  8
0
 10
61.754
 20
47.008
 11
61.7079
 21
46.9355
  0
LINE
  8
0
 10
61.7079
 20
46.9355
 11
61.6586
 21
46.865
  0
LINE
  8
0
 10
61.6586
 20
46.865
 11
61.6067
 21
46.7964
  0
LINE
  8
0
 10
61.6067
 20
46.7964
 11
61.5521
 21
46.7305
  0
LINE
  8
0
 10
61.5521
 20
46.7305
 11
61.4947
 21
46.6665
  0
LINE
  8
0
 10
61.4947
 20
46.6665
 11
61.4346
 21
46.6053
  0
LINE
  8
0
 10
61.4346
 20
46.6053
 11
61.3718
 21
46.5464
  0
LINE
  8
0
 10
61.3718
 20
46.5464
 11
61.3071
 21
46.4902
  0
LINE
  8
0
 10
61.3071
 20
46.4902
 11
61.2397
 21
46.4371
  0
LINE
  8
0
 10
61.2397
 20
46.4371
 11
61.1703
 21
46.3863
  0
LINE
  8
0
 10
61.1703
 20
46.3863
 11
61.0986
 21
46.339
  0
LINE
  8
0
 10
61.0986
 20
46.339
 11
61.0253
 21
46.2945
  0
LINE
  8
0
 10
61.0253
 20
46.2945
 11
60.9502
 21
46.253
  0
LINE
  8
0
 10
60.9502
 20
46.253
 11
60.873
 21
46.215
  0
LINE
  8
0
 10
60.873
 20
46.215
 11
60.7947
 21
46.1801
  0
LINE
  8
0
 10
60.7947
 20
46.1801
 11
60.7149
 21
46.1483
  0
LINE
  8
0
 10
60.7149
 20
46.1483
 11
60.6339
 21
46.1201
  0
LINE
  8
0
 10
60.6339
 20
46.1201
 11
60.5517
 21
46.0952
  0
LINE
  8
0
 10
60.5517
 20
46.0952
 11
60.4684
 21
46.0739
  0
LINE
  8
0
 10
60.4684
 20
46.0739
 11
60.3843
 21
46.0561
  0
LINE
  8
0
 10
60.3843
 20
46.0561
 11
60.2998
 21
46.0418
  0
LINE
  8
0
 10
60.2998
 20
46.0418
 11
60.2145
 21
46.0309
  0
LINE
  8
0
 10
60.2145
 20
46.0309
 11
60.1289
 21
46.0239
  0
LINE
  8
0
 10
60.1289
 20
46.0239
 11
60.0432
 21
46.0204
  0
LINE
  8
0
 10
60.0432
 20
46.0204
 11
59.9572
 21
46.0204
  0
LINE
  8
0
 10
43.9574
 20
46.0204
 11
43.8717
 21
46.0239
  0
LINE
  8
0
 10
43.8717
 20
46.0239
 11
43.7861
 21
46.0309
  0
LINE
  8
0
 10
43.7861
 20
46.0309
 11
43.7008
 21
46.0418
  0
LINE
  8
0
 10
43.7008
 20
46.0418
 11
43.6163
 21
46.0561
  0
LINE
  8
0
 10
43.6163
 20
46.0561
 11
43.5322
 21
46.0739
  0
LINE
  8
0
 10
43.5322
 20
46.0739
 11
43.4489
 21
46.0952
  0
LINE
  8
0
 10
43.4489
 20
46.0952
 11
43.3667
 21
46.1201
  0
LINE
  8
0
 10
43.3667
 20
46.1201
 11
43.2857
 21
46.1483
  0
LINE
  8
0
 10
43.2857
 20
46.1483
 11
43.2059
 21
46.1801
  0
LINE
  8
0
 10
43.2059
 20
46.1801
 11
43.1276
 21
46.215
  0
LINE
  8
0
 10
43.1276
 20
46.215
 11
43.0505
 21
46.253
  0
LINE
  8
0
 10
43.0505
 20
46.253
 11
42.9753
 21
46.2945
  0
LINE
  8
0
 10
42.9753
 20
46.2945
 11
42.902
 21
46.339
  0
LINE
  8
0
 10
42.902
 20
46.339
 11
42.8303
 21
46.3863
  0
LINE
  8
0
 10
42.8303
 20
46.3863
 11
42.761
 21
46.4371
  0
LINE
  8
0
 10
42.761
 20
46.4371
 11
42.6935
 21
46.4902
  0
LINE
  8
0
 10
42.6935
 20
46.4902
 11
42.6284
 21
46.5464
  0
LINE
  8
0
 10
42.6284
 20
46.5464
 11
42.566
 21
46.6053
  0
LINE
  8
0
 10
42.566
 20
46.6053
 11
42.5059
 21
46.6665
  0
LINE
  8
0
 10
42.5059
 20
46.6665
 11
42.4486
 21
46.7305
  0
LINE
  8
0
 10
42.4486
 20
46.7305
 11
42.3935
 21
46.7964
  0
LINE
  8
0
 10
42.3935
 20
46.7964
 11
42.342
 21
46.865
  0
LINE
  8
0
 10
42.342
 20
46.865
 11
42.2928
 21
46.9355
  0
LINE
  8
0
 10
42.2928
 20
46.9355
 11
42.2466
 21
47.008
  0
LINE
  8
0
 10
42.2466
 20
47.008
 11
42.204
 21
47.0824
  0
LINE
  8
0
 10
42.204
 20
47.0824
 11
42.1641
 21
47.1584
  0
LINE
  8
0
 10
42.1641
 20
47.1584
 11
42.1277
 21
47.2359
  0
LINE
  8
0
 10
42.1277
 20
47.2359
 11
42.0943
 21
47.3153
  0
LINE
  8
0
 10
42.0943
 20
47.3153
 11
42.0645
 21
47.3956
  0
LINE
  8
0
 10
42.0645
 20
47.3956
 11
42.0377
 21
47.4773
  0
LINE
  8
0
 10
42.0377
 20
47.4773
 11
42.0149
 21
47.5599
  0
LINE
  8
0
 10
42.0149
 20
47.5599
 11
41.9951
 21
47.6436
  0
LINE
  8
0
 10
41.9951
 20
47.6436
 11
41.9788
 21
47.7281
  0
LINE
  8
0
 10
41.9788
 20
47.7281
 11
41.9664
 21
47.813
  0
LINE
  8
0
 10
41.9664
 20
47.813
 11
41.9575
 21
47.8982
  0
LINE
  8
0
 10
41.9575
 20
47.8982
 11
41.9521
 21
47.9839
  0
LINE
  8
0
 10
41.9521
 20
47.9839
 11
41.9502
 21
48.0699
  0
LINE
  8
0
 10
41.9502
 20
48.0699
 11
41.9521
 21
48.1556
  0
LINE
  8
0
 10
41.9521
 20
48.1556
 11
41.9575
 21
48.2412
  0
LINE
  8
0
 10
41.9575
 20
48.2412
 11
41.9664
 21
48.3269
  0
LINE
  8
0
 10
41.9664
 20
48.3269
 11
41.9788
 21
48.4118
  0
LINE
  8
0
 10
41.9788
 20
48.4118
 11
41.9951
 21
48.4959
  0
LINE
  8
0
 10
41.9951
 20
48.4959
 11
42.0149
 21
48.5796
  0
LINE
  8
0
 10
42.0149
 20
48.5796
 11
42.0377
 21
48.6621
  0
LINE
  8
0
 10
42.0377
 20
48.6621
 11
42.0645
 21
48.7439
  0
LINE
  8
0
 10
42.0645
 20
48.7439
 11
42.0943
 21
48.8245
  0
LINE
  8
0
 10
42.0943
 20
48.8245
 11
42.1277
 21
48.9036
  0
LINE
  8
0
 10
42.1277
 20
48.9036
 11
42.1641
 21
48.9811
  0
LINE
  8
0
 10
42.1641
 20
48.9811
 11
42.204
 21
49.0575
  0
LINE
  8
0
 10
42.204
 20
49.0575
 11
42.2466
 21
49.1319
  0
LINE
  8
0
 10
42.2466
 20
49.1319
 11
42.2928
 21
49.2044
  0
LINE
  8
0
 10
42.2928
 20
49.2044
 11
42.342
 21
49.2749
  0
LINE
  8
0
 10
42.342
 20
49.2749
 11
42.3935
 21
49.3431
  0
LINE
  8
0
 10
42.3935
 20
49.3431
 11
42.4486
 21
49.4094
  0
LINE
  8
0
 10
42.4486
 20
49.4094
 11
42.5059
 21
49.4729
  0
LINE
  8
0
 10
42.5059
 20
49.4729
 11
42.566
 21
49.5346
  0
LINE
  8
0
 10
42.566
 20
49.5346
 11
42.6284
 21
49.5931
  0
LINE
  8
0
 10
42.6284
 20
49.5931
 11
42.6935
 21
49.6493
  0
LINE
  8
0
 10
42.6935
 20
49.6493
 11
42.761
 21
49.7028
  0
LINE
  8
0
 10
42.761
 20
49.7028
 11
42.8303
 21
49.7532
  0
LINE
  8
0
 10
42.8303
 20
49.7532
 11
42.902
 21
49.8008
  0
LINE
  8
0
 10
42.902
 20
49.8008
 11
42.9753
 21
49.845
  0
LINE
  8
0
 10
42.9753
 20
49.845
 11
43.0505
 21
49.8865
  0
LINE
  8
0
 10
43.0505
 20
49.8865
 11
43.1276
 21
49.9249
  0
LINE
  8
0
 10
43.1276
 20
49.9249
 11
43.2059
 21
49.9597
  0
LINE
  8
0
 10
43.2059
 20
49.9597
 11
43.2857
 21
49.9911
  0
LINE
  8
0
 10
43.2857
 20
49.9911
 11
43.3667
 21
50.0194
  0
LINE
  8
0
 10
43.3667
 20
50.0194
 11
43.4489
 21
50.0442
  0
LINE
  8
0
 10
43.4489
 20
50.0442
 11
43.5322
 21
50.0655
  0
LINE
  8
0
 10
43.5322
 20
50.0655
 11
43.6163
 21
50.0834
  0
LINE
  8
0
 10
43.6163
 20
50.0834
 11
43.7008
 21
50.0977
  0
LINE
  8
0
 10
43.7008
 20
50.0977
 11
43.7861
 21
50.1086
  0
LINE
  8
0
 10
43.7861
 20
50.1086
 11
43.8717
 21
50.1159
  0
LINE
  8
0
 10
43.8717
 20
50.1159
 11
43.9574
 21
50.1194
  0
LINE
  8
0
 10
43.9574
 20
50.1194
 11
44.043
 21
50.1194
  0
LINE
  8
0
 10
44.043
 20
50.1194
 11
44.1291
 21
50.1159
  0
LINE
  8
0
 10
44.1291
 20
50.1159
 11
44.2147
 21
50.1086
  0
LINE
  8
0
 10
44.2147
 20
50.1086
 11
44.2996
 21
50.0977
  0
LINE
  8
0
 10
44.2996
 20
50.0977
 11
44.3845
 21
50.0834
  0
LINE
  8
0
 10
44.3845
 20
50.0834
 11
44.4682
 21
50.0655
  0
LINE
  8
0
 10
44.4682
 20
50.0655
 11
44.5515
 21
50.0442
  0
LINE
  8
0
 10
44.5515
 20
50.0442
 11
44.6337
 21
50.0194
  0
LINE
  8
0
 10
44.6337
 20
50.0194
 11
44.7147
 21
49.9911
  0
LINE
  8
0
 10
44.7147
 20
49.9911
 11
44.7946
 21
49.9597
  0
LINE
  8
0
 10
44.7946
 20
49.9597
 11
44.8732
 21
49.9249
  0
LINE
  8
0
 10
44.8732
 20
49.9249
 11
44.95
 21
49.8865
  0
LINE
  8
0
 10
44.95
 20
49.8865
 11
45.0252
 21
49.845
  0
LINE
  8
0
 10
45.0252
 20
49.845
 11
45.0988
 21
49.8008
  0
LINE
  8
0
 10
45.0988
 20
49.8008
 11
45.1701
 21
49.7532
  0
LINE
  8
0
 10
45.1701
 20
49.7532
 11
45.2399
 21
49.7028
  0
LINE
  8
0
 10
45.2399
 20
49.7028
 11
45.3069
 21
49.6493
  0
LINE
  8
0
 10
45.3069
 20
49.6493
 11
45.372
 21
49.5931
  0
LINE
  8
0
 10
45.372
 20
49.5931
 11
45.4344
 21
49.5346
  0
LINE
  8
0
 10
45.4344
 20
49.5346
 11
45.4945
 21
49.4729
  0
LINE
  8
0
 10
45.4945
 20
49.4729
 11
45.5523
 21
49.4094
  0
LINE
  8
0
 10
45.5523
 20
49.4094
 11
45.6069
 21
49.3431
  0
LINE
  8
0
 10
45.6069
 20
49.3431
 11
45.6588
 21
49.2749
  0
LINE
  8
0
 10
45.6588
 20
49.2749
 11
45.7077
 21
49.2044
  0
LINE
  8
0
 10
45.7077
 20
49.2044
 11
45.7538
 21
49.1319
  0
LINE
  8
0
 10
45.7538
 20
49.1319
 11
45.7968
 21
49.0575
  0
LINE
  8
0
 10
45.7968
 20
49.0575
 11
45.8363
 21
48.9811
  0
LINE
  8
0
 10
45.8363
 20
48.9811
 11
45.8732
 21
48.9036
  0
LINE
  8
0
 10
45.8732
 20
48.9036
 11
45.9065
 21
48.8245
  0
LINE
  8
0
 10
45.9065
 20
48.8245
 11
45.9363
 21
48.7439
  0
LINE
  8
0
 10
45.9363
 20
48.7439
 11
45.9627
 21
48.6621
  0
LINE
  8
0
 10
45.9627
 20
48.6621
 11
45.986
 21
48.5796
  0
LINE
  8
0
 10
45.986
 20
48.5796
 11
46.0053
 21
48.4959
  0
LINE
  8
0
 10
46.0053
 20
48.4959
 11
46.0216
 21
48.4118
  0
LINE
  8
0
 10
46.0216
 20
48.4118
 11
46.034
 21
48.3269
  0
LINE
  8
0
 10
46.034
 20
48.3269
 11
46.0429
 21
48.2412
  0
LINE
  8
0
 10
46.0429
 20
48.2412
 11
46.0484
 21
48.1556
  0
LINE
  8
0
 10
46.0484
 20
48.1556
 11
46.0503
 21
48.0699
  0
LINE
  8
0
 10
46.0503
 20
48.0699
 11
46.0484
 21
47.9839
  0
LINE
  8
0
 10
46.0484
 20
47.9839
 11
46.0429
 21
47.8982
  0
LINE
  8
0
 10
46.0429
 20
47.8982
 11
46.034
 21
47.813
  0
LINE
  8
0
 10
46.034
 20
47.813
 11
46.0216
 21
47.7281
  0
LINE
  8
0
 10
46.0216
 20
47.7281
 11
46.0053
 21
47.6436
  0
LINE
  8
0
 10
46.0053
 20
47.6436
 11
45.986
 21
47.5599
  0
LINE
  8
0
 10
45.986
 20
47.5599
 11
45.9627
 21
47.4773
  0
LINE
  8
0
 10
45.9627
 20
47.4773
 11
45.9363
 21
47.3956
  0
LINE
  8
0
 10
45.9363
 20
47.3956
 11
45.9065
 21
47.3153
  0
LINE
  8
0
 10
45.9065
 20
47.3153
 11
45.8732
 21
47.2359
  0
LINE
  8
0
 10
45.8732
 20
47.2359
 11
45.8363
 21
47.1584
  0
LINE
  8
0
 10
45.8363
 20
47.1584
 11
45.7968
 21
47.0824
  0
LINE
  8
0
 10
45.7968
 20
47.0824
 11
45.7538
 21
47.008
  0
LINE
  8
0
 10
45.7538
 20
47.008
 11
45.7077
 21
46.9355
  0
LINE
  8
0
 10
45.7077
 20
46.9355
 11
45.6588
 21
46.865
  0
LINE
  8
0
 10
45.6588
 20
46.865
 11
45.6069
 21
46.7964
  0
LINE
  8
0
 10
45.6069
 20
46.7964
 11
45.5523
 21
46.7305
  0
LINE
  8
0
 10
45.5523
 20
46.7305
 11
45.4945
 21
46.6665
  0
LINE
  8
0
 10
45.4945
 20
46.6665
 11
45.4344
 21
46.6053
  0
LINE
  8
0
 10
45.4344
 20
46.6053
 11
45.372
 21
46.5464
  0
LINE
  8
0
 10
45.372
 20
46.5464
 11
45.3069
 21
46.4902
  0
LINE
  8
0
 10
45.3069
 20
46.4902
 11
45.2399
 21
46.4371
  0
LINE
  8
0
 10
45.2399
 20
46.4371
 11
45.1701
 21
46.3863
  0
LINE
  8
0
 10
45.1701
 20
46.3863
 11
45.0988
 21
46.339
  0
LINE
  8
0
 10
45.0988
 20
46.339
 11
45.0252
 21
46.2945
  0
LINE
  8
0
 10
45.0252
 20
46.2945
 11
44.95
 21
46.253
  0
LINE
  8
0
 10
44.95
 20
46.253
 11
44.8732
 21
46.215
  0
LINE
  8
0
 10
44.8732
 20
46.215
 11
44.7946
 21
46.1801
  0
LINE
  8
0
 10
44.7946
 20
46.1801
 11
44.7147
 21
46.1483
  0
LINE
  8
0
 10
44.7147
 20
46.1483
 11
44.6337
 21
46.1201
  0
LINE
  8
0
 10
44.6337
 20
46.1201
 11
44.5515
 21
46.0952
  0
LINE
  8
0
 10
44.5515
 20
46.0952
 11
44.4682
 21
46.0739
  0
LINE
  8
0
 10
44.4682
 20
46.0739
 11
44.3845
 21
46.0561
  0
LINE
  8
0
 10
44.3845
 20
46.0561
 11
44.2996
 21
46.0418
  0
LINE
  8
0
 10
44.2996
 20
46.0418
 11
44.2147
 21
46.0309
  0
LINE
  8
0
 10
44.2147
 20
46.0309
 11
44.1291
 21
46.0239
  0
LINE
  8
0
 10
44.1291
 20
46.0239
 11
44.043
 21
46.0204
  0
LINE
  8
0
 10
44.043
 20
46.0204
 11
43.9574
 21
46.0204
  0
LINE
  8
0
 10
-84.0422
 20
46.0204
 11
-84.1282
 21
46.0239
  0
LINE
  8
0
 10
-84.1282
 20
46.0239
 11
-84.2135
 21
46.0309
  0
LINE
  8
0
 10
-84.2135
 20
46.0309
 11
-84.2987
 21
46.0418
  0
LINE
  8
0
 10
-84.2987
 20
46.0418
 11
-84.3836
 21
46.0561
  0
LINE
  8
0
 10
-84.3836
 20
46.0561
 11
-84.4673
 21
46.0739
  0
LINE
  8
0
 10
-84.4673
 20
46.0739
 11
-84.5507
 21
46.0952
  0
LINE
  8
0
 10
-84.5507
 20
46.0952
 11
-84.6328
 21
46.1201
  0
LINE
  8
0
 10
-84.6328
 20
46.1201
 11
-84.7138
 21
46.1483
  0
LINE
  8
0
 10
-84.7138
 20
46.1483
 11
-84.7937
 21
46.1801
  0
LINE
  8
0
 10
-84.7937
 20
46.1801
 11
-84.8723
 21
46.215
  0
LINE
  8
0
 10
-84.8723
 20
46.215
 11
-84.9491
 21
46.253
  0
LINE
  8
0
 10
-84.9491
 20
46.253
 11
-85.0243
 21
46.2945
  0
LINE
  8
0
 10
-85.0243
 20
46.2945
 11
-85.0979
 21
46.339
  0
LINE
  8
0
 10
-85.0979
 20
46.339
 11
-85.1692
 21
46.3863
  0
LINE
  8
0
 10
-85.1692
 20
46.3863
 11
-85.2386
 21
46.4371
  0
LINE
  8
0
 10
-85.2386
 20
46.4371
 11
-85.306
 21
46.4902
  0
LINE
  8
0
 10
-85.306
 20
46.4902
 11
-85.3711
 21
46.5464
  0
LINE
  8
0
 10
-85.3711
 20
46.5464
 11
-85.4335
 21
46.6053
  0
LINE
  8
0
 10
-85.4335
 20
46.6053
 11
-85.4936
 21
46.6665
  0
LINE
  8
0
 10
-85.4936
 20
46.6665
 11
-85.551
 21
46.7305
  0
LINE
  8
0
 10
-85.551
 20
46.7305
 11
-85.606
 21
46.7964
  0
LINE
  8
0
 10
-85.606
 20
46.7964
 11
-85.6579
 21
46.865
  0
LINE
  8
0
 10
-85.6579
 20
46.865
 11
-85.7068
 21
46.9355
  0
LINE
  8
0
 10
-85.7068
 20
46.9355
 11
-85.7529
 21
47.008
  0
LINE
  8
0
 10
-85.7529
 20
47.008
 11
-85.7959
 21
47.0824
  0
LINE
  8
0
 10
-85.7959
 20
47.0824
 11
-85.8355
 21
47.1584
  0
LINE
  8
0
 10
-85.8355
 20
47.1584
 11
-85.8723
 21
47.2359
  0
LINE
  8
0
 10
-85.8723
 20
47.2359
 11
-85.9052
 21
47.3153
  0
LINE
  8
0
 10
-85.9052
 20
47.3153
 11
-85.9355
 21
47.3956
  0
LINE
  8
0
 10
-85.9355
 20
47.3956
 11
-85.9618
 21
47.4773
  0
LINE
  8
0
 10
-85.9618
 20
47.4773
 11
-85.9851
 21
47.5599
  0
LINE
  8
0
 10
-85.9851
 20
47.5599
 11
-86.0044
 21
47.6436
  0
LINE
  8
0
 10
-86.0044
 20
47.6436
 11
-86.0207
 21
47.7281
  0
LINE
  8
0
 10
-86.0207
 20
47.7281
 11
-86.0331
 21
47.813
  0
LINE
  8
0
 10
-86.0331
 20
47.813
 11
-86.042
 21
47.8982
  0
LINE
  8
0
 10
-86.042
 20
47.8982
 11
-86.0475
 21
47.9839
  0
LINE
  8
0
 10
-86.0475
 20
47.9839
 11
-86.0494
 21
48.0699
  0
LINE
  8
0
 10
-86.0494
 20
48.0699
 11
-86.0475
 21
48.1556
  0
LINE
  8
0
 10
-86.0475
 20
48.1556
 11
-86.042
 21
48.2412
  0
LINE
  8
0
 10
-86.042
 20
48.2412
 11
-86.0331
 21
48.3269
  0
LINE
  8
0
 10
-86.0331
 20
48.3269
 11
-86.0207
 21
48.4118
  0
LINE
  8
0
 10
-86.0207
 20
48.4118
 11
-86.0044
 21
48.4959
  0
LINE
  8
0
 10
-86.0044
 20
48.4959
 11
-85.9851
 21
48.5796
  0
LINE
  8
0
 10
-85.9851
 20
48.5796
 11
-85.9618
 21
48.6621
  0
LINE
  8
0
 10
-85.9618
 20
48.6621
 11
-85.9355
 21
48.7439
  0
LINE
  8
0
 10
-85.9355
 20
48.7439
 11
-85.9052
 21
48.8245
  0
LINE
  8
0
 10
-85.9052
 20
48.8245
 11
-85.8723
 21
48.9036
  0
LINE
  8
0
 10
-85.8723
 20
48.9036
 11
-85.8355
 21
48.9811
  0
LINE
  8
0
 10
-85.8355
 20
48.9811
 11
-85.7959
 21
49.0575
  0
LINE
  8
0
 10
-85.7959
 20
49.0575
 11
-85.7529
 21
49.1319
  0
LINE
  8
0
 10
-85.7529
 20
49.1319
 11
-85.7068
 21
49.2044
  0
LINE
  8
0
 10
-85.7068
 20
49.2044
 11
-85.6579
 21
49.2749
  0
LINE
  8
0
 10
-85.6579
 20
49.2749
 11
-85.606
 21
49.3431
  0
LINE
  8
0
 10
-85.606
 20
49.3431
 11
-85.551
 21
49.4094
  0
LINE
  8
0
 10
-85.551
 20
49.4094
 11
-85.4936
 21
49.4729
  0
LINE
  8
0
 10
-85.4936
 20
49.4729
 11
-85.4335
 21
49.5346
  0
LINE
  8
0
 10
-85.4335
 20
49.5346
 11
-85.3711
 21
49.5931
  0
LINE
  8
0
 10
-85.3711
 20
49.5931
 11
-85.306
 21
49.6493
  0
LINE
  8
0
 10
-85.306
 20
49.6493
 11
-85.2386
 21
49.7028
  0
LINE
  8
0
 10
-85.2386
 20
49.7028
 11
-85.1692
 21
49.7532
  0
LINE
  8
0
 10
-85.1692
 20
49.7532
 11
-85.0979
 21
49.8008
  0
LINE
  8
0
 10
-85.0979
 20
49.8008
 11
-85.0243
 21
49.845
  0
LINE
  8
0
 10
-85.0243
 20
49.845
 11
-84.9491
 21
49.8865
  0
LINE
  8
0
 10
-84.9491
 20
49.8865
 11
-84.8723
 21
49.9249
  0
LINE
  8
0
 10
-84.8723
 20
49.9249
 11
-84.7937
 21
49.9597
  0
LINE
  8
0
 10
-84.7937
 20
49.9597
 11
-84.7138
 21
49.9911
  0
LINE
  8
0
 10
-84.7138
 20
49.9911
 11
-84.6328
 21
50.0194
  0
LINE
  8
0
 10
-84.6328
 20
50.0194
 11
-84.5507
 21
50.0442
  0
LINE
  8
0
 10
-84.5507
 20
50.0442
 11
-84.4673
 21
50.0655
  0
LINE
  8
0
 10
-84.4673
 20
50.0655
 11
-84.3836
 21
50.0834
  0
LINE
  8
0
 10
-84.3836
 20
50.0834
 11
-84.2987
 21
50.0977
  0
LINE
  8
0
 10
-84.2987
 20
50.0977
 11
-84.2135
 21
50.1086
  0
LINE
  8
0
 10
-84.2135
 20
50.1086
 11
-84.1282
 21
50.1159
  0
LINE
  8
0
 10
-84.1282
 20
50.1159
 11
-84.0422
 21
50.1194
  0
LINE
  8
0
 10
-84.0422
 20
50.1194
 11
-83.9565
 21
50.1194
  0
LINE
  8
0
 10
-83.9565
 20
50.1194
 11
-83.8705
 21
50.1159
  0
LINE
  8
0
 10
-83.8705
 20
50.1159
 11
-83.7852
 21
50.1086
  0
LINE
  8
0
 10
-83.7852
 20
50.1086
 11
-83.6999
 21
50.0977
  0
LINE
  8
0
 10
-83.6999
 20
50.0977
 11
-83.6151
 21
50.0834
  0
LINE
  8
0
 10
-83.6151
 20
50.0834
 11
-83.5313
 21
50.0655
  0
LINE
  8
0
 10
-83.5313
 20
50.0655
 11
-83.448
 21
50.0442
  0
LINE
  8
0
 10
-83.448
 20
50.0442
 11
-83.3658
 21
50.0194
  0
LINE
  8
0
 10
-83.3658
 20
50.0194
 11
-83.2848
 21
49.9911
  0
LINE
  8
0
 10
-83.2848
 20
49.9911
 11
-83.205
 21
49.9597
  0
LINE
  8
0
 10
-83.205
 20
49.9597
 11
-83.1263
 21
49.9249
  0
LINE
  8
0
 10
-83.1263
 20
49.9249
 11
-83.0496
 21
49.8865
  0
LINE
  8
0
 10
-83.0496
 20
49.8865
 11
-82.9744
 21
49.845
  0
LINE
  8
0
 10
-82.9744
 20
49.845
 11
-82.9008
 21
49.8008
  0
LINE
  8
0
 10
-82.9008
 20
49.8008
 11
-82.8294
 21
49.7532
  0
LINE
  8
0
 10
-82.8294
 20
49.7532
 11
-82.7601
 21
49.7028
  0
LINE
  8
0
 10
-82.7601
 20
49.7028
 11
-82.6926
 21
49.6493
  0
LINE
  8
0
 10
-82.6926
 20
49.6493
 11
-82.6275
 21
49.5931
  0
LINE
  8
0
 10
-82.6275
 20
49.5931
 11
-82.5651
 21
49.5346
  0
LINE
  8
0
 10
-82.5651
 20
49.5346
 11
-82.505
 21
49.4729
  0
LINE
  8
0
 10
-82.505
 20
49.4729
 11
-82.4473
 21
49.4094
  0
LINE
  8
0
 10
-82.4473
 20
49.4094
 11
-82.3926
 21
49.3431
  0
LINE
  8
0
 10
-82.3926
 20
49.3431
 11
-82.3407
 21
49.2749
  0
LINE
  8
0
 10
-82.3407
 20
49.2749
 11
-82.2919
 21
49.2044
  0
LINE
  8
0
 10
-82.2919
 20
49.2044
 11
-82.2458
 21
49.1319
  0
LINE
  8
0
 10
-82.2458
 20
49.1319
 11
-82.2027
 21
49.0575
  0
LINE
  8
0
 10
-82.2027
 20
49.0575
 11
-82.1632
 21
48.9811
  0
LINE
  8
0
 10
-82.1632
 20
48.9811
 11
-82.1264
 21
48.9036
  0
LINE
  8
0
 10
-82.1264
 20
48.9036
 11
-82.0934
 21
48.8245
  0
LINE
  8
0
 10
-82.0934
 20
48.8245
 11
-82.0632
 21
48.7439
  0
LINE
  8
0
 10
-82.0632
 20
48.7439
 11
-82.0369
 21
48.6621
  0
LINE
  8
0
 10
-82.0369
 20
48.6621
 11
-82.0136
 21
48.5796
  0
LINE
  8
0
 10
-82.0136
 20
48.5796
 11
-81.9942
 21
48.4959
  0
LINE
  8
0
 10
-81.9942
 20
48.4959
 11
-81.9779
 21
48.4118
  0
LINE
  8
0
 10
-81.9779
 20
48.4118
 11
-81.9655
 21
48.3269
  0
LINE
  8
0
 10
-81.9655
 20
48.3269
 11
-81.9566
 21
48.2412
  0
LINE
  8
0
 10
-81.9566
 20
48.2412
 11
-81.9512
 21
48.1556
  0
LINE
  8
0
 10
-81.9512
 20
48.1556
 11
-81.9493
 21
48.0699
  0
LINE
  8
0
 10
-81.9493
 20
48.0699
 11
-81.9512
 21
47.9839
  0
LINE
  8
0
 10
-81.9512
 20
47.9839
 11
-81.9566
 21
47.8982
  0
LINE
  8
0
 10
-81.9566
 20
47.8982
 11
-81.9655
 21
47.813
  0
LINE
  8
0
 10
-81.9655
 20
47.813
 11
-81.9779
 21
47.7281
  0
LINE
  8
0
 10
-81.9779
 20
47.7281
 11
-81.9942
 21
47.6436
  0
LINE
  8
0
 10
-81.9942
 20
47.6436
 11
-82.0136
 21
47.5599
  0
LINE
  8
0
 10
-82.0136
 20
47.5599
 11
-82.0369
 21
47.4773
  0
LINE
  8
0
 10
-82.0369
 20
47.4773
 11
-82.0632
 21
47.3956
  0
LINE
  8
0
 10
-82.0632
 20
47.3956
 11
-82.0934
 21
47.3153
  0
LINE
  8
0
 10
-82.0934
 20
47.3153
 11
-82.1264
 21
47.2359
  0
LINE
  8
0
 10
-82.1264
 20
47.2359
 11
-82.1632
 21
47.1584
  0
LINE
  8
0
 10
-82.1632
 20
47.1584
 11
-82.2027
 21
47.0824
  0
LINE
  8
0
 10
-82.2027
 20
47.0824
 11
-82.2458
 21
47.008
  0
LINE
  8
0
 10
-82.2458
 20
47.008
 11
-82.2919
 21
46.9355
  0
LINE
  8
0
 10
-82.2919
 20
46.9355
 11
-82.3407
 21
46.865
  0
LINE
  8
0
 10
-82.3407
 20
46.865
 11
-82.3926
 21
46.7964
  0
LINE
  8
0
 10
-82.3926
 20
46.7964
 11
-82.4473
 21
46.7305
  0
LINE
  8
0
 10
-82.4473
 20
46.7305
 11
-82.505
 21
46.6665
  0
LINE
  8
0
 10
-82.505
 20
46.6665
 11
-82.5651
 21
46.6053
  0
LINE
  8
0
 10
-82.5651
 20
46.6053
 11
-82.6275
 21
46.5464
  0
LINE
  8
0
 10
-82.6275
 20
46.5464
 11
-82.6926
 21
46.4902
  0
LINE
  8
0
 10
-82.6926
 20
46.4902
 11
-82.7601
 21
46.4371
  0
LINE
  8
0
 10
-82.7601
 20
46.4371
 11
-82.8294
 21
46.3863
  0
LINE
  8
0
 10
-82.8294
 20
46.3863
 11
-82.9008
 21
46.339
  0
LINE
  8
0
 10
-82.9008
 20
46.339
 11
-82.9744
 21
46.2945
  0
LINE
  8
0
 10
-82.9744
 20
46.2945
 11
-83.0496
 21
46.253
  0
LINE
  8
0
 10
-83.0496
 20
46.253
 11
-83.1263
 21
46.215
  0
LINE
  8
0
 10
-83.1263
 20
46.215
 11
-83.205
 21
46.1801
  0
LINE
  8
0
 10
-83.205
 20
46.1801
 11
-83.2848
 21
46.1483
  0
LINE
  8
0
 10
-83.2848
 20
46.1483
 11
-83.3658
 21
46.1201
  0
LINE
  8
0
 10
-83.3658
 20
46.1201
 11
-83.448
 21
46.0952
  0
LINE
  8
0
 10
-83.448
 20
46.0952
 11
-83.5313
 21
46.0739
  0
LINE
  8
0
 10
-83.5313
 20
46.0739
 11
-83.6151
 21
46.0561
  0
LINE
  8
0
 10
-83.6151
 20
46.0561
 11
-83.6999
 21
46.0418
  0
LINE
  8
0
 10
-83.6999
 20
46.0418
 11
-83.7852
 21
46.0309
  0
LINE
  8
0
 10
-83.7852
 20
46.0309
 11
-83.8705
 21
46.0239
  0
LINE
  8
0
 10
-83.8705
 20
46.0239
 11
-83.9565
 21
46.0204
  0
LINE
  8
0
 10
-83.9565
 20
46.0204
 11
-84.0422
 21
46.0204
  0
LINE
  8
0
 10
-68.0424
 20
46.0204
 11
-68.128
 21
46.0239
  0
LINE
  8
0
 10
-68.128
 20
46.0239
 11
-68.2137
 21
46.0309
  0
LINE
  8
0
 10
-68.2137
 20
46.0309
 11
-68.2989
 21
46.0418
  0
LINE
  8
0
 10
-68.2989
 20
46.0418
 11
-68.3834
 21
46.0561
  0
LINE
  8
0
 10
-68.3834
 20
46.0561
 11
-68.4675
 21
46.0739
  0
LINE
  8
0
 10
-68.4675
 20
46.0739
 11
-68.5505
 21
46.0952
  0
LINE
  8
0
 10
-68.5505
 20
46.0952
 11
-68.6326
 21
46.1201
  0
LINE
  8
0
 10
-68.6326
 20
46.1201
 11
-68.714
 21
46.1483
  0
LINE
  8
0
 10
-68.714
 20
46.1483
 11
-68.7939
 21
46.1801
  0
LINE
  8
0
 10
-68.7939
 20
46.1801
 11
-68.8722
 21
46.215
  0
LINE
  8
0
 10
-68.8722
 20
46.215
 11
-68.9489
 21
46.253
  0
LINE
  8
0
 10
-68.9489
 20
46.253
 11
-69.0245
 21
46.2945
  0
LINE
  8
0
 10
-69.0245
 20
46.2945
 11
-69.0977
 21
46.339
  0
LINE
  8
0
 10
-69.0977
 20
46.339
 11
-69.1694
 21
46.3863
  0
LINE
  8
0
 10
-69.1694
 20
46.3863
 11
-69.2388
 21
46.4371
  0
LINE
  8
0
 10
-69.2388
 20
46.4371
 11
-69.3062
 21
46.4902
  0
LINE
  8
0
 10
-69.3062
 20
46.4902
 11
-69.371
 21
46.5464
  0
LINE
  8
0
 10
-69.371
 20
46.5464
 11
-69.4337
 21
46.6053
  0
LINE
  8
0
 10
-69.4337
 20
46.6053
 11
-69.4938
 21
46.6665
  0
LINE
  8
0
 10
-69.4938
 20
46.6665
 11
-69.5512
 21
46.7305
  0
LINE
  8
0
 10
-69.5512
 20
46.7305
 11
-69.6058
 21
46.7964
  0
LINE
  8
0
 10
-69.6058
 20
46.7964
 11
-69.6578
 21
46.865
  0
LINE
  8
0
 10
-69.6578
 20
46.865
 11
-69.707
 21
46.9355
  0
LINE
  8
0
 10
-69.707
 20
46.9355
 11
-69.7527
 21
47.008
  0
LINE
  8
0
 10
-69.7527
 20
47.008
 11
-69.7957
 21
47.0824
  0
LINE
  8
0
 10
-69.7957
 20
47.0824
 11
-69.8357
 21
47.1584
  0
LINE
  8
0
 10
-69.8357
 20
47.1584
 11
-69.8721
 21
47.2359
  0
LINE
  8
0
 10
-69.8721
 20
47.2359
 11
-69.9054
 21
47.3153
  0
LINE
  8
0
 10
-69.9054
 20
47.3153
 11
-69.9353
 21
47.3956
  0
LINE
  8
0
 10
-69.9353
 20
47.3956
 11
-69.962
 21
47.4773
  0
LINE
  8
0
 10
-69.962
 20
47.4773
 11
-69.9849
 21
47.5599
  0
LINE
  8
0
 10
-69.9849
 20
47.5599
 11
-70.0046
 21
47.6436
  0
LINE
  8
0
 10
-70.0046
 20
47.6436
 11
-70.0205
 21
47.7281
  0
LINE
  8
0
 10
-70.0205
 20
47.7281
 11
-70.0333
 21
47.813
  0
LINE
  8
0
 10
-70.0333
 20
47.813
 11
-70.0422
 21
47.8982
  0
LINE
  8
0
 10
-70.0422
 20
47.8982
 11
-70.0477
 21
47.9839
  0
LINE
  8
0
 10
-70.0477
 20
47.9839
 11
-70.0492
 21
48.0699
  0
LINE
  8
0
 10
-70.0492
 20
48.0699
 11
-70.0477
 21
48.1556
  0
LINE
  8
0
 10
-70.0477
 20
48.1556
 11
-70.0422
 21
48.2412
  0
LINE
  8
0
 10
-70.0422
 20
48.2412
 11
-70.0333
 21
48.3269
  0
LINE
  8
0
 10
-70.0333
 20
48.3269
 11
-70.0205
 21
48.4118
  0
LINE
  8
0
 10
-70.0205
 20
48.4118
 11
-70.0046
 21
48.4959
  0
LINE
  8
0
 10
-70.0046
 20
48.4959
 11
-69.9849
 21
48.5796
  0
LINE
  8
0
 10
-69.9849
 20
48.5796
 11
-69.962
 21
48.6621
  0
LINE
  8
0
 10
-69.962
 20
48.6621
 11
-69.9353
 21
48.7439
  0
LINE
  8
0
 10
-69.9353
 20
48.7439
 11
-69.9054
 21
48.8245
  0
LINE
  8
0
 10
-69.9054
 20
48.8245
 11
-69.8721
 21
48.9036
  0
LINE
  8
0
 10
-69.8721
 20
48.9036
 11
-69.8357
 21
48.9811
  0
LINE
  8
0
 10
-69.8357
 20
48.9811
 11
-69.7957
 21
49.0575
  0
LINE
  8
0
 10
-69.7957
 20
49.0575
 11
-69.7527
 21
49.1319
  0
LINE
  8
0
 10
-69.7527
 20
49.1319
 11
-69.707
 21
49.2044
  0
LINE
  8
0
 10
-69.707
 20
49.2044
 11
-69.6578
 21
49.2749
  0
LINE
  8
0
 10
-69.6578
 20
49.2749
 11
-69.6058
 21
49.3431
  0
LINE
  8
0
 10
-69.6058
 20
49.3431
 11
-69.5512
 21
49.4094
  0
LINE
  8
0
 10
-69.5512
 20
49.4094
 11
-69.4938
 21
49.4729
  0
LINE
  8
0
 10
-69.4938
 20
49.4729
 11
-69.4337
 21
49.5346
  0
LINE
  8
0
 10
-69.4337
 20
49.5346
 11
-69.371
 21
49.5931
  0
LINE
  8
0
 10
-69.371
 20
49.5931
 11
-69.3062
 21
49.6493
  0
LINE
  8
0
 10
-69.3062
 20
49.6493
 11
-69.2388
 21
49.7028
  0
LINE
  8
0
 10
-69.2388
 20
49.7028
 11
-69.1694
 21
49.7532
  0
LINE
  8
0
 10
-69.1694
 20
49.7532
 11
-69.0977
 21
49.8008
  0
LINE
  8
0
 10
-69.0977
 20
49.8008
 11
-69.0245
 21
49.845
  0
LINE
  8
0
 10
-69.0245
 20
49.845
 11
-68.9489
 21
49.8865
  0
LINE
  8
0
 10
-68.9489
 20
49.8865
 11
-68.8722
 21
49.9249
  0
LINE
  8
0
 10
-68.8722
 20
49.9249
 11
-68.7939
 21
49.9597
  0
LINE
  8
0
 10
-68.7939
 20
49.9597
 11
-68.714
 21
49.9911
  0
LINE
  8
0
 10
-68.714
 20
49.9911
 11
-68.6326
 21
50.0194
  0
LINE
  8
0
 10
-68.6326
 20
50.0194
 11
-68.5505
 21
50.0442
  0
LINE
  8
0
 10
-68.5505
 20
50.0442
 11
-68.4675
 21
50.0655
  0
LINE
  8
0
 10
-68.4675
 20
50.0655
 11
-68.3834
 21
50.0834
  0
LINE
  8
0
 10
-68.3834
 20
50.0834
 11
-68.2989
 21
50.0977
  0
LINE
  8
0
 10
-68.2989
 20
50.0977
 11
-68.2137
 21
50.1086
  0
LINE
  8
0
 10
-68.2137
 20
50.1086
 11
-68.128
 21
50.1159
  0
LINE
  8
0
 10
-68.128
 20
50.1159
 11
-68.0424
 21
50.1194
  0
LINE
  8
0
 10
-68.0424
 20
50.1194
 11
-67.9563
 21
50.1194
  0
LINE
  8
0
 10
-67.9563
 20
50.1194
 11
-67.8707
 21
50.1159
  0
LINE
  8
0
 10
-67.8707
 20
50.1159
 11
-67.785
 21
50.1086
  0
LINE
  8
0
 10
-67.785
 20
50.1086
 11
-67.6997
 21
50.0977
  0
LINE
  8
0
 10
-67.6997
 20
50.0977
 11
-67.6153
 21
50.0834
  0
LINE
  8
0
 10
-67.6153
 20
50.0834
 11
-67.5311
 21
50.0655
  0
LINE
  8
0
 10
-67.5311
 20
50.0655
 11
-67.4482
 21
50.0442
  0
LINE
  8
0
 10
-67.4482
 20
50.0442
 11
-67.3657
 21
50.0194
  0
LINE
  8
0
 10
-67.3657
 20
50.0194
 11
-67.2847
 21
49.9911
  0
LINE
  8
0
 10
-67.2847
 20
49.9911
 11
-67.2048
 21
49.9597
  0
LINE
  8
0
 10
-67.2048
 20
49.9597
 11
-67.1265
 21
49.9249
  0
LINE
  8
0
 10
-67.1265
 20
49.9249
 11
-67.0494
 21
49.8865
  0
LINE
  8
0
 10
-67.0494
 20
49.8865
 11
-66.9742
 21
49.845
  0
LINE
  8
0
 10
-66.9742
 20
49.845
 11
-66.901
 21
49.8008
  0
LINE
  8
0
 10
-66.901
 20
49.8008
 11
-66.8293
 21
49.7532
  0
LINE
  8
0
 10
-66.8293
 20
49.7532
 11
-66.7599
 21
49.7028
  0
LINE
  8
0
 10
-66.7599
 20
49.7028
 11
-66.6924
 21
49.6493
  0
LINE
  8
0
 10
-66.6924
 20
49.6493
 11
-66.6277
 21
49.5931
  0
LINE
  8
0
 10
-66.6277
 20
49.5931
 11
-66.5649
 21
49.5346
  0
LINE
  8
0
 10
-66.5649
 20
49.5346
 11
-66.5049
 21
49.4729
  0
LINE
  8
0
 10
-66.5049
 20
49.4729
 11
-66.4475
 21
49.4094
  0
LINE
  8
0
 10
-66.4475
 20
49.4094
 11
-66.3928
 21
49.3431
  0
LINE
  8
0
 10
-66.3928
 20
49.3431
 11
-66.3409
 21
49.2749
  0
LINE
  8
0
 10
-66.3409
 20
49.2749
 11
-66.2917
 21
49.2044
  0
LINE
  8
0
 10
-66.2917
 20
49.2044
 11
-66.246
 21
49.1319
  0
LINE
  8
0
 10
-66.246
 20
49.1319
 11
-66.2029
 21
49.0575
  0
LINE
  8
0
 10
-66.2029
 20
49.0575
 11
-66.163
 21
48.9811
  0
LINE
  8
0
 10
-66.163
 20
48.9811
 11
-66.1266
 21
48.9036
  0
LINE
  8
0
 10
-66.1266
 20
48.9036
 11
-66.0933
 21
48.8245
  0
LINE
  8
0
 10
-66.0933
 20
48.8245
 11
-66.0634
 21
48.7439
  0
LINE
  8
0
 10
-66.0634
 20
48.7439
 11
-66.0367
 21
48.6621
  0
LINE
  8
0
 10
-66.0367
 20
48.6621
 11
-66.0138
 21
48.5796
  0
LINE
  8
0
 10
-66.0138
 20
48.5796
 11
-65.994
 21
48.4959
  0
LINE
  8
0
 10
-65.994
 20
48.4959
 11
-65.9781
 21
48.4118
  0
LINE
  8
0
 10
-65.9781
 20
48.4118
 11
-65.9654
 21
48.3269
  0
LINE
  8
0
 10
-65.9654
 20
48.3269
 11
-65.9564
 21
48.2412
  0
LINE
  8
0
 10
-65.9564
 20
48.2412
 11
-65.951
 21
48.1556
  0
LINE
  8
0
 10
-65.951
 20
48.1556
 11
-65.9495
 21
48.0699
  0
LINE
  8
0
 10
-65.9495
 20
48.0699
 11
-65.951
 21
47.9839
  0
LINE
  8
0
 10
-65.951
 20
47.9839
 11
-65.9564
 21
47.8982
  0
LINE
  8
0
 10
-65.9564
 20
47.8982
 11
-65.9654
 21
47.813
  0
LINE
  8
0
 10
-65.9654
 20
47.813
 11
-65.9781
 21
47.7281
  0
LINE
  8
0
 10
-65.9781
 20
47.7281
 11
-65.994
 21
47.6436
  0
LINE
  8
0
 10
-65.994
 20
47.6436
 11
-66.0138
 21
47.5599
  0
LINE
  8
0
 10
-66.0138
 20
47.5599
 11
-66.0367
 21
47.4773
  0
LINE
  8
0
 10
-66.0367
 20
47.4773
 11
-66.0634
 21
47.3956
  0
LINE
  8
0
 10
-66.0634
 20
47.3956
 11
-66.0933
 21
47.3153
  0
LINE
  8
0
 10
-66.0933
 20
47.3153
 11
-66.1266
 21
47.2359
  0
LINE
  8
0
 10
-66.1266
 20
47.2359
 11
-66.163
 21
47.1584
  0
LINE
  8
0
 10
-66.163
 20
47.1584
 11
-66.2029
 21
47.0824
  0
LINE
  8
0
 10
-66.2029
 20
47.0824
 11
-66.246
 21
47.008
  0
LINE
  8
0
 10
-66.246
 20
47.008
 11
-66.2917
 21
46.9355
  0
LINE
  8
0
 10
-66.2917
 20
46.9355
 11
-66.3409
 21
46.865
  0
LINE
  8
0
 10
-66.3409
 20
46.865
 11
-66.3928
 21
46.7964
  0
LINE
  8
0
 10
-66.3928
 20
46.7964
 11
-66.4475
 21
46.7305
  0
LINE
  8
0
 10
-66.4475
 20
46.7305
 11
-66.5049
 21
46.6665
  0
LINE
  8
0
 10
-66.5049
 20
46.6665
 11
-66.5649
 21
46.6053
  0
LINE
  8
0
 10
-66.5649
 20
46.6053
 11
-66.6277
 21
46.5464
  0
LINE
  8
0
 10
-66.6277
 20
46.5464
 11
-66.6924
 21
46.4902
  0
LINE
  8
0
 10
-66.6924
 20
46.4902
 11
-66.7599
 21
46.4371
  0
LINE
  8
0
 10
-66.7599
 20
46.4371
 11
-66.8293
 21
46.3863
  0
LINE
  8
0
 10
-66.8293
 20
46.3863
 11
-66.901
 21
46.339
  0
LINE
  8
0
 10
-66.901
 20
46.339
 11
-66.9742
 21
46.2945
  0
LINE
  8
0
 10
-66.9742
 20
46.2945
 11
-67.0494
 21
46.253
  0
LINE
  8
0
 10
-67.0494
 20
46.253
 11
-67.1265
 21
46.215
  0
LINE
  8
0
 10
-67.1265
 20
46.215
 11
-67.2048
 21
46.1801
  0
LINE
  8
0
 10
-67.2048
 20
46.1801
 11
-67.2847
 21
46.1483
  0
LINE
  8
0
 10
-67.2847
 20
46.1483
 11
-67.3657
 21
46.1201
  0
LINE
  8
0
 10
-67.3657
 20
46.1201
 11
-67.4482
 21
46.0952
  0
LINE
  8
0
 10
-67.4482
 20
46.0952
 11
-67.5311
 21
46.0739
  0
LINE
  8
0
 10
-67.5311
 20
46.0739
 11
-67.6153
 21
46.0561
  0
LINE
  8
0
 10
-67.6153
 20
46.0561
 11
-67.6997
 21
46.0418
  0
LINE
  8
0
 10
-67.6997
 20
46.0418
 11
-67.785
 21
46.0309
  0
LINE
  8
0
 10
-67.785
 20
46.0309
 11
-67.8707
 21
46.0239
  0
LINE
  8
0
 10
-67.8707
 20
46.0239
 11
-67.9563
 21
46.0204
  0
LINE
  8
0
 10
-67.9563
 20
46.0204
 11
-68.0424
 21
46.0204
  0
LINE
  8
0
 10
27.9572
 20
46.0204
 11
27.8716
 21
46.0239
  0
LINE
  8
0
 10
27.8716
 20
46.0239
 11
27.7859
 21
46.0309
  0
LINE
  8
0
 10
27.7859
 20
46.0309
 11
27.7006
 21
46.0418
  0
LINE
  8
0
 10
27.7006
 20
46.0418
 11
27.6161
 21
46.0561
  0
LINE
  8
0
 10
27.6161
 20
46.0561
 11
27.532
 21
46.0739
  0
LINE
  8
0
 10
27.532
 20
46.0739
 11
27.4491
 21
46.0952
  0
LINE
  8
0
 10
27.4491
 20
46.0952
 11
27.3669
 21
46.1201
  0
LINE
  8
0
 10
27.3669
 20
46.1201
 11
27.2855
 21
46.1483
  0
LINE
  8
0
 10
27.2855
 20
46.1483
 11
27.2057
 21
46.1801
  0
LINE
  8
0
 10
27.2057
 20
46.1801
 11
27.1274
 21
46.215
  0
LINE
  8
0
 10
27.1274
 20
46.215
 11
27.0507
 21
46.253
  0
LINE
  8
0
 10
27.0507
 20
46.253
 11
26.9751
 21
46.2945
  0
LINE
  8
0
 10
26.9751
 20
46.2945
 11
26.9018
 21
46.339
  0
LINE
  8
0
 10
26.9018
 20
46.339
 11
26.8301
 21
46.3863
  0
LINE
  8
0
 10
26.8301
 20
46.3863
 11
26.7608
 21
46.4371
  0
LINE
  8
0
 10
26.7608
 20
46.4371
 11
26.6937
 21
46.4902
  0
LINE
  8
0
 10
26.6937
 20
46.4902
 11
26.6286
 21
46.5464
  0
LINE
  8
0
 10
26.6286
 20
46.5464
 11
26.5658
 21
46.6053
  0
LINE
  8
0
 10
26.5658
 20
46.6053
 11
26.5057
 21
46.6665
  0
LINE
  8
0
 10
26.5057
 20
46.6665
 11
26.4484
 21
46.7305
  0
LINE
  8
0
 10
26.4484
 20
46.7305
 11
26.3937
 21
46.7964
  0
LINE
  8
0
 10
26.3937
 20
46.7964
 11
26.3418
 21
46.865
  0
LINE
  8
0
 10
26.3418
 20
46.865
 11
26.293
 21
46.9355
  0
LINE
  8
0
 10
26.293
 20
46.9355
 11
26.2468
 21
47.008
  0
LINE
  8
0
 10
26.2468
 20
47.008
 11
26.2038
 21
47.0824
  0
LINE
  8
0
 10
26.2038
 20
47.0824
 11
26.1639
 21
47.1584
  0
LINE
  8
0
 10
26.1639
 20
47.1584
 11
26.1275
 21
47.2359
  0
LINE
  8
0
 10
26.1275
 20
47.2359
 11
26.0941
 21
47.3153
  0
LINE
  8
0
 10
26.0941
 20
47.3153
 11
26.0643
 21
47.3956
  0
LINE
  8
0
 10
26.0643
 20
47.3956
 11
26.0379
 21
47.4773
  0
LINE
  8
0
 10
26.0379
 20
47.4773
 11
26.0147
 21
47.5599
  0
LINE
  8
0
 10
26.0147
 20
47.5599
 11
25.9949
 21
47.6436
  0
LINE
  8
0
 10
25.9949
 20
47.6436
 11
25.979
 21
47.7281
  0
LINE
  8
0
 10
25.979
 20
47.7281
 11
25.9666
 21
47.813
  0
LINE
  8
0
 10
25.9666
 20
47.813
 11
25.9573
 21
47.8982
  0
LINE
  8
0
 10
25.9573
 20
47.8982
 11
25.9519
 21
47.9839
  0
LINE
  8
0
 10
25.9519
 20
47.9839
 11
25.9504
 21
48.0699
  0
LINE
  8
0
 10
25.9504
 20
48.0699
 11
25.9519
 21
48.1556
  0
LINE
  8
0
 10
25.9519
 20
48.1556
 11
25.9573
 21
48.2412
  0
LINE
  8
0
 10
25.9573
 20
48.2412
 11
25.9666
 21
48.3269
  0
LINE
  8
0
 10
25.9666
 20
48.3269
 11
25.979
 21
48.4118
  0
LINE
  8
0
 10
25.979
 20
48.4118
 11
25.9949
 21
48.4959
  0
LINE
  8
0
 10
25.9949
 20
48.4959
 11
26.0147
 21
48.5796
  0
LINE
  8
0
 10
26.0147
 20
48.5796
 11
26.0379
 21
48.6621
  0
LINE
  8
0
 10
26.0379
 20
48.6621
 11
26.0643
 21
48.7439
  0
LINE
  8
0
 10
26.0643
 20
48.7439
 11
26.0941
 21
48.8245
  0
LINE
  8
0
 10
26.0941
 20
48.8245
 11
26.1275
 21
48.9036
  0
LINE
  8
0
 10
26.1275
 20
48.9036
 11
26.1639
 21
48.9811
  0
LINE
  8
0
 10
26.1639
 20
48.9811
 11
26.2038
 21
49.0575
  0
LINE
  8
0
 10
26.2038
 20
49.0575
 11
26.2468
 21
49.1319
  0
LINE
  8
0
 10
26.2468
 20
49.1319
 11
26.293
 21
49.2044
  0
LINE
  8
0
 10
26.293
 20
49.2044
 11
26.3418
 21
49.2749
  0
LINE
  8
0
 10
26.3418
 20
49.2749
 11
26.3937
 21
49.3431
  0
LINE
  8
0
 10
26.3937
 20
49.3431
 11
26.4484
 21
49.4094
  0
LINE
  8
0
 10
26.4484
 20
49.4094
 11
26.5057
 21
49.4729
  0
LINE
  8
0
 10
26.5057
 20
49.4729
 11
26.5658
 21
49.5346
  0
LINE
  8
0
 10
26.5658
 20
49.5346
 11
26.6286
 21
49.5931
  0
LINE
  8
0
 10
26.6286
 20
49.5931
 11
26.6937
 21
49.6493
  0
LINE
  8
0
 10
26.6937
 20
49.6493
 11
26.7608
 21
49.7028
  0
LINE
  8
0
 10
26.7608
 20
49.7028
 11
26.8301
 21
49.7532
  0
LINE
  8
0
 10
26.8301
 20
49.7532
 11
26.9018
 21
49.8008
  0
LINE
  8
0
 10
26.9018
 20
49.8008
 11
26.9751
 21
49.845
  0
LINE
  8
0
 10
26.9751
 20
49.845
 11
27.0507
 21
49.8865
  0
LINE
  8
0
 10
27.0507
 20
49.8865
 11
27.1274
 21
49.9249
  0
LINE
  8
0
 10
27.1274
 20
49.9249
 11
27.2057
 21
49.9597
  0
LINE
  8
0
 10
27.2057
 20
49.9597
 11
27.2855
 21
49.9911
  0
LINE
  8
0
 10
27.2855
 20
49.9911
 11
27.3669
 21
50.0194
  0
LINE
  8
0
 10
27.3669
 20
50.0194
 11
27.4491
 21
50.0442
  0
LINE
  8
0
 10
27.4491
 20
50.0442
 11
27.532
 21
50.0655
  0
LINE
  8
0
 10
27.532
 20
50.0655
 11
27.6161
 21
50.0834
  0
LINE
  8
0
 10
27.6161
 20
50.0834
 11
27.7006
 21
50.0977
  0
LINE
  8
0
 10
27.7006
 20
50.0977
 11
27.7859
 21
50.1086
  0
LINE
  8
0
 10
27.7859
 20
50.1086
 11
27.8716
 21
50.1159
  0
LINE
  8
0
 10
27.8716
 20
50.1159
 11
27.9572
 21
50.1194
  0
LINE
  8
0
 10
27.9572
 20
50.1194
 11
28.0432
 21
50.1194
  0
LINE
  8
0
 10
28.0432
 20
50.1194
 11
28.1289
 21
50.1159
  0
LINE
  8
0
 10
28.1289
 20
50.1159
 11
28.2146
 21
50.1086
  0
LINE
  8
0
 10
28.2146
 20
50.1086
 11
28.2998
 21
50.0977
  0
LINE
  8
0
 10
28.2998
 20
50.0977
 11
28.3843
 21
50.0834
  0
LINE
  8
0
 10
28.3843
 20
50.0834
 11
28.4684
 21
50.0655
  0
LINE
  8
0
 10
28.4684
 20
50.0655
 11
28.5517
 21
50.0442
  0
LINE
  8
0
 10
28.5517
 20
50.0442
 11
28.6339
 21
50.0194
  0
LINE
  8
0
 10
28.6339
 20
50.0194
 11
28.7149
 21
49.9911
  0
LINE
  8
0
 10
28.7149
 20
49.9911
 11
28.7948
 21
49.9597
  0
LINE
  8
0
 10
28.7948
 20
49.9597
 11
28.873
 21
49.9249
  0
LINE
  8
0
 10
28.873
 20
49.9249
 11
28.9502
 21
49.8865
  0
LINE
  8
0
 10
28.9502
 20
49.8865
 11
29.0254
 21
49.845
  0
LINE
  8
0
 10
29.0254
 20
49.845
 11
29.0986
 21
49.8008
  0
LINE
  8
0
 10
29.0986
 20
49.8008
 11
29.1703
 21
49.7532
  0
LINE
  8
0
 10
29.1703
 20
49.7532
 11
29.2397
 21
49.7028
  0
LINE
  8
0
 10
29.2397
 20
49.7028
 11
29.3071
 21
49.6493
  0
LINE
  8
0
 10
29.3071
 20
49.6493
 11
29.3719
 21
49.5931
  0
LINE
  8
0
 10
29.3719
 20
49.5931
 11
29.4346
 21
49.5346
  0
LINE
  8
0
 10
29.4346
 20
49.5346
 11
29.4947
 21
49.4729
  0
LINE
  8
0
 10
29.4947
 20
49.4729
 11
29.5521
 21
49.4094
  0
LINE
  8
0
 10
29.5521
 20
49.4094
 11
29.6067
 21
49.3431
  0
LINE
  8
0
 10
29.6067
 20
49.3431
 11
29.6587
 21
49.2749
  0
LINE
  8
0
 10
29.6587
 20
49.2749
 11
29.7079
 21
49.2044
  0
LINE
  8
0
 10
29.7079
 20
49.2044
 11
29.7536
 21
49.1319
  0
LINE
  8
0
 10
29.7536
 20
49.1319
 11
29.7966
 21
49.0575
  0
LINE
  8
0
 10
29.7966
 20
49.0575
 11
29.8366
 21
48.9811
  0
LINE
  8
0
 10
29.8366
 20
48.9811
 11
29.873
 21
48.9036
  0
LINE
  8
0
 10
29.873
 20
48.9036
 11
29.9063
 21
48.8245
  0
LINE
  8
0
 10
29.9063
 20
48.8245
 11
29.9362
 21
48.7439
  0
LINE
  8
0
 10
29.9362
 20
48.7439
 11
29.9629
 21
48.6621
  0
LINE
  8
0
 10
29.9629
 20
48.6621
 11
29.9858
 21
48.5796
  0
LINE
  8
0
 10
29.9858
 20
48.5796
 11
30.0055
 21
48.4959
  0
LINE
  8
0
 10
30.0055
 20
48.4959
 11
30.0214
 21
48.4118
  0
LINE
  8
0
 10
30.0214
 20
48.4118
 11
30.0342
 21
48.3269
  0
LINE
  8
0
 10
30.0342
 20
48.3269
 11
30.0431
 21
48.2412
  0
LINE
  8
0
 10
30.0431
 20
48.2412
 11
30.0486
 21
48.1556
  0
LINE
  8
0
 10
30.0486
 20
48.1556
 11
30.0501
 21
48.0699
  0
LINE
  8
0
 10
30.0501
 20
48.0699
 11
30.0486
 21
47.9839
  0
LINE
  8
0
 10
30.0486
 20
47.9839
 11
30.0431
 21
47.8982
  0
LINE
  8
0
 10
30.0431
 20
47.8982
 11
30.0342
 21
47.813
  0
LINE
  8
0
 10
30.0342
 20
47.813
 11
30.0214
 21
47.7281
  0
LINE
  8
0
 10
30.0214
 20
47.7281
 11
30.0055
 21
47.6436
  0
LINE
  8
0
 10
30.0055
 20
47.6436
 11
29.9858
 21
47.5599
  0
LINE
  8
0
 10
29.9858
 20
47.5599
 11
29.9629
 21
47.4773
  0
LINE
  8
0
 10
29.9629
 20
47.4773
 11
29.9362
 21
47.3956
  0
LINE
  8
0
 10
29.9362
 20
47.3956
 11
29.9063
 21
47.3153
  0
LINE
  8
0
 10
29.9063
 20
47.3153
 11
29.873
 21
47.2359
  0
LINE
  8
0
 10
29.873
 20
47.2359
 11
29.8366
 21
47.1584
  0
LINE
  8
0
 10
29.8366
 20
47.1584
 11
29.7966
 21
47.0824
  0
LINE
  8
0
 10
29.7966
 20
47.0824
 11
29.7536
 21
47.008
  0
LINE
  8
0
 10
29.7536
 20
47.008
 11
29.7079
 21
46.9355
  0
LINE
  8
0
 10
29.7079
 20
46.9355
 11
29.6587
 21
46.865
  0
LINE
  8
0
 10
29.6587
 20
46.865
 11
29.6067
 21
46.7964
  0
LINE
  8
0
 10
29.6067
 20
46.7964
 11
29.5521
 21
46.7305
  0
LINE
  8
0
 10
29.5521
 20
46.7305
 11
29.4947
 21
46.6665
  0
LINE
  8
0
 10
29.4947
 20
46.6665
 11
29.4346
 21
46.6053
  0
LINE
  8
0
 10
29.4346
 20
46.6053
 11
29.3719
 21
46.5464
  0
LINE
  8
0
 10
29.3719
 20
46.5464
 11
29.3071
 21
46.4902
  0
LINE
  8
0
 10
29.3071
 20
46.4902
 11
29.2397
 21
46.4371
  0
LINE
  8
0
 10
29.2397
 20
46.4371
 11
29.1703
 21
46.3863
  0
LINE
  8
0
 10
29.1703
 20
46.3863
 11
29.0986
 21
46.339
  0
LINE
  8
0
 10
29.0986
 20
46.339
 11
29.0254
 21
46.2945
  0
LINE
  8
0
 10
29.0254
 20
46.2945
 11
28.9502
 21
46.253
  0
LINE
  8
0
 10
28.9502
 20
46.253
 11
28.873
 21
46.215
  0
LINE
  8
0
 10
28.873
 20
46.215
 11
28.7948
 21
46.1801
  0
LINE
  8
0
 10
28.7948
 20
46.1801
 11
28.7149
 21
46.1483
  0
LINE
  8
0
 10
28.7149
 20
46.1483
 11
28.6339
 21
46.1201
  0
LINE
  8
0
 10
28.6339
 20
46.1201
 11
28.5517
 21
46.0952
  0
LINE
  8
0
 10
28.5517
 20
46.0952
 11
28.4684
 21
46.0739
  0
LINE
  8
0
 10
28.4684
 20
46.0739
 11
28.3843
 21
46.0561
  0
LINE
  8
0
 10
28.3843
 20
46.0561
 11
28.2998
 21
46.0418
  0
LINE
  8
0
 10
28.2998
 20
46.0418
 11
28.2146
 21
46.0309
  0
LINE
  8
0
 10
28.2146
 20
46.0309
 11
28.1289
 21
46.0239
  0
LINE
  8
0
 10
28.1289
 20
46.0239
 11
28.0432
 21
46.0204
  0
LINE
  8
0
 10
28.0432
 20
46.0204
 11
27.9572
 21
46.0204
  0
LINE
  8
0
 10
-100.042
 20
46.0204
 11
-100.128
 21
46.0239
  0
LINE
  8
0
 10
-100.128
 20
46.0239
 11
-100.214
 21
46.0309
  0
LINE
  8
0
 10
-100.214
 20
46.0309
 11
-100.299
 21
46.0418
  0
LINE
  8
0
 10
-100.299
 20
46.0418
 11
-100.383
 21
46.0561
  0
LINE
  8
0
 10
-100.383
 20
46.0561
 11
-100.468
 21
46.0739
  0
LINE
  8
0
 10
-100.468
 20
46.0739
 11
-100.55
 21
46.0952
  0
LINE
  8
0
 10
-100.55
 20
46.0952
 11
-100.633
 21
46.1201
  0
LINE
  8
0
 10
-100.633
 20
46.1201
 11
-100.714
 21
46.1483
  0
LINE
  8
0
 10
-100.714
 20
46.1483
 11
-100.794
 21
46.1801
  0
LINE
  8
0
 10
-100.794
 20
46.1801
 11
-100.872
 21
46.215
  0
LINE
  8
0
 10
-100.872
 20
46.215
 11
-100.949
 21
46.253
  0
LINE
  8
0
 10
-100.949
 20
46.253
 11
-101.024
 21
46.2945
  0
LINE
  8
0
 10
-101.024
 20
46.2945
 11
-101.098
 21
46.339
  0
LINE
  8
0
 10
-101.098
 20
46.339
 11
-101.169
 21
46.3863
  0
LINE
  8
0
 10
-101.169
 20
46.3863
 11
-101.239
 21
46.4371
  0
LINE
  8
0
 10
-101.239
 20
46.4371
 11
-101.306
 21
46.4902
  0
LINE
  8
0
 10
-101.306
 20
46.4902
 11
-101.371
 21
46.5464
  0
LINE
  8
0
 10
-101.371
 20
46.5464
 11
-101.434
 21
46.6053
  0
LINE
  8
0
 10
-101.434
 20
46.6053
 11
-101.494
 21
46.6665
  0
LINE
  8
0
 10
-101.494
 20
46.6665
 11
-101.551
 21
46.7305
  0
LINE
  8
0
 10
-101.551
 20
46.7305
 11
-101.606
 21
46.7964
  0
LINE
  8
0
 10
-101.606
 20
46.7964
 11
-101.658
 21
46.865
  0
LINE
  8
0
 10
-101.658
 20
46.865
 11
-101.707
 21
46.9355
  0
LINE
  8
0
 10
-101.707
 20
46.9355
 11
-101.753
 21
47.008
  0
LINE
  8
0
 10
-101.753
 20
47.008
 11
-101.796
 21
47.0824
  0
LINE
  8
0
 10
-101.796
 20
47.0824
 11
-101.836
 21
47.1584
  0
LINE
  8
0
 10
-101.836
 20
47.1584
 11
-101.872
 21
47.2359
  0
LINE
  8
0
 10
-101.872
 20
47.2359
 11
-101.905
 21
47.3153
  0
LINE
  8
0
 10
-101.905
 20
47.3153
 11
-101.935
 21
47.3956
  0
LINE
  8
0
 10
-101.935
 20
47.3956
 11
-101.962
 21
47.4773
  0
LINE
  8
0
 10
-101.962
 20
47.4773
 11
-101.985
 21
47.5599
  0
LINE
  8
0
 10
-101.985
 20
47.5599
 11
-102.005
 21
47.6436
  0
LINE
  8
0
 10
-102.005
 20
47.6436
 11
-102.021
 21
47.7281
  0
LINE
  8
0
 10
-102.021
 20
47.7281
 11
-102.033
 21
47.813
  0
LINE
  8
0
 10
-102.033
 20
47.813
 11
-102.042
 21
47.8982
  0
LINE
  8
0
 10
-102.042
 20
47.8982
 11
-102.048
 21
47.9839
  0
LINE
  8
0
 10
-102.048
 20
47.9839
 11
-102.049
 21
48.0699
  0
LINE
  8
0
 10
-102.049
 20
48.0699
 11
-102.048
 21
48.1556
  0
LINE
  8
0
 10
-102.048
 20
48.1556
 11
-102.042
 21
48.2412
  0
LINE
  8
0
 10
-102.042
 20
48.2412
 11
-102.033
 21
48.3269
  0
LINE
  8
0
 10
-102.033
 20
48.3269
 11
-102.021
 21
48.4118
  0
LINE
  8
0
 10
-102.021
 20
48.4118
 11
-102.005
 21
48.4959
  0
LINE
  8
0
 10
-102.005
 20
48.4959
 11
-101.985
 21
48.5796
  0
LINE
  8
0
 10
-101.985
 20
48.5796
 11
-101.962
 21
48.6621
  0
LINE
  8
0
 10
-101.962
 20
48.6621
 11
-101.935
 21
48.7439
  0
LINE
  8
0
 10
-101.935
 20
48.7439
 11
-101.905
 21
48.8245
  0
LINE
  8
0
 10
-101.905
 20
48.8245
 11
-101.872
 21
48.9036
  0
LINE
  8
0
 10
-101.872
 20
48.9036
 11
-101.836
 21
48.9811
  0
LINE
  8
0
 10
-101.836
 20
48.9811
 11
-101.796
 21
49.0575
  0
LINE
  8
0
 10
-101.796
 20
49.0575
 11
-101.753
 21
49.1319
  0
LINE
  8
0
 10
-101.753
 20
49.1319
 11
-101.707
 21
49.2044
  0
LINE
  8
0
 10
-101.707
 20
49.2044
 11
-101.658
 21
49.2749
  0
LINE
  8
0
 10
-101.658
 20
49.2749
 11
-101.606
 21
49.3431
  0
LINE
  8
0
 10
-101.606
 20
49.3431
 11
-101.551
 21
49.4094
  0
LINE
  8
0
 10
-101.551
 20
49.4094
 11
-101.494
 21
49.4729
  0
LINE
  8
0
 10
-101.494
 20
49.4729
 11
-101.434
 21
49.5346
  0
LINE
  8
0
 10
-101.434
 20
49.5346
 11
-101.371
 21
49.5931
  0
LINE
  8
0
 10
-101.371
 20
49.5931
 11
-101.306
 21
49.6493
  0
LINE
  8
0
 10
-101.306
 20
49.6493
 11
-101.239
 21
49.7028
  0
LINE
  8
0
 10
-101.239
 20
49.7028
 11
-101.169
 21
49.7532
  0
LINE
  8
0
 10
-101.169
 20
49.7532
 11
-101.098
 21
49.8008
  0
LINE
  8
0
 10
-101.098
 20
49.8008
 11
-101.024
 21
49.845
  0
LINE
  8
0
 10
-101.024
 20
49.845
 11
-100.949
 21
49.8865
  0
LINE
  8
0
 10
-100.949
 20
49.8865
 11
-100.872
 21
49.9249
  0
LINE
  8
0
 10
-100.872
 20
49.9249
 11
-100.794
 21
49.9597
  0
LINE
  8
0
 10
-100.794
 20
49.9597
 11
-100.714
 21
49.9911
  0
LINE
  8
0
 10
-100.714
 20
49.9911
 11
-100.633
 21
50.0194
  0
LINE
  8
0
 10
-100.633
 20
50.0194
 11
-100.55
 21
50.0442
  0
LINE
  8
0
 10
-100.55
 20
50.0442
 11
-100.468
 21
50.0655
  0
LINE
  8
0
 10
-100.468
 20
50.0655
 11
-100.383
 21
50.0834
  0
LINE
  8
0
 10
-100.383
 20
50.0834
 11
-100.299
 21
50.0977
  0
LINE
  8
0
 10
-100.299
 20
50.0977
 11
-100.214
 21
50.1086
  0
LINE
  8
0
 10
-100.214
 20
50.1086
 11
-100.128
 21
50.1159
  0
LINE
  8
0
 10
-100.128
 20
50.1159
 11
-100.042
 21
50.1194
  0
LINE
  8
0
 10
-100.042
 20
50.1194
 11
-99.9563
 21
50.1194
  0
LINE
  8
0
 10
-99.9563
 20
50.1194
 11
-99.8706
 21
50.1159
  0
LINE
  8
0
 10
-99.8706
 20
50.1159
 11
-99.785
 21
50.1086
  0
LINE
  8
0
 10
-99.785
 20
50.1086
 11
-99.6997
 21
50.0977
  0
LINE
  8
0
 10
-99.6997
 20
50.0977
 11
-99.6152
 21
50.0834
  0
LINE
  8
0
 10
-99.6152
 20
50.0834
 11
-99.5311
 21
50.0655
  0
LINE
  8
0
 10
-99.5311
 20
50.0655
 11
-99.4482
 21
50.0442
  0
LINE
  8
0
 10
-99.4482
 20
50.0442
 11
-99.366
 21
50.0194
  0
LINE
  8
0
 10
-99.366
 20
50.0194
 11
-99.2846
 21
49.9911
  0
LINE
  8
0
 10
-99.2846
 20
49.9911
 11
-99.2048
 21
49.9597
  0
LINE
  8
0
 10
-99.2048
 20
49.9597
 11
-99.1265
 21
49.9249
  0
LINE
  8
0
 10
-99.1265
 20
49.9249
 11
-99.0494
 21
49.8865
  0
LINE
  8
0
 10
-99.0494
 20
49.8865
 11
-98.9742
 21
49.845
  0
LINE
  8
0
 10
-98.9742
 20
49.845
 11
-98.9009
 21
49.8008
  0
LINE
  8
0
 10
-98.9009
 20
49.8008
 11
-98.8292
 21
49.7532
  0
LINE
  8
0
 10
-98.8292
 20
49.7532
 11
-98.7599
 21
49.7028
  0
LINE
  8
0
 10
-98.7599
 20
49.7028
 11
-98.6924
 21
49.6493
  0
LINE
  8
0
 10
-98.6924
 20
49.6493
 11
-98.6277
 21
49.5931
  0
LINE
  8
0
 10
-98.6277
 20
49.5931
 11
-98.5649
 21
49.5346
  0
LINE
  8
0
 10
-98.5649
 20
49.5346
 11
-98.5048
 21
49.4729
  0
LINE
  8
0
 10
-98.5048
 20
49.4729
 11
-98.4475
 21
49.4094
  0
LINE
  8
0
 10
-98.4475
 20
49.4094
 11
-98.3928
 21
49.3431
  0
LINE
  8
0
 10
-98.3928
 20
49.3431
 11
-98.3409
 21
49.2749
  0
LINE
  8
0
 10
-98.3409
 20
49.2749
 11
-98.2917
 21
49.2044
  0
LINE
  8
0
 10
-98.2917
 20
49.2044
 11
-98.2459
 21
49.1319
  0
LINE
  8
0
 10
-98.2459
 20
49.1319
 11
-98.2029
 21
49.0575
  0
LINE
  8
0
 10
-98.2029
 20
49.0575
 11
-98.163
 21
48.9811
  0
LINE
  8
0
 10
-98.163
 20
48.9811
 11
-98.1266
 21
48.9036
  0
LINE
  8
0
 10
-98.1266
 20
48.9036
 11
-98.0932
 21
48.8245
  0
LINE
  8
0
 10
-98.0932
 20
48.8245
 11
-98.0634
 21
48.7439
  0
LINE
  8
0
 10
-98.0634
 20
48.7439
 11
-98.0367
 21
48.6621
  0
LINE
  8
0
 10
-98.0367
 20
48.6621
 11
-98.0138
 21
48.5796
  0
LINE
  8
0
 10
-98.0138
 20
48.5796
 11
-97.994
 21
48.4959
  0
LINE
  8
0
 10
-97.994
 20
48.4959
 11
-97.9781
 21
48.4118
  0
LINE
  8
0
 10
-97.9781
 20
48.4118
 11
-97.9653
 21
48.3269
  0
LINE
  8
0
 10
-97.9653
 20
48.3269
 11
-97.9564
 21
48.2412
  0
LINE
  8
0
 10
-97.9564
 20
48.2412
 11
-97.951
 21
48.1556
  0
LINE
  8
0
 10
-97.951
 20
48.1556
 11
-97.9494
 21
48.0699
  0
LINE
  8
0
 10
-97.9494
 20
48.0699
 11
-97.951
 21
47.9839
  0
LINE
  8
0
 10
-97.951
 20
47.9839
 11
-97.9564
 21
47.8982
  0
LINE
  8
0
 10
-97.9564
 20
47.8982
 11
-97.9653
 21
47.813
  0
LINE
  8
0
 10
-97.9653
 20
47.813
 11
-97.9781
 21
47.7281
  0
LINE
  8
0
 10
-97.9781
 20
47.7281
 11
-97.994
 21
47.6436
  0
LINE
  8
0
 10
-97.994
 20
47.6436
 11
-98.0138
 21
47.5599
  0
LINE
  8
0
 10
-98.0138
 20
47.5599
 11
-98.0367
 21
47.4773
  0
LINE
  8
0
 10
-98.0367
 20
47.4773
 11
-98.0634
 21
47.3956
  0
LINE
  8
0
 10
-98.0634
 20
47.3956
 11
-98.0932
 21
47.3153
  0
LINE
  8
0
 10
-98.0932
 20
47.3153
 11
-98.1266
 21
47.2359
  0
LINE
  8
0
 10
-98.1266
 20
47.2359
 11
-98.163
 21
47.1584
  0
LINE
  8
0
 10
-98.163
 20
47.1584
 11
-98.2029
 21
47.0824
  0
LINE
  8
0
 10
-98.2029
 20
47.0824
 11
-98.2459
 21
47.008
  0
LINE
  8
0
 10
-98.2459
 20
47.008
 11
-98.2917
 21
46.9355
  0
LINE
  8
0
 10
-98.2917
 20
46.9355
 11
-98.3409
 21
46.865
  0
LINE
  8
0
 10
-98.3409
 20
46.865
 11
-98.3928
 21
46.7964
  0
LINE
  8
0
 10
-98.3928
 20
46.7964
 11
-98.4475
 21
46.7305
  0
LINE
  8
0
 10
-98.4475
 20
46.7305
 11
-98.5048
 21
46.6665
  0
LINE
  8
0
 10
-98.5048
 20
46.6665
 11
-98.5649
 21
46.6053
  0
LINE
  8
0
 10
-98.5649
 20
46.6053
 11
-98.6277
 21
46.5464
  0
LINE
  8
0
 10
-98.6277
 20
46.5464
 11
-98.6924
 21
46.4902
  0
LINE
  8
0
 10
-98.6924
 20
46.4902
 11
-98.7599
 21
46.4371
  0
LINE
  8
0
 10
-98.7599
 20
46.4371
 11
-98.8292
 21
46.3863
  0
LINE
  8
0
 10
-98.8292
 20
46.3863
 11
-98.9009
 21
46.339
  0
LINE
  8
0
 10
-98.9009
 20
46.339
 11
-98.9742
 21
46.2945
  0
LINE
  8
0
 10
-98.9742
 20
46.2945
 11
-99.0494
 21
46.253
  0
LINE
  8
0
 10
-99.0494
 20
46.253
 11
-99.1265
 21
46.215
  0
LINE
  8
0
 10
-99.1265
 20
46.215
 11
-99.2048
 21
46.1801
  0
LINE
  8
0
 10
-99.2048
 20
46.1801
 11
-99.2846
 21
46.1483
  0
LINE
  8
0
 10
-99.2846
 20
46.1483
 11
-99.366
 21
46.1201
  0
LINE
  8
0
 10
-99.366
 20
46.1201
 11
-99.4482
 21
46.0952
  0
LINE
  8
0
 10
-99.4482
 20
46.0952
 11
-99.5311
 21
46.0739
  0
LINE
  8
0
 10
-99.5311
 20
46.0739
 11
-99.6152
 21
46.0561
  0
LINE
  8
0
 10
-99.6152
 20
46.0561
 11
-99.6997
 21
46.0418
  0
LINE
  8
0
 10
-99.6997
 20
46.0418
 11
-99.785
 21
46.0309
  0
LINE
  8
0
 10
-99.785
 20
46.0309
 11
-99.8706
 21
46.0239
  0
LINE
  8
0
 10
-99.8706
 20
46.0239
 11
-99.9563
 21
46.0204
  0
LINE
  8
0
 10
-99.9563
 20
46.0204
 11
-100.042
 21
46.0204
  0
LINE
  8
0
 10
-4.04239
 20
46.0204
 11
-4.12804
 21
46.0239
  0
LINE
  8
0
 10
-4.12804
 20
46.0239
 11
-4.2137
 21
46.0309
  0
LINE
  8
0
 10
-4.2137
 20
46.0309
 11
-4.29896
 21
46.0418
  0
LINE
  8
0
 10
-4.29896
 20
46.0418
 11
-4.38345
 21
46.0561
  0
LINE
  8
0
 10
-4.38345
 20
46.0561
 11
-4.46756
 21
46.0739
  0
LINE
  8
0
 10
-4.46756
 20
46.0739
 11
-4.5505
 21
46.0952
  0
LINE
  8
0
 10
-4.5505
 20
46.0952
 11
-4.63266
 21
46.1201
  0
LINE
  8
0
 10
-4.63266
 20
46.1201
 11
-4.71405
 21
46.1483
  0
LINE
  8
0
 10
-4.71405
 20
46.1483
 11
-4.79389
 21
46.1801
  0
LINE
  8
0
 10
-4.79389
 20
46.1801
 11
-4.87218
 21
46.215
  0
LINE
  8
0
 10
-4.87218
 20
46.215
 11
-4.94892
 21
46.253
  0
LINE
  8
0
 10
-4.94892
 20
46.253
 11
-5.0245
 21
46.2945
  0
LINE
  8
0
 10
-5.0245
 20
46.2945
 11
-5.09775
 21
46.339
  0
LINE
  8
0
 10
-5.09775
 20
46.339
 11
-5.16945
 21
46.3863
  0
LINE
  8
0
 10
-5.16945
 20
46.3863
 11
-5.23883
 21
46.4371
  0
LINE
  8
0
 10
-5.23883
 20
46.4371
 11
-5.30588
 21
46.4902
  0
LINE
  8
0
 10
-5.30588
 20
46.4902
 11
-5.37099
 21
46.5464
  0
LINE
  8
0
 10
-5.37099
 20
46.5464
 11
-5.43378
 21
46.6053
  0
LINE
  8
0
 10
-5.43378
 20
46.6053
 11
-5.49385
 21
46.6665
  0
LINE
  8
0
 10
-5.49385
 20
46.6665
 11
-5.55121
 21
46.7305
  0
LINE
  8
0
 10
-5.55121
 20
46.7305
 11
-5.60586
 21
46.7964
  0
LINE
  8
0
 10
-5.60586
 20
46.7964
 11
-5.65779
 21
46.865
  0
LINE
  8
0
 10
-5.65779
 20
46.865
 11
-5.70663
 21
46.9355
  0
LINE
  8
0
 10
-5.70663
 20
46.9355
 11
-5.75275
 21
47.008
  0
LINE
  8
0
 10
-5.75275
 20
47.008
 11
-5.79577
 21
47.0824
  0
LINE
  8
0
 10
-5.79577
 20
47.0824
 11
-5.83569
 21
47.1584
  0
LINE
  8
0
 10
-5.83569
 20
47.1584
 11
-5.87212
 21
47.2359
  0
LINE
  8
0
 10
-5.87212
 20
47.2359
 11
-5.90545
 21
47.3153
  0
LINE
  8
0
 10
-5.90545
 20
47.3153
 11
-5.9353
 21
47.3956
  0
LINE
  8
0
 10
-5.9353
 20
47.3956
 11
-5.96165
 21
47.4773
  0
LINE
  8
0
 10
-5.96165
 20
47.4773
 11
-5.98491
 21
47.5599
  0
LINE
  8
0
 10
-5.98491
 20
47.5599
 11
-6.00467
 21
47.6436
  0
LINE
  8
0
 10
-6.00467
 20
47.6436
 11
-6.02056
 21
47.7281
  0
LINE
  8
0
 10
-6.02056
 20
47.7281
 11
-6.03335
 21
47.813
  0
LINE
  8
0
 10
-6.03335
 20
47.813
 11
-6.04227
 21
47.8982
  0
LINE
  8
0
 10
-6.04227
 20
47.8982
 11
-6.04769
 21
47.9839
  0
LINE
  8
0
 10
-6.04769
 20
47.9839
 11
-6.04924
 21
48.0699
  0
LINE
  8
0
 10
-6.04924
 20
48.0699
 11
-6.04769
 21
48.1556
  0
LINE
  8
0
 10
-6.04769
 20
48.1556
 11
-6.04227
 21
48.2412
  0
LINE
  8
0
 10
-6.04227
 20
48.2412
 11
-6.03335
 21
48.3269
  0
LINE
  8
0
 10
-6.03335
 20
48.3269
 11
-6.02056
 21
48.4118
  0
LINE
  8
0
 10
-6.02056
 20
48.4118
 11
-6.00467
 21
48.4959
  0
LINE
  8
0
 10
-6.00467
 20
48.4959
 11
-5.98491
 21
48.5796
  0
LINE
  8
0
 10
-5.98491
 20
48.5796
 11
-5.96165
 21
48.6621
  0
LINE
  8
0
 10
-5.96165
 20
48.6621
 11
-5.9353
 21
48.7439
  0
LINE
  8
0
 10
-5.9353
 20
48.7439
 11
-5.90545
 21
48.8245
  0
LINE
  8
0
 10
-5.90545
 20
48.8245
 11
-5.87212
 21
48.9036
  0
LINE
  8
0
 10
-5.87212
 20
48.9036
 11
-5.83569
 21
48.9811
  0
LINE
  8
0
 10
-5.83569
 20
48.9811
 11
-5.79577
 21
49.0575
  0
LINE
  8
0
 10
-5.79577
 20
49.0575
 11
-5.75275
 21
49.1319
  0
LINE
  8
0
 10
-5.75275
 20
49.1319
 11
-5.70663
 21
49.2044
  0
LINE
  8
0
 10
-5.70663
 20
49.2044
 11
-5.65779
 21
49.2749
  0
LINE
  8
0
 10
-5.65779
 20
49.2749
 11
-5.60586
 21
49.3431
  0
LINE
  8
0
 10
-5.60586
 20
49.3431
 11
-5.55121
 21
49.4094
  0
LINE
  8
0
 10
-5.55121
 20
49.4094
 11
-5.49385
 21
49.4729
  0
LINE
  8
0
 10
-5.49385
 20
49.4729
 11
-5.43378
 21
49.5346
  0
LINE
  8
0
 10
-5.43378
 20
49.5346
 11
-5.37099
 21
49.5931
  0
LINE
  8
0
 10
-5.37099
 20
49.5931
 11
-5.30588
 21
49.6493
  0
LINE
  8
0
 10
-5.30588
 20
49.6493
 11
-5.23883
 21
49.7028
  0
LINE
  8
0
 10
-5.23883
 20
49.7028
 11
-5.16945
 21
49.7532
  0
LINE
  8
0
 10
-5.16945
 20
49.7532
 11
-5.09775
 21
49.8008
  0
LINE
  8
0
 10
-5.09775
 20
49.8008
 11
-5.0245
 21
49.845
  0
LINE
  8
0
 10
-5.0245
 20
49.845
 11
-4.94892
 21
49.8865
  0
LINE
  8
0
 10
-4.94892
 20
49.8865
 11
-4.87218
 21
49.9249
  0
LINE
  8
0
 10
-4.87218
 20
49.9249
 11
-4.79389
 21
49.9597
  0
LINE
  8
0
 10
-4.79389
 20
49.9597
 11
-4.71405
 21
49.9911
  0
LINE
  8
0
 10
-4.71405
 20
49.9911
 11
-4.63266
 21
50.0194
  0
LINE
  8
0
 10
-4.63266
 20
50.0194
 11
-4.5505
 21
50.0442
  0
LINE
  8
0
 10
-4.5505
 20
50.0442
 11
-4.46756
 21
50.0655
  0
LINE
  8
0
 10
-4.46756
 20
50.0655
 11
-4.38345
 21
50.0834
  0
LINE
  8
0
 10
-4.38345
 20
50.0834
 11
-4.29896
 21
50.0977
  0
LINE
  8
0
 10
-4.29896
 20
50.0977
 11
-4.2137
 21
50.1086
  0
LINE
  8
0
 10
-4.2137
 20
50.1086
 11
-4.12804
 21
50.1159
  0
LINE
  8
0
 10
-4.12804
 20
50.1159
 11
-4.04239
 21
50.1194
  0
LINE
  8
0
 10
-4.04239
 20
50.1194
 11
-3.95635
 21
50.1194
  0
LINE
  8
0
 10
-3.95635
 20
50.1194
 11
-3.87069
 21
50.1159
  0
LINE
  8
0
 10
-3.87069
 20
50.1159
 11
-3.78504
 21
50.1086
  0
LINE
  8
0
 10
-3.78504
 20
50.1086
 11
-3.69977
 21
50.0977
  0
LINE
  8
0
 10
-3.69977
 20
50.0977
 11
-3.61528
 21
50.0834
  0
LINE
  8
0
 10
-3.61528
 20
50.0834
 11
-3.53118
 21
50.0655
  0
LINE
  8
0
 10
-3.53118
 20
50.0655
 11
-3.44785
 21
50.0442
  0
LINE
  8
0
 10
-3.44785
 20
50.0442
 11
-3.36569
 21
50.0194
  0
LINE
  8
0
 10
-3.36569
 20
50.0194
 11
-3.28468
 21
49.9911
  0
LINE
  8
0
 10
-3.28468
 20
49.9911
 11
-3.20484
 21
49.9597
  0
LINE
  8
0
 10
-3.20484
 20
49.9597
 11
-3.12655
 21
49.9249
  0
LINE
  8
0
 10
-3.12655
 20
49.9249
 11
-3.04943
 21
49.8865
  0
LINE
  8
0
 10
-3.04943
 20
49.8865
 11
-2.97424
 21
49.845
  0
LINE
  8
0
 10
-2.97424
 20
49.845
 11
-2.90099
 21
49.8008
  0
LINE
  8
0
 10
-2.90099
 20
49.8008
 11
-2.82928
 21
49.7532
  0
LINE
  8
0
 10
-2.82928
 20
49.7532
 11
-2.75991
 21
49.7028
  0
LINE
  8
0
 10
-2.75991
 20
49.7028
 11
-2.69247
 21
49.6493
  0
LINE
  8
0
 10
-2.69247
 20
49.6493
 11
-2.62775
 21
49.5931
  0
LINE
  8
0
 10
-2.62775
 20
49.5931
 11
-2.56496
 21
49.5346
  0
LINE
  8
0
 10
-2.56496
 20
49.5346
 11
-2.50489
 21
49.4729
  0
LINE
  8
0
 10
-2.50489
 20
49.4729
 11
-2.44753
 21
49.4094
  0
LINE
  8
0
 10
-2.44753
 20
49.4094
 11
-2.39288
 21
49.3431
  0
LINE
  8
0
 10
-2.39288
 20
49.3431
 11
-2.34094
 21
49.2749
  0
LINE
  8
0
 10
-2.34094
 20
49.2749
 11
-2.29172
 21
49.2044
  0
LINE
  8
0
 10
-2.29172
 20
49.2044
 11
-2.24599
 21
49.1319
  0
LINE
  8
0
 10
-2.24599
 20
49.1319
 11
-2.20297
 21
49.0575
  0
LINE
  8
0
 10
-2.20297
 20
49.0575
 11
-2.16305
 21
48.9811
  0
LINE
  8
0
 10
-2.16305
 20
48.9811
 11
-2.12661
 21
48.9036
  0
LINE
  8
0
 10
-2.12661
 20
48.9036
 11
-2.09328
 21
48.8245
  0
LINE
  8
0
 10
-2.09328
 20
48.8245
 11
-2.06344
 21
48.7439
  0
LINE
  8
0
 10
-2.06344
 20
48.7439
 11
-2.0367
 21
48.6621
  0
LINE
  8
0
 10
-2.0367
 20
48.6621
 11
-2.01383
 21
48.5796
  0
LINE
  8
0
 10
-2.01383
 20
48.5796
 11
-1.99406
 21
48.4959
  0
LINE
  8
0
 10
-1.99406
 20
48.4959
 11
-1.97817
 21
48.4118
  0
LINE
  8
0
 10
-1.97817
 20
48.4118
 11
-1.96538
 21
48.3269
  0
LINE
  8
0
 10
-1.96538
 20
48.3269
 11
-1.95647
 21
48.2412
  0
LINE
  8
0
 10
-1.95647
 20
48.2412
 11
-1.95104
 21
48.1556
  0
LINE
  8
0
 10
-1.95104
 20
48.1556
 11
-1.94949
 21
48.0699
  0
LINE
  8
0
 10
-1.94949
 20
48.0699
 11
-1.95104
 21
47.9839
  0
LINE
  8
0
 10
-1.95104
 20
47.9839
 11
-1.95647
 21
47.8982
  0
LINE
  8
0
 10
-1.95647
 20
47.8982
 11
-1.96538
 21
47.813
  0
LINE
  8
0
 10
-1.96538
 20
47.813
 11
-1.97817
 21
47.7281
  0
LINE
  8
0
 10
-1.97817
 20
47.7281
 11
-1.99406
 21
47.6436
  0
LINE
  8
0
 10
-1.99406
 20
47.6436
 11
-2.01383
 21
47.5599
  0
LINE
  8
0
 10
-2.01383
 20
47.5599
 11
-2.0367
 21
47.4773
  0
LINE
  8
0
 10
-2.0367
 20
47.4773
 11
-2.06344
 21
47.3956
  0
LINE
  8
0
 10
-2.06344
 20
47.3956
 11
-2.09328
 21
47.3153
  0
LINE
  8
0
 10
-2.09328
 20
47.3153
 11
-2.12661
 21
47.2359
  0
LINE
  8
0
 10
-2.12661
 20
47.2359
 11
-2.16305
 21
47.1584
  0
LINE
  8
0
 10
-2.16305
 20
47.1584
 11
-2.20297
 21
47.0824
  0
LINE
  8
0
 10
-2.20297
 20
47.0824
 11
-2.24599
 21
47.008
  0
LINE
  8
0
 10
-2.24599
 20
47.008
 11
-2.29172
 21
46.9355
  0
LINE
  8
0
 10
-2.29172
 20
46.9355
 11
-2.34094
 21
46.865
  0
LINE
  8
0
 10
-2.34094
 20
46.865
 11
-2.39288
 21
46.7964
  0
LINE
  8
0
 10
-2.39288
 20
46.7964
 11
-2.44753
 21
46.7305
  0
LINE
  8
0
 10
-2.44753
 20
46.7305
 11
-2.50489
 21
46.6665
  0
LINE
  8
0
 10
-2.50489
 20
46.6665
 11
-2.56496
 21
46.6053
  0
LINE
  8
0
 10
-2.56496
 20
46.6053
 11
-2.62775
 21
46.5464
  0
LINE
  8
0
 10
-2.62775
 20
46.5464
 11
-2.69247
 21
46.4902
  0
LINE
  8
0
 10
-2.69247
 20
46.4902
 11
-2.75991
 21
46.4371
  0
LINE
  8
0
 10
-2.75991
 20
46.4371
 11
-2.82928
 21
46.3863
  0
LINE
  8
0
 10
-2.82928
 20
46.3863
 11
-2.90099
 21
46.339
  0
LINE
  8
0
 10
-2.90099
 20
46.339
 11
-2.97424
 21
46.2945
  0
LINE
  8
0
 10
-2.97424
 20
46.2945
 11
-3.04943
 21
46.253
  0
LINE
  8
0
 10
-3.04943
 20
46.253
 11
-3.12655
 21
46.215
  0
LINE
  8
0
 10
-3.12655
 20
46.215
 11
-3.20484
 21
46.1801
  0
LINE
  8
0
 10
-3.20484
 20
46.1801
 11
-3.28468
 21
46.1483
  0
LINE
  8
0
 10
-3.28468
 20
46.1483
 11
-3.36569
 21
46.1201
  0
LINE
  8
0
 10
-3.36569
 20
46.1201
 11
-3.44785
 21
46.0952
  0
LINE
  8
0
 10
-3.44785
 20
46.0952
 11
-3.53118
 21
46.0739
  0
LINE
  8
0
 10
-3.53118
 20
46.0739
 11
-3.61528
 21
46.0561
  0
LINE
  8
0
 10
-3.61528
 20
46.0561
 11
-3.69977
 21
46.0418
  0
LINE
  8
0
 10
-3.69977
 20
46.0418
 11
-3.78504
 21
46.0309
  0
LINE
  8
0
 10
-3.78504
 20
46.0309
 11
-3.87069
 21
46.0239
  0
LINE
  8
0
 10
-3.87069
 20
46.0239
 11
-3.95635
 21
46.0204
  0
LINE
  8
0
 10
-3.95635
 20
46.0204
 11
-4.04239
 21
46.0204
  0
LINE
  8
0
 10
-148.042
 20
46.0204
 11
-148.128
 21
46.0239
  0
LINE
  8
0
 10
-148.128
 20
46.0239
 11
-148.213
 21
46.0309
  0
LINE
  8
0
 10
-148.213
 20
46.0309
 11
-148.299
 21
46.0418
  0
LINE
  8
0
 10
-148.299
 20
46.0418
 11
-148.384
 21
46.0561
  0
LINE
  8
0
 10
-148.384
 20
46.0561
 11
-148.467
 21
46.0739
  0
LINE
  8
0
 10
-148.467
 20
46.0739
 11
-148.551
 21
46.0952
  0
LINE
  8
0
 10
-148.551
 20
46.0952
 11
-148.633
 21
46.1201
  0
LINE
  8
0
 10
-148.633
 20
46.1201
 11
-148.714
 21
46.1483
  0
LINE
  8
0
 10
-148.714
 20
46.1483
 11
-148.794
 21
46.1801
  0
LINE
  8
0
 10
-148.794
 20
46.1801
 11
-148.872
 21
46.215
  0
LINE
  8
0
 10
-148.872
 20
46.215
 11
-148.949
 21
46.253
  0
LINE
  8
0
 10
-148.949
 20
46.253
 11
-149.024
 21
46.2945
  0
LINE
  8
0
 10
-149.024
 20
46.2945
 11
-149.098
 21
46.339
  0
LINE
  8
0
 10
-149.098
 20
46.339
 11
-149.169
 21
46.3863
  0
LINE
  8
0
 10
-149.169
 20
46.3863
 11
-149.239
 21
46.4371
  0
LINE
  8
0
 10
-149.239
 20
46.4371
 11
-149.306
 21
46.4902
  0
LINE
  8
0
 10
-149.306
 20
46.4902
 11
-149.371
 21
46.5464
  0
LINE
  8
0
 10
-149.371
 20
46.5464
 11
-149.434
 21
46.6053
  0
LINE
  8
0
 10
-149.434
 20
46.6053
 11
-149.494
 21
46.6665
  0
LINE
  8
0
 10
-149.494
 20
46.6665
 11
-149.551
 21
46.7305
  0
LINE
  8
0
 10
-149.551
 20
46.7305
 11
-149.606
 21
46.7964
  0
LINE
  8
0
 10
-149.606
 20
46.7964
 11
-149.658
 21
46.865
  0
LINE
  8
0
 10
-149.658
 20
46.865
 11
-149.707
 21
46.9355
  0
LINE
  8
0
 10
-149.707
 20
46.9355
 11
-149.753
 21
47.008
  0
LINE
  8
0
 10
-149.753
 20
47.008
 11
-149.796
 21
47.0824
  0
LINE
  8
0
 10
-149.796
 20
47.0824
 11
-149.835
 21
47.1584
  0
LINE
  8
0
 10
-149.835
 20
47.1584
 11
-149.872
 21
47.2359
  0
LINE
  8
0
 10
-149.872
 20
47.2359
 11
-149.905
 21
47.3153
  0
LINE
  8
0
 10
-149.905
 20
47.3153
 11
-149.935
 21
47.3956
  0
LINE
  8
0
 10
-149.935
 20
47.3956
 11
-149.962
 21
47.4773
  0
LINE
  8
0
 10
-149.962
 20
47.4773
 11
-149.985
 21
47.5599
  0
LINE
  8
0
 10
-149.985
 20
47.5599
 11
-150.004
 21
47.6436
  0
LINE
  8
0
 10
-150.004
 20
47.6436
 11
-150.021
 21
47.7281
  0
LINE
  8
0
 10
-150.021
 20
47.7281
 11
-150.033
 21
47.813
  0
LINE
  8
0
 10
-150.033
 20
47.813
 11
-150.042
 21
47.8982
  0
LINE
  8
0
 10
-150.042
 20
47.8982
 11
-150.047
 21
47.9839
  0
LINE
  8
0
 10
-150.047
 20
47.9839
 11
-150.049
 21
48.0699
  0
LINE
  8
0
 10
-150.049
 20
48.0699
 11
-150.047
 21
48.1556
  0
LINE
  8
0
 10
-150.047
 20
48.1556
 11
-150.042
 21
48.2412
  0
LINE
  8
0
 10
-150.042
 20
48.2412
 11
-150.033
 21
48.3269
  0
LINE
  8
0
 10
-150.033
 20
48.3269
 11
-150.021
 21
48.4118
  0
LINE
  8
0
 10
-150.021
 20
48.4118
 11
-150.004
 21
48.4959
  0
LINE
  8
0
 10
-150.004
 20
48.4959
 11
-149.985
 21
48.5796
  0
LINE
  8
0
 10
-149.985
 20
48.5796
 11
-149.962
 21
48.6621
  0
LINE
  8
0
 10
-149.962
 20
48.6621
 11
-149.935
 21
48.7439
  0
LINE
  8
0
 10
-149.935
 20
48.7439
 11
-149.905
 21
48.8245
  0
LINE
  8
0
 10
-149.905
 20
48.8245
 11
-149.872
 21
48.9036
  0
LINE
  8
0
 10
-149.872
 20
48.9036
 11
-149.835
 21
48.9811
  0
LINE
  8
0
 10
-149.835
 20
48.9811
 11
-149.796
 21
49.0575
  0
LINE
  8
0
 10
-149.796
 20
49.0575
 11
-149.753
 21
49.1319
  0
LINE
  8
0
 10
-149.753
 20
49.1319
 11
-149.707
 21
49.2044
  0
LINE
  8
0
 10
-149.707
 20
49.2044
 11
-149.658
 21
49.2749
  0
LINE
  8
0
 10
-149.658
 20
49.2749
 11
-149.606
 21
49.3431
  0
LINE
  8
0
 10
-149.606
 20
49.3431
 11
-149.551
 21
49.4094
  0
LINE
  8
0
 10
-149.551
 20
49.4094
 11
-149.494
 21
49.4729
  0
LINE
  8
0
 10
-149.494
 20
49.4729
 11
-149.434
 21
49.5346
  0
LINE
  8
0
 10
-149.434
 20
49.5346
 11
-149.371
 21
49.5931
  0
LINE
  8
0
 10
-149.371
 20
49.5931
 11
-149.306
 21
49.6493
  0
LINE
  8
0
 10
-149.306
 20
49.6493
 11
-149.239
 21
49.7028
  0
LINE
  8
0
 10
-149.239
 20
49.7028
 11
-149.169
 21
49.7532
  0
LINE
  8
0
 10
-149.169
 20
49.7532
 11
-149.098
 21
49.8008
  0
LINE
  8
0
 10
-149.098
 20
49.8008
 11
-149.024
 21
49.845
  0
LINE
  8
0
 10
-149.024
 20
49.845
 11
-148.949
 21
49.8865
  0
LINE
  8
0
 10
-148.949
 20
49.8865
 11
-148.872
 21
49.9249
  0
LINE
  8
0
 10
-148.872
 20
49.9249
 11
-148.794
 21
49.9597
  0
LINE
  8
0
 10
-148.794
 20
49.9597
 11
-148.714
 21
49.9911
  0
LINE
  8
0
 10
-148.714
 20
49.9911
 11
-148.633
 21
50.0194
  0
LINE
  8
0
 10
-148.633
 20
50.0194
 11
-148.551
 21
50.0442
  0
LINE
  8
0
 10
-148.551
 20
50.0442
 11
-148.467
 21
50.0655
  0
LINE
  8
0
 10
-148.467
 20
50.0655
 11
-148.384
 21
50.0834
  0
LINE
  8
0
 10
-148.384
 20
50.0834
 11
-148.299
 21
50.0977
  0
LINE
  8
0
 10
-148.299
 20
50.0977
 11
-148.213
 21
50.1086
  0
LINE
  8
0
 10
-148.213
 20
50.1086
 11
-148.128
 21
50.1159
  0
LINE
  8
0
 10
-148.128
 20
50.1159
 11
-148.042
 21
50.1194
  0
LINE
  8
0
 10
-148.042
 20
50.1194
 11
-147.956
 21
50.1194
  0
LINE
  8
0
 10
-147.956
 20
50.1194
 11
-147.87
 21
50.1159
  0
LINE
  8
0
 10
-147.87
 20
50.1159
 11
-147.785
 21
50.1086
  0
LINE
  8
0
 10
-147.785
 20
50.1086
 11
-147.7
 21
50.0977
  0
LINE
  8
0
 10
-147.7
 20
50.0977
 11
-147.615
 21
50.0834
  0
LINE
  8
0
 10
-147.615
 20
50.0834
 11
-147.531
 21
50.0655
  0
LINE
  8
0
 10
-147.531
 20
50.0655
 11
-147.448
 21
50.0442
  0
LINE
  8
0
 10
-147.448
 20
50.0442
 11
-147.366
 21
50.0194
  0
LINE
  8
0
 10
-147.366
 20
50.0194
 11
-147.285
 21
49.9911
  0
LINE
  8
0
 10
-147.285
 20
49.9911
 11
-147.205
 21
49.9597
  0
LINE
  8
0
 10
-147.205
 20
49.9597
 11
-147.126
 21
49.9249
  0
LINE
  8
0
 10
-147.126
 20
49.9249
 11
-147.05
 21
49.8865
  0
LINE
  8
0
 10
-147.05
 20
49.8865
 11
-146.974
 21
49.845
  0
LINE
  8
0
 10
-146.974
 20
49.845
 11
-146.901
 21
49.8008
  0
LINE
  8
0
 10
-146.901
 20
49.8008
 11
-146.829
 21
49.7532
  0
LINE
  8
0
 10
-146.829
 20
49.7532
 11
-146.76
 21
49.7028
  0
LINE
  8
0
 10
-146.76
 20
49.7028
 11
-146.693
 21
49.6493
  0
LINE
  8
0
 10
-146.693
 20
49.6493
 11
-146.627
 21
49.5931
  0
LINE
  8
0
 10
-146.627
 20
49.5931
 11
-146.565
 21
49.5346
  0
LINE
  8
0
 10
-146.565
 20
49.5346
 11
-146.505
 21
49.4729
  0
LINE
  8
0
 10
-146.505
 20
49.4729
 11
-146.448
 21
49.4094
  0
LINE
  8
0
 10
-146.448
 20
49.4094
 11
-146.393
 21
49.3431
  0
LINE
  8
0
 10
-146.393
 20
49.3431
 11
-146.341
 21
49.2749
  0
LINE
  8
0
 10
-146.341
 20
49.2749
 11
-146.292
 21
49.2044
  0
LINE
  8
0
 10
-146.292
 20
49.2044
 11
-146.246
 21
49.1319
  0
LINE
  8
0
 10
-146.246
 20
49.1319
 11
-146.203
 21
49.0575
  0
LINE
  8
0
 10
-146.203
 20
49.0575
 11
-146.163
 21
48.9811
  0
LINE
  8
0
 10
-146.163
 20
48.9811
 11
-146.127
 21
48.9036
  0
LINE
  8
0
 10
-146.127
 20
48.9036
 11
-146.093
 21
48.8245
  0
LINE
  8
0
 10
-146.093
 20
48.8245
 11
-146.063
 21
48.7439
  0
LINE
  8
0
 10
-146.063
 20
48.7439
 11
-146.037
 21
48.6621
  0
LINE
  8
0
 10
-146.037
 20
48.6621
 11
-146.014
 21
48.5796
  0
LINE
  8
0
 10
-146.014
 20
48.5796
 11
-145.994
 21
48.4959
  0
LINE
  8
0
 10
-145.994
 20
48.4959
 11
-145.978
 21
48.4118
  0
LINE
  8
0
 10
-145.978
 20
48.4118
 11
-145.966
 21
48.3269
  0
LINE
  8
0
 10
-145.966
 20
48.3269
 11
-145.957
 21
48.2412
  0
LINE
  8
0
 10
-145.957
 20
48.2412
 11
-145.951
 21
48.1556
  0
LINE
  8
0
 10
-145.951
 20
48.1556
 11
-145.949
 21
48.0699
  0
LINE
  8
0
 10
-145.949
 20
48.0699
 11
-145.951
 21
47.9839
  0
LINE
  8
0
 10
-145.951
 20
47.9839
 11
-145.957
 21
47.8982
  0
LINE
  8
0
 10
-145.957
 20
47.8982
 11
-145.966
 21
47.813
  0
LINE
  8
0
 10
-145.966
 20
47.813
 11
-145.978
 21
47.7281
  0
LINE
  8
0
 10
-145.978
 20
47.7281
 11
-145.994
 21
47.6436
  0
LINE
  8
0
 10
-145.994
 20
47.6436
 11
-146.014
 21
47.5599
  0
LINE
  8
0
 10
-146.014
 20
47.5599
 11
-146.037
 21
47.4773
  0
LINE
  8
0
 10
-146.037
 20
47.4773
 11
-146.063
 21
47.3956
  0
LINE
  8
0
 10
-146.063
 20
47.3956
 11
-146.093
 21
47.3153
  0
LINE
  8
0
 10
-146.093
 20
47.3153
 11
-146.127
 21
47.2359
  0
LINE
  8
0
 10
-146.127
 20
47.2359
 11
-146.163
 21
47.1584
  0
LINE
  8
0
 10
-146.163
 20
47.1584
 11
-146.203
 21
47.0824
  0
LINE
  8
0
 10
-146.203
 20
47.0824
 11
-146.246
 21
47.008
  0
LINE
  8
0
 10
-146.246
 20
47.008
 11
-146.292
 21
46.9355
  0
LINE
  8
0
 10
-146.292
 20
46.9355
 11
-146.341
 21
46.865
  0
LINE
  8
0
 10
-146.341
 20
46.865
 11
-146.393
 21
46.7964
  0
LINE
  8
0
 10
-146.393
 20
46.7964
 11
-146.448
 21
46.7305
  0
LINE
  8
0
 10
-146.448
 20
46.7305
 11
-146.505
 21
46.6665
  0
LINE
  8
0
 10
-146.505
 20
46.6665
 11
-146.565
 21
46.6053
  0
LINE
  8
0
 10
-146.565
 20
46.6053
 11
-146.627
 21
46.5464
  0
LINE
  8
0
 10
-146.627
 20
46.5464
 11
-146.693
 21
46.4902
  0
LINE
  8
0
 10
-146.693
 20
46.4902
 11
-146.76
 21
46.4371
  0
LINE
  8
0
 10
-146.76
 20
46.4371
 11
-146.829
 21
46.3863
  0
LINE
  8
0
 10
-146.829
 20
46.3863
 11
-146.901
 21
46.339
  0
LINE
  8
0
 10
-146.901
 20
46.339
 11
-146.974
 21
46.2945
  0
LINE
  8
0
 10
-146.974
 20
46.2945
 11
-147.05
 21
46.253
  0
LINE
  8
0
 10
-147.05
 20
46.253
 11
-147.126
 21
46.215
  0
LINE
  8
0
 10
-147.126
 20
46.215
 11
-147.205
 21
46.1801
  0
LINE
  8
0
 10
-147.205
 20
46.1801
 11
-147.285
 21
46.1483
  0
LINE
  8
0
 10
-147.285
 20
46.1483
 11
-147.366
 21
46.1201
  0
LINE
  8
0
 10
-147.366
 20
46.1201
 11
-147.448
 21
46.0952
  0
LINE
  8
0
 10
-147.448
 20
46.0952
 11
-147.531
 21
46.0739
  0
LINE
  8
0
 10
-147.531
 20
46.0739
 11
-147.615
 21
46.0561
  0
LINE
  8
0
 10
-147.615
 20
46.0561
 11
-147.7
 21
46.0418
  0
LINE
  8
0
 10
-147.7
 20
46.0418
 11
-147.785
 21
46.0309
  0
LINE
  8
0
 10
-147.785
 20
46.0309
 11
-147.87
 21
46.0239
  0
LINE
  8
0
 10
-147.87
 20
46.0239
 11
-147.956
 21
46.0204
  0
LINE
  8
0
 10
-147.956
 20
46.0204
 11
-148.042
 21
46.0204
  0
LINE
  8
0
 10
-36.6326
 20
46.1201
 11
-36.714
 21
46.1483
  0
LINE
  8
0
 10
-36.714
 20
46.1483
 11
-36.7939
 21
46.1801
  0
LINE
  8
0
 10
-36.7939
 20
46.1801
 11
-36.8722
 21
46.215
  0
LINE
  8
0
 10
-36.8722
 20
46.215
 11
-36.9489
 21
46.253
  0
LINE
  8
0
 10
-36.9489
 20
46.253
 11
-37.0245
 21
46.2945
  0
LINE
  8
0
 10
-37.0245
 20
46.2945
 11
-37.0977
 21
46.339
  0
LINE
  8
0
 10
-37.0977
 20
46.339
 11
-37.1694
 21
46.3863
  0
LINE
  8
0
 10
-37.1694
 20
46.3863
 11
-37.2388
 21
46.4371
  0
LINE
  8
0
 10
-37.2388
 20
46.4371
 11
-37.3059
 21
46.4902
  0
LINE
  8
0
 10
-37.3059
 20
46.4902
 11
-37.371
 21
46.5464
  0
LINE
  8
0
 10
-37.371
 20
46.5464
 11
-37.4338
 21
46.6053
  0
LINE
  8
0
 10
-37.4338
 20
46.6053
 11
-37.4938
 21
46.6665
  0
LINE
  8
0
 10
-37.4938
 20
46.6665
 11
-37.5512
 21
46.7305
  0
LINE
  8
0
 10
-37.5512
 20
46.7305
 11
-37.6058
 21
46.7964
  0
LINE
  8
0
 10
-37.6058
 20
46.7964
 11
-37.6578
 21
46.865
  0
LINE
  8
0
 10
-37.6578
 20
46.865
 11
-37.707
 21
46.9355
  0
LINE
  8
0
 10
-37.707
 20
46.9355
 11
-37.7527
 21
47.008
  0
LINE
  8
0
 10
-37.7527
 20
47.008
 11
-37.7958
 21
47.0824
  0
LINE
  8
0
 10
-37.7958
 20
47.0824
 11
-37.8357
 21
47.1584
  0
LINE
  8
0
 10
-37.8357
 20
47.1584
 11
-37.8721
 21
47.2359
  0
LINE
  8
0
 10
-37.8721
 20
47.2359
 11
-37.9054
 21
47.3153
  0
LINE
  8
0
 10
-37.9054
 20
47.3153
 11
-37.9353
 21
47.3956
  0
LINE
  8
0
 10
-37.9353
 20
47.3956
 11
-37.962
 21
47.4773
  0
LINE
  8
0
 10
-37.962
 20
47.4773
 11
-37.9849
 21
47.5599
  0
LINE
  8
0
 10
-37.9849
 20
47.5599
 11
-38.0047
 21
47.6436
  0
LINE
  8
0
 10
-38.0047
 20
47.6436
 11
-38.0205
 21
47.7281
  0
LINE
  8
0
 10
-38.0205
 20
47.7281
 11
-38.0333
 21
47.813
  0
LINE
  8
0
 10
-38.0333
 20
47.813
 11
-38.0423
 21
47.8982
  0
LINE
  8
0
 10
-38.0423
 20
47.8982
 11
-38.0477
 21
47.9839
  0
LINE
  8
0
 10
-38.0477
 20
47.9839
 11
-38.0492
 21
48.0699
  0
LINE
  8
0
 10
-38.0492
 20
48.0699
 11
-38.0477
 21
48.1556
  0
LINE
  8
0
 10
-38.0477
 20
48.1556
 11
-38.0423
 21
48.2412
  0
LINE
  8
0
 10
-38.0423
 20
48.2412
 11
-38.0333
 21
48.3269
  0
LINE
  8
0
 10
-38.0333
 20
48.3269
 11
-38.0205
 21
48.4118
  0
LINE
  8
0
 10
-38.0205
 20
48.4118
 11
-38.0047
 21
48.4959
  0
LINE
  8
0
 10
-38.0047
 20
48.4959
 11
-37.9849
 21
48.5796
  0
LINE
  8
0
 10
-37.9849
 20
48.5796
 11
-37.962
 21
48.6621
  0
LINE
  8
0
 10
-37.962
 20
48.6621
 11
-37.9353
 21
48.7439
  0
LINE
  8
0
 10
-37.9353
 20
48.7439
 11
-37.9054
 21
48.8245
  0
LINE
  8
0
 10
-37.9054
 20
48.8245
 11
-37.8721
 21
48.9036
  0
LINE
  8
0
 10
-37.8721
 20
48.9036
 11
-37.8357
 21
48.9811
  0
LINE
  8
0
 10
-37.8357
 20
48.9811
 11
-37.7958
 21
49.0575
  0
LINE
  8
0
 10
-37.7958
 20
49.0575
 11
-37.7527
 21
49.1319
  0
LINE
  8
0
 10
-37.7527
 20
49.1319
 11
-37.707
 21
49.2044
  0
LINE
  8
0
 10
-37.707
 20
49.2044
 11
-37.6578
 21
49.2749
  0
LINE
  8
0
 10
-37.6578
 20
49.2749
 11
-37.6058
 21
49.3431
  0
LINE
  8
0
 10
-37.6058
 20
49.3431
 11
-37.5512
 21
49.4094
  0
LINE
  8
0
 10
-37.5512
 20
49.4094
 11
-37.4938
 21
49.4729
  0
LINE
  8
0
 10
-37.4938
 20
49.4729
 11
-37.4338
 21
49.5346
  0
LINE
  8
0
 10
-37.4338
 20
49.5346
 11
-37.371
 21
49.5931
  0
LINE
  8
0
 10
-37.371
 20
49.5931
 11
-37.3059
 21
49.6493
  0
LINE
  8
0
 10
-37.3059
 20
49.6493
 11
-37.2388
 21
49.7028
  0
LINE
  8
0
 10
-37.2388
 20
49.7028
 11
-37.1694
 21
49.7532
  0
LINE
  8
0
 10
-37.1694
 20
49.7532
 11
-37.0977
 21
49.8008
  0
LINE
  8
0
 10
-37.0977
 20
49.8008
 11
-37.0245
 21
49.845
  0
LINE
  8
0
 10
-37.0245
 20
49.845
 11
-36.9489
 21
49.8865
  0
LINE
  8
0
 10
-36.9489
 20
49.8865
 11
-36.8722
 21
49.9249
  0
LINE
  8
0
 10
-36.8722
 20
49.9249
 11
-36.7939
 21
49.9597
  0
LINE
  8
0
 10
-36.7939
 20
49.9597
 11
-36.714
 21
49.9911
  0
LINE
  8
0
 10
-36.714
 20
49.9911
 11
-36.6326
 21
50.0194
  0
LINE
  8
0
 10
-36.6326
 20
50.0194
 11
-36.5505
 21
50.0442
  0
LINE
  8
0
 10
-36.5505
 20
50.0442
 11
-36.4675
 21
50.0655
  0
LINE
  8
0
 10
-36.4675
 20
50.0655
 11
-36.3834
 21
50.0834
  0
LINE
  8
0
 10
-36.3834
 20
50.0834
 11
-36.2989
 21
50.0977
  0
LINE
  8
0
 10
-36.2989
 20
50.0977
 11
-36.2137
 21
50.1086
  0
LINE
  8
0
 10
-36.2137
 20
50.1086
 11
-36.128
 21
50.1159
  0
LINE
  8
0
 10
-36.128
 20
50.1159
 11
-36.0424
 21
50.1194
  0
LINE
  8
0
 10
-36.0424
 20
50.1194
 11
-35.9563
 21
50.1194
  0
LINE
  8
0
 10
-35.9563
 20
50.1194
 11
-35.8707
 21
50.1159
  0
LINE
  8
0
 10
-35.8707
 20
50.1159
 11
-35.785
 21
50.1086
  0
LINE
  8
0
 10
-35.785
 20
50.1086
 11
-35.6998
 21
50.0977
  0
LINE
  8
0
 10
-35.6998
 20
50.0977
 11
-35.6153
 21
50.0834
  0
LINE
  8
0
 10
-35.6153
 20
50.0834
 11
-35.5312
 21
50.0655
  0
LINE
  8
0
 10
-35.5312
 20
50.0655
 11
-35.4482
 21
50.0442
  0
LINE
  8
0
 10
-35.4482
 20
50.0442
 11
-35.3657
 21
50.0194
  0
LINE
  8
0
 10
-35.3657
 20
50.0194
 11
-35.2847
 21
49.9911
  0
LINE
  8
0
 10
-35.2847
 20
49.9911
 11
-35.2048
 21
49.9597
  0
LINE
  8
0
 10
-35.2048
 20
49.9597
 11
-35.1265
 21
49.9249
  0
LINE
  8
0
 10
-35.1265
 20
49.9249
 11
-35.0494
 21
49.8865
  0
LINE
  8
0
 10
-35.0494
 20
49.8865
 11
-34.9742
 21
49.845
  0
LINE
  8
0
 10
-34.9742
 20
49.845
 11
-34.901
 21
49.8008
  0
LINE
  8
0
 10
-34.901
 20
49.8008
 11
-34.8293
 21
49.7532
  0
LINE
  8
0
 10
-34.8293
 20
49.7532
 11
-34.7599
 21
49.7028
  0
LINE
  8
0
 10
-34.7599
 20
49.7028
 11
-34.6925
 21
49.6493
  0
LINE
  8
0
 10
-34.6925
 20
49.6493
 11
-34.6277
 21
49.5931
  0
LINE
  8
0
 10
-34.6277
 20
49.5931
 11
-34.5649
 21
49.5346
  0
LINE
  8
0
 10
-34.5649
 20
49.5346
 11
-34.5049
 21
49.4729
  0
LINE
  8
0
 10
-34.5049
 20
49.4729
 11
-34.4475
 21
49.4094
  0
LINE
  8
0
 10
-34.4475
 20
49.4094
 11
-34.3929
 21
49.3431
  0
LINE
  8
0
 10
-34.3929
 20
49.3431
 11
-34.3409
 21
49.2749
  0
LINE
  8
0
 10
-34.3409
 20
49.2749
 11
-34.2917
 21
49.2044
  0
LINE
  8
0
 10
-34.2917
 20
49.2044
 11
-34.246
 21
49.1319
  0
LINE
  8
0
 10
-34.246
 20
49.1319
 11
-34.203
 21
49.0575
  0
LINE
  8
0
 10
-34.203
 20
49.0575
 11
-34.163
 21
48.9811
  0
LINE
  8
0
 10
-34.163
 20
48.9811
 11
-34.1266
 21
48.9036
  0
LINE
  8
0
 10
-34.1266
 20
48.9036
 11
-34.0933
 21
48.8245
  0
LINE
  8
0
 10
-34.0933
 20
48.8245
 11
-34.0634
 21
48.7439
  0
LINE
  8
0
 10
-34.0634
 20
48.7439
 11
-34.0367
 21
48.6621
  0
LINE
  8
0
 10
-34.0367
 20
48.6621
 11
-34.0138
 21
48.5796
  0
LINE
  8
0
 10
-34.0138
 20
48.5796
 11
-33.994
 21
48.4959
  0
LINE
  8
0
 10
-33.994
 20
48.4959
 11
-33.9782
 21
48.4118
  0
LINE
  8
0
 10
-33.9782
 20
48.4118
 11
-33.9654
 21
48.3269
  0
LINE
  8
0
 10
-33.9654
 20
48.3269
 11
-33.9565
 21
48.2412
  0
LINE
  8
0
 10
-33.9565
 20
48.2412
 11
-33.951
 21
48.1556
  0
LINE
  8
0
 10
-33.951
 20
48.1556
 11
-33.9495
 21
48.0699
  0
LINE
  8
0
 10
-33.9495
 20
48.0699
 11
-33.951
 21
47.9839
  0
LINE
  8
0
 10
-33.951
 20
47.9839
 11
-33.9565
 21
47.8982
  0
LINE
  8
0
 10
-33.9565
 20
47.8982
 11
-33.9654
 21
47.813
  0
LINE
  8
0
 10
-33.9654
 20
47.813
 11
-33.9782
 21
47.7281
  0
LINE
  8
0
 10
-33.9782
 20
47.7281
 11
-33.994
 21
47.6436
  0
LINE
  8
0
 10
-33.994
 20
47.6436
 11
-34.0138
 21
47.5599
  0
LINE
  8
0
 10
-34.0138
 20
47.5599
 11
-34.0367
 21
47.4773
  0
LINE
  8
0
 10
-34.0367
 20
47.4773
 11
-34.0634
 21
47.3956
  0
LINE
  8
0
 10
-34.0634
 20
47.3956
 11
-34.0933
 21
47.3153
  0
LINE
  8
0
 10
-34.0933
 20
47.3153
 11
-34.1266
 21
47.2359
  0
LINE
  8
0
 10
-34.1266
 20
47.2359
 11
-34.163
 21
47.1584
  0
LINE
  8
0
 10
-34.163
 20
47.1584
 11
-34.203
 21
47.0824
  0
LINE
  8
0
 10
-34.203
 20
47.0824
 11
-34.246
 21
47.008
  0
LINE
  8
0
 10
-34.246
 20
47.008
 11
-34.2917
 21
46.9355
  0
LINE
  8
0
 10
-34.2917
 20
46.9355
 11
-34.3409
 21
46.865
  0
LINE
  8
0
 10
-34.3409
 20
46.865
 11
-34.3929
 21
46.7964
  0
LINE
  8
0
 10
-34.3929
 20
46.7964
 11
-34.4475
 21
46.7305
  0
LINE
  8
0
 10
-34.4475
 20
46.7305
 11
-34.5049
 21
46.6665
  0
LINE
  8
0
 10
-34.5049
 20
46.6665
 11
-34.5649
 21
46.6053
  0
LINE
  8
0
 10
-34.5649
 20
46.6053
 11
-34.6277
 21
46.5464
  0
LINE
  8
0
 10
-34.6277
 20
46.5464
 11
-34.6925
 21
46.4902
  0
LINE
  8
0
 10
-34.6925
 20
46.4902
 11
-34.7599
 21
46.4371
  0
LINE
  8
0
 10
-34.7599
 20
46.4371
 11
-34.8293
 21
46.3863
  0
LINE
  8
0
 10
-34.8293
 20
46.3863
 11
-34.901
 21
46.339
  0
LINE
  8
0
 10
-34.901
 20
46.339
 11
-34.9742
 21
46.2945
  0
LINE
  8
0
 10
-34.9742
 20
46.2945
 11
-35.0494
 21
46.253
  0
LINE
  8
0
 10
-35.0494
 20
46.253
 11
-35.1265
 21
46.215
  0
LINE
  8
0
 10
-35.1265
 20
46.215
 11
-35.2048
 21
46.1801
  0
LINE
  8
0
 10
-35.2048
 20
46.1801
 11
-35.2847
 21
46.1483
  0
LINE
  8
0
 10
-35.2847
 20
46.1483
 11
-35.3657
 21
46.1201
  0
LINE
  8
0
 10
-35.3657
 20
46.1201
 11
-35.4482
 21
46.0952
  0
LINE
  8
0
 10
-35.4482
 20
46.0952
 11
-35.5312
 21
46.0739
  0
LINE
  8
0
 10
-35.5312
 20
46.0739
 11
-35.6153
 21
46.0561
  0
LINE
  8
0
 10
-35.6153
 20
46.0561
 11
-35.6998
 21
46.0418
  0
LINE
  8
0
 10
-35.6998
 20
46.0418
 11
-35.785
 21
46.0309
  0
LINE
  8
0
 10
-35.785
 20
46.0309
 11
-35.8707
 21
46.0239
  0
LINE
  8
0
 10
-35.8707
 20
46.0239
 11
-35.9563
 21
46.0204
  0
LINE
  8
0
 10
-35.9563
 20
46.0204
 11
-36.0424
 21
46.0204
  0
LINE
  8
0
 10
-36.0424
 20
46.0204
 11
-36.128
 21
46.0239
  0
LINE
  8
0
 10
-36.128
 20
46.0239
 11
-36.2137
 21
46.0309
  0
LINE
  8
0
 10
-36.2137
 20
46.0309
 11
-36.2989
 21
46.0418
  0
LINE
  8
0
 10
-36.2989
 20
46.0418
 11
-36.3834
 21
46.0561
  0
LINE
  8
0
 10
-36.3834
 20
46.0561
 11
-36.4675
 21
46.0739
  0
LINE
  8
0
 10
-36.4675
 20
46.0739
 11
-36.5505
 21
46.0952
  0
LINE
  8
0
 10
-36.5505
 20
46.0952
 11
-36.6326
 21
46.1201
  0
LINE
  8
0
 10
75.9574
 20
46.0204
 11
75.8717
 21
46.0239
  0
LINE
  8
0
 10
75.8717
 20
46.0239
 11
75.7861
 21
46.0309
  0
LINE
  8
0
 10
75.7861
 20
46.0309
 11
75.7008
 21
46.0418
  0
LINE
  8
0
 10
75.7008
 20
46.0418
 11
75.6163
 21
46.0561
  0
LINE
  8
0
 10
75.6163
 20
46.0561
 11
75.5322
 21
46.0739
  0
LINE
  8
0
 10
75.5322
 20
46.0739
 11
75.4489
 21
46.0952
  0
LINE
  8
0
 10
75.4489
 20
46.0952
 11
75.3667
 21
46.1201
  0
LINE
  8
0
 10
75.3667
 20
46.1201
 11
75.2857
 21
46.1483
  0
LINE
  8
0
 10
75.2857
 20
46.1483
 11
75.2059
 21
46.1801
  0
LINE
  8
0
 10
75.2059
 20
46.1801
 11
75.1276
 21
46.215
  0
LINE
  8
0
 10
75.1276
 20
46.215
 11
75.0505
 21
46.253
  0
LINE
  8
0
 10
75.0505
 20
46.253
 11
74.9753
 21
46.2945
  0
LINE
  8
0
 10
74.9753
 20
46.2945
 11
74.902
 21
46.339
  0
LINE
  8
0
 10
74.902
 20
46.339
 11
74.8303
 21
46.3863
  0
LINE
  8
0
 10
74.8303
 20
46.3863
 11
74.7609
 21
46.4371
  0
LINE
  8
0
 10
74.7609
 20
46.4371
 11
74.6935
 21
46.4902
  0
LINE
  8
0
 10
74.6935
 20
46.4902
 11
74.6284
 21
46.5464
  0
LINE
  8
0
 10
74.6284
 20
46.5464
 11
74.566
 21
46.6053
  0
LINE
  8
0
 10
74.566
 20
46.6053
 11
74.5059
 21
46.6665
  0
LINE
  8
0
 10
74.5059
 20
46.6665
 11
74.4486
 21
46.7305
  0
LINE
  8
0
 10
74.4486
 20
46.7305
 11
74.3935
 21
46.7964
  0
LINE
  8
0
 10
74.3935
 20
46.7964
 11
74.342
 21
46.865
  0
LINE
  8
0
 10
74.342
 20
46.865
 11
74.2928
 21
46.9355
  0
LINE
  8
0
 10
74.2928
 20
46.9355
 11
74.2466
 21
47.008
  0
LINE
  8
0
 10
74.2466
 20
47.008
 11
74.204
 21
47.0824
  0
LINE
  8
0
 10
74.204
 20
47.0824
 11
74.1641
 21
47.1584
  0
LINE
  8
0
 10
74.1641
 20
47.1584
 11
74.1276
 21
47.2359
  0
LINE
  8
0
 10
74.1276
 20
47.2359
 11
74.0943
 21
47.3153
  0
LINE
  8
0
 10
74.0943
 20
47.3153
 11
74.0645
 21
47.3956
  0
LINE
  8
0
 10
74.0645
 20
47.3956
 11
74.0377
 21
47.4773
  0
LINE
  8
0
 10
74.0377
 20
47.4773
 11
74.0149
 21
47.5599
  0
LINE
  8
0
 10
74.0149
 20
47.5599
 11
73.9951
 21
47.6436
  0
LINE
  8
0
 10
73.9951
 20
47.6436
 11
73.9788
 21
47.7281
  0
LINE
  8
0
 10
73.9788
 20
47.7281
 11
73.9664
 21
47.813
  0
LINE
  8
0
 10
73.9664
 20
47.813
 11
73.9575
 21
47.8982
  0
LINE
  8
0
 10
73.9575
 20
47.8982
 11
73.9521
 21
47.9839
  0
LINE
  8
0
 10
73.9521
 20
47.9839
 11
73.9501
 21
48.0699
  0
LINE
  8
0
 10
73.9501
 20
48.0699
 11
73.9521
 21
48.1556
  0
LINE
  8
0
 10
73.9521
 20
48.1556
 11
73.9575
 21
48.2412
  0
LINE
  8
0
 10
73.9575
 20
48.2412
 11
73.9664
 21
48.3269
  0
LINE
  8
0
 10
73.9664
 20
48.3269
 11
73.9788
 21
48.4118
  0
LINE
  8
0
 10
73.9788
 20
48.4118
 11
73.9951
 21
48.4959
  0
LINE
  8
0
 10
73.9951
 20
48.4959
 11
74.0149
 21
48.5796
  0
LINE
  8
0
 10
74.0149
 20
48.5796
 11
74.0377
 21
48.6621
  0
LINE
  8
0
 10
74.0377
 20
48.6621
 11
74.0645
 21
48.7439
  0
LINE
  8
0
 10
74.0645
 20
48.7439
 11
74.0943
 21
48.8245
  0
LINE
  8
0
 10
74.0943
 20
48.8245
 11
74.1276
 21
48.9036
  0
LINE
  8
0
 10
74.1276
 20
48.9036
 11
74.1641
 21
48.9811
  0
LINE
  8
0
 10
74.1641
 20
48.9811
 11
74.204
 21
49.0575
  0
LINE
  8
0
 10
74.204
 20
49.0575
 11
74.2466
 21
49.1319
  0
LINE
  8
0
 10
74.2466
 20
49.1319
 11
74.2928
 21
49.2044
  0
LINE
  8
0
 10
74.2928
 20
49.2044
 11
74.342
 21
49.2749
  0
LINE
  8
0
 10
74.342
 20
49.2749
 11
74.3935
 21
49.3431
  0
LINE
  8
0
 10
74.3935
 20
49.3431
 11
74.4486
 21
49.4094
  0
LINE
  8
0
 10
74.4486
 20
49.4094
 11
74.5059
 21
49.4729
  0
LINE
  8
0
 10
74.5059
 20
49.4729
 11
74.566
 21
49.5346
  0
LINE
  8
0
 10
74.566
 20
49.5346
 11
74.6284
 21
49.5931
  0
LINE
  8
0
 10
74.6284
 20
49.5931
 11
74.6935
 21
49.6493
  0
LINE
  8
0
 10
74.6935
 20
49.6493
 11
74.7609
 21
49.7028
  0
LINE
  8
0
 10
74.7609
 20
49.7028
 11
74.8303
 21
49.7532
  0
LINE
  8
0
 10
74.8303
 20
49.7532
 11
74.902
 21
49.8008
  0
LINE
  8
0
 10
74.902
 20
49.8008
 11
74.9753
 21
49.845
  0
LINE
  8
0
 10
74.9753
 20
49.845
 11
75.0505
 21
49.8865
  0
LINE
  8
0
 10
75.0505
 20
49.8865
 11
75.1276
 21
49.9249
  0
LINE
  8
0
 10
75.1276
 20
49.9249
 11
75.2059
 21
49.9597
  0
LINE
  8
0
 10
75.2059
 20
49.9597
 11
75.2857
 21
49.9911
  0
LINE
  8
0
 10
75.2857
 20
49.9911
 11
75.3667
 21
50.0194
  0
LINE
  8
0
 10
75.3667
 20
50.0194
 11
75.4489
 21
50.0442
  0
LINE
  8
0
 10
75.4489
 20
50.0442
 11
75.5322
 21
50.0655
  0
LINE
  8
0
 10
75.5322
 20
50.0655
 11
75.6163
 21
50.0834
  0
LINE
  8
0
 10
75.6163
 20
50.0834
 11
75.7008
 21
50.0977
  0
LINE
  8
0
 10
75.7008
 20
50.0977
 11
75.7861
 21
50.1086
  0
LINE
  8
0
 10
75.7861
 20
50.1086
 11
75.8717
 21
50.1159
  0
LINE
  8
0
 10
75.8717
 20
50.1159
 11
75.9574
 21
50.1194
  0
LINE
  8
0
 10
75.9574
 20
50.1194
 11
76.043
 21
50.1194
  0
LINE
  8
0
 10
76.043
 20
50.1194
 11
76.1291
 21
50.1159
  0
LINE
  8
0
 10
76.1291
 20
50.1159
 11
76.2147
 21
50.1086
  0
LINE
  8
0
 10
76.2147
 20
50.1086
 11
76.2996
 21
50.0977
  0
LINE
  8
0
 10
76.2996
 20
50.0977
 11
76.3845
 21
50.0834
  0
LINE
  8
0
 10
76.3845
 20
50.0834
 11
76.4686
 21
50.0655
  0
LINE
  8
0
 10
76.4686
 20
50.0655
 11
76.5515
 21
50.0442
  0
LINE
  8
0
 10
76.5515
 20
50.0442
 11
76.6337
 21
50.0194
  0
LINE
  8
0
 10
76.6337
 20
50.0194
 11
76.7147
 21
49.9911
  0
LINE
  8
0
 10
76.7147
 20
49.9911
 11
76.7945
 21
49.9597
  0
LINE
  8
0
 10
76.7945
 20
49.9597
 11
76.8732
 21
49.9249
  0
LINE
  8
0
 10
76.8732
 20
49.9249
 11
76.95
 21
49.8865
  0
LINE
  8
0
 10
76.95
 20
49.8865
 11
77.0251
 21
49.845
  0
LINE
  8
0
 10
77.0251
 20
49.845
 11
77.0988
 21
49.8008
  0
LINE
  8
0
 10
77.0988
 20
49.8008
 11
77.1701
 21
49.7532
  0
LINE
  8
0
 10
77.1701
 20
49.7532
 11
77.2399
 21
49.7028
  0
LINE
  8
0
 10
77.2399
 20
49.7028
 11
77.3069
 21
49.6493
  0
LINE
  8
0
 10
77.3069
 20
49.6493
 11
77.372
 21
49.5931
  0
LINE
  8
0
 10
77.372
 20
49.5931
 11
77.4344
 21
49.5346
  0
LINE
  8
0
 10
77.4344
 20
49.5346
 11
77.4945
 21
49.4729
  0
LINE
  8
0
 10
77.4945
 20
49.4729
 11
77.5522
 21
49.4094
  0
LINE
  8
0
 10
77.5522
 20
49.4094
 11
77.6069
 21
49.3431
  0
LINE
  8
0
 10
77.6069
 20
49.3431
 11
77.6588
 21
49.2749
  0
LINE
  8
0
 10
77.6588
 20
49.2749
 11
77.7077
 21
49.2044
  0
LINE
  8
0
 10
77.7077
 20
49.2044
 11
77.7538
 21
49.1319
  0
LINE
  8
0
 10
77.7538
 20
49.1319
 11
77.7968
 21
49.0575
  0
LINE
  8
0
 10
77.7968
 20
49.0575
 11
77.8363
 21
48.9811
  0
LINE
  8
0
 10
77.8363
 20
48.9811
 11
77.8732
 21
48.9036
  0
LINE
  8
0
 10
77.8732
 20
48.9036
 11
77.9065
 21
48.8245
  0
LINE
  8
0
 10
77.9065
 20
48.8245
 11
77.9363
 21
48.7439
  0
LINE
  8
0
 10
77.9363
 20
48.7439
 11
77.9627
 21
48.6621
  0
LINE
  8
0
 10
77.9627
 20
48.6621
 11
77.9859
 21
48.5796
  0
LINE
  8
0
 10
77.9859
 20
48.5796
 11
78.0053
 21
48.4959
  0
LINE
  8
0
 10
78.0053
 20
48.4959
 11
78.0216
 21
48.4118
  0
LINE
  8
0
 10
78.0216
 20
48.4118
 11
78.034
 21
48.3269
  0
LINE
  8
0
 10
78.034
 20
48.3269
 11
78.0429
 21
48.2412
  0
LINE
  8
0
 10
78.0429
 20
48.2412
 11
78.0483
 21
48.1556
  0
LINE
  8
0
 10
78.0483
 20
48.1556
 11
78.0503
 21
48.0699
  0
LINE
  8
0
 10
78.0503
 20
48.0699
 11
78.0483
 21
47.9839
  0
LINE
  8
0
 10
78.0483
 20
47.9839
 11
78.0429
 21
47.8982
  0
LINE
  8
0
 10
78.0429
 20
47.8982
 11
78.034
 21
47.813
  0
LINE
  8
0
 10
78.034
 20
47.813
 11
78.0216
 21
47.7281
  0
LINE
  8
0
 10
78.0216
 20
47.7281
 11
78.0053
 21
47.6436
  0
LINE
  8
0
 10
78.0053
 20
47.6436
 11
77.9859
 21
47.5599
  0
LINE
  8
0
 10
77.9859
 20
47.5599
 11
77.9627
 21
47.4773
  0
LINE
  8
0
 10
77.9627
 20
47.4773
 11
77.9363
 21
47.3956
  0
LINE
  8
0
 10
77.9363
 20
47.3956
 11
77.9065
 21
47.3153
  0
LINE
  8
0
 10
77.9065
 20
47.3153
 11
77.8732
 21
47.2359
  0
LINE
  8
0
 10
77.8732
 20
47.2359
 11
77.8363
 21
47.1584
  0
LINE
  8
0
 10
77.8363
 20
47.1584
 11
77.7968
 21
47.0824
  0
LINE
  8
0
 10
77.7968
 20
47.0824
 11
77.7538
 21
47.008
  0
LINE
  8
0
 10
77.7538
 20
47.008
 11
77.7077
 21
46.9355
  0
LINE
  8
0
 10
77.7077
 20
46.9355
 11
77.6588
 21
46.865
  0
LINE
  8
0
 10
77.6588
 20
46.865
 11
77.6069
 21
46.7964
  0
LINE
  8
0
 10
77.6069
 20
46.7964
 11
77.5522
 21
46.7305
  0
LINE
  8
0
 10
77.5522
 20
46.7305
 11
77.4945
 21
46.6665
  0
LINE
  8
0
 10
77.4945
 20
46.6665
 11
77.4344
 21
46.6053
  0
LINE
  8
0
 10
77.4344
 20
46.6053
 11
77.372
 21
46.5464
  0
LINE
  8
0
 10
77.372
 20
46.5464
 11
77.3069
 21
46.4902
  0
LINE
  8
0
 10
77.3069
 20
46.4902
 11
77.2399
 21
46.4371
  0
LINE
  8
0
 10
77.2399
 20
46.4371
 11
77.1701
 21
46.3863
  0
LINE
  8
0
 10
77.1701
 20
46.3863
 11
77.0988
 21
46.339
  0
LINE
  8
0
 10
77.0988
 20
46.339
 11
77.0251
 21
46.2945
  0
LINE
  8
0
 10
77.0251
 20
46.2945
 11
76.95
 21
46.253
  0
LINE
  8
0
 10
76.95
 20
46.253
 11
76.8732
 21
46.215
  0
LINE
  8
0
 10
76.8732
 20
46.215
 11
76.7945
 21
46.1801
  0
LINE
  8
0
 10
76.7945
 20
46.1801
 11
76.7147
 21
46.1483
  0
LINE
  8
0
 10
76.7147
 20
46.1483
 11
76.6337
 21
46.1201
  0
LINE
  8
0
 10
76.6337
 20
46.1201
 11
76.5515
 21
46.0952
  0
LINE
  8
0
 10
76.5515
 20
46.0952
 11
76.4686
 21
46.0739
  0
LINE
  8
0
 10
76.4686
 20
46.0739
 11
76.3845
 21
46.0561
  0
LINE
  8
0
 10
76.3845
 20
46.0561
 11
76.2996
 21
46.0418
  0
LINE
  8
0
 10
76.2996
 20
46.0418
 11
76.2147
 21
46.0309
  0
LINE
  8
0
 10
76.2147
 20
46.0309
 11
76.1291
 21
46.0239
  0
LINE
  8
0
 10
76.1291
 20
46.0239
 11
76.043
 21
46.0204
  0
LINE
  8
0
 10
76.043
 20
46.0204
 11
75.9574
 21
46.0204
  0
LINE
  8
0
 10
107.957
 20
46.0204
 11
107.872
 21
46.0239
  0
LINE
  8
0
 10
107.872
 20
46.0239
 11
107.786
 21
46.0309
  0
LINE
  8
0
 10
107.786
 20
46.0309
 11
107.701
 21
46.0418
  0
LINE
  8
0
 10
107.701
 20
46.0418
 11
107.616
 21
46.0561
  0
LINE
  8
0
 10
107.616
 20
46.0561
 11
107.532
 21
46.0739
  0
LINE
  8
0
 10
107.532
 20
46.0739
 11
107.449
 21
46.0952
  0
LINE
  8
0
 10
107.449
 20
46.0952
 11
107.367
 21
46.1201
  0
LINE
  8
0
 10
107.367
 20
46.1201
 11
107.286
 21
46.1483
  0
LINE
  8
0
 10
107.286
 20
46.1483
 11
107.206
 21
46.1801
  0
LINE
  8
0
 10
107.206
 20
46.1801
 11
107.128
 21
46.215
  0
LINE
  8
0
 10
107.128
 20
46.215
 11
107.05
 21
46.253
  0
LINE
  8
0
 10
107.05
 20
46.253
 11
106.975
 21
46.2945
  0
LINE
  8
0
 10
106.975
 20
46.2945
 11
106.902
 21
46.339
  0
LINE
  8
0
 10
106.902
 20
46.339
 11
106.83
 21
46.3863
  0
LINE
  8
0
 10
106.83
 20
46.3863
 11
106.761
 21
46.4371
  0
LINE
  8
0
 10
106.761
 20
46.4371
 11
106.693
 21
46.4902
  0
LINE
  8
0
 10
106.693
 20
46.4902
 11
106.628
 21
46.5464
  0
LINE
  8
0
 10
106.628
 20
46.5464
 11
106.566
 21
46.6053
  0
LINE
  8
0
 10
106.566
 20
46.6053
 11
106.506
 21
46.6665
  0
LINE
  8
0
 10
106.506
 20
46.6665
 11
106.449
 21
46.7305
  0
LINE
  8
0
 10
106.449
 20
46.7305
 11
106.394
 21
46.7964
  0
LINE
  8
0
 10
106.394
 20
46.7964
 11
106.342
 21
46.865
  0
LINE
  8
0
 10
106.342
 20
46.865
 11
106.293
 21
46.9355
  0
LINE
  8
0
 10
106.293
 20
46.9355
 11
106.247
 21
47.008
  0
LINE
  8
0
 10
106.247
 20
47.008
 11
106.204
 21
47.0824
  0
LINE
  8
0
 10
106.204
 20
47.0824
 11
106.164
 21
47.1584
  0
LINE
  8
0
 10
106.164
 20
47.1584
 11
106.128
 21
47.2359
  0
LINE
  8
0
 10
106.128
 20
47.2359
 11
106.094
 21
47.3153
  0
LINE
  8
0
 10
106.094
 20
47.3153
 11
106.064
 21
47.3956
  0
LINE
  8
0
 10
106.064
 20
47.3956
 11
106.038
 21
47.4773
  0
LINE
  8
0
 10
106.038
 20
47.4773
 11
106.015
 21
47.5599
  0
LINE
  8
0
 10
106.015
 20
47.5599
 11
105.995
 21
47.6436
  0
LINE
  8
0
 10
105.995
 20
47.6436
 11
105.979
 21
47.7281
  0
LINE
  8
0
 10
105.979
 20
47.7281
 11
105.966
 21
47.813
  0
LINE
  8
0
 10
105.966
 20
47.813
 11
105.957
 21
47.8982
  0
LINE
  8
0
 10
105.957
 20
47.8982
 11
105.952
 21
47.9839
  0
LINE
  8
0
 10
105.952
 20
47.9839
 11
105.95
 21
48.0699
  0
LINE
  8
0
 10
105.95
 20
48.0699
 11
105.952
 21
48.1556
  0
LINE
  8
0
 10
105.952
 20
48.1556
 11
105.957
 21
48.2412
  0
LINE
  8
0
 10
105.957
 20
48.2412
 11
105.966
 21
48.3269
  0
LINE
  8
0
 10
105.966
 20
48.3269
 11
105.979
 21
48.4118
  0
LINE
  8
0
 10
105.979
 20
48.4118
 11
105.995
 21
48.4959
  0
LINE
  8
0
 10
105.995
 20
48.4959
 11
106.015
 21
48.5796
  0
LINE
  8
0
 10
106.015
 20
48.5796
 11
106.038
 21
48.6621
  0
LINE
  8
0
 10
106.038
 20
48.6621
 11
106.064
 21
48.7439
  0
LINE
  8
0
 10
106.064
 20
48.7439
 11
106.094
 21
48.8245
  0
LINE
  8
0
 10
106.094
 20
48.8245
 11
106.128
 21
48.9036
  0
LINE
  8
0
 10
106.128
 20
48.9036
 11
106.164
 21
48.9811
  0
LINE
  8
0
 10
106.164
 20
48.9811
 11
106.204
 21
49.0575
  0
LINE
  8
0
 10
106.204
 20
49.0575
 11
106.247
 21
49.1319
  0
LINE
  8
0
 10
106.247
 20
49.1319
 11
106.293
 21
49.2044
  0
LINE
  8
0
 10
106.293
 20
49.2044
 11
106.342
 21
49.2749
  0
LINE
  8
0
 10
106.342
 20
49.2749
 11
106.394
 21
49.3431
  0
LINE
  8
0
 10
106.394
 20
49.3431
 11
106.449
 21
49.4094
  0
LINE
  8
0
 10
106.449
 20
49.4094
 11
106.506
 21
49.4729
  0
LINE
  8
0
 10
106.506
 20
49.4729
 11
106.566
 21
49.5346
  0
LINE
  8
0
 10
106.566
 20
49.5346
 11
106.628
 21
49.5931
  0
LINE
  8
0
 10
106.628
 20
49.5931
 11
106.693
 21
49.6493
  0
LINE
  8
0
 10
106.693
 20
49.6493
 11
106.761
 21
49.7028
  0
LINE
  8
0
 10
106.761
 20
49.7028
 11
106.83
 21
49.7532
  0
LINE
  8
0
 10
106.83
 20
49.7532
 11
106.902
 21
49.8008
  0
LINE
  8
0
 10
106.902
 20
49.8008
 11
106.975
 21
49.845
  0
LINE
  8
0
 10
106.975
 20
49.845
 11
107.05
 21
49.8865
  0
LINE
  8
0
 10
107.05
 20
49.8865
 11
107.128
 21
49.9249
  0
LINE
  8
0
 10
107.128
 20
49.9249
 11
107.206
 21
49.9597
  0
LINE
  8
0
 10
107.206
 20
49.9597
 11
107.286
 21
49.9911
  0
LINE
  8
0
 10
107.286
 20
49.9911
 11
107.367
 21
50.0194
  0
LINE
  8
0
 10
107.367
 20
50.0194
 11
107.449
 21
50.0442
  0
LINE
  8
0
 10
107.449
 20
50.0442
 11
107.532
 21
50.0655
  0
LINE
  8
0
 10
107.532
 20
50.0655
 11
107.616
 21
50.0834
  0
LINE
  8
0
 10
107.616
 20
50.0834
 11
107.701
 21
50.0977
  0
LINE
  8
0
 10
107.701
 20
50.0977
 11
107.786
 21
50.1086
  0
LINE
  8
0
 10
107.786
 20
50.1086
 11
107.872
 21
50.1159
  0
LINE
  8
0
 10
107.872
 20
50.1159
 11
107.957
 21
50.1194
  0
LINE
  8
0
 10
107.957
 20
50.1194
 11
108.043
 21
50.1194
  0
LINE
  8
0
 10
108.043
 20
50.1194
 11
108.129
 21
50.1159
  0
LINE
  8
0
 10
108.129
 20
50.1159
 11
108.215
 21
50.1086
  0
LINE
  8
0
 10
108.215
 20
50.1086
 11
108.3
 21
50.0977
  0
LINE
  8
0
 10
108.3
 20
50.0977
 11
108.384
 21
50.0834
  0
LINE
  8
0
 10
108.384
 20
50.0834
 11
108.469
 21
50.0655
  0
LINE
  8
0
 10
108.469
 20
50.0655
 11
108.552
 21
50.0442
  0
LINE
  8
0
 10
108.552
 20
50.0442
 11
108.634
 21
50.0194
  0
LINE
  8
0
 10
108.634
 20
50.0194
 11
108.715
 21
49.9911
  0
LINE
  8
0
 10
108.715
 20
49.9911
 11
108.795
 21
49.9597
  0
LINE
  8
0
 10
108.795
 20
49.9597
 11
108.873
 21
49.9249
  0
LINE
  8
0
 10
108.873
 20
49.9249
 11
108.95
 21
49.8865
  0
LINE
  8
0
 10
108.95
 20
49.8865
 11
109.025
 21
49.845
  0
LINE
  8
0
 10
109.025
 20
49.845
 11
109.099
 21
49.8008
  0
LINE
  8
0
 10
109.099
 20
49.8008
 11
109.17
 21
49.7532
  0
LINE
  8
0
 10
109.17
 20
49.7532
 11
109.24
 21
49.7028
  0
LINE
  8
0
 10
109.24
 20
49.7028
 11
109.307
 21
49.6493
  0
LINE
  8
0
 10
109.307
 20
49.6493
 11
109.372
 21
49.5931
  0
LINE
  8
0
 10
109.372
 20
49.5931
 11
109.435
 21
49.5346
  0
LINE
  8
0
 10
109.435
 20
49.5346
 11
109.495
 21
49.4729
  0
LINE
  8
0
 10
109.495
 20
49.4729
 11
109.552
 21
49.4094
  0
LINE
  8
0
 10
109.552
 20
49.4094
 11
109.607
 21
49.3431
  0
LINE
  8
0
 10
109.607
 20
49.3431
 11
109.659
 21
49.2749
  0
LINE
  8
0
 10
109.659
 20
49.2749
 11
109.708
 21
49.2044
  0
LINE
  8
0
 10
109.708
 20
49.2044
 11
109.754
 21
49.1319
  0
LINE
  8
0
 10
109.754
 20
49.1319
 11
109.797
 21
49.0575
  0
LINE
  8
0
 10
109.797
 20
49.0575
 11
109.836
 21
48.9811
  0
LINE
  8
0
 10
109.836
 20
48.9811
 11
109.873
 21
48.9036
  0
LINE
  8
0
 10
109.873
 20
48.9036
 11
109.906
 21
48.8245
  0
LINE
  8
0
 10
109.906
 20
48.8245
 11
109.936
 21
48.7439
  0
LINE
  8
0
 10
109.936
 20
48.7439
 11
109.963
 21
48.6621
  0
LINE
  8
0
 10
109.963
 20
48.6621
 11
109.986
 21
48.5796
  0
LINE
  8
0
 10
109.986
 20
48.5796
 11
110.006
 21
48.4959
  0
LINE
  8
0
 10
110.006
 20
48.4959
 11
110.022
 21
48.4118
  0
LINE
  8
0
 10
110.022
 20
48.4118
 11
110.034
 21
48.3269
  0
LINE
  8
0
 10
110.034
 20
48.3269
 11
110.043
 21
48.2412
  0
LINE
  8
0
 10
110.043
 20
48.2412
 11
110.048
 21
48.1556
  0
LINE
  8
0
 10
110.048
 20
48.1556
 11
110.05
 21
48.0699
  0
LINE
  8
0
 10
110.05
 20
48.0699
 11
110.048
 21
47.9839
  0
LINE
  8
0
 10
110.048
 20
47.9839
 11
110.043
 21
47.8982
  0
LINE
  8
0
 10
110.043
 20
47.8982
 11
110.034
 21
47.813
  0
LINE
  8
0
 10
110.034
 20
47.813
 11
110.022
 21
47.7281
  0
LINE
  8
0
 10
110.022
 20
47.7281
 11
110.006
 21
47.6436
  0
LINE
  8
0
 10
110.006
 20
47.6436
 11
109.986
 21
47.5599
  0
LINE
  8
0
 10
109.986
 20
47.5599
 11
109.963
 21
47.4773
  0
LINE
  8
0
 10
109.963
 20
47.4773
 11
109.936
 21
47.3956
  0
LINE
  8
0
 10
109.936
 20
47.3956
 11
109.906
 21
47.3153
  0
LINE
  8
0
 10
109.906
 20
47.3153
 11
109.873
 21
47.2359
  0
LINE
  8
0
 10
109.873
 20
47.2359
 11
109.836
 21
47.1584
  0
LINE
  8
0
 10
109.836
 20
47.1584
 11
109.797
 21
47.0824
  0
LINE
  8
0
 10
109.797
 20
47.0824
 11
109.754
 21
47.008
  0
LINE
  8
0
 10
109.754
 20
47.008
 11
109.708
 21
46.9355
  0
LINE
  8
0
 10
109.708
 20
46.9355
 11
109.659
 21
46.865
  0
LINE
  8
0
 10
109.659
 20
46.865
 11
109.607
 21
46.7964
  0
LINE
  8
0
 10
109.607
 20
46.7964
 11
109.552
 21
46.7305
  0
LINE
  8
0
 10
109.552
 20
46.7305
 11
109.495
 21
46.6665
  0
LINE
  8
0
 10
109.495
 20
46.6665
 11
109.435
 21
46.6053
  0
LINE
  8
0
 10
109.435
 20
46.6053
 11
109.372
 21
46.5464
  0
LINE
  8
0
 10
109.372
 20
46.5464
 11
109.307
 21
46.4902
  0
LINE
  8
0
 10
109.307
 20
46.4902
 11
109.24
 21
46.4371
  0
LINE
  8
0
 10
109.24
 20
46.4371
 11
109.17
 21
46.3863
  0
LINE
  8
0
 10
109.17
 20
46.3863
 11
109.099
 21
46.339
  0
LINE
  8
0
 10
109.099
 20
46.339
 11
109.025
 21
46.2945
  0
LINE
  8
0
 10
109.025
 20
46.2945
 11
108.95
 21
46.253
  0
LINE
  8
0
 10
108.95
 20
46.253
 11
108.873
 21
46.215
  0
LINE
  8
0
 10
108.873
 20
46.215
 11
108.795
 21
46.1801
  0
LINE
  8
0
 10
108.795
 20
46.1801
 11
108.715
 21
46.1483
  0
LINE
  8
0
 10
108.715
 20
46.1483
 11
108.634
 21
46.1201
  0
LINE
  8
0
 10
108.634
 20
46.1201
 11
108.552
 21
46.0952
  0
LINE
  8
0
 10
108.552
 20
46.0952
 11
108.469
 21
46.0739
  0
LINE
  8
0
 10
108.469
 20
46.0739
 11
108.384
 21
46.0561
  0
LINE
  8
0
 10
108.384
 20
46.0561
 11
108.3
 21
46.0418
  0
LINE
  8
0
 10
108.3
 20
46.0418
 11
108.215
 21
46.0309
  0
LINE
  8
0
 10
108.215
 20
46.0309
 11
108.129
 21
46.0239
  0
LINE
  8
0
 10
108.129
 20
46.0239
 11
108.043
 21
46.0204
  0
LINE
  8
0
 10
108.043
 20
46.0204
 11
107.957
 21
46.0204
  0
LINE
  8
0
 10
-20.0422
 20
46.0204
 11
-20.1282
 21
46.0239
  0
LINE
  8
0
 10
-20.1282
 20
46.0239
 11
-20.2135
 21
46.0309
  0
LINE
  8
0
 10
-20.2135
 20
46.0309
 11
-20.2988
 21
46.0418
  0
LINE
  8
0
 10
-20.2988
 20
46.0418
 11
-20.3836
 21
46.0561
  0
LINE
  8
0
 10
-20.3836
 20
46.0561
 11
-20.4674
 21
46.0739
  0
LINE
  8
0
 10
-20.4674
 20
46.0739
 11
-20.5507
 21
46.0952
  0
LINE
  8
0
 10
-20.5507
 20
46.0952
 11
-20.6328
 21
46.1201
  0
LINE
  8
0
 10
-20.6328
 20
46.1201
 11
-20.7139
 21
46.1483
  0
LINE
  8
0
 10
-20.7139
 20
46.1483
 11
-20.7937
 21
46.1801
  0
LINE
  8
0
 10
-20.7937
 20
46.1801
 11
-20.872
 21
46.215
  0
LINE
  8
0
 10
-20.872
 20
46.215
 11
-20.9491
 21
46.253
  0
LINE
  8
0
 10
-20.9491
 20
46.253
 11
-21.0243
 21
46.2945
  0
LINE
  8
0
 10
-21.0243
 20
46.2945
 11
-21.0979
 21
46.339
  0
LINE
  8
0
 10
-21.0979
 20
46.339
 11
-21.1693
 21
46.3863
  0
LINE
  8
0
 10
-21.1693
 20
46.3863
 11
-21.2386
 21
46.4371
  0
LINE
  8
0
 10
-21.2386
 20
46.4371
 11
-21.3061
 21
46.4902
  0
LINE
  8
0
 10
-21.3061
 20
46.4902
 11
-21.3712
 21
46.5464
  0
LINE
  8
0
 10
-21.3712
 20
46.5464
 11
-21.4336
 21
46.6053
  0
LINE
  8
0
 10
-21.4336
 20
46.6053
 11
-21.4936
 21
46.6665
  0
LINE
  8
0
 10
-21.4936
 20
46.6665
 11
-21.551
 21
46.7305
  0
LINE
  8
0
 10
-21.551
 20
46.7305
 11
-21.606
 21
46.7964
  0
LINE
  8
0
 10
-21.606
 20
46.7964
 11
-21.658
 21
46.865
  0
LINE
  8
0
 10
-21.658
 20
46.865
 11
-21.7068
 21
46.9355
  0
LINE
  8
0
 10
-21.7068
 20
46.9355
 11
-21.7529
 21
47.008
  0
LINE
  8
0
 10
-21.7529
 20
47.008
 11
-21.7956
 21
47.0824
  0
LINE
  8
0
 10
-21.7956
 20
47.0824
 11
-21.8355
 21
47.1584
  0
LINE
  8
0
 10
-21.8355
 20
47.1584
 11
-21.8719
 21
47.2359
  0
LINE
  8
0
 10
-21.8719
 20
47.2359
 11
-21.9053
 21
47.3153
  0
LINE
  8
0
 10
-21.9053
 20
47.3153
 11
-21.9355
 21
47.3956
  0
LINE
  8
0
 10
-21.9355
 20
47.3956
 11
-21.9618
 21
47.4773
  0
LINE
  8
0
 10
-21.9618
 20
47.4773
 11
-21.9851
 21
47.5599
  0
LINE
  8
0
 10
-21.9851
 20
47.5599
 11
-22.0045
 21
47.6436
  0
LINE
  8
0
 10
-22.0045
 20
47.6436
 11
-22.0207
 21
47.7281
  0
LINE
  8
0
 10
-22.0207
 20
47.7281
 11
-22.0332
 21
47.813
  0
LINE
  8
0
 10
-22.0332
 20
47.813
 11
-22.0421
 21
47.8982
  0
LINE
  8
0
 10
-22.0421
 20
47.8982
 11
-22.0475
 21
47.9839
  0
LINE
  8
0
 10
-22.0475
 20
47.9839
 11
-22.0494
 21
48.0699
  0
LINE
  8
0
 10
-22.0494
 20
48.0699
 11
-22.0475
 21
48.1556
  0
LINE
  8
0
 10
-22.0475
 20
48.1556
 11
-22.0421
 21
48.2412
  0
LINE
  8
0
 10
-22.0421
 20
48.2412
 11
-22.0332
 21
48.3269
  0
LINE
  8
0
 10
-22.0332
 20
48.3269
 11
-22.0207
 21
48.4118
  0
LINE
  8
0
 10
-22.0207
 20
48.4118
 11
-22.0045
 21
48.4959
  0
LINE
  8
0
 10
-22.0045
 20
48.4959
 11
-21.9851
 21
48.5796
  0
LINE
  8
0
 10
-21.9851
 20
48.5796
 11
-21.9618
 21
48.6621
  0
LINE
  8
0
 10
-21.9618
 20
48.6621
 11
-21.9355
 21
48.7439
  0
LINE
  8
0
 10
-21.9355
 20
48.7439
 11
-21.9053
 21
48.8245
  0
LINE
  8
0
 10
-21.9053
 20
48.8245
 11
-21.8719
 21
48.9036
  0
LINE
  8
0
 10
-21.8719
 20
48.9036
 11
-21.8355
 21
48.9811
  0
LINE
  8
0
 10
-21.8355
 20
48.9811
 11
-21.7956
 21
49.0575
  0
LINE
  8
0
 10
-21.7956
 20
49.0575
 11
-21.7529
 21
49.1319
  0
LINE
  8
0
 10
-21.7529
 20
49.1319
 11
-21.7068
 21
49.2044
  0
LINE
  8
0
 10
-21.7068
 20
49.2044
 11
-21.658
 21
49.2749
  0
LINE
  8
0
 10
-21.658
 20
49.2749
 11
-21.606
 21
49.3431
  0
LINE
  8
0
 10
-21.606
 20
49.3431
 11
-21.551
 21
49.4094
  0
LINE
  8
0
 10
-21.551
 20
49.4094
 11
-21.4936
 21
49.4729
  0
LINE
  8
0
 10
-21.4936
 20
49.4729
 11
-21.4336
 21
49.5346
  0
LINE
  8
0
 10
-21.4336
 20
49.5346
 11
-21.3712
 21
49.5931
  0
LINE
  8
0
 10
-21.3712
 20
49.5931
 11
-21.3061
 21
49.6493
  0
LINE
  8
0
 10
-21.3061
 20
49.6493
 11
-21.2386
 21
49.7028
  0
LINE
  8
0
 10
-21.2386
 20
49.7028
 11
-21.1693
 21
49.7532
  0
LINE
  8
0
 10
-21.1693
 20
49.7532
 11
-21.0979
 21
49.8008
  0
LINE
  8
0
 10
-21.0979
 20
49.8008
 11
-21.0243
 21
49.845
  0
LINE
  8
0
 10
-21.0243
 20
49.845
 11
-20.9491
 21
49.8865
  0
LINE
  8
0
 10
-20.9491
 20
49.8865
 11
-20.872
 21
49.9249
  0
LINE
  8
0
 10
-20.872
 20
49.9249
 11
-20.7937
 21
49.9597
  0
LINE
  8
0
 10
-20.7937
 20
49.9597
 11
-20.7139
 21
49.9911
  0
LINE
  8
0
 10
-20.7139
 20
49.9911
 11
-20.6328
 21
50.0194
  0
LINE
  8
0
 10
-20.6328
 20
50.0194
 11
-20.5507
 21
50.0442
  0
LINE
  8
0
 10
-20.5507
 20
50.0442
 11
-20.4674
 21
50.0655
  0
LINE
  8
0
 10
-20.4674
 20
50.0655
 11
-20.3836
 21
50.0834
  0
LINE
  8
0
 10
-20.3836
 20
50.0834
 11
-20.2988
 21
50.0977
  0
LINE
  8
0
 10
-20.2988
 20
50.0977
 11
-20.2135
 21
50.1086
  0
LINE
  8
0
 10
-20.2135
 20
50.1086
 11
-20.1282
 21
50.1159
  0
LINE
  8
0
 10
-20.1282
 20
50.1159
 11
-20.0422
 21
50.1194
  0
LINE
  8
0
 10
-20.0422
 20
50.1194
 11
-19.9565
 21
50.1194
  0
LINE
  8
0
 10
-19.9565
 20
50.1194
 11
-19.8705
 21
50.1159
  0
LINE
  8
0
 10
-19.8705
 20
50.1159
 11
-19.7852
 21
50.1086
  0
LINE
  8
0
 10
-19.7852
 20
50.1086
 11
-19.7
 21
50.0977
  0
LINE
  8
0
 10
-19.7
 20
50.0977
 11
-19.6151
 21
50.0834
  0
LINE
  8
0
 10
-19.6151
 20
50.0834
 11
-19.5314
 21
50.0655
  0
LINE
  8
0
 10
-19.5314
 20
50.0655
 11
-19.448
 21
50.0442
  0
LINE
  8
0
 10
-19.448
 20
50.0442
 11
-19.3659
 21
50.0194
  0
LINE
  8
0
 10
-19.3659
 20
50.0194
 11
-19.2849
 21
49.9911
  0
LINE
  8
0
 10
-19.2849
 20
49.9911
 11
-19.205
 21
49.9597
  0
LINE
  8
0
 10
-19.205
 20
49.9597
 11
-19.1264
 21
49.9249
  0
LINE
  8
0
 10
-19.1264
 20
49.9249
 11
-19.0496
 21
49.8865
  0
LINE
  8
0
 10
-19.0496
 20
49.8865
 11
-18.9744
 21
49.845
  0
LINE
  8
0
 10
-18.9744
 20
49.845
 11
-18.9008
 21
49.8008
  0
LINE
  8
0
 10
-18.9008
 20
49.8008
 11
-18.8295
 21
49.7532
  0
LINE
  8
0
 10
-18.8295
 20
49.7532
 11
-18.7597
 21
49.7028
  0
LINE
  8
0
 10
-18.7597
 20
49.7028
 11
-18.6927
 21
49.6493
  0
LINE
  8
0
 10
-18.6927
 20
49.6493
 11
-18.6275
 21
49.5931
  0
LINE
  8
0
 10
-18.6275
 20
49.5931
 11
-18.5651
 21
49.5346
  0
LINE
  8
0
 10
-18.5651
 20
49.5346
 11
-18.5051
 21
49.4729
  0
LINE
  8
0
 10
-18.5051
 20
49.4729
 11
-18.4473
 21
49.4094
  0
LINE
  8
0
 10
-18.4473
 20
49.4094
 11
-18.3927
 21
49.3431
  0
LINE
  8
0
 10
-18.3927
 20
49.3431
 11
-18.3407
 21
49.2749
  0
LINE
  8
0
 10
-18.3407
 20
49.2749
 11
-18.2919
 21
49.2044
  0
LINE
  8
0
 10
-18.2919
 20
49.2044
 11
-18.2458
 21
49.1319
  0
LINE
  8
0
 10
-18.2458
 20
49.1319
 11
-18.2028
 21
49.0575
  0
LINE
  8
0
 10
-18.2028
 20
49.0575
 11
-18.1632
 21
48.9811
  0
LINE
  8
0
 10
-18.1632
 20
48.9811
 11
-18.1264
 21
48.9036
  0
LINE
  8
0
 10
-18.1264
 20
48.9036
 11
-18.0935
 21
48.8245
  0
LINE
  8
0
 10
-18.0935
 20
48.8245
 11
-18.0632
 21
48.7439
  0
LINE
  8
0
 10
-18.0632
 20
48.7439
 11
-18.0369
 21
48.6621
  0
LINE
  8
0
 10
-18.0369
 20
48.6621
 11
-18.0136
 21
48.5796
  0
LINE
  8
0
 10
-18.0136
 20
48.5796
 11
-17.9943
 21
48.4959
  0
LINE
  8
0
 10
-17.9943
 20
48.4959
 11
-17.978
 21
48.4118
  0
LINE
  8
0
 10
-17.978
 20
48.4118
 11
-17.9656
 21
48.3269
  0
LINE
  8
0
 10
-17.9656
 20
48.3269
 11
-17.9567
 21
48.2412
  0
LINE
  8
0
 10
-17.9567
 20
48.2412
 11
-17.9512
 21
48.1556
  0
LINE
  8
0
 10
-17.9512
 20
48.1556
 11
-17.9493
 21
48.0699
  0
LINE
  8
0
 10
-17.9493
 20
48.0699
 11
-17.9512
 21
47.9839
  0
LINE
  8
0
 10
-17.9512
 20
47.9839
 11
-17.9567
 21
47.8982
  0
LINE
  8
0
 10
-17.9567
 20
47.8982
 11
-17.9656
 21
47.813
  0
LINE
  8
0
 10
-17.9656
 20
47.813
 11
-17.978
 21
47.7281
  0
LINE
  8
0
 10
-17.978
 20
47.7281
 11
-17.9943
 21
47.6436
  0
LINE
  8
0
 10
-17.9943
 20
47.6436
 11
-18.0136
 21
47.5599
  0
LINE
  8
0
 10
-18.0136
 20
47.5599
 11
-18.0369
 21
47.4773
  0
LINE
  8
0
 10
-18.0369
 20
47.4773
 11
-18.0632
 21
47.3956
  0
LINE
  8
0
 10
-18.0632
 20
47.3956
 11
-18.0935
 21
47.3153
  0
LINE
  8
0
 10
-18.0935
 20
47.3153
 11
-18.1264
 21
47.2359
  0
LINE
  8
0
 10
-18.1264
 20
47.2359
 11
-18.1632
 21
47.1584
  0
LINE
  8
0
 10
-18.1632
 20
47.1584
 11
-18.2028
 21
47.0824
  0
LINE
  8
0
 10
-18.2028
 20
47.0824
 11
-18.2458
 21
47.008
  0
LINE
  8
0
 10
-18.2458
 20
47.008
 11
-18.2919
 21
46.9355
  0
LINE
  8
0
 10
-18.2919
 20
46.9355
 11
-18.3407
 21
46.865
  0
LINE
  8
0
 10
-18.3407
 20
46.865
 11
-18.3927
 21
46.7964
  0
LINE
  8
0
 10
-18.3927
 20
46.7964
 11
-18.4473
 21
46.7305
  0
LINE
  8
0
 10
-18.4473
 20
46.7305
 11
-18.5051
 21
46.6665
  0
LINE
  8
0
 10
-18.5051
 20
46.6665
 11
-18.5651
 21
46.6053
  0
LINE
  8
0
 10
-18.5651
 20
46.6053
 11
-18.6275
 21
46.5464
  0
LINE
  8
0
 10
-18.6275
 20
46.5464
 11
-18.6927
 21
46.4902
  0
LINE
  8
0
 10
-18.6927
 20
46.4902
 11
-18.7597
 21
46.4371
  0
LINE
  8
0
 10
-18.7597
 20
46.4371
 11
-18.8295
 21
46.3863
  0
LINE
  8
0
 10
-18.8295
 20
46.3863
 11
-18.9008
 21
46.339
  0
LINE
  8
0
 10
-18.9008
 20
46.339
 11
-18.9744
 21
46.2945
  0
LINE
  8
0
 10
-18.9744
 20
46.2945
 11
-19.0496
 21
46.253
  0
LINE
  8
0
 10
-19.0496
 20
46.253
 11
-19.1264
 21
46.215
  0
LINE
  8
0
 10
-19.1264
 20
46.215
 11
-19.205
 21
46.1801
  0
LINE
  8
0
 10
-19.205
 20
46.1801
 11
-19.2849
 21
46.1483
  0
LINE
  8
0
 10
-19.2849
 20
46.1483
 11
-19.3659
 21
46.1201
  0
LINE
  8
0
 10
-19.3659
 20
46.1201
 11
-19.448
 21
46.0952
  0
LINE
  8
0
 10
-19.448
 20
46.0952
 11
-19.5314
 21
46.0739
  0
LINE
  8
0
 10
-19.5314
 20
46.0739
 11
-19.6151
 21
46.0561
  0
LINE
  8
0
 10
-19.6151
 20
46.0561
 11
-19.7
 21
46.0418
  0
LINE
  8
0
 10
-19.7
 20
46.0418
 11
-19.7852
 21
46.0309
  0
LINE
  8
0
 10
-19.7852
 20
46.0309
 11
-19.8705
 21
46.0239
  0
LINE
  8
0
 10
-19.8705
 20
46.0239
 11
-19.9565
 21
46.0204
  0
LINE
  8
0
 10
-19.9565
 20
46.0204
 11
-20.0422
 21
46.0204
  0
LINE
  8
0
 10
-116.042
 20
46.0204
 11
-116.128
 21
46.0239
  0
LINE
  8
0
 10
-116.128
 20
46.0239
 11
-116.213
 21
46.0309
  0
LINE
  8
0
 10
-116.213
 20
46.0309
 11
-116.299
 21
46.0418
  0
LINE
  8
0
 10
-116.299
 20
46.0418
 11
-116.384
 21
46.0561
  0
LINE
  8
0
 10
-116.384
 20
46.0561
 11
-116.467
 21
46.0739
  0
LINE
  8
0
 10
-116.467
 20
46.0739
 11
-116.551
 21
46.0952
  0
LINE
  8
0
 10
-116.551
 20
46.0952
 11
-116.633
 21
46.1201
  0
LINE
  8
0
 10
-116.633
 20
46.1201
 11
-116.714
 21
46.1483
  0
LINE
  8
0
 10
-116.714
 20
46.1483
 11
-116.794
 21
46.1801
  0
LINE
  8
0
 10
-116.794
 20
46.1801
 11
-116.872
 21
46.215
  0
LINE
  8
0
 10
-116.872
 20
46.215
 11
-116.949
 21
46.253
  0
LINE
  8
0
 10
-116.949
 20
46.253
 11
-117.024
 21
46.2945
  0
LINE
  8
0
 10
-117.024
 20
46.2945
 11
-117.098
 21
46.339
  0
LINE
  8
0
 10
-117.098
 20
46.339
 11
-117.169
 21
46.3863
  0
LINE
  8
0
 10
-117.169
 20
46.3863
 11
-117.239
 21
46.4371
  0
LINE
  8
0
 10
-117.239
 20
46.4371
 11
-117.306
 21
46.4902
  0
LINE
  8
0
 10
-117.306
 20
46.4902
 11
-117.371
 21
46.5464
  0
LINE
  8
0
 10
-117.371
 20
46.5464
 11
-117.434
 21
46.6053
  0
LINE
  8
0
 10
-117.434
 20
46.6053
 11
-117.494
 21
46.6665
  0
LINE
  8
0
 10
-117.494
 20
46.6665
 11
-117.551
 21
46.7305
  0
LINE
  8
0
 10
-117.551
 20
46.7305
 11
-117.606
 21
46.7964
  0
LINE
  8
0
 10
-117.606
 20
46.7964
 11
-117.658
 21
46.865
  0
LINE
  8
0
 10
-117.658
 20
46.865
 11
-117.707
 21
46.9355
  0
LINE
  8
0
 10
-117.707
 20
46.9355
 11
-117.753
 21
47.008
  0
LINE
  8
0
 10
-117.753
 20
47.008
 11
-117.796
 21
47.0824
  0
LINE
  8
0
 10
-117.796
 20
47.0824
 11
-117.835
 21
47.1584
  0
LINE
  8
0
 10
-117.835
 20
47.1584
 11
-117.872
 21
47.2359
  0
LINE
  8
0
 10
-117.872
 20
47.2359
 11
-117.905
 21
47.3153
  0
LINE
  8
0
 10
-117.905
 20
47.3153
 11
-117.935
 21
47.3956
  0
LINE
  8
0
 10
-117.935
 20
47.3956
 11
-117.962
 21
47.4773
  0
LINE
  8
0
 10
-117.962
 20
47.4773
 11
-117.985
 21
47.5599
  0
LINE
  8
0
 10
-117.985
 20
47.5599
 11
-118.004
 21
47.6436
  0
LINE
  8
0
 10
-118.004
 20
47.6436
 11
-118.021
 21
47.7281
  0
LINE
  8
0
 10
-118.021
 20
47.7281
 11
-118.033
 21
47.813
  0
LINE
  8
0
 10
-118.033
 20
47.813
 11
-118.042
 21
47.8982
  0
LINE
  8
0
 10
-118.042
 20
47.8982
 11
-118.047
 21
47.9839
  0
LINE
  8
0
 10
-118.047
 20
47.9839
 11
-118.049
 21
48.0699
  0
LINE
  8
0
 10
-118.049
 20
48.0699
 11
-118.047
 21
48.1556
  0
LINE
  8
0
 10
-118.047
 20
48.1556
 11
-118.042
 21
48.2412
  0
LINE
  8
0
 10
-118.042
 20
48.2412
 11
-118.033
 21
48.3269
  0
LINE
  8
0
 10
-118.033
 20
48.3269
 11
-118.021
 21
48.4118
  0
LINE
  8
0
 10
-118.021
 20
48.4118
 11
-118.004
 21
48.4959
  0
LINE
  8
0
 10
-118.004
 20
48.4959
 11
-117.985
 21
48.5796
  0
LINE
  8
0
 10
-117.985
 20
48.5796
 11
-117.962
 21
48.6621
  0
LINE
  8
0
 10
-117.962
 20
48.6621
 11
-117.935
 21
48.7439
  0
LINE
  8
0
 10
-117.935
 20
48.7439
 11
-117.905
 21
48.8245
  0
LINE
  8
0
 10
-117.905
 20
48.8245
 11
-117.872
 21
48.9036
  0
LINE
  8
0
 10
-117.872
 20
48.9036
 11
-117.835
 21
48.9811
  0
LINE
  8
0
 10
-117.835
 20
48.9811
 11
-117.796
 21
49.0575
  0
LINE
  8
0
 10
-117.796
 20
49.0575
 11
-117.753
 21
49.1319
  0
LINE
  8
0
 10
-117.753
 20
49.1319
 11
-117.707
 21
49.2044
  0
LINE
  8
0
 10
-117.707
 20
49.2044
 11
-117.658
 21
49.2749
  0
LINE
  8
0
 10
-117.658
 20
49.2749
 11
-117.606
 21
49.3431
  0
LINE
  8
0
 10
-117.606
 20
49.3431
 11
-117.551
 21
49.4094
  0
LINE
  8
0
 10
-117.551
 20
49.4094
 11
-117.494
 21
49.4729
  0
LINE
  8
0
 10
-117.494
 20
49.4729
 11
-117.434
 21
49.5346
  0
LINE
  8
0
 10
-117.434
 20
49.5346
 11
-117.371
 21
49.5931
  0
LINE
  8
0
 10
-117.371
 20
49.5931
 11
-117.306
 21
49.6493
  0
LINE
  8
0
 10
-117.306
 20
49.6493
 11
-117.239
 21
49.7028
  0
LINE
  8
0
 10
-117.239
 20
49.7028
 11
-117.169
 21
49.7532
  0
LINE
  8
0
 10
-117.169
 20
49.7532
 11
-117.098
 21
49.8008
  0
LINE
  8
0
 10
-117.098
 20
49.8008
 11
-117.024
 21
49.845
  0
LINE
  8
0
 10
-117.024
 20
49.845
 11
-116.949
 21
49.8865
  0
LINE
  8
0
 10
-116.949
 20
49.8865
 11
-116.872
 21
49.9249
  0
LINE
  8
0
 10
-116.872
 20
49.9249
 11
-116.794
 21
49.9597
  0
LINE
  8
0
 10
-116.794
 20
49.9597
 11
-116.714
 21
49.9911
  0
LINE
  8
0
 10
-116.714
 20
49.9911
 11
-116.633
 21
50.0194
  0
LINE
  8
0
 10
-116.633
 20
50.0194
 11
-116.551
 21
50.0442
  0
LINE
  8
0
 10
-116.551
 20
50.0442
 11
-116.467
 21
50.0655
  0
LINE
  8
0
 10
-116.467
 20
50.0655
 11
-116.384
 21
50.0834
  0
LINE
  8
0
 10
-116.384
 20
50.0834
 11
-116.299
 21
50.0977
  0
LINE
  8
0
 10
-116.299
 20
50.0977
 11
-116.213
 21
50.1086
  0
LINE
  8
0
 10
-116.213
 20
50.1086
 11
-116.128
 21
50.1159
  0
LINE
  8
0
 10
-116.128
 20
50.1159
 11
-116.042
 21
50.1194
  0
LINE
  8
0
 10
-116.042
 20
50.1194
 11
-115.956
 21
50.1194
  0
LINE
  8
0
 10
-115.956
 20
50.1194
 11
-115.87
 21
50.1159
  0
LINE
  8
0
 10
-115.87
 20
50.1159
 11
-115.785
 21
50.1086
  0
LINE
  8
0
 10
-115.785
 20
50.1086
 11
-115.7
 21
50.0977
  0
LINE
  8
0
 10
-115.7
 20
50.0977
 11
-115.615
 21
50.0834
  0
LINE
  8
0
 10
-115.615
 20
50.0834
 11
-115.531
 21
50.0655
  0
LINE
  8
0
 10
-115.531
 20
50.0655
 11
-115.448
 21
50.0442
  0
LINE
  8
0
 10
-115.448
 20
50.0442
 11
-115.366
 21
50.0194
  0
LINE
  8
0
 10
-115.366
 20
50.0194
 11
-115.285
 21
49.9911
  0
LINE
  8
0
 10
-115.285
 20
49.9911
 11
-115.205
 21
49.9597
  0
LINE
  8
0
 10
-115.205
 20
49.9597
 11
-115.126
 21
49.9249
  0
LINE
  8
0
 10
-115.126
 20
49.9249
 11
-115.05
 21
49.8865
  0
LINE
  8
0
 10
-115.05
 20
49.8865
 11
-114.974
 21
49.845
  0
LINE
  8
0
 10
-114.974
 20
49.845
 11
-114.901
 21
49.8008
  0
LINE
  8
0
 10
-114.901
 20
49.8008
 11
-114.829
 21
49.7532
  0
LINE
  8
0
 10
-114.829
 20
49.7532
 11
-114.76
 21
49.7028
  0
LINE
  8
0
 10
-114.76
 20
49.7028
 11
-114.693
 21
49.6493
  0
LINE
  8
0
 10
-114.693
 20
49.6493
 11
-114.627
 21
49.5931
  0
LINE
  8
0
 10
-114.627
 20
49.5931
 11
-114.565
 21
49.5346
  0
LINE
  8
0
 10
-114.565
 20
49.5346
 11
-114.505
 21
49.4729
  0
LINE
  8
0
 10
-114.505
 20
49.4729
 11
-114.448
 21
49.4094
  0
LINE
  8
0
 10
-114.448
 20
49.4094
 11
-114.393
 21
49.3431
  0
LINE
  8
0
 10
-114.393
 20
49.3431
 11
-114.341
 21
49.2749
  0
LINE
  8
0
 10
-114.341
 20
49.2749
 11
-114.292
 21
49.2044
  0
LINE
  8
0
 10
-114.292
 20
49.2044
 11
-114.246
 21
49.1319
  0
LINE
  8
0
 10
-114.246
 20
49.1319
 11
-114.203
 21
49.0575
  0
LINE
  8
0
 10
-114.203
 20
49.0575
 11
-114.163
 21
48.9811
  0
LINE
  8
0
 10
-114.163
 20
48.9811
 11
-114.126
 21
48.9036
  0
LINE
  8
0
 10
-114.126
 20
48.9036
 11
-114.093
 21
48.8245
  0
LINE
  8
0
 10
-114.093
 20
48.8245
 11
-114.063
 21
48.7439
  0
LINE
  8
0
 10
-114.063
 20
48.7439
 11
-114.037
 21
48.6621
  0
LINE
  8
0
 10
-114.037
 20
48.6621
 11
-114.014
 21
48.5796
  0
LINE
  8
0
 10
-114.014
 20
48.5796
 11
-113.994
 21
48.4959
  0
LINE
  8
0
 10
-113.994
 20
48.4959
 11
-113.978
 21
48.4118
  0
LINE
  8
0
 10
-113.978
 20
48.4118
 11
-113.966
 21
48.3269
  0
LINE
  8
0
 10
-113.966
 20
48.3269
 11
-113.957
 21
48.2412
  0
LINE
  8
0
 10
-113.957
 20
48.2412
 11
-113.951
 21
48.1556
  0
LINE
  8
0
 10
-113.951
 20
48.1556
 11
-113.949
 21
48.0699
  0
LINE
  8
0
 10
-113.949
 20
48.0699
 11
-113.951
 21
47.9839
  0
LINE
  8
0
 10
-113.951
 20
47.9839
 11
-113.957
 21
47.8982
  0
LINE
  8
0
 10
-113.957
 20
47.8982
 11
-113.966
 21
47.813
  0
LINE
  8
0
 10
-113.966
 20
47.813
 11
-113.978
 21
47.7281
  0
LINE
  8
0
 10
-113.978
 20
47.7281
 11
-113.994
 21
47.6436
  0
LINE
  8
0
 10
-113.994
 20
47.6436
 11
-114.014
 21
47.5599
  0
LINE
  8
0
 10
-114.014
 20
47.5599
 11
-114.037
 21
47.4773
  0
LINE
  8
0
 10
-114.037
 20
47.4773
 11
-114.063
 21
47.3956
  0
LINE
  8
0
 10
-114.063
 20
47.3956
 11
-114.093
 21
47.3153
  0
LINE
  8
0
 10
-114.093
 20
47.3153
 11
-114.126
 21
47.2359
  0
LINE
  8
0
 10
-114.126
 20
47.2359
 11
-114.163
 21
47.1584
  0
LINE
  8
0
 10
-114.163
 20
47.1584
 11
-114.203
 21
47.0824
  0
LINE
  8
0
 10
-114.203
 20
47.0824
 11
-114.246
 21
47.008
  0
LINE
  8
0
 10
-114.246
 20
47.008
 11
-114.292
 21
46.9355
  0
LINE
  8
0
 10
-114.292
 20
46.9355
 11
-114.341
 21
46.865
  0
LINE
  8
0
 10
-114.341
 20
46.865
 11
-114.393
 21
46.7964
  0
LINE
  8
0
 10
-114.393
 20
46.7964
 11
-114.448
 21
46.7305
  0
LINE
  8
0
 10
-114.448
 20
46.7305
 11
-114.505
 21
46.6665
  0
LINE
  8
0
 10
-114.505
 20
46.6665
 11
-114.565
 21
46.6053
  0
LINE
  8
0
 10
-114.565
 20
46.6053
 11
-114.627
 21
46.5464
  0
LINE
  8
0
 10
-114.627
 20
46.5464
 11
-114.693
 21
46.4902
  0
LINE
  8
0
 10
-114.693
 20
46.4902
 11
-114.76
 21
46.4371
  0
LINE
  8
0
 10
-114.76
 20
46.4371
 11
-114.829
 21
46.3863
  0
LINE
  8
0
 10
-114.829
 20
46.3863
 11
-114.901
 21
46.339
  0
LINE
  8
0
 10
-114.901
 20
46.339
 11
-114.974
 21
46.2945
  0
LINE
  8
0
 10
-114.974
 20
46.2945
 11
-115.05
 21
46.253
  0
LINE
  8
0
 10
-115.05
 20
46.253
 11
-115.126
 21
46.215
  0
LINE
  8
0
 10
-115.126
 20
46.215
 11
-115.205
 21
46.1801
  0
LINE
  8
0
 10
-115.205
 20
46.1801
 11
-115.285
 21
46.1483
  0
LINE
  8
0
 10
-115.285
 20
46.1483
 11
-115.366
 21
46.1201
  0
LINE
  8
0
 10
-115.366
 20
46.1201
 11
-115.448
 21
46.0952
  0
LINE
  8
0
 10
-115.448
 20
46.0952
 11
-115.531
 21
46.0739
  0
LINE
  8
0
 10
-115.531
 20
46.0739
 11
-115.615
 21
46.0561
  0
LINE
  8
0
 10
-115.615
 20
46.0561
 11
-115.7
 21
46.0418
  0
LINE
  8
0
 10
-115.7
 20
46.0418
 11
-115.785
 21
46.0309
  0
LINE
  8
0
 10
-115.785
 20
46.0309
 11
-115.87
 21
46.0239
  0
LINE
  8
0
 10
-115.87
 20
46.0239
 11
-115.956
 21
46.0204
  0
LINE
  8
0
 10
-115.956
 20
46.0204
 11
-116.042
 21
46.0204
  0
LINE
  8
0
 10
107.463
 20
41.93
 11
107.39
 21
41.9331
  0
LINE
  8
0
 10
107.39
 20
41.9331
 11
107.317
 21
41.9393
  0
LINE
  8
0
 10
107.317
 20
41.9393
 11
107.244
 21
41.9486
  0
LINE
  8
0
 10
107.244
 20
41.9486
 11
107.172
 21
41.9606
  0
LINE
  8
0
 10
107.172
 20
41.9606
 11
107.1
 21
41.9761
  0
LINE
  8
0
 10
107.1
 20
41.9761
 11
107.029
 21
41.9943
  0
LINE
  8
0
 10
107.029
 20
41.9943
 11
106.959
 21
42.0153
  0
LINE
  8
0
 10
106.959
 20
42.0153
 11
106.89
 21
42.0397
  0
LINE
  8
0
 10
106.89
 20
42.0397
 11
106.822
 21
42.0664
  0
LINE
  8
0
 10
106.822
 20
42.0664
 11
106.755
 21
42.0963
  0
LINE
  8
0
 10
106.755
 20
42.0963
 11
106.689
 21
42.1288
  0
LINE
  8
0
 10
106.689
 20
42.1288
 11
106.625
 21
42.1641
  0
LINE
  8
0
 10
106.625
 20
42.1641
 11
106.562
 21
42.2021
  0
LINE
  8
0
 10
106.562
 20
42.2021
 11
106.501
 21
42.2428
  0
LINE
  8
0
 10
106.501
 20
42.2428
 11
106.442
 21
42.2858
  0
LINE
  8
0
 10
106.442
 20
42.2858
 11
106.384
 21
42.3315
  0
LINE
  8
0
 10
106.384
 20
42.3315
 11
106.329
 21
42.3792
  0
LINE
  8
0
 10
106.329
 20
42.3792
 11
106.275
 21
42.4296
  0
LINE
  8
0
 10
106.275
 20
42.4296
 11
106.224
 21
42.4819
  0
LINE
  8
0
 10
106.224
 20
42.4819
 11
106.175
 21
42.5362
  0
LINE
  8
0
 10
106.175
 20
42.5362
 11
106.128
 21
42.5927
  0
LINE
  8
0
 10
106.128
 20
42.5927
 11
106.084
 21
42.6513
  0
LINE
  8
0
 10
106.084
 20
42.6513
 11
106.042
 21
42.7113
  0
LINE
  8
0
 10
106.042
 20
42.7113
 11
106.003
 21
42.7734
  0
LINE
  8
0
 10
106.003
 20
42.7734
 11
105.966
 21
42.8369
  0
LINE
  8
0
 10
105.966
 20
42.8369
 11
105.932
 21
42.9016
  0
LINE
  8
0
 10
105.932
 20
42.9016
 11
105.901
 21
42.9679
  0
LINE
  8
0
 10
105.901
 20
42.9679
 11
105.873
 21
43.0357
  0
LINE
  8
0
 10
105.873
 20
43.0357
 11
105.847
 21
43.1043
  0
LINE
  8
0
 10
105.847
 20
43.1043
 11
105.825
 21
43.1741
  0
LINE
  8
0
 10
105.825
 20
43.1741
 11
105.805
 21
43.2446
  0
LINE
  8
0
 10
105.805
 20
43.2446
 11
105.788
 21
43.316
  0
LINE
  8
0
 10
105.788
 20
43.316
 11
105.774
 21
43.388
  0
LINE
  8
0
 10
105.774
 20
43.388
 11
105.764
 21
43.4605
  0
LINE
  8
0
 10
105.764
 20
43.4605
 11
105.756
 21
43.5334
  0
LINE
  8
0
 10
105.756
 20
43.5334
 11
105.751
 21
43.6066
  0
LINE
  8
0
 10
105.751
 20
43.6066
 11
105.75
 21
43.6799
  0
LINE
  8
0
 10
105.75
 20
43.6799
 11
105.751
 21
43.7531
  0
LINE
  8
0
 10
105.751
 20
43.7531
 11
105.756
 21
43.8264
  0
LINE
  8
0
 10
105.756
 20
43.8264
 11
105.764
 21
43.8993
  0
LINE
  8
0
 10
105.764
 20
43.8993
 11
105.774
 21
43.9717
  0
LINE
  8
0
 10
105.774
 20
43.9717
 11
105.788
 21
44.0438
  0
LINE
  8
0
 10
105.788
 20
44.0438
 11
105.805
 21
44.1151
  0
LINE
  8
0
 10
105.805
 20
44.1151
 11
105.825
 21
44.1857
  0
LINE
  8
0
 10
105.825
 20
44.1857
 11
105.847
 21
44.2554
  0
LINE
  8
0
 10
105.847
 20
44.2554
 11
105.873
 21
44.324
  0
LINE
  8
0
 10
105.873
 20
44.324
 11
105.901
 21
44.3915
  0
LINE
  8
0
 10
105.901
 20
44.3915
 11
105.932
 21
44.4578
  0
LINE
  8
0
 10
105.932
 20
44.4578
 11
105.966
 21
44.5229
  0
LINE
  8
0
 10
105.966
 20
44.5229
 11
106.003
 21
44.5864
  0
LINE
  8
0
 10
106.003
 20
44.5864
 11
106.042
 21
44.648
  0
LINE
  8
0
 10
106.042
 20
44.648
 11
106.084
 21
44.7085
  0
LINE
  8
0
 10
106.084
 20
44.7085
 11
106.128
 21
44.7666
  0
LINE
  8
0
 10
106.128
 20
44.7666
 11
106.175
 21
44.8232
  0
LINE
  8
0
 10
106.175
 20
44.8232
 11
106.224
 21
44.8779
  0
LINE
  8
0
 10
106.224
 20
44.8779
 11
106.275
 21
44.9302
  0
LINE
  8
0
 10
106.275
 20
44.9302
 11
106.329
 21
44.9802
  0
LINE
  8
0
 10
106.329
 20
44.9802
 11
106.384
 21
45.0283
  0
LINE
  8
0
 10
106.384
 20
45.0283
 11
106.442
 21
45.0736
  0
LINE
  8
0
 10
106.442
 20
45.0736
 11
106.501
 21
45.1166
  0
LINE
  8
0
 10
106.501
 20
45.1166
 11
106.562
 21
45.1573
  0
LINE
  8
0
 10
106.562
 20
45.1573
 11
106.625
 21
45.1953
  0
LINE
  8
0
 10
106.625
 20
45.1953
 11
106.689
 21
45.2306
  0
LINE
  8
0
 10
106.689
 20
45.2306
 11
106.755
 21
45.2631
  0
LINE
  8
0
 10
106.755
 20
45.2631
 11
106.822
 21
45.293
  0
LINE
  8
0
 10
106.822
 20
45.293
 11
106.89
 21
45.3201
  0
LINE
  8
0
 10
106.89
 20
45.3201
 11
106.959
 21
45.3441
  0
LINE
  8
0
 10
106.959
 20
45.3441
 11
107.029
 21
45.3654
  0
LINE
  8
0
 10
107.029
 20
45.3654
 11
107.1
 21
45.3837
  0
LINE
  8
0
 10
107.1
 20
45.3837
 11
107.172
 21
45.3988
  0
LINE
  8
0
 10
107.172
 20
45.3988
 11
107.244
 21
45.4112
  0
LINE
  8
0
 10
107.244
 20
45.4112
 11
107.317
 21
45.4201
  0
LINE
  8
0
 10
107.317
 20
45.4201
 11
107.39
 21
45.4263
  0
LINE
  8
0
 10
107.39
 20
45.4263
 11
107.463
 21
45.4294
  0
LINE
  8
0
 10
107.463
 20
45.4294
 11
107.536
 21
45.4294
  0
LINE
  8
0
 10
107.536
 20
45.4294
 11
107.61
 21
45.4263
  0
LINE
  8
0
 10
107.61
 20
45.4263
 11
107.683
 21
45.4201
  0
LINE
  8
0
 10
107.683
 20
45.4201
 11
107.755
 21
45.4112
  0
LINE
  8
0
 10
107.755
 20
45.4112
 11
107.828
 21
45.3988
  0
LINE
  8
0
 10
107.828
 20
45.3988
 11
107.899
 21
45.3837
  0
LINE
  8
0
 10
107.899
 20
45.3837
 11
107.971
 21
45.3654
  0
LINE
  8
0
 10
107.971
 20
45.3654
 11
108.041
 21
45.3441
  0
LINE
  8
0
 10
108.041
 20
45.3441
 11
108.11
 21
45.3201
  0
LINE
  8
0
 10
108.11
 20
45.3201
 11
108.178
 21
45.293
  0
LINE
  8
0
 10
108.178
 20
45.293
 11
108.245
 21
45.2631
  0
LINE
  8
0
 10
108.245
 20
45.2631
 11
108.31
 21
45.2306
  0
LINE
  8
0
 10
108.31
 20
45.2306
 11
108.375
 21
45.1953
  0
LINE
  8
0
 10
108.375
 20
45.1953
 11
108.438
 21
45.1573
  0
LINE
  8
0
 10
108.438
 20
45.1573
 11
108.498
 21
45.1166
  0
LINE
  8
0
 10
108.498
 20
45.1166
 11
108.558
 21
45.0736
  0
LINE
  8
0
 10
108.558
 20
45.0736
 11
108.615
 21
45.0283
  0
LINE
  8
0
 10
108.615
 20
45.0283
 11
108.671
 21
44.9802
  0
LINE
  8
0
 10
108.671
 20
44.9802
 11
108.724
 21
44.9302
  0
LINE
  8
0
 10
108.724
 20
44.9302
 11
108.776
 21
44.8779
  0
LINE
  8
0
 10
108.776
 20
44.8779
 11
108.824
 21
44.8232
  0
LINE
  8
0
 10
108.824
 20
44.8232
 11
108.871
 21
44.7666
  0
LINE
  8
0
 10
108.871
 20
44.7666
 11
108.915
 21
44.7085
  0
LINE
  8
0
 10
108.915
 20
44.7085
 11
108.957
 21
44.648
  0
LINE
  8
0
 10
108.957
 20
44.648
 11
108.997
 21
44.5864
  0
LINE
  8
0
 10
108.997
 20
44.5864
 11
109.033
 21
44.5229
  0
LINE
  8
0
 10
109.033
 20
44.5229
 11
109.067
 21
44.4578
  0
LINE
  8
0
 10
109.067
 20
44.4578
 11
109.098
 21
44.3915
  0
LINE
  8
0
 10
109.098
 20
44.3915
 11
109.127
 21
44.324
  0
LINE
  8
0
 10
109.127
 20
44.324
 11
109.153
 21
44.2554
  0
LINE
  8
0
 10
109.153
 20
44.2554
 11
109.175
 21
44.1857
  0
LINE
  8
0
 10
109.175
 20
44.1857
 11
109.195
 21
44.1151
  0
LINE
  8
0
 10
109.195
 20
44.1151
 11
109.212
 21
44.0438
  0
LINE
  8
0
 10
109.212
 20
44.0438
 11
109.225
 21
43.9717
  0
LINE
  8
0
 10
109.225
 20
43.9717
 11
109.236
 21
43.8993
  0
LINE
  8
0
 10
109.236
 20
43.8993
 11
109.244
 21
43.8264
  0
LINE
  8
0
 10
109.244
 20
43.8264
 11
109.248
 21
43.7531
  0
LINE
  8
0
 10
109.248
 20
43.7531
 11
109.25
 21
43.6799
  0
LINE
  8
0
 10
109.25
 20
43.6799
 11
109.248
 21
43.6066
  0
LINE
  8
0
 10
109.248
 20
43.6066
 11
109.244
 21
43.5334
  0
LINE
  8
0
 10
109.244
 20
43.5334
 11
109.236
 21
43.4605
  0
LINE
  8
0
 10
109.236
 20
43.4605
 11
109.225
 21
43.388
  0
LINE
  8
0
 10
109.225
 20
43.388
 11
109.212
 21
43.316
  0
LINE
  8
0
 10
109.212
 20
43.316
 11
109.195
 21
43.2446
  0
LINE
  8
0
 10
109.195
 20
43.2446
 11
109.175
 21
43.1741
  0
LINE
  8
0
 10
109.175
 20
43.1741
 11
109.153
 21
43.1043
  0
LINE
  8
0
 10
109.153
 20
43.1043
 11
109.127
 21
43.0357
  0
LINE
  8
0
 10
109.127
 20
43.0357
 11
109.098
 21
42.9679
  0
LINE
  8
0
 10
109.098
 20
42.9679
 11
109.067
 21
42.9016
  0
LINE
  8
0
 10
109.067
 20
42.9016
 11
109.033
 21
42.8369
  0
LINE
  8
0
 10
109.033
 20
42.8369
 11
108.997
 21
42.7734
  0
LINE
  8
0
 10
108.997
 20
42.7734
 11
108.957
 21
42.7113
  0
LINE
  8
0
 10
108.957
 20
42.7113
 11
108.915
 21
42.6513
  0
LINE
  8
0
 10
108.915
 20
42.6513
 11
108.871
 21
42.5927
  0
LINE
  8
0
 10
108.871
 20
42.5927
 11
108.824
 21
42.5362
  0
LINE
  8
0
 10
108.824
 20
42.5362
 11
108.776
 21
42.4819
  0
LINE
  8
0
 10
108.776
 20
42.4819
 11
108.724
 21
42.4296
  0
LINE
  8
0
 10
108.724
 20
42.4296
 11
108.671
 21
42.3792
  0
LINE
  8
0
 10
108.671
 20
42.3792
 11
108.615
 21
42.3315
  0
LINE
  8
0
 10
108.615
 20
42.3315
 11
108.558
 21
42.2858
  0
LINE
  8
0
 10
108.558
 20
42.2858
 11
108.498
 21
42.2428
  0
LINE
  8
0
 10
108.498
 20
42.2428
 11
108.438
 21
42.2021
  0
LINE
  8
0
 10
108.438
 20
42.2021
 11
108.375
 21
42.1641
  0
LINE
  8
0
 10
108.375
 20
42.1641
 11
108.31
 21
42.1288
  0
LINE
  8
0
 10
108.31
 20
42.1288
 11
108.245
 21
42.0963
  0
LINE
  8
0
 10
108.245
 20
42.0963
 11
108.178
 21
42.0664
  0
LINE
  8
0
 10
108.178
 20
42.0664
 11
108.11
 21
42.0397
  0
LINE
  8
0
 10
108.11
 20
42.0397
 11
108.041
 21
42.0153
  0
LINE
  8
0
 10
108.041
 20
42.0153
 11
107.971
 21
41.9943
  0
LINE
  8
0
 10
107.971
 20
41.9943
 11
107.899
 21
41.9761
  0
LINE
  8
0
 10
107.899
 20
41.9761
 11
107.828
 21
41.9606
  0
LINE
  8
0
 10
107.828
 20
41.9606
 11
107.755
 21
41.9486
  0
LINE
  8
0
 10
107.755
 20
41.9486
 11
107.683
 21
41.9393
  0
LINE
  8
0
 10
107.683
 20
41.9393
 11
107.61
 21
41.9331
  0
LINE
  8
0
 10
107.61
 20
41.9331
 11
107.536
 21
41.93
  0
LINE
  8
0
 10
107.536
 20
41.93
 11
107.463
 21
41.93
  0
LINE
  8
0
 10
-19.5364
 20
41.93
 11
-19.6097
 21
41.9331
  0
LINE
  8
0
 10
-19.6097
 20
41.9331
 11
-19.6829
 21
41.9393
  0
LINE
  8
0
 10
-19.6829
 20
41.9393
 11
-19.7554
 21
41.9486
  0
LINE
  8
0
 10
-19.7554
 20
41.9486
 11
-19.8279
 21
41.9606
  0
LINE
  8
0
 10
-19.8279
 20
41.9606
 11
-19.8996
 21
41.9761
  0
LINE
  8
0
 10
-19.8996
 20
41.9761
 11
-19.9705
 21
41.9943
  0
LINE
  8
0
 10
-19.9705
 20
41.9943
 11
-20.0406
 21
42.0153
  0
LINE
  8
0
 10
-20.0406
 20
42.0153
 11
-20.11
 21
42.0397
  0
LINE
  8
0
 10
-20.11
 20
42.0397
 11
-20.1778
 21
42.0664
  0
LINE
  8
0
 10
-20.1778
 20
42.0664
 11
-20.2449
 21
42.0963
  0
LINE
  8
0
 10
-20.2449
 20
42.0963
 11
-20.3108
 21
42.1288
  0
LINE
  8
0
 10
-20.3108
 20
42.1288
 11
-20.3747
 21
42.1641
  0
LINE
  8
0
 10
-20.3747
 20
42.1641
 11
-20.4375
 21
42.2021
  0
LINE
  8
0
 10
-20.4375
 20
42.2021
 11
-20.4987
 21
42.2428
  0
LINE
  8
0
 10
-20.4987
 20
42.2428
 11
-20.558
 21
42.2858
  0
LINE
  8
0
 10
-20.558
 20
42.2858
 11
-20.6154
 21
42.3315
  0
LINE
  8
0
 10
-20.6154
 20
42.3315
 11
-20.6708
 21
42.3792
  0
LINE
  8
0
 10
-20.6708
 20
42.3792
 11
-20.7243
 21
42.4296
  0
LINE
  8
0
 10
-20.7243
 20
42.4296
 11
-20.7755
 21
42.4819
  0
LINE
  8
0
 10
-20.7755
 20
42.4819
 11
-20.8247
 21
42.5362
  0
LINE
  8
0
 10
-20.8247
 20
42.5362
 11
-20.8712
 21
42.5927
  0
LINE
  8
0
 10
-20.8712
 20
42.5927
 11
-20.9158
 21
42.6513
  0
LINE
  8
0
 10
-20.9158
 20
42.6513
 11
-20.9576
 21
42.7113
  0
LINE
  8
0
 10
-20.9576
 20
42.7113
 11
-20.9968
 21
42.7734
  0
LINE
  8
0
 10
-20.9968
 20
42.7734
 11
-21.0332
 21
42.8369
  0
LINE
  8
0
 10
-21.0332
 20
42.8369
 11
-21.0673
 21
42.9016
  0
LINE
  8
0
 10
-21.0673
 20
42.9016
 11
-21.0987
 21
42.9679
  0
LINE
  8
0
 10
-21.0987
 20
42.9679
 11
-21.127
 21
43.0357
  0
LINE
  8
0
 10
-21.127
 20
43.0357
 11
-21.1526
 21
43.1043
  0
LINE
  8
0
 10
-21.1526
 20
43.1043
 11
-21.1751
 21
43.1741
  0
LINE
  8
0
 10
-21.1751
 20
43.1741
 11
-21.1948
 21
43.2446
  0
LINE
  8
0
 10
-21.1948
 20
43.2446
 11
-21.2115
 21
43.316
  0
LINE
  8
0
 10
-21.2115
 20
43.316
 11
-21.2254
 21
43.388
  0
LINE
  8
0
 10
-21.2254
 20
43.388
 11
-21.2359
 21
43.4605
  0
LINE
  8
0
 10
-21.2359
 20
43.4605
 11
-21.2437
 21
43.5334
  0
LINE
  8
0
 10
-21.2437
 20
43.5334
 11
-21.2483
 21
43.6066
  0
LINE
  8
0
 10
-21.2483
 20
43.6066
 11
-21.2499
 21
43.6799
  0
LINE
  8
0
 10
-21.2499
 20
43.6799
 11
-21.2483
 21
43.7531
  0
LINE
  8
0
 10
-21.2483
 20
43.7531
 11
-21.2437
 21
43.8264
  0
LINE
  8
0
 10
-21.2437
 20
43.8264
 11
-21.2359
 21
43.8993
  0
LINE
  8
0
 10
-21.2359
 20
43.8993
 11
-21.2254
 21
43.9717
  0
LINE
  8
0
 10
-21.2254
 20
43.9717
 11
-21.2115
 21
44.0438
  0
LINE
  8
0
 10
-21.2115
 20
44.0438
 11
-21.1948
 21
44.1151
  0
LINE
  8
0
 10
-21.1948
 20
44.1151
 11
-21.1751
 21
44.1857
  0
LINE
  8
0
 10
-21.1751
 20
44.1857
 11
-21.1526
 21
44.2554
  0
LINE
  8
0
 10
-21.1526
 20
44.2554
 11
-21.127
 21
44.324
  0
LINE
  8
0
 10
-21.127
 20
44.324
 11
-21.0987
 21
44.3915
  0
LINE
  8
0
 10
-21.0987
 20
44.3915
 11
-21.0673
 21
44.4578
  0
LINE
  8
0
 10
-21.0673
 20
44.4578
 11
-21.0332
 21
44.5229
  0
LINE
  8
0
 10
-21.0332
 20
44.5229
 11
-20.9968
 21
44.5864
  0
LINE
  8
0
 10
-20.9968
 20
44.5864
 11
-20.9576
 21
44.648
  0
LINE
  8
0
 10
-20.9576
 20
44.648
 11
-20.9158
 21
44.7085
  0
LINE
  8
0
 10
-20.9158
 20
44.7085
 11
-20.8712
 21
44.7666
  0
LINE
  8
0
 10
-20.8712
 20
44.7666
 11
-20.8247
 21
44.8232
  0
LINE
  8
0
 10
-20.8247
 20
44.8232
 11
-20.7755
 21
44.8779
  0
LINE
  8
0
 10
-20.7755
 20
44.8779
 11
-20.7243
 21
44.9302
  0
LINE
  8
0
 10
-20.7243
 20
44.9302
 11
-20.6708
 21
44.9802
  0
LINE
  8
0
 10
-20.6708
 20
44.9802
 11
-20.6154
 21
45.0283
  0
LINE
  8
0
 10
-20.6154
 20
45.0283
 11
-20.558
 21
45.0736
  0
LINE
  8
0
 10
-20.558
 20
45.0736
 11
-20.4987
 21
45.1166
  0
LINE
  8
0
 10
-20.4987
 20
45.1166
 11
-20.4375
 21
45.1573
  0
LINE
  8
0
 10
-20.4375
 20
45.1573
 11
-20.3747
 21
45.1953
  0
LINE
  8
0
 10
-20.3747
 20
45.1953
 11
-20.3108
 21
45.2306
  0
LINE
  8
0
 10
-20.3108
 20
45.2306
 11
-20.2449
 21
45.2631
  0
LINE
  8
0
 10
-20.2449
 20
45.2631
 11
-20.1778
 21
45.293
  0
LINE
  8
0
 10
-20.1778
 20
45.293
 11
-20.11
 21
45.3201
  0
LINE
  8
0
 10
-20.11
 20
45.3201
 11
-20.0406
 21
45.3441
  0
LINE
  8
0
 10
-20.0406
 20
45.3441
 11
-19.9705
 21
45.3654
  0
LINE
  8
0
 10
-19.9705
 20
45.3654
 11
-19.8996
 21
45.3837
  0
LINE
  8
0
 10
-19.8996
 20
45.3837
 11
-19.8279
 21
45.3988
  0
LINE
  8
0
 10
-19.8279
 20
45.3988
 11
-19.7554
 21
45.4112
  0
LINE
  8
0
 10
-19.7554
 20
45.4112
 11
-19.6829
 21
45.4201
  0
LINE
  8
0
 10
-19.6829
 20
45.4201
 11
-19.6097
 21
45.4263
  0
LINE
  8
0
 10
-19.6097
 20
45.4263
 11
-19.5364
 21
45.4294
  0
LINE
  8
0
 10
-19.5364
 20
45.4294
 11
-19.4632
 21
45.4294
  0
LINE
  8
0
 10
-19.4632
 20
45.4294
 11
-19.3899
 21
45.4263
  0
LINE
  8
0
 10
-19.3899
 20
45.4263
 11
-19.317
 21
45.4201
  0
LINE
  8
0
 10
-19.317
 20
45.4201
 11
-19.2442
 21
45.4112
  0
LINE
  8
0
 10
-19.2442
 20
45.4112
 11
-19.1721
 21
45.3988
  0
LINE
  8
0
 10
-19.1721
 20
45.3988
 11
-19.1004
 21
45.3837
  0
LINE
  8
0
 10
-19.1004
 20
45.3837
 11
-19.0291
 21
45.3654
  0
LINE
  8
0
 10
-19.0291
 20
45.3654
 11
-18.9589
 21
45.3441
  0
LINE
  8
0
 10
-18.9589
 20
45.3441
 11
-18.8899
 21
45.3201
  0
LINE
  8
0
 10
-18.8899
 20
45.3201
 11
-18.8217
 21
45.293
  0
LINE
  8
0
 10
-18.8217
 20
45.293
 11
-18.7547
 21
45.2631
  0
LINE
  8
0
 10
-18.7547
 20
45.2631
 11
-18.6892
 21
45.2306
  0
LINE
  8
0
 10
-18.6892
 20
45.2306
 11
-18.6248
 21
45.1953
  0
LINE
  8
0
 10
-18.6248
 20
45.1953
 11
-18.562
 21
45.1573
  0
LINE
  8
0
 10
-18.562
 20
45.1573
 11
-18.5012
 21
45.1166
  0
LINE
  8
0
 10
-18.5012
 20
45.1166
 11
-18.4419
 21
45.0736
  0
LINE
  8
0
 10
-18.4419
 20
45.0736
 11
-18.3841
 21
45.0283
  0
LINE
  8
0
 10
-18.3841
 20
45.0283
 11
-18.3287
 21
44.9802
  0
LINE
  8
0
 10
-18.3287
 20
44.9802
 11
-18.2752
 21
44.9302
  0
LINE
  8
0
 10
-18.2752
 20
44.9302
 11
-18.2241
 21
44.8779
  0
LINE
  8
0
 10
-18.2241
 20
44.8779
 11
-18.1752
 21
44.8232
  0
LINE
  8
0
 10
-18.1752
 20
44.8232
 11
-18.1284
 21
44.7666
  0
LINE
  8
0
 10
-18.1284
 20
44.7666
 11
-18.0842
 21
44.7085
  0
LINE
  8
0
 10
-18.0842
 20
44.7085
 11
-18.0423
 21
44.648
  0
LINE
  8
0
 10
-18.0423
 20
44.648
 11
-18.0028
 21
44.5864
  0
LINE
  8
0
 10
-18.0028
 20
44.5864
 11
-17.9663
 21
44.5229
  0
LINE
  8
0
 10
-17.9663
 20
44.5229
 11
-17.9322
 21
44.4578
  0
LINE
  8
0
 10
-17.9322
 20
44.4578
 11
-17.9012
 21
44.3915
  0
LINE
  8
0
 10
-17.9012
 20
44.3915
 11
-17.8726
 21
44.324
  0
LINE
  8
0
 10
-17.8726
 20
44.324
 11
-17.8474
 21
44.2554
  0
LINE
  8
0
 10
-17.8474
 20
44.2554
 11
-17.8245
 21
44.1857
  0
LINE
  8
0
 10
-17.8245
 20
44.1857
 11
-17.8047
 21
44.1151
  0
LINE
  8
0
 10
-17.8047
 20
44.1151
 11
-17.7881
 21
44.0438
  0
LINE
  8
0
 10
-17.7881
 20
44.0438
 11
-17.7745
 21
43.9717
  0
LINE
  8
0
 10
-17.7745
 20
43.9717
 11
-17.7636
 21
43.8993
  0
LINE
  8
0
 10
-17.7636
 20
43.8993
 11
-17.7559
 21
43.8264
  0
LINE
  8
0
 10
-17.7559
 20
43.8264
 11
-17.7512
 21
43.7531
  0
LINE
  8
0
 10
-17.7512
 20
43.7531
 11
-17.7497
 21
43.6799
  0
LINE
  8
0
 10
-17.7497
 20
43.6799
 11
-17.7512
 21
43.6066
  0
LINE
  8
0
 10
-17.7512
 20
43.6066
 11
-17.7559
 21
43.5334
  0
LINE
  8
0
 10
-17.7559
 20
43.5334
 11
-17.7636
 21
43.4605
  0
LINE
  8
0
 10
-17.7636
 20
43.4605
 11
-17.7745
 21
43.388
  0
LINE
  8
0
 10
-17.7745
 20
43.388
 11
-17.7881
 21
43.316
  0
LINE
  8
0
 10
-17.7881
 20
43.316
 11
-17.8047
 21
43.2446
  0
LINE
  8
0
 10
-17.8047
 20
43.2446
 11
-17.8245
 21
43.1741
  0
LINE
  8
0
 10
-17.8245
 20
43.1741
 11
-17.8474
 21
43.1043
  0
LINE
  8
0
 10
-17.8474
 20
43.1043
 11
-17.8726
 21
43.0357
  0
LINE
  8
0
 10
-17.8726
 20
43.0357
 11
-17.9012
 21
42.9679
  0
LINE
  8
0
 10
-17.9012
 20
42.9679
 11
-17.9322
 21
42.9016
  0
LINE
  8
0
 10
-17.9322
 20
42.9016
 11
-17.9663
 21
42.8369
  0
LINE
  8
0
 10
-17.9663
 20
42.8369
 11
-18.0028
 21
42.7734
  0
LINE
  8
0
 10
-18.0028
 20
42.7734
 11
-18.0423
 21
42.7113
  0
LINE
  8
0
 10
-18.0423
 20
42.7113
 11
-18.0842
 21
42.6513
  0
LINE
  8
0
 10
-18.0842
 20
42.6513
 11
-18.1284
 21
42.5927
  0
LINE
  8
0
 10
-18.1284
 20
42.5927
 11
-18.1752
 21
42.5362
  0
LINE
  8
0
 10
-18.1752
 20
42.5362
 11
-18.2241
 21
42.4819
  0
LINE
  8
0
 10
-18.2241
 20
42.4819
 11
-18.2752
 21
42.4296
  0
LINE
  8
0
 10
-18.2752
 20
42.4296
 11
-18.3287
 21
42.3792
  0
LINE
  8
0
 10
-18.3287
 20
42.3792
 11
-18.3841
 21
42.3315
  0
LINE
  8
0
 10
-18.3841
 20
42.3315
 11
-18.4419
 21
42.2858
  0
LINE
  8
0
 10
-18.4419
 20
42.2858
 11
-18.5012
 21
42.2428
  0
LINE
  8
0
 10
-18.5012
 20
42.2428
 11
-18.562
 21
42.2021
  0
LINE
  8
0
 10
-18.562
 20
42.2021
 11
-18.6248
 21
42.1641
  0
LINE
  8
0
 10
-18.6248
 20
42.1641
 11
-18.6892
 21
42.1288
  0
LINE
  8
0
 10
-18.6892
 20
42.1288
 11
-18.7547
 21
42.0963
  0
LINE
  8
0
 10
-18.7547
 20
42.0963
 11
-18.8217
 21
42.0664
  0
LINE
  8
0
 10
-18.8217
 20
42.0664
 11
-18.8899
 21
42.0397
  0
LINE
  8
0
 10
-18.8899
 20
42.0397
 11
-18.9589
 21
42.0153
  0
LINE
  8
0
 10
-18.9589
 20
42.0153
 11
-19.0291
 21
41.9943
  0
LINE
  8
0
 10
-19.0291
 20
41.9943
 11
-19.1004
 21
41.9761
  0
LINE
  8
0
 10
-19.1004
 20
41.9761
 11
-19.1721
 21
41.9606
  0
LINE
  8
0
 10
-19.1721
 20
41.9606
 11
-19.2442
 21
41.9486
  0
LINE
  8
0
 10
-19.2442
 20
41.9486
 11
-19.317
 21
41.9393
  0
LINE
  8
0
 10
-19.317
 20
41.9393
 11
-19.3899
 21
41.9331
  0
LINE
  8
0
 10
-19.3899
 20
41.9331
 11
-19.4632
 21
41.93
  0
LINE
  8
0
 10
-19.4632
 20
41.93
 11
-19.5364
 21
41.93
  0
LINE
  8
0
 10
-107.536
 20
41.93
 11
-107.61
 21
41.9331
  0
LINE
  8
0
 10
-107.61
 20
41.9331
 11
-107.683
 21
41.9393
  0
LINE
  8
0
 10
-107.683
 20
41.9393
 11
-107.755
 21
41.9486
  0
LINE
  8
0
 10
-107.755
 20
41.9486
 11
-107.828
 21
41.9606
  0
LINE
  8
0
 10
-107.828
 20
41.9606
 11
-107.899
 21
41.9761
  0
LINE
  8
0
 10
-107.899
 20
41.9761
 11
-107.971
 21
41.9943
  0
LINE
  8
0
 10
-107.971
 20
41.9943
 11
-108.041
 21
42.0153
  0
LINE
  8
0
 10
-108.041
 20
42.0153
 11
-108.11
 21
42.0397
  0
LINE
  8
0
 10
-108.11
 20
42.0397
 11
-108.178
 21
42.0664
  0
LINE
  8
0
 10
-108.178
 20
42.0664
 11
-108.245
 21
42.0963
  0
LINE
  8
0
 10
-108.245
 20
42.0963
 11
-108.31
 21
42.1288
  0
LINE
  8
0
 10
-108.31
 20
42.1288
 11
-108.375
 21
42.1641
  0
LINE
  8
0
 10
-108.375
 20
42.1641
 11
-108.438
 21
42.2021
  0
LINE
  8
0
 10
-108.438
 20
42.2021
 11
-108.498
 21
42.2428
  0
LINE
  8
0
 10
-108.498
 20
42.2428
 11
-108.558
 21
42.2858
  0
LINE
  8
0
 10
-108.558
 20
42.2858
 11
-108.615
 21
42.3315
  0
LINE
  8
0
 10
-108.615
 20
42.3315
 11
-108.671
 21
42.3792
  0
LINE
  8
0
 10
-108.671
 20
42.3792
 11
-108.724
 21
42.4296
  0
LINE
  8
0
 10
-108.724
 20
42.4296
 11
-108.776
 21
42.4819
  0
LINE
  8
0
 10
-108.776
 20
42.4819
 11
-108.824
 21
42.5362
  0
LINE
  8
0
 10
-108.824
 20
42.5362
 11
-108.871
 21
42.5927
  0
LINE
  8
0
 10
-108.871
 20
42.5927
 11
-108.915
 21
42.6513
  0
LINE
  8
0
 10
-108.915
 20
42.6513
 11
-108.957
 21
42.7113
  0
LINE
  8
0
 10
-108.957
 20
42.7113
 11
-108.997
 21
42.7734
  0
LINE
  8
0
 10
-108.997
 20
42.7734
 11
-109.033
 21
42.8369
  0
LINE
  8
0
 10
-109.033
 20
42.8369
 11
-109.067
 21
42.9016
  0
LINE
  8
0
 10
-109.067
 20
42.9016
 11
-109.098
 21
42.9679
  0
LINE
  8
0
 10
-109.098
 20
42.9679
 11
-109.127
 21
43.0357
  0
LINE
  8
0
 10
-109.127
 20
43.0357
 11
-109.153
 21
43.1043
  0
LINE
  8
0
 10
-109.153
 20
43.1043
 11
-109.175
 21
43.1741
  0
LINE
  8
0
 10
-109.175
 20
43.1741
 11
-109.195
 21
43.2446
  0
LINE
  8
0
 10
-109.195
 20
43.2446
 11
-109.212
 21
43.316
  0
LINE
  8
0
 10
-109.212
 20
43.316
 11
-109.225
 21
43.388
  0
LINE
  8
0
 10
-109.225
 20
43.388
 11
-109.236
 21
43.4605
  0
LINE
  8
0
 10
-109.236
 20
43.4605
 11
-109.244
 21
43.5334
  0
LINE
  8
0
 10
-109.244
 20
43.5334
 11
-109.248
 21
43.6066
  0
LINE
  8
0
 10
-109.248
 20
43.6066
 11
-109.25
 21
43.6799
  0
LINE
  8
0
 10
-109.25
 20
43.6799
 11
-109.248
 21
43.7531
  0
LINE
  8
0
 10
-109.248
 20
43.7531
 11
-109.244
 21
43.8264
  0
LINE
  8
0
 10
-109.244
 20
43.8264
 11
-109.236
 21
43.8993
  0
LINE
  8
0
 10
-109.236
 20
43.8993
 11
-109.225
 21
43.9717
  0
LINE
  8
0
 10
-109.225
 20
43.9717
 11
-109.212
 21
44.0438
  0
LINE
  8
0
 10
-109.212
 20
44.0438
 11
-109.195
 21
44.1151
  0
LINE
  8
0
 10
-109.195
 20
44.1151
 11
-109.175
 21
44.1857
  0
LINE
  8
0
 10
-109.175
 20
44.1857
 11
-109.153
 21
44.2554
  0
LINE
  8
0
 10
-109.153
 20
44.2554
 11
-109.127
 21
44.324
  0
LINE
  8
0
 10
-109.127
 20
44.324
 11
-109.098
 21
44.3915
  0
LINE
  8
0
 10
-109.098
 20
44.3915
 11
-109.067
 21
44.4578
  0
LINE
  8
0
 10
-109.067
 20
44.4578
 11
-109.033
 21
44.5229
  0
LINE
  8
0
 10
-109.033
 20
44.5229
 11
-108.997
 21
44.5864
  0
LINE
  8
0
 10
-108.997
 20
44.5864
 11
-108.957
 21
44.648
  0
LINE
  8
0
 10
-108.957
 20
44.648
 11
-108.915
 21
44.7085
  0
LINE
  8
0
 10
-108.915
 20
44.7085
 11
-108.871
 21
44.7666
  0
LINE
  8
0
 10
-108.871
 20
44.7666
 11
-108.824
 21
44.8232
  0
LINE
  8
0
 10
-108.824
 20
44.8232
 11
-108.776
 21
44.8779
  0
LINE
  8
0
 10
-108.776
 20
44.8779
 11
-108.724
 21
44.9302
  0
LINE
  8
0
 10
-108.724
 20
44.9302
 11
-108.671
 21
44.9802
  0
LINE
  8
0
 10
-108.671
 20
44.9802
 11
-108.615
 21
45.0283
  0
LINE
  8
0
 10
-108.615
 20
45.0283
 11
-108.558
 21
45.0736
  0
LINE
  8
0
 10
-108.558
 20
45.0736
 11
-108.498
 21
45.1166
  0
LINE
  8
0
 10
-108.498
 20
45.1166
 11
-108.438
 21
45.1573
  0
LINE
  8
0
 10
-108.438
 20
45.1573
 11
-108.375
 21
45.1953
  0
LINE
  8
0
 10
-108.375
 20
45.1953
 11
-108.31
 21
45.2306
  0
LINE
  8
0
 10
-108.31
 20
45.2306
 11
-108.245
 21
45.2631
  0
LINE
  8
0
 10
-108.245
 20
45.2631
 11
-108.178
 21
45.293
  0
LINE
  8
0
 10
-108.178
 20
45.293
 11
-108.11
 21
45.3201
  0
LINE
  8
0
 10
-108.11
 20
45.3201
 11
-108.041
 21
45.3441
  0
LINE
  8
0
 10
-108.041
 20
45.3441
 11
-107.971
 21
45.3654
  0
LINE
  8
0
 10
-107.971
 20
45.3654
 11
-107.899
 21
45.3837
  0
LINE
  8
0
 10
-107.899
 20
45.3837
 11
-107.828
 21
45.3988
  0
LINE
  8
0
 10
-107.828
 20
45.3988
 11
-107.755
 21
45.4112
  0
LINE
  8
0
 10
-107.755
 20
45.4112
 11
-107.683
 21
45.4201
  0
LINE
  8
0
 10
-107.683
 20
45.4201
 11
-107.61
 21
45.4263
  0
LINE
  8
0
 10
-107.61
 20
45.4263
 11
-107.536
 21
45.4294
  0
LINE
  8
0
 10
-107.536
 20
45.4294
 11
-107.463
 21
45.4294
  0
LINE
  8
0
 10
-107.463
 20
45.4294
 11
-107.39
 21
45.4263
  0
LINE
  8
0
 10
-107.39
 20
45.4263
 11
-107.317
 21
45.4201
  0
LINE
  8
0
 10
-107.317
 20
45.4201
 11
-107.244
 21
45.4112
  0
LINE
  8
0
 10
-107.244
 20
45.4112
 11
-107.172
 21
45.3988
  0
LINE
  8
0
 10
-107.172
 20
45.3988
 11
-107.1
 21
45.3837
  0
LINE
  8
0
 10
-107.1
 20
45.3837
 11
-107.029
 21
45.3654
  0
LINE
  8
0
 10
-107.029
 20
45.3654
 11
-106.959
 21
45.3441
  0
LINE
  8
0
 10
-106.959
 20
45.3441
 11
-106.89
 21
45.3201
  0
LINE
  8
0
 10
-106.89
 20
45.3201
 11
-106.822
 21
45.293
  0
LINE
  8
0
 10
-106.822
 20
45.293
 11
-106.755
 21
45.2631
  0
LINE
  8
0
 10
-106.755
 20
45.2631
 11
-106.689
 21
45.2306
  0
LINE
  8
0
 10
-106.689
 20
45.2306
 11
-106.625
 21
45.1953
  0
LINE
  8
0
 10
-106.625
 20
45.1953
 11
-106.562
 21
45.1573
  0
LINE
  8
0
 10
-106.562
 20
45.1573
 11
-106.501
 21
45.1166
  0
LINE
  8
0
 10
-106.501
 20
45.1166
 11
-106.442
 21
45.0736
  0
LINE
  8
0
 10
-106.442
 20
45.0736
 11
-106.384
 21
45.0283
  0
LINE
  8
0
 10
-106.384
 20
45.0283
 11
-106.329
 21
44.9802
  0
LINE
  8
0
 10
-106.329
 20
44.9802
 11
-106.275
 21
44.9302
  0
LINE
  8
0
 10
-106.275
 20
44.9302
 11
-106.224
 21
44.8779
  0
LINE
  8
0
 10
-106.224
 20
44.8779
 11
-106.175
 21
44.8232
  0
LINE
  8
0
 10
-106.175
 20
44.8232
 11
-106.128
 21
44.7666
  0
LINE
  8
0
 10
-106.128
 20
44.7666
 11
-106.084
 21
44.7085
  0
LINE
  8
0
 10
-106.084
 20
44.7085
 11
-106.042
 21
44.648
  0
LINE
  8
0
 10
-106.042
 20
44.648
 11
-106.003
 21
44.5864
  0
LINE
  8
0
 10
-106.003
 20
44.5864
 11
-105.966
 21
44.5229
  0
LINE
  8
0
 10
-105.966
 20
44.5229
 11
-105.932
 21
44.4578
  0
LINE
  8
0
 10
-105.932
 20
44.4578
 11
-105.901
 21
44.3915
  0
LINE
  8
0
 10
-105.901
 20
44.3915
 11
-105.873
 21
44.324
  0
LINE
  8
0
 10
-105.873
 20
44.324
 11
-105.847
 21
44.2554
  0
LINE
  8
0
 10
-105.847
 20
44.2554
 11
-105.825
 21
44.1857
  0
LINE
  8
0
 10
-105.825
 20
44.1857
 11
-105.805
 21
44.1151
  0
LINE
  8
0
 10
-105.805
 20
44.1151
 11
-105.788
 21
44.0438
  0
LINE
  8
0
 10
-105.788
 20
44.0438
 11
-105.774
 21
43.9717
  0
LINE
  8
0
 10
-105.774
 20
43.9717
 11
-105.764
 21
43.8993
  0
LINE
  8
0
 10
-105.764
 20
43.8993
 11
-105.756
 21
43.8264
  0
LINE
  8
0
 10
-105.756
 20
43.8264
 11
-105.751
 21
43.7531
  0
LINE
  8
0
 10
-105.751
 20
43.7531
 11
-105.75
 21
43.6799
  0
LINE
  8
0
 10
-105.75
 20
43.6799
 11
-105.751
 21
43.6066
  0
LINE
  8
0
 10
-105.751
 20
43.6066
 11
-105.756
 21
43.5334
  0
LINE
  8
0
 10
-105.756
 20
43.5334
 11
-105.764
 21
43.4605
  0
LINE
  8
0
 10
-105.764
 20
43.4605
 11
-105.774
 21
43.388
  0
LINE
  8
0
 10
-105.774
 20
43.388
 11
-105.788
 21
43.316
  0
LINE
  8
0
 10
-105.788
 20
43.316
 11
-105.805
 21
43.2446
  0
LINE
  8
0
 10
-105.805
 20
43.2446
 11
-105.825
 21
43.1741
  0
LINE
  8
0
 10
-105.825
 20
43.1741
 11
-105.847
 21
43.1043
  0
LINE
  8
0
 10
-105.847
 20
43.1043
 11
-105.873
 21
43.0357
  0
LINE
  8
0
 10
-105.873
 20
43.0357
 11
-105.901
 21
42.9679
  0
LINE
  8
0
 10
-105.901
 20
42.9679
 11
-105.932
 21
42.9016
  0
LINE
  8
0
 10
-105.932
 20
42.9016
 11
-105.966
 21
42.8369
  0
LINE
  8
0
 10
-105.966
 20
42.8369
 11
-106.003
 21
42.7734
  0
LINE
  8
0
 10
-106.003
 20
42.7734
 11
-106.042
 21
42.7113
  0
LINE
  8
0
 10
-106.042
 20
42.7113
 11
-106.084
 21
42.6513
  0
LINE
  8
0
 10
-106.084
 20
42.6513
 11
-106.128
 21
42.5927
  0
LINE
  8
0
 10
-106.128
 20
42.5927
 11
-106.175
 21
42.5362
  0
LINE
  8
0
 10
-106.175
 20
42.5362
 11
-106.224
 21
42.4819
  0
LINE
  8
0
 10
-106.224
 20
42.4819
 11
-106.275
 21
42.4296
  0
LINE
  8
0
 10
-106.275
 20
42.4296
 11
-106.329
 21
42.3792
  0
LINE
  8
0
 10
-106.329
 20
42.3792
 11
-106.384
 21
42.3315
  0
LINE
  8
0
 10
-106.384
 20
42.3315
 11
-106.442
 21
42.2858
  0
LINE
  8
0
 10
-106.442
 20
42.2858
 11
-106.501
 21
42.2428
  0
LINE
  8
0
 10
-106.501
 20
42.2428
 11
-106.562
 21
42.2021
  0
LINE
  8
0
 10
-106.562
 20
42.2021
 11
-106.625
 21
42.1641
  0
LINE
  8
0
 10
-106.625
 20
42.1641
 11
-106.689
 21
42.1288
  0
LINE
  8
0
 10
-106.689
 20
42.1288
 11
-106.755
 21
42.0963
  0
LINE
  8
0
 10
-106.755
 20
42.0963
 11
-106.822
 21
42.0664
  0
LINE
  8
0
 10
-106.822
 20
42.0664
 11
-106.89
 21
42.0397
  0
LINE
  8
0
 10
-106.89
 20
42.0397
 11
-106.959
 21
42.0153
  0
LINE
  8
0
 10
-106.959
 20
42.0153
 11
-107.029
 21
41.9943
  0
LINE
  8
0
 10
-107.029
 20
41.9943
 11
-107.1
 21
41.9761
  0
LINE
  8
0
 10
-107.1
 20
41.9761
 11
-107.172
 21
41.9606
  0
LINE
  8
0
 10
-107.172
 20
41.9606
 11
-107.244
 21
41.9486
  0
LINE
  8
0
 10
-107.244
 20
41.9486
 11
-107.317
 21
41.9393
  0
LINE
  8
0
 10
-107.317
 20
41.9393
 11
-107.39
 21
41.9331
  0
LINE
  8
0
 10
-107.39
 20
41.9331
 11
-107.463
 21
41.93
  0
LINE
  8
0
 10
-107.463
 20
41.93
 11
-107.536
 21
41.93
  0
LINE
  8
0
 10
19.4632
 20
41.93
 11
19.3899
 21
41.9331
  0
LINE
  8
0
 10
19.3899
 20
41.9331
 11
19.317
 21
41.9393
  0
LINE
  8
0
 10
19.317
 20
41.9393
 11
19.2442
 21
41.9486
  0
LINE
  8
0
 10
19.2442
 20
41.9486
 11
19.1721
 21
41.9606
  0
LINE
  8
0
 10
19.1721
 20
41.9606
 11
19.1004
 21
41.9761
  0
LINE
  8
0
 10
19.1004
 20
41.9761
 11
19.0291
 21
41.9943
  0
LINE
  8
0
 10
19.0291
 20
41.9943
 11
18.9589
 21
42.0153
  0
LINE
  8
0
 10
18.9589
 20
42.0153
 11
18.8899
 21
42.0397
  0
LINE
  8
0
 10
18.8899
 20
42.0397
 11
18.8217
 21
42.0664
  0
LINE
  8
0
 10
18.8217
 20
42.0664
 11
18.7547
 21
42.0963
  0
LINE
  8
0
 10
18.7547
 20
42.0963
 11
18.6892
 21
42.1288
  0
LINE
  8
0
 10
18.6892
 20
42.1288
 11
18.6248
 21
42.1641
  0
LINE
  8
0
 10
18.6248
 20
42.1641
 11
18.562
 21
42.2021
  0
LINE
  8
0
 10
18.562
 20
42.2021
 11
18.5012
 21
42.2428
  0
LINE
  8
0
 10
18.5012
 20
42.2428
 11
18.4419
 21
42.2858
  0
LINE
  8
0
 10
18.4419
 20
42.2858
 11
18.3841
 21
42.3315
  0
LINE
  8
0
 10
18.3841
 20
42.3315
 11
18.3287
 21
42.3792
  0
LINE
  8
0
 10
18.3287
 20
42.3792
 11
18.2752
 21
42.4296
  0
LINE
  8
0
 10
18.2752
 20
42.4296
 11
18.2241
 21
42.4819
  0
LINE
  8
0
 10
18.2241
 20
42.4819
 11
18.1752
 21
42.5362
  0
LINE
  8
0
 10
18.1752
 20
42.5362
 11
18.1284
 21
42.5927
  0
LINE
  8
0
 10
18.1284
 20
42.5927
 11
18.0842
 21
42.6513
  0
LINE
  8
0
 10
18.0842
 20
42.6513
 11
18.0423
 21
42.7113
  0
LINE
  8
0
 10
18.0423
 20
42.7113
 11
18.0028
 21
42.7734
  0
LINE
  8
0
 10
18.0028
 20
42.7734
 11
17.9663
 21
42.8369
  0
LINE
  8
0
 10
17.9663
 20
42.8369
 11
17.9322
 21
42.9016
  0
LINE
  8
0
 10
17.9322
 20
42.9016
 11
17.9012
 21
42.9679
  0
LINE
  8
0
 10
17.9012
 20
42.9679
 11
17.8726
 21
43.0357
  0
LINE
  8
0
 10
17.8726
 20
43.0357
 11
17.8474
 21
43.1043
  0
LINE
  8
0
 10
17.8474
 20
43.1043
 11
17.8245
 21
43.1741
  0
LINE
  8
0
 10
17.8245
 20
43.1741
 11
17.8047
 21
43.2446
  0
LINE
  8
0
 10
17.8047
 20
43.2446
 11
17.7881
 21
43.316
  0
LINE
  8
0
 10
17.7881
 20
43.316
 11
17.7745
 21
43.388
  0
LINE
  8
0
 10
17.7745
 20
43.388
 11
17.7636
 21
43.4605
  0
LINE
  8
0
 10
17.7636
 20
43.4605
 11
17.7559
 21
43.5334
  0
LINE
  8
0
 10
17.7559
 20
43.5334
 11
17.7512
 21
43.6066
  0
LINE
  8
0
 10
17.7512
 20
43.6066
 11
17.7497
 21
43.6799
  0
LINE
  8
0
 10
17.7497
 20
43.6799
 11
17.7512
 21
43.7531
  0
LINE
  8
0
 10
17.7512
 20
43.7531
 11
17.7559
 21
43.8264
  0
LINE
  8
0
 10
17.7559
 20
43.8264
 11
17.7636
 21
43.8993
  0
LINE
  8
0
 10
17.7636
 20
43.8993
 11
17.7745
 21
43.9717
  0
LINE
  8
0
 10
17.7745
 20
43.9717
 11
17.7881
 21
44.0438
  0
LINE
  8
0
 10
17.7881
 20
44.0438
 11
17.8047
 21
44.1151
  0
LINE
  8
0
 10
17.8047
 20
44.1151
 11
17.8245
 21
44.1857
  0
LINE
  8
0
 10
17.8245
 20
44.1857
 11
17.8474
 21
44.2554
  0
LINE
  8
0
 10
17.8474
 20
44.2554
 11
17.8726
 21
44.324
  0
LINE
  8
0
 10
17.8726
 20
44.324
 11
17.9012
 21
44.3915
  0
LINE
  8
0
 10
17.9012
 20
44.3915
 11
17.9322
 21
44.4578
  0
LINE
  8
0
 10
17.9322
 20
44.4578
 11
17.9663
 21
44.5229
  0
LINE
  8
0
 10
17.9663
 20
44.5229
 11
18.0028
 21
44.5864
  0
LINE
  8
0
 10
18.0028
 20
44.5864
 11
18.0423
 21
44.648
  0
LINE
  8
0
 10
18.0423
 20
44.648
 11
18.0842
 21
44.7085
  0
LINE
  8
0
 10
18.0842
 20
44.7085
 11
18.1284
 21
44.7666
  0
LINE
  8
0
 10
18.1284
 20
44.7666
 11
18.1752
 21
44.8232
  0
LINE
  8
0
 10
18.1752
 20
44.8232
 11
18.2241
 21
44.8779
  0
LINE
  8
0
 10
18.2241
 20
44.8779
 11
18.2752
 21
44.9302
  0
LINE
  8
0
 10
18.2752
 20
44.9302
 11
18.3287
 21
44.9802
  0
LINE
  8
0
 10
18.3287
 20
44.9802
 11
18.3841
 21
45.0283
  0
LINE
  8
0
 10
18.3841
 20
45.0283
 11
18.4419
 21
45.0736
  0
LINE
  8
0
 10
18.4419
 20
45.0736
 11
18.5012
 21
45.1166
  0
LINE
  8
0
 10
18.5012
 20
45.1166
 11
18.562
 21
45.1573
  0
LINE
  8
0
 10
18.562
 20
45.1573
 11
18.6248
 21
45.1953
  0
LINE
  8
0
 10
18.6248
 20
45.1953
 11
18.6892
 21
45.2306
  0
LINE
  8
0
 10
18.6892
 20
45.2306
 11
18.7547
 21
45.2631
  0
LINE
  8
0
 10
18.7547
 20
45.2631
 11
18.8217
 21
45.293
  0
LINE
  8
0
 10
18.8217
 20
45.293
 11
18.8899
 21
45.3201
  0
LINE
  8
0
 10
18.8899
 20
45.3201
 11
18.9589
 21
45.3441
  0
LINE
  8
0
 10
18.9589
 20
45.3441
 11
19.0291
 21
45.3654
  0
LINE
  8
0
 10
19.0291
 20
45.3654
 11
19.1004
 21
45.3837
  0
LINE
  8
0
 10
19.1004
 20
45.3837
 11
19.1721
 21
45.3988
  0
LINE
  8
0
 10
19.1721
 20
45.3988
 11
19.2442
 21
45.4112
  0
LINE
  8
0
 10
19.2442
 20
45.4112
 11
19.317
 21
45.4201
  0
LINE
  8
0
 10
19.317
 20
45.4201
 11
19.3899
 21
45.4263
  0
LINE
  8
0
 10
19.3899
 20
45.4263
 11
19.4632
 21
45.4294
  0
LINE
  8
0
 10
19.4632
 20
45.4294
 11
19.5364
 21
45.4294
  0
LINE
  8
0
 10
19.5364
 20
45.4294
 11
19.6097
 21
45.4263
  0
LINE
  8
0
 10
19.6097
 20
45.4263
 11
19.6829
 21
45.4201
  0
LINE
  8
0
 10
19.6829
 20
45.4201
 11
19.7554
 21
45.4112
  0
LINE
  8
0
 10
19.7554
 20
45.4112
 11
19.8279
 21
45.3988
  0
LINE
  8
0
 10
19.8279
 20
45.3988
 11
19.8996
 21
45.3837
  0
LINE
  8
0
 10
19.8996
 20
45.3837
 11
19.9705
 21
45.3654
  0
LINE
  8
0
 10
19.9705
 20
45.3654
 11
20.0406
 21
45.3441
  0
LINE
  8
0
 10
20.0406
 20
45.3441
 11
20.11
 21
45.3201
  0
LINE
  8
0
 10
20.11
 20
45.3201
 11
20.1778
 21
45.293
  0
LINE
  8
0
 10
20.1778
 20
45.293
 11
20.2449
 21
45.2631
  0
LINE
  8
0
 10
20.2449
 20
45.2631
 11
20.3108
 21
45.2306
  0
LINE
  8
0
 10
20.3108
 20
45.2306
 11
20.3747
 21
45.1953
  0
LINE
  8
0
 10
20.3747
 20
45.1953
 11
20.4375
 21
45.1573
  0
LINE
  8
0
 10
20.4375
 20
45.1573
 11
20.4987
 21
45.1166
  0
LINE
  8
0
 10
20.4987
 20
45.1166
 11
20.558
 21
45.0736
  0
LINE
  8
0
 10
20.558
 20
45.0736
 11
20.6154
 21
45.0283
  0
LINE
  8
0
 10
20.6154
 20
45.0283
 11
20.6708
 21
44.9802
  0
LINE
  8
0
 10
20.6708
 20
44.9802
 11
20.7243
 21
44.9302
  0
LINE
  8
0
 10
20.7243
 20
44.9302
 11
20.7755
 21
44.8779
  0
LINE
  8
0
 10
20.7755
 20
44.8779
 11
20.8247
 21
44.8232
  0
LINE
  8
0
 10
20.8247
 20
44.8232
 11
20.8712
 21
44.7666
  0
LINE
  8
0
 10
20.8712
 20
44.7666
 11
20.9158
 21
44.7085
  0
LINE
  8
0
 10
20.9158
 20
44.7085
 11
20.9576
 21
44.648
  0
LINE
  8
0
 10
20.9576
 20
44.648
 11
20.9968
 21
44.5864
  0
LINE
  8
0
 10
20.9968
 20
44.5864
 11
21.0332
 21
44.5229
  0
LINE
  8
0
 10
21.0332
 20
44.5229
 11
21.0673
 21
44.4578
  0
LINE
  8
0
 10
21.0673
 20
44.4578
 11
21.0987
 21
44.3915
  0
LINE
  8
0
 10
21.0987
 20
44.3915
 11
21.127
 21
44.324
  0
LINE
  8
0
 10
21.127
 20
44.324
 11
21.1526
 21
44.2554
  0
LINE
  8
0
 10
21.1526
 20
44.2554
 11
21.1751
 21
44.1857
  0
LINE
  8
0
 10
21.1751
 20
44.1857
 11
21.1948
 21
44.1151
  0
LINE
  8
0
 10
21.1948
 20
44.1151
 11
21.2115
 21
44.0438
  0
LINE
  8
0
 10
21.2115
 20
44.0438
 11
21.2254
 21
43.9717
  0
LINE
  8
0
 10
21.2254
 20
43.9717
 11
21.2359
 21
43.8993
  0
LINE
  8
0
 10
21.2359
 20
43.8993
 11
21.2437
 21
43.8264
  0
LINE
  8
0
 10
21.2437
 20
43.8264
 11
21.2483
 21
43.7531
  0
LINE
  8
0
 10
21.2483
 20
43.7531
 11
21.2499
 21
43.6799
  0
LINE
  8
0
 10
21.2499
 20
43.6799
 11
21.2483
 21
43.6066
  0
LINE
  8
0
 10
21.2483
 20
43.6066
 11
21.2437
 21
43.5334
  0
LINE
  8
0
 10
21.2437
 20
43.5334
 11
21.2359
 21
43.4605
  0
LINE
  8
0
 10
21.2359
 20
43.4605
 11
21.2254
 21
43.388
  0
LINE
  8
0
 10
21.2254
 20
43.388
 11
21.2115
 21
43.316
  0
LINE
  8
0
 10
21.2115
 20
43.316
 11
21.1948
 21
43.2446
  0
LINE
  8
0
 10
21.1948
 20
43.2446
 11
21.1751
 21
43.1741
  0
LINE
  8
0
 10
21.1751
 20
43.1741
 11
21.1526
 21
43.1043
  0
LINE
  8
0
 10
21.1526
 20
43.1043
 11
21.127
 21
43.0357
  0
LINE
  8
0
 10
21.127
 20
43.0357
 11
21.0987
 21
42.9679
  0
LINE
  8
0
 10
21.0987
 20
42.9679
 11
21.0673
 21
42.9016
  0
LINE
  8
0
 10
21.0673
 20
42.9016
 11
21.0332
 21
42.8369
  0
LINE
  8
0
 10
21.0332
 20
42.8369
 11
20.9968
 21
42.7734
  0
LINE
  8
0
 10
20.9968
 20
42.7734
 11
20.9576
 21
42.7113
  0
LINE
  8
0
 10
20.9576
 20
42.7113
 11
20.9158
 21
42.6513
  0
LINE
  8
0
 10
20.9158
 20
42.6513
 11
20.8712
 21
42.5927
  0
LINE
  8
0
 10
20.8712
 20
42.5927
 11
20.8247
 21
42.5362
  0
LINE
  8
0
 10
20.8247
 20
42.5362
 11
20.7755
 21
42.4819
  0
LINE
  8
0
 10
20.7755
 20
42.4819
 11
20.7243
 21
42.4296
  0
LINE
  8
0
 10
20.7243
 20
42.4296
 11
20.6708
 21
42.3792
  0
LINE
  8
0
 10
20.6708
 20
42.3792
 11
20.6154
 21
42.3315
  0
LINE
  8
0
 10
20.6154
 20
42.3315
 11
20.558
 21
42.2858
  0
LINE
  8
0
 10
20.558
 20
42.2858
 11
20.4987
 21
42.2428
  0
LINE
  8
0
 10
20.4987
 20
42.2428
 11
20.4375
 21
42.2021
  0
LINE
  8
0
 10
20.4375
 20
42.2021
 11
20.3747
 21
42.1641
  0
LINE
  8
0
 10
20.3747
 20
42.1641
 11
20.3108
 21
42.1288
  0
LINE
  8
0
 10
20.3108
 20
42.1288
 11
20.2449
 21
42.0963
  0
LINE
  8
0
 10
20.2449
 20
42.0963
 11
20.1778
 21
42.0664
  0
LINE
  8
0
 10
20.1778
 20
42.0664
 11
20.11
 21
42.0397
  0
LINE
  8
0
 10
20.11
 20
42.0397
 11
20.0406
 21
42.0153
  0
LINE
  8
0
 10
20.0406
 20
42.0153
 11
19.9705
 21
41.9943
  0
LINE
  8
0
 10
19.9705
 20
41.9943
 11
19.8996
 21
41.9761
  0
LINE
  8
0
 10
19.8996
 20
41.9761
 11
19.8279
 21
41.9606
  0
LINE
  8
0
 10
19.8279
 20
41.9606
 11
19.7554
 21
41.9486
  0
LINE
  8
0
 10
19.7554
 20
41.9486
 11
19.6829
 21
41.9393
  0
LINE
  8
0
 10
19.6829
 20
41.9393
 11
19.6097
 21
41.9331
  0
LINE
  8
0
 10
19.6097
 20
41.9331
 11
19.5364
 21
41.93
  0
LINE
  8
0
 10
19.5364
 20
41.93
 11
19.4632
 21
41.93
  0
LINE
  8
0
 10
148.739
 20
27.9247
 11
148.653
 21
27.9301
  0
LINE
  8
0
 10
148.653
 20
27.9301
 11
148.568
 21
27.939
  0
LINE
  8
0
 10
148.568
 20
27.939
 11
148.483
 21
27.9514
  0
LINE
  8
0
 10
148.483
 20
27.9514
 11
148.399
 21
27.9677
  0
LINE
  8
0
 10
148.399
 20
27.9677
 11
148.315
 21
27.9871
  0
LINE
  8
0
 10
148.315
 20
27.9871
 11
148.232
 21
28.0103
  0
LINE
  8
0
 10
148.232
 20
28.0103
 11
148.151
 21
28.037
  0
LINE
  8
0
 10
148.151
 20
28.037
 11
148.07
 21
28.0669
  0
LINE
  8
0
 10
148.07
 20
28.0669
 11
147.991
 21
28.1002
  0
LINE
  8
0
 10
147.991
 20
28.1002
 11
147.913
 21
28.1367
  0
LINE
  8
0
 10
147.913
 20
28.1367
 11
147.837
 21
28.1766
  0
LINE
  8
0
 10
147.837
 20
28.1766
 11
147.763
 21
28.2192
  0
LINE
  8
0
 10
147.763
 20
28.2192
 11
147.691
 21
28.2653
  0
LINE
  8
0
 10
147.691
 20
28.2653
 11
147.62
 21
28.3142
  0
LINE
  8
0
 10
147.62
 20
28.3142
 11
147.551
 21
28.3661
  0
LINE
  8
0
 10
147.551
 20
28.3661
 11
147.486
 21
28.4211
  0
LINE
  8
0
 10
147.486
 20
28.4211
 11
147.422
 21
28.4785
  0
LINE
  8
0
 10
147.422
 20
28.4785
 11
147.36
 21
28.5386
  0
LINE
  8
0
 10
147.36
 20
28.5386
 11
147.301
 21
28.601
  0
LINE
  8
0
 10
147.301
 20
28.601
 11
147.245
 21
28.6661
  0
LINE
  8
0
 10
147.245
 20
28.6661
 11
147.192
 21
28.7335
  0
LINE
  8
0
 10
147.192
 20
28.7335
 11
147.141
 21
28.8029
  0
LINE
  8
0
 10
147.141
 20
28.8029
 11
147.094
 21
28.8742
  0
LINE
  8
0
 10
147.094
 20
28.8742
 11
147.05
 21
28.9478
  0
LINE
  8
0
 10
147.05
 20
28.9478
 11
147.008
 21
29.023
  0
LINE
  8
0
 10
147.008
 20
29.023
 11
146.97
 21
29.1002
  0
LINE
  8
0
 10
146.97
 20
29.1002
 11
146.935
 21
29.1785
  0
LINE
  8
0
 10
146.935
 20
29.1785
 11
146.903
 21
29.2583
  0
LINE
  8
0
 10
146.903
 20
29.2583
 11
146.875
 21
29.3393
  0
LINE
  8
0
 10
146.875
 20
29.3393
 11
146.85
 21
29.4215
  0
LINE
  8
0
 10
146.85
 20
29.4215
 11
146.829
 21
29.5048
  0
LINE
  8
0
 10
146.829
 20
29.5048
 11
146.811
 21
29.5889
  0
LINE
  8
0
 10
146.811
 20
29.5889
 11
146.797
 21
29.6734
  0
LINE
  8
0
 10
146.797
 20
29.6734
 11
146.786
 21
29.7586
  0
LINE
  8
0
 10
146.786
 20
29.7586
 11
146.779
 21
29.8443
  0
LINE
  8
0
 10
146.779
 20
29.8443
 11
146.776
 21
29.93
  0
LINE
  8
0
 10
146.776
 20
29.93
 11
146.776
 21
30.0156
  0
LINE
  8
0
 10
146.776
 20
30.0156
 11
146.779
 21
30.1017
  0
LINE
  8
0
 10
146.779
 20
30.1017
 11
146.786
 21
30.1869
  0
LINE
  8
0
 10
146.786
 20
30.1869
 11
146.797
 21
30.2722
  0
LINE
  8
0
 10
146.797
 20
30.2722
 11
146.811
 21
30.3571
  0
LINE
  8
0
 10
146.811
 20
30.3571
 11
146.829
 21
30.4408
  0
LINE
  8
0
 10
146.829
 20
30.4408
 11
146.85
 21
30.5241
  0
LINE
  8
0
 10
146.85
 20
30.5241
 11
146.875
 21
30.6063
  0
LINE
  8
0
 10
146.875
 20
30.6063
 11
146.903
 21
30.6873
  0
LINE
  8
0
 10
146.903
 20
30.6873
 11
146.935
 21
30.7671
  0
LINE
  8
0
 10
146.935
 20
30.7671
 11
146.97
 21
30.8458
  0
LINE
  8
0
 10
146.97
 20
30.8458
 11
147.008
 21
30.9225
  0
LINE
  8
0
 10
147.008
 20
30.9225
 11
147.05
 21
30.9977
  0
LINE
  8
0
 10
147.05
 20
30.9977
 11
147.094
 21
31.0714
  0
LINE
  8
0
 10
147.094
 20
31.0714
 11
147.141
 21
31.1427
  0
LINE
  8
0
 10
147.141
 20
31.1427
 11
147.192
 21
31.212
  0
LINE
  8
0
 10
147.192
 20
31.212
 11
147.245
 21
31.2795
  0
LINE
  8
0
 10
147.245
 20
31.2795
 11
147.301
 21
31.3446
  0
LINE
  8
0
 10
147.301
 20
31.3446
 11
147.36
 21
31.407
  0
LINE
  8
0
 10
147.36
 20
31.407
 11
147.422
 21
31.4671
  0
LINE
  8
0
 10
147.422
 20
31.4671
 11
147.486
 21
31.5248
  0
LINE
  8
0
 10
147.486
 20
31.5248
 11
147.551
 21
31.5795
  0
LINE
  8
0
 10
147.551
 20
31.5795
 11
147.62
 21
31.6314
  0
LINE
  8
0
 10
147.62
 20
31.6314
 11
147.691
 21
31.6802
  0
LINE
  8
0
 10
147.691
 20
31.6802
 11
147.763
 21
31.7264
  0
LINE
  8
0
 10
147.763
 20
31.7264
 11
147.837
 21
31.7694
  0
LINE
  8
0
 10
147.837
 20
31.7694
 11
147.913
 21
31.8089
  0
LINE
  8
0
 10
147.913
 20
31.8089
 11
147.991
 21
31.8457
  0
LINE
  8
0
 10
147.991
 20
31.8457
 11
148.07
 21
31.8787
  0
LINE
  8
0
 10
148.07
 20
31.8787
 11
148.151
 21
31.9089
  0
LINE
  8
0
 10
148.151
 20
31.9089
 11
148.232
 21
31.9353
  0
LINE
  8
0
 10
148.232
 20
31.9353
 11
148.315
 21
31.9585
  0
LINE
  8
0
 10
148.315
 20
31.9585
 11
148.399
 21
31.9779
  0
LINE
  8
0
 10
148.399
 20
31.9779
 11
148.483
 21
31.9942
  0
LINE
  8
0
 10
148.483
 20
31.9942
 11
148.568
 21
32.0066
  0
LINE
  8
0
 10
148.568
 20
32.0066
 11
148.653
 21
32.0155
  0
LINE
  8
0
 10
148.653
 20
32.0155
 11
148.739
 21
32.0209
  0
LINE
  8
0
 10
148.739
 20
32.0209
 11
148.825
 21
32.0229
  0
LINE
  8
0
 10
148.825
 20
32.0229
 11
148.911
 21
32.0209
  0
LINE
  8
0
 10
148.911
 20
32.0209
 11
148.996
 21
32.0155
  0
LINE
  8
0
 10
148.996
 20
32.0155
 11
149.082
 21
32.0066
  0
LINE
  8
0
 10
149.082
 20
32.0066
 11
149.167
 21
31.9942
  0
LINE
  8
0
 10
149.167
 20
31.9942
 11
149.251
 21
31.9779
  0
LINE
  8
0
 10
149.251
 20
31.9779
 11
149.335
 21
31.9585
  0
LINE
  8
0
 10
149.335
 20
31.9585
 11
149.417
 21
31.9353
  0
LINE
  8
0
 10
149.417
 20
31.9353
 11
149.499
 21
31.9089
  0
LINE
  8
0
 10
149.499
 20
31.9089
 11
149.58
 21
31.8787
  0
LINE
  8
0
 10
149.58
 20
31.8787
 11
149.659
 21
31.8457
  0
LINE
  8
0
 10
149.659
 20
31.8457
 11
149.737
 21
31.8089
  0
LINE
  8
0
 10
149.737
 20
31.8089
 11
149.813
 21
31.7694
  0
LINE
  8
0
 10
149.813
 20
31.7694
 11
149.887
 21
31.7264
  0
LINE
  8
0
 10
149.887
 20
31.7264
 11
149.959
 21
31.6802
  0
LINE
  8
0
 10
149.959
 20
31.6802
 11
150.03
 21
31.6314
  0
LINE
  8
0
 10
150.03
 20
31.6314
 11
150.098
 21
31.5795
  0
LINE
  8
0
 10
150.098
 20
31.5795
 11
150.164
 21
31.5248
  0
LINE
  8
0
 10
150.164
 20
31.5248
 11
150.228
 21
31.4671
  0
LINE
  8
0
 10
150.228
 20
31.4671
 11
150.29
 21
31.407
  0
LINE
  8
0
 10
150.29
 20
31.407
 11
150.348
 21
31.3446
  0
LINE
  8
0
 10
150.348
 20
31.3446
 11
150.404
 21
31.2795
  0
LINE
  8
0
 10
150.404
 20
31.2795
 11
150.458
 21
31.212
  0
LINE
  8
0
 10
150.458
 20
31.212
 11
150.508
 21
31.1427
  0
LINE
  8
0
 10
150.508
 20
31.1427
 11
150.556
 21
31.0714
  0
LINE
  8
0
 10
150.556
 20
31.0714
 11
150.6
 21
30.9977
  0
LINE
  8
0
 10
150.6
 20
30.9977
 11
150.642
 21
30.9225
  0
LINE
  8
0
 10
150.642
 20
30.9225
 11
150.68
 21
30.8458
  0
LINE
  8
0
 10
150.68
 20
30.8458
 11
150.715
 21
30.7671
  0
LINE
  8
0
 10
150.715
 20
30.7671
 11
150.746
 21
30.6873
  0
LINE
  8
0
 10
150.746
 20
30.6873
 11
150.775
 21
30.6063
  0
LINE
  8
0
 10
150.775
 20
30.6063
 11
150.799
 21
30.5241
  0
LINE
  8
0
 10
150.799
 20
30.5241
 11
150.821
 21
30.4408
  0
LINE
  8
0
 10
150.821
 20
30.4408
 11
150.838
 21
30.3571
  0
LINE
  8
0
 10
150.838
 20
30.3571
 11
150.853
 21
30.2722
  0
LINE
  8
0
 10
150.853
 20
30.2722
 11
150.864
 21
30.1869
  0
LINE
  8
0
 10
150.864
 20
30.1869
 11
150.871
 21
30.1017
  0
LINE
  8
0
 10
150.871
 20
30.1017
 11
150.875
 21
30.0156
  0
LINE
  8
0
 10
150.875
 20
30.0156
 11
150.875
 21
29.93
  0
LINE
  8
0
 10
150.875
 20
29.93
 11
150.871
 21
29.8443
  0
LINE
  8
0
 10
150.871
 20
29.8443
 11
150.864
 21
29.7586
  0
LINE
  8
0
 10
150.864
 20
29.7586
 11
150.853
 21
29.6734
  0
LINE
  8
0
 10
150.853
 20
29.6734
 11
150.838
 21
29.5889
  0
LINE
  8
0
 10
150.838
 20
29.5889
 11
150.821
 21
29.5048
  0
LINE
  8
0
 10
150.821
 20
29.5048
 11
150.799
 21
29.4215
  0
LINE
  8
0
 10
150.799
 20
29.4215
 11
150.775
 21
29.3393
  0
LINE
  8
0
 10
150.775
 20
29.3393
 11
150.746
 21
29.2583
  0
LINE
  8
0
 10
150.746
 20
29.2583
 11
150.715
 21
29.1785
  0
LINE
  8
0
 10
150.715
 20
29.1785
 11
150.68
 21
29.1002
  0
LINE
  8
0
 10
150.68
 20
29.1002
 11
150.642
 21
29.023
  0
LINE
  8
0
 10
150.642
 20
29.023
 11
150.6
 21
28.9478
  0
LINE
  8
0
 10
150.6
 20
28.9478
 11
150.556
 21
28.8742
  0
LINE
  8
0
 10
150.556
 20
28.8742
 11
150.508
 21
28.8029
  0
LINE
  8
0
 10
150.508
 20
28.8029
 11
150.458
 21
28.7335
  0
LINE
  8
0
 10
150.458
 20
28.7335
 11
150.404
 21
28.6661
  0
LINE
  8
0
 10
150.404
 20
28.6661
 11
150.348
 21
28.601
  0
LINE
  8
0
 10
150.348
 20
28.601
 11
150.29
 21
28.5386
  0
LINE
  8
0
 10
150.29
 20
28.5386
 11
150.228
 21
28.4785
  0
LINE
  8
0
 10
150.228
 20
28.4785
 11
150.164
 21
28.4211
  0
LINE
  8
0
 10
150.164
 20
28.4211
 11
150.098
 21
28.3661
  0
LINE
  8
0
 10
150.098
 20
28.3661
 11
150.03
 21
28.3142
  0
LINE
  8
0
 10
150.03
 20
28.3142
 11
149.959
 21
28.2653
  0
LINE
  8
0
 10
149.959
 20
28.2653
 11
149.887
 21
28.2192
  0
LINE
  8
0
 10
149.887
 20
28.2192
 11
149.813
 21
28.1766
  0
LINE
  8
0
 10
149.813
 20
28.1766
 11
149.737
 21
28.1367
  0
LINE
  8
0
 10
149.737
 20
28.1367
 11
149.659
 21
28.1002
  0
LINE
  8
0
 10
149.659
 20
28.1002
 11
149.58
 21
28.0669
  0
LINE
  8
0
 10
149.58
 20
28.0669
 11
149.499
 21
28.037
  0
LINE
  8
0
 10
149.499
 20
28.037
 11
149.417
 21
28.0103
  0
LINE
  8
0
 10
149.417
 20
28.0103
 11
149.335
 21
27.9871
  0
LINE
  8
0
 10
149.335
 20
27.9871
 11
149.251
 21
27.9677
  0
LINE
  8
0
 10
149.251
 20
27.9677
 11
149.167
 21
27.9514
  0
LINE
  8
0
 10
149.167
 20
27.9514
 11
149.082
 21
27.939
  0
LINE
  8
0
 10
149.082
 20
27.939
 11
148.996
 21
27.9301
  0
LINE
  8
0
 10
148.996
 20
27.9301
 11
148.911
 21
27.9247
  0
LINE
  8
0
 10
148.911
 20
27.9247
 11
148.825
 21
27.9227
  0
LINE
  8
0
 10
148.825
 20
27.9227
 11
148.739
 21
27.9247
  0
LINE
  8
0
 10
148.739
 20
11.9245
 11
148.653
 21
11.9299
  0
LINE
  8
0
 10
148.653
 20
11.9299
 11
148.568
 21
11.9388
  0
LINE
  8
0
 10
148.568
 20
11.9388
 11
148.483
 21
11.9516
  0
LINE
  8
0
 10
148.483
 20
11.9516
 11
148.399
 21
11.9675
  0
LINE
  8
0
 10
148.399
 20
11.9675
 11
148.315
 21
11.9873
  0
LINE
  8
0
 10
148.315
 20
11.9873
 11
148.232
 21
12.0101
  0
LINE
  8
0
 10
148.232
 20
12.0101
 11
148.151
 21
12.0369
  0
LINE
  8
0
 10
148.151
 20
12.0369
 11
148.07
 21
12.0667
  0
LINE
  8
0
 10
148.07
 20
12.0667
 11
147.991
 21
12.1
  0
LINE
  8
0
 10
147.991
 20
12.1
 11
147.913
 21
12.1365
  0
LINE
  8
0
 10
147.913
 20
12.1365
 11
147.837
 21
12.1764
  0
LINE
  8
0
 10
147.837
 20
12.1764
 11
147.763
 21
12.2194
  0
LINE
  8
0
 10
147.763
 20
12.2194
 11
147.691
 21
12.2651
  0
LINE
  8
0
 10
147.691
 20
12.2651
 11
147.62
 21
12.3144
  0
LINE
  8
0
 10
147.62
 20
12.3144
 11
147.551
 21
12.3663
  0
LINE
  8
0
 10
147.551
 20
12.3663
 11
147.486
 21
12.4209
  0
LINE
  8
0
 10
147.486
 20
12.4209
 11
147.422
 21
12.4783
  0
LINE
  8
0
 10
147.422
 20
12.4783
 11
147.36
 21
12.5384
  0
LINE
  8
0
 10
147.36
 20
12.5384
 11
147.301
 21
12.6012
  0
LINE
  8
0
 10
147.301
 20
12.6012
 11
147.245
 21
12.6659
  0
LINE
  8
0
 10
147.245
 20
12.6659
 11
147.192
 21
12.7333
  0
LINE
  8
0
 10
147.192
 20
12.7333
 11
147.141
 21
12.8027
  0
LINE
  8
0
 10
147.141
 20
12.8027
 11
147.094
 21
12.8744
  0
LINE
  8
0
 10
147.094
 20
12.8744
 11
147.05
 21
12.9477
  0
LINE
  8
0
 10
147.05
 20
12.9477
 11
147.008
 21
13.0232
  0
LINE
  8
0
 10
147.008
 20
13.0232
 11
146.97
 21
13.1
  0
LINE
  8
0
 10
146.97
 20
13.1
 11
146.935
 21
13.1783
  0
LINE
  8
0
 10
146.935
 20
13.1783
 11
146.903
 21
13.2581
  0
LINE
  8
0
 10
146.903
 20
13.2581
 11
146.875
 21
13.3395
  0
LINE
  8
0
 10
146.875
 20
13.3395
 11
146.85
 21
13.4217
  0
LINE
  8
0
 10
146.85
 20
13.4217
 11
146.829
 21
13.5046
  0
LINE
  8
0
 10
146.829
 20
13.5046
 11
146.811
 21
13.5887
  0
LINE
  8
0
 10
146.811
 20
13.5887
 11
146.797
 21
13.6732
  0
LINE
  8
0
 10
146.797
 20
13.6732
 11
146.786
 21
13.7585
  0
LINE
  8
0
 10
146.786
 20
13.7585
 11
146.779
 21
13.8441
  0
LINE
  8
0
 10
146.779
 20
13.8441
 11
146.776
 21
13.9298
  0
LINE
  8
0
 10
146.776
 20
13.9298
 11
146.776
 21
14.0158
  0
LINE
  8
0
 10
146.776
 20
14.0158
 11
146.779
 21
14.1015
  0
LINE
  8
0
 10
146.779
 20
14.1015
 11
146.786
 21
14.1871
  0
LINE
  8
0
 10
146.786
 20
14.1871
 11
146.797
 21
14.2724
  0
LINE
  8
0
 10
146.797
 20
14.2724
 11
146.811
 21
14.3569
  0
LINE
  8
0
 10
146.811
 20
14.3569
 11
146.829
 21
14.441
  0
LINE
  8
0
 10
146.829
 20
14.441
 11
146.85
 21
14.5239
  0
LINE
  8
0
 10
146.85
 20
14.5239
 11
146.875
 21
14.6065
  0
LINE
  8
0
 10
146.875
 20
14.6065
 11
146.903
 21
14.6875
  0
LINE
  8
0
 10
146.903
 20
14.6875
 11
146.935
 21
14.7673
  0
LINE
  8
0
 10
146.935
 20
14.7673
 11
146.97
 21
14.8456
  0
LINE
  8
0
 10
146.97
 20
14.8456
 11
147.008
 21
14.9227
  0
LINE
  8
0
 10
147.008
 20
14.9227
 11
147.05
 21
14.9979
  0
LINE
  8
0
 10
147.05
 20
14.9979
 11
147.094
 21
15.0712
  0
LINE
  8
0
 10
147.094
 20
15.0712
 11
147.141
 21
15.1429
  0
LINE
  8
0
 10
147.141
 20
15.1429
 11
147.192
 21
15.2122
  0
LINE
  8
0
 10
147.192
 20
15.2122
 11
147.245
 21
15.2797
  0
LINE
  8
0
 10
147.245
 20
15.2797
 11
147.301
 21
15.3444
  0
LINE
  8
0
 10
147.301
 20
15.3444
 11
147.36
 21
15.4072
  0
LINE
  8
0
 10
147.36
 20
15.4072
 11
147.422
 21
15.4673
  0
LINE
  8
0
 10
147.422
 20
15.4673
 11
147.486
 21
15.5246
  0
LINE
  8
0
 10
147.486
 20
15.5246
 11
147.551
 21
15.5793
  0
LINE
  8
0
 10
147.551
 20
15.5793
 11
147.62
 21
15.6312
  0
LINE
  8
0
 10
147.62
 20
15.6312
 11
147.691
 21
15.6804
  0
LINE
  8
0
 10
147.691
 20
15.6804
 11
147.763
 21
15.7262
  0
LINE
  8
0
 10
147.763
 20
15.7262
 11
147.837
 21
15.7692
  0
LINE
  8
0
 10
147.837
 20
15.7692
 11
147.913
 21
15.8091
  0
LINE
  8
0
 10
147.913
 20
15.8091
 11
147.991
 21
15.8455
  0
LINE
  8
0
 10
147.991
 20
15.8455
 11
148.07
 21
15.8789
  0
LINE
  8
0
 10
148.07
 20
15.8789
 11
148.151
 21
15.9087
  0
LINE
  8
0
 10
148.151
 20
15.9087
 11
148.232
 21
15.9355
  0
LINE
  8
0
 10
148.232
 20
15.9355
 11
148.315
 21
15.9583
  0
LINE
  8
0
 10
148.315
 20
15.9583
 11
148.399
 21
15.9781
  0
LINE
  8
0
 10
148.399
 20
15.9781
 11
148.483
 21
15.994
  0
LINE
  8
0
 10
148.483
 20
15.994
 11
148.568
 21
16.0068
  0
LINE
  8
0
 10
148.568
 20
16.0068
 11
148.653
 21
16.0157
  0
LINE
  8
0
 10
148.653
 20
16.0157
 11
148.739
 21
16.0211
  0
LINE
  8
0
 10
148.739
 20
16.0211
 11
148.825
 21
16.0227
  0
LINE
  8
0
 10
148.825
 20
16.0227
 11
148.911
 21
16.0211
  0
LINE
  8
0
 10
148.911
 20
16.0211
 11
148.996
 21
16.0157
  0
LINE
  8
0
 10
148.996
 20
16.0157
 11
149.082
 21
16.0068
  0
LINE
  8
0
 10
149.082
 20
16.0068
 11
149.167
 21
15.994
  0
LINE
  8
0
 10
149.167
 20
15.994
 11
149.251
 21
15.9781
  0
LINE
  8
0
 10
149.251
 20
15.9781
 11
149.335
 21
15.9583
  0
LINE
  8
0
 10
149.335
 20
15.9583
 11
149.417
 21
15.9355
  0
LINE
  8
0
 10
149.417
 20
15.9355
 11
149.499
 21
15.9087
  0
LINE
  8
0
 10
149.499
 20
15.9087
 11
149.58
 21
15.8789
  0
LINE
  8
0
 10
149.58
 20
15.8789
 11
149.659
 21
15.8455
  0
LINE
  8
0
 10
149.659
 20
15.8455
 11
149.737
 21
15.8091
  0
LINE
  8
0
 10
149.737
 20
15.8091
 11
149.813
 21
15.7692
  0
LINE
  8
0
 10
149.813
 20
15.7692
 11
149.887
 21
15.7262
  0
LINE
  8
0
 10
149.887
 20
15.7262
 11
149.959
 21
15.6804
  0
LINE
  8
0
 10
149.959
 20
15.6804
 11
150.03
 21
15.6312
  0
LINE
  8
0
 10
150.03
 20
15.6312
 11
150.098
 21
15.5793
  0
LINE
  8
0
 10
150.098
 20
15.5793
 11
150.164
 21
15.5246
  0
LINE
  8
0
 10
150.164
 20
15.5246
 11
150.228
 21
15.4673
  0
LINE
  8
0
 10
150.228
 20
15.4673
 11
150.29
 21
15.4072
  0
LINE
  8
0
 10
150.29
 20
15.4072
 11
150.348
 21
15.3444
  0
LINE
  8
0
 10
150.348
 20
15.3444
 11
150.404
 21
15.2797
  0
LINE
  8
0
 10
150.404
 20
15.2797
 11
150.458
 21
15.2122
  0
LINE
  8
0
 10
150.458
 20
15.2122
 11
150.508
 21
15.1429
  0
LINE
  8
0
 10
150.508
 20
15.1429
 11
150.556
 21
15.0712
  0
LINE
  8
0
 10
150.556
 20
15.0712
 11
150.6
 21
14.9979
  0
LINE
  8
0
 10
150.6
 20
14.9979
 11
150.642
 21
14.9227
  0
LINE
  8
0
 10
150.642
 20
14.9227
 11
150.68
 21
14.8456
  0
LINE
  8
0
 10
150.68
 20
14.8456
 11
150.715
 21
14.7673
  0
LINE
  8
0
 10
150.715
 20
14.7673
 11
150.746
 21
14.6875
  0
LINE
  8
0
 10
150.746
 20
14.6875
 11
150.775
 21
14.6065
  0
LINE
  8
0
 10
150.775
 20
14.6065
 11
150.799
 21
14.5239
  0
LINE
  8
0
 10
150.799
 20
14.5239
 11
150.821
 21
14.441
  0
LINE
  8
0
 10
150.821
 20
14.441
 11
150.838
 21
14.3569
  0
LINE
  8
0
 10
150.838
 20
14.3569
 11
150.853
 21
14.2724
  0
LINE
  8
0
 10
150.853
 20
14.2724
 11
150.864
 21
14.1871
  0
LINE
  8
0
 10
150.864
 20
14.1871
 11
150.871
 21
14.1015
  0
LINE
  8
0
 10
150.871
 20
14.1015
 11
150.875
 21
14.0158
  0
LINE
  8
0
 10
150.875
 20
14.0158
 11
150.875
 21
13.9298
  0
LINE
  8
0
 10
150.875
 20
13.9298
 11
150.871
 21
13.8441
  0
LINE
  8
0
 10
150.871
 20
13.8441
 11
150.864
 21
13.7585
  0
LINE
  8
0
 10
150.864
 20
13.7585
 11
150.853
 21
13.6732
  0
LINE
  8
0
 10
150.853
 20
13.6732
 11
150.838
 21
13.5887
  0
LINE
  8
0
 10
150.838
 20
13.5887
 11
150.821
 21
13.5046
  0
LINE
  8
0
 10
150.821
 20
13.5046
 11
150.799
 21
13.4217
  0
LINE
  8
0
 10
150.799
 20
13.4217
 11
150.775
 21
13.3395
  0
LINE
  8
0
 10
150.775
 20
13.3395
 11
150.746
 21
13.2581
  0
LINE
  8
0
 10
150.746
 20
13.2581
 11
150.715
 21
13.1783
  0
LINE
  8
0
 10
150.715
 20
13.1783
 11
150.68
 21
13.1
  0
LINE
  8
0
 10
150.68
 20
13.1
 11
150.642
 21
13.0232
  0
LINE
  8
0
 10
150.642
 20
13.0232
 11
150.6
 21
12.9477
  0
LINE
  8
0
 10
150.6
 20
12.9477
 11
150.556
 21
12.8744
  0
LINE
  8
0
 10
150.556
 20
12.8744
 11
150.508
 21
12.8027
  0
LINE
  8
0
 10
150.508
 20
12.8027
 11
150.458
 21
12.7333
  0
LINE
  8
0
 10
150.458
 20
12.7333
 11
150.404
 21
12.6659
  0
LINE
  8
0
 10
150.404
 20
12.6659
 11
150.348
 21
12.6012
  0
LINE
  8
0
 10
150.348
 20
12.6012
 11
150.29
 21
12.5384
  0
LINE
  8
0
 10
150.29
 20
12.5384
 11
150.228
 21
12.4783
  0
LINE
  8
0
 10
150.228
 20
12.4783
 11
150.164
 21
12.4209
  0
LINE
  8
0
 10
150.164
 20
12.4209
 11
150.098
 21
12.3663
  0
LINE
  8
0
 10
150.098
 20
12.3663
 11
150.03
 21
12.3144
  0
LINE
  8
0
 10
150.03
 20
12.3144
 11
149.959
 21
12.2651
  0
LINE
  8
0
 10
149.959
 20
12.2651
 11
149.887
 21
12.2194
  0
LINE
  8
0
 10
149.887
 20
12.2194
 11
149.813
 21
12.1764
  0
LINE
  8
0
 10
149.813
 20
12.1764
 11
149.737
 21
12.1365
  0
LINE
  8
0
 10
149.737
 20
12.1365
 11
149.659
 21
12.1
  0
LINE
  8
0
 10
149.659
 20
12.1
 11
149.58
 21
12.0667
  0
LINE
  8
0
 10
149.58
 20
12.0667
 11
149.499
 21
12.0369
  0
LINE
  8
0
 10
149.499
 20
12.0369
 11
149.417
 21
12.0101
  0
LINE
  8
0
 10
149.417
 20
12.0101
 11
149.335
 21
11.9873
  0
LINE
  8
0
 10
149.335
 20
11.9873
 11
149.251
 21
11.9675
  0
LINE
  8
0
 10
149.251
 20
11.9675
 11
149.167
 21
11.9516
  0
LINE
  8
0
 10
149.167
 20
11.9516
 11
149.082
 21
11.9388
  0
LINE
  8
0
 10
149.082
 20
11.9388
 11
148.996
 21
11.9299
  0
LINE
  8
0
 10
148.996
 20
11.9299
 11
148.911
 21
11.9245
  0
LINE
  8
0
 10
148.911
 20
11.9245
 11
148.825
 21
11.9229
  0
LINE
  8
0
 10
148.825
 20
11.9229
 11
148.739
 21
11.9245
  0
LINE
  8
0
 10
-138.546
 20
12.4062
 11
-138.619
 21
12.4109
  0
LINE
  8
0
 10
-138.619
 20
12.4109
 11
-138.692
 21
12.4186
  0
LINE
  8
0
 10
-138.692
 20
12.4186
 11
-138.764
 21
12.4295
  0
LINE
  8
0
 10
-138.764
 20
12.4295
 11
-138.836
 21
12.443
  0
LINE
  8
0
 10
-138.836
 20
12.443
 11
-138.908
 21
12.4597
  0
LINE
  8
0
 10
-138.908
 20
12.4597
 11
-138.978
 21
12.4795
  0
LINE
  8
0
 10
-138.978
 20
12.4795
 11
-139.048
 21
12.502
  0
LINE
  8
0
 10
-139.048
 20
12.502
 11
-139.117
 21
12.5275
  0
LINE
  8
0
 10
-139.117
 20
12.5275
 11
-139.185
 21
12.5562
  0
LINE
  8
0
 10
-139.185
 20
12.5562
 11
-139.251
 21
12.5872
  0
LINE
  8
0
 10
-139.251
 20
12.5872
 11
-139.316
 21
12.6213
  0
LINE
  8
0
 10
-139.316
 20
12.6213
 11
-139.379
 21
12.6578
  0
LINE
  8
0
 10
-139.379
 20
12.6578
 11
-139.441
 21
12.6973
  0
LINE
  8
0
 10
-139.441
 20
12.6973
 11
-139.501
 21
12.7391
  0
LINE
  8
0
 10
-139.501
 20
12.7391
 11
-139.56
 21
12.7833
  0
LINE
  8
0
 10
-139.56
 20
12.7833
 11
-139.616
 21
12.8302
  0
LINE
  8
0
 10
-139.616
 20
12.8302
 11
-139.671
 21
12.8791
  0
LINE
  8
0
 10
-139.671
 20
12.8791
 11
-139.723
 21
12.9302
  0
LINE
  8
0
 10
-139.723
 20
12.9302
 11
-139.773
 21
12.9837
  0
LINE
  8
0
 10
-139.773
 20
12.9837
 11
-139.821
 21
13.0391
  0
LINE
  8
0
 10
-139.821
 20
13.0391
 11
-139.867
 21
13.0969
  0
LINE
  8
0
 10
-139.867
 20
13.0969
 11
-139.91
 21
13.1562
  0
LINE
  8
0
 10
-139.91
 20
13.1562
 11
-139.95
 21
13.217
  0
LINE
  8
0
 10
-139.95
 20
13.217
 11
-139.988
 21
13.2798
  0
LINE
  8
0
 10
-139.988
 20
13.2798
 11
-140.024
 21
13.3441
  0
LINE
  8
0
 10
-140.024
 20
13.3441
 11
-140.056
 21
13.4096
  0
LINE
  8
0
 10
-140.056
 20
13.4096
 11
-140.086
 21
13.4767
  0
LINE
  8
0
 10
-140.086
 20
13.4767
 11
-140.113
 21
13.5449
  0
LINE
  8
0
 10
-140.113
 20
13.5449
 11
-140.137
 21
13.6139
  0
LINE
  8
0
 10
-140.137
 20
13.6139
 11
-140.158
 21
13.684
  0
LINE
  8
0
 10
-140.158
 20
13.684
 11
-140.176
 21
13.7554
  0
LINE
  8
0
 10
-140.176
 20
13.7554
 11
-140.191
 21
13.8271
  0
LINE
  8
0
 10
-140.191
 20
13.8271
 11
-140.204
 21
13.8992
  0
LINE
  8
0
 10
-140.204
 20
13.8992
 11
-140.213
 21
13.972
  0
LINE
  8
0
 10
-140.213
 20
13.972
 11
-140.219
 21
14.0449
  0
LINE
  8
0
 10
-140.219
 20
14.0449
 11
-140.222
 21
14.1181
  0
LINE
  8
0
 10
-140.222
 20
14.1181
 11
-140.222
 21
14.1914
  0
LINE
  8
0
 10
-140.222
 20
14.1914
 11
-140.219
 21
14.2646
  0
LINE
  8
0
 10
-140.219
 20
14.2646
 11
-140.213
 21
14.3379
  0
LINE
  8
0
 10
-140.213
 20
14.3379
 11
-140.204
 21
14.4104
  0
LINE
  8
0
 10
-140.204
 20
14.4104
 11
-140.191
 21
14.4828
  0
LINE
  8
0
 10
-140.191
 20
14.4828
 11
-140.176
 21
14.5545
  0
LINE
  8
0
 10
-140.176
 20
14.5545
 11
-140.158
 21
14.6255
  0
LINE
  8
0
 10
-140.158
 20
14.6255
 11
-140.137
 21
14.6956
  0
LINE
  8
0
 10
-140.137
 20
14.6956
 11
-140.113
 21
14.765
  0
LINE
  8
0
 10
-140.113
 20
14.765
 11
-140.086
 21
14.8328
  0
LINE
  8
0
 10
-140.086
 20
14.8328
 11
-140.056
 21
14.8999
  0
LINE
  8
0
 10
-140.056
 20
14.8999
 11
-140.024
 21
14.9658
  0
LINE
  8
0
 10
-140.024
 20
14.9658
 11
-139.988
 21
15.0297
  0
LINE
  8
0
 10
-139.988
 20
15.0297
 11
-139.95
 21
15.0925
  0
LINE
  8
0
 10
-139.95
 20
15.0925
 11
-139.91
 21
15.1537
  0
LINE
  8
0
 10
-139.91
 20
15.1537
 11
-139.867
 21
15.213
  0
LINE
  8
0
 10
-139.867
 20
15.213
 11
-139.821
 21
15.2704
  0
LINE
  8
0
 10
-139.821
 20
15.2704
 11
-139.773
 21
15.3258
  0
LINE
  8
0
 10
-139.773
 20
15.3258
 11
-139.723
 21
15.3793
  0
LINE
  8
0
 10
-139.723
 20
15.3793
 11
-139.671
 21
15.4305
  0
LINE
  8
0
 10
-139.671
 20
15.4305
 11
-139.616
 21
15.4797
  0
LINE
  8
0
 10
-139.616
 20
15.4797
 11
-139.56
 21
15.5262
  0
LINE
  8
0
 10
-139.56
 20
15.5262
 11
-139.501
 21
15.5708
  0
LINE
  8
0
 10
-139.501
 20
15.5708
 11
-139.441
 21
15.6122
  0
LINE
  8
0
 10
-139.441
 20
15.6122
 11
-139.379
 21
15.6518
  0
LINE
  8
0
 10
-139.379
 20
15.6518
 11
-139.316
 21
15.6882
  0
LINE
  8
0
 10
-139.316
 20
15.6882
 11
-139.251
 21
15.7223
  0
LINE
  8
0
 10
-139.251
 20
15.7223
 11
-139.185
 21
15.7537
  0
LINE
  8
0
 10
-139.185
 20
15.7537
 11
-139.117
 21
15.782
  0
LINE
  8
0
 10
-139.117
 20
15.782
 11
-139.048
 21
15.8076
  0
LINE
  8
0
 10
-139.048
 20
15.8076
 11
-138.978
 21
15.83
  0
LINE
  8
0
 10
-138.978
 20
15.83
 11
-138.908
 21
15.8498
  0
LINE
  8
0
 10
-138.908
 20
15.8498
 11
-138.836
 21
15.8665
  0
LINE
  8
0
 10
-138.836
 20
15.8665
 11
-138.764
 21
15.8804
  0
LINE
  8
0
 10
-138.764
 20
15.8804
 11
-138.692
 21
15.8909
  0
LINE
  8
0
 10
-138.692
 20
15.8909
 11
-138.619
 21
15.8986
  0
LINE
  8
0
 10
-138.619
 20
15.8986
 11
-138.546
 21
15.9033
  0
LINE
  8
0
 10
-138.546
 20
15.9033
 11
-138.473
 21
15.9048
  0
LINE
  8
0
 10
-138.473
 20
15.9048
 11
-138.399
 21
15.9033
  0
LINE
  8
0
 10
-138.399
 20
15.9033
 11
-138.326
 21
15.8986
  0
LINE
  8
0
 10
-138.326
 20
15.8986
 11
-138.253
 21
15.8909
  0
LINE
  8
0
 10
-138.253
 20
15.8909
 11
-138.181
 21
15.8804
  0
LINE
  8
0
 10
-138.181
 20
15.8804
 11
-138.109
 21
15.8665
  0
LINE
  8
0
 10
-138.109
 20
15.8665
 11
-138.037
 21
15.8498
  0
LINE
  8
0
 10
-138.037
 20
15.8498
 11
-137.967
 21
15.83
  0
LINE
  8
0
 10
-137.967
 20
15.83
 11
-137.897
 21
15.8076
  0
LINE
  8
0
 10
-137.897
 20
15.8076
 11
-137.828
 21
15.782
  0
LINE
  8
0
 10
-137.828
 20
15.782
 11
-137.761
 21
15.7537
  0
LINE
  8
0
 10
-137.761
 20
15.7537
 11
-137.694
 21
15.7223
  0
LINE
  8
0
 10
-137.694
 20
15.7223
 11
-137.63
 21
15.6882
  0
LINE
  8
0
 10
-137.63
 20
15.6882
 11
-137.566
 21
15.6518
  0
LINE
  8
0
 10
-137.566
 20
15.6518
 11
-137.504
 21
15.6122
  0
LINE
  8
0
 10
-137.504
 20
15.6122
 11
-137.444
 21
15.5708
  0
LINE
  8
0
 10
-137.444
 20
15.5708
 11
-137.385
 21
15.5262
  0
LINE
  8
0
 10
-137.385
 20
15.5262
 11
-137.329
 21
15.4797
  0
LINE
  8
0
 10
-137.329
 20
15.4797
 11
-137.275
 21
15.4305
  0
LINE
  8
0
 10
-137.275
 20
15.4305
 11
-137.222
 21
15.3793
  0
LINE
  8
0
 10
-137.222
 20
15.3793
 11
-137.172
 21
15.3258
  0
LINE
  8
0
 10
-137.172
 20
15.3258
 11
-137.124
 21
15.2704
  0
LINE
  8
0
 10
-137.124
 20
15.2704
 11
-137.079
 21
15.213
  0
LINE
  8
0
 10
-137.079
 20
15.213
 11
-137.035
 21
15.1537
  0
LINE
  8
0
 10
-137.035
 20
15.1537
 11
-136.995
 21
15.0925
  0
LINE
  8
0
 10
-136.995
 20
15.0925
 11
-136.957
 21
15.0297
  0
LINE
  8
0
 10
-136.957
 20
15.0297
 11
-136.922
 21
14.9658
  0
LINE
  8
0
 10
-136.922
 20
14.9658
 11
-136.889
 21
14.8999
  0
LINE
  8
0
 10
-136.889
 20
14.8999
 11
-136.859
 21
14.8328
  0
LINE
  8
0
 10
-136.859
 20
14.8328
 11
-136.832
 21
14.765
  0
LINE
  8
0
 10
-136.832
 20
14.765
 11
-136.808
 21
14.6956
  0
LINE
  8
0
 10
-136.808
 20
14.6956
 11
-136.787
 21
14.6255
  0
LINE
  8
0
 10
-136.787
 20
14.6255
 11
-136.769
 21
14.5545
  0
LINE
  8
0
 10
-136.769
 20
14.5545
 11
-136.754
 21
14.4828
  0
LINE
  8
0
 10
-136.754
 20
14.4828
 11
-136.741
 21
14.4104
  0
LINE
  8
0
 10
-136.741
 20
14.4104
 11
-136.732
 21
14.3379
  0
LINE
  8
0
 10
-136.732
 20
14.3379
 11
-136.726
 21
14.2646
  0
LINE
  8
0
 10
-136.726
 20
14.2646
 11
-136.723
 21
14.1914
  0
LINE
  8
0
 10
-136.723
 20
14.1914
 11
-136.723
 21
14.1181
  0
LINE
  8
0
 10
-136.723
 20
14.1181
 11
-136.726
 21
14.0449
  0
LINE
  8
0
 10
-136.726
 20
14.0449
 11
-136.732
 21
13.972
  0
LINE
  8
0
 10
-136.732
 20
13.972
 11
-136.741
 21
13.8992
  0
LINE
  8
0
 10
-136.741
 20
13.8992
 11
-136.754
 21
13.8271
  0
LINE
  8
0
 10
-136.754
 20
13.8271
 11
-136.769
 21
13.7554
  0
LINE
  8
0
 10
-136.769
 20
13.7554
 11
-136.787
 21
13.684
  0
LINE
  8
0
 10
-136.787
 20
13.684
 11
-136.808
 21
13.6139
  0
LINE
  8
0
 10
-136.808
 20
13.6139
 11
-136.832
 21
13.5449
  0
LINE
  8
0
 10
-136.832
 20
13.5449
 11
-136.859
 21
13.4767
  0
LINE
  8
0
 10
-136.859
 20
13.4767
 11
-136.889
 21
13.4096
  0
LINE
  8
0
 10
-136.889
 20
13.4096
 11
-136.922
 21
13.3441
  0
LINE
  8
0
 10
-136.922
 20
13.3441
 11
-136.957
 21
13.2798
  0
LINE
  8
0
 10
-136.957
 20
13.2798
 11
-136.995
 21
13.217
  0
LINE
  8
0
 10
-136.995
 20
13.217
 11
-137.035
 21
13.1562
  0
LINE
  8
0
 10
-137.035
 20
13.1562
 11
-137.079
 21
13.0969
  0
LINE
  8
0
 10
-137.079
 20
13.0969
 11
-137.124
 21
13.0391
  0
LINE
  8
0
 10
-137.124
 20
13.0391
 11
-137.172
 21
12.9837
  0
LINE
  8
0
 10
-137.172
 20
12.9837
 11
-137.222
 21
12.9302
  0
LINE
  8
0
 10
-137.222
 20
12.9302
 11
-137.275
 21
12.8791
  0
LINE
  8
0
 10
-137.275
 20
12.8791
 11
-137.329
 21
12.8302
  0
LINE
  8
0
 10
-137.329
 20
12.8302
 11
-137.385
 21
12.7833
  0
LINE
  8
0
 10
-137.385
 20
12.7833
 11
-137.444
 21
12.7391
  0
LINE
  8
0
 10
-137.444
 20
12.7391
 11
-137.504
 21
12.6973
  0
LINE
  8
0
 10
-137.504
 20
12.6973
 11
-137.566
 21
12.6578
  0
LINE
  8
0
 10
-137.566
 20
12.6578
 11
-137.63
 21
12.6213
  0
LINE
  8
0
 10
-137.63
 20
12.6213
 11
-137.694
 21
12.5872
  0
LINE
  8
0
 10
-137.694
 20
12.5872
 11
-137.761
 21
12.5562
  0
LINE
  8
0
 10
-137.761
 20
12.5562
 11
-137.828
 21
12.5275
  0
LINE
  8
0
 10
-137.828
 20
12.5275
 11
-137.897
 21
12.502
  0
LINE
  8
0
 10
-137.897
 20
12.502
 11
-137.967
 21
12.4795
  0
LINE
  8
0
 10
-137.967
 20
12.4795
 11
-138.037
 21
12.4597
  0
LINE
  8
0
 10
-138.037
 20
12.4597
 11
-138.109
 21
12.443
  0
LINE
  8
0
 10
-138.109
 20
12.443
 11
-138.181
 21
12.4295
  0
LINE
  8
0
 10
-138.181
 20
12.4295
 11
-138.253
 21
12.4186
  0
LINE
  8
0
 10
-138.253
 20
12.4186
 11
-138.326
 21
12.4109
  0
LINE
  8
0
 10
-138.326
 20
12.4109
 11
-138.399
 21
12.4062
  0
LINE
  8
0
 10
-138.399
 20
12.4062
 11
-138.473
 21
12.4047
  0
LINE
  8
0
 10
-138.473
 20
12.4047
 11
-138.546
 21
12.4062
  0
LINE
  8
0
 10
10.3994
 20
12.4062
 11
10.3261
 21
12.4109
  0
LINE
  8
0
 10
10.3261
 20
12.4109
 11
10.2533
 21
12.4186
  0
LINE
  8
0
 10
10.2533
 20
12.4186
 11
10.1808
 21
12.4295
  0
LINE
  8
0
 10
10.1808
 20
12.4295
 11
10.1087
 21
12.443
  0
LINE
  8
0
 10
10.1087
 20
12.443
 11
10.0374
 21
12.4597
  0
LINE
  8
0
 10
10.0374
 20
12.4597
 11
9.96683
 21
12.4795
  0
LINE
  8
0
 10
9.96683
 20
12.4795
 11
9.89707
 21
12.502
  0
LINE
  8
0
 10
9.89707
 20
12.502
 11
9.82847
 21
12.5275
  0
LINE
  8
0
 10
9.82847
 20
12.5275
 11
9.76064
 21
12.5562
  0
LINE
  8
0
 10
9.76064
 20
12.5562
 11
9.69437
 21
12.5872
  0
LINE
  8
0
 10
9.69437
 20
12.5872
 11
9.62964
 21
12.6213
  0
LINE
  8
0
 10
9.62964
 20
12.6213
 11
9.56608
 21
12.6578
  0
LINE
  8
0
 10
9.56608
 20
12.6578
 11
9.50407
 21
12.6973
  0
LINE
  8
0
 10
9.50407
 20
12.6973
 11
9.444
 21
12.7391
  0
LINE
  8
0
 10
9.444
 20
12.7391
 11
9.38547
 21
12.7833
  0
LINE
  8
0
 10
9.38547
 20
12.7833
 11
9.32928
 21
12.8302
  0
LINE
  8
0
 10
9.32928
 20
12.8302
 11
9.27463
 21
12.8791
  0
LINE
  8
0
 10
9.27463
 20
12.8791
 11
9.22231
 21
12.9302
  0
LINE
  8
0
 10
9.22231
 20
12.9302
 11
9.17192
 21
12.9837
  0
LINE
  8
0
 10
9.17192
 20
12.9837
 11
9.12425
 21
13.0391
  0
LINE
  8
0
 10
9.12425
 20
13.0391
 11
9.07852
 21
13.0969
  0
LINE
  8
0
 10
9.07852
 20
13.0969
 11
9.03549
 21
13.1562
  0
LINE
  8
0
 10
9.03549
 20
13.1562
 11
8.99519
 21
13.217
  0
LINE
  8
0
 10
8.99519
 20
13.217
 11
8.95721
 21
13.2798
  0
LINE
  8
0
 10
8.95721
 20
13.2798
 11
8.92194
 21
13.3441
  0
LINE
  8
0
 10
8.92194
 20
13.3441
 11
8.88899
 21
13.4096
  0
LINE
  8
0
 10
8.88899
 20
13.4096
 11
8.85954
 21
13.4767
  0
LINE
  8
0
 10
8.85954
 20
13.4767
 11
8.83241
 21
13.5449
  0
LINE
  8
0
 10
8.83241
 20
13.5449
 11
8.80838
 21
13.6139
  0
LINE
  8
0
 10
8.80838
 20
13.6139
 11
8.78706
 21
13.684
  0
LINE
  8
0
 10
8.78706
 20
13.684
 11
8.76884
 21
13.7554
  0
LINE
  8
0
 10
8.76884
 20
13.7554
 11
8.75373
 21
13.8271
  0
LINE
  8
0
 10
8.75373
 20
13.8271
 11
8.74133
 21
13.8992
  0
LINE
  8
0
 10
8.74133
 20
13.8992
 11
8.73203
 21
13.972
  0
LINE
  8
0
 10
8.73203
 20
13.972
 11
8.72621
 21
14.0449
  0
LINE
  8
0
 10
8.72621
 20
14.0449
 11
8.72311
 21
14.1181
  0
LINE
  8
0
 10
8.72311
 20
14.1181
 11
8.72311
 21
14.1914
  0
LINE
  8
0
 10
8.72311
 20
14.1914
 11
8.72621
 21
14.2646
  0
LINE
  8
0
 10
8.72621
 20
14.2646
 11
8.73203
 21
14.3379
  0
LINE
  8
0
 10
8.73203
 20
14.3379
 11
8.74133
 21
14.4104
  0
LINE
  8
0
 10
8.74133
 20
14.4104
 11
8.75373
 21
14.4828
  0
LINE
  8
0
 10
8.75373
 20
14.4828
 11
8.76884
 21
14.5545
  0
LINE
  8
0
 10
8.76884
 20
14.5545
 11
8.78706
 21
14.6255
  0
LINE
  8
0
 10
8.78706
 20
14.6255
 11
8.80838
 21
14.6956
  0
LINE
  8
0
 10
8.80838
 20
14.6956
 11
8.83241
 21
14.765
  0
LINE
  8
0
 10
8.83241
 20
14.765
 11
8.85954
 21
14.8328
  0
LINE
  8
0
 10
8.85954
 20
14.8328
 11
8.88899
 21
14.8999
  0
LINE
  8
0
 10
8.88899
 20
14.8999
 11
8.92194
 21
14.9658
  0
LINE
  8
0
 10
8.92194
 20
14.9658
 11
8.95721
 21
15.0297
  0
LINE
  8
0
 10
8.95721
 20
15.0297
 11
8.99519
 21
15.0925
  0
LINE
  8
0
 10
8.99519
 20
15.0925
 11
9.03549
 21
15.1537
  0
LINE
  8
0
 10
9.03549
 20
15.1537
 11
9.07852
 21
15.213
  0
LINE
  8
0
 10
9.07852
 20
15.213
 11
9.12425
 21
15.2704
  0
LINE
  8
0
 10
9.12425
 20
15.2704
 11
9.17192
 21
15.3258
  0
LINE
  8
0
 10
9.17192
 20
15.3258
 11
9.22231
 21
15.3793
  0
LINE
  8
0
 10
9.22231
 20
15.3793
 11
9.27463
 21
15.4305
  0
LINE
  8
0
 10
9.27463
 20
15.4305
 11
9.32928
 21
15.4797
  0
LINE
  8
0
 10
9.32928
 20
15.4797
 11
9.38547
 21
15.5262
  0
LINE
  8
0
 10
9.38547
 20
15.5262
 11
9.444
 21
15.5708
  0
LINE
  8
0
 10
9.444
 20
15.5708
 11
9.50407
 21
15.6122
  0
LINE
  8
0
 10
9.50407
 20
15.6122
 11
9.56608
 21
15.6518
  0
LINE
  8
0
 10
9.56608
 20
15.6518
 11
9.62964
 21
15.6882
  0
LINE
  8
0
 10
9.62964
 20
15.6882
 11
9.69437
 21
15.7223
  0
LINE
  8
0
 10
9.69437
 20
15.7223
 11
9.76064
 21
15.7537
  0
LINE
  8
0
 10
9.76064
 20
15.7537
 11
9.82847
 21
15.782
  0
LINE
  8
0
 10
9.82847
 20
15.782
 11
9.89707
 21
15.8076
  0
LINE
  8
0
 10
9.89707
 20
15.8076
 11
9.96683
 21
15.83
  0
LINE
  8
0
 10
9.96683
 20
15.83
 11
10.0374
 21
15.8498
  0
LINE
  8
0
 10
10.0374
 20
15.8498
 11
10.1087
 21
15.8665
  0
LINE
  8
0
 10
10.1087
 20
15.8665
 11
10.1808
 21
15.8804
  0
LINE
  8
0
 10
10.1808
 20
15.8804
 11
10.2533
 21
15.8909
  0
LINE
  8
0
 10
10.2533
 20
15.8909
 11
10.3261
 21
15.8986
  0
LINE
  8
0
 10
10.3261
 20
15.8986
 11
10.3994
 21
15.9033
  0
LINE
  8
0
 10
10.3994
 20
15.9033
 11
10.4726
 21
15.9048
  0
LINE
  8
0
 10
10.4726
 20
15.9048
 11
10.5459
 21
15.9033
  0
LINE
  8
0
 10
10.5459
 20
15.9033
 11
10.6191
 21
15.8986
  0
LINE
  8
0
 10
10.6191
 20
15.8986
 11
10.692
 21
15.8909
  0
LINE
  8
0
 10
10.692
 20
15.8909
 11
10.7645
 21
15.8804
  0
LINE
  8
0
 10
10.7645
 20
15.8804
 11
10.8365
 21
15.8665
  0
LINE
  8
0
 10
10.8365
 20
15.8665
 11
10.9079
 21
15.8498
  0
LINE
  8
0
 10
10.9079
 20
15.8498
 11
10.9784
 21
15.83
  0
LINE
  8
0
 10
10.9784
 20
15.83
 11
11.0482
 21
15.8076
  0
LINE
  8
0
 10
11.0482
 20
15.8076
 11
11.1168
 21
15.782
  0
LINE
  8
0
 10
11.1168
 20
15.782
 11
11.1846
 21
15.7537
  0
LINE
  8
0
 10
11.1846
 20
15.7537
 11
11.2509
 21
15.7223
  0
LINE
  8
0
 10
11.2509
 20
15.7223
 11
11.3156
 21
15.6882
  0
LINE
  8
0
 10
11.3156
 20
15.6882
 11
11.3792
 21
15.6518
  0
LINE
  8
0
 10
11.3792
 20
15.6518
 11
11.4412
 21
15.6122
  0
LINE
  8
0
 10
11.4412
 20
15.6122
 11
11.5012
 21
15.5708
  0
LINE
  8
0
 10
11.5012
 20
15.5708
 11
11.5598
 21
15.5262
  0
LINE
  8
0
 10
11.5598
 20
15.5262
 11
11.616
 21
15.4797
  0
LINE
  8
0
 10
11.616
 20
15.4797
 11
11.6706
 21
15.4305
  0
LINE
  8
0
 10
11.6706
 20
15.4305
 11
11.7229
 21
15.3793
  0
LINE
  8
0
 10
11.7229
 20
15.3793
 11
11.7729
 21
15.3258
  0
LINE
  8
0
 10
11.7729
 20
15.3258
 11
11.821
 21
15.2704
  0
LINE
  8
0
 10
11.821
 20
15.2704
 11
11.8667
 21
15.213
  0
LINE
  8
0
 10
11.8667
 20
15.213
 11
11.9097
 21
15.1537
  0
LINE
  8
0
 10
11.9097
 20
15.1537
 11
11.95
 21
15.0925
  0
LINE
  8
0
 10
11.95
 20
15.0925
 11
11.988
 21
15.0297
  0
LINE
  8
0
 10
11.988
 20
15.0297
 11
12.0233
 21
14.9658
  0
LINE
  8
0
 10
12.0233
 20
14.9658
 11
12.0562
 21
14.8999
  0
LINE
  8
0
 10
12.0562
 20
14.8999
 11
12.0857
 21
14.8328
  0
LINE
  8
0
 10
12.0857
 20
14.8328
 11
12.1128
 21
14.765
  0
LINE
  8
0
 10
12.1128
 20
14.765
 11
12.1369
 21
14.6956
  0
LINE
  8
0
 10
12.1369
 20
14.6956
 11
12.1582
 21
14.6255
  0
LINE
  8
0
 10
12.1582
 20
14.6255
 11
12.1764
 21
14.5545
  0
LINE
  8
0
 10
12.1764
 20
14.5545
 11
12.1915
 21
14.4828
  0
LINE
  8
0
 10
12.1915
 20
14.4828
 11
12.2039
 21
14.4104
  0
LINE
  8
0
 10
12.2039
 20
14.4104
 11
12.2132
 21
14.3379
  0
LINE
  8
0
 10
12.2132
 20
14.3379
 11
12.219
 21
14.2646
  0
LINE
  8
0
 10
12.219
 20
14.2646
 11
12.2221
 21
14.1914
  0
LINE
  8
0
 10
12.2221
 20
14.1914
 11
12.2221
 21
14.1181
  0
LINE
  8
0
 10
12.2221
 20
14.1181
 11
12.219
 21
14.0449
  0
LINE
  8
0
 10
12.219
 20
14.0449
 11
12.2132
 21
13.972
  0
LINE
  8
0
 10
12.2132
 20
13.972
 11
12.2039
 21
13.8992
  0
LINE
  8
0
 10
12.2039
 20
13.8992
 11
12.1915
 21
13.8271
  0
LINE
  8
0
 10
12.1915
 20
13.8271
 11
12.1764
 21
13.7554
  0
LINE
  8
0
 10
12.1764
 20
13.7554
 11
12.1582
 21
13.684
  0
LINE
  8
0
 10
12.1582
 20
13.684
 11
12.1369
 21
13.6139
  0
LINE
  8
0
 10
12.1369
 20
13.6139
 11
12.1128
 21
13.5449
  0
LINE
  8
0
 10
12.1128
 20
13.5449
 11
12.0857
 21
13.4767
  0
LINE
  8
0
 10
12.0857
 20
13.4767
 11
12.0562
 21
13.4096
  0
LINE
  8
0
 10
12.0562
 20
13.4096
 11
12.0233
 21
13.3441
  0
LINE
  8
0
 10
12.0233
 20
13.3441
 11
11.988
 21
13.2798
  0
LINE
  8
0
 10
11.988
 20
13.2798
 11
11.95
 21
13.217
  0
LINE
  8
0
 10
11.95
 20
13.217
 11
11.9097
 21
13.1562
  0
LINE
  8
0
 10
11.9097
 20
13.1562
 11
11.8667
 21
13.0969
  0
LINE
  8
0
 10
11.8667
 20
13.0969
 11
11.821
 21
13.0391
  0
LINE
  8
0
 10
11.821
 20
13.0391
 11
11.7729
 21
12.9837
  0
LINE
  8
0
 10
11.7729
 20
12.9837
 11
11.7229
 21
12.9302
  0
LINE
  8
0
 10
11.7229
 20
12.9302
 11
11.6706
 21
12.8791
  0
LINE
  8
0
 10
11.6706
 20
12.8791
 11
11.616
 21
12.8302
  0
LINE
  8
0
 10
11.616
 20
12.8302
 11
11.5598
 21
12.7833
  0
LINE
  8
0
 10
11.5598
 20
12.7833
 11
11.5012
 21
12.7391
  0
LINE
  8
0
 10
11.5012
 20
12.7391
 11
11.4412
 21
12.6973
  0
LINE
  8
0
 10
11.4412
 20
12.6973
 11
11.3792
 21
12.6578
  0
LINE
  8
0
 10
11.3792
 20
12.6578
 11
11.3156
 21
12.6213
  0
LINE
  8
0
 10
11.3156
 20
12.6213
 11
11.2509
 21
12.5872
  0
LINE
  8
0
 10
11.2509
 20
12.5872
 11
11.1846
 21
12.5562
  0
LINE
  8
0
 10
11.1846
 20
12.5562
 11
11.1168
 21
12.5275
  0
LINE
  8
0
 10
11.1168
 20
12.5275
 11
11.0482
 21
12.502
  0
LINE
  8
0
 10
11.0482
 20
12.502
 11
10.9784
 21
12.4795
  0
LINE
  8
0
 10
10.9784
 20
12.4795
 11
10.9079
 21
12.4597
  0
LINE
  8
0
 10
10.9079
 20
12.4597
 11
10.8365
 21
12.443
  0
LINE
  8
0
 10
10.8365
 20
12.443
 11
10.7645
 21
12.4295
  0
LINE
  8
0
 10
10.7645
 20
12.4295
 11
10.692
 21
12.4186
  0
LINE
  8
0
 10
10.692
 20
12.4186
 11
10.6191
 21
12.4109
  0
LINE
  8
0
 10
10.6191
 20
12.4109
 11
10.5459
 21
12.4062
  0
LINE
  8
0
 10
10.5459
 20
12.4062
 11
10.4726
 21
12.4047
  0
LINE
  8
0
 10
10.4726
 20
12.4047
 11
10.3994
 21
12.4062
  0
LINE
  8
0
 10
138.399
 20
12.4062
 11
138.326
 21
12.4109
  0
LINE
  8
0
 10
138.326
 20
12.4109
 11
138.253
 21
12.4186
  0
LINE
  8
0
 10
138.253
 20
12.4186
 11
138.181
 21
12.4295
  0
LINE
  8
0
 10
138.181
 20
12.4295
 11
138.109
 21
12.443
  0
LINE
  8
0
 10
138.109
 20
12.443
 11
138.037
 21
12.4597
  0
LINE
  8
0
 10
138.037
 20
12.4597
 11
137.967
 21
12.4795
  0
LINE
  8
0
 10
137.967
 20
12.4795
 11
137.897
 21
12.502
  0
LINE
  8
0
 10
137.897
 20
12.502
 11
137.828
 21
12.5275
  0
LINE
  8
0
 10
137.828
 20
12.5275
 11
137.761
 21
12.5562
  0
LINE
  8
0
 10
137.761
 20
12.5562
 11
137.694
 21
12.5872
  0
LINE
  8
0
 10
137.694
 20
12.5872
 11
137.63
 21
12.6213
  0
LINE
  8
0
 10
137.63
 20
12.6213
 11
137.566
 21
12.6578
  0
LINE
  8
0
 10
137.566
 20
12.6578
 11
137.504
 21
12.6973
  0
LINE
  8
0
 10
137.504
 20
12.6973
 11
137.444
 21
12.7391
  0
LINE
  8
0
 10
137.444
 20
12.7391
 11
137.385
 21
12.7833
  0
LINE
  8
0
 10
137.385
 20
12.7833
 11
137.329
 21
12.8302
  0
LINE
  8
0
 10
137.329
 20
12.8302
 11
137.275
 21
12.8791
  0
LINE
  8
0
 10
137.275
 20
12.8791
 11
137.222
 21
12.9302
  0
LINE
  8
0
 10
137.222
 20
12.9302
 11
137.172
 21
12.9837
  0
LINE
  8
0
 10
137.172
 20
12.9837
 11
137.124
 21
13.0391
  0
LINE
  8
0
 10
137.124
 20
13.0391
 11
137.079
 21
13.0969
  0
LINE
  8
0
 10
137.079
 20
13.0969
 11
137.035
 21
13.1562
  0
LINE
  8
0
 10
137.035
 20
13.1562
 11
136.995
 21
13.217
  0
LINE
  8
0
 10
136.995
 20
13.217
 11
136.957
 21
13.2798
  0
LINE
  8
0
 10
136.957
 20
13.2798
 11
136.922
 21
13.3441
  0
LINE
  8
0
 10
136.922
 20
13.3441
 11
136.889
 21
13.4096
  0
LINE
  8
0
 10
136.889
 20
13.4096
 11
136.859
 21
13.4767
  0
LINE
  8
0
 10
136.859
 20
13.4767
 11
136.832
 21
13.5449
  0
LINE
  8
0
 10
136.832
 20
13.5449
 11
136.808
 21
13.6139
  0
LINE
  8
0
 10
136.808
 20
13.6139
 11
136.787
 21
13.684
  0
LINE
  8
0
 10
136.787
 20
13.684
 11
136.769
 21
13.7554
  0
LINE
  8
0
 10
136.769
 20
13.7554
 11
136.754
 21
13.8271
  0
LINE
  8
0
 10
136.754
 20
13.8271
 11
136.741
 21
13.8992
  0
LINE
  8
0
 10
136.741
 20
13.8992
 11
136.732
 21
13.972
  0
LINE
  8
0
 10
136.732
 20
13.972
 11
136.726
 21
14.0449
  0
LINE
  8
0
 10
136.726
 20
14.0449
 11
136.723
 21
14.1181
  0
LINE
  8
0
 10
136.723
 20
14.1181
 11
136.723
 21
14.1914
  0
LINE
  8
0
 10
136.723
 20
14.1914
 11
136.726
 21
14.2646
  0
LINE
  8
0
 10
136.726
 20
14.2646
 11
136.732
 21
14.3379
  0
LINE
  8
0
 10
136.732
 20
14.3379
 11
136.741
 21
14.4104
  0
LINE
  8
0
 10
136.741
 20
14.4104
 11
136.754
 21
14.4828
  0
LINE
  8
0
 10
136.754
 20
14.4828
 11
136.769
 21
14.5545
  0
LINE
  8
0
 10
136.769
 20
14.5545
 11
136.787
 21
14.6255
  0
LINE
  8
0
 10
136.787
 20
14.6255
 11
136.808
 21
14.6956
  0
LINE
  8
0
 10
136.808
 20
14.6956
 11
136.832
 21
14.765
  0
LINE
  8
0
 10
136.832
 20
14.765
 11
136.859
 21
14.8328
  0
LINE
  8
0
 10
136.859
 20
14.8328
 11
136.889
 21
14.8999
  0
LINE
  8
0
 10
136.889
 20
14.8999
 11
136.922
 21
14.9658
  0
LINE
  8
0
 10
136.922
 20
14.9658
 11
136.957
 21
15.0297
  0
LINE
  8
0
 10
136.957
 20
15.0297
 11
136.995
 21
15.0925
  0
LINE
  8
0
 10
136.995
 20
15.0925
 11
137.035
 21
15.1537
  0
LINE
  8
0
 10
137.035
 20
15.1537
 11
137.079
 21
15.213
  0
LINE
  8
0
 10
137.079
 20
15.213
 11
137.124
 21
15.2704
  0
LINE
  8
0
 10
137.124
 20
15.2704
 11
137.172
 21
15.3258
  0
LINE
  8
0
 10
137.172
 20
15.3258
 11
137.222
 21
15.3793
  0
LINE
  8
0
 10
137.222
 20
15.3793
 11
137.275
 21
15.4305
  0
LINE
  8
0
 10
137.275
 20
15.4305
 11
137.329
 21
15.4797
  0
LINE
  8
0
 10
137.329
 20
15.4797
 11
137.385
 21
15.5262
  0
LINE
  8
0
 10
137.385
 20
15.5262
 11
137.444
 21
15.5708
  0
LINE
  8
0
 10
137.444
 20
15.5708
 11
137.504
 21
15.6122
  0
LINE
  8
0
 10
137.504
 20
15.6122
 11
137.566
 21
15.6518
  0
LINE
  8
0
 10
137.566
 20
15.6518
 11
137.63
 21
15.6882
  0
LINE
  8
0
 10
137.63
 20
15.6882
 11
137.694
 21
15.7223
  0
LINE
  8
0
 10
137.694
 20
15.7223
 11
137.761
 21
15.7537
  0
LINE
  8
0
 10
137.761
 20
15.7537
 11
137.828
 21
15.782
  0
LINE
  8
0
 10
137.828
 20
15.782
 11
137.897
 21
15.8076
  0
LINE
  8
0
 10
137.897
 20
15.8076
 11
137.967
 21
15.83
  0
LINE
  8
0
 10
137.967
 20
15.83
 11
138.037
 21
15.8498
  0
LINE
  8
0
 10
138.037
 20
15.8498
 11
138.109
 21
15.8665
  0
LINE
  8
0
 10
138.109
 20
15.8665
 11
138.181
 21
15.8804
  0
LINE
  8
0
 10
138.181
 20
15.8804
 11
138.253
 21
15.8909
  0
LINE
  8
0
 10
138.253
 20
15.8909
 11
138.326
 21
15.8986
  0
LINE
  8
0
 10
138.326
 20
15.8986
 11
138.399
 21
15.9033
  0
LINE
  8
0
 10
138.399
 20
15.9033
 11
138.473
 21
15.9048
  0
LINE
  8
0
 10
138.473
 20
15.9048
 11
138.546
 21
15.9033
  0
LINE
  8
0
 10
138.546
 20
15.9033
 11
138.619
 21
15.8986
  0
LINE
  8
0
 10
138.619
 20
15.8986
 11
138.692
 21
15.8909
  0
LINE
  8
0
 10
138.692
 20
15.8909
 11
138.764
 21
15.8804
  0
LINE
  8
0
 10
138.764
 20
15.8804
 11
138.836
 21
15.8665
  0
LINE
  8
0
 10
138.836
 20
15.8665
 11
138.908
 21
15.8498
  0
LINE
  8
0
 10
138.908
 20
15.8498
 11
138.978
 21
15.83
  0
LINE
  8
0
 10
138.978
 20
15.83
 11
139.048
 21
15.8076
  0
LINE
  8
0
 10
139.048
 20
15.8076
 11
139.117
 21
15.782
  0
LINE
  8
0
 10
139.117
 20
15.782
 11
139.185
 21
15.7537
  0
LINE
  8
0
 10
139.185
 20
15.7537
 11
139.251
 21
15.7223
  0
LINE
  8
0
 10
139.251
 20
15.7223
 11
139.316
 21
15.6882
  0
LINE
  8
0
 10
139.316
 20
15.6882
 11
139.379
 21
15.6518
  0
LINE
  8
0
 10
139.379
 20
15.6518
 11
139.441
 21
15.6122
  0
LINE
  8
0
 10
139.441
 20
15.6122
 11
139.501
 21
15.5708
  0
LINE
  8
0
 10
139.501
 20
15.5708
 11
139.56
 21
15.5262
  0
LINE
  8
0
 10
139.56
 20
15.5262
 11
139.616
 21
15.4797
  0
LINE
  8
0
 10
139.616
 20
15.4797
 11
139.671
 21
15.4305
  0
LINE
  8
0
 10
139.671
 20
15.4305
 11
139.723
 21
15.3793
  0
LINE
  8
0
 10
139.723
 20
15.3793
 11
139.773
 21
15.3258
  0
LINE
  8
0
 10
139.773
 20
15.3258
 11
139.821
 21
15.2704
  0
LINE
  8
0
 10
139.821
 20
15.2704
 11
139.867
 21
15.213
  0
LINE
  8
0
 10
139.867
 20
15.213
 11
139.91
 21
15.1537
  0
LINE
  8
0
 10
139.91
 20
15.1537
 11
139.95
 21
15.0925
  0
LINE
  8
0
 10
139.95
 20
15.0925
 11
139.988
 21
15.0297
  0
LINE
  8
0
 10
139.988
 20
15.0297
 11
140.024
 21
14.9658
  0
LINE
  8
0
 10
140.024
 20
14.9658
 11
140.056
 21
14.8999
  0
LINE
  8
0
 10
140.056
 20
14.8999
 11
140.086
 21
14.8328
  0
LINE
  8
0
 10
140.086
 20
14.8328
 11
140.113
 21
14.765
  0
LINE
  8
0
 10
140.113
 20
14.765
 11
140.137
 21
14.6956
  0
LINE
  8
0
 10
140.137
 20
14.6956
 11
140.158
 21
14.6255
  0
LINE
  8
0
 10
140.158
 20
14.6255
 11
140.176
 21
14.5545
  0
LINE
  8
0
 10
140.176
 20
14.5545
 11
140.191
 21
14.4828
  0
LINE
  8
0
 10
140.191
 20
14.4828
 11
140.204
 21
14.4104
  0
LINE
  8
0
 10
140.204
 20
14.4104
 11
140.213
 21
14.3379
  0
LINE
  8
0
 10
140.213
 20
14.3379
 11
140.219
 21
14.2646
  0
LINE
  8
0
 10
140.219
 20
14.2646
 11
140.222
 21
14.1914
  0
LINE
  8
0
 10
140.222
 20
14.1914
 11
140.222
 21
14.1181
  0
LINE
  8
0
 10
140.222
 20
14.1181
 11
140.219
 21
14.0449
  0
LINE
  8
0
 10
140.219
 20
14.0449
 11
140.213
 21
13.972
  0
LINE
  8
0
 10
140.213
 20
13.972
 11
140.204
 21
13.8992
  0
LINE
  8
0
 10
140.204
 20
13.8992
 11
140.191
 21
13.8271
  0
LINE
  8
0
 10
140.191
 20
13.8271
 11
140.176
 21
13.7554
  0
LINE
  8
0
 10
140.176
 20
13.7554
 11
140.158
 21
13.684
  0
LINE
  8
0
 10
140.158
 20
13.684
 11
140.137
 21
13.6139
  0
LINE
  8
0
 10
140.137
 20
13.6139
 11
140.113
 21
13.5449
  0
LINE
  8
0
 10
140.113
 20
13.5449
 11
140.086
 21
13.4767
  0
LINE
  8
0
 10
140.086
 20
13.4767
 11
140.056
 21
13.4096
  0
LINE
  8
0
 10
140.056
 20
13.4096
 11
140.024
 21
13.3441
  0
LINE
  8
0
 10
140.024
 20
13.3441
 11
139.988
 21
13.2798
  0
LINE
  8
0
 10
139.988
 20
13.2798
 11
139.95
 21
13.217
  0
LINE
  8
0
 10
139.95
 20
13.217
 11
139.91
 21
13.1562
  0
LINE
  8
0
 10
139.91
 20
13.1562
 11
139.867
 21
13.0969
  0
LINE
  8
0
 10
139.867
 20
13.0969
 11
139.821
 21
13.0391
  0
LINE
  8
0
 10
139.821
 20
13.0391
 11
139.773
 21
12.9837
  0
LINE
  8
0
 10
139.773
 20
12.9837
 11
139.723
 21
12.9302
  0
LINE
  8
0
 10
139.723
 20
12.9302
 11
139.671
 21
12.8791
  0
LINE
  8
0
 10
139.671
 20
12.8791
 11
139.616
 21
12.8302
  0
LINE
  8
0
 10
139.616
 20
12.8302
 11
139.56
 21
12.7833
  0
LINE
  8
0
 10
139.56
 20
12.7833
 11
139.501
 21
12.7391
  0
LINE
  8
0
 10
139.501
 20
12.7391
 11
139.441
 21
12.6973
  0
LINE
  8
0
 10
139.441
 20
12.6973
 11
139.379
 21
12.6578
  0
LINE
  8
0
 10
139.379
 20
12.6578
 11
139.316
 21
12.6213
  0
LINE
  8
0
 10
139.316
 20
12.6213
 11
139.251
 21
12.5872
  0
LINE
  8
0
 10
139.251
 20
12.5872
 11
139.185
 21
12.5562
  0
LINE
  8
0
 10
139.185
 20
12.5562
 11
139.117
 21
12.5275
  0
LINE
  8
0
 10
139.117
 20
12.5275
 11
139.048
 21
12.502
  0
LINE
  8
0
 10
139.048
 20
12.502
 11
138.978
 21
12.4795
  0
LINE
  8
0
 10
138.978
 20
12.4795
 11
138.908
 21
12.4597
  0
LINE
  8
0
 10
138.908
 20
12.4597
 11
138.836
 21
12.443
  0
LINE
  8
0
 10
138.836
 20
12.443
 11
138.764
 21
12.4295
  0
LINE
  8
0
 10
138.764
 20
12.4295
 11
138.692
 21
12.4186
  0
LINE
  8
0
 10
138.692
 20
12.4186
 11
138.619
 21
12.4109
  0
LINE
  8
0
 10
138.619
 20
12.4109
 11
138.546
 21
12.4062
  0
LINE
  8
0
 10
138.546
 20
12.4062
 11
138.473
 21
12.4047
  0
LINE
  8
0
 10
138.473
 20
12.4047
 11
138.399
 21
12.4062
  0
LINE
  8
0
 10
-10.5459
 20
12.4062
 11
-10.6191
 21
12.4109
  0
LINE
  8
0
 10
-10.6191
 20
12.4109
 11
-10.692
 21
12.4186
  0
LINE
  8
0
 10
-10.692
 20
12.4186
 11
-10.7645
 21
12.4295
  0
LINE
  8
0
 10
-10.7645
 20
12.4295
 11
-10.8365
 21
12.443
  0
LINE
  8
0
 10
-10.8365
 20
12.443
 11
-10.9079
 21
12.4597
  0
LINE
  8
0
 10
-10.9079
 20
12.4597
 11
-10.9784
 21
12.4795
  0
LINE
  8
0
 10
-10.9784
 20
12.4795
 11
-11.0482
 21
12.502
  0
LINE
  8
0
 10
-11.0482
 20
12.502
 11
-11.1168
 21
12.5275
  0
LINE
  8
0
 10
-11.1168
 20
12.5275
 11
-11.1846
 21
12.5562
  0
LINE
  8
0
 10
-11.1846
 20
12.5562
 11
-11.2509
 21
12.5872
  0
LINE
  8
0
 10
-11.2509
 20
12.5872
 11
-11.3156
 21
12.6213
  0
LINE
  8
0
 10
-11.3156
 20
12.6213
 11
-11.3792
 21
12.6578
  0
LINE
  8
0
 10
-11.3792
 20
12.6578
 11
-11.4412
 21
12.6973
  0
LINE
  8
0
 10
-11.4412
 20
12.6973
 11
-11.5012
 21
12.7391
  0
LINE
  8
0
 10
-11.5012
 20
12.7391
 11
-11.5598
 21
12.7833
  0
LINE
  8
0
 10
-11.5598
 20
12.7833
 11
-11.616
 21
12.8302
  0
LINE
  8
0
 10
-11.616
 20
12.8302
 11
-11.6706
 21
12.8791
  0
LINE
  8
0
 10
-11.6706
 20
12.8791
 11
-11.7229
 21
12.9302
  0
LINE
  8
0
 10
-11.7229
 20
12.9302
 11
-11.7729
 21
12.9837
  0
LINE
  8
0
 10
-11.7729
 20
12.9837
 11
-11.821
 21
13.0391
  0
LINE
  8
0
 10
-11.821
 20
13.0391
 11
-11.8667
 21
13.0969
  0
LINE
  8
0
 10
-11.8667
 20
13.0969
 11
-11.9097
 21
13.1562
  0
LINE
  8
0
 10
-11.9097
 20
13.1562
 11
-11.95
 21
13.217
  0
LINE
  8
0
 10
-11.95
 20
13.217
 11
-11.988
 21
13.2798
  0
LINE
  8
0
 10
-11.988
 20
13.2798
 11
-12.0233
 21
13.3441
  0
LINE
  8
0
 10
-12.0233
 20
13.3441
 11
-12.0562
 21
13.4096
  0
LINE
  8
0
 10
-12.0562
 20
13.4096
 11
-12.0857
 21
13.4767
  0
LINE
  8
0
 10
-12.0857
 20
13.4767
 11
-12.1128
 21
13.5449
  0
LINE
  8
0
 10
-12.1128
 20
13.5449
 11
-12.1369
 21
13.6139
  0
LINE
  8
0
 10
-12.1369
 20
13.6139
 11
-12.1582
 21
13.684
  0
LINE
  8
0
 10
-12.1582
 20
13.684
 11
-12.1764
 21
13.7554
  0
LINE
  8
0
 10
-12.1764
 20
13.7554
 11
-12.1915
 21
13.8271
  0
LINE
  8
0
 10
-12.1915
 20
13.8271
 11
-12.2039
 21
13.8992
  0
LINE
  8
0
 10
-12.2039
 20
13.8992
 11
-12.2132
 21
13.972
  0
LINE
  8
0
 10
-12.2132
 20
13.972
 11
-12.219
 21
14.0449
  0
LINE
  8
0
 10
-12.219
 20
14.0449
 11
-12.2221
 21
14.1181
  0
LINE
  8
0
 10
-12.2221
 20
14.1181
 11
-12.2221
 21
14.1914
  0
LINE
  8
0
 10
-12.2221
 20
14.1914
 11
-12.219
 21
14.2646
  0
LINE
  8
0
 10
-12.219
 20
14.2646
 11
-12.2132
 21
14.3379
  0
LINE
  8
0
 10
-12.2132
 20
14.3379
 11
-12.2039
 21
14.4104
  0
LINE
  8
0
 10
-12.2039
 20
14.4104
 11
-12.1915
 21
14.4828
  0
LINE
  8
0
 10
-12.1915
 20
14.4828
 11
-12.1764
 21
14.5545
  0
LINE
  8
0
 10
-12.1764
 20
14.5545
 11
-12.1582
 21
14.6255
  0
LINE
  8
0
 10
-12.1582
 20
14.6255
 11
-12.1369
 21
14.6956
  0
LINE
  8
0
 10
-12.1369
 20
14.6956
 11
-12.1128
 21
14.765
  0
LINE
  8
0
 10
-12.1128
 20
14.765
 11
-12.0857
 21
14.8328
  0
LINE
  8
0
 10
-12.0857
 20
14.8328
 11
-12.0562
 21
14.8999
  0
LINE
  8
0
 10
-12.0562
 20
14.8999
 11
-12.0233
 21
14.9658
  0
LINE
  8
0
 10
-12.0233
 20
14.9658
 11
-11.988
 21
15.0297
  0
LINE
  8
0
 10
-11.988
 20
15.0297
 11
-11.95
 21
15.0925
  0
LINE
  8
0
 10
-11.95
 20
15.0925
 11
-11.9097
 21
15.1537
  0
LINE
  8
0
 10
-11.9097
 20
15.1537
 11
-11.8667
 21
15.213
  0
LINE
  8
0
 10
-11.8667
 20
15.213
 11
-11.821
 21
15.2704
  0
LINE
  8
0
 10
-11.821
 20
15.2704
 11
-11.7729
 21
15.3258
  0
LINE
  8
0
 10
-11.7729
 20
15.3258
 11
-11.7229
 21
15.3793
  0
LINE
  8
0
 10
-11.7229
 20
15.3793
 11
-11.6706
 21
15.4305
  0
LINE
  8
0
 10
-11.6706
 20
15.4305
 11
-11.616
 21
15.4797
  0
LINE
  8
0
 10
-11.616
 20
15.4797
 11
-11.5598
 21
15.5262
  0
LINE
  8
0
 10
-11.5598
 20
15.5262
 11
-11.5012
 21
15.5708
  0
LINE
  8
0
 10
-11.5012
 20
15.5708
 11
-11.4412
 21
15.6122
  0
LINE
  8
0
 10
-11.4412
 20
15.6122
 11
-11.3792
 21
15.6518
  0
LINE
  8
0
 10
-11.3792
 20
15.6518
 11
-11.3156
 21
15.6882
  0
LINE
  8
0
 10
-11.3156
 20
15.6882
 11
-11.2509
 21
15.7223
  0
LINE
  8
0
 10
-11.2509
 20
15.7223
 11
-11.1846
 21
15.7537
  0
LINE
  8
0
 10
-11.1846
 20
15.7537
 11
-11.1168
 21
15.782
  0
LINE
  8
0
 10
-11.1168
 20
15.782
 11
-11.0482
 21
15.8076
  0
LINE
  8
0
 10
-11.0482
 20
15.8076
 11
-10.9784
 21
15.83
  0
LINE
  8
0
 10
-10.9784
 20
15.83
 11
-10.9079
 21
15.8498
  0
LINE
  8
0
 10
-10.9079
 20
15.8498
 11
-10.8365
 21
15.8665
  0
LINE
  8
0
 10
-10.8365
 20
15.8665
 11
-10.7645
 21
15.8804
  0
LINE
  8
0
 10
-10.7645
 20
15.8804
 11
-10.692
 21
15.8909
  0
LINE
  8
0
 10
-10.692
 20
15.8909
 11
-10.6191
 21
15.8986
  0
LINE
  8
0
 10
-10.6191
 20
15.8986
 11
-10.5459
 21
15.9033
  0
LINE
  8
0
 10
-10.5459
 20
15.9033
 11
-10.4726
 21
15.9048
  0
LINE
  8
0
 10
-10.4726
 20
15.9048
 11
-10.3994
 21
15.9033
  0
LINE
  8
0
 10
-10.3994
 20
15.9033
 11
-10.3261
 21
15.8986
  0
LINE
  8
0
 10
-10.3261
 20
15.8986
 11
-10.2533
 21
15.8909
  0
LINE
  8
0
 10
-10.2533
 20
15.8909
 11
-10.1808
 21
15.8804
  0
LINE
  8
0
 10
-10.1808
 20
15.8804
 11
-10.1087
 21
15.8665
  0
LINE
  8
0
 10
-10.1087
 20
15.8665
 11
-10.0374
 21
15.8498
  0
LINE
  8
0
 10
-10.0374
 20
15.8498
 11
-9.96683
 21
15.83
  0
LINE
  8
0
 10
-9.96683
 20
15.83
 11
-9.89707
 21
15.8076
  0
LINE
  8
0
 10
-9.89707
 20
15.8076
 11
-9.82847
 21
15.782
  0
LINE
  8
0
 10
-9.82847
 20
15.782
 11
-9.76064
 21
15.7537
  0
LINE
  8
0
 10
-9.76064
 20
15.7537
 11
-9.69437
 21
15.7223
  0
LINE
  8
0
 10
-9.69437
 20
15.7223
 11
-9.62964
 21
15.6882
  0
LINE
  8
0
 10
-9.62964
 20
15.6882
 11
-9.56608
 21
15.6518
  0
LINE
  8
0
 10
-9.56608
 20
15.6518
 11
-9.50407
 21
15.6122
  0
LINE
  8
0
 10
-9.50407
 20
15.6122
 11
-9.444
 21
15.5708
  0
LINE
  8
0
 10
-9.444
 20
15.5708
 11
-9.38547
 21
15.5262
  0
LINE
  8
0
 10
-9.38547
 20
15.5262
 11
-9.32928
 21
15.4797
  0
LINE
  8
0
 10
-9.32928
 20
15.4797
 11
-9.27463
 21
15.4305
  0
LINE
  8
0
 10
-9.27463
 20
15.4305
 11
-9.22231
 21
15.3793
  0
LINE
  8
0
 10
-9.22231
 20
15.3793
 11
-9.17192
 21
15.3258
  0
LINE
  8
0
 10
-9.17192
 20
15.3258
 11
-9.12425
 21
15.2704
  0
LINE
  8
0
 10
-9.12425
 20
15.2704
 11
-9.07852
 21
15.213
  0
LINE
  8
0
 10
-9.07852
 20
15.213
 11
-9.03549
 21
15.1537
  0
LINE
  8
0
 10
-9.03549
 20
15.1537
 11
-8.99519
 21
15.0925
  0
LINE
  8
0
 10
-8.99519
 20
15.0925
 11
-8.95721
 21
15.0297
  0
LINE
  8
0
 10
-8.95721
 20
15.0297
 11
-8.92194
 21
14.9658
  0
LINE
  8
0
 10
-8.92194
 20
14.9658
 11
-8.88899
 21
14.8999
  0
LINE
  8
0
 10
-8.88899
 20
14.8999
 11
-8.85954
 21
14.8328
  0
LINE
  8
0
 10
-8.85954
 20
14.8328
 11
-8.83241
 21
14.765
  0
LINE
  8
0
 10
-8.83241
 20
14.765
 11
-8.80838
 21
14.6956
  0
LINE
  8
0
 10
-8.80838
 20
14.6956
 11
-8.78706
 21
14.6255
  0
LINE
  8
0
 10
-8.78706
 20
14.6255
 11
-8.76884
 21
14.5545
  0
LINE
  8
0
 10
-8.76884
 20
14.5545
 11
-8.75373
 21
14.4828
  0
LINE
  8
0
 10
-8.75373
 20
14.4828
 11
-8.74133
 21
14.4104
  0
LINE
  8
0
 10
-8.74133
 20
14.4104
 11
-8.73203
 21
14.3379
  0
LINE
  8
0
 10
-8.73203
 20
14.3379
 11
-8.72621
 21
14.2646
  0
LINE
  8
0
 10
-8.72621
 20
14.2646
 11
-8.72311
 21
14.1914
  0
LINE
  8
0
 10
-8.72311
 20
14.1914
 11
-8.72311
 21
14.1181
  0
LINE
  8
0
 10
-8.72311
 20
14.1181
 11
-8.72621
 21
14.0449
  0
LINE
  8
0
 10
-8.72621
 20
14.0449
 11
-8.73203
 21
13.972
  0
LINE
  8
0
 10
-8.73203
 20
13.972
 11
-8.74133
 21
13.8992
  0
LINE
  8
0
 10
-8.74133
 20
13.8992
 11
-8.75373
 21
13.8271
  0
LINE
  8
0
 10
-8.75373
 20
13.8271
 11
-8.76884
 21
13.7554
  0
LINE
  8
0
 10
-8.76884
 20
13.7554
 11
-8.78706
 21
13.684
  0
LINE
  8
0
 10
-8.78706
 20
13.684
 11
-8.80838
 21
13.6139
  0
LINE
  8
0
 10
-8.80838
 20
13.6139
 11
-8.83241
 21
13.5449
  0
LINE
  8
0
 10
-8.83241
 20
13.5449
 11
-8.85954
 21
13.4767
  0
LINE
  8
0
 10
-8.85954
 20
13.4767
 11
-8.88899
 21
13.4096
  0
LINE
  8
0
 10
-8.88899
 20
13.4096
 11
-8.92194
 21
13.3441
  0
LINE
  8
0
 10
-8.92194
 20
13.3441
 11
-8.95721
 21
13.2798
  0
LINE
  8
0
 10
-8.95721
 20
13.2798
 11
-8.99519
 21
13.217
  0
LINE
  8
0
 10
-8.99519
 20
13.217
 11
-9.03549
 21
13.1562
  0
LINE
  8
0
 10
-9.03549
 20
13.1562
 11
-9.07852
 21
13.0969
  0
LINE
  8
0
 10
-9.07852
 20
13.0969
 11
-9.12425
 21
13.0391
  0
LINE
  8
0
 10
-9.12425
 20
13.0391
 11
-9.17192
 21
12.9837
  0
LINE
  8
0
 10
-9.17192
 20
12.9837
 11
-9.22231
 21
12.9302
  0
LINE
  8
0
 10
-9.22231
 20
12.9302
 11
-9.27463
 21
12.8791
  0
LINE
  8
0
 10
-9.27463
 20
12.8791
 11
-9.32928
 21
12.8302
  0
LINE
  8
0
 10
-9.32928
 20
12.8302
 11
-9.38547
 21
12.7833
  0
LINE
  8
0
 10
-9.38547
 20
12.7833
 11
-9.444
 21
12.7391
  0
LINE
  8
0
 10
-9.444
 20
12.7391
 11
-9.50407
 21
12.6973
  0
LINE
  8
0
 10
-9.50407
 20
12.6973
 11
-9.56608
 21
12.6578
  0
LINE
  8
0
 10
-9.56608
 20
12.6578
 11
-9.62964
 21
12.6213
  0
LINE
  8
0
 10
-9.62964
 20
12.6213
 11
-9.69437
 21
12.5872
  0
LINE
  8
0
 10
-9.69437
 20
12.5872
 11
-9.76064
 21
12.5562
  0
LINE
  8
0
 10
-9.76064
 20
12.5562
 11
-9.82847
 21
12.5275
  0
LINE
  8
0
 10
-9.82847
 20
12.5275
 11
-9.89707
 21
12.502
  0
LINE
  8
0
 10
-9.89707
 20
12.502
 11
-9.96683
 21
12.4795
  0
LINE
  8
0
 10
-9.96683
 20
12.4795
 11
-10.0374
 21
12.4597
  0
LINE
  8
0
 10
-10.0374
 20
12.4597
 11
-10.1087
 21
12.443
  0
LINE
  8
0
 10
-10.1087
 20
12.443
 11
-10.1808
 21
12.4295
  0
LINE
  8
0
 10
-10.1808
 20
12.4295
 11
-10.2533
 21
12.4186
  0
LINE
  8
0
 10
-10.2533
 20
12.4186
 11
-10.3261
 21
12.4109
  0
LINE
  8
0
 10
-10.3261
 20
12.4109
 11
-10.3994
 21
12.4062
  0
LINE
  8
0
 10
-10.3994
 20
12.4062
 11
-10.4726
 21
12.4047
  0
LINE
  8
0
 10
-10.4726
 20
12.4047
 11
-10.5459
 21
12.4062
  0
LINE
  8
0
 10
148.739
 20
-4.07495
 11
148.653
 21
-4.06952
  0
LINE
  8
0
 10
148.653
 20
-4.06952
 11
148.568
 21
-4.0606
  0
LINE
  8
0
 10
148.568
 20
-4.0606
 11
148.483
 21
-4.0482
  0
LINE
  8
0
 10
148.483
 20
-4.0482
 11
148.399
 21
-4.03192
  0
LINE
  8
0
 10
148.399
 20
-4.03192
 11
148.315
 21
-4.01255
  0
LINE
  8
0
 10
148.315
 20
-4.01255
 11
148.232
 21
-3.98929
  0
LINE
  8
0
 10
148.232
 20
-3.98929
 11
148.151
 21
-3.96294
  0
LINE
  8
0
 10
148.151
 20
-3.96294
 11
148.07
 21
-3.93271
  0
LINE
  8
0
 10
148.07
 20
-3.93271
 11
147.991
 21
-3.89976
  0
LINE
  8
0
 10
147.991
 20
-3.89976
 11
147.913
 21
-3.86294
  0
LINE
  8
0
 10
147.913
 20
-3.86294
 11
147.837
 21
-3.82341
  0
LINE
  8
0
 10
147.837
 20
-3.82341
 11
147.763
 21
-3.78039
  0
LINE
  8
0
 10
147.763
 20
-3.78039
 11
147.691
 21
-3.73427
  0
LINE
  8
0
 10
147.691
 20
-3.73427
 11
147.62
 21
-3.68543
  0
LINE
  8
0
 10
147.62
 20
-3.68543
 11
147.551
 21
-3.6335
  0
LINE
  8
0
 10
147.551
 20
-3.6335
 11
147.486
 21
-3.57846
  0
LINE
  8
0
 10
147.486
 20
-3.57846
 11
147.422
 21
-3.5211
  0
LINE
  8
0
 10
147.422
 20
-3.5211
 11
147.36
 21
-3.46103
  0
LINE
  8
0
 10
147.36
 20
-3.46103
 11
147.301
 21
-3.39863
  0
LINE
  8
0
 10
147.301
 20
-3.39863
 11
147.245
 21
-3.33352
  0
LINE
  8
0
 10
147.245
 20
-3.33352
 11
147.192
 21
-3.26608
  0
LINE
  8
0
 10
147.192
 20
-3.26608
 11
147.141
 21
-3.1967
  0
LINE
  8
0
 10
147.141
 20
-3.1967
 11
147.094
 21
-3.12539
  0
LINE
  8
0
 10
147.094
 20
-3.12539
 11
147.05
 21
-3.05175
  0
LINE
  8
0
 10
147.05
 20
-3.05175
 11
147.008
 21
-2.97656
  0
LINE
  8
0
 10
147.008
 20
-2.97656
 11
146.97
 21
-2.89982
  0
LINE
  8
0
 10
146.97
 20
-2.89982
 11
146.935
 21
-2.82115
  0
LINE
  8
0
 10
146.935
 20
-2.82115
 11
146.903
 21
-2.74131
  0
LINE
  8
0
 10
146.903
 20
-2.74131
 11
146.875
 21
-2.6603
  0
LINE
  8
0
 10
146.875
 20
-2.6603
 11
146.85
 21
-2.57814
  0
LINE
  8
0
 10
146.85
 20
-2.57814
 11
146.829
 21
-2.49481
  0
LINE
  8
0
 10
146.829
 20
-2.49481
 11
146.811
 21
-2.41109
  0
LINE
  8
0
 10
146.811
 20
-2.41109
 11
146.797
 21
-2.32621
  0
LINE
  8
0
 10
146.797
 20
-2.32621
 11
146.786
 21
-2.24095
  0
LINE
  8
0
 10
146.786
 20
-2.24095
 11
146.779
 21
-2.15568
  0
LINE
  8
0
 10
146.779
 20
-2.15568
 11
146.776
 21
-2.06964
  0
LINE
  8
0
 10
146.776
 20
-2.06964
 11
146.776
 21
-1.98399
  0
LINE
  8
0
 10
146.776
 20
-1.98399
 11
146.779
 21
-1.89795
  0
LINE
  8
0
 10
146.779
 20
-1.89795
 11
146.786
 21
-1.81268
  0
LINE
  8
0
 10
146.786
 20
-1.81268
 11
146.797
 21
-1.72741
  0
LINE
  8
0
 10
146.797
 20
-1.72741
 11
146.811
 21
-1.64254
  0
LINE
  8
0
 10
146.811
 20
-1.64254
 11
146.829
 21
-1.55882
  0
LINE
  8
0
 10
146.829
 20
-1.55882
 11
146.85
 21
-1.47549
  0
LINE
  8
0
 10
146.85
 20
-1.47549
 11
146.875
 21
-1.39333
  0
LINE
  8
0
 10
146.875
 20
-1.39333
 11
146.903
 21
-1.31232
  0
LINE
  8
0
 10
146.903
 20
-1.31232
 11
146.935
 21
-1.23248
  0
LINE
  8
0
 10
146.935
 20
-1.23248
 11
146.97
 21
-1.15381
  0
LINE
  8
0
 10
146.97
 20
-1.15381
 11
147.008
 21
-1.07707
  0
LINE
  8
0
 10
147.008
 20
-1.07707
 11
147.05
 21
-1.00188
  0
LINE
  8
0
 10
147.05
 20
-1.00188
 11
147.094
 21
-0.928238
  0
LINE
  8
0
 10
147.094
 20
-0.928238
 11
147.141
 21
-0.856924
  0
LINE
  8
0
 10
147.141
 20
-0.856924
 11
147.192
 21
-0.787549
  0
LINE
  8
0
 10
147.192
 20
-0.787549
 11
147.245
 21
-0.720111
  0
LINE
  8
0
 10
147.245
 20
-0.720111
 11
147.301
 21
-0.654999
  0
LINE
  8
0
 10
147.301
 20
-0.654999
 11
147.36
 21
-0.592599
  0
LINE
  8
0
 10
147.36
 20
-0.592599
 11
147.422
 21
-0.532526
  0
LINE
  8
0
 10
147.422
 20
-0.532526
 11
147.486
 21
-0.474777
  0
LINE
  8
0
 10
147.486
 20
-0.474777
 11
147.551
 21
-0.420129
  0
LINE
  8
0
 10
147.551
 20
-0.420129
 11
147.62
 21
-0.368195
  0
LINE
  8
0
 10
147.62
 20
-0.368195
 11
147.691
 21
-0.31936
  0
LINE
  8
0
 10
147.691
 20
-0.31936
 11
147.763
 21
-0.273239
  0
LINE
  8
0
 10
147.763
 20
-0.273239
 11
147.837
 21
-0.230219
  0
LINE
  8
0
 10
147.837
 20
-0.230219
 11
147.913
 21
-0.190686
  0
LINE
  8
0
 10
147.913
 20
-0.190686
 11
147.991
 21
-0.153867
  0
LINE
  8
0
 10
147.991
 20
-0.153867
 11
148.07
 21
-0.120923
  0
LINE
  8
0
 10
148.07
 20
-0.120923
 11
148.151
 21
-0.0906921
  0
LINE
  8
0
 10
148.151
 20
-0.0906921
 11
148.232
 21
-0.0643372
  0
LINE
  8
0
 10
148.232
 20
-0.0643372
 11
148.315
 21
-0.0410828
  0
LINE
  8
0
 10
148.315
 20
-0.0410828
 11
148.399
 21
-0.0217041
  0
LINE
  8
0
 10
148.399
 20
-0.0217041
 11
148.483
 21
-0.00542603
  0
LINE
  8
0
 10
148.483
 20
-0.00542603
 11
148.568
 21
0.00658875
  0
LINE
  8
0
 10
148.568
 20
0.00658875
 11
148.653
 21
0.0155029
  0
LINE
  8
0
 10
148.653
 20
0.0155029
 11
148.739
 21
0.020929
  0
LINE
  8
0
 10
148.739
 20
0.020929
 11
148.825
 21
0.0228668
  0
LINE
  8
0
 10
148.825
 20
0.0228668
 11
148.911
 21
0.020929
  0
LINE
  8
0
 10
148.911
 20
0.020929
 11
148.996
 21
0.0155029
  0
LINE
  8
0
 10
148.996
 20
0.0155029
 11
149.082
 21
0.00658875
  0
LINE
  8
0
 10
149.082
 20
0.00658875
 11
149.167
 21
-0.00542603
  0
LINE
  8
0
 10
149.167
 20
-0.00542603
 11
149.251
 21
-0.0217041
  0
LINE
  8
0
 10
149.251
 20
-0.0217041
 11
149.335
 21
-0.0410828
  0
LINE
  8
0
 10
149.335
 20
-0.0410828
 11
149.417
 21
-0.0643372
  0
LINE
  8
0
 10
149.417
 20
-0.0643372
 11
149.499
 21
-0.0906921
  0
LINE
  8
0
 10
149.499
 20
-0.0906921
 11
149.58
 21
-0.120923
  0
LINE
  8
0
 10
149.58
 20
-0.120923
 11
149.659
 21
-0.153867
  0
LINE
  8
0
 10
149.659
 20
-0.153867
 11
149.737
 21
-0.190686
  0
LINE
  8
0
 10
149.737
 20
-0.190686
 11
149.813
 21
-0.230219
  0
LINE
  8
0
 10
149.813
 20
-0.230219
 11
149.887
 21
-0.273239
  0
LINE
  8
0
 10
149.887
 20
-0.273239
 11
149.959
 21
-0.31936
  0
LINE
  8
0
 10
149.959
 20
-0.31936
 11
150.03
 21
-0.368195
  0
LINE
  8
0
 10
150.03
 20
-0.368195
 11
150.098
 21
-0.420129
  0
LINE
  8
0
 10
150.098
 20
-0.420129
 11
150.164
 21
-0.474777
  0
LINE
  8
0
 10
150.164
 20
-0.474777
 11
150.228
 21
-0.532526
  0
LINE
  8
0
 10
150.228
 20
-0.532526
 11
150.29
 21
-0.592599
  0
LINE
  8
0
 10
150.29
 20
-0.592599
 11
150.348
 21
-0.654999
  0
LINE
  8
0
 10
150.348
 20
-0.654999
 11
150.404
 21
-0.720111
  0
LINE
  8
0
 10
150.404
 20
-0.720111
 11
150.458
 21
-0.787549
  0
LINE
  8
0
 10
150.458
 20
-0.787549
 11
150.508
 21
-0.856924
  0
LINE
  8
0
 10
150.508
 20
-0.856924
 11
150.556
 21
-0.928238
  0
LINE
  8
0
 10
150.556
 20
-0.928238
 11
150.6
 21
-1.00188
  0
LINE
  8
0
 10
150.6
 20
-1.00188
 11
150.642
 21
-1.07707
  0
LINE
  8
0
 10
150.642
 20
-1.07707
 11
150.68
 21
-1.15381
  0
LINE
  8
0
 10
150.68
 20
-1.15381
 11
150.715
 21
-1.23248
  0
LINE
  8
0
 10
150.715
 20
-1.23248
 11
150.746
 21
-1.31232
  0
LINE
  8
0
 10
150.746
 20
-1.31232
 11
150.775
 21
-1.39333
  0
LINE
  8
0
 10
150.775
 20
-1.39333
 11
150.799
 21
-1.47549
  0
LINE
  8
0
 10
150.799
 20
-1.47549
 11
150.821
 21
-1.55882
  0
LINE
  8
0
 10
150.821
 20
-1.55882
 11
150.838
 21
-1.64254
  0
LINE
  8
0
 10
150.838
 20
-1.64254
 11
150.853
 21
-1.72741
  0
LINE
  8
0
 10
150.853
 20
-1.72741
 11
150.864
 21
-1.81268
  0
LINE
  8
0
 10
150.864
 20
-1.81268
 11
150.871
 21
-1.89795
  0
LINE
  8
0
 10
150.871
 20
-1.89795
 11
150.875
 21
-1.98399
  0
LINE
  8
0
 10
150.875
 20
-1.98399
 11
150.875
 21
-2.06964
  0
LINE
  8
0
 10
150.875
 20
-2.06964
 11
150.871
 21
-2.15568
  0
LINE
  8
0
 10
150.871
 20
-2.15568
 11
150.864
 21
-2.24095
  0
LINE
  8
0
 10
150.864
 20
-2.24095
 11
150.853
 21
-2.32621
  0
LINE
  8
0
 10
150.853
 20
-2.32621
 11
150.838
 21
-2.41109
  0
LINE
  8
0
 10
150.838
 20
-2.41109
 11
150.821
 21
-2.49481
  0
LINE
  8
0
 10
150.821
 20
-2.49481
 11
150.799
 21
-2.57814
  0
LINE
  8
0
 10
150.799
 20
-2.57814
 11
150.775
 21
-2.6603
  0
LINE
  8
0
 10
150.775
 20
-2.6603
 11
150.746
 21
-2.74131
  0
LINE
  8
0
 10
150.746
 20
-2.74131
 11
150.715
 21
-2.82115
  0
LINE
  8
0
 10
150.715
 20
-2.82115
 11
150.68
 21
-2.89982
  0
LINE
  8
0
 10
150.68
 20
-2.89982
 11
150.642
 21
-2.97656
  0
LINE
  8
0
 10
150.642
 20
-2.97656
 11
150.6
 21
-3.05175
  0
LINE
  8
0
 10
150.6
 20
-3.05175
 11
150.556
 21
-3.12539
  0
LINE
  8
0
 10
150.556
 20
-3.12539
 11
150.508
 21
-3.1967
  0
LINE
  8
0
 10
150.508
 20
-3.1967
 11
150.458
 21
-3.26608
  0
LINE
  8
0
 10
150.458
 20
-3.26608
 11
150.404
 21
-3.33352
  0
LINE
  8
0
 10
150.404
 20
-3.33352
 11
150.348
 21
-3.39863
  0
LINE
  8
0
 10
150.348
 20
-3.39863
 11
150.29
 21
-3.46103
  0
LINE
  8
0
 10
150.29
 20
-3.46103
 11
150.228
 21
-3.5211
  0
LINE
  8
0
 10
150.228
 20
-3.5211
 11
150.164
 21
-3.57846
  0
LINE
  8
0
 10
150.164
 20
-3.57846
 11
150.098
 21
-3.6335
  0
LINE
  8
0
 10
150.098
 20
-3.6335
 11
150.03
 21
-3.68543
  0
LINE
  8
0
 10
150.03
 20
-3.68543
 11
149.959
 21
-3.73427
  0
LINE
  8
0
 10
149.959
 20
-3.73427
 11
149.887
 21
-3.78039
  0
LINE
  8
0
 10
149.887
 20
-3.78039
 11
149.813
 21
-3.82341
  0
LINE
  8
0
 10
149.813
 20
-3.82341
 11
149.737
 21
-3.86294
  0
LINE
  8
0
 10
149.737
 20
-3.86294
 11
149.659
 21
-3.89976
  0
LINE
  8
0
 10
149.659
 20
-3.89976
 11
149.58
 21
-3.93271
  0
LINE
  8
0
 10
149.58
 20
-3.93271
 11
149.499
 21
-3.96294
  0
LINE
  8
0
 10
149.499
 20
-3.96294
 11
149.417
 21
-3.98929
  0
LINE
  8
0
 10
149.417
 20
-3.98929
 11
149.335
 21
-4.01255
  0
LINE
  8
0
 10
149.335
 20
-4.01255
 11
149.251
 21
-4.03192
  0
LINE
  8
0
 10
149.251
 20
-4.03192
 11
149.167
 21
-4.0482
  0
LINE
  8
0
 10
149.167
 20
-4.0482
 11
149.082
 21
-4.0606
  0
LINE
  8
0
 10
149.082
 20
-4.0606
 11
148.996
 21
-4.06952
  0
LINE
  8
0
 10
148.996
 20
-4.06952
 11
148.911
 21
-4.07495
  0
LINE
  8
0
 10
148.911
 20
-4.07495
 11
148.825
 21
-4.07688
  0
LINE
  8
0
 10
148.825
 20
-4.07688
 11
148.739
 21
-4.07495
  0
LINE
  8
0
 10
148.739
 20
-20.0751
 11
148.653
 21
-20.0697
  0
LINE
  8
0
 10
148.653
 20
-20.0697
 11
148.568
 21
-20.0608
  0
LINE
  8
0
 10
148.568
 20
-20.0608
 11
148.483
 21
-20.048
  0
LINE
  8
0
 10
148.483
 20
-20.048
 11
148.399
 21
-20.0321
  0
LINE
  8
0
 10
148.399
 20
-20.0321
 11
148.315
 21
-20.0123
  0
LINE
  8
0
 10
148.315
 20
-20.0123
 11
148.232
 21
-19.9895
  0
LINE
  8
0
 10
148.232
 20
-19.9895
 11
148.151
 21
-19.9627
  0
LINE
  8
0
 10
148.151
 20
-19.9627
 11
148.07
 21
-19.9329
  0
LINE
  8
0
 10
148.07
 20
-19.9329
 11
147.991
 21
-19.8996
  0
LINE
  8
0
 10
147.991
 20
-19.8996
 11
147.913
 21
-19.8631
  0
LINE
  8
0
 10
147.913
 20
-19.8631
 11
147.837
 21
-19.8232
  0
LINE
  8
0
 10
147.837
 20
-19.8232
 11
147.763
 21
-19.7802
  0
LINE
  8
0
 10
147.763
 20
-19.7802
 11
147.691
 21
-19.7345
  0
LINE
  8
0
 10
147.691
 20
-19.7345
 11
147.62
 21
-19.6852
  0
LINE
  8
0
 10
147.62
 20
-19.6852
 11
147.551
 21
-19.6333
  0
LINE
  8
0
 10
147.551
 20
-19.6333
 11
147.486
 21
-19.5786
  0
LINE
  8
0
 10
147.486
 20
-19.5786
 11
147.422
 21
-19.5213
  0
LINE
  8
0
 10
147.422
 20
-19.5213
 11
147.36
 21
-19.4612
  0
LINE
  8
0
 10
147.36
 20
-19.4612
 11
147.301
 21
-19.3984
  0
LINE
  8
0
 10
147.301
 20
-19.3984
 11
147.245
 21
-19.3337
  0
LINE
  8
0
 10
147.245
 20
-19.3337
 11
147.192
 21
-19.2663
  0
LINE
  8
0
 10
147.192
 20
-19.2663
 11
147.141
 21
-19.1969
  0
LINE
  8
0
 10
147.141
 20
-19.1969
 11
147.094
 21
-19.1252
  0
LINE
  8
0
 10
147.094
 20
-19.1252
 11
147.05
 21
-19.0519
  0
LINE
  8
0
 10
147.05
 20
-19.0519
 11
147.008
 21
-18.9767
  0
LINE
  8
0
 10
147.008
 20
-18.9767
 11
146.97
 21
-18.8996
  0
LINE
  8
0
 10
146.97
 20
-18.8996
 11
146.935
 21
-18.8213
  0
LINE
  8
0
 10
146.935
 20
-18.8213
 11
146.903
 21
-18.7415
  0
LINE
  8
0
 10
146.903
 20
-18.7415
 11
146.875
 21
-18.6601
  0
LINE
  8
0
 10
146.875
 20
-18.6601
 11
146.85
 21
-18.5779
  0
LINE
  8
0
 10
146.85
 20
-18.5779
 11
146.829
 21
-18.495
  0
LINE
  8
0
 10
146.829
 20
-18.495
 11
146.811
 21
-18.4109
  0
LINE
  8
0
 10
146.811
 20
-18.4109
 11
146.797
 21
-18.3264
  0
LINE
  8
0
 10
146.797
 20
-18.3264
 11
146.786
 21
-18.2411
  0
LINE
  8
0
 10
146.786
 20
-18.2411
 11
146.779
 21
-18.1555
  0
LINE
  8
0
 10
146.779
 20
-18.1555
 11
146.776
 21
-18.0698
  0
LINE
  8
0
 10
146.776
 20
-18.0698
 11
146.776
 21
-17.9838
  0
LINE
  8
0
 10
146.776
 20
-17.9838
 11
146.779
 21
-17.8981
  0
LINE
  8
0
 10
146.779
 20
-17.8981
 11
146.786
 21
-17.8125
  0
LINE
  8
0
 10
146.786
 20
-17.8125
 11
146.797
 21
-17.7272
  0
LINE
  8
0
 10
146.797
 20
-17.7272
 11
146.811
 21
-17.6427
  0
LINE
  8
0
 10
146.811
 20
-17.6427
 11
146.829
 21
-17.5586
  0
LINE
  8
0
 10
146.829
 20
-17.5586
 11
146.85
 21
-17.4757
  0
LINE
  8
0
 10
146.85
 20
-17.4757
 11
146.875
 21
-17.3935
  0
LINE
  8
0
 10
146.875
 20
-17.3935
 11
146.903
 21
-17.3121
  0
LINE
  8
0
 10
146.903
 20
-17.3121
 11
146.935
 21
-17.2323
  0
LINE
  8
0
 10
146.935
 20
-17.2323
 11
146.97
 21
-17.154
  0
LINE
  8
0
 10
146.97
 20
-17.154
 11
147.008
 21
-17.0769
  0
LINE
  8
0
 10
147.008
 20
-17.0769
 11
147.05
 21
-17.0017
  0
LINE
  8
0
 10
147.05
 20
-17.0017
 11
147.094
 21
-16.9284
  0
LINE
  8
0
 10
147.094
 20
-16.9284
 11
147.141
 21
-16.8567
  0
LINE
  8
0
 10
147.141
 20
-16.8567
 11
147.192
 21
-16.7873
  0
LINE
  8
0
 10
147.192
 20
-16.7873
 11
147.245
 21
-16.7199
  0
LINE
  8
0
 10
147.245
 20
-16.7199
 11
147.301
 21
-16.6552
  0
LINE
  8
0
 10
147.301
 20
-16.6552
 11
147.36
 21
-16.5924
  0
LINE
  8
0
 10
147.36
 20
-16.5924
 11
147.422
 21
-16.5323
  0
LINE
  8
0
 10
147.422
 20
-16.5323
 11
147.486
 21
-16.475
  0
LINE
  8
0
 10
147.486
 20
-16.475
 11
147.551
 21
-16.4203
  0
LINE
  8
0
 10
147.551
 20
-16.4203
 11
147.62
 21
-16.3684
  0
LINE
  8
0
 10
147.62
 20
-16.3684
 11
147.691
 21
-16.3192
  0
LINE
  8
0
 10
147.691
 20
-16.3192
 11
147.763
 21
-16.2734
  0
LINE
  8
0
 10
147.763
 20
-16.2734
 11
147.837
 21
-16.2304
  0
LINE
  8
0
 10
147.837
 20
-16.2304
 11
147.913
 21
-16.1905
  0
LINE
  8
0
 10
147.913
 20
-16.1905
 11
147.991
 21
-16.1541
  0
LINE
  8
0
 10
147.991
 20
-16.1541
 11
148.07
 21
-16.1207
  0
LINE
  8
0
 10
148.07
 20
-16.1207
 11
148.151
 21
-16.0909
  0
LINE
  8
0
 10
148.151
 20
-16.0909
 11
148.232
 21
-16.0641
  0
LINE
  8
0
 10
148.232
 20
-16.0641
 11
148.315
 21
-16.0413
  0
LINE
  8
0
 10
148.315
 20
-16.0413
 11
148.399
 21
-16.0215
  0
LINE
  8
0
 10
148.399
 20
-16.0215
 11
148.483
 21
-16.0056
  0
LINE
  8
0
 10
148.483
 20
-16.0056
 11
148.568
 21
-15.9928
  0
LINE
  8
0
 10
148.568
 20
-15.9928
 11
148.653
 21
-15.9839
  0
LINE
  8
0
 10
148.653
 20
-15.9839
 11
148.739
 21
-15.9785
  0
LINE
  8
0
 10
148.739
 20
-15.9785
 11
148.825
 21
-15.9769
  0
LINE
  8
0
 10
148.825
 20
-15.9769
 11
148.911
 21
-15.9785
  0
LINE
  8
0
 10
148.911
 20
-15.9785
 11
148.996
 21
-15.9839
  0
LINE
  8
0
 10
148.996
 20
-15.9839
 11
149.082
 21
-15.9928
  0
LINE
  8
0
 10
149.082
 20
-15.9928
 11
149.167
 21
-16.0056
  0
LINE
  8
0
 10
149.167
 20
-16.0056
 11
149.251
 21
-16.0215
  0
LINE
  8
0
 10
149.251
 20
-16.0215
 11
149.335
 21
-16.0413
  0
LINE
  8
0
 10
149.335
 20
-16.0413
 11
149.417
 21
-16.0641
  0
LINE
  8
0
 10
149.417
 20
-16.0641
 11
149.499
 21
-16.0909
  0
LINE
  8
0
 10
149.499
 20
-16.0909
 11
149.58
 21
-16.1207
  0
LINE
  8
0
 10
149.58
 20
-16.1207
 11
149.659
 21
-16.1541
  0
LINE
  8
0
 10
149.659
 20
-16.1541
 11
149.737
 21
-16.1905
  0
LINE
  8
0
 10
149.737
 20
-16.1905
 11
149.813
 21
-16.2304
  0
LINE
  8
0
 10
149.813
 20
-16.2304
 11
149.887
 21
-16.2734
  0
LINE
  8
0
 10
149.887
 20
-16.2734
 11
149.959
 21
-16.3192
  0
LINE
  8
0
 10
149.959
 20
-16.3192
 11
150.03
 21
-16.3684
  0
LINE
  8
0
 10
150.03
 20
-16.3684
 11
150.098
 21
-16.4203
  0
LINE
  8
0
 10
150.098
 20
-16.4203
 11
150.164
 21
-16.475
  0
LINE
  8
0
 10
150.164
 20
-16.475
 11
150.228
 21
-16.5323
  0
LINE
  8
0
 10
150.228
 20
-16.5323
 11
150.29
 21
-16.5924
  0
LINE
  8
0
 10
150.29
 20
-16.5924
 11
150.348
 21
-16.6552
  0
LINE
  8
0
 10
150.348
 20
-16.6552
 11
150.404
 21
-16.7199
  0
LINE
  8
0
 10
150.404
 20
-16.7199
 11
150.458
 21
-16.7873
  0
LINE
  8
0
 10
150.458
 20
-16.7873
 11
150.508
 21
-16.8567
  0
LINE
  8
0
 10
150.508
 20
-16.8567
 11
150.556
 21
-16.9284
  0
LINE
  8
0
 10
150.556
 20
-16.9284
 11
150.6
 21
-17.0017
  0
LINE
  8
0
 10
150.6
 20
-17.0017
 11
150.642
 21
-17.0769
  0
LINE
  8
0
 10
150.642
 20
-17.0769
 11
150.68
 21
-17.154
  0
LINE
  8
0
 10
150.68
 20
-17.154
 11
150.715
 21
-17.2323
  0
LINE
  8
0
 10
150.715
 20
-17.2323
 11
150.746
 21
-17.3121
  0
LINE
  8
0
 10
150.746
 20
-17.3121
 11
150.775
 21
-17.3935
  0
LINE
  8
0
 10
150.775
 20
-17.3935
 11
150.799
 21
-17.4757
  0
LINE
  8
0
 10
150.799
 20
-17.4757
 11
150.821
 21
-17.5586
  0
LINE
  8
0
 10
150.821
 20
-17.5586
 11
150.838
 21
-17.6427
  0
LINE
  8
0
 10
150.838
 20
-17.6427
 11
150.853
 21
-17.7272
  0
LINE
  8
0
 10
150.853
 20
-17.7272
 11
150.864
 21
-17.8125
  0
LINE
  8
0
 10
150.864
 20
-17.8125
 11
150.871
 21
-17.8981
  0
LINE
  8
0
 10
150.871
 20
-17.8981
 11
150.875
 21
-17.9838
  0
LINE
  8
0
 10
150.875
 20
-17.9838
 11
150.875
 21
-18.0698
  0
LINE
  8
0
 10
150.875
 20
-18.0698
 11
150.871
 21
-18.1555
  0
LINE
  8
0
 10
150.871
 20
-18.1555
 11
150.864
 21
-18.2411
  0
LINE
  8
0
 10
150.864
 20
-18.2411
 11
150.853
 21
-18.3264
  0
LINE
  8
0
 10
150.853
 20
-18.3264
 11
150.838
 21
-18.4109
  0
LINE
  8
0
 10
150.838
 20
-18.4109
 11
150.821
 21
-18.495
  0
LINE
  8
0
 10
150.821
 20
-18.495
 11
150.799
 21
-18.5779
  0
LINE
  8
0
 10
150.799
 20
-18.5779
 11
150.775
 21
-18.6601
  0
LINE
  8
0
 10
150.775
 20
-18.6601
 11
150.746
 21
-18.7415
  0
LINE
  8
0
 10
150.746
 20
-18.7415
 11
150.715
 21
-18.8213
  0
LINE
  8
0
 10
150.715
 20
-18.8213
 11
150.68
 21
-18.8996
  0
LINE
  8
0
 10
150.68
 20
-18.8996
 11
150.642
 21
-18.9767
  0
LINE
  8
0
 10
150.642
 20
-18.9767
 11
150.6
 21
-19.0519
  0
LINE
  8
0
 10
150.6
 20
-19.0519
 11
150.556
 21
-19.1252
  0
LINE
  8
0
 10
150.556
 20
-19.1252
 11
150.508
 21
-19.1969
  0
LINE
  8
0
 10
150.508
 20
-19.1969
 11
150.458
 21
-19.2663
  0
LINE
  8
0
 10
150.458
 20
-19.2663
 11
150.404
 21
-19.3337
  0
LINE
  8
0
 10
150.404
 20
-19.3337
 11
150.348
 21
-19.3984
  0
LINE
  8
0
 10
150.348
 20
-19.3984
 11
150.29
 21
-19.4612
  0
LINE
  8
0
 10
150.29
 20
-19.4612
 11
150.228
 21
-19.5213
  0
LINE
  8
0
 10
150.228
 20
-19.5213
 11
150.164
 21
-19.5786
  0
LINE
  8
0
 10
150.164
 20
-19.5786
 11
150.098
 21
-19.6333
  0
LINE
  8
0
 10
150.098
 20
-19.6333
 11
150.03
 21
-19.6852
  0
LINE
  8
0
 10
150.03
 20
-19.6852
 11
149.959
 21
-19.7345
  0
LINE
  8
0
 10
149.959
 20
-19.7345
 11
149.887
 21
-19.7802
  0
LINE
  8
0
 10
149.887
 20
-19.7802
 11
149.813
 21
-19.8232
  0
LINE
  8
0
 10
149.813
 20
-19.8232
 11
149.737
 21
-19.8631
  0
LINE
  8
0
 10
149.737
 20
-19.8631
 11
149.659
 21
-19.8996
  0
LINE
  8
0
 10
149.659
 20
-19.8996
 11
149.58
 21
-19.9329
  0
LINE
  8
0
 10
149.58
 20
-19.9329
 11
149.499
 21
-19.9627
  0
LINE
  8
0
 10
149.499
 20
-19.9627
 11
149.417
 21
-19.9895
  0
LINE
  8
0
 10
149.417
 20
-19.9895
 11
149.335
 21
-20.0123
  0
LINE
  8
0
 10
149.335
 20
-20.0123
 11
149.251
 21
-20.0321
  0
LINE
  8
0
 10
149.251
 20
-20.0321
 11
149.167
 21
-20.048
  0
LINE
  8
0
 10
149.167
 20
-20.048
 11
149.082
 21
-20.0608
  0
LINE
  8
0
 10
149.082
 20
-20.0608
 11
148.996
 21
-20.0697
  0
LINE
  8
0
 10
148.996
 20
-20.0697
 11
148.911
 21
-20.0751
  0
LINE
  8
0
 10
148.911
 20
-20.0751
 11
148.825
 21
-20.0767
  0
LINE
  8
0
 10
148.825
 20
-20.0767
 11
148.739
 21
-20.0751
  0
LINE
  8
0
 10
148.739
 20
-36.0749
 11
148.653
 21
-36.0695
  0
LINE
  8
0
 10
148.653
 20
-36.0695
 11
148.568
 21
-36.0606
  0
LINE
  8
0
 10
148.568
 20
-36.0606
 11
148.483
 21
-36.0482
  0
LINE
  8
0
 10
148.483
 20
-36.0482
 11
148.399
 21
-36.0319
  0
LINE
  8
0
 10
148.399
 20
-36.0319
 11
148.315
 21
-36.0125
  0
LINE
  8
0
 10
148.315
 20
-36.0125
 11
148.232
 21
-35.9893
  0
LINE
  8
0
 10
148.232
 20
-35.9893
 11
148.151
 21
-35.9629
  0
LINE
  8
0
 10
148.151
 20
-35.9629
 11
148.07
 21
-35.9327
  0
LINE
  8
0
 10
148.07
 20
-35.9327
 11
147.991
 21
-35.8997
  0
LINE
  8
0
 10
147.991
 20
-35.8997
 11
147.913
 21
-35.8629
  0
LINE
  8
0
 10
147.913
 20
-35.8629
 11
147.837
 21
-35.8234
  0
LINE
  8
0
 10
147.837
 20
-35.8234
 11
147.763
 21
-35.7804
  0
LINE
  8
0
 10
147.763
 20
-35.7804
 11
147.691
 21
-35.7343
  0
LINE
  8
0
 10
147.691
 20
-35.7343
 11
147.62
 21
-35.6854
  0
LINE
  8
0
 10
147.62
 20
-35.6854
 11
147.551
 21
-35.6335
  0
LINE
  8
0
 10
147.551
 20
-35.6335
 11
147.486
 21
-35.5788
  0
LINE
  8
0
 10
147.486
 20
-35.5788
 11
147.422
 21
-35.5211
  0
LINE
  8
0
 10
147.422
 20
-35.5211
 11
147.36
 21
-35.461
  0
LINE
  8
0
 10
147.36
 20
-35.461
 11
147.301
 21
-35.3986
  0
LINE
  8
0
 10
147.301
 20
-35.3986
 11
147.245
 21
-35.3335
  0
LINE
  8
0
 10
147.245
 20
-35.3335
 11
147.192
 21
-35.2661
  0
LINE
  8
0
 10
147.192
 20
-35.2661
 11
147.141
 21
-35.1967
  0
LINE
  8
0
 10
147.141
 20
-35.1967
 11
147.094
 21
-35.1254
  0
LINE
  8
0
 10
147.094
 20
-35.1254
 11
147.05
 21
-35.0517
  0
LINE
  8
0
 10
147.05
 20
-35.0517
 11
147.008
 21
-34.9765
  0
LINE
  8
0
 10
147.008
 20
-34.9765
 11
146.97
 21
-34.8998
  0
LINE
  8
0
 10
146.97
 20
-34.8998
 11
146.935
 21
-34.8211
  0
LINE
  8
0
 10
146.935
 20
-34.8211
 11
146.903
 21
-34.7413
  0
LINE
  8
0
 10
146.903
 20
-34.7413
 11
146.875
 21
-34.6603
  0
LINE
  8
0
 10
146.875
 20
-34.6603
 11
146.85
 21
-34.5781
  0
LINE
  8
0
 10
146.85
 20
-34.5781
 11
146.829
 21
-34.4948
  0
LINE
  8
0
 10
146.829
 20
-34.4948
 11
146.811
 21
-34.4111
  0
LINE
  8
0
 10
146.811
 20
-34.4111
 11
146.797
 21
-34.3262
  0
LINE
  8
0
 10
146.797
 20
-34.3262
 11
146.786
 21
-34.2409
  0
LINE
  8
0
 10
146.786
 20
-34.2409
 11
146.779
 21
-34.1557
  0
LINE
  8
0
 10
146.779
 20
-34.1557
 11
146.776
 21
-34.0696
  0
LINE
  8
0
 10
146.776
 20
-34.0696
 11
146.776
 21
-33.984
  0
LINE
  8
0
 10
146.776
 20
-33.984
 11
146.779
 21
-33.8979
  0
LINE
  8
0
 10
146.779
 20
-33.8979
 11
146.786
 21
-33.8127
  0
LINE
  8
0
 10
146.786
 20
-33.8127
 11
146.797
 21
-33.7274
  0
LINE
  8
0
 10
146.797
 20
-33.7274
 11
146.811
 21
-33.6425
  0
LINE
  8
0
 10
146.811
 20
-33.6425
 11
146.829
 21
-33.5588
  0
LINE
  8
0
 10
146.829
 20
-33.5588
 11
146.85
 21
-33.4755
  0
LINE
  8
0
 10
146.85
 20
-33.4755
 11
146.875
 21
-33.3933
  0
LINE
  8
0
 10
146.875
 20
-33.3933
 11
146.903
 21
-33.3123
  0
LINE
  8
0
 10
146.903
 20
-33.3123
 11
146.935
 21
-33.2325
  0
LINE
  8
0
 10
146.935
 20
-33.2325
 11
146.97
 21
-33.1538
  0
LINE
  8
0
 10
146.97
 20
-33.1538
 11
147.008
 21
-33.0771
  0
LINE
  8
0
 10
147.008
 20
-33.0771
 11
147.05
 21
-33.0019
  0
LINE
  8
0
 10
147.05
 20
-33.0019
 11
147.094
 21
-32.9282
  0
LINE
  8
0
 10
147.094
 20
-32.9282
 11
147.141
 21
-32.8569
  0
LINE
  8
0
 10
147.141
 20
-32.8569
 11
147.192
 21
-32.7875
  0
LINE
  8
0
 10
147.192
 20
-32.7875
 11
147.245
 21
-32.7201
  0
LINE
  8
0
 10
147.245
 20
-32.7201
 11
147.301
 21
-32.655
  0
LINE
  8
0
 10
147.301
 20
-32.655
 11
147.36
 21
-32.5926
  0
LINE
  8
0
 10
147.36
 20
-32.5926
 11
147.422
 21
-32.5325
  0
LINE
  8
0
 10
147.422
 20
-32.5325
 11
147.486
 21
-32.4751
  0
LINE
  8
0
 10
147.486
 20
-32.4751
 11
147.551
 21
-32.4201
  0
LINE
  8
0
 10
147.551
 20
-32.4201
 11
147.62
 21
-32.3682
  0
LINE
  8
0
 10
147.62
 20
-32.3682
 11
147.691
 21
-32.3193
  0
LINE
  8
0
 10
147.691
 20
-32.3193
 11
147.763
 21
-32.2732
  0
LINE
  8
0
 10
147.763
 20
-32.2732
 11
147.837
 21
-32.2302
  0
LINE
  8
0
 10
147.837
 20
-32.2302
 11
147.913
 21
-32.1907
  0
LINE
  8
0
 10
147.913
 20
-32.1907
 11
147.991
 21
-32.1539
  0
LINE
  8
0
 10
147.991
 20
-32.1539
 11
148.07
 21
-32.1209
  0
LINE
  8
0
 10
148.07
 20
-32.1209
 11
148.151
 21
-32.0907
  0
LINE
  8
0
 10
148.151
 20
-32.0907
 11
148.232
 21
-32.0643
  0
LINE
  8
0
 10
148.232
 20
-32.0643
 11
148.315
 21
-32.0411
  0
LINE
  8
0
 10
148.315
 20
-32.0411
 11
148.399
 21
-32.0217
  0
LINE
  8
0
 10
148.399
 20
-32.0217
 11
148.483
 21
-32.0054
  0
LINE
  8
0
 10
148.483
 20
-32.0054
 11
148.568
 21
-31.993
  0
LINE
  8
0
 10
148.568
 20
-31.993
 11
148.653
 21
-31.9841
  0
LINE
  8
0
 10
148.653
 20
-31.9841
 11
148.739
 21
-31.9787
  0
LINE
  8
0
 10
148.739
 20
-31.9787
 11
148.825
 21
-31.9767
  0
LINE
  8
0
 10
148.825
 20
-31.9767
 11
148.911
 21
-31.9787
  0
LINE
  8
0
 10
148.911
 20
-31.9787
 11
148.996
 21
-31.9841
  0
LINE
  8
0
 10
148.996
 20
-31.9841
 11
149.082
 21
-31.993
  0
LINE
  8
0
 10
149.082
 20
-31.993
 11
149.167
 21
-32.0054
  0
LINE
  8
0
 10
149.167
 20
-32.0054
 11
149.251
 21
-32.0217
  0
LINE
  8
0
 10
149.251
 20
-32.0217
 11
149.335
 21
-32.0411
  0
LINE
  8
0
 10
149.335
 20
-32.0411
 11
149.417
 21
-32.0643
  0
LINE
  8
0
 10
149.417
 20
-32.0643
 11
149.499
 21
-32.0907
  0
LINE
  8
0
 10
149.499
 20
-32.0907
 11
149.58
 21
-32.1209
  0
LINE
  8
0
 10
149.58
 20
-32.1209
 11
149.659
 21
-32.1539
  0
LINE
  8
0
 10
149.659
 20
-32.1539
 11
149.737
 21
-32.1907
  0
LINE
  8
0
 10
149.737
 20
-32.1907
 11
149.813
 21
-32.2302
  0
LINE
  8
0
 10
149.813
 20
-32.2302
 11
149.887
 21
-32.2732
  0
LINE
  8
0
 10
149.887
 20
-32.2732
 11
149.959
 21
-32.3193
  0
LINE
  8
0
 10
149.959
 20
-32.3193
 11
150.03
 21
-32.3682
  0
LINE
  8
0
 10
150.03
 20
-32.3682
 11
150.098
 21
-32.4201
  0
LINE
  8
0
 10
150.098
 20
-32.4201
 11
150.164
 21
-32.4751
  0
LINE
  8
0
 10
150.164
 20
-32.4751
 11
150.228
 21
-32.5325
  0
LINE
  8
0
 10
150.228
 20
-32.5325
 11
150.29
 21
-32.5926
  0
LINE
  8
0
 10
150.29
 20
-32.5926
 11
150.348
 21
-32.655
  0
LINE
  8
0
 10
150.348
 20
-32.655
 11
150.404
 21
-32.7201
  0
LINE
  8
0
 10
150.404
 20
-32.7201
 11
150.458
 21
-32.7875
  0
LINE
  8
0
 10
150.458
 20
-32.7875
 11
150.508
 21
-32.8569
  0
LINE
  8
0
 10
150.508
 20
-32.8569
 11
150.556
 21
-32.9282
  0
LINE
  8
0
 10
150.556
 20
-32.9282
 11
150.6
 21
-33.0019
  0
LINE
  8
0
 10
150.6
 20
-33.0019
 11
150.642
 21
-33.0771
  0
LINE
  8
0
 10
150.642
 20
-33.0771
 11
150.68
 21
-33.1538
  0
LINE
  8
0
 10
150.68
 20
-33.1538
 11
150.715
 21
-33.2325
  0
LINE
  8
0
 10
150.715
 20
-33.2325
 11
150.746
 21
-33.3123
  0
LINE
  8
0
 10
150.746
 20
-33.3123
 11
150.775
 21
-33.3933
  0
LINE
  8
0
 10
150.775
 20
-33.3933
 11
150.799
 21
-33.4755
  0
LINE
  8
0
 10
150.799
 20
-33.4755
 11
150.821
 21
-33.5588
  0
LINE
  8
0
 10
150.821
 20
-33.5588
 11
150.838
 21
-33.6425
  0
LINE
  8
0
 10
150.838
 20
-33.6425
 11
150.853
 21
-33.7274
  0
LINE
  8
0
 10
150.853
 20
-33.7274
 11
150.864
 21
-33.8127
  0
LINE
  8
0
 10
150.864
 20
-33.8127
 11
150.871
 21
-33.8979
  0
LINE
  8
0
 10
150.871
 20
-33.8979
 11
150.875
 21
-33.984
  0
LINE
  8
0
 10
150.875
 20
-33.984
 11
150.875
 21
-34.0696
  0
LINE
  8
0
 10
150.875
 20
-34.0696
 11
150.871
 21
-34.1557
  0
LINE
  8
0
 10
150.871
 20
-34.1557
 11
150.864
 21
-34.2409
  0
LINE
  8
0
 10
150.864
 20
-34.2409
 11
150.853
 21
-34.3262
  0
LINE
  8
0
 10
150.853
 20
-34.3262
 11
150.838
 21
-34.4111
  0
LINE
  8
0
 10
150.838
 20
-34.4111
 11
150.821
 21
-34.4948
  0
LINE
  8
0
 10
150.821
 20
-34.4948
 11
150.799
 21
-34.5781
  0
LINE
  8
0
 10
150.799
 20
-34.5781
 11
150.775
 21
-34.6603
  0
LINE
  8
0
 10
150.775
 20
-34.6603
 11
150.746
 21
-34.7413
  0
LINE
  8
0
 10
150.746
 20
-34.7413
 11
150.715
 21
-34.8211
  0
LINE
  8
0
 10
150.715
 20
-34.8211
 11
150.68
 21
-34.8998
  0
LINE
  8
0
 10
150.68
 20
-34.8998
 11
150.642
 21
-34.9765
  0
LINE
  8
0
 10
150.642
 20
-34.9765
 11
150.6
 21
-35.0517
  0
LINE
  8
0
 10
150.6
 20
-35.0517
 11
150.556
 21
-35.1254
  0
LINE
  8
0
 10
150.556
 20
-35.1254
 11
150.508
 21
-35.1967
  0
LINE
  8
0
 10
150.508
 20
-35.1967
 11
150.458
 21
-35.2661
  0
LINE
  8
0
 10
150.458
 20
-35.2661
 11
150.404
 21
-35.3335
  0
LINE
  8
0
 10
150.404
 20
-35.3335
 11
150.348
 21
-35.3986
  0
LINE
  8
0
 10
150.348
 20
-35.3986
 11
150.29
 21
-35.461
  0
LINE
  8
0
 10
150.29
 20
-35.461
 11
150.228
 21
-35.5211
  0
LINE
  8
0
 10
150.228
 20
-35.5211
 11
150.164
 21
-35.5788
  0
LINE
  8
0
 10
150.164
 20
-35.5788
 11
150.098
 21
-35.6335
  0
LINE
  8
0
 10
150.098
 20
-35.6335
 11
150.03
 21
-35.6854
  0
LINE
  8
0
 10
150.03
 20
-35.6854
 11
149.959
 21
-35.7343
  0
LINE
  8
0
 10
149.959
 20
-35.7343
 11
149.887
 21
-35.7804
  0
LINE
  8
0
 10
149.887
 20
-35.7804
 11
149.813
 21
-35.8234
  0
LINE
  8
0
 10
149.813
 20
-35.8234
 11
149.737
 21
-35.8629
  0
LINE
  8
0
 10
149.737
 20
-35.8629
 11
149.659
 21
-35.8997
  0
LINE
  8
0
 10
149.659
 20
-35.8997
 11
149.58
 21
-35.9327
  0
LINE
  8
0
 10
149.58
 20
-35.9327
 11
149.499
 21
-35.9629
  0
LINE
  8
0
 10
149.499
 20
-35.9629
 11
149.417
 21
-35.9893
  0
LINE
  8
0
 10
149.417
 20
-35.9893
 11
149.335
 21
-36.0125
  0
LINE
  8
0
 10
149.335
 20
-36.0125
 11
149.251
 21
-36.0319
  0
LINE
  8
0
 10
149.251
 20
-36.0319
 11
149.167
 21
-36.0482
  0
LINE
  8
0
 10
149.167
 20
-36.0482
 11
149.082
 21
-36.0606
  0
LINE
  8
0
 10
149.082
 20
-36.0606
 11
148.996
 21
-36.0695
  0
LINE
  8
0
 10
148.996
 20
-36.0695
 11
148.911
 21
-36.0749
  0
LINE
  8
0
 10
148.911
 20
-36.0749
 11
148.825
 21
-36.0769
  0
LINE
  8
0
 10
148.825
 20
-36.0769
 11
148.739
 21
-36.0749
  0
LINE
  8
0
 10
148.739
 20
-52.0751
 11
148.653
 21
-52.0697
  0
LINE
  8
0
 10
148.653
 20
-52.0697
 11
148.568
 21
-52.0608
  0
LINE
  8
0
 10
148.568
 20
-52.0608
 11
148.483
 21
-52.048
  0
LINE
  8
0
 10
148.483
 20
-52.048
 11
148.399
 21
-52.0321
  0
LINE
  8
0
 10
148.399
 20
-52.0321
 11
148.315
 21
-52.0123
  0
LINE
  8
0
 10
148.315
 20
-52.0123
 11
148.232
 21
-51.9895
  0
LINE
  8
0
 10
148.232
 20
-51.9895
 11
148.151
 21
-51.9627
  0
LINE
  8
0
 10
148.151
 20
-51.9627
 11
148.07
 21
-51.9329
  0
LINE
  8
0
 10
148.07
 20
-51.9329
 11
147.991
 21
-51.8995
  0
LINE
  8
0
 10
147.991
 20
-51.8995
 11
147.913
 21
-51.8631
  0
LINE
  8
0
 10
147.913
 20
-51.8631
 11
147.837
 21
-51.8232
  0
LINE
  8
0
 10
147.837
 20
-51.8232
 11
147.763
 21
-51.7802
  0
LINE
  8
0
 10
147.763
 20
-51.7802
 11
147.691
 21
-51.7344
  0
LINE
  8
0
 10
147.691
 20
-51.7344
 11
147.62
 21
-51.6852
  0
LINE
  8
0
 10
147.62
 20
-51.6852
 11
147.551
 21
-51.6333
  0
LINE
  8
0
 10
147.551
 20
-51.6333
 11
147.486
 21
-51.5786
  0
LINE
  8
0
 10
147.486
 20
-51.5786
 11
147.422
 21
-51.5213
  0
LINE
  8
0
 10
147.422
 20
-51.5213
 11
147.36
 21
-51.4612
  0
LINE
  8
0
 10
147.36
 20
-51.4612
 11
147.301
 21
-51.3984
  0
LINE
  8
0
 10
147.301
 20
-51.3984
 11
147.245
 21
-51.3337
  0
LINE
  8
0
 10
147.245
 20
-51.3337
 11
147.192
 21
-51.2663
  0
LINE
  8
0
 10
147.192
 20
-51.2663
 11
147.141
 21
-51.1969
  0
LINE
  8
0
 10
147.141
 20
-51.1969
 11
147.094
 21
-51.1252
  0
LINE
  8
0
 10
147.094
 20
-51.1252
 11
147.05
 21
-51.0519
  0
LINE
  8
0
 10
147.05
 20
-51.0519
 11
147.008
 21
-50.9767
  0
LINE
  8
0
 10
147.008
 20
-50.9767
 11
146.97
 21
-50.8996
  0
LINE
  8
0
 10
146.97
 20
-50.8996
 11
146.935
 21
-50.8213
  0
LINE
  8
0
 10
146.935
 20
-50.8213
 11
146.903
 21
-50.7415
  0
LINE
  8
0
 10
146.903
 20
-50.7415
 11
146.875
 21
-50.6605
  0
LINE
  8
0
 10
146.875
 20
-50.6605
 11
146.85
 21
-50.5779
  0
LINE
  8
0
 10
146.85
 20
-50.5779
 11
146.829
 21
-50.495
  0
LINE
  8
0
 10
146.829
 20
-50.495
 11
146.811
 21
-50.4109
  0
LINE
  8
0
 10
146.811
 20
-50.4109
 11
146.797
 21
-50.3264
  0
LINE
  8
0
 10
146.797
 20
-50.3264
 11
146.786
 21
-50.2411
  0
LINE
  8
0
 10
146.786
 20
-50.2411
 11
146.779
 21
-50.1555
  0
LINE
  8
0
 10
146.779
 20
-50.1555
 11
146.776
 21
-50.0698
  0
LINE
  8
0
 10
146.776
 20
-50.0698
 11
146.776
 21
-49.9838
  0
LINE
  8
0
 10
146.776
 20
-49.9838
 11
146.779
 21
-49.8981
  0
LINE
  8
0
 10
146.779
 20
-49.8981
 11
146.786
 21
-49.8125
  0
LINE
  8
0
 10
146.786
 20
-49.8125
 11
146.797
 21
-49.7272
  0
LINE
  8
0
 10
146.797
 20
-49.7272
 11
146.811
 21
-49.6427
  0
LINE
  8
0
 10
146.811
 20
-49.6427
 11
146.829
 21
-49.5586
  0
LINE
  8
0
 10
146.829
 20
-49.5586
 11
146.85
 21
-49.4757
  0
LINE
  8
0
 10
146.85
 20
-49.4757
 11
146.875
 21
-49.3935
  0
LINE
  8
0
 10
146.875
 20
-49.3935
 11
146.903
 21
-49.3121
  0
LINE
  8
0
 10
146.903
 20
-49.3121
 11
146.935
 21
-49.2323
  0
LINE
  8
0
 10
146.935
 20
-49.2323
 11
146.97
 21
-49.154
  0
LINE
  8
0
 10
146.97
 20
-49.154
 11
147.008
 21
-49.0772
  0
LINE
  8
0
 10
147.008
 20
-49.0772
 11
147.05
 21
-49.0017
  0
LINE
  8
0
 10
147.05
 20
-49.0017
 11
147.094
 21
-48.9284
  0
LINE
  8
0
 10
147.094
 20
-48.9284
 11
147.141
 21
-48.8567
  0
LINE
  8
0
 10
147.141
 20
-48.8567
 11
147.192
 21
-48.7873
  0
LINE
  8
0
 10
147.192
 20
-48.7873
 11
147.245
 21
-48.7199
  0
LINE
  8
0
 10
147.245
 20
-48.7199
 11
147.301
 21
-48.6552
  0
LINE
  8
0
 10
147.301
 20
-48.6552
 11
147.36
 21
-48.5924
  0
LINE
  8
0
 10
147.36
 20
-48.5924
 11
147.422
 21
-48.5323
  0
LINE
  8
0
 10
147.422
 20
-48.5323
 11
147.486
 21
-48.4749
  0
LINE
  8
0
 10
147.486
 20
-48.4749
 11
147.551
 21
-48.4203
  0
LINE
  8
0
 10
147.551
 20
-48.4203
 11
147.62
 21
-48.3684
  0
LINE
  8
0
 10
147.62
 20
-48.3684
 11
147.691
 21
-48.3191
  0
LINE
  8
0
 10
147.691
 20
-48.3191
 11
147.763
 21
-48.2734
  0
LINE
  8
0
 10
147.763
 20
-48.2734
 11
147.837
 21
-48.2304
  0
LINE
  8
0
 10
147.837
 20
-48.2304
 11
147.913
 21
-48.1905
  0
LINE
  8
0
 10
147.913
 20
-48.1905
 11
147.991
 21
-48.154
  0
LINE
  8
0
 10
147.991
 20
-48.154
 11
148.07
 21
-48.1207
  0
LINE
  8
0
 10
148.07
 20
-48.1207
 11
148.151
 21
-48.0909
  0
LINE
  8
0
 10
148.151
 20
-48.0909
 11
148.232
 21
-48.0641
  0
LINE
  8
0
 10
148.232
 20
-48.0641
 11
148.315
 21
-48.0413
  0
LINE
  8
0
 10
148.315
 20
-48.0413
 11
148.399
 21
-48.0215
  0
LINE
  8
0
 10
148.399
 20
-48.0215
 11
148.483
 21
-48.0056
  0
LINE
  8
0
 10
148.483
 20
-48.0056
 11
148.568
 21
-47.9928
  0
LINE
  8
0
 10
148.568
 20
-47.9928
 11
148.653
 21
-47.9839
  0
LINE
  8
0
 10
148.653
 20
-47.9839
 11
148.739
 21
-47.9785
  0
LINE
  8
0
 10
148.739
 20
-47.9785
 11
148.825
 21
-47.9769
  0
LINE
  8
0
 10
148.825
 20
-47.9769
 11
148.911
 21
-47.9785
  0
LINE
  8
0
 10
148.911
 20
-47.9785
 11
148.996
 21
-47.9839
  0
LINE
  8
0
 10
148.996
 20
-47.9839
 11
149.082
 21
-47.9928
  0
LINE
  8
0
 10
149.082
 20
-47.9928
 11
149.167
 21
-48.0056
  0
LINE
  8
0
 10
149.167
 20
-48.0056
 11
149.251
 21
-48.0215
  0
LINE
  8
0
 10
149.251
 20
-48.0215
 11
149.335
 21
-48.0413
  0
LINE
  8
0
 10
149.335
 20
-48.0413
 11
149.417
 21
-48.0641
  0
LINE
  8
0
 10
149.417
 20
-48.0641
 11
149.499
 21
-48.0909
  0
LINE
  8
0
 10
149.499
 20
-48.0909
 11
149.58
 21
-48.1207
  0
LINE
  8
0
 10
149.58
 20
-48.1207
 11
149.659
 21
-48.154
  0
LINE
  8
0
 10
149.659
 20
-48.154
 11
149.737
 21
-48.1905
  0
LINE
  8
0
 10
149.737
 20
-48.1905
 11
149.813
 21
-48.2304
  0
LINE
  8
0
 10
149.813
 20
-48.2304
 11
149.887
 21
-48.2734
  0
LINE
  8
0
 10
149.887
 20
-48.2734
 11
149.959
 21
-48.3191
  0
LINE
  8
0
 10
149.959
 20
-48.3191
 11
150.03
 21
-48.3684
  0
LINE
  8
0
 10
150.03
 20
-48.3684
 11
150.098
 21
-48.4203
  0
LINE
  8
0
 10
150.098
 20
-48.4203
 11
150.164
 21
-48.4749
  0
LINE
  8
0
 10
150.164
 20
-48.4749
 11
150.228
 21
-48.5323
  0
LINE
  8
0
 10
150.228
 20
-48.5323
 11
150.29
 21
-48.5924
  0
LINE
  8
0
 10
150.29
 20
-48.5924
 11
150.348
 21
-48.6552
  0
LINE
  8
0
 10
150.348
 20
-48.6552
 11
150.404
 21
-48.7199
  0
LINE
  8
0
 10
150.404
 20
-48.7199
 11
150.458
 21
-48.7873
  0
LINE
  8
0
 10
150.458
 20
-48.7873
 11
150.508
 21
-48.8567
  0
LINE
  8
0
 10
150.508
 20
-48.8567
 11
150.556
 21
-48.9284
  0
LINE
  8
0
 10
150.556
 20
-48.9284
 11
150.6
 21
-49.0017
  0
LINE
  8
0
 10
150.6
 20
-49.0017
 11
150.642
 21
-49.0772
  0
LINE
  8
0
 10
150.642
 20
-49.0772
 11
150.68
 21
-49.154
  0
LINE
  8
0
 10
150.68
 20
-49.154
 11
150.715
 21
-49.2323
  0
LINE
  8
0
 10
150.715
 20
-49.2323
 11
150.746
 21
-49.3121
  0
LINE
  8
0
 10
150.746
 20
-49.3121
 11
150.775
 21
-49.3935
  0
LINE
  8
0
 10
150.775
 20
-49.3935
 11
150.799
 21
-49.4757
  0
LINE
  8
0
 10
150.799
 20
-49.4757
 11
150.821
 21
-49.5586
  0
LINE
  8
0
 10
150.821
 20
-49.5586
 11
150.838
 21
-49.6427
  0
LINE
  8
0
 10
150.838
 20
-49.6427
 11
150.853
 21
-49.7272
  0
LINE
  8
0
 10
150.853
 20
-49.7272
 11
150.864
 21
-49.8125
  0
LINE
  8
0
 10
150.864
 20
-49.8125
 11
150.871
 21
-49.8981
  0
LINE
  8
0
 10
150.871
 20
-49.8981
 11
150.875
 21
-49.9838
  0
LINE
  8
0
 10
150.875
 20
-49.9838
 11
150.875
 21
-50.0698
  0
LINE
  8
0
 10
150.875
 20
-50.0698
 11
150.871
 21
-50.1555
  0
LINE
  8
0
 10
150.871
 20
-50.1555
 11
150.864
 21
-50.2411
  0
LINE
  8
0
 10
150.864
 20
-50.2411
 11
150.853
 21
-50.3264
  0
LINE
  8
0
 10
150.853
 20
-50.3264
 11
150.838
 21
-50.4109
  0
LINE
  8
0
 10
150.838
 20
-50.4109
 11
150.821
 21
-50.495
  0
LINE
  8
0
 10
150.821
 20
-50.495
 11
150.799
 21
-50.5779
  0
LINE
  8
0
 10
150.799
 20
-50.5779
 11
150.775
 21
-50.6605
  0
LINE
  8
0
 10
150.775
 20
-50.6605
 11
150.746
 21
-50.7415
  0
LINE
  8
0
 10
150.746
 20
-50.7415
 11
150.715
 21
-50.8213
  0
LINE
  8
0
 10
150.715
 20
-50.8213
 11
150.68
 21
-50.8996
  0
LINE
  8
0
 10
150.68
 20
-50.8996
 11
150.642
 21
-50.9767
  0
LINE
  8
0
 10
150.642
 20
-50.9767
 11
150.6
 21
-51.0519
  0
LINE
  8
0
 10
150.6
 20
-51.0519
 11
150.556
 21
-51.1252
  0
LINE
  8
0
 10
150.556
 20
-51.1252
 11
150.508
 21
-51.1969
  0
LINE
  8
0
 10
150.508
 20
-51.1969
 11
150.458
 21
-51.2663
  0
LINE
  8
0
 10
150.458
 20
-51.2663
 11
150.404
 21
-51.3337
  0
LINE
  8
0
 10
150.404
 20
-51.3337
 11
150.348
 21
-51.3984
  0
LINE
  8
0
 10
150.348
 20
-51.3984
 11
150.29
 21
-51.4612
  0
LINE
  8
0
 10
150.29
 20
-51.4612
 11
150.228
 21
-51.5213
  0
LINE
  8
0
 10
150.228
 20
-51.5213
 11
150.164
 21
-51.5786
  0
LINE
  8
0
 10
150.164
 20
-51.5786
 11
150.098
 21
-51.6333
  0
LINE
  8
0
 10
150.098
 20
-51.6333
 11
150.03
 21
-51.6852
  0
LINE
  8
0
 10
150.03
 20
-51.6852
 11
149.959
 21
-51.7344
  0
LINE
  8
0
 10
149.959
 20
-51.7344
 11
149.887
 21
-51.7802
  0
LINE
  8
0
 10
149.887
 20
-51.7802
 11
149.813
 21
-51.8232
  0
LINE
  8
0
 10
149.813
 20
-51.8232
 11
149.737
 21
-51.8631
  0
LINE
  8
0
 10
149.737
 20
-51.8631
 11
149.659
 21
-51.8995
  0
LINE
  8
0
 10
149.659
 20
-51.8995
 11
149.58
 21
-51.9329
  0
LINE
  8
0
 10
149.58
 20
-51.9329
 11
149.499
 21
-51.9627
  0
LINE
  8
0
 10
149.499
 20
-51.9627
 11
149.417
 21
-51.9895
  0
LINE
  8
0
 10
149.417
 20
-51.9895
 11
149.335
 21
-52.0123
  0
LINE
  8
0
 10
149.335
 20
-52.0123
 11
149.251
 21
-52.0321
  0
LINE
  8
0
 10
149.251
 20
-52.0321
 11
149.167
 21
-52.048
  0
LINE
  8
0
 10
149.167
 20
-52.048
 11
149.082
 21
-52.0608
  0
LINE
  8
0
 10
149.082
 20
-52.0608
 11
148.996
 21
-52.0697
  0
LINE
  8
0
 10
148.996
 20
-52.0697
 11
148.911
 21
-52.0751
  0
LINE
  8
0
 10
148.911
 20
-52.0751
 11
148.825
 21
-52.0767
  0
LINE
  8
0
 10
148.825
 20
-52.0767
 11
148.739
 21
-52.0751
  0
LINE
  8
0
 10
148.739
 20
-68.0749
 11
148.653
 21
-68.0695
  0
LINE
  8
0
 10
148.653
 20
-68.0695
 11
148.568
 21
-68.0606
  0
LINE
  8
0
 10
148.568
 20
-68.0606
 11
148.483
 21
-68.0482
  0
LINE
  8
0
 10
148.483
 20
-68.0482
 11
148.399
 21
-68.0319
  0
LINE
  8
0
 10
148.399
 20
-68.0319
 11
148.315
 21
-68.0125
  0
LINE
  8
0
 10
148.315
 20
-68.0125
 11
148.232
 21
-67.9893
  0
LINE
  8
0
 10
148.232
 20
-67.9893
 11
148.151
 21
-67.9629
  0
LINE
  8
0
 10
148.151
 20
-67.9629
 11
148.07
 21
-67.9327
  0
LINE
  8
0
 10
148.07
 20
-67.9327
 11
147.991
 21
-67.8997
  0
LINE
  8
0
 10
147.991
 20
-67.8997
 11
147.913
 21
-67.8629
  0
LINE
  8
0
 10
147.913
 20
-67.8629
 11
147.837
 21
-67.8234
  0
LINE
  8
0
 10
147.837
 20
-67.8234
 11
147.763
 21
-67.7804
  0
LINE
  8
0
 10
147.763
 20
-67.7804
 11
147.691
 21
-67.7342
  0
LINE
  8
0
 10
147.691
 20
-67.7342
 11
147.62
 21
-67.6854
  0
LINE
  8
0
 10
147.62
 20
-67.6854
 11
147.551
 21
-67.6335
  0
LINE
  8
0
 10
147.551
 20
-67.6335
 11
147.486
 21
-67.5788
  0
LINE
  8
0
 10
147.486
 20
-67.5788
 11
147.422
 21
-67.5211
  0
LINE
  8
0
 10
147.422
 20
-67.5211
 11
147.36
 21
-67.461
  0
LINE
  8
0
 10
147.36
 20
-67.461
 11
147.301
 21
-67.3986
  0
LINE
  8
0
 10
147.301
 20
-67.3986
 11
147.245
 21
-67.3335
  0
LINE
  8
0
 10
147.245
 20
-67.3335
 11
147.192
 21
-67.266
  0
LINE
  8
0
 10
147.192
 20
-67.266
 11
147.141
 21
-67.1967
  0
LINE
  8
0
 10
147.141
 20
-67.1967
 11
147.094
 21
-67.1254
  0
LINE
  8
0
 10
147.094
 20
-67.1254
 11
147.05
 21
-67.0517
  0
LINE
  8
0
 10
147.05
 20
-67.0517
 11
147.008
 21
-66.9765
  0
LINE
  8
0
 10
147.008
 20
-66.9765
 11
146.97
 21
-66.8998
  0
LINE
  8
0
 10
146.97
 20
-66.8998
 11
146.935
 21
-66.8211
  0
LINE
  8
0
 10
146.935
 20
-66.8211
 11
146.903
 21
-66.7413
  0
LINE
  8
0
 10
146.903
 20
-66.7413
 11
146.875
 21
-66.6603
  0
LINE
  8
0
 10
146.875
 20
-66.6603
 11
146.85
 21
-66.5781
  0
LINE
  8
0
 10
146.85
 20
-66.5781
 11
146.829
 21
-66.4948
  0
LINE
  8
0
 10
146.829
 20
-66.4948
 11
146.811
 21
-66.4111
  0
LINE
  8
0
 10
146.811
 20
-66.4111
 11
146.797
 21
-66.3262
  0
LINE
  8
0
 10
146.797
 20
-66.3262
 11
146.786
 21
-66.2409
  0
LINE
  8
0
 10
146.786
 20
-66.2409
 11
146.779
 21
-66.1557
  0
LINE
  8
0
 10
146.779
 20
-66.1557
 11
146.776
 21
-66.0696
  0
LINE
  8
0
 10
146.776
 20
-66.0696
 11
146.776
 21
-65.984
  0
LINE
  8
0
 10
146.776
 20
-65.984
 11
146.779
 21
-65.8979
  0
LINE
  8
0
 10
146.779
 20
-65.8979
 11
146.786
 21
-65.8126
  0
LINE
  8
0
 10
146.786
 20
-65.8126
 11
146.797
 21
-65.7274
  0
LINE
  8
0
 10
146.797
 20
-65.7274
 11
146.811
 21
-65.6425
  0
LINE
  8
0
 10
146.811
 20
-65.6425
 11
146.829
 21
-65.5588
  0
LINE
  8
0
 10
146.829
 20
-65.5588
 11
146.85
 21
-65.4755
  0
LINE
  8
0
 10
146.85
 20
-65.4755
 11
146.875
 21
-65.3933
  0
LINE
  8
0
 10
146.875
 20
-65.3933
 11
146.903
 21
-65.3123
  0
LINE
  8
0
 10
146.903
 20
-65.3123
 11
146.935
 21
-65.2325
  0
LINE
  8
0
 10
146.935
 20
-65.2325
 11
146.97
 21
-65.1538
  0
LINE
  8
0
 10
146.97
 20
-65.1538
 11
147.008
 21
-65.077
  0
LINE
  8
0
 10
147.008
 20
-65.077
 11
147.05
 21
-65.0018
  0
LINE
  8
0
 10
147.05
 20
-65.0018
 11
147.094
 21
-64.9282
  0
LINE
  8
0
 10
147.094
 20
-64.9282
 11
147.141
 21
-64.8569
  0
LINE
  8
0
 10
147.141
 20
-64.8569
 11
147.192
 21
-64.7875
  0
LINE
  8
0
 10
147.192
 20
-64.7875
 11
147.245
 21
-64.7201
  0
LINE
  8
0
 10
147.245
 20
-64.7201
 11
147.301
 21
-64.655
  0
LINE
  8
0
 10
147.301
 20
-64.655
 11
147.36
 21
-64.5926
  0
LINE
  8
0
 10
147.36
 20
-64.5926
 11
147.422
 21
-64.5325
  0
LINE
  8
0
 10
147.422
 20
-64.5325
 11
147.486
 21
-64.4751
  0
LINE
  8
0
 10
147.486
 20
-64.4751
 11
147.551
 21
-64.4201
  0
LINE
  8
0
 10
147.551
 20
-64.4201
 11
147.62
 21
-64.3682
  0
LINE
  8
0
 10
147.62
 20
-64.3682
 11
147.691
 21
-64.3193
  0
LINE
  8
0
 10
147.691
 20
-64.3193
 11
147.763
 21
-64.2732
  0
LINE
  8
0
 10
147.763
 20
-64.2732
 11
147.837
 21
-64.2302
  0
LINE
  8
0
 10
147.837
 20
-64.2302
 11
147.913
 21
-64.1907
  0
LINE
  8
0
 10
147.913
 20
-64.1907
 11
147.991
 21
-64.1542
  0
LINE
  8
0
 10
147.991
 20
-64.1542
 11
148.07
 21
-64.1209
  0
LINE
  8
0
 10
148.07
 20
-64.1209
 11
148.151
 21
-64.0907
  0
LINE
  8
0
 10
148.151
 20
-64.0907
 11
148.232
 21
-64.0643
  0
LINE
  8
0
 10
148.232
 20
-64.0643
 11
148.315
 21
-64.0411
  0
LINE
  8
0
 10
148.315
 20
-64.0411
 11
148.399
 21
-64.0217
  0
LINE
  8
0
 10
148.399
 20
-64.0217
 11
148.483
 21
-64.0054
  0
LINE
  8
0
 10
148.483
 20
-64.0054
 11
148.568
 21
-63.993
  0
LINE
  8
0
 10
148.568
 20
-63.993
 11
148.653
 21
-63.9841
  0
LINE
  8
0
 10
148.653
 20
-63.9841
 11
148.739
 21
-63.9787
  0
LINE
  8
0
 10
148.739
 20
-63.9787
 11
148.825
 21
-63.9767
  0
LINE
  8
0
 10
148.825
 20
-63.9767
 11
148.911
 21
-63.9787
  0
LINE
  8
0
 10
148.911
 20
-63.9787
 11
148.996
 21
-63.9841
  0
LINE
  8
0
 10
148.996
 20
-63.9841
 11
149.082
 21
-63.993
  0
LINE
  8
0
 10
149.082
 20
-63.993
 11
149.167
 21
-64.0054
  0
LINE
  8
0
 10
149.167
 20
-64.0054
 11
149.251
 21
-64.0217
  0
LINE
  8
0
 10
149.251
 20
-64.0217
 11
149.335
 21
-64.0411
  0
LINE
  8
0
 10
149.335
 20
-64.0411
 11
149.417
 21
-64.0643
  0
LINE
  8
0
 10
149.417
 20
-64.0643
 11
149.499
 21
-64.0907
  0
LINE
  8
0
 10
149.499
 20
-64.0907
 11
149.58
 21
-64.1209
  0
LINE
  8
0
 10
149.58
 20
-64.1209
 11
149.659
 21
-64.1542
  0
LINE
  8
0
 10
149.659
 20
-64.1542
 11
149.737
 21
-64.1907
  0
LINE
  8
0
 10
149.737
 20
-64.1907
 11
149.813
 21
-64.2302
  0
LINE
  8
0
 10
149.813
 20
-64.2302
 11
149.887
 21
-64.2732
  0
LINE
  8
0
 10
149.887
 20
-64.2732
 11
149.959
 21
-64.3193
  0
LINE
  8
0
 10
149.959
 20
-64.3193
 11
150.03
 21
-64.3682
  0
LINE
  8
0
 10
150.03
 20
-64.3682
 11
150.098
 21
-64.4201
  0
LINE
  8
0
 10
150.098
 20
-64.4201
 11
150.164
 21
-64.4751
  0
LINE
  8
0
 10
150.164
 20
-64.4751
 11
150.228
 21
-64.5325
  0
LINE
  8
0
 10
150.228
 20
-64.5325
 11
150.29
 21
-64.5926
  0
LINE
  8
0
 10
150.29
 20
-64.5926
 11
150.348
 21
-64.655
  0
LINE
  8
0
 10
150.348
 20
-64.655
 11
150.404
 21
-64.7201
  0
LINE
  8
0
 10
150.404
 20
-64.7201
 11
150.458
 21
-64.7875
  0
LINE
  8
0
 10
150.458
 20
-64.7875
 11
150.508
 21
-64.8569
  0
LINE
  8
0
 10
150.508
 20
-64.8569
 11
150.556
 21
-64.9282
  0
LINE
  8
0
 10
150.556
 20
-64.9282
 11
150.6
 21
-65.0018
  0
LINE
  8
0
 10
150.6
 20
-65.0018
 11
150.642
 21
-65.077
  0
LINE
  8
0
 10
150.642
 20
-65.077
 11
150.68
 21
-65.1538
  0
LINE
  8
0
 10
150.68
 20
-65.1538
 11
150.715
 21
-65.2325
  0
LINE
  8
0
 10
150.715
 20
-65.2325
 11
150.746
 21
-65.3123
  0
LINE
  8
0
 10
150.746
 20
-65.3123
 11
150.775
 21
-65.3933
  0
LINE
  8
0
 10
150.775
 20
-65.3933
 11
150.799
 21
-65.4755
  0
LINE
  8
0
 10
150.799
 20
-65.4755
 11
150.821
 21
-65.5588
  0
LINE
  8
0
 10
150.821
 20
-65.5588
 11
150.838
 21
-65.6425
  0
LINE
  8
0
 10
150.838
 20
-65.6425
 11
150.853
 21
-65.7274
  0
LINE
  8
0
 10
150.853
 20
-65.7274
 11
150.864
 21
-65.8126
  0
LINE
  8
0
 10
150.864
 20
-65.8126
 11
150.871
 21
-65.8979
  0
LINE
  8
0
 10
150.871
 20
-65.8979
 11
150.875
 21
-65.984
  0
LINE
  8
0
 10
150.875
 20
-65.984
 11
150.875
 21
-66.0696
  0
LINE
  8
0
 10
150.875
 20
-66.0696
 11
150.871
 21
-66.1557
  0
LINE
  8
0
 10
150.871
 20
-66.1557
 11
150.864
 21
-66.2409
  0
LINE
  8
0
 10
150.864
 20
-66.2409
 11
150.853
 21
-66.3262
  0
LINE
  8
0
 10
150.853
 20
-66.3262
 11
150.838
 21
-66.4111
  0
LINE
  8
0
 10
150.838
 20
-66.4111
 11
150.821
 21
-66.4948
  0
LINE
  8
0
 10
150.821
 20
-66.4948
 11
150.799
 21
-66.5781
  0
LINE
  8
0
 10
150.799
 20
-66.5781
 11
150.775
 21
-66.6603
  0
LINE
  8
0
 10
150.775
 20
-66.6603
 11
150.746
 21
-66.7413
  0
LINE
  8
0
 10
150.746
 20
-66.7413
 11
150.715
 21
-66.8211
  0
LINE
  8
0
 10
150.715
 20
-66.8211
 11
150.68
 21
-66.8998
  0
LINE
  8
0
 10
150.68
 20
-66.8998
 11
150.642
 21
-66.9765
  0
LINE
  8
0
 10
150.642
 20
-66.9765
 11
150.6
 21
-67.0517
  0
LINE
  8
0
 10
150.6
 20
-67.0517
 11
150.556
 21
-67.1254
  0
LINE
  8
0
 10
150.556
 20
-67.1254
 11
150.508
 21
-67.1967
  0
LINE
  8
0
 10
150.508
 20
-67.1967
 11
150.458
 21
-67.266
  0
LINE
  8
0
 10
150.458
 20
-67.266
 11
150.404
 21
-67.3335
  0
LINE
  8
0
 10
150.404
 20
-67.3335
 11
150.348
 21
-67.3986
  0
LINE
  8
0
 10
150.348
 20
-67.3986
 11
150.29
 21
-67.461
  0
LINE
  8
0
 10
150.29
 20
-67.461
 11
150.228
 21
-67.5211
  0
LINE
  8
0
 10
150.228
 20
-67.5211
 11
150.164
 21
-67.5788
  0
LINE
  8
0
 10
150.164
 20
-67.5788
 11
150.098
 21
-67.6335
  0
LINE
  8
0
 10
150.098
 20
-67.6335
 11
150.03
 21
-67.6854
  0
LINE
  8
0
 10
150.03
 20
-67.6854
 11
149.959
 21
-67.7342
  0
LINE
  8
0
 10
149.959
 20
-67.7342
 11
149.887
 21
-67.7804
  0
LINE
  8
0
 10
149.887
 20
-67.7804
 11
149.813
 21
-67.8234
  0
LINE
  8
0
 10
149.813
 20
-67.8234
 11
149.737
 21
-67.8629
  0
LINE
  8
0
 10
149.737
 20
-67.8629
 11
149.659
 21
-67.8997
  0
LINE
  8
0
 10
149.659
 20
-67.8997
 11
149.58
 21
-67.9327
  0
LINE
  8
0
 10
149.58
 20
-67.9327
 11
149.499
 21
-67.9629
  0
LINE
  8
0
 10
149.499
 20
-67.9629
 11
149.417
 21
-67.9893
  0
LINE
  8
0
 10
149.417
 20
-67.9893
 11
149.335
 21
-68.0125
  0
LINE
  8
0
 10
149.335
 20
-68.0125
 11
149.251
 21
-68.0319
  0
LINE
  8
0
 10
149.251
 20
-68.0319
 11
149.167
 21
-68.0482
  0
LINE
  8
0
 10
149.167
 20
-68.0482
 11
149.082
 21
-68.0606
  0
LINE
  8
0
 10
149.082
 20
-68.0606
 11
148.996
 21
-68.0695
  0
LINE
  8
0
 10
148.996
 20
-68.0695
 11
148.911
 21
-68.0749
  0
LINE
  8
0
 10
148.911
 20
-68.0749
 11
148.825
 21
-68.0769
  0
LINE
  8
0
 10
148.825
 20
-68.0769
 11
148.739
 21
-68.0749
  0
LINE
  8
0
 10
-138.546
 20
-75.5931
 11
-138.619
 21
-75.5888
  0
LINE
  8
0
 10
-138.619
 20
-75.5888
 11
-138.692
 21
-75.581
  0
LINE
  8
0
 10
-138.692
 20
-75.581
 11
-138.764
 21
-75.5702
  0
LINE
  8
0
 10
-138.764
 20
-75.5702
 11
-138.836
 21
-75.5566
  0
LINE
  8
0
 10
-138.836
 20
-75.5566
 11
-138.908
 21
-75.54
  0
LINE
  8
0
 10
-138.908
 20
-75.54
 11
-138.978
 21
-75.5202
  0
LINE
  8
0
 10
-138.978
 20
-75.5202
 11
-139.048
 21
-75.4973
  0
LINE
  8
0
 10
-139.048
 20
-75.4973
 11
-139.117
 21
-75.4717
  0
LINE
  8
0
 10
-139.117
 20
-75.4717
 11
-139.185
 21
-75.4435
  0
LINE
  8
0
 10
-139.185
 20
-75.4435
 11
-139.251
 21
-75.4125
  0
LINE
  8
0
 10
-139.251
 20
-75.4125
 11
-139.316
 21
-75.3783
  0
LINE
  8
0
 10
-139.316
 20
-75.3783
 11
-139.379
 21
-75.3415
  0
LINE
  8
0
 10
-139.379
 20
-75.3415
 11
-139.441
 21
-75.3024
  0
LINE
  8
0
 10
-139.441
 20
-75.3024
 11
-139.501
 21
-75.2605
  0
LINE
  8
0
 10
-139.501
 20
-75.2605
 11
-139.56
 21
-75.2163
  0
LINE
  8
0
 10
-139.56
 20
-75.2163
 11
-139.616
 21
-75.1694
  0
LINE
  8
0
 10
-139.616
 20
-75.1694
 11
-139.671
 21
-75.1206
  0
LINE
  8
0
 10
-139.671
 20
-75.1206
 11
-139.723
 21
-75.0691
  0
LINE
  8
0
 10
-139.723
 20
-75.0691
 11
-139.773
 21
-75.0156
  0
LINE
  8
0
 10
-139.773
 20
-75.0156
 11
-139.821
 21
-74.9602
  0
LINE
  8
0
 10
-139.821
 20
-74.9602
 11
-139.867
 21
-74.9028
  0
LINE
  8
0
 10
-139.867
 20
-74.9028
 11
-139.91
 21
-74.8435
  0
LINE
  8
0
 10
-139.91
 20
-74.8435
 11
-139.95
 21
-74.7826
  0
LINE
  8
0
 10
-139.95
 20
-74.7826
 11
-139.988
 21
-74.7199
  0
LINE
  8
0
 10
-139.988
 20
-74.7199
 11
-140.024
 21
-74.6555
  0
LINE
  8
0
 10
-140.024
 20
-74.6555
 11
-140.056
 21
-74.59
  0
LINE
  8
0
 10
-140.056
 20
-74.59
 11
-140.086
 21
-74.523
  0
LINE
  8
0
 10
-140.086
 20
-74.523
 11
-140.113
 21
-74.4548
  0
LINE
  8
0
 10
-140.113
 20
-74.4548
 11
-140.137
 21
-74.3854
  0
LINE
  8
0
 10
-140.137
 20
-74.3854
 11
-140.158
 21
-74.3152
  0
LINE
  8
0
 10
-140.158
 20
-74.3152
 11
-140.176
 21
-74.2443
  0
LINE
  8
0
 10
-140.176
 20
-74.2443
 11
-140.191
 21
-74.1726
  0
LINE
  8
0
 10
-140.191
 20
-74.1726
 11
-140.204
 21
-74.1005
  0
LINE
  8
0
 10
-140.204
 20
-74.1005
 11
-140.213
 21
-74.0277
  0
LINE
  8
0
 10
-140.213
 20
-74.0277
 11
-140.219
 21
-73.9548
  0
LINE
  8
0
 10
-140.219
 20
-73.9548
 11
-140.222
 21
-73.8815
  0
LINE
  8
0
 10
-140.222
 20
-73.8815
 11
-140.222
 21
-73.8083
  0
LINE
  8
0
 10
-140.222
 20
-73.8083
 11
-140.219
 21
-73.735
  0
LINE
  8
0
 10
-140.219
 20
-73.735
 11
-140.213
 21
-73.6618
  0
LINE
  8
0
 10
-140.213
 20
-73.6618
 11
-140.204
 21
-73.5893
  0
LINE
  8
0
 10
-140.204
 20
-73.5893
 11
-140.191
 21
-73.5168
  0
LINE
  8
0
 10
-140.191
 20
-73.5168
 11
-140.176
 21
-73.4451
  0
LINE
  8
0
 10
-140.176
 20
-73.4451
 11
-140.158
 21
-73.3742
  0
LINE
  8
0
 10
-140.158
 20
-73.3742
 11
-140.137
 21
-73.3041
  0
LINE
  8
0
 10
-140.137
 20
-73.3041
 11
-140.113
 21
-73.2347
  0
LINE
  8
0
 10
-140.113
 20
-73.2347
 11
-140.086
 21
-73.1665
  0
LINE
  8
0
 10
-140.086
 20
-73.1665
 11
-140.056
 21
-73.0998
  0
LINE
  8
0
 10
-140.056
 20
-73.0998
 11
-140.024
 21
-73.0339
  0
LINE
  8
0
 10
-140.024
 20
-73.0339
 11
-139.988
 21
-72.97
  0
LINE
  8
0
 10
-139.988
 20
-72.97
 11
-139.95
 21
-72.9072
  0
LINE
  8
0
 10
-139.95
 20
-72.9072
 11
-139.91
 21
-72.8459
  0
LINE
  8
0
 10
-139.91
 20
-72.8459
 11
-139.867
 21
-72.7866
  0
LINE
  8
0
 10
-139.867
 20
-72.7866
 11
-139.821
 21
-72.7293
  0
LINE
  8
0
 10
-139.821
 20
-72.7293
 11
-139.773
 21
-72.6739
  0
LINE
  8
0
 10
-139.773
 20
-72.6739
 11
-139.723
 21
-72.6204
  0
LINE
  8
0
 10
-139.723
 20
-72.6204
 11
-139.671
 21
-72.5692
  0
LINE
  8
0
 10
-139.671
 20
-72.5692
 11
-139.616
 21
-72.52
  0
LINE
  8
0
 10
-139.616
 20
-72.52
 11
-139.56
 21
-72.4735
  0
LINE
  8
0
 10
-139.56
 20
-72.4735
 11
-139.501
 21
-72.4289
  0
LINE
  8
0
 10
-139.501
 20
-72.4289
 11
-139.441
 21
-72.3871
  0
LINE
  8
0
 10
-139.441
 20
-72.3871
 11
-139.379
 21
-72.3479
  0
LINE
  8
0
 10
-139.379
 20
-72.3479
 11
-139.316
 21
-72.3111
  0
LINE
  8
0
 10
-139.316
 20
-72.3111
 11
-139.251
 21
-72.2774
  0
LINE
  8
0
 10
-139.251
 20
-72.2774
 11
-139.185
 21
-72.246
  0
LINE
  8
0
 10
-139.185
 20
-72.246
 11
-139.117
 21
-72.2177
  0
LINE
  8
0
 10
-139.117
 20
-72.2177
 11
-139.048
 21
-72.1921
  0
LINE
  8
0
 10
-139.048
 20
-72.1921
 11
-138.978
 21
-72.1696
  0
LINE
  8
0
 10
-138.978
 20
-72.1696
 11
-138.908
 21
-72.1499
  0
LINE
  8
0
 10
-138.908
 20
-72.1499
 11
-138.836
 21
-72.1332
  0
LINE
  8
0
 10
-138.836
 20
-72.1332
 11
-138.764
 21
-72.1192
  0
LINE
  8
0
 10
-138.764
 20
-72.1192
 11
-138.692
 21
-72.1088
  0
LINE
  8
0
 10
-138.692
 20
-72.1088
 11
-138.619
 21
-72.101
  0
LINE
  8
0
 10
-138.619
 20
-72.101
 11
-138.546
 21
-72.0964
  0
LINE
  8
0
 10
-138.546
 20
-72.0964
 11
-138.473
 21
-72.0948
  0
LINE
  8
0
 10
-138.473
 20
-72.0948
 11
-138.399
 21
-72.0964
  0
LINE
  8
0
 10
-138.399
 20
-72.0964
 11
-138.326
 21
-72.101
  0
LINE
  8
0
 10
-138.326
 20
-72.101
 11
-138.253
 21
-72.1088
  0
LINE
  8
0
 10
-138.253
 20
-72.1088
 11
-138.181
 21
-72.1192
  0
LINE
  8
0
 10
-138.181
 20
-72.1192
 11
-138.109
 21
-72.1332
  0
LINE
  8
0
 10
-138.109
 20
-72.1332
 11
-138.037
 21
-72.1499
  0
LINE
  8
0
 10
-138.037
 20
-72.1499
 11
-137.967
 21
-72.1696
  0
LINE
  8
0
 10
-137.967
 20
-72.1696
 11
-137.897
 21
-72.1921
  0
LINE
  8
0
 10
-137.897
 20
-72.1921
 11
-137.828
 21
-72.2177
  0
LINE
  8
0
 10
-137.828
 20
-72.2177
 11
-137.761
 21
-72.246
  0
LINE
  8
0
 10
-137.761
 20
-72.246
 11
-137.694
 21
-72.2774
  0
LINE
  8
0
 10
-137.694
 20
-72.2774
 11
-137.63
 21
-72.3111
  0
LINE
  8
0
 10
-137.63
 20
-72.3111
 11
-137.566
 21
-72.3479
  0
LINE
  8
0
 10
-137.566
 20
-72.3479
 11
-137.504
 21
-72.3871
  0
LINE
  8
0
 10
-137.504
 20
-72.3871
 11
-137.444
 21
-72.4289
  0
LINE
  8
0
 10
-137.444
 20
-72.4289
 11
-137.385
 21
-72.4735
  0
LINE
  8
0
 10
-137.385
 20
-72.4735
 11
-137.329
 21
-72.52
  0
LINE
  8
0
 10
-137.329
 20
-72.52
 11
-137.275
 21
-72.5692
  0
LINE
  8
0
 10
-137.275
 20
-72.5692
 11
-137.222
 21
-72.6204
  0
LINE
  8
0
 10
-137.222
 20
-72.6204
 11
-137.172
 21
-72.6739
  0
LINE
  8
0
 10
-137.172
 20
-72.6739
 11
-137.124
 21
-72.7293
  0
LINE
  8
0
 10
-137.124
 20
-72.7293
 11
-137.079
 21
-72.7866
  0
LINE
  8
0
 10
-137.079
 20
-72.7866
 11
-137.035
 21
-72.8459
  0
LINE
  8
0
 10
-137.035
 20
-72.8459
 11
-136.995
 21
-72.9072
  0
LINE
  8
0
 10
-136.995
 20
-72.9072
 11
-136.957
 21
-72.97
  0
LINE
  8
0
 10
-136.957
 20
-72.97
 11
-136.922
 21
-73.0339
  0
LINE
  8
0
 10
-136.922
 20
-73.0339
 11
-136.889
 21
-73.0998
  0
LINE
  8
0
 10
-136.889
 20
-73.0998
 11
-136.859
 21
-73.1665
  0
LINE
  8
0
 10
-136.859
 20
-73.1665
 11
-136.832
 21
-73.2347
  0
LINE
  8
0
 10
-136.832
 20
-73.2347
 11
-136.808
 21
-73.3041
  0
LINE
  8
0
 10
-136.808
 20
-73.3041
 11
-136.787
 21
-73.3742
  0
LINE
  8
0
 10
-136.787
 20
-73.3742
 11
-136.769
 21
-73.4451
  0
LINE
  8
0
 10
-136.769
 20
-73.4451
 11
-136.754
 21
-73.5168
  0
LINE
  8
0
 10
-136.754
 20
-73.5168
 11
-136.741
 21
-73.5893
  0
LINE
  8
0
 10
-136.741
 20
-73.5893
 11
-136.732
 21
-73.6618
  0
LINE
  8
0
 10
-136.732
 20
-73.6618
 11
-136.726
 21
-73.735
  0
LINE
  8
0
 10
-136.726
 20
-73.735
 11
-136.723
 21
-73.8083
  0
LINE
  8
0
 10
-136.723
 20
-73.8083
 11
-136.723
 21
-73.8815
  0
LINE
  8
0
 10
-136.723
 20
-73.8815
 11
-136.726
 21
-73.9548
  0
LINE
  8
0
 10
-136.726
 20
-73.9548
 11
-136.732
 21
-74.0277
  0
LINE
  8
0
 10
-136.732
 20
-74.0277
 11
-136.741
 21
-74.1005
  0
LINE
  8
0
 10
-136.741
 20
-74.1005
 11
-136.754
 21
-74.1726
  0
LINE
  8
0
 10
-136.754
 20
-74.1726
 11
-136.769
 21
-74.2443
  0
LINE
  8
0
 10
-136.769
 20
-74.2443
 11
-136.787
 21
-74.3152
  0
LINE
  8
0
 10
-136.787
 20
-74.3152
 11
-136.808
 21
-74.3854
  0
LINE
  8
0
 10
-136.808
 20
-74.3854
 11
-136.832
 21
-74.4548
  0
LINE
  8
0
 10
-136.832
 20
-74.4548
 11
-136.859
 21
-74.523
  0
LINE
  8
0
 10
-136.859
 20
-74.523
 11
-136.889
 21
-74.59
  0
LINE
  8
0
 10
-136.889
 20
-74.59
 11
-136.922
 21
-74.6555
  0
LINE
  8
0
 10
-136.922
 20
-74.6555
 11
-136.957
 21
-74.7199
  0
LINE
  8
0
 10
-136.957
 20
-74.7199
 11
-136.995
 21
-74.7826
  0
LINE
  8
0
 10
-136.995
 20
-74.7826
 11
-137.035
 21
-74.8435
  0
LINE
  8
0
 10
-137.035
 20
-74.8435
 11
-137.079
 21
-74.9028
  0
LINE
  8
0
 10
-137.079
 20
-74.9028
 11
-137.124
 21
-74.9602
  0
LINE
  8
0
 10
-137.124
 20
-74.9602
 11
-137.172
 21
-75.0156
  0
LINE
  8
0
 10
-137.172
 20
-75.0156
 11
-137.222
 21
-75.0691
  0
LINE
  8
0
 10
-137.222
 20
-75.0691
 11
-137.275
 21
-75.1206
  0
LINE
  8
0
 10
-137.275
 20
-75.1206
 11
-137.329
 21
-75.1694
  0
LINE
  8
0
 10
-137.329
 20
-75.1694
 11
-137.385
 21
-75.2163
  0
LINE
  8
0
 10
-137.385
 20
-75.2163
 11
-137.444
 21
-75.2605
  0
LINE
  8
0
 10
-137.444
 20
-75.2605
 11
-137.504
 21
-75.3024
  0
LINE
  8
0
 10
-137.504
 20
-75.3024
 11
-137.566
 21
-75.3415
  0
LINE
  8
0
 10
-137.566
 20
-75.3415
 11
-137.63
 21
-75.3783
  0
LINE
  8
0
 10
-137.63
 20
-75.3783
 11
-137.694
 21
-75.4125
  0
LINE
  8
0
 10
-137.694
 20
-75.4125
 11
-137.761
 21
-75.4435
  0
LINE
  8
0
 10
-137.761
 20
-75.4435
 11
-137.828
 21
-75.4717
  0
LINE
  8
0
 10
-137.828
 20
-75.4717
 11
-137.897
 21
-75.4973
  0
LINE
  8
0
 10
-137.897
 20
-75.4973
 11
-137.967
 21
-75.5202
  0
LINE
  8
0
 10
-137.967
 20
-75.5202
 11
-138.037
 21
-75.54
  0
LINE
  8
0
 10
-138.037
 20
-75.54
 11
-138.109
 21
-75.5566
  0
LINE
  8
0
 10
-138.109
 20
-75.5566
 11
-138.181
 21
-75.5702
  0
LINE
  8
0
 10
-138.181
 20
-75.5702
 11
-138.253
 21
-75.581
  0
LINE
  8
0
 10
-138.253
 20
-75.581
 11
-138.326
 21
-75.5888
  0
LINE
  8
0
 10
-138.326
 20
-75.5888
 11
-138.399
 21
-75.5931
  0
LINE
  8
0
 10
-138.399
 20
-75.5931
 11
-138.473
 21
-75.5946
  0
LINE
  8
0
 10
-138.473
 20
-75.5946
 11
-138.546
 21
-75.5931
  0
LINE
  8
0
 10
10.3994
 20
-75.5931
 11
10.3261
 21
-75.5888
  0
LINE
  8
0
 10
10.3261
 20
-75.5888
 11
10.2533
 21
-75.581
  0
LINE
  8
0
 10
10.2533
 20
-75.581
 11
10.1808
 21
-75.5702
  0
LINE
  8
0
 10
10.1808
 20
-75.5702
 11
10.1087
 21
-75.5566
  0
LINE
  8
0
 10
10.1087
 20
-75.5566
 11
10.0374
 21
-75.54
  0
LINE
  8
0
 10
10.0374
 20
-75.54
 11
9.96683
 21
-75.5202
  0
LINE
  8
0
 10
9.96683
 20
-75.5202
 11
9.89707
 21
-75.4973
  0
LINE
  8
0
 10
9.89707
 20
-75.4973
 11
9.82847
 21
-75.4717
  0
LINE
  8
0
 10
9.82847
 20
-75.4717
 11
9.76064
 21
-75.4435
  0
LINE
  8
0
 10
9.76064
 20
-75.4435
 11
9.69437
 21
-75.4125
  0
LINE
  8
0
 10
9.69437
 20
-75.4125
 11
9.62964
 21
-75.3783
  0
LINE
  8
0
 10
9.62964
 20
-75.3783
 11
9.56608
 21
-75.3415
  0
LINE
  8
0
 10
9.56608
 20
-75.3415
 11
9.50407
 21
-75.3024
  0
LINE
  8
0
 10
9.50407
 20
-75.3024
 11
9.444
 21
-75.2605
  0
LINE
  8
0
 10
9.444
 20
-75.2605
 11
9.38547
 21
-75.2163
  0
LINE
  8
0
 10
9.38547
 20
-75.2163
 11
9.32928
 21
-75.1694
  0
LINE
  8
0
 10
9.32928
 20
-75.1694
 11
9.27463
 21
-75.1206
  0
LINE
  8
0
 10
9.27463
 20
-75.1206
 11
9.22231
 21
-75.0691
  0
LINE
  8
0
 10
9.22231
 20
-75.0691
 11
9.17192
 21
-75.0156
  0
LINE
  8
0
 10
9.17192
 20
-75.0156
 11
9.12425
 21
-74.9602
  0
LINE
  8
0
 10
9.12425
 20
-74.9602
 11
9.07852
 21
-74.9028
  0
LINE
  8
0
 10
9.07852
 20
-74.9028
 11
9.03549
 21
-74.8435
  0
LINE
  8
0
 10
9.03549
 20
-74.8435
 11
8.99519
 21
-74.7826
  0
LINE
  8
0
 10
8.99519
 20
-74.7826
 11
8.95721
 21
-74.7199
  0
LINE
  8
0
 10
8.95721
 20
-74.7199
 11
8.92194
 21
-74.6555
  0
LINE
  8
0
 10
8.92194
 20
-74.6555
 11
8.88899
 21
-74.59
  0
LINE
  8
0
 10
8.88899
 20
-74.59
 11
8.85954
 21
-74.523
  0
LINE
  8
0
 10
8.85954
 20
-74.523
 11
8.83241
 21
-74.4548
  0
LINE
  8
0
 10
8.83241
 20
-74.4548
 11
8.80838
 21
-74.3854
  0
LINE
  8
0
 10
8.80838
 20
-74.3854
 11
8.78706
 21
-74.3152
  0
LINE
  8
0
 10
8.78706
 20
-74.3152
 11
8.76884
 21
-74.2443
  0
LINE
  8
0
 10
8.76884
 20
-74.2443
 11
8.75373
 21
-74.1726
  0
LINE
  8
0
 10
8.75373
 20
-74.1726
 11
8.74133
 21
-74.1005
  0
LINE
  8
0
 10
8.74133
 20
-74.1005
 11
8.73203
 21
-74.0277
  0
LINE
  8
0
 10
8.73203
 20
-74.0277
 11
8.72621
 21
-73.9548
  0
LINE
  8
0
 10
8.72621
 20
-73.9548
 11
8.72311
 21
-73.8815
  0
LINE
  8
0
 10
8.72311
 20
-73.8815
 11
8.72311
 21
-73.8083
  0
LINE
  8
0
 10
8.72311
 20
-73.8083
 11
8.72621
 21
-73.735
  0
LINE
  8
0
 10
8.72621
 20
-73.735
 11
8.73203
 21
-73.6618
  0
LINE
  8
0
 10
8.73203
 20
-73.6618
 11
8.74133
 21
-73.5893
  0
LINE
  8
0
 10
8.74133
 20
-73.5893
 11
8.75373
 21
-73.5168
  0
LINE
  8
0
 10
8.75373
 20
-73.5168
 11
8.76884
 21
-73.4451
  0
LINE
  8
0
 10
8.76884
 20
-73.4451
 11
8.78706
 21
-73.3742
  0
LINE
  8
0
 10
8.78706
 20
-73.3742
 11
8.80838
 21
-73.3041
  0
LINE
  8
0
 10
8.80838
 20
-73.3041
 11
8.83241
 21
-73.2347
  0
LINE
  8
0
 10
8.83241
 20
-73.2347
 11
8.85954
 21
-73.1665
  0
LINE
  8
0
 10
8.85954
 20
-73.1665
 11
8.88899
 21
-73.0998
  0
LINE
  8
0
 10
8.88899
 20
-73.0998
 11
8.92194
 21
-73.0339
  0
LINE
  8
0
 10
8.92194
 20
-73.0339
 11
8.95721
 21
-72.97
  0
LINE
  8
0
 10
8.95721
 20
-72.97
 11
8.99519
 21
-72.9072
  0
LINE
  8
0
 10
8.99519
 20
-72.9072
 11
9.03549
 21
-72.8459
  0
LINE
  8
0
 10
9.03549
 20
-72.8459
 11
9.07852
 21
-72.7866
  0
LINE
  8
0
 10
9.07852
 20
-72.7866
 11
9.12425
 21
-72.7293
  0
LINE
  8
0
 10
9.12425
 20
-72.7293
 11
9.17192
 21
-72.6739
  0
LINE
  8
0
 10
9.17192
 20
-72.6739
 11
9.22231
 21
-72.6204
  0
LINE
  8
0
 10
9.22231
 20
-72.6204
 11
9.27463
 21
-72.5692
  0
LINE
  8
0
 10
9.27463
 20
-72.5692
 11
9.32928
 21
-72.52
  0
LINE
  8
0
 10
9.32928
 20
-72.52
 11
9.38547
 21
-72.4735
  0
LINE
  8
0
 10
9.38547
 20
-72.4735
 11
9.444
 21
-72.4289
  0
LINE
  8
0
 10
9.444
 20
-72.4289
 11
9.50407
 21
-72.3871
  0
LINE
  8
0
 10
9.50407
 20
-72.3871
 11
9.56608
 21
-72.3479
  0
LINE
  8
0
 10
9.56608
 20
-72.3479
 11
9.62964
 21
-72.3111
  0
LINE
  8
0
 10
9.62964
 20
-72.3111
 11
9.69437
 21
-72.2774
  0
LINE
  8
0
 10
9.69437
 20
-72.2774
 11
9.76064
 21
-72.246
  0
LINE
  8
0
 10
9.76064
 20
-72.246
 11
9.82847
 21
-72.2177
  0
LINE
  8
0
 10
9.82847
 20
-72.2177
 11
9.89707
 21
-72.1921
  0
LINE
  8
0
 10
9.89707
 20
-72.1921
 11
9.96683
 21
-72.1696
  0
LINE
  8
0
 10
9.96683
 20
-72.1696
 11
10.0374
 21
-72.1499
  0
LINE
  8
0
 10
10.0374
 20
-72.1499
 11
10.1087
 21
-72.1332
  0
LINE
  8
0
 10
10.1087
 20
-72.1332
 11
10.1808
 21
-72.1192
  0
LINE
  8
0
 10
10.1808
 20
-72.1192
 11
10.2533
 21
-72.1088
  0
LINE
  8
0
 10
10.2533
 20
-72.1088
 11
10.3261
 21
-72.101
  0
LINE
  8
0
 10
10.3261
 20
-72.101
 11
10.3994
 21
-72.0964
  0
LINE
  8
0
 10
10.3994
 20
-72.0964
 11
10.4726
 21
-72.0948
  0
LINE
  8
0
 10
10.4726
 20
-72.0948
 11
10.5459
 21
-72.0964
  0
LINE
  8
0
 10
10.5459
 20
-72.0964
 11
10.6191
 21
-72.101
  0
LINE
  8
0
 10
10.6191
 20
-72.101
 11
10.692
 21
-72.1088
  0
LINE
  8
0
 10
10.692
 20
-72.1088
 11
10.7645
 21
-72.1192
  0
LINE
  8
0
 10
10.7645
 20
-72.1192
 11
10.8365
 21
-72.1332
  0
LINE
  8
0
 10
10.8365
 20
-72.1332
 11
10.9079
 21
-72.1499
  0
LINE
  8
0
 10
10.9079
 20
-72.1499
 11
10.9784
 21
-72.1696
  0
LINE
  8
0
 10
10.9784
 20
-72.1696
 11
11.0482
 21
-72.1921
  0
LINE
  8
0
 10
11.0482
 20
-72.1921
 11
11.1168
 21
-72.2177
  0
LINE
  8
0
 10
11.1168
 20
-72.2177
 11
11.1846
 21
-72.246
  0
LINE
  8
0
 10
11.1846
 20
-72.246
 11
11.2509
 21
-72.2774
  0
LINE
  8
0
 10
11.2509
 20
-72.2774
 11
11.3156
 21
-72.3111
  0
LINE
  8
0
 10
11.3156
 20
-72.3111
 11
11.3792
 21
-72.3479
  0
LINE
  8
0
 10
11.3792
 20
-72.3479
 11
11.4412
 21
-72.3871
  0
LINE
  8
0
 10
11.4412
 20
-72.3871
 11
11.5012
 21
-72.4289
  0
LINE
  8
0
 10
11.5012
 20
-72.4289
 11
11.5598
 21
-72.4735
  0
LINE
  8
0
 10
11.5598
 20
-72.4735
 11
11.616
 21
-72.52
  0
LINE
  8
0
 10
11.616
 20
-72.52
 11
11.6706
 21
-72.5692
  0
LINE
  8
0
 10
11.6706
 20
-72.5692
 11
11.7229
 21
-72.6204
  0
LINE
  8
0
 10
11.7229
 20
-72.6204
 11
11.7729
 21
-72.6739
  0
LINE
  8
0
 10
11.7729
 20
-72.6739
 11
11.821
 21
-72.7293
  0
LINE
  8
0
 10
11.821
 20
-72.7293
 11
11.8667
 21
-72.7866
  0
LINE
  8
0
 10
11.8667
 20
-72.7866
 11
11.9097
 21
-72.8459
  0
LINE
  8
0
 10
11.9097
 20
-72.8459
 11
11.95
 21
-72.9072
  0
LINE
  8
0
 10
11.95
 20
-72.9072
 11
11.988
 21
-72.97
  0
LINE
  8
0
 10
11.988
 20
-72.97
 11
12.0233
 21
-73.0339
  0
LINE
  8
0
 10
12.0233
 20
-73.0339
 11
12.0562
 21
-73.0998
  0
LINE
  8
0
 10
12.0562
 20
-73.0998
 11
12.0857
 21
-73.1665
  0
LINE
  8
0
 10
12.0857
 20
-73.1665
 11
12.1128
 21
-73.2347
  0
LINE
  8
0
 10
12.1128
 20
-73.2347
 11
12.1369
 21
-73.3041
  0
LINE
  8
0
 10
12.1369
 20
-73.3041
 11
12.1582
 21
-73.3742
  0
LINE
  8
0
 10
12.1582
 20
-73.3742
 11
12.1764
 21
-73.4451
  0
LINE
  8
0
 10
12.1764
 20
-73.4451
 11
12.1915
 21
-73.5168
  0
LINE
  8
0
 10
12.1915
 20
-73.5168
 11
12.2039
 21
-73.5893
  0
LINE
  8
0
 10
12.2039
 20
-73.5893
 11
12.2132
 21
-73.6618
  0
LINE
  8
0
 10
12.2132
 20
-73.6618
 11
12.219
 21
-73.735
  0
LINE
  8
0
 10
12.219
 20
-73.735
 11
12.2221
 21
-73.8083
  0
LINE
  8
0
 10
12.2221
 20
-73.8083
 11
12.2221
 21
-73.8815
  0
LINE
  8
0
 10
12.2221
 20
-73.8815
 11
12.219
 21
-73.9548
  0
LINE
  8
0
 10
12.219
 20
-73.9548
 11
12.2132
 21
-74.0277
  0
LINE
  8
0
 10
12.2132
 20
-74.0277
 11
12.2039
 21
-74.1005
  0
LINE
  8
0
 10
12.2039
 20
-74.1005
 11
12.1915
 21
-74.1726
  0
LINE
  8
0
 10
12.1915
 20
-74.1726
 11
12.1764
 21
-74.2443
  0
LINE
  8
0
 10
12.1764
 20
-74.2443
 11
12.1582
 21
-74.3152
  0
LINE
  8
0
 10
12.1582
 20
-74.3152
 11
12.1369
 21
-74.3854
  0
LINE
  8
0
 10
12.1369
 20
-74.3854
 11
12.1128
 21
-74.4548
  0
LINE
  8
0
 10
12.1128
 20
-74.4548
 11
12.0857
 21
-74.523
  0
LINE
  8
0
 10
12.0857
 20
-74.523
 11
12.0562
 21
-74.59
  0
LINE
  8
0
 10
12.0562
 20
-74.59
 11
12.0233
 21
-74.6555
  0
LINE
  8
0
 10
12.0233
 20
-74.6555
 11
11.988
 21
-74.7199
  0
LINE
  8
0
 10
11.988
 20
-74.7199
 11
11.95
 21
-74.7826
  0
LINE
  8
0
 10
11.95
 20
-74.7826
 11
11.9097
 21
-74.8435
  0
LINE
  8
0
 10
11.9097
 20
-74.8435
 11
11.8667
 21
-74.9028
  0
LINE
  8
0
 10
11.8667
 20
-74.9028
 11
11.821
 21
-74.9602
  0
LINE
  8
0
 10
11.821
 20
-74.9602
 11
11.7729
 21
-75.0156
  0
LINE
  8
0
 10
11.7729
 20
-75.0156
 11
11.7229
 21
-75.0691
  0
LINE
  8
0
 10
11.7229
 20
-75.0691
 11
11.6706
 21
-75.1206
  0
LINE
  8
0
 10
11.6706
 20
-75.1206
 11
11.616
 21
-75.1694
  0
LINE
  8
0
 10
11.616
 20
-75.1694
 11
11.5598
 21
-75.2163
  0
LINE
  8
0
 10
11.5598
 20
-75.2163
 11
11.5012
 21
-75.2605
  0
LINE
  8
0
 10
11.5012
 20
-75.2605
 11
11.4412
 21
-75.3024
  0
LINE
  8
0
 10
11.4412
 20
-75.3024
 11
11.3792
 21
-75.3415
  0
LINE
  8
0
 10
11.3792
 20
-75.3415
 11
11.3156
 21
-75.3783
  0
LINE
  8
0
 10
11.3156
 20
-75.3783
 11
11.2509
 21
-75.4125
  0
LINE
  8
0
 10
11.2509
 20
-75.4125
 11
11.1846
 21
-75.4435
  0
LINE
  8
0
 10
11.1846
 20
-75.4435
 11
11.1168
 21
-75.4717
  0
LINE
  8
0
 10
11.1168
 20
-75.4717
 11
11.0482
 21
-75.4973
  0
LINE
  8
0
 10
11.0482
 20
-75.4973
 11
10.9784
 21
-75.5202
  0
LINE
  8
0
 10
10.9784
 20
-75.5202
 11
10.9079
 21
-75.54
  0
LINE
  8
0
 10
10.9079
 20
-75.54
 11
10.8365
 21
-75.5566
  0
LINE
  8
0
 10
10.8365
 20
-75.5566
 11
10.7645
 21
-75.5702
  0
LINE
  8
0
 10
10.7645
 20
-75.5702
 11
10.692
 21
-75.581
  0
LINE
  8
0
 10
10.692
 20
-75.581
 11
10.6191
 21
-75.5888
  0
LINE
  8
0
 10
10.6191
 20
-75.5888
 11
10.5459
 21
-75.5931
  0
LINE
  8
0
 10
10.5459
 20
-75.5931
 11
10.4726
 21
-75.5946
  0
LINE
  8
0
 10
10.4726
 20
-75.5946
 11
10.3994
 21
-75.5931
  0
LINE
  8
0
 10
138.399
 20
-75.5931
 11
138.326
 21
-75.5888
  0
LINE
  8
0
 10
138.326
 20
-75.5888
 11
138.253
 21
-75.581
  0
LINE
  8
0
 10
138.253
 20
-75.581
 11
138.181
 21
-75.5702
  0
LINE
  8
0
 10
138.181
 20
-75.5702
 11
138.109
 21
-75.5566
  0
LINE
  8
0
 10
138.109
 20
-75.5566
 11
138.037
 21
-75.54
  0
LINE
  8
0
 10
138.037
 20
-75.54
 11
137.967
 21
-75.5202
  0
LINE
  8
0
 10
137.967
 20
-75.5202
 11
137.897
 21
-75.4973
  0
LINE
  8
0
 10
137.897
 20
-75.4973
 11
137.828
 21
-75.4717
  0
LINE
  8
0
 10
137.828
 20
-75.4717
 11
137.761
 21
-75.4435
  0
LINE
  8
0
 10
137.761
 20
-75.4435
 11
137.694
 21
-75.4125
  0
LINE
  8
0
 10
137.694
 20
-75.4125
 11
137.63
 21
-75.3783
  0
LINE
  8
0
 10
137.63
 20
-75.3783
 11
137.566
 21
-75.3415
  0
LINE
  8
0
 10
137.566
 20
-75.3415
 11
137.504
 21
-75.3024
  0
LINE
  8
0
 10
137.504
 20
-75.3024
 11
137.444
 21
-75.2605
  0
LINE
  8
0
 10
137.444
 20
-75.2605
 11
137.385
 21
-75.2163
  0
LINE
  8
0
 10
137.385
 20
-75.2163
 11
137.329
 21
-75.1694
  0
LINE
  8
0
 10
137.329
 20
-75.1694
 11
137.275
 21
-75.1206
  0
LINE
  8
0
 10
137.275
 20
-75.1206
 11
137.222
 21
-75.0691
  0
LINE
  8
0
 10
137.222
 20
-75.0691
 11
137.172
 21
-75.0156
  0
LINE
  8
0
 10
137.172
 20
-75.0156
 11
137.124
 21
-74.9602
  0
LINE
  8
0
 10
137.124
 20
-74.9602
 11
137.079
 21
-74.9028
  0
LINE
  8
0
 10
137.079
 20
-74.9028
 11
137.035
 21
-74.8435
  0
LINE
  8
0
 10
137.035
 20
-74.8435
 11
136.995
 21
-74.7826
  0
LINE
  8
0
 10
136.995
 20
-74.7826
 11
136.957
 21
-74.7199
  0
LINE
  8
0
 10
136.957
 20
-74.7199
 11
136.922
 21
-74.6555
  0
LINE
  8
0
 10
136.922
 20
-74.6555
 11
136.889
 21
-74.59
  0
LINE
  8
0
 10
136.889
 20
-74.59
 11
136.859
 21
-74.523
  0
LINE
  8
0
 10
136.859
 20
-74.523
 11
136.832
 21
-74.4548
  0
LINE
  8
0
 10
136.832
 20
-74.4548
 11
136.808
 21
-74.3854
  0
LINE
  8
0
 10
136.808
 20
-74.3854
 11
136.787
 21
-74.3152
  0
LINE
  8
0
 10
136.787
 20
-74.3152
 11
136.769
 21
-74.2443
  0
LINE
  8
0
 10
136.769
 20
-74.2443
 11
136.754
 21
-74.1726
  0
LINE
  8
0
 10
136.754
 20
-74.1726
 11
136.741
 21
-74.1005
  0
LINE
  8
0
 10
136.741
 20
-74.1005
 11
136.732
 21
-74.0277
  0
LINE
  8
0
 10
136.732
 20
-74.0277
 11
136.726
 21
-73.9548
  0
LINE
  8
0
 10
136.726
 20
-73.9548
 11
136.723
 21
-73.8815
  0
LINE
  8
0
 10
136.723
 20
-73.8815
 11
136.723
 21
-73.8083
  0
LINE
  8
0
 10
136.723
 20
-73.8083
 11
136.726
 21
-73.735
  0
LINE
  8
0
 10
136.726
 20
-73.735
 11
136.732
 21
-73.6618
  0
LINE
  8
0
 10
136.732
 20
-73.6618
 11
136.741
 21
-73.5893
  0
LINE
  8
0
 10
136.741
 20
-73.5893
 11
136.754
 21
-73.5168
  0
LINE
  8
0
 10
136.754
 20
-73.5168
 11
136.769
 21
-73.4451
  0
LINE
  8
0
 10
136.769
 20
-73.4451
 11
136.787
 21
-73.3742
  0
LINE
  8
0
 10
136.787
 20
-73.3742
 11
136.808
 21
-73.3041
  0
LINE
  8
0
 10
136.808
 20
-73.3041
 11
136.832
 21
-73.2347
  0
LINE
  8
0
 10
136.832
 20
-73.2347
 11
136.859
 21
-73.1665
  0
LINE
  8
0
 10
136.859
 20
-73.1665
 11
136.889
 21
-73.0998
  0
LINE
  8
0
 10
136.889
 20
-73.0998
 11
136.922
 21
-73.0339
  0
LINE
  8
0
 10
136.922
 20
-73.0339
 11
136.957
 21
-72.97
  0
LINE
  8
0
 10
136.957
 20
-72.97
 11
136.995
 21
-72.9072
  0
LINE
  8
0
 10
136.995
 20
-72.9072
 11
137.035
 21
-72.8459
  0
LINE
  8
0
 10
137.035
 20
-72.8459
 11
137.079
 21
-72.7866
  0
LINE
  8
0
 10
137.079
 20
-72.7866
 11
137.124
 21
-72.7293
  0
LINE
  8
0
 10
137.124
 20
-72.7293
 11
137.172
 21
-72.6739
  0
LINE
  8
0
 10
137.172
 20
-72.6739
 11
137.222
 21
-72.6204
  0
LINE
  8
0
 10
137.222
 20
-72.6204
 11
137.275
 21
-72.5692
  0
LINE
  8
0
 10
137.275
 20
-72.5692
 11
137.329
 21
-72.52
  0
LINE
  8
0
 10
137.329
 20
-72.52
 11
137.385
 21
-72.4735
  0
LINE
  8
0
 10
137.385
 20
-72.4735
 11
137.444
 21
-72.4289
  0
LINE
  8
0
 10
137.444
 20
-72.4289
 11
137.504
 21
-72.3871
  0
LINE
  8
0
 10
137.504
 20
-72.3871
 11
137.566
 21
-72.3479
  0
LINE
  8
0
 10
137.566
 20
-72.3479
 11
137.63
 21
-72.3111
  0
LINE
  8
0
 10
137.63
 20
-72.3111
 11
137.694
 21
-72.2774
  0
LINE
  8
0
 10
137.694
 20
-72.2774
 11
137.761
 21
-72.246
  0
LINE
  8
0
 10
137.761
 20
-72.246
 11
137.828
 21
-72.2177
  0
LINE
  8
0
 10
137.828
 20
-72.2177
 11
137.897
 21
-72.1921
  0
LINE
  8
0
 10
137.897
 20
-72.1921
 11
137.967
 21
-72.1696
  0
LINE
  8
0
 10
137.967
 20
-72.1696
 11
138.037
 21
-72.1499
  0
LINE
  8
0
 10
138.037
 20
-72.1499
 11
138.109
 21
-72.1332
  0
LINE
  8
0
 10
138.109
 20
-72.1332
 11
138.181
 21
-72.1192
  0
LINE
  8
0
 10
138.181
 20
-72.1192
 11
138.253
 21
-72.1088
  0
LINE
  8
0
 10
138.253
 20
-72.1088
 11
138.326
 21
-72.101
  0
LINE
  8
0
 10
138.326
 20
-72.101
 11
138.399
 21
-72.0964
  0
LINE
  8
0
 10
138.399
 20
-72.0964
 11
138.473
 21
-72.0948
  0
LINE
  8
0
 10
138.473
 20
-72.0948
 11
138.546
 21
-72.0964
  0
LINE
  8
0
 10
138.546
 20
-72.0964
 11
138.619
 21
-72.101
  0
LINE
  8
0
 10
138.619
 20
-72.101
 11
138.692
 21
-72.1088
  0
LINE
  8
0
 10
138.692
 20
-72.1088
 11
138.764
 21
-72.1192
  0
LINE
  8
0
 10
138.764
 20
-72.1192
 11
138.836
 21
-72.1332
  0
LINE
  8
0
 10
138.836
 20
-72.1332
 11
138.908
 21
-72.1499
  0
LINE
  8
0
 10
138.908
 20
-72.1499
 11
138.978
 21
-72.1696
  0
LINE
  8
0
 10
138.978
 20
-72.1696
 11
139.048
 21
-72.1921
  0
LINE
  8
0
 10
139.048
 20
-72.1921
 11
139.117
 21
-72.2177
  0
LINE
  8
0
 10
139.117
 20
-72.2177
 11
139.185
 21
-72.246
  0
LINE
  8
0
 10
139.185
 20
-72.246
 11
139.251
 21
-72.2774
  0
LINE
  8
0
 10
139.251
 20
-72.2774
 11
139.316
 21
-72.3111
  0
LINE
  8
0
 10
139.316
 20
-72.3111
 11
139.379
 21
-72.3479
  0
LINE
  8
0
 10
139.379
 20
-72.3479
 11
139.441
 21
-72.3871
  0
LINE
  8
0
 10
139.441
 20
-72.3871
 11
139.501
 21
-72.4289
  0
LINE
  8
0
 10
139.501
 20
-72.4289
 11
139.56
 21
-72.4735
  0
LINE
  8
0
 10
139.56
 20
-72.4735
 11
139.616
 21
-72.52
  0
LINE
  8
0
 10
139.616
 20
-72.52
 11
139.671
 21
-72.5692
  0
LINE
  8
0
 10
139.671
 20
-72.5692
 11
139.723
 21
-72.6204
  0
LINE
  8
0
 10
139.723
 20
-72.6204
 11
139.773
 21
-72.6739
  0
LINE
  8
0
 10
139.773
 20
-72.6739
 11
139.821
 21
-72.7293
  0
LINE
  8
0
 10
139.821
 20
-72.7293
 11
139.867
 21
-72.7866
  0
LINE
  8
0
 10
139.867
 20
-72.7866
 11
139.91
 21
-72.8459
  0
LINE
  8
0
 10
139.91
 20
-72.8459
 11
139.95
 21
-72.9072
  0
LINE
  8
0
 10
139.95
 20
-72.9072
 11
139.988
 21
-72.97
  0
LINE
  8
0
 10
139.988
 20
-72.97
 11
140.024
 21
-73.0339
  0
LINE
  8
0
 10
140.024
 20
-73.0339
 11
140.056
 21
-73.0998
  0
LINE
  8
0
 10
140.056
 20
-73.0998
 11
140.086
 21
-73.1665
  0
LINE
  8
0
 10
140.086
 20
-73.1665
 11
140.113
 21
-73.2347
  0
LINE
  8
0
 10
140.113
 20
-73.2347
 11
140.137
 21
-73.3041
  0
LINE
  8
0
 10
140.137
 20
-73.3041
 11
140.158
 21
-73.3742
  0
LINE
  8
0
 10
140.158
 20
-73.3742
 11
140.176
 21
-73.4451
  0
LINE
  8
0
 10
140.176
 20
-73.4451
 11
140.191
 21
-73.5168
  0
LINE
  8
0
 10
140.191
 20
-73.5168
 11
140.204
 21
-73.5893
  0
LINE
  8
0
 10
140.204
 20
-73.5893
 11
140.213
 21
-73.6618
  0
LINE
  8
0
 10
140.213
 20
-73.6618
 11
140.219
 21
-73.735
  0
LINE
  8
0
 10
140.219
 20
-73.735
 11
140.222
 21
-73.8083
  0
LINE
  8
0
 10
140.222
 20
-73.8083
 11
140.222
 21
-73.8815
  0
LINE
  8
0
 10
140.222
 20
-73.8815
 11
140.219
 21
-73.9548
  0
LINE
  8
0
 10
140.219
 20
-73.9548
 11
140.213
 21
-74.0277
  0
LINE
  8
0
 10
140.213
 20
-74.0277
 11
140.204
 21
-74.1005
  0
LINE
  8
0
 10
140.204
 20
-74.1005
 11
140.191
 21
-74.1726
  0
LINE
  8
0
 10
140.191
 20
-74.1726
 11
140.176
 21
-74.2443
  0
LINE
  8
0
 10
140.176
 20
-74.2443
 11
140.158
 21
-74.3152
  0
LINE
  8
0
 10
140.158
 20
-74.3152
 11
140.137
 21
-74.3854
  0
LINE
  8
0
 10
140.137
 20
-74.3854
 11
140.113
 21
-74.4548
  0
LINE
  8
0
 10
140.113
 20
-74.4548
 11
140.086
 21
-74.523
  0
LINE
  8
0
 10
140.086
 20
-74.523
 11
140.056
 21
-74.59
  0
LINE
  8
0
 10
140.056
 20
-74.59
 11
140.024
 21
-74.6555
  0
LINE
  8
0
 10
140.024
 20
-74.6555
 11
139.988
 21
-74.7199
  0
LINE
  8
0
 10
139.988
 20
-74.7199
 11
139.95
 21
-74.7826
  0
LINE
  8
0
 10
139.95
 20
-74.7826
 11
139.91
 21
-74.8435
  0
LINE
  8
0
 10
139.91
 20
-74.8435
 11
139.867
 21
-74.9028
  0
LINE
  8
0
 10
139.867
 20
-74.9028
 11
139.821
 21
-74.9602
  0
LINE
  8
0
 10
139.821
 20
-74.9602
 11
139.773
 21
-75.0156
  0
LINE
  8
0
 10
139.773
 20
-75.0156
 11
139.723
 21
-75.0691
  0
LINE
  8
0
 10
139.723
 20
-75.0691
 11
139.671
 21
-75.1206
  0
LINE
  8
0
 10
139.671
 20
-75.1206
 11
139.616
 21
-75.1694
  0
LINE
  8
0
 10
139.616
 20
-75.1694
 11
139.56
 21
-75.2163
  0
LINE
  8
0
 10
139.56
 20
-75.2163
 11
139.501
 21
-75.2605
  0
LINE
  8
0
 10
139.501
 20
-75.2605
 11
139.441
 21
-75.3024
  0
LINE
  8
0
 10
139.441
 20
-75.3024
 11
139.379
 21
-75.3415
  0
LINE
  8
0
 10
139.379
 20
-75.3415
 11
139.316
 21
-75.3783
  0
LINE
  8
0
 10
139.316
 20
-75.3783
 11
139.251
 21
-75.4125
  0
LINE
  8
0
 10
139.251
 20
-75.4125
 11
139.185
 21
-75.4435
  0
LINE
  8
0
 10
139.185
 20
-75.4435
 11
139.117
 21
-75.4717
  0
LINE
  8
0
 10
139.117
 20
-75.4717
 11
139.048
 21
-75.4973
  0
LINE
  8
0
 10
139.048
 20
-75.4973
 11
138.978
 21
-75.5202
  0
LINE
  8
0
 10
138.978
 20
-75.5202
 11
138.908
 21
-75.54
  0
LINE
  8
0
 10
138.908
 20
-75.54
 11
138.836
 21
-75.5566
  0
LINE
  8
0
 10
138.836
 20
-75.5566
 11
138.764
 21
-75.5702
  0
LINE
  8
0
 10
138.764
 20
-75.5702
 11
138.692
 21
-75.581
  0
LINE
  8
0
 10
138.692
 20
-75.581
 11
138.619
 21
-75.5888
  0
LINE
  8
0
 10
138.619
 20
-75.5888
 11
138.546
 21
-75.5931
  0
LINE
  8
0
 10
138.546
 20
-75.5931
 11
138.473
 21
-75.5946
  0
LINE
  8
0
 10
138.473
 20
-75.5946
 11
138.399
 21
-75.5931
  0
LINE
  8
0
 10
-10.5459
 20
-75.5931
 11
-10.6191
 21
-75.5888
  0
LINE
  8
0
 10
-10.6191
 20
-75.5888
 11
-10.692
 21
-75.581
  0
LINE
  8
0
 10
-10.692
 20
-75.581
 11
-10.7645
 21
-75.5702
  0
LINE
  8
0
 10
-10.7645
 20
-75.5702
 11
-10.8365
 21
-75.5566
  0
LINE
  8
0
 10
-10.8365
 20
-75.5566
 11
-10.9079
 21
-75.54
  0
LINE
  8
0
 10
-10.9079
 20
-75.54
 11
-10.9784
 21
-75.5202
  0
LINE
  8
0
 10
-10.9784
 20
-75.5202
 11
-11.0482
 21
-75.4973
  0
LINE
  8
0
 10
-11.0482
 20
-75.4973
 11
-11.1168
 21
-75.4717
  0
LINE
  8
0
 10
-11.1168
 20
-75.4717
 11
-11.1846
 21
-75.4435
  0
LINE
  8
0
 10
-11.1846
 20
-75.4435
 11
-11.2509
 21
-75.4125
  0
LINE
  8
0
 10
-11.2509
 20
-75.4125
 11
-11.3156
 21
-75.3783
  0
LINE
  8
0
 10
-11.3156
 20
-75.3783
 11
-11.3792
 21
-75.3415
  0
LINE
  8
0
 10
-11.3792
 20
-75.3415
 11
-11.4412
 21
-75.3024
  0
LINE
  8
0
 10
-11.4412
 20
-75.3024
 11
-11.5012
 21
-75.2605
  0
LINE
  8
0
 10
-11.5012
 20
-75.2605
 11
-11.5598
 21
-75.2163
  0
LINE
  8
0
 10
-11.5598
 20
-75.2163
 11
-11.616
 21
-75.1694
  0
LINE
  8
0
 10
-11.616
 20
-75.1694
 11
-11.6706
 21
-75.1206
  0
LINE
  8
0
 10
-11.6706
 20
-75.1206
 11
-11.7229
 21
-75.0691
  0
LINE
  8
0
 10
-11.7229
 20
-75.0691
 11
-11.7729
 21
-75.0156
  0
LINE
  8
0
 10
-11.7729
 20
-75.0156
 11
-11.821
 21
-74.9602
  0
LINE
  8
0
 10
-11.821
 20
-74.9602
 11
-11.8667
 21
-74.9028
  0
LINE
  8
0
 10
-11.8667
 20
-74.9028
 11
-11.9097
 21
-74.8435
  0
LINE
  8
0
 10
-11.9097
 20
-74.8435
 11
-11.95
 21
-74.7826
  0
LINE
  8
0
 10
-11.95
 20
-74.7826
 11
-11.988
 21
-74.7199
  0
LINE
  8
0
 10
-11.988
 20
-74.7199
 11
-12.0233
 21
-74.6555
  0
LINE
  8
0
 10
-12.0233
 20
-74.6555
 11
-12.0562
 21
-74.59
  0
LINE
  8
0
 10
-12.0562
 20
-74.59
 11
-12.0857
 21
-74.523
  0
LINE
  8
0
 10
-12.0857
 20
-74.523
 11
-12.1128
 21
-74.4548
  0
LINE
  8
0
 10
-12.1128
 20
-74.4548
 11
-12.1369
 21
-74.3854
  0
LINE
  8
0
 10
-12.1369
 20
-74.3854
 11
-12.1582
 21
-74.3152
  0
LINE
  8
0
 10
-12.1582
 20
-74.3152
 11
-12.1764
 21
-74.2443
  0
LINE
  8
0
 10
-12.1764
 20
-74.2443
 11
-12.1915
 21
-74.1726
  0
LINE
  8
0
 10
-12.1915
 20
-74.1726
 11
-12.2039
 21
-74.1005
  0
LINE
  8
0
 10
-12.2039
 20
-74.1005
 11
-12.2132
 21
-74.0277
  0
LINE
  8
0
 10
-12.2132
 20
-74.0277
 11
-12.219
 21
-73.9548
  0
LINE
  8
0
 10
-12.219
 20
-73.9548
 11
-12.2221
 21
-73.8815
  0
LINE
  8
0
 10
-12.2221
 20
-73.8815
 11
-12.2221
 21
-73.8083
  0
LINE
  8
0
 10
-12.2221
 20
-73.8083
 11
-12.219
 21
-73.735
  0
LINE
  8
0
 10
-12.219
 20
-73.735
 11
-12.2132
 21
-73.6618
  0
LINE
  8
0
 10
-12.2132
 20
-73.6618
 11
-12.2039
 21
-73.5893
  0
LINE
  8
0
 10
-12.2039
 20
-73.5893
 11
-12.1915
 21
-73.5168
  0
LINE
  8
0
 10
-12.1915
 20
-73.5168
 11
-12.1764
 21
-73.4451
  0
LINE
  8
0
 10
-12.1764
 20
-73.4451
 11
-12.1582
 21
-73.3742
  0
LINE
  8
0
 10
-12.1582
 20
-73.3742
 11
-12.1369
 21
-73.3041
  0
LINE
  8
0
 10
-12.1369
 20
-73.3041
 11
-12.1128
 21
-73.2347
  0
LINE
  8
0
 10
-12.1128
 20
-73.2347
 11
-12.0857
 21
-73.1665
  0
LINE
  8
0
 10
-12.0857
 20
-73.1665
 11
-12.0562
 21
-73.0998
  0
LINE
  8
0
 10
-12.0562
 20
-73.0998
 11
-12.0233
 21
-73.0339
  0
LINE
  8
0
 10
-12.0233
 20
-73.0339
 11
-11.988
 21
-72.97
  0
LINE
  8
0
 10
-11.988
 20
-72.97
 11
-11.95
 21
-72.9072
  0
LINE
  8
0
 10
-11.95
 20
-72.9072
 11
-11.9097
 21
-72.8459
  0
LINE
  8
0
 10
-11.9097
 20
-72.8459
 11
-11.8667
 21
-72.7866
  0
LINE
  8
0
 10
-11.8667
 20
-72.7866
 11
-11.821
 21
-72.7293
  0
LINE
  8
0
 10
-11.821
 20
-72.7293
 11
-11.7729
 21
-72.6739
  0
LINE
  8
0
 10
-11.7729
 20
-72.6739
 11
-11.7229
 21
-72.6204
  0
LINE
  8
0
 10
-11.7229
 20
-72.6204
 11
-11.6706
 21
-72.5692
  0
LINE
  8
0
 10
-11.6706
 20
-72.5692
 11
-11.616
 21
-72.52
  0
LINE
  8
0
 10
-11.616
 20
-72.52
 11
-11.5598
 21
-72.4735
  0
LINE
  8
0
 10
-11.5598
 20
-72.4735
 11
-11.5012
 21
-72.4289
  0
LINE
  8
0
 10
-11.5012
 20
-72.4289
 11
-11.4412
 21
-72.3871
  0
LINE
  8
0
 10
-11.4412
 20
-72.3871
 11
-11.3792
 21
-72.3479
  0
LINE
  8
0
 10
-11.3792
 20
-72.3479
 11
-11.3156
 21
-72.3111
  0
LINE
  8
0
 10
-11.3156
 20
-72.3111
 11
-11.2509
 21
-72.2774
  0
LINE
  8
0
 10
-11.2509
 20
-72.2774
 11
-11.1846
 21
-72.246
  0
LINE
  8
0
 10
-11.1846
 20
-72.246
 11
-11.1168
 21
-72.2177
  0
LINE
  8
0
 10
-11.1168
 20
-72.2177
 11
-11.0482
 21
-72.1921
  0
LINE
  8
0
 10
-11.0482
 20
-72.1921
 11
-10.9784
 21
-72.1696
  0
LINE
  8
0
 10
-10.9784
 20
-72.1696
 11
-10.9079
 21
-72.1499
  0
LINE
  8
0
 10
-10.9079
 20
-72.1499
 11
-10.8365
 21
-72.1332
  0
LINE
  8
0
 10
-10.8365
 20
-72.1332
 11
-10.7645
 21
-72.1192
  0
LINE
  8
0
 10
-10.7645
 20
-72.1192
 11
-10.692
 21
-72.1088
  0
LINE
  8
0
 10
-10.692
 20
-72.1088
 11
-10.6191
 21
-72.101
  0
LINE
  8
0
 10
-10.6191
 20
-72.101
 11
-10.5459
 21
-72.0964
  0
LINE
  8
0
 10
-10.5459
 20
-72.0964
 11
-10.4726
 21
-72.0948
  0
LINE
  8
0
 10
-10.4726
 20
-72.0948
 11
-10.3994
 21
-72.0964
  0
LINE
  8
0
 10
-10.3994
 20
-72.0964
 11
-10.3261
 21
-72.101
  0
LINE
  8
0
 10
-10.3261
 20
-72.101
 11
-10.2533
 21
-72.1088
  0
LINE
  8
0
 10
-10.2533
 20
-72.1088
 11
-10.1808
 21
-72.1192
  0
LINE
  8
0
 10
-10.1808
 20
-72.1192
 11
-10.1087
 21
-72.1332
  0
LINE
  8
0
 10
-10.1087
 20
-72.1332
 11
-10.0374
 21
-72.1499
  0
LINE
  8
0
 10
-10.0374
 20
-72.1499
 11
-9.96683
 21
-72.1696
  0
LINE
  8
0
 10
-9.96683
 20
-72.1696
 11
-9.89707
 21
-72.1921
  0
LINE
  8
0
 10
-9.89707
 20
-72.1921
 11
-9.82847
 21
-72.2177
  0
LINE
  8
0
 10
-9.82847
 20
-72.2177
 11
-9.76064
 21
-72.246
  0
LINE
  8
0
 10
-9.76064
 20
-72.246
 11
-9.69437
 21
-72.2774
  0
LINE
  8
0
 10
-9.69437
 20
-72.2774
 11
-9.62964
 21
-72.3111
  0
LINE
  8
0
 10
-9.62964
 20
-72.3111
 11
-9.56608
 21
-72.3479
  0
LINE
  8
0
 10
-9.56608
 20
-72.3479
 11
-9.50407
 21
-72.3871
  0
LINE
  8
0
 10
-9.50407
 20
-72.3871
 11
-9.444
 21
-72.4289
  0
LINE
  8
0
 10
-9.444
 20
-72.4289
 11
-9.38547
 21
-72.4735
  0
LINE
  8
0
 10
-9.38547
 20
-72.4735
 11
-9.32928
 21
-72.52
  0
LINE
  8
0
 10
-9.32928
 20
-72.52
 11
-9.27463
 21
-72.5692
  0
LINE
  8
0
 10
-9.27463
 20
-72.5692
 11
-9.22231
 21
-72.6204
  0
LINE
  8
0
 10
-9.22231
 20
-72.6204
 11
-9.17192
 21
-72.6739
  0
LINE
  8
0
 10
-9.17192
 20
-72.6739
 11
-9.12425
 21
-72.7293
  0
LINE
  8
0
 10
-9.12425
 20
-72.7293
 11
-9.07852
 21
-72.7866
  0
LINE
  8
0
 10
-9.07852
 20
-72.7866
 11
-9.03549
 21
-72.8459
  0
LINE
  8
0
 10
-9.03549
 20
-72.8459
 11
-8.99519
 21
-72.9072
  0
LINE
  8
0
 10
-8.99519
 20
-72.9072
 11
-8.95721
 21
-72.97
  0
LINE
  8
0
 10
-8.95721
 20
-72.97
 11
-8.92194
 21
-73.0339
  0
LINE
  8
0
 10
-8.92194
 20
-73.0339
 11
-8.88899
 21
-73.0998
  0
LINE
  8
0
 10
-8.88899
 20
-73.0998
 11
-8.85954
 21
-73.1665
  0
LINE
  8
0
 10
-8.85954
 20
-73.1665
 11
-8.83241
 21
-73.2347
  0
LINE
  8
0
 10
-8.83241
 20
-73.2347
 11
-8.80838
 21
-73.3041
  0
LINE
  8
0
 10
-8.80838
 20
-73.3041
 11
-8.78706
 21
-73.3742
  0
LINE
  8
0
 10
-8.78706
 20
-73.3742
 11
-8.76884
 21
-73.4451
  0
LINE
  8
0
 10
-8.76884
 20
-73.4451
 11
-8.75373
 21
-73.5168
  0
LINE
  8
0
 10
-8.75373
 20
-73.5168
 11
-8.74133
 21
-73.5893
  0
LINE
  8
0
 10
-8.74133
 20
-73.5893
 11
-8.73203
 21
-73.6618
  0
LINE
  8
0
 10
-8.73203
 20
-73.6618
 11
-8.72621
 21
-73.735
  0
LINE
  8
0
 10
-8.72621
 20
-73.735
 11
-8.72311
 21
-73.8083
  0
LINE
  8
0
 10
-8.72311
 20
-73.8083
 11
-8.72311
 21
-73.8815
  0
LINE
  8
0
 10
-8.72311
 20
-73.8815
 11
-8.72621
 21
-73.9548
  0
LINE
  8
0
 10
-8.72621
 20
-73.9548
 11
-8.73203
 21
-74.0277
  0
LINE
  8
0
 10
-8.73203
 20
-74.0277
 11
-8.74133
 21
-74.1005
  0
LINE
  8
0
 10
-8.74133
 20
-74.1005
 11
-8.75373
 21
-74.1726
  0
LINE
  8
0
 10
-8.75373
 20
-74.1726
 11
-8.76884
 21
-74.2443
  0
LINE
  8
0
 10
-8.76884
 20
-74.2443
 11
-8.78706
 21
-74.3152
  0
LINE
  8
0
 10
-8.78706
 20
-74.3152
 11
-8.80838
 21
-74.3854
  0
LINE
  8
0
 10
-8.80838
 20
-74.3854
 11
-8.83241
 21
-74.4548
  0
LINE
  8
0
 10
-8.83241
 20
-74.4548
 11
-8.85954
 21
-74.523
  0
LINE
  8
0
 10
-8.85954
 20
-74.523
 11
-8.88899
 21
-74.59
  0
LINE
  8
0
 10
-8.88899
 20
-74.59
 11
-8.92194
 21
-74.6555
  0
LINE
  8
0
 10
-8.92194
 20
-74.6555
 11
-8.95721
 21
-74.7199
  0
LINE
  8
0
 10
-8.95721
 20
-74.7199
 11
-8.99519
 21
-74.7826
  0
LINE
  8
0
 10
-8.99519
 20
-74.7826
 11
-9.03549
 21
-74.8435
  0
LINE
  8
0
 10
-9.03549
 20
-74.8435
 11
-9.07852
 21
-74.9028
  0
LINE
  8
0
 10
-9.07852
 20
-74.9028
 11
-9.12425
 21
-74.9602
  0
LINE
  8
0
 10
-9.12425
 20
-74.9602
 11
-9.17192
 21
-75.0156
  0
LINE
  8
0
 10
-9.17192
 20
-75.0156
 11
-9.22231
 21
-75.0691
  0
LINE
  8
0
 10
-9.22231
 20
-75.0691
 11
-9.27463
 21
-75.1206
  0
LINE
  8
0
 10
-9.27463
 20
-75.1206
 11
-9.32928
 21
-75.1694
  0
LINE
  8
0
 10
-9.32928
 20
-75.1694
 11
-9.38547
 21
-75.2163
  0
LINE
  8
0
 10
-9.38547
 20
-75.2163
 11
-9.444
 21
-75.2605
  0
LINE
  8
0
 10
-9.444
 20
-75.2605
 11
-9.50407
 21
-75.3024
  0
LINE
  8
0
 10
-9.50407
 20
-75.3024
 11
-9.56608
 21
-75.3415
  0
LINE
  8
0
 10
-9.56608
 20
-75.3415
 11
-9.62964
 21
-75.3783
  0
LINE
  8
0
 10
-9.62964
 20
-75.3783
 11
-9.69437
 21
-75.4125
  0
LINE
  8
0
 10
-9.69437
 20
-75.4125
 11
-9.76064
 21
-75.4435
  0
LINE
  8
0
 10
-9.76064
 20
-75.4435
 11
-9.82847
 21
-75.4717
  0
LINE
  8
0
 10
-9.82847
 20
-75.4717
 11
-9.89707
 21
-75.4973
  0
LINE
  8
0
 10
-9.89707
 20
-75.4973
 11
-9.96683
 21
-75.5202
  0
LINE
  8
0
 10
-9.96683
 20
-75.5202
 11
-10.0374
 21
-75.54
  0
LINE
  8
0
 10
-10.0374
 20
-75.54
 11
-10.1087
 21
-75.5566
  0
LINE
  8
0
 10
-10.1087
 20
-75.5566
 11
-10.1808
 21
-75.5702
  0
LINE
  8
0
 10
-10.1808
 20
-75.5702
 11
-10.2533
 21
-75.581
  0
LINE
  8
0
 10
-10.2533
 20
-75.581
 11
-10.3261
 21
-75.5888
  0
LINE
  8
0
 10
-10.3261
 20
-75.5888
 11
-10.3994
 21
-75.5931
  0
LINE
  8
0
 10
-10.3994
 20
-75.5931
 11
-10.4726
 21
-75.5946
  0
LINE
  8
0
 10
-10.4726
 20
-75.5946
 11
-10.5459
 21
-75.5931
  0
LINE
  8
0
 10
107.463
 20
-86.0696
 11
107.39
 21
-86.0665
  0
LINE
  8
0
 10
107.39
 20
-86.0665
 11
107.317
 21
-86.0603
  0
LINE
  8
0
 10
107.317
 20
-86.0603
 11
107.244
 21
-86.0509
  0
LINE
  8
0
 10
107.244
 20
-86.0509
 11
107.172
 21
-86.0389
  0
LINE
  8
0
 10
107.172
 20
-86.0389
 11
107.1
 21
-86.0234
  0
LINE
  8
0
 10
107.1
 20
-86.0234
 11
107.029
 21
-86.0052
  0
LINE
  8
0
 10
107.029
 20
-86.0052
 11
106.959
 21
-85.9843
  0
LINE
  8
0
 10
106.959
 20
-85.9843
 11
106.89
 21
-85.9599
  0
LINE
  8
0
 10
106.89
 20
-85.9599
 11
106.822
 21
-85.9331
  0
LINE
  8
0
 10
106.822
 20
-85.9331
 11
106.755
 21
-85.9033
  0
LINE
  8
0
 10
106.755
 20
-85.9033
 11
106.689
 21
-85.8707
  0
LINE
  8
0
 10
106.689
 20
-85.8707
 11
106.625
 21
-85.8355
  0
LINE
  8
0
 10
106.625
 20
-85.8355
 11
106.562
 21
-85.7975
  0
LINE
  8
0
 10
106.562
 20
-85.7975
 11
106.501
 21
-85.7568
  0
LINE
  8
0
 10
106.501
 20
-85.7568
 11
106.442
 21
-85.7138
  0
LINE
  8
0
 10
106.442
 20
-85.7138
 11
106.384
 21
-85.668
  0
LINE
  8
0
 10
106.384
 20
-85.668
 11
106.329
 21
-85.6204
  0
LINE
  8
0
 10
106.329
 20
-85.6204
 11
106.275
 21
-85.57
  0
LINE
  8
0
 10
106.275
 20
-85.57
 11
106.224
 21
-85.5176
  0
LINE
  8
0
 10
106.224
 20
-85.5176
 11
106.175
 21
-85.4634
  0
LINE
  8
0
 10
106.175
 20
-85.4634
 11
106.128
 21
-85.4068
  0
LINE
  8
0
 10
106.128
 20
-85.4068
 11
106.084
 21
-85.3483
  0
LINE
  8
0
 10
106.084
 20
-85.3483
 11
106.042
 21
-85.2882
  0
LINE
  8
0
 10
106.042
 20
-85.2882
 11
106.003
 21
-85.2262
  0
LINE
  8
0
 10
106.003
 20
-85.2262
 11
105.966
 21
-85.163
  0
LINE
  8
0
 10
105.966
 20
-85.163
 11
105.932
 21
-85.0979
  0
LINE
  8
0
 10
105.932
 20
-85.0979
 11
105.901
 21
-85.0316
  0
LINE
  8
0
 10
105.901
 20
-85.0316
 11
105.873
 21
-84.9642
  0
LINE
  8
0
 10
105.873
 20
-84.9642
 11
105.847
 21
-84.8952
  0
LINE
  8
0
 10
105.847
 20
-84.8952
 11
105.825
 21
-84.8254
  0
LINE
  8
0
 10
105.825
 20
-84.8254
 11
105.805
 21
-84.7549
  0
LINE
  8
0
 10
105.805
 20
-84.7549
 11
105.788
 21
-84.6836
  0
LINE
  8
0
 10
105.788
 20
-84.6836
 11
105.774
 21
-84.6115
  0
LINE
  8
0
 10
105.774
 20
-84.6115
 11
105.764
 21
-84.539
  0
LINE
  8
0
 10
105.764
 20
-84.539
 11
105.756
 21
-84.4662
  0
LINE
  8
0
 10
105.756
 20
-84.4662
 11
105.751
 21
-84.3929
  0
LINE
  8
0
 10
105.751
 20
-84.3929
 11
105.75
 21
-84.3197
  0
LINE
  8
0
 10
105.75
 20
-84.3197
 11
105.751
 21
-84.2464
  0
LINE
  8
0
 10
105.751
 20
-84.2464
 11
105.756
 21
-84.1735
  0
LINE
  8
0
 10
105.756
 20
-84.1735
 11
105.764
 21
-84.1003
  0
LINE
  8
0
 10
105.764
 20
-84.1003
 11
105.774
 21
-84.0278
  0
LINE
  8
0
 10
105.774
 20
-84.0278
 11
105.788
 21
-83.9561
  0
LINE
  8
0
 10
105.788
 20
-83.9561
 11
105.805
 21
-83.8844
  0
LINE
  8
0
 10
105.805
 20
-83.8844
 11
105.825
 21
-83.8139
  0
LINE
  8
0
 10
105.825
 20
-83.8139
 11
105.847
 21
-83.7441
  0
LINE
  8
0
 10
105.847
 20
-83.7441
 11
105.873
 21
-83.6755
  0
LINE
  8
0
 10
105.873
 20
-83.6755
 11
105.901
 21
-83.6081
  0
LINE
  8
0
 10
105.901
 20
-83.6081
 11
105.932
 21
-83.5418
  0
LINE
  8
0
 10
105.932
 20
-83.5418
 11
105.966
 21
-83.4767
  0
LINE
  8
0
 10
105.966
 20
-83.4767
 11
106.003
 21
-83.4131
  0
LINE
  8
0
 10
106.003
 20
-83.4131
 11
106.042
 21
-83.3515
  0
LINE
  8
0
 10
106.042
 20
-83.3515
 11
106.084
 21
-83.291
  0
LINE
  8
0
 10
106.084
 20
-83.291
 11
106.128
 21
-83.2329
  0
LINE
  8
0
 10
106.128
 20
-83.2329
 11
106.175
 21
-83.1763
  0
LINE
  8
0
 10
106.175
 20
-83.1763
 11
106.224
 21
-83.1217
  0
LINE
  8
0
 10
106.224
 20
-83.1217
 11
106.275
 21
-83.0693
  0
LINE
  8
0
 10
106.275
 20
-83.0693
 11
106.329
 21
-83.0194
  0
LINE
  8
0
 10
106.329
 20
-83.0194
 11
106.384
 21
-82.9713
  0
LINE
  8
0
 10
106.384
 20
-82.9713
 11
106.442
 21
-82.9259
  0
LINE
  8
0
 10
106.442
 20
-82.9259
 11
106.501
 21
-82.8829
  0
LINE
  8
0
 10
106.501
 20
-82.8829
 11
106.562
 21
-82.8422
  0
LINE
  8
0
 10
106.562
 20
-82.8422
 11
106.625
 21
-82.8042
  0
LINE
  8
0
 10
106.625
 20
-82.8042
 11
106.689
 21
-82.769
  0
LINE
  8
0
 10
106.689
 20
-82.769
 11
106.755
 21
-82.7364
  0
LINE
  8
0
 10
106.755
 20
-82.7364
 11
106.822
 21
-82.7066
  0
LINE
  8
0
 10
106.822
 20
-82.7066
 11
106.89
 21
-82.6794
  0
LINE
  8
0
 10
106.89
 20
-82.6794
 11
106.959
 21
-82.6554
  0
LINE
  8
0
 10
106.959
 20
-82.6554
 11
107.029
 21
-82.6341
  0
LINE
  8
0
 10
107.029
 20
-82.6341
 11
107.1
 21
-82.6159
  0
LINE
  8
0
 10
107.1
 20
-82.6159
 11
107.172
 21
-82.6008
  0
LINE
  8
0
 10
107.172
 20
-82.6008
 11
107.244
 21
-82.5884
  0
LINE
  8
0
 10
107.244
 20
-82.5884
 11
107.317
 21
-82.5795
  0
LINE
  8
0
 10
107.317
 20
-82.5795
 11
107.39
 21
-82.5733
  0
LINE
  8
0
 10
107.39
 20
-82.5733
 11
107.463
 21
-82.5702
  0
LINE
  8
0
 10
107.463
 20
-82.5702
 11
107.536
 21
-82.5702
  0
LINE
  8
0
 10
107.536
 20
-82.5702
 11
107.61
 21
-82.5733
  0
LINE
  8
0
 10
107.61
 20
-82.5733
 11
107.683
 21
-82.5795
  0
LINE
  8
0
 10
107.683
 20
-82.5795
 11
107.755
 21
-82.5884
  0
LINE
  8
0
 10
107.755
 20
-82.5884
 11
107.828
 21
-82.6008
  0
LINE
  8
0
 10
107.828
 20
-82.6008
 11
107.899
 21
-82.6159
  0
LINE
  8
0
 10
107.899
 20
-82.6159
 11
107.971
 21
-82.6341
  0
LINE
  8
0
 10
107.971
 20
-82.6341
 11
108.041
 21
-82.6554
  0
LINE
  8
0
 10
108.041
 20
-82.6554
 11
108.11
 21
-82.6794
  0
LINE
  8
0
 10
108.11
 20
-82.6794
 11
108.178
 21
-82.7066
  0
LINE
  8
0
 10
108.178
 20
-82.7066
 11
108.245
 21
-82.7364
  0
LINE
  8
0
 10
108.245
 20
-82.7364
 11
108.31
 21
-82.769
  0
LINE
  8
0
 10
108.31
 20
-82.769
 11
108.375
 21
-82.8042
  0
LINE
  8
0
 10
108.375
 20
-82.8042
 11
108.438
 21
-82.8422
  0
LINE
  8
0
 10
108.438
 20
-82.8422
 11
108.498
 21
-82.8829
  0
LINE
  8
0
 10
108.498
 20
-82.8829
 11
108.558
 21
-82.9259
  0
LINE
  8
0
 10
108.558
 20
-82.9259
 11
108.615
 21
-82.9713
  0
LINE
  8
0
 10
108.615
 20
-82.9713
 11
108.671
 21
-83.0194
  0
LINE
  8
0
 10
108.671
 20
-83.0194
 11
108.724
 21
-83.0693
  0
LINE
  8
0
 10
108.724
 20
-83.0693
 11
108.776
 21
-83.1217
  0
LINE
  8
0
 10
108.776
 20
-83.1217
 11
108.824
 21
-83.1763
  0
LINE
  8
0
 10
108.824
 20
-83.1763
 11
108.871
 21
-83.2329
  0
LINE
  8
0
 10
108.871
 20
-83.2329
 11
108.915
 21
-83.291
  0
LINE
  8
0
 10
108.915
 20
-83.291
 11
108.957
 21
-83.3515
  0
LINE
  8
0
 10
108.957
 20
-83.3515
 11
108.997
 21
-83.4131
  0
LINE
  8
0
 10
108.997
 20
-83.4131
 11
109.033
 21
-83.4767
  0
LINE
  8
0
 10
109.033
 20
-83.4767
 11
109.067
 21
-83.5418
  0
LINE
  8
0
 10
109.067
 20
-83.5418
 11
109.098
 21
-83.6081
  0
LINE
  8
0
 10
109.098
 20
-83.6081
 11
109.127
 21
-83.6755
  0
LINE
  8
0
 10
109.127
 20
-83.6755
 11
109.153
 21
-83.7441
  0
LINE
  8
0
 10
109.153
 20
-83.7441
 11
109.175
 21
-83.8139
  0
LINE
  8
0
 10
109.175
 20
-83.8139
 11
109.195
 21
-83.8844
  0
LINE
  8
0
 10
109.195
 20
-83.8844
 11
109.212
 21
-83.9561
  0
LINE
  8
0
 10
109.212
 20
-83.9561
 11
109.225
 21
-84.0278
  0
LINE
  8
0
 10
109.225
 20
-84.0278
 11
109.236
 21
-84.1003
  0
LINE
  8
0
 10
109.236
 20
-84.1003
 11
109.244
 21
-84.1735
  0
LINE
  8
0
 10
109.244
 20
-84.1735
 11
109.248
 21
-84.2464
  0
LINE
  8
0
 10
109.248
 20
-84.2464
 11
109.25
 21
-84.3197
  0
LINE
  8
0
 10
109.25
 20
-84.3197
 11
109.248
 21
-84.3929
  0
LINE
  8
0
 10
109.248
 20
-84.3929
 11
109.244
 21
-84.4662
  0
LINE
  8
0
 10
109.244
 20
-84.4662
 11
109.236
 21
-84.539
  0
LINE
  8
0
 10
109.236
 20
-84.539
 11
109.225
 21
-84.6115
  0
LINE
  8
0
 10
109.225
 20
-84.6115
 11
109.212
 21
-84.6836
  0
LINE
  8
0
 10
109.212
 20
-84.6836
 11
109.195
 21
-84.7549
  0
LINE
  8
0
 10
109.195
 20
-84.7549
 11
109.175
 21
-84.8254
  0
LINE
  8
0
 10
109.175
 20
-84.8254
 11
109.153
 21
-84.8952
  0
LINE
  8
0
 10
109.153
 20
-84.8952
 11
109.127
 21
-84.9642
  0
LINE
  8
0
 10
109.127
 20
-84.9642
 11
109.098
 21
-85.0316
  0
LINE
  8
0
 10
109.098
 20
-85.0316
 11
109.067
 21
-85.0979
  0
LINE
  8
0
 10
109.067
 20
-85.0979
 11
109.033
 21
-85.163
  0
LINE
  8
0
 10
109.033
 20
-85.163
 11
108.997
 21
-85.2262
  0
LINE
  8
0
 10
108.997
 20
-85.2262
 11
108.957
 21
-85.2882
  0
LINE
  8
0
 10
108.957
 20
-85.2882
 11
108.915
 21
-85.3483
  0
LINE
  8
0
 10
108.915
 20
-85.3483
 11
108.871
 21
-85.4068
  0
LINE
  8
0
 10
108.871
 20
-85.4068
 11
108.824
 21
-85.4634
  0
LINE
  8
0
 10
108.824
 20
-85.4634
 11
108.776
 21
-85.5176
  0
LINE
  8
0
 10
108.776
 20
-85.5176
 11
108.724
 21
-85.57
  0
LINE
  8
0
 10
108.724
 20
-85.57
 11
108.671
 21
-85.6204
  0
LINE
  8
0
 10
108.671
 20
-85.6204
 11
108.615
 21
-85.668
  0
LINE
  8
0
 10
108.615
 20
-85.668
 11
108.558
 21
-85.7138
  0
LINE
  8
0
 10
108.558
 20
-85.7138
 11
108.498
 21
-85.7568
  0
LINE
  8
0
 10
108.498
 20
-85.7568
 11
108.438
 21
-85.7975
  0
LINE
  8
0
 10
108.438
 20
-85.7975
 11
108.375
 21
-85.8355
  0
LINE
  8
0
 10
108.375
 20
-85.8355
 11
108.31
 21
-85.8707
  0
LINE
  8
0
 10
108.31
 20
-85.8707
 11
108.245
 21
-85.9033
  0
LINE
  8
0
 10
108.245
 20
-85.9033
 11
108.178
 21
-85.9331
  0
LINE
  8
0
 10
108.178
 20
-85.9331
 11
108.11
 21
-85.9599
  0
LINE
  8
0
 10
108.11
 20
-85.9599
 11
108.041
 21
-85.9843
  0
LINE
  8
0
 10
108.041
 20
-85.9843
 11
107.971
 21
-86.0052
  0
LINE
  8
0
 10
107.971
 20
-86.0052
 11
107.899
 21
-86.0234
  0
LINE
  8
0
 10
107.899
 20
-86.0234
 11
107.828
 21
-86.0389
  0
LINE
  8
0
 10
107.828
 20
-86.0389
 11
107.755
 21
-86.0509
  0
LINE
  8
0
 10
107.755
 20
-86.0509
 11
107.683
 21
-86.0603
  0
LINE
  8
0
 10
107.683
 20
-86.0603
 11
107.61
 21
-86.0665
  0
LINE
  8
0
 10
107.61
 20
-86.0665
 11
107.536
 21
-86.0696
  0
LINE
  8
0
 10
107.536
 20
-86.0696
 11
107.463
 21
-86.0696
  0
LINE
  8
0
 10
-107.536
 20
-86.0696
 11
-107.61
 21
-86.0665
  0
LINE
  8
0
 10
-107.61
 20
-86.0665
 11
-107.683
 21
-86.0603
  0
LINE
  8
0
 10
-107.683
 20
-86.0603
 11
-107.755
 21
-86.0509
  0
LINE
  8
0
 10
-107.755
 20
-86.0509
 11
-107.828
 21
-86.0389
  0
LINE
  8
0
 10
-107.828
 20
-86.0389
 11
-107.899
 21
-86.0234
  0
LINE
  8
0
 10
-107.899
 20
-86.0234
 11
-107.971
 21
-86.0052
  0
LINE
  8
0
 10
-107.971
 20
-86.0052
 11
-108.041
 21
-85.9843
  0
LINE
  8
0
 10
-108.041
 20
-85.9843
 11
-108.11
 21
-85.9599
  0
LINE
  8
0
 10
-108.11
 20
-85.9599
 11
-108.178
 21
-85.9331
  0
LINE
  8
0
 10
-108.178
 20
-85.9331
 11
-108.245
 21
-85.9033
  0
LINE
  8
0
 10
-108.245
 20
-85.9033
 11
-108.31
 21
-85.8707
  0
LINE
  8
0
 10
-108.31
 20
-85.8707
 11
-108.375
 21
-85.8355
  0
LINE
  8
0
 10
-108.375
 20
-85.8355
 11
-108.438
 21
-85.7975
  0
LINE
  8
0
 10
-108.438
 20
-85.7975
 11
-108.498
 21
-85.7568
  0
LINE
  8
0
 10
-108.498
 20
-85.7568
 11
-108.558
 21
-85.7138
  0
LINE
  8
0
 10
-108.558
 20
-85.7138
 11
-108.615
 21
-85.668
  0
LINE
  8
0
 10
-108.615
 20
-85.668
 11
-108.671
 21
-85.6204
  0
LINE
  8
0
 10
-108.671
 20
-85.6204
 11
-108.724
 21
-85.57
  0
LINE
  8
0
 10
-108.724
 20
-85.57
 11
-108.776
 21
-85.5176
  0
LINE
  8
0
 10
-108.776
 20
-85.5176
 11
-108.824
 21
-85.4634
  0
LINE
  8
0
 10
-108.824
 20
-85.4634
 11
-108.871
 21
-85.4068
  0
LINE
  8
0
 10
-108.871
 20
-85.4068
 11
-108.915
 21
-85.3483
  0
LINE
  8
0
 10
-108.915
 20
-85.3483
 11
-108.957
 21
-85.2882
  0
LINE
  8
0
 10
-108.957
 20
-85.2882
 11
-108.997
 21
-85.2262
  0
LINE
  8
0
 10
-108.997
 20
-85.2262
 11
-109.033
 21
-85.163
  0
LINE
  8
0
 10
-109.033
 20
-85.163
 11
-109.067
 21
-85.0979
  0
LINE
  8
0
 10
-109.067
 20
-85.0979
 11
-109.098
 21
-85.0316
  0
LINE
  8
0
 10
-109.098
 20
-85.0316
 11
-109.127
 21
-84.9642
  0
LINE
  8
0
 10
-109.127
 20
-84.9642
 11
-109.153
 21
-84.8952
  0
LINE
  8
0
 10
-109.153
 20
-84.8952
 11
-109.175
 21
-84.8254
  0
LINE
  8
0
 10
-109.175
 20
-84.8254
 11
-109.195
 21
-84.7549
  0
LINE
  8
0
 10
-109.195
 20
-84.7549
 11
-109.212
 21
-84.6836
  0
LINE
  8
0
 10
-109.212
 20
-84.6836
 11
-109.225
 21
-84.6115
  0
LINE
  8
0
 10
-109.225
 20
-84.6115
 11
-109.236
 21
-84.539
  0
LINE
  8
0
 10
-109.236
 20
-84.539
 11
-109.244
 21
-84.4662
  0
LINE
  8
0
 10
-109.244
 20
-84.4662
 11
-109.248
 21
-84.3929
  0
LINE
  8
0
 10
-109.248
 20
-84.3929
 11
-109.25
 21
-84.3197
  0
LINE
  8
0
 10
-109.25
 20
-84.3197
 11
-109.248
 21
-84.2464
  0
LINE
  8
0
 10
-109.248
 20
-84.2464
 11
-109.244
 21
-84.1735
  0
LINE
  8
0
 10
-109.244
 20
-84.1735
 11
-109.236
 21
-84.1003
  0
LINE
  8
0
 10
-109.236
 20
-84.1003
 11
-109.225
 21
-84.0278
  0
LINE
  8
0
 10
-109.225
 20
-84.0278
 11
-109.212
 21
-83.9561
  0
LINE
  8
0
 10
-109.212
 20
-83.9561
 11
-109.195
 21
-83.8844
  0
LINE
  8
0
 10
-109.195
 20
-83.8844
 11
-109.175
 21
-83.8139
  0
LINE
  8
0
 10
-109.175
 20
-83.8139
 11
-109.153
 21
-83.7441
  0
LINE
  8
0
 10
-109.153
 20
-83.7441
 11
-109.127
 21
-83.6755
  0
LINE
  8
0
 10
-109.127
 20
-83.6755
 11
-109.098
 21
-83.6081
  0
LINE
  8
0
 10
-109.098
 20
-83.6081
 11
-109.067
 21
-83.5418
  0
LINE
  8
0
 10
-109.067
 20
-83.5418
 11
-109.033
 21
-83.4767
  0
LINE
  8
0
 10
-109.033
 20
-83.4767
 11
-108.997
 21
-83.4131
  0
LINE
  8
0
 10
-108.997
 20
-83.4131
 11
-108.957
 21
-83.3515
  0
LINE
  8
0
 10
-108.957
 20
-83.3515
 11
-108.915
 21
-83.291
  0
LINE
  8
0
 10
-108.915
 20
-83.291
 11
-108.871
 21
-83.2329
  0
LINE
  8
0
 10
-108.871
 20
-83.2329
 11
-108.824
 21
-83.1763
  0
LINE
  8
0
 10
-108.824
 20
-83.1763
 11
-108.776
 21
-83.1217
  0
LINE
  8
0
 10
-108.776
 20
-83.1217
 11
-108.724
 21
-83.0693
  0
LINE
  8
0
 10
-108.724
 20
-83.0693
 11
-108.671
 21
-83.0194
  0
LINE
  8
0
 10
-108.671
 20
-83.0194
 11
-108.615
 21
-82.9713
  0
LINE
  8
0
 10
-108.615
 20
-82.9713
 11
-108.558
 21
-82.9259
  0
LINE
  8
0
 10
-108.558
 20
-82.9259
 11
-108.498
 21
-82.8829
  0
LINE
  8
0
 10
-108.498
 20
-82.8829
 11
-108.438
 21
-82.8422
  0
LINE
  8
0
 10
-108.438
 20
-82.8422
 11
-108.375
 21
-82.8042
  0
LINE
  8
0
 10
-108.375
 20
-82.8042
 11
-108.31
 21
-82.769
  0
LINE
  8
0
 10
-108.31
 20
-82.769
 11
-108.245
 21
-82.7364
  0
LINE
  8
0
 10
-108.245
 20
-82.7364
 11
-108.178
 21
-82.7066
  0
LINE
  8
0
 10
-108.178
 20
-82.7066
 11
-108.11
 21
-82.6794
  0
LINE
  8
0
 10
-108.11
 20
-82.6794
 11
-108.041
 21
-82.6554
  0
LINE
  8
0
 10
-108.041
 20
-82.6554
 11
-107.971
 21
-82.6341
  0
LINE
  8
0
 10
-107.971
 20
-82.6341
 11
-107.899
 21
-82.6159
  0
LINE
  8
0
 10
-107.899
 20
-82.6159
 11
-107.828
 21
-82.6008
  0
LINE
  8
0
 10
-107.828
 20
-82.6008
 11
-107.755
 21
-82.5884
  0
LINE
  8
0
 10
-107.755
 20
-82.5884
 11
-107.683
 21
-82.5795
  0
LINE
  8
0
 10
-107.683
 20
-82.5795
 11
-107.61
 21
-82.5733
  0
LINE
  8
0
 10
-107.61
 20
-82.5733
 11
-107.536
 21
-82.5702
  0
LINE
  8
0
 10
-107.536
 20
-82.5702
 11
-107.463
 21
-82.5702
  0
LINE
  8
0
 10
-107.463
 20
-82.5702
 11
-107.39
 21
-82.5733
  0
LINE
  8
0
 10
-107.39
 20
-82.5733
 11
-107.317
 21
-82.5795
  0
LINE
  8
0
 10
-107.317
 20
-82.5795
 11
-107.244
 21
-82.5884
  0
LINE
  8
0
 10
-107.244
 20
-82.5884
 11
-107.172
 21
-82.6008
  0
LINE
  8
0
 10
-107.172
 20
-82.6008
 11
-107.1
 21
-82.6159
  0
LINE
  8
0
 10
-107.1
 20
-82.6159
 11
-107.029
 21
-82.6341
  0
LINE
  8
0
 10
-107.029
 20
-82.6341
 11
-106.959
 21
-82.6554
  0
LINE
  8
0
 10
-106.959
 20
-82.6554
 11
-106.89
 21
-82.6794
  0
LINE
  8
0
 10
-106.89
 20
-82.6794
 11
-106.822
 21
-82.7066
  0
LINE
  8
0
 10
-106.822
 20
-82.7066
 11
-106.755
 21
-82.7364
  0
LINE
  8
0
 10
-106.755
 20
-82.7364
 11
-106.689
 21
-82.769
  0
LINE
  8
0
 10
-106.689
 20
-82.769
 11
-106.625
 21
-82.8042
  0
LINE
  8
0
 10
-106.625
 20
-82.8042
 11
-106.562
 21
-82.8422
  0
LINE
  8
0
 10
-106.562
 20
-82.8422
 11
-106.501
 21
-82.8829
  0
LINE
  8
0
 10
-106.501
 20
-82.8829
 11
-106.442
 21
-82.9259
  0
LINE
  8
0
 10
-106.442
 20
-82.9259
 11
-106.384
 21
-82.9713
  0
LINE
  8
0
 10
-106.384
 20
-82.9713
 11
-106.329
 21
-83.0194
  0
LINE
  8
0
 10
-106.329
 20
-83.0194
 11
-106.275
 21
-83.0693
  0
LINE
  8
0
 10
-106.275
 20
-83.0693
 11
-106.224
 21
-83.1217
  0
LINE
  8
0
 10
-106.224
 20
-83.1217
 11
-106.175
 21
-83.1763
  0
LINE
  8
0
 10
-106.175
 20
-83.1763
 11
-106.128
 21
-83.2329
  0
LINE
  8
0
 10
-106.128
 20
-83.2329
 11
-106.084
 21
-83.291
  0
LINE
  8
0
 10
-106.084
 20
-83.291
 11
-106.042
 21
-83.3515
  0
LINE
  8
0
 10
-106.042
 20
-83.3515
 11
-106.003
 21
-83.4131
  0
LINE
  8
0
 10
-106.003
 20
-83.4131
 11
-105.966
 21
-83.4767
  0
LINE
  8
0
 10
-105.966
 20
-83.4767
 11
-105.932
 21
-83.5418
  0
LINE
  8
0
 10
-105.932
 20
-83.5418
 11
-105.901
 21
-83.6081
  0
LINE
  8
0
 10
-105.901
 20
-83.6081
 11
-105.873
 21
-83.6755
  0
LINE
  8
0
 10
-105.873
 20
-83.6755
 11
-105.847
 21
-83.7441
  0
LINE
  8
0
 10
-105.847
 20
-83.7441
 11
-105.825
 21
-83.8139
  0
LINE
  8
0
 10
-105.825
 20
-83.8139
 11
-105.805
 21
-83.8844
  0
LINE
  8
0
 10
-105.805
 20
-83.8844
 11
-105.788
 21
-83.9561
  0
LINE
  8
0
 10
-105.788
 20
-83.9561
 11
-105.774
 21
-84.0278
  0
LINE
  8
0
 10
-105.774
 20
-84.0278
 11
-105.764
 21
-84.1003
  0
LINE
  8
0
 10
-105.764
 20
-84.1003
 11
-105.756
 21
-84.1735
  0
LINE
  8
0
 10
-105.756
 20
-84.1735
 11
-105.751
 21
-84.2464
  0
LINE
  8
0
 10
-105.751
 20
-84.2464
 11
-105.75
 21
-84.3197
  0
LINE
  8
0
 10
-105.75
 20
-84.3197
 11
-105.751
 21
-84.3929
  0
LINE
  8
0
 10
-105.751
 20
-84.3929
 11
-105.756
 21
-84.4662
  0
LINE
  8
0
 10
-105.756
 20
-84.4662
 11
-105.764
 21
-84.539
  0
LINE
  8
0
 10
-105.764
 20
-84.539
 11
-105.774
 21
-84.6115
  0
LINE
  8
0
 10
-105.774
 20
-84.6115
 11
-105.788
 21
-84.6836
  0
LINE
  8
0
 10
-105.788
 20
-84.6836
 11
-105.805
 21
-84.7549
  0
LINE
  8
0
 10
-105.805
 20
-84.7549
 11
-105.825
 21
-84.8254
  0
LINE
  8
0
 10
-105.825
 20
-84.8254
 11
-105.847
 21
-84.8952
  0
LINE
  8
0
 10
-105.847
 20
-84.8952
 11
-105.873
 21
-84.9642
  0
LINE
  8
0
 10
-105.873
 20
-84.9642
 11
-105.901
 21
-85.0316
  0
LINE
  8
0
 10
-105.901
 20
-85.0316
 11
-105.932
 21
-85.0979
  0
LINE
  8
0
 10
-105.932
 20
-85.0979
 11
-105.966
 21
-85.163
  0
LINE
  8
0
 10
-105.966
 20
-85.163
 11
-106.003
 21
-85.2262
  0
LINE
  8
0
 10
-106.003
 20
-85.2262
 11
-106.042
 21
-85.2882
  0
LINE
  8
0
 10
-106.042
 20
-85.2882
 11
-106.084
 21
-85.3483
  0
LINE
  8
0
 10
-106.084
 20
-85.3483
 11
-106.128
 21
-85.4068
  0
LINE
  8
0
 10
-106.128
 20
-85.4068
 11
-106.175
 21
-85.4634
  0
LINE
  8
0
 10
-106.175
 20
-85.4634
 11
-106.224
 21
-85.5176
  0
LINE
  8
0
 10
-106.224
 20
-85.5176
 11
-106.275
 21
-85.57
  0
LINE
  8
0
 10
-106.275
 20
-85.57
 11
-106.329
 21
-85.6204
  0
LINE
  8
0
 10
-106.329
 20
-85.6204
 11
-106.384
 21
-85.668
  0
LINE
  8
0
 10
-106.384
 20
-85.668
 11
-106.442
 21
-85.7138
  0
LINE
  8
0
 10
-106.442
 20
-85.7138
 11
-106.501
 21
-85.7568
  0
LINE
  8
0
 10
-106.501
 20
-85.7568
 11
-106.562
 21
-85.7975
  0
LINE
  8
0
 10
-106.562
 20
-85.7975
 11
-106.625
 21
-85.8355
  0
LINE
  8
0
 10
-106.625
 20
-85.8355
 11
-106.689
 21
-85.8707
  0
LINE
  8
0
 10
-106.689
 20
-85.8707
 11
-106.755
 21
-85.9033
  0
LINE
  8
0
 10
-106.755
 20
-85.9033
 11
-106.822
 21
-85.9331
  0
LINE
  8
0
 10
-106.822
 20
-85.9331
 11
-106.89
 21
-85.9599
  0
LINE
  8
0
 10
-106.89
 20
-85.9599
 11
-106.959
 21
-85.9843
  0
LINE
  8
0
 10
-106.959
 20
-85.9843
 11
-107.029
 21
-86.0052
  0
LINE
  8
0
 10
-107.029
 20
-86.0052
 11
-107.1
 21
-86.0234
  0
LINE
  8
0
 10
-107.1
 20
-86.0234
 11
-107.172
 21
-86.0389
  0
LINE
  8
0
 10
-107.172
 20
-86.0389
 11
-107.244
 21
-86.0509
  0
LINE
  8
0
 10
-107.244
 20
-86.0509
 11
-107.317
 21
-86.0603
  0
LINE
  8
0
 10
-107.317
 20
-86.0603
 11
-107.39
 21
-86.0665
  0
LINE
  8
0
 10
-107.39
 20
-86.0665
 11
-107.463
 21
-86.0696
  0
LINE
  8
0
 10
-107.463
 20
-86.0696
 11
-107.536
 21
-86.0696
  0
LINE
  8
0
 10
19.4632
 20
-86.0696
 11
19.3899
 21
-86.0665
  0
LINE
  8
0
 10
19.3899
 20
-86.0665
 11
19.317
 21
-86.0603
  0
LINE
  8
0
 10
19.317
 20
-86.0603
 11
19.2442
 21
-86.0509
  0
LINE
  8
0
 10
19.2442
 20
-86.0509
 11
19.1721
 21
-86.0389
  0
LINE
  8
0
 10
19.1721
 20
-86.0389
 11
19.1004
 21
-86.0234
  0
LINE
  8
0
 10
19.1004
 20
-86.0234
 11
19.0291
 21
-86.0052
  0
LINE
  8
0
 10
19.0291
 20
-86.0052
 11
18.9589
 21
-85.9843
  0
LINE
  8
0
 10
18.9589
 20
-85.9843
 11
18.8899
 21
-85.9599
  0
LINE
  8
0
 10
18.8899
 20
-85.9599
 11
18.8217
 21
-85.9331
  0
LINE
  8
0
 10
18.8217
 20
-85.9331
 11
18.7547
 21
-85.9033
  0
LINE
  8
0
 10
18.7547
 20
-85.9033
 11
18.6892
 21
-85.8707
  0
LINE
  8
0
 10
18.6892
 20
-85.8707
 11
18.6248
 21
-85.8355
  0
LINE
  8
0
 10
18.6248
 20
-85.8355
 11
18.562
 21
-85.7975
  0
LINE
  8
0
 10
18.562
 20
-85.7975
 11
18.5012
 21
-85.7568
  0
LINE
  8
0
 10
18.5012
 20
-85.7568
 11
18.4419
 21
-85.7138
  0
LINE
  8
0
 10
18.4419
 20
-85.7138
 11
18.3841
 21
-85.668
  0
LINE
  8
0
 10
18.3841
 20
-85.668
 11
18.3287
 21
-85.6204
  0
LINE
  8
0
 10
18.3287
 20
-85.6204
 11
18.2752
 21
-85.57
  0
LINE
  8
0
 10
18.2752
 20
-85.57
 11
18.2241
 21
-85.5176
  0
LINE
  8
0
 10
18.2241
 20
-85.5176
 11
18.1752
 21
-85.4634
  0
LINE
  8
0
 10
18.1752
 20
-85.4634
 11
18.1284
 21
-85.4068
  0
LINE
  8
0
 10
18.1284
 20
-85.4068
 11
18.0842
 21
-85.3483
  0
LINE
  8
0
 10
18.0842
 20
-85.3483
 11
18.0423
 21
-85.2882
  0
LINE
  8
0
 10
18.0423
 20
-85.2882
 11
18.0028
 21
-85.2262
  0
LINE
  8
0
 10
18.0028
 20
-85.2262
 11
17.9663
 21
-85.163
  0
LINE
  8
0
 10
17.9663
 20
-85.163
 11
17.9322
 21
-85.0979
  0
LINE
  8
0
 10
17.9322
 20
-85.0979
 11
17.9012
 21
-85.0316
  0
LINE
  8
0
 10
17.9012
 20
-85.0316
 11
17.8726
 21
-84.9642
  0
LINE
  8
0
 10
17.8726
 20
-84.9642
 11
17.8474
 21
-84.8952
  0
LINE
  8
0
 10
17.8474
 20
-84.8952
 11
17.8245
 21
-84.8254
  0
LINE
  8
0
 10
17.8245
 20
-84.8254
 11
17.8047
 21
-84.7549
  0
LINE
  8
0
 10
17.8047
 20
-84.7549
 11
17.7881
 21
-84.6836
  0
LINE
  8
0
 10
17.7881
 20
-84.6836
 11
17.7745
 21
-84.6115
  0
LINE
  8
0
 10
17.7745
 20
-84.6115
 11
17.7636
 21
-84.539
  0
LINE
  8
0
 10
17.7636
 20
-84.539
 11
17.7559
 21
-84.4662
  0
LINE
  8
0
 10
17.7559
 20
-84.4662
 11
17.7512
 21
-84.3929
  0
LINE
  8
0
 10
17.7512
 20
-84.3929
 11
17.7497
 21
-84.3197
  0
LINE
  8
0
 10
17.7497
 20
-84.3197
 11
17.7512
 21
-84.2464
  0
LINE
  8
0
 10
17.7512
 20
-84.2464
 11
17.7559
 21
-84.1735
  0
LINE
  8
0
 10
17.7559
 20
-84.1735
 11
17.7636
 21
-84.1003
  0
LINE
  8
0
 10
17.7636
 20
-84.1003
 11
17.7745
 21
-84.0278
  0
LINE
  8
0
 10
17.7745
 20
-84.0278
 11
17.7881
 21
-83.9561
  0
LINE
  8
0
 10
17.7881
 20
-83.9561
 11
17.8047
 21
-83.8844
  0
LINE
  8
0
 10
17.8047
 20
-83.8844
 11
17.8245
 21
-83.8139
  0
LINE
  8
0
 10
17.8245
 20
-83.8139
 11
17.8474
 21
-83.7441
  0
LINE
  8
0
 10
17.8474
 20
-83.7441
 11
17.8726
 21
-83.6755
  0
LINE
  8
0
 10
17.8726
 20
-83.6755
 11
17.9012
 21
-83.6081
  0
LINE
  8
0
 10
17.9012
 20
-83.6081
 11
17.9322
 21
-83.5418
  0
LINE
  8
0
 10
17.9322
 20
-83.5418
 11
17.9663
 21
-83.4767
  0
LINE
  8
0
 10
17.9663
 20
-83.4767
 11
18.0028
 21
-83.4131
  0
LINE
  8
0
 10
18.0028
 20
-83.4131
 11
18.0423
 21
-83.3515
  0
LINE
  8
0
 10
18.0423
 20
-83.3515
 11
18.0842
 21
-83.291
  0
LINE
  8
0
 10
18.0842
 20
-83.291
 11
18.1284
 21
-83.2329
  0
LINE
  8
0
 10
18.1284
 20
-83.2329
 11
18.1752
 21
-83.1763
  0
LINE
  8
0
 10
18.1752
 20
-83.1763
 11
18.2241
 21
-83.1217
  0
LINE
  8
0
 10
18.2241
 20
-83.1217
 11
18.2752
 21
-83.0693
  0
LINE
  8
0
 10
18.2752
 20
-83.0693
 11
18.3287
 21
-83.0194
  0
LINE
  8
0
 10
18.3287
 20
-83.0194
 11
18.3841
 21
-82.9713
  0
LINE
  8
0
 10
18.3841
 20
-82.9713
 11
18.4419
 21
-82.9259
  0
LINE
  8
0
 10
18.4419
 20
-82.9259
 11
18.5012
 21
-82.8829
  0
LINE
  8
0
 10
18.5012
 20
-82.8829
 11
18.562
 21
-82.8422
  0
LINE
  8
0
 10
18.562
 20
-82.8422
 11
18.6248
 21
-82.8042
  0
LINE
  8
0
 10
18.6248
 20
-82.8042
 11
18.6892
 21
-82.769
  0
LINE
  8
0
 10
18.6892
 20
-82.769
 11
18.7547
 21
-82.7364
  0
LINE
  8
0
 10
18.7547
 20
-82.7364
 11
18.8217
 21
-82.7066
  0
LINE
  8
0
 10
18.8217
 20
-82.7066
 11
18.8899
 21
-82.6794
  0
LINE
  8
0
 10
18.8899
 20
-82.6794
 11
18.9589
 21
-82.6554
  0
LINE
  8
0
 10
18.9589
 20
-82.6554
 11
19.0291
 21
-82.6341
  0
LINE
  8
0
 10
19.0291
 20
-82.6341
 11
19.1004
 21
-82.6159
  0
LINE
  8
0
 10
19.1004
 20
-82.6159
 11
19.1721
 21
-82.6008
  0
LINE
  8
0
 10
19.1721
 20
-82.6008
 11
19.2442
 21
-82.5884
  0
LINE
  8
0
 10
19.2442
 20
-82.5884
 11
19.317
 21
-82.5795
  0
LINE
  8
0
 10
19.317
 20
-82.5795
 11
19.3899
 21
-82.5733
  0
LINE
  8
0
 10
19.3899
 20
-82.5733
 11
19.4632
 21
-82.5702
  0
LINE
  8
0
 10
19.4632
 20
-82.5702
 11
19.5364
 21
-82.5702
  0
LINE
  8
0
 10
19.5364
 20
-82.5702
 11
19.6097
 21
-82.5733
  0
LINE
  8
0
 10
19.6097
 20
-82.5733
 11
19.6829
 21
-82.5795
  0
LINE
  8
0
 10
19.6829
 20
-82.5795
 11
19.7554
 21
-82.5884
  0
LINE
  8
0
 10
19.7554
 20
-82.5884
 11
19.8279
 21
-82.6008
  0
LINE
  8
0
 10
19.8279
 20
-82.6008
 11
19.8996
 21
-82.6159
  0
LINE
  8
0
 10
19.8996
 20
-82.6159
 11
19.9705
 21
-82.6341
  0
LINE
  8
0
 10
19.9705
 20
-82.6341
 11
20.0406
 21
-82.6554
  0
LINE
  8
0
 10
20.0406
 20
-82.6554
 11
20.11
 21
-82.6794
  0
LINE
  8
0
 10
20.11
 20
-82.6794
 11
20.1778
 21
-82.7066
  0
LINE
  8
0
 10
20.1778
 20
-82.7066
 11
20.2449
 21
-82.7364
  0
LINE
  8
0
 10
20.2449
 20
-82.7364
 11
20.3108
 21
-82.769
  0
LINE
  8
0
 10
20.3108
 20
-82.769
 11
20.3747
 21
-82.8042
  0
LINE
  8
0
 10
20.3747
 20
-82.8042
 11
20.4375
 21
-82.8422
  0
LINE
  8
0
 10
20.4375
 20
-82.8422
 11
20.4987
 21
-82.8829
  0
LINE
  8
0
 10
20.4987
 20
-82.8829
 11
20.558
 21
-82.9259
  0
LINE
  8
0
 10
20.558
 20
-82.9259
 11
20.6154
 21
-82.9713
  0
LINE
  8
0
 10
20.6154
 20
-82.9713
 11
20.6708
 21
-83.0194
  0
LINE
  8
0
 10
20.6708
 20
-83.0194
 11
20.7243
 21
-83.0693
  0
LINE
  8
0
 10
20.7243
 20
-83.0693
 11
20.7755
 21
-83.1217
  0
LINE
  8
0
 10
20.7755
 20
-83.1217
 11
20.8247
 21
-83.1763
  0
LINE
  8
0
 10
20.8247
 20
-83.1763
 11
20.8712
 21
-83.2329
  0
LINE
  8
0
 10
20.8712
 20
-83.2329
 11
20.9158
 21
-83.291
  0
LINE
  8
0
 10
20.9158
 20
-83.291
 11
20.9576
 21
-83.3515
  0
LINE
  8
0
 10
20.9576
 20
-83.3515
 11
20.9968
 21
-83.4131
  0
LINE
  8
0
 10
20.9968
 20
-83.4131
 11
21.0332
 21
-83.4767
  0
LINE
  8
0
 10
21.0332
 20
-83.4767
 11
21.0673
 21
-83.5418
  0
LINE
  8
0
 10
21.0673
 20
-83.5418
 11
21.0987
 21
-83.6081
  0
LINE
  8
0
 10
21.0987
 20
-83.6081
 11
21.127
 21
-83.6755
  0
LINE
  8
0
 10
21.127
 20
-83.6755
 11
21.1526
 21
-83.7441
  0
LINE
  8
0
 10
21.1526
 20
-83.7441
 11
21.1751
 21
-83.8139
  0
LINE
  8
0
 10
21.1751
 20
-83.8139
 11
21.1948
 21
-83.8844
  0
LINE
  8
0
 10
21.1948
 20
-83.8844
 11
21.2115
 21
-83.9561
  0
LINE
  8
0
 10
21.2115
 20
-83.9561
 11
21.2254
 21
-84.0278
  0
LINE
  8
0
 10
21.2254
 20
-84.0278
 11
21.2359
 21
-84.1003
  0
LINE
  8
0
 10
21.2359
 20
-84.1003
 11
21.2437
 21
-84.1735
  0
LINE
  8
0
 10
21.2437
 20
-84.1735
 11
21.2483
 21
-84.2464
  0
LINE
  8
0
 10
21.2483
 20
-84.2464
 11
21.2499
 21
-84.3197
  0
LINE
  8
0
 10
21.2499
 20
-84.3197
 11
21.2483
 21
-84.3929
  0
LINE
  8
0
 10
21.2483
 20
-84.3929
 11
21.2437
 21
-84.4662
  0
LINE
  8
0
 10
21.2437
 20
-84.4662
 11
21.2359
 21
-84.539
  0
LINE
  8
0
 10
21.2359
 20
-84.539
 11
21.2254
 21
-84.6115
  0
LINE
  8
0
 10
21.2254
 20
-84.6115
 11
21.2115
 21
-84.6836
  0
LINE
  8
0
 10
21.2115
 20
-84.6836
 11
21.1948
 21
-84.7549
  0
LINE
  8
0
 10
21.1948
 20
-84.7549
 11
21.1751
 21
-84.8254
  0
LINE
  8
0
 10
21.1751
 20
-84.8254
 11
21.1526
 21
-84.8952
  0
LINE
  8
0
 10
21.1526
 20
-84.8952
 11
21.127
 21
-84.9642
  0
LINE
  8
0
 10
21.127
 20
-84.9642
 11
21.0987
 21
-85.0316
  0
LINE
  8
0
 10
21.0987
 20
-85.0316
 11
21.0673
 21
-85.0979
  0
LINE
  8
0
 10
21.0673
 20
-85.0979
 11
21.0332
 21
-85.163
  0
LINE
  8
0
 10
21.0332
 20
-85.163
 11
20.9968
 21
-85.2262
  0
LINE
  8
0
 10
20.9968
 20
-85.2262
 11
20.9576
 21
-85.2882
  0
LINE
  8
0
 10
20.9576
 20
-85.2882
 11
20.9158
 21
-85.3483
  0
LINE
  8
0
 10
20.9158
 20
-85.3483
 11
20.8712
 21
-85.4068
  0
LINE
  8
0
 10
20.8712
 20
-85.4068
 11
20.8247
 21
-85.4634
  0
LINE
  8
0
 10
20.8247
 20
-85.4634
 11
20.7755
 21
-85.5176
  0
LINE
  8
0
 10
20.7755
 20
-85.5176
 11
20.7243
 21
-85.57
  0
LINE
  8
0
 10
20.7243
 20
-85.57
 11
20.6708
 21
-85.6204
  0
LINE
  8
0
 10
20.6708
 20
-85.6204
 11
20.6154
 21
-85.668
  0
LINE
  8
0
 10
20.6154
 20
-85.668
 11
20.558
 21
-85.7138
  0
LINE
  8
0
 10
20.558
 20
-85.7138
 11
20.4987
 21
-85.7568
  0
LINE
  8
0
 10
20.4987
 20
-85.7568
 11
20.4375
 21
-85.7975
  0
LINE
  8
0
 10
20.4375
 20
-85.7975
 11
20.3747
 21
-85.8355
  0
LINE
  8
0
 10
20.3747
 20
-85.8355
 11
20.3108
 21
-85.8707
  0
LINE
  8
0
 10
20.3108
 20
-85.8707
 11
20.2449
 21
-85.9033
  0
LINE
  8
0
 10
20.2449
 20
-85.9033
 11
20.1778
 21
-85.9331
  0
LINE
  8
0
 10
20.1778
 20
-85.9331
 11
20.11
 21
-85.9599
  0
LINE
  8
0
 10
20.11
 20
-85.9599
 11
20.0406
 21
-85.9843
  0
LINE
  8
0
 10
20.0406
 20
-85.9843
 11
19.9705
 21
-86.0052
  0
LINE
  8
0
 10
19.9705
 20
-86.0052
 11
19.8996
 21
-86.0234
  0
LINE
  8
0
 10
19.8996
 20
-86.0234
 11
19.8279
 21
-86.0389
  0
LINE
  8
0
 10
19.8279
 20
-86.0389
 11
19.7554
 21
-86.0509
  0
LINE
  8
0
 10
19.7554
 20
-86.0509
 11
19.6829
 21
-86.0603
  0
LINE
  8
0
 10
19.6829
 20
-86.0603
 11
19.6097
 21
-86.0665
  0
LINE
  8
0
 10
19.6097
 20
-86.0665
 11
19.5364
 21
-86.0696
  0
LINE
  8
0
 10
19.5364
 20
-86.0696
 11
19.4632
 21
-86.0696
  0
LINE
  8
0
 10
-19.5364
 20
-86.0696
 11
-19.6097
 21
-86.0665
  0
LINE
  8
0
 10
-19.6097
 20
-86.0665
 11
-19.6829
 21
-86.0603
  0
LINE
  8
0
 10
-19.6829
 20
-86.0603
 11
-19.7554
 21
-86.0509
  0
LINE
  8
0
 10
-19.7554
 20
-86.0509
 11
-19.8279
 21
-86.0389
  0
LINE
  8
0
 10
-19.8279
 20
-86.0389
 11
-19.8996
 21
-86.0234
  0
LINE
  8
0
 10
-19.8996
 20
-86.0234
 11
-19.9705
 21
-86.0052
  0
LINE
  8
0
 10
-19.9705
 20
-86.0052
 11
-20.0406
 21
-85.9843
  0
LINE
  8
0
 10
-20.0406
 20
-85.9843
 11
-20.11
 21
-85.9599
  0
LINE
  8
0
 10
-20.11
 20
-85.9599
 11
-20.1778
 21
-85.9331
  0
LINE
  8
0
 10
-20.1778
 20
-85.9331
 11
-20.2449
 21
-85.9033
  0
LINE
  8
0
 10
-20.2449
 20
-85.9033
 11
-20.3108
 21
-85.8707
  0
LINE
  8
0
 10
-20.3108
 20
-85.8707
 11
-20.3747
 21
-85.8355
  0
LINE
  8
0
 10
-20.3747
 20
-85.8355
 11
-20.4375
 21
-85.7975
  0
LINE
  8
0
 10
-20.4375
 20
-85.7975
 11
-20.4987
 21
-85.7568
  0
LINE
  8
0
 10
-20.4987
 20
-85.7568
 11
-20.558
 21
-85.7138
  0
LINE
  8
0
 10
-20.558
 20
-85.7138
 11
-20.6154
 21
-85.668
  0
LINE
  8
0
 10
-20.6154
 20
-85.668
 11
-20.6708
 21
-85.6204
  0
LINE
  8
0
 10
-20.6708
 20
-85.6204
 11
-20.7243
 21
-85.57
  0
LINE
  8
0
 10
-20.7243
 20
-85.57
 11
-20.7755
 21
-85.5176
  0
LINE
  8
0
 10
-20.7755
 20
-85.5176
 11
-20.8247
 21
-85.4634
  0
LINE
  8
0
 10
-20.8247
 20
-85.4634
 11
-20.8712
 21
-85.4068
  0
LINE
  8
0
 10
-20.8712
 20
-85.4068
 11
-20.9158
 21
-85.3483
  0
LINE
  8
0
 10
-20.9158
 20
-85.3483
 11
-20.9576
 21
-85.2882
  0
LINE
  8
0
 10
-20.9576
 20
-85.2882
 11
-20.9968
 21
-85.2262
  0
LINE
  8
0
 10
-20.9968
 20
-85.2262
 11
-21.0332
 21
-85.163
  0
LINE
  8
0
 10
-21.0332
 20
-85.163
 11
-21.0673
 21
-85.0979
  0
LINE
  8
0
 10
-21.0673
 20
-85.0979
 11
-21.0987
 21
-85.0316
  0
LINE
  8
0
 10
-21.0987
 20
-85.0316
 11
-21.127
 21
-84.9642
  0
LINE
  8
0
 10
-21.127
 20
-84.9642
 11
-21.1526
 21
-84.8952
  0
LINE
  8
0
 10
-21.1526
 20
-84.8952
 11
-21.1751
 21
-84.8254
  0
LINE
  8
0
 10
-21.1751
 20
-84.8254
 11
-21.1948
 21
-84.7549
  0
LINE
  8
0
 10
-21.1948
 20
-84.7549
 11
-21.2115
 21
-84.6836
  0
LINE
  8
0
 10
-21.2115
 20
-84.6836
 11
-21.2254
 21
-84.6115
  0
LINE
  8
0
 10
-21.2254
 20
-84.6115
 11
-21.2359
 21
-84.539
  0
LINE
  8
0
 10
-21.2359
 20
-84.539
 11
-21.2437
 21
-84.4662
  0
LINE
  8
0
 10
-21.2437
 20
-84.4662
 11
-21.2483
 21
-84.3929
  0
LINE
  8
0
 10
-21.2483
 20
-84.3929
 11
-21.2499
 21
-84.3197
  0
LINE
  8
0
 10
-21.2499
 20
-84.3197
 11
-21.2483
 21
-84.2464
  0
LINE
  8
0
 10
-21.2483
 20
-84.2464
 11
-21.2437
 21
-84.1735
  0
LINE
  8
0
 10
-21.2437
 20
-84.1735
 11
-21.2359
 21
-84.1003
  0
LINE
  8
0
 10
-21.2359
 20
-84.1003
 11
-21.2254
 21
-84.0278
  0
LINE
  8
0
 10
-21.2254
 20
-84.0278
 11
-21.2115
 21
-83.9561
  0
LINE
  8
0
 10
-21.2115
 20
-83.9561
 11
-21.1948
 21
-83.8844
  0
LINE
  8
0
 10
-21.1948
 20
-83.8844
 11
-21.1751
 21
-83.8139
  0
LINE
  8
0
 10
-21.1751
 20
-83.8139
 11
-21.1526
 21
-83.7441
  0
LINE
  8
0
 10
-21.1526
 20
-83.7441
 11
-21.127
 21
-83.6755
  0
LINE
  8
0
 10
-21.127
 20
-83.6755
 11
-21.0987
 21
-83.6081
  0
LINE
  8
0
 10
-21.0987
 20
-83.6081
 11
-21.0673
 21
-83.5418
  0
LINE
  8
0
 10
-21.0673
 20
-83.5418
 11
-21.0332
 21
-83.4767
  0
LINE
  8
0
 10
-21.0332
 20
-83.4767
 11
-20.9968
 21
-83.4131
  0
LINE
  8
0
 10
-20.9968
 20
-83.4131
 11
-20.9576
 21
-83.3515
  0
LINE
  8
0
 10
-20.9576
 20
-83.3515
 11
-20.9158
 21
-83.291
  0
LINE
  8
0
 10
-20.9158
 20
-83.291
 11
-20.8712
 21
-83.2329
  0
LINE
  8
0
 10
-20.8712
 20
-83.2329
 11
-20.8247
 21
-83.1763
  0
LINE
  8
0
 10
-20.8247
 20
-83.1763
 11
-20.7755
 21
-83.1217
  0
LINE
  8
0
 10
-20.7755
 20
-83.1217
 11
-20.7243
 21
-83.0693
  0
LINE
  8
0
 10
-20.7243
 20
-83.0693
 11
-20.6708
 21
-83.0194
  0
LINE
  8
0
 10
-20.6708
 20
-83.0194
 11
-20.6154
 21
-82.9713
  0
LINE
  8
0
 10
-20.6154
 20
-82.9713
 11
-20.558
 21
-82.9259
  0
LINE
  8
0
 10
-20.558
 20
-82.9259
 11
-20.4987
 21
-82.8829
  0
LINE
  8
0
 10
-20.4987
 20
-82.8829
 11
-20.4375
 21
-82.8422
  0
LINE
  8
0
 10
-20.4375
 20
-82.8422
 11
-20.3747
 21
-82.8042
  0
LINE
  8
0
 10
-20.3747
 20
-82.8042
 11
-20.3108
 21
-82.769
  0
LINE
  8
0
 10
-20.3108
 20
-82.769
 11
-20.2449
 21
-82.7364
  0
LINE
  8
0
 10
-20.2449
 20
-82.7364
 11
-20.1778
 21
-82.7066
  0
LINE
  8
0
 10
-20.1778
 20
-82.7066
 11
-20.11
 21
-82.6794
  0
LINE
  8
0
 10
-20.11
 20
-82.6794
 11
-20.0406
 21
-82.6554
  0
LINE
  8
0
 10
-20.0406
 20
-82.6554
 11
-19.9705
 21
-82.6341
  0
LINE
  8
0
 10
-19.9705
 20
-82.6341
 11
-19.8996
 21
-82.6159
  0
LINE
  8
0
 10
-19.8996
 20
-82.6159
 11
-19.8279
 21
-82.6008
  0
LINE
  8
0
 10
-19.8279
 20
-82.6008
 11
-19.7554
 21
-82.5884
  0
LINE
  8
0
 10
-19.7554
 20
-82.5884
 11
-19.6829
 21
-82.5795
  0
LINE
  8
0
 10
-19.6829
 20
-82.5795
 11
-19.6097
 21
-82.5733
  0
LINE
  8
0
 10
-19.6097
 20
-82.5733
 11
-19.5364
 21
-82.5702
  0
LINE
  8
0
 10
-19.5364
 20
-82.5702
 11
-19.4632
 21
-82.5702
  0
LINE
  8
0
 10
-19.4632
 20
-82.5702
 11
-19.3899
 21
-82.5733
  0
LINE
  8
0
 10
-19.3899
 20
-82.5733
 11
-19.317
 21
-82.5795
  0
LINE
  8
0
 10
-19.317
 20
-82.5795
 11
-19.2442
 21
-82.5884
  0
LINE
  8
0
 10
-19.2442
 20
-82.5884
 11
-19.1721
 21
-82.6008
  0
LINE
  8
0
 10
-19.1721
 20
-82.6008
 11
-19.1004
 21
-82.6159
  0
LINE
  8
0
 10
-19.1004
 20
-82.6159
 11
-19.0291
 21
-82.6341
  0
LINE
  8
0
 10
-19.0291
 20
-82.6341
 11
-18.9589
 21
-82.6554
  0
LINE
  8
0
 10
-18.9589
 20
-82.6554
 11
-18.8899
 21
-82.6794
  0
LINE
  8
0
 10
-18.8899
 20
-82.6794
 11
-18.8217
 21
-82.7066
  0
LINE
  8
0
 10
-18.8217
 20
-82.7066
 11
-18.7547
 21
-82.7364
  0
LINE
  8
0
 10
-18.7547
 20
-82.7364
 11
-18.6892
 21
-82.769
  0
LINE
  8
0
 10
-18.6892
 20
-82.769
 11
-18.6248
 21
-82.8042
  0
LINE
  8
0
 10
-18.6248
 20
-82.8042
 11
-18.562
 21
-82.8422
  0
LINE
  8
0
 10
-18.562
 20
-82.8422
 11
-18.5012
 21
-82.8829
  0
LINE
  8
0
 10
-18.5012
 20
-82.8829
 11
-18.4419
 21
-82.9259
  0
LINE
  8
0
 10
-18.4419
 20
-82.9259
 11
-18.3841
 21
-82.9713
  0
LINE
  8
0
 10
-18.3841
 20
-82.9713
 11
-18.3287
 21
-83.0194
  0
LINE
  8
0
 10
-18.3287
 20
-83.0194
 11
-18.2752
 21
-83.0693
  0
LINE
  8
0
 10
-18.2752
 20
-83.0693
 11
-18.2241
 21
-83.1217
  0
LINE
  8
0
 10
-18.2241
 20
-83.1217
 11
-18.1752
 21
-83.1763
  0
LINE
  8
0
 10
-18.1752
 20
-83.1763
 11
-18.1284
 21
-83.2329
  0
LINE
  8
0
 10
-18.1284
 20
-83.2329
 11
-18.0842
 21
-83.291
  0
LINE
  8
0
 10
-18.0842
 20
-83.291
 11
-18.0423
 21
-83.3515
  0
LINE
  8
0
 10
-18.0423
 20
-83.3515
 11
-18.0028
 21
-83.4131
  0
LINE
  8
0
 10
-18.0028
 20
-83.4131
 11
-17.9663
 21
-83.4767
  0
LINE
  8
0
 10
-17.9663
 20
-83.4767
 11
-17.9322
 21
-83.5418
  0
LINE
  8
0
 10
-17.9322
 20
-83.5418
 11
-17.9012
 21
-83.6081
  0
LINE
  8
0
 10
-17.9012
 20
-83.6081
 11
-17.8726
 21
-83.6755
  0
LINE
  8
0
 10
-17.8726
 20
-83.6755
 11
-17.8474
 21
-83.7441
  0
LINE
  8
0
 10
-17.8474
 20
-83.7441
 11
-17.8245
 21
-83.8139
  0
LINE
  8
0
 10
-17.8245
 20
-83.8139
 11
-17.8047
 21
-83.8844
  0
LINE
  8
0
 10
-17.8047
 20
-83.8844
 11
-17.7881
 21
-83.9561
  0
LINE
  8
0
 10
-17.7881
 20
-83.9561
 11
-17.7745
 21
-84.0278
  0
LINE
  8
0
 10
-17.7745
 20
-84.0278
 11
-17.7636
 21
-84.1003
  0
LINE
  8
0
 10
-17.7636
 20
-84.1003
 11
-17.7559
 21
-84.1735
  0
LINE
  8
0
 10
-17.7559
 20
-84.1735
 11
-17.7512
 21
-84.2464
  0
LINE
  8
0
 10
-17.7512
 20
-84.2464
 11
-17.7497
 21
-84.3197
  0
LINE
  8
0
 10
-17.7497
 20
-84.3197
 11
-17.7512
 21
-84.3929
  0
LINE
  8
0
 10
-17.7512
 20
-84.3929
 11
-17.7559
 21
-84.4662
  0
LINE
  8
0
 10
-17.7559
 20
-84.4662
 11
-17.7636
 21
-84.539
  0
LINE
  8
0
 10
-17.7636
 20
-84.539
 11
-17.7745
 21
-84.6115
  0
LINE
  8
0
 10
-17.7745
 20
-84.6115
 11
-17.7881
 21
-84.6836
  0
LINE
  8
0
 10
-17.7881
 20
-84.6836
 11
-17.8047
 21
-84.7549
  0
LINE
  8
0
 10
-17.8047
 20
-84.7549
 11
-17.8245
 21
-84.8254
  0
LINE
  8
0
 10
-17.8245
 20
-84.8254
 11
-17.8474
 21
-84.8952
  0
LINE
  8
0
 10
-17.8474
 20
-84.8952
 11
-17.8726
 21
-84.9642
  0
LINE
  8
0
 10
-17.8726
 20
-84.9642
 11
-17.9012
 21
-85.0316
  0
LINE
  8
0
 10
-17.9012
 20
-85.0316
 11
-17.9322
 21
-85.0979
  0
LINE
  8
0
 10
-17.9322
 20
-85.0979
 11
-17.9663
 21
-85.163
  0
LINE
  8
0
 10
-17.9663
 20
-85.163
 11
-18.0028
 21
-85.2262
  0
LINE
  8
0
 10
-18.0028
 20
-85.2262
 11
-18.0423
 21
-85.2882
  0
LINE
  8
0
 10
-18.0423
 20
-85.2882
 11
-18.0842
 21
-85.3483
  0
LINE
  8
0
 10
-18.0842
 20
-85.3483
 11
-18.1284
 21
-85.4068
  0
LINE
  8
0
 10
-18.1284
 20
-85.4068
 11
-18.1752
 21
-85.4634
  0
LINE
  8
0
 10
-18.1752
 20
-85.4634
 11
-18.2241
 21
-85.5176
  0
LINE
  8
0
 10
-18.2241
 20
-85.5176
 11
-18.2752
 21
-85.57
  0
LINE
  8
0
 10
-18.2752
 20
-85.57
 11
-18.3287
 21
-85.6204
  0
LINE
  8
0
 10
-18.3287
 20
-85.6204
 11
-18.3841
 21
-85.668
  0
LINE
  8
0
 10
-18.3841
 20
-85.668
 11
-18.4419
 21
-85.7138
  0
LINE
  8
0
 10
-18.4419
 20
-85.7138
 11
-18.5012
 21
-85.7568
  0
LINE
  8
0
 10
-18.5012
 20
-85.7568
 11
-18.562
 21
-85.7975
  0
LINE
  8
0
 10
-18.562
 20
-85.7975
 11
-18.6248
 21
-85.8355
  0
LINE
  8
0
 10
-18.6248
 20
-85.8355
 11
-18.6892
 21
-85.8707
  0
LINE
  8
0
 10
-18.6892
 20
-85.8707
 11
-18.7547
 21
-85.9033
  0
LINE
  8
0
 10
-18.7547
 20
-85.9033
 11
-18.8217
 21
-85.9331
  0
LINE
  8
0
 10
-18.8217
 20
-85.9331
 11
-18.8899
 21
-85.9599
  0
LINE
  8
0
 10
-18.8899
 20
-85.9599
 11
-18.9589
 21
-85.9843
  0
LINE
  8
0
 10
-18.9589
 20
-85.9843
 11
-19.0291
 21
-86.0052
  0
LINE
  8
0
 10
-19.0291
 20
-86.0052
 11
-19.1004
 21
-86.0234
  0
LINE
  8
0
 10
-19.1004
 20
-86.0234
 11
-19.1721
 21
-86.0389
  0
LINE
  8
0
 10
-19.1721
 20
-86.0389
 11
-19.2442
 21
-86.0509
  0
LINE
  8
0
 10
-19.2442
 20
-86.0509
 11
-19.317
 21
-86.0603
  0
LINE
  8
0
 10
-19.317
 20
-86.0603
 11
-19.3899
 21
-86.0665
  0
LINE
  8
0
 10
-19.3899
 20
-86.0665
 11
-19.4632
 21
-86.0696
  0
LINE
  8
0
 10
-19.4632
 20
-86.0696
 11
-19.5364
 21
-86.0696
  0
LINE
  8
0
 10
126.043
 20
47.8982
 11
126.034
 21
47.813
  0
LINE
  8
0
 10
126.034
 20
47.813
 11
126.022
 21
47.7281
  0
LINE
  8
0
 10
126.022
 20
47.7281
 11
126.005
 21
47.6436
  0
LINE
  8
0
 10
126.005
 20
47.6436
 11
125.986
 21
47.5599
  0
LINE
  8
0
 10
125.986
 20
47.5599
 11
125.963
 21
47.4773
  0
LINE
  8
0
 10
125.963
 20
47.4773
 11
125.936
 21
47.3956
  0
LINE
  8
0
 10
125.936
 20
47.3956
 11
125.906
 21
47.3153
  0
LINE
  8
0
 10
125.906
 20
47.3153
 11
125.873
 21
47.2359
  0
LINE
  8
0
 10
125.873
 20
47.2359
 11
125.837
 21
47.1584
  0
LINE
  8
0
 10
125.837
 20
47.1584
 11
125.797
 21
47.0824
  0
LINE
  8
0
 10
125.797
 20
47.0824
 11
125.754
 21
47.008
  0
LINE
  8
0
 10
125.754
 20
47.008
 11
125.708
 21
46.9355
  0
LINE
  8
0
 10
125.708
 20
46.9355
 11
125.659
 21
46.865
  0
LINE
  8
0
 10
125.659
 20
46.865
 11
125.607
 21
46.7964
  0
LINE
  8
0
 10
125.607
 20
46.7964
 11
125.552
 21
46.7305
  0
LINE
  8
0
 10
125.552
 20
46.7305
 11
125.495
 21
46.6665
  0
LINE
  8
0
 10
125.495
 20
46.6665
 11
125.435
 21
46.6053
  0
LINE
  8
0
 10
125.435
 20
46.6053
 11
125.372
 21
46.5464
  0
LINE
  8
0
 10
125.372
 20
46.5464
 11
125.307
 21
46.4902
  0
LINE
  8
0
 10
125.307
 20
46.4902
 11
125.24
 21
46.4371
  0
LINE
  8
0
 10
125.24
 20
46.4371
 11
125.17
 21
46.3863
  0
LINE
  8
0
 10
125.17
 20
46.3863
 11
125.099
 21
46.339
  0
LINE
  8
0
 10
125.099
 20
46.339
 11
125.025
 21
46.2945
  0
LINE
  8
0
 10
125.025
 20
46.2945
 11
124.95
 21
46.253
  0
LINE
  8
0
 10
124.95
 20
46.253
 11
124.873
 21
46.215
  0
LINE
  8
0
 10
124.873
 20
46.215
 11
124.795
 21
46.1801
  0
LINE
  8
0
 10
124.795
 20
46.1801
 11
124.715
 21
46.1483
  0
LINE
  8
0
 10
124.715
 20
46.1483
 11
124.634
 21
46.1201
  0
LINE
  8
0
 10
124.634
 20
46.1201
 11
124.552
 21
46.0952
  0
LINE
  8
0
 10
124.552
 20
46.0952
 11
124.468
 21
46.0739
  0
LINE
  8
0
 10
124.468
 20
46.0739
 11
124.384
 21
46.0561
  0
LINE
  8
0
 10
124.384
 20
46.0561
 11
124.3
 21
46.0418
  0
LINE
  8
0
 10
124.3
 20
46.0418
 11
124.215
 21
46.0309
  0
LINE
  8
0
 10
124.215
 20
46.0309
 11
124.129
 21
46.0239
  0
LINE
  8
0
 10
124.129
 20
46.0239
 11
124.043
 21
46.0204
  0
LINE
  8
0
 10
124.043
 20
46.0204
 11
123.958
 21
46.0204
  0
LINE
  8
0
 10
123.958
 20
46.0204
 11
123.872
 21
46.0239
  0
LINE
  8
0
 10
123.872
 20
46.0239
 11
123.786
 21
46.0309
  0
LINE
  8
0
 10
123.786
 20
46.0309
 11
123.701
 21
46.0418
  0
LINE
  8
0
 10
123.701
 20
46.0418
 11
123.616
 21
46.0561
  0
LINE
  8
0
 10
123.616
 20
46.0561
 11
123.532
 21
46.0739
  0
LINE
  8
0
 10
123.532
 20
46.0739
 11
123.449
 21
46.0952
  0
LINE
  8
0
 10
123.449
 20
46.0952
 11
123.367
 21
46.1201
  0
LINE
  8
0
 10
123.367
 20
46.1201
 11
123.286
 21
46.1483
  0
LINE
  8
0
 10
123.286
 20
46.1483
 11
123.206
 21
46.1801
  0
LINE
  8
0
 10
123.206
 20
46.1801
 11
123.127
 21
46.215
  0
LINE
  8
0
 10
123.127
 20
46.215
 11
123.051
 21
46.253
  0
LINE
  8
0
 10
123.051
 20
46.253
 11
122.975
 21
46.2945
  0
LINE
  8
0
 10
122.975
 20
46.2945
 11
122.902
 21
46.339
  0
LINE
  8
0
 10
122.902
 20
46.339
 11
122.83
 21
46.3863
  0
LINE
  8
0
 10
122.83
 20
46.3863
 11
122.761
 21
46.4371
  0
LINE
  8
0
 10
122.761
 20
46.4371
 11
122.694
 21
46.4902
  0
LINE
  8
0
 10
122.694
 20
46.4902
 11
122.629
 21
46.5464
  0
LINE
  8
0
 10
122.629
 20
46.5464
 11
122.566
 21
46.6053
  0
LINE
  8
0
 10
122.566
 20
46.6053
 11
122.506
 21
46.6665
  0
LINE
  8
0
 10
122.506
 20
46.6665
 11
122.448
 21
46.7305
  0
LINE
  8
0
 10
122.448
 20
46.7305
 11
122.394
 21
46.7964
  0
LINE
  8
0
 10
122.394
 20
46.7964
 11
122.342
 21
46.865
  0
LINE
  8
0
 10
122.342
 20
46.865
 11
122.293
 21
46.9355
  0
LINE
  8
0
 10
122.293
 20
46.9355
 11
122.247
 21
47.008
  0
LINE
  8
0
 10
122.247
 20
47.008
 11
122.204
 21
47.0824
  0
LINE
  8
0
 10
122.204
 20
47.0824
 11
122.164
 21
47.1584
  0
LINE
  8
0
 10
122.164
 20
47.1584
 11
122.127
 21
47.2359
  0
LINE
  8
0
 10
122.127
 20
47.2359
 11
122.094
 21
47.3153
  0
LINE
  8
0
 10
122.094
 20
47.3153
 11
122.064
 21
47.3956
  0
LINE
  8
0
 10
122.064
 20
47.3956
 11
122.038
 21
47.4773
  0
LINE
  8
0
 10
122.038
 20
47.4773
 11
122.015
 21
47.5599
  0
LINE
  8
0
 10
122.015
 20
47.5599
 11
121.995
 21
47.6436
  0
LINE
  8
0
 10
121.995
 20
47.6436
 11
121.979
 21
47.7281
  0
LINE
  8
0
 10
121.979
 20
47.7281
 11
121.967
 21
47.813
  0
LINE
  8
0
 10
121.967
 20
47.813
 11
121.957
 21
47.8982
  0
LINE
  8
0
 10
121.957
 20
47.8982
 11
121.952
 21
47.9839
  0
LINE
  8
0
 10
121.952
 20
47.9839
 11
121.95
 21
48.0699
  0
LINE
  8
0
 10
121.95
 20
48.0699
 11
121.952
 21
48.1556
  0
LINE
  8
0
 10
121.952
 20
48.1556
 11
121.957
 21
48.2412
  0
LINE
  8
0
 10
121.957
 20
48.2412
 11
121.967
 21
48.3269
  0
LINE
  8
0
 10
121.967
 20
48.3269
 11
121.979
 21
48.4118
  0
LINE
  8
0
 10
121.979
 20
48.4118
 11
121.995
 21
48.4959
  0
LINE
  8
0
 10
121.995
 20
48.4959
 11
122.015
 21
48.5796
  0
LINE
  8
0
 10
122.015
 20
48.5796
 11
122.038
 21
48.6621
  0
LINE
  8
0
 10
122.038
 20
48.6621
 11
122.064
 21
48.7439
  0
LINE
  8
0
 10
122.064
 20
48.7439
 11
122.094
 21
48.8245
  0
LINE
  8
0
 10
122.094
 20
48.8245
 11
122.127
 21
48.9036
  0
LINE
  8
0
 10
122.127
 20
48.9036
 11
122.164
 21
48.9811
  0
LINE
  8
0
 10
122.164
 20
48.9811
 11
122.204
 21
49.0575
  0
LINE
  8
0
 10
122.204
 20
49.0575
 11
122.247
 21
49.1319
  0
LINE
  8
0
 10
122.247
 20
49.1319
 11
122.293
 21
49.2044
  0
LINE
  8
0
 10
122.293
 20
49.2044
 11
122.342
 21
49.2749
  0
LINE
  8
0
 10
122.342
 20
49.2749
 11
122.394
 21
49.3431
  0
LINE
  8
0
 10
122.394
 20
49.3431
 11
122.448
 21
49.4094
  0
LINE
  8
0
 10
122.448
 20
49.4094
 11
122.506
 21
49.4729
  0
LINE
  8
0
 10
122.506
 20
49.4729
 11
122.566
 21
49.5346
  0
LINE
  8
0
 10
122.566
 20
49.5346
 11
122.629
 21
49.5931
  0
LINE
  8
0
 10
122.629
 20
49.5931
 11
122.694
 21
49.6493
  0
LINE
  8
0
 10
122.694
 20
49.6493
 11
122.761
 21
49.7028
  0
LINE
  8
0
 10
122.761
 20
49.7028
 11
122.83
 21
49.7532
  0
LINE
  8
0
 10
122.83
 20
49.7532
 11
122.902
 21
49.8008
  0
LINE
  8
0
 10
122.902
 20
49.8008
 11
122.975
 21
49.845
  0
LINE
  8
0
 10
122.975
 20
49.845
 11
123.051
 21
49.8865
  0
LINE
  8
0
 10
123.051
 20
49.8865
 11
123.127
 21
49.9249
  0
LINE
  8
0
 10
123.127
 20
49.9249
 11
123.206
 21
49.9597
  0
LINE
  8
0
 10
123.206
 20
49.9597
 11
123.286
 21
49.9911
  0
LINE
  8
0
 10
123.286
 20
49.9911
 11
123.367
 21
50.0194
  0
LINE
  8
0
 10
123.367
 20
50.0194
 11
123.449
 21
50.0442
  0
LINE
  8
0
 10
123.449
 20
50.0442
 11
123.532
 21
50.0655
  0
LINE
  8
0
 10
123.532
 20
50.0655
 11
123.616
 21
50.0834
  0
LINE
  8
0
 10
123.616
 20
50.0834
 11
123.701
 21
50.0977
  0
LINE
  8
0
 10
123.701
 20
50.0977
 11
123.786
 21
50.1086
  0
LINE
  8
0
 10
123.786
 20
50.1086
 11
123.872
 21
50.1159
  0
LINE
  8
0
 10
123.872
 20
50.1159
 11
123.958
 21
50.1194
  0
LINE
  8
0
 10
123.958
 20
50.1194
 11
124.043
 21
50.1194
  0
LINE
  8
0
 10
124.043
 20
50.1194
 11
124.129
 21
50.1159
  0
LINE
  8
0
 10
124.129
 20
50.1159
 11
124.215
 21
50.1086
  0
LINE
  8
0
 10
124.215
 20
50.1086
 11
124.3
 21
50.0977
  0
LINE
  8
0
 10
124.3
 20
50.0977
 11
124.384
 21
50.0834
  0
LINE
  8
0
 10
124.384
 20
50.0834
 11
124.468
 21
50.0655
  0
LINE
  8
0
 10
124.468
 20
50.0655
 11
124.552
 21
50.0442
  0
LINE
  8
0
 10
124.552
 20
50.0442
 11
124.634
 21
50.0194
  0
LINE
  8
0
 10
124.634
 20
50.0194
 11
124.715
 21
49.9911
  0
LINE
  8
0
 10
124.715
 20
49.9911
 11
124.795
 21
49.9597
  0
LINE
  8
0
 10
124.795
 20
49.9597
 11
124.873
 21
49.9249
  0
LINE
  8
0
 10
124.873
 20
49.9249
 11
124.95
 21
49.8865
  0
LINE
  8
0
 10
124.95
 20
49.8865
 11
125.025
 21
49.845
  0
LINE
  8
0
 10
125.025
 20
49.845
 11
125.099
 21
49.8008
  0
LINE
  8
0
 10
125.099
 20
49.8008
 11
125.17
 21
49.7532
  0
LINE
  8
0
 10
125.17
 20
49.7532
 11
125.24
 21
49.7028
  0
LINE
  8
0
 10
125.24
 20
49.7028
 11
125.307
 21
49.6493
  0
LINE
  8
0
 10
125.307
 20
49.6493
 11
125.372
 21
49.5931
  0
LINE
  8
0
 10
125.372
 20
49.5931
 11
125.435
 21
49.5346
  0
LINE
  8
0
 10
125.435
 20
49.5346
 11
125.495
 21
49.4729
  0
LINE
  8
0
 10
125.495
 20
49.4729
 11
125.552
 21
49.4094
  0
LINE
  8
0
 10
125.552
 20
49.4094
 11
125.607
 21
49.3431
  0
LINE
  8
0
 10
125.607
 20
49.3431
 11
125.659
 21
49.2749
  0
LINE
  8
0
 10
125.659
 20
49.2749
 11
125.708
 21
49.2044
  0
LINE
  8
0
 10
125.708
 20
49.2044
 11
125.754
 21
49.1319
  0
LINE
  8
0
 10
125.754
 20
49.1319
 11
125.797
 21
49.0575
  0
LINE
  8
0
 10
125.797
 20
49.0575
 11
125.837
 21
48.9811
  0
LINE
  8
0
 10
125.837
 20
48.9811
 11
125.873
 21
48.9036
  0
LINE
  8
0
 10
125.873
 20
48.9036
 11
125.906
 21
48.8245
  0
LINE
  8
0
 10
125.906
 20
48.8245
 11
125.936
 21
48.7439
  0
LINE
  8
0
 10
125.936
 20
48.7439
 11
125.963
 21
48.6621
  0
LINE
  8
0
 10
125.963
 20
48.6621
 11
125.986
 21
48.5796
  0
LINE
  8
0
 10
125.986
 20
48.5796
 11
126.005
 21
48.4959
  0
LINE
  8
0
 10
126.005
 20
48.4959
 11
126.022
 21
48.4118
  0
LINE
  8
0
 10
126.022
 20
48.4118
 11
126.034
 21
48.3269
  0
LINE
  8
0
 10
126.034
 20
48.3269
 11
126.043
 21
48.2412
  0
LINE
  8
0
 10
126.043
 20
48.2412
 11
126.049
 21
48.1556
  0
LINE
  8
0
 10
126.049
 20
48.1556
 11
126.05
 21
48.0699
  0
LINE
  8
0
 10
126.05
 20
48.0699
 11
126.049
 21
47.9839
  0
LINE
  8
0
 10
126.049
 20
47.9839
 11
126.043
 21
47.8982
  0
LINE
  8
0
 10
-51.6999
 20
46.0418
 11
-51.7852
 21
46.0309
  0
LINE
  8
0
 10
-51.7852
 20
46.0309
 11
-51.8705
 21
46.0239
  0
LINE
  8
0
 10
-51.8705
 20
46.0239
 11
-51.9565
 21
46.0204
  0
LINE
  8
0
 10
-51.9565
 20
46.0204
 11
-52.0422
 21
46.0204
  0
LINE
  8
0
 10
-52.0422
 20
46.0204
 11
-52.1282
 21
46.0239
  0
LINE
  8
0
 10
-52.1282
 20
46.0239
 11
-52.2135
 21
46.0309
  0
LINE
  8
0
 10
-52.2135
 20
46.0309
 11
-52.2987
 21
46.0418
  0
LINE
  8
0
 10
-52.2987
 20
46.0418
 11
-52.3836
 21
46.0561
  0
LINE
  8
0
 10
-52.3836
 20
46.0561
 11
-52.4673
 21
46.0739
  0
LINE
  8
0
 10
-52.4673
 20
46.0739
 11
-52.5507
 21
46.0952
  0
LINE
  8
0
 10
-52.5507
 20
46.0952
 11
-52.6328
 21
46.1201
  0
LINE
  8
0
 10
-52.6328
 20
46.1201
 11
-52.7138
 21
46.1483
  0
LINE
  8
0
 10
-52.7138
 20
46.1483
 11
-52.7937
 21
46.1801
  0
LINE
  8
0
 10
-52.7937
 20
46.1801
 11
-52.8724
 21
46.215
  0
LINE
  8
0
 10
-52.8724
 20
46.215
 11
-52.9491
 21
46.253
  0
LINE
  8
0
 10
-52.9491
 20
46.253
 11
-53.0243
 21
46.2945
  0
LINE
  8
0
 10
-53.0243
 20
46.2945
 11
-53.0979
 21
46.339
  0
LINE
  8
0
 10
-53.0979
 20
46.339
 11
-53.1692
 21
46.3863
  0
LINE
  8
0
 10
-53.1692
 20
46.3863
 11
-53.2386
 21
46.4371
  0
LINE
  8
0
 10
-53.2386
 20
46.4371
 11
-53.306
 21
46.4902
  0
LINE
  8
0
 10
-53.306
 20
46.4902
 11
-53.3712
 21
46.5464
  0
LINE
  8
0
 10
-53.3712
 20
46.5464
 11
-53.4336
 21
46.6053
  0
LINE
  8
0
 10
-53.4336
 20
46.6053
 11
-53.4936
 21
46.6665
  0
LINE
  8
0
 10
-53.4936
 20
46.6665
 11
-53.551
 21
46.7305
  0
LINE
  8
0
 10
-53.551
 20
46.7305
 11
-53.606
 21
46.7964
  0
LINE
  8
0
 10
-53.606
 20
46.7964
 11
-53.658
 21
46.865
  0
LINE
  8
0
 10
-53.658
 20
46.865
 11
-53.7068
 21
46.9355
  0
LINE
  8
0
 10
-53.7068
 20
46.9355
 11
-53.7529
 21
47.008
  0
LINE
  8
0
 10
-53.7529
 20
47.008
 11
-53.7959
 21
47.0824
  0
LINE
  8
0
 10
-53.7959
 20
47.0824
 11
-53.8355
 21
47.1584
  0
LINE
  8
0
 10
-53.8355
 20
47.1584
 11
-53.8719
 21
47.2359
  0
LINE
  8
0
 10
-53.8719
 20
47.2359
 11
-53.9052
 21
47.3153
  0
LINE
  8
0
 10
-53.9052
 20
47.3153
 11
-53.9355
 21
47.3956
  0
LINE
  8
0
 10
-53.9355
 20
47.3956
 11
-53.9618
 21
47.4773
  0
LINE
  8
0
 10
-53.9618
 20
47.4773
 11
-53.9851
 21
47.5599
  0
LINE
  8
0
 10
-53.9851
 20
47.5599
 11
-54.0045
 21
47.6436
  0
LINE
  8
0
 10
-54.0045
 20
47.6436
 11
-54.0207
 21
47.7281
  0
LINE
  8
0
 10
-54.0207
 20
47.7281
 11
-54.0331
 21
47.813
  0
LINE
  8
0
 10
-54.0331
 20
47.813
 11
-54.0421
 21
47.8982
  0
LINE
  8
0
 10
-54.0421
 20
47.8982
 11
-54.0475
 21
47.9839
  0
LINE
  8
0
 10
-54.0475
 20
47.9839
 11
-54.0494
 21
48.0699
  0
LINE
  8
0
 10
-54.0494
 20
48.0699
 11
-54.0475
 21
48.1556
  0
LINE
  8
0
 10
-54.0475
 20
48.1556
 11
-54.0421
 21
48.2412
  0
LINE
  8
0
 10
-54.0421
 20
48.2412
 11
-54.0331
 21
48.3269
  0
LINE
  8
0
 10
-54.0331
 20
48.3269
 11
-54.0207
 21
48.4118
  0
LINE
  8
0
 10
-54.0207
 20
48.4118
 11
-54.0045
 21
48.4959
  0
LINE
  8
0
 10
-54.0045
 20
48.4959
 11
-53.9851
 21
48.5796
  0
LINE
  8
0
 10
-53.9851
 20
48.5796
 11
-53.9618
 21
48.6621
  0
LINE
  8
0
 10
-53.9618
 20
48.6621
 11
-53.9355
 21
48.7439
  0
LINE
  8
0
 10
-53.9355
 20
48.7439
 11
-53.9052
 21
48.8245
  0
LINE
  8
0
 10
-53.9052
 20
48.8245
 11
-53.8719
 21
48.9036
  0
LINE
  8
0
 10
-53.8719
 20
48.9036
 11
-53.8355
 21
48.9811
  0
LINE
  8
0
 10
-53.8355
 20
48.9811
 11
-53.7959
 21
49.0575
  0
LINE
  8
0
 10
-53.7959
 20
49.0575
 11
-53.7529
 21
49.1319
  0
LINE
  8
0
 10
-53.7529
 20
49.1319
 11
-53.7068
 21
49.2044
  0
LINE
  8
0
 10
-53.7068
 20
49.2044
 11
-53.658
 21
49.2749
  0
LINE
  8
0
 10
-53.658
 20
49.2749
 11
-53.606
 21
49.3431
  0
LINE
  8
0
 10
-53.606
 20
49.3431
 11
-53.551
 21
49.4094
  0
LINE
  8
0
 10
-53.551
 20
49.4094
 11
-53.4936
 21
49.4729
  0
LINE
  8
0
 10
-53.4936
 20
49.4729
 11
-53.4336
 21
49.5346
  0
LINE
  8
0
 10
-53.4336
 20
49.5346
 11
-53.3712
 21
49.5931
  0
LINE
  8
0
 10
-53.3712
 20
49.5931
 11
-53.306
 21
49.6493
  0
LINE
  8
0
 10
-53.306
 20
49.6493
 11
-53.2386
 21
49.7028
  0
LINE
  8
0
 10
-53.2386
 20
49.7028
 11
-53.1692
 21
49.7532
  0
LINE
  8
0
 10
-53.1692
 20
49.7532
 11
-53.0979
 21
49.8008
  0
LINE
  8
0
 10
-53.0979
 20
49.8008
 11
-53.0243
 21
49.845
  0
LINE
  8
0
 10
-53.0243
 20
49.845
 11
-52.9491
 21
49.8865
  0
LINE
  8
0
 10
-52.9491
 20
49.8865
 11
-52.8724
 21
49.9249
  0
LINE
  8
0
 10
-52.8724
 20
49.9249
 11
-52.7937
 21
49.9597
  0
LINE
  8
0
 10
-52.7937
 20
49.9597
 11
-52.7138
 21
49.9911
  0
LINE
  8
0
 10
-52.7138
 20
49.9911
 11
-52.6328
 21
50.0194
  0
LINE
  8
0
 10
-52.6328
 20
50.0194
 11
-52.5507
 21
50.0442
  0
LINE
  8
0
 10
-52.5507
 20
50.0442
 11
-52.4673
 21
50.0655
  0
LINE
  8
0
 10
-52.4673
 20
50.0655
 11
-52.3836
 21
50.0834
  0
LINE
  8
0
 10
-52.3836
 20
50.0834
 11
-52.2987
 21
50.0977
  0
LINE
  8
0
 10
-52.2987
 20
50.0977
 11
-52.2135
 21
50.1086
  0
LINE
  8
0
 10
-52.2135
 20
50.1086
 11
-52.1282
 21
50.1159
  0
LINE
  8
0
 10
-52.1282
 20
50.1159
 11
-52.0422
 21
50.1194
  0
LINE
  8
0
 10
-52.0422
 20
50.1194
 11
-51.9565
 21
50.1194
  0
LINE
  8
0
 10
-51.9565
 20
50.1194
 11
-51.8705
 21
50.1159
  0
LINE
  8
0
 10
-51.8705
 20
50.1159
 11
-51.7852
 21
50.1086
  0
LINE
  8
0
 10
-51.7852
 20
50.1086
 11
-51.6999
 21
50.0977
  0
LINE
  8
0
 10
-51.6999
 20
50.0977
 11
-51.6151
 21
50.0834
  0
LINE
  8
0
 10
-51.6151
 20
50.0834
 11
-51.5314
 21
50.0655
  0
LINE
  8
0
 10
-51.5314
 20
50.0655
 11
-51.448
 21
50.0442
  0
LINE
  8
0
 10
-51.448
 20
50.0442
 11
-51.3659
 21
50.0194
  0
LINE
  8
0
 10
-51.3659
 20
50.0194
 11
-51.2849
 21
49.9911
  0
LINE
  8
0
 10
-51.2849
 20
49.9911
 11
-51.205
 21
49.9597
  0
LINE
  8
0
 10
-51.205
 20
49.9597
 11
-51.1263
 21
49.9249
  0
LINE
  8
0
 10
-51.1263
 20
49.9249
 11
-51.0496
 21
49.8865
  0
LINE
  8
0
 10
-51.0496
 20
49.8865
 11
-50.9744
 21
49.845
  0
LINE
  8
0
 10
-50.9744
 20
49.845
 11
-50.9008
 21
49.8008
  0
LINE
  8
0
 10
-50.9008
 20
49.8008
 11
-50.8295
 21
49.7532
  0
LINE
  8
0
 10
-50.8295
 20
49.7532
 11
-50.7601
 21
49.7028
  0
LINE
  8
0
 10
-50.7601
 20
49.7028
 11
-50.6926
 21
49.6493
  0
LINE
  8
0
 10
-50.6926
 20
49.6493
 11
-50.6275
 21
49.5931
  0
LINE
  8
0
 10
-50.6275
 20
49.5931
 11
-50.5651
 21
49.5346
  0
LINE
  8
0
 10
-50.5651
 20
49.5346
 11
-50.5051
 21
49.4729
  0
LINE
  8
0
 10
-50.5051
 20
49.4729
 11
-50.4473
 21
49.4094
  0
LINE
  8
0
 10
-50.4473
 20
49.4094
 11
-50.3927
 21
49.3431
  0
LINE
  8
0
 10
-50.3927
 20
49.3431
 11
-50.3407
 21
49.2749
  0
LINE
  8
0
 10
-50.3407
 20
49.2749
 11
-50.2919
 21
49.2044
  0
LINE
  8
0
 10
-50.2919
 20
49.2044
 11
-50.2458
 21
49.1319
  0
LINE
  8
0
 10
-50.2458
 20
49.1319
 11
-50.2027
 21
49.0575
  0
LINE
  8
0
 10
-50.2027
 20
49.0575
 11
-50.1632
 21
48.9811
  0
LINE
  8
0
 10
-50.1632
 20
48.9811
 11
-50.1264
 21
48.9036
  0
LINE
  8
0
 10
-50.1264
 20
48.9036
 11
-50.0935
 21
48.8245
  0
LINE
  8
0
 10
-50.0935
 20
48.8245
 11
-50.0632
 21
48.7439
  0
LINE
  8
0
 10
-50.0632
 20
48.7439
 11
-50.0369
 21
48.6621
  0
LINE
  8
0
 10
-50.0369
 20
48.6621
 11
-50.0136
 21
48.5796
  0
LINE
  8
0
 10
-50.0136
 20
48.5796
 11
-49.9942
 21
48.4959
  0
LINE
  8
0
 10
-49.9942
 20
48.4959
 11
-49.978
 21
48.4118
  0
LINE
  8
0
 10
-49.978
 20
48.4118
 11
-49.9656
 21
48.3269
  0
LINE
  8
0
 10
-49.9656
 20
48.3269
 11
-49.9566
 21
48.2412
  0
LINE
  8
0
 10
-49.9566
 20
48.2412
 11
-49.9512
 21
48.1556
  0
LINE
  8
0
 10
-49.9512
 20
48.1556
 11
-49.9493
 21
48.0699
  0
LINE
  8
0
 10
-49.9493
 20
48.0699
 11
-49.9512
 21
47.9839
  0
LINE
  8
0
 10
-49.9512
 20
47.9839
 11
-49.9566
 21
47.8982
  0
LINE
  8
0
 10
-49.9566
 20
47.8982
 11
-49.9656
 21
47.813
  0
LINE
  8
0
 10
-49.9656
 20
47.813
 11
-49.978
 21
47.7281
  0
LINE
  8
0
 10
-49.978
 20
47.7281
 11
-49.9942
 21
47.6436
  0
LINE
  8
0
 10
-49.9942
 20
47.6436
 11
-50.0136
 21
47.5599
  0
LINE
  8
0
 10
-50.0136
 20
47.5599
 11
-50.0369
 21
47.4773
  0
LINE
  8
0
 10
-50.0369
 20
47.4773
 11
-50.0632
 21
47.3956
  0
LINE
  8
0
 10
-50.0632
 20
47.3956
 11
-50.0935
 21
47.3153
  0
LINE
  8
0
 10
-50.0935
 20
47.3153
 11
-50.1264
 21
47.2359
  0
LINE
  8
0
 10
-50.1264
 20
47.2359
 11
-50.1632
 21
47.1584
  0
LINE
  8
0
 10
-50.1632
 20
47.1584
 11
-50.2027
 21
47.0824
  0
LINE
  8
0
 10
-50.2027
 20
47.0824
 11
-50.2458
 21
47.008
  0
LINE
  8
0
 10
-50.2458
 20
47.008
 11
-50.2919
 21
46.9355
  0
LINE
  8
0
 10
-50.2919
 20
46.9355
 11
-50.3407
 21
46.865
  0
LINE
  8
0
 10
-50.3407
 20
46.865
 11
-50.3927
 21
46.7964
  0
LINE
  8
0
 10
-50.3927
 20
46.7964
 11
-50.4473
 21
46.7305
  0
LINE
  8
0
 10
-50.4473
 20
46.7305
 11
-50.5051
 21
46.6665
  0
LINE
  8
0
 10
-50.5051
 20
46.6665
 11
-50.5651
 21
46.6053
  0
LINE
  8
0
 10
-50.5651
 20
46.6053
 11
-50.6275
 21
46.5464
  0
LINE
  8
0
 10
-50.6275
 20
46.5464
 11
-50.6926
 21
46.4902
  0
LINE
  8
0
 10
-50.6926
 20
46.4902
 11
-50.7601
 21
46.4371
  0
LINE
  8
0
 10
-50.7601
 20
46.4371
 11
-50.8295
 21
46.3863
  0
LINE
  8
0
 10
-50.8295
 20
46.3863
 11
-50.9008
 21
46.339
  0
LINE
  8
0
 10
-50.9008
 20
46.339
 11
-50.9744
 21
46.2945
  0
LINE
  8
0
 10
-50.9744
 20
46.2945
 11
-51.0496
 21
46.253
  0
LINE
  8
0
 10
-51.0496
 20
46.253
 11
-51.1263
 21
46.215
  0
LINE
  8
0
 10
-51.1263
 20
46.215
 11
-51.205
 21
46.1801
  0
LINE
  8
0
 10
-51.205
 20
46.1801
 11
-51.2849
 21
46.1483
  0
LINE
  8
0
 10
-51.2849
 20
46.1483
 11
-51.3659
 21
46.1201
  0
LINE
  8
0
 10
-51.3659
 20
46.1201
 11
-51.448
 21
46.0952
  0
LINE
  8
0
 10
-51.448
 20
46.0952
 11
-51.5314
 21
46.0739
  0
LINE
  8
0
 10
-51.5314
 20
46.0739
 11
-51.6151
 21
46.0561
  0
LINE
  8
0
 10
-51.6151
 20
46.0561
 11
-51.6999
 21
46.0418
  0
ENDSEC
  0
SECTION
  2
OBJECTS
  0
DICTIONARY
  0
ENDSEC
  0
EOF
