  0
SECTION
  2
BLOCKS
  0
ENDSEC
  0
SECTION
  2
ENTITIES
  0
LINE
  8
0
 10
6.01672
 20
-2.95
 11
6.01672
 21
2.04999
  0
LINE
  8
0
 10
6.01672
 20
2.04999
 11
-6.01672
 21
2.04999
  0
LINE
  8
0
 10
-6.01672
 20
2.04999
 11
-6.01672
 21
-2.95
  0
LINE
  8
0
 10
-6.01672
 20
-2.95
 11
-5
 21
-3.7
  0
LINE
  8
0
 10
-5
 20
-3.7
 11
5
 21
-3.7
  0
LINE
  8
0
 10
5
 20
-3.7
 11
6.01672
 21
-2.95
  0
LINE
  8
0
 10
5.4314
 20
1.89926
 11
5.43175
 21
1.90263
  0
LINE
  8
0
 10
5.43175
 20
1.90263
 11
5.43225
 21
1.90598
  0
LINE
  8
0
 10
5.43225
 20
1.90598
 11
5.43288
 21
1.90929
  0
LINE
  8
0
 10
5.43288
 20
1.90929
 11
5.43365
 21
1.91258
  0
LINE
  8
0
 10
5.43365
 20
1.91258
 11
5.43456
 21
1.91583
  0
LINE
  8
0
 10
5.43456
 20
1.91583
 11
5.43561
 21
1.91905
  0
LINE
  8
0
 10
5.43561
 20
1.91905
 11
5.43678
 21
1.92223
  0
LINE
  8
0
 10
5.43678
 20
1.92223
 11
5.4381
 21
1.92534
  0
LINE
  8
0
 10
5.4381
 20
1.92534
 11
5.43953
 21
1.92839
  0
LINE
  8
0
 10
5.43953
 20
1.92839
 11
5.4411
 21
1.9314
  0
LINE
  8
0
 10
5.4411
 20
1.9314
 11
5.44278
 21
1.93433
  0
LINE
  8
0
 10
5.44278
 20
1.93433
 11
5.4446
 21
1.93718
  0
LINE
  8
0
 10
5.4446
 20
1.93718
 11
5.44653
 21
1.93996
  0
LINE
  8
0
 10
5.44653
 20
1.93996
 11
5.44858
 21
1.94264
  0
LINE
  8
0
 10
5.44858
 20
1.94264
 11
5.45073
 21
1.94525
  0
LINE
  8
0
 10
5.45073
 20
1.94525
 11
5.45299
 21
1.94775
  0
LINE
  8
0
 10
5.45299
 20
1.94775
 11
5.45535
 21
1.95018
  0
LINE
  8
0
 10
5.45535
 20
1.95018
 11
5.45782
 21
1.95248
  0
LINE
  8
0
 10
5.45782
 20
1.95248
 11
5.46037
 21
1.9547
  0
LINE
  8
0
 10
5.46037
 20
1.9547
 11
5.46303
 21
1.9568
  0
LINE
  8
0
 10
5.46303
 20
1.9568
 11
5.46576
 21
1.95879
  0
LINE
  8
0
 10
5.46576
 20
1.95879
 11
5.46858
 21
1.96066
  0
LINE
  8
0
 10
5.46858
 20
1.96066
 11
5.47147
 21
1.9624
  0
LINE
  8
0
 10
5.47147
 20
1.9624
 11
5.47443
 21
1.96404
  0
LINE
  8
0
 10
5.47443
 20
1.96404
 11
5.47746
 21
1.96555
  0
LINE
  8
0
 10
5.47746
 20
1.96555
 11
5.48055
 21
1.96692
  0
LINE
  8
0
 10
5.48055
 20
1.96692
 11
5.48369
 21
1.96815
  0
LINE
  8
0
 10
5.48369
 20
1.96815
 11
5.48688
 21
1.96927
  0
LINE
  8
0
 10
5.48688
 20
1.96927
 11
5.49011
 21
1.97025
  0
LINE
  8
0
 10
5.49011
 20
1.97025
 11
5.49339
 21
1.97108
  0
LINE
  8
0
 10
5.49339
 20
1.97108
 11
5.4967
 21
1.97179
  0
LINE
  8
0
 10
5.4967
 20
1.97179
 11
5.50003
 21
1.97235
  0
LINE
  8
0
 10
5.50003
 20
1.97235
 11
5.50339
 21
1.97278
  0
LINE
  8
0
 10
5.50339
 20
1.97278
 11
5.50676
 21
1.97307
  0
LINE
  8
0
 10
5.50676
 20
1.97307
 11
5.51013
 21
1.97321
  0
LINE
  8
0
 10
5.51013
 20
1.97321
 11
5.51352
 21
1.97321
  0
LINE
  8
0
 10
5.51352
 20
1.97321
 11
5.51689
 21
1.97307
  0
LINE
  8
0
 10
5.51689
 20
1.97307
 11
5.52026
 21
1.97278
  0
LINE
  8
0
 10
5.52026
 20
1.97278
 11
5.52361
 21
1.97235
  0
LINE
  8
0
 10
5.52361
 20
1.97235
 11
5.52695
 21
1.97179
  0
LINE
  8
0
 10
5.52695
 20
1.97179
 11
5.53026
 21
1.97108
  0
LINE
  8
0
 10
5.53026
 20
1.97108
 11
5.53352
 21
1.97025
  0
LINE
  8
0
 10
5.53352
 20
1.97025
 11
5.53676
 21
1.96927
  0
LINE
  8
0
 10
5.53676
 20
1.96927
 11
5.53996
 21
1.96815
  0
LINE
  8
0
 10
5.53996
 20
1.96815
 11
5.54309
 21
1.96692
  0
LINE
  8
0
 10
5.54309
 20
1.96692
 11
5.54619
 21
1.96555
  0
LINE
  8
0
 10
5.54619
 20
1.96555
 11
5.54921
 21
1.96404
  0
LINE
  8
0
 10
5.54921
 20
1.96404
 11
5.55217
 21
1.9624
  0
LINE
  8
0
 10
5.55217
 20
1.9624
 11
5.55507
 21
1.96066
  0
LINE
  8
0
 10
5.55507
 20
1.96066
 11
5.55788
 21
1.95879
  0
LINE
  8
0
 10
5.55788
 20
1.95879
 11
5.56062
 21
1.9568
  0
LINE
  8
0
 10
5.56062
 20
1.9568
 11
5.56326
 21
1.9547
  0
LINE
  8
0
 10
5.56326
 20
1.9547
 11
5.56583
 21
1.95248
  0
LINE
  8
0
 10
5.56583
 20
1.95248
 11
5.5683
 21
1.95018
  0
LINE
  8
0
 10
5.5683
 20
1.95018
 11
5.57066
 21
1.94775
  0
LINE
  8
0
 10
5.57066
 20
1.94775
 11
5.57292
 21
1.94525
  0
LINE
  8
0
 10
5.57292
 20
1.94525
 11
5.57507
 21
1.94264
  0
LINE
  8
0
 10
5.57507
 20
1.94264
 11
5.57712
 21
1.93996
  0
LINE
  8
0
 10
5.57712
 20
1.93996
 11
5.57904
 21
1.93718
  0
LINE
  8
0
 10
5.57904
 20
1.93718
 11
5.58086
 21
1.93433
  0
LINE
  8
0
 10
5.58086
 20
1.93433
 11
5.58255
 21
1.9314
  0
LINE
  8
0
 10
5.58255
 20
1.9314
 11
5.58412
 21
1.92839
  0
LINE
  8
0
 10
5.58412
 20
1.92839
 11
5.58556
 21
1.92534
  0
LINE
  8
0
 10
5.58556
 20
1.92534
 11
5.58687
 21
1.92223
  0
LINE
  8
0
 10
5.58687
 20
1.92223
 11
5.58804
 21
1.91905
  0
LINE
  8
0
 10
5.58804
 20
1.91905
 11
5.58908
 21
1.91583
  0
LINE
  8
0
 10
5.58908
 20
1.91583
 11
5.59
 21
1.91258
  0
LINE
  8
0
 10
5.59
 20
1.91258
 11
5.59077
 21
1.90929
  0
LINE
  8
0
 10
5.59077
 20
1.90929
 11
5.5914
 21
1.90598
  0
LINE
  8
0
 10
5.5914
 20
1.90598
 11
5.59189
 21
1.90263
  0
LINE
  8
0
 10
5.59189
 20
1.90263
 11
5.59225
 21
1.89926
  0
LINE
  8
0
 10
5.59225
 20
1.89926
 11
5.59245
 21
1.89589
  0
LINE
  8
0
 10
5.59245
 20
1.89589
 11
5.59253
 21
1.89252
  0
LINE
  8
0
 10
5.59253
 20
1.89252
 11
5.59245
 21
1.88913
  0
LINE
  8
0
 10
5.59245
 20
1.88913
 11
5.59225
 21
1.88576
  0
LINE
  8
0
 10
5.59225
 20
1.88576
 11
5.59189
 21
1.8824
  0
LINE
  8
0
 10
5.59189
 20
1.8824
 11
5.5914
 21
1.87906
  0
LINE
  8
0
 10
5.5914
 20
1.87906
 11
5.59077
 21
1.87573
  0
LINE
  8
0
 10
5.59077
 20
1.87573
 11
5.59
 21
1.87244
  0
LINE
  8
0
 10
5.59
 20
1.87244
 11
5.58908
 21
1.86919
  0
LINE
  8
0
 10
5.58908
 20
1.86919
 11
5.58804
 21
1.86597
  0
LINE
  8
0
 10
5.58804
 20
1.86597
 11
5.58687
 21
1.86281
  0
LINE
  8
0
 10
5.58687
 20
1.86281
 11
5.58556
 21
1.85968
  0
LINE
  8
0
 10
5.58556
 20
1.85968
 11
5.58412
 21
1.85663
  0
LINE
  8
0
 10
5.58412
 20
1.85663
 11
5.58255
 21
1.85364
  0
LINE
  8
0
 10
5.58255
 20
1.85364
 11
5.58086
 21
1.85071
  0
LINE
  8
0
 10
5.58086
 20
1.85071
 11
5.57904
 21
1.84785
  0
LINE
  8
0
 10
5.57904
 20
1.84785
 11
5.57712
 21
1.84508
  0
LINE
  8
0
 10
5.57712
 20
1.84508
 11
5.57507
 21
1.84238
  0
LINE
  8
0
 10
5.57507
 20
1.84238
 11
5.57292
 21
1.83978
  0
LINE
  8
0
 10
5.57292
 20
1.83978
 11
5.57066
 21
1.83727
  0
LINE
  8
0
 10
5.57066
 20
1.83727
 11
5.5683
 21
1.83485
  0
LINE
  8
0
 10
5.5683
 20
1.83485
 11
5.56583
 21
1.83253
  0
LINE
  8
0
 10
5.56583
 20
1.83253
 11
5.56326
 21
1.83032
  0
LINE
  8
0
 10
5.56326
 20
1.83032
 11
5.56062
 21
1.82823
  0
LINE
  8
0
 10
5.56062
 20
1.82823
 11
5.55788
 21
1.82623
  0
LINE
  8
0
 10
5.55788
 20
1.82623
 11
5.55507
 21
1.82437
  0
LINE
  8
0
 10
5.55507
 20
1.82437
 11
5.55217
 21
1.82262
  0
LINE
  8
0
 10
5.55217
 20
1.82262
 11
5.54921
 21
1.82098
  0
LINE
  8
0
 10
5.54921
 20
1.82098
 11
5.54619
 21
1.81949
  0
LINE
  8
0
 10
5.54619
 20
1.81949
 11
5.54309
 21
1.81812
  0
LINE
  8
0
 10
5.54309
 20
1.81812
 11
5.53996
 21
1.81686
  0
LINE
  8
0
 10
5.53996
 20
1.81686
 11
5.53676
 21
1.81575
  0
LINE
  8
0
 10
5.53676
 20
1.81575
 11
5.53352
 21
1.81477
  0
LINE
  8
0
 10
5.53352
 20
1.81477
 11
5.53026
 21
1.81393
  0
LINE
  8
0
 10
5.53026
 20
1.81393
 11
5.52695
 21
1.81323
  0
LINE
  8
0
 10
5.52695
 20
1.81323
 11
5.52361
 21
1.81267
  0
LINE
  8
0
 10
5.52361
 20
1.81267
 11
5.52026
 21
1.81224
  0
LINE
  8
0
 10
5.52026
 20
1.81224
 11
5.51689
 21
1.81197
  0
LINE
  8
0
 10
5.51689
 20
1.81197
 11
5.51352
 21
1.81183
  0
LINE
  8
0
 10
5.51352
 20
1.81183
 11
5.51013
 21
1.81183
  0
LINE
  8
0
 10
5.51013
 20
1.81183
 11
5.50676
 21
1.81197
  0
LINE
  8
0
 10
5.50676
 20
1.81197
 11
5.50339
 21
1.81224
  0
LINE
  8
0
 10
5.50339
 20
1.81224
 11
5.50003
 21
1.81267
  0
LINE
  8
0
 10
5.50003
 20
1.81267
 11
5.4967
 21
1.81323
  0
LINE
  8
0
 10
5.4967
 20
1.81323
 11
5.49339
 21
1.81393
  0
LINE
  8
0
 10
5.49339
 20
1.81393
 11
5.49011
 21
1.81477
  0
LINE
  8
0
 10
5.49011
 20
1.81477
 11
5.48688
 21
1.81575
  0
LINE
  8
0
 10
5.48688
 20
1.81575
 11
5.48369
 21
1.81686
  0
LINE
  8
0
 10
5.48369
 20
1.81686
 11
5.48055
 21
1.81812
  0
LINE
  8
0
 10
5.48055
 20
1.81812
 11
5.47746
 21
1.81949
  0
LINE
  8
0
 10
5.47746
 20
1.81949
 11
5.47443
 21
1.82098
  0
LINE
  8
0
 10
5.47443
 20
1.82098
 11
5.47147
 21
1.82262
  0
LINE
  8
0
 10
5.47147
 20
1.82262
 11
5.46858
 21
1.82437
  0
LINE
  8
0
 10
5.46858
 20
1.82437
 11
5.46576
 21
1.82623
  0
LINE
  8
0
 10
5.46576
 20
1.82623
 11
5.46303
 21
1.82823
  0
LINE
  8
0
 10
5.46303
 20
1.82823
 11
5.46037
 21
1.83032
  0
LINE
  8
0
 10
5.46037
 20
1.83032
 11
5.45782
 21
1.83253
  0
LINE
  8
0
 10
5.45782
 20
1.83253
 11
5.45535
 21
1.83485
  0
LINE
  8
0
 10
5.45535
 20
1.83485
 11
5.45299
 21
1.83727
  0
LINE
  8
0
 10
5.45299
 20
1.83727
 11
5.45073
 21
1.83978
  0
LINE
  8
0
 10
5.45073
 20
1.83978
 11
5.44858
 21
1.84238
  0
LINE
  8
0
 10
5.44858
 20
1.84238
 11
5.44653
 21
1.84508
  0
LINE
  8
0
 10
5.44653
 20
1.84508
 11
5.4446
 21
1.84785
  0
LINE
  8
0
 10
5.4446
 20
1.84785
 11
5.44278
 21
1.85071
  0
LINE
  8
0
 10
5.44278
 20
1.85071
 11
5.4411
 21
1.85364
  0
LINE
  8
0
 10
5.4411
 20
1.85364
 11
5.43953
 21
1.85663
  0
LINE
  8
0
 10
5.43953
 20
1.85663
 11
5.4381
 21
1.85968
  0
LINE
  8
0
 10
5.4381
 20
1.85968
 11
5.43678
 21
1.86281
  0
LINE
  8
0
 10
5.43678
 20
1.86281
 11
5.43561
 21
1.86597
  0
LINE
  8
0
 10
5.43561
 20
1.86597
 11
5.43456
 21
1.86919
  0
LINE
  8
0
 10
5.43456
 20
1.86919
 11
5.43365
 21
1.87244
  0
LINE
  8
0
 10
5.43365
 20
1.87244
 11
5.43288
 21
1.87573
  0
LINE
  8
0
 10
5.43288
 20
1.87573
 11
5.43225
 21
1.87906
  0
LINE
  8
0
 10
5.43225
 20
1.87906
 11
5.43175
 21
1.8824
  0
LINE
  8
0
 10
5.43175
 20
1.8824
 11
5.4314
 21
1.88576
  0
LINE
  8
0
 10
5.4314
 20
1.88576
 11
5.43118
 21
1.88913
  0
LINE
  8
0
 10
5.43118
 20
1.88913
 11
5.43111
 21
1.89252
  0
LINE
  8
0
 10
5.43111
 20
1.89252
 11
5.43118
 21
1.89589
  0
LINE
  8
0
 10
5.43118
 20
1.89589
 11
5.4314
 21
1.89926
  0
LINE
  8
0
 10
-5.19852
 20
1.81183
 11
-5.20189
 21
1.81197
  0
LINE
  8
0
 10
-5.20189
 20
1.81197
 11
-5.20526
 21
1.81224
  0
LINE
  8
0
 10
-5.20526
 20
1.81224
 11
-5.20862
 21
1.81267
  0
LINE
  8
0
 10
-5.20862
 20
1.81267
 11
-5.21194
 21
1.81323
  0
LINE
  8
0
 10
-5.21194
 20
1.81323
 11
-5.21526
 21
1.81393
  0
LINE
  8
0
 10
-5.21526
 20
1.81393
 11
-5.21852
 21
1.81477
  0
LINE
  8
0
 10
-5.21852
 20
1.81477
 11
-5.22177
 21
1.81575
  0
LINE
  8
0
 10
-5.22177
 20
1.81575
 11
-5.22496
 21
1.81686
  0
LINE
  8
0
 10
-5.22496
 20
1.81686
 11
-5.2281
 21
1.81812
  0
LINE
  8
0
 10
-5.2281
 20
1.81812
 11
-5.23119
 21
1.81949
  0
LINE
  8
0
 10
-5.23119
 20
1.81949
 11
-5.23422
 21
1.82098
  0
LINE
  8
0
 10
-5.23422
 20
1.82098
 11
-5.23718
 21
1.82262
  0
LINE
  8
0
 10
-5.23718
 20
1.82262
 11
-5.24007
 21
1.82437
  0
LINE
  8
0
 10
-5.24007
 20
1.82437
 11
-5.24289
 21
1.82623
  0
LINE
  8
0
 10
-5.24289
 20
1.82623
 11
-5.24562
 21
1.82823
  0
LINE
  8
0
 10
-5.24562
 20
1.82823
 11
-5.24828
 21
1.83032
  0
LINE
  8
0
 10
-5.24828
 20
1.83032
 11
-5.25082
 21
1.83253
  0
LINE
  8
0
 10
-5.25082
 20
1.83253
 11
-5.2533
 21
1.83485
  0
LINE
  8
0
 10
-5.2533
 20
1.83485
 11
-5.25566
 21
1.83727
  0
LINE
  8
0
 10
-5.25566
 20
1.83727
 11
-5.25792
 21
1.83978
  0
LINE
  8
0
 10
-5.25792
 20
1.83978
 11
-5.26007
 21
1.84238
  0
LINE
  8
0
 10
-5.26007
 20
1.84238
 11
-5.26212
 21
1.84508
  0
LINE
  8
0
 10
-5.26212
 20
1.84508
 11
-5.26405
 21
1.84785
  0
LINE
  8
0
 10
-5.26405
 20
1.84785
 11
-5.26585
 21
1.85071
  0
LINE
  8
0
 10
-5.26585
 20
1.85071
 11
-5.26755
 21
1.85364
  0
LINE
  8
0
 10
-5.26755
 20
1.85364
 11
-5.26912
 21
1.85663
  0
LINE
  8
0
 10
-5.26912
 20
1.85663
 11
-5.27055
 21
1.85968
  0
LINE
  8
0
 10
-5.27055
 20
1.85968
 11
-5.27187
 21
1.86281
  0
LINE
  8
0
 10
-5.27187
 20
1.86281
 11
-5.27304
 21
1.86597
  0
LINE
  8
0
 10
-5.27304
 20
1.86597
 11
-5.27409
 21
1.86919
  0
LINE
  8
0
 10
-5.27409
 20
1.86919
 11
-5.27499
 21
1.87244
  0
LINE
  8
0
 10
-5.27499
 20
1.87244
 11
-5.27577
 21
1.87573
  0
LINE
  8
0
 10
-5.27577
 20
1.87573
 11
-5.2764
 21
1.87906
  0
LINE
  8
0
 10
-5.2764
 20
1.87906
 11
-5.2769
 21
1.8824
  0
LINE
  8
0
 10
-5.2769
 20
1.8824
 11
-5.27725
 21
1.88576
  0
LINE
  8
0
 10
-5.27725
 20
1.88576
 11
-5.27747
 21
1.88913
  0
LINE
  8
0
 10
-5.27747
 20
1.88913
 11
-5.27753
 21
1.89252
  0
LINE
  8
0
 10
-5.27753
 20
1.89252
 11
-5.27747
 21
1.89589
  0
LINE
  8
0
 10
-5.27747
 20
1.89589
 11
-5.27725
 21
1.89926
  0
LINE
  8
0
 10
-5.27725
 20
1.89926
 11
-5.2769
 21
1.90263
  0
LINE
  8
0
 10
-5.2769
 20
1.90263
 11
-5.2764
 21
1.90598
  0
LINE
  8
0
 10
-5.2764
 20
1.90598
 11
-5.27577
 21
1.90929
  0
LINE
  8
0
 10
-5.27577
 20
1.90929
 11
-5.27499
 21
1.91258
  0
LINE
  8
0
 10
-5.27499
 20
1.91258
 11
-5.27409
 21
1.91583
  0
LINE
  8
0
 10
-5.27409
 20
1.91583
 11
-5.27304
 21
1.91905
  0
LINE
  8
0
 10
-5.27304
 20
1.91905
 11
-5.27187
 21
1.92223
  0
LINE
  8
0
 10
-5.27187
 20
1.92223
 11
-5.27055
 21
1.92534
  0
LINE
  8
0
 10
-5.27055
 20
1.92534
 11
-5.26912
 21
1.92839
  0
LINE
  8
0
 10
-5.26912
 20
1.92839
 11
-5.26755
 21
1.9314
  0
LINE
  8
0
 10
-5.26755
 20
1.9314
 11
-5.26585
 21
1.93433
  0
LINE
  8
0
 10
-5.26585
 20
1.93433
 11
-5.26405
 21
1.93718
  0
LINE
  8
0
 10
-5.26405
 20
1.93718
 11
-5.26212
 21
1.93996
  0
LINE
  8
0
 10
-5.26212
 20
1.93996
 11
-5.26007
 21
1.94264
  0
LINE
  8
0
 10
-5.26007
 20
1.94264
 11
-5.25792
 21
1.94525
  0
LINE
  8
0
 10
-5.25792
 20
1.94525
 11
-5.25566
 21
1.94775
  0
LINE
  8
0
 10
-5.25566
 20
1.94775
 11
-5.2533
 21
1.95018
  0
LINE
  8
0
 10
-5.2533
 20
1.95018
 11
-5.25082
 21
1.95248
  0
LINE
  8
0
 10
-5.25082
 20
1.95248
 11
-5.24828
 21
1.9547
  0
LINE
  8
0
 10
-5.24828
 20
1.9547
 11
-5.24562
 21
1.9568
  0
LINE
  8
0
 10
-5.24562
 20
1.9568
 11
-5.24289
 21
1.95879
  0
LINE
  8
0
 10
-5.24289
 20
1.95879
 11
-5.24007
 21
1.96066
  0
LINE
  8
0
 10
-5.24007
 20
1.96066
 11
-5.23718
 21
1.9624
  0
LINE
  8
0
 10
-5.23718
 20
1.9624
 11
-5.23422
 21
1.96404
  0
LINE
  8
0
 10
-5.23422
 20
1.96404
 11
-5.23119
 21
1.96555
  0
LINE
  8
0
 10
-5.23119
 20
1.96555
 11
-5.2281
 21
1.96692
  0
LINE
  8
0
 10
-5.2281
 20
1.96692
 11
-5.22496
 21
1.96815
  0
LINE
  8
0
 10
-5.22496
 20
1.96815
 11
-5.22177
 21
1.96927
  0
LINE
  8
0
 10
-5.22177
 20
1.96927
 11
-5.21852
 21
1.97025
  0
LINE
  8
0
 10
-5.21852
 20
1.97025
 11
-5.21526
 21
1.97108
  0
LINE
  8
0
 10
-5.21526
 20
1.97108
 11
-5.21194
 21
1.97179
  0
LINE
  8
0
 10
-5.21194
 20
1.97179
 11
-5.20862
 21
1.97235
  0
LINE
  8
0
 10
-5.20862
 20
1.97235
 11
-5.20526
 21
1.97278
  0
LINE
  8
0
 10
-5.20526
 20
1.97278
 11
-5.20189
 21
1.97307
  0
LINE
  8
0
 10
-5.20189
 20
1.97307
 11
-5.19852
 21
1.97321
  0
LINE
  8
0
 10
-5.19852
 20
1.97321
 11
-5.19513
 21
1.97321
  0
LINE
  8
0
 10
-5.19513
 20
1.97321
 11
-5.19176
 21
1.97307
  0
LINE
  8
0
 10
-5.19176
 20
1.97307
 11
-5.18839
 21
1.97278
  0
LINE
  8
0
 10
-5.18839
 20
1.97278
 11
-5.18503
 21
1.97235
  0
LINE
  8
0
 10
-5.18503
 20
1.97235
 11
-5.1817
 21
1.97179
  0
LINE
  8
0
 10
-5.1817
 20
1.97179
 11
-5.17839
 21
1.97108
  0
LINE
  8
0
 10
-5.17839
 20
1.97108
 11
-5.17513
 21
1.97025
  0
LINE
  8
0
 10
-5.17513
 20
1.97025
 11
-5.17189
 21
1.96927
  0
LINE
  8
0
 10
-5.17189
 20
1.96927
 11
-5.16869
 21
1.96815
  0
LINE
  8
0
 10
-5.16869
 20
1.96815
 11
-5.16554
 21
1.96692
  0
LINE
  8
0
 10
-5.16554
 20
1.96692
 11
-5.16246
 21
1.96555
  0
LINE
  8
0
 10
-5.16246
 20
1.96555
 11
-5.15944
 21
1.96404
  0
LINE
  8
0
 10
-5.15944
 20
1.96404
 11
-5.15646
 21
1.9624
  0
LINE
  8
0
 10
-5.15646
 20
1.9624
 11
-5.15358
 21
1.96066
  0
LINE
  8
0
 10
-5.15358
 20
1.96066
 11
-5.15076
 21
1.95879
  0
LINE
  8
0
 10
-5.15076
 20
1.95879
 11
-5.14803
 21
1.9568
  0
LINE
  8
0
 10
-5.14803
 20
1.9568
 11
-5.14537
 21
1.9547
  0
LINE
  8
0
 10
-5.14537
 20
1.9547
 11
-5.14282
 21
1.95248
  0
LINE
  8
0
 10
-5.14282
 20
1.95248
 11
-5.14035
 21
1.95018
  0
LINE
  8
0
 10
-5.14035
 20
1.95018
 11
-5.13799
 21
1.94775
  0
LINE
  8
0
 10
-5.13799
 20
1.94775
 11
-5.13573
 21
1.94525
  0
LINE
  8
0
 10
-5.13573
 20
1.94525
 11
-5.13358
 21
1.94264
  0
LINE
  8
0
 10
-5.13358
 20
1.94264
 11
-5.13153
 21
1.93996
  0
LINE
  8
0
 10
-5.13153
 20
1.93996
 11
-5.12959
 21
1.93718
  0
LINE
  8
0
 10
-5.12959
 20
1.93718
 11
-5.12779
 21
1.93433
  0
LINE
  8
0
 10
-5.12779
 20
1.93433
 11
-5.1261
 21
1.9314
  0
LINE
  8
0
 10
-5.1261
 20
1.9314
 11
-5.12453
 21
1.92839
  0
LINE
  8
0
 10
-5.12453
 20
1.92839
 11
-5.12309
 21
1.92534
  0
LINE
  8
0
 10
-5.12309
 20
1.92534
 11
-5.12178
 21
1.92223
  0
LINE
  8
0
 10
-5.12178
 20
1.92223
 11
-5.12061
 21
1.91905
  0
LINE
  8
0
 10
-5.12061
 20
1.91905
 11
-5.11955
 21
1.91583
  0
LINE
  8
0
 10
-5.11955
 20
1.91583
 11
-5.11865
 21
1.91258
  0
LINE
  8
0
 10
-5.11865
 20
1.91258
 11
-5.11787
 21
1.90929
  0
LINE
  8
0
 10
-5.11787
 20
1.90929
 11
-5.11725
 21
1.90598
  0
LINE
  8
0
 10
-5.11725
 20
1.90598
 11
-5.11674
 21
1.90263
  0
LINE
  8
0
 10
-5.11674
 20
1.90263
 11
-5.11639
 21
1.89926
  0
LINE
  8
0
 10
-5.11639
 20
1.89926
 11
-5.11618
 21
1.89589
  0
LINE
  8
0
 10
-5.11618
 20
1.89589
 11
-5.11612
 21
1.89252
  0
LINE
  8
0
 10
-5.11612
 20
1.89252
 11
-5.11618
 21
1.88913
  0
LINE
  8
0
 10
-5.11618
 20
1.88913
 11
-5.11639
 21
1.88576
  0
LINE
  8
0
 10
-5.11639
 20
1.88576
 11
-5.11674
 21
1.8824
  0
LINE
  8
0
 10
-5.11674
 20
1.8824
 11
-5.11725
 21
1.87906
  0
LINE
  8
0
 10
-5.11725
 20
1.87906
 11
-5.11787
 21
1.87573
  0
LINE
  8
0
 10
-5.11787
 20
1.87573
 11
-5.11865
 21
1.87244
  0
LINE
  8
0
 10
-5.11865
 20
1.87244
 11
-5.11955
 21
1.86919
  0
LINE
  8
0
 10
-5.11955
 20
1.86919
 11
-5.12061
 21
1.86597
  0
LINE
  8
0
 10
-5.12061
 20
1.86597
 11
-5.12178
 21
1.86281
  0
LINE
  8
0
 10
-5.12178
 20
1.86281
 11
-5.12309
 21
1.85968
  0
LINE
  8
0
 10
-5.12309
 20
1.85968
 11
-5.12453
 21
1.85663
  0
LINE
  8
0
 10
-5.12453
 20
1.85663
 11
-5.1261
 21
1.85364
  0
LINE
  8
0
 10
-5.1261
 20
1.85364
 11
-5.12779
 21
1.85071
  0
LINE
  8
0
 10
-5.12779
 20
1.85071
 11
-5.12959
 21
1.84785
  0
LINE
  8
0
 10
-5.12959
 20
1.84785
 11
-5.13153
 21
1.84508
  0
LINE
  8
0
 10
-5.13153
 20
1.84508
 11
-5.13358
 21
1.84238
  0
LINE
  8
0
 10
-5.13358
 20
1.84238
 11
-5.13573
 21
1.83978
  0
LINE
  8
0
 10
-5.13573
 20
1.83978
 11
-5.13799
 21
1.83727
  0
LINE
  8
0
 10
-5.13799
 20
1.83727
 11
-5.14035
 21
1.83485
  0
LINE
  8
0
 10
-5.14035
 20
1.83485
 11
-5.14282
 21
1.83253
  0
LINE
  8
0
 10
-5.14282
 20
1.83253
 11
-5.14537
 21
1.83032
  0
LINE
  8
0
 10
-5.14537
 20
1.83032
 11
-5.14803
 21
1.82823
  0
LINE
  8
0
 10
-5.14803
 20
1.82823
 11
-5.15076
 21
1.82623
  0
LINE
  8
0
 10
-5.15076
 20
1.82623
 11
-5.15358
 21
1.82437
  0
LINE
  8
0
 10
-5.15358
 20
1.82437
 11
-5.15646
 21
1.82262
  0
LINE
  8
0
 10
-5.15646
 20
1.82262
 11
-5.15944
 21
1.82098
  0
LINE
  8
0
 10
-5.15944
 20
1.82098
 11
-5.16246
 21
1.81949
  0
LINE
  8
0
 10
-5.16246
 20
1.81949
 11
-5.16554
 21
1.81812
  0
LINE
  8
0
 10
-5.16554
 20
1.81812
 11
-5.16869
 21
1.81686
  0
LINE
  8
0
 10
-5.16869
 20
1.81686
 11
-5.17189
 21
1.81575
  0
LINE
  8
0
 10
-5.17189
 20
1.81575
 11
-5.17513
 21
1.81477
  0
LINE
  8
0
 10
-5.17513
 20
1.81477
 11
-5.17839
 21
1.81393
  0
LINE
  8
0
 10
-5.17839
 20
1.81393
 11
-5.1817
 21
1.81323
  0
LINE
  8
0
 10
-5.1817
 20
1.81323
 11
-5.18503
 21
1.81267
  0
LINE
  8
0
 10
-5.18503
 20
1.81267
 11
-5.18839
 21
1.81224
  0
LINE
  8
0
 10
-5.18839
 20
1.81224
 11
-5.19176
 21
1.81197
  0
LINE
  8
0
 10
-5.19176
 20
1.81197
 11
-5.19513
 21
1.81183
  0
LINE
  8
0
 10
-5.19513
 20
1.81183
 11
-5.19852
 21
1.81183
  0
LINE
  8
0
 10
0.470764
 20
1.81183
 11
0.467392
 21
1.81197
  0
LINE
  8
0
 10
0.467392
 20
1.81197
 11
0.46402
 21
1.81224
  0
LINE
  8
0
 10
0.46402
 20
1.81224
 11
0.460663
 21
1.81267
  0
LINE
  8
0
 10
0.460663
 20
1.81267
 11
0.457336
 21
1.81323
  0
LINE
  8
0
 10
0.457336
 20
1.81323
 11
0.454025
 21
1.81393
  0
LINE
  8
0
 10
0.454025
 20
1.81393
 11
0.450745
 21
1.81477
  0
LINE
  8
0
 10
0.450745
 20
1.81477
 11
0.44751
 21
1.81575
  0
LINE
  8
0
 10
0.44751
 20
1.81575
 11
0.444321
 21
1.81686
  0
LINE
  8
0
 10
0.444321
 20
1.81686
 11
0.441177
 21
1.81812
  0
LINE
  8
0
 10
0.441177
 20
1.81812
 11
0.438095
 21
1.81949
  0
LINE
  8
0
 10
0.438095
 20
1.81949
 11
0.435059
 21
1.82098
  0
LINE
  8
0
 10
0.435059
 20
1.82098
 11
0.432098
 21
1.82262
  0
LINE
  8
0
 10
0.432098
 20
1.82262
 11
0.429199
 21
1.82437
  0
LINE
  8
0
 10
0.429199
 20
1.82437
 11
0.426392
 21
1.82623
  0
LINE
  8
0
 10
0.426392
 20
1.82623
 11
0.42366
 21
1.82823
  0
LINE
  8
0
 10
0.42366
 20
1.82823
 11
0.421005
 21
1.83032
  0
LINE
  8
0
 10
0.421005
 20
1.83032
 11
0.418442
 21
1.83253
  0
LINE
  8
0
 10
0.418442
 20
1.83253
 11
0.415985
 21
1.83485
  0
LINE
  8
0
 10
0.415985
 20
1.83485
 11
0.41362
 21
1.83727
  0
LINE
  8
0
 10
0.41362
 20
1.83727
 11
0.411362
 21
1.83978
  0
LINE
  8
0
 10
0.411362
 20
1.83978
 11
0.409195
 21
1.84238
  0
LINE
  8
0
 10
0.409195
 20
1.84238
 11
0.40715
 21
1.84508
  0
LINE
  8
0
 10
0.40715
 20
1.84508
 11
0.405228
 21
1.84785
  0
LINE
  8
0
 10
0.405228
 20
1.84785
 11
0.403412
 21
1.85071
  0
LINE
  8
0
 10
0.403412
 20
1.85071
 11
0.401733
 21
1.85364
  0
LINE
  8
0
 10
0.401733
 20
1.85364
 11
0.400162
 21
1.85663
  0
LINE
  8
0
 10
0.400162
 20
1.85663
 11
0.398727
 21
1.85968
  0
LINE
  8
0
 10
0.398727
 20
1.85968
 11
0.397415
 21
1.86281
  0
LINE
  8
0
 10
0.397415
 20
1.86281
 11
0.39624
 21
1.86597
  0
LINE
  8
0
 10
0.39624
 20
1.86597
 11
0.395187
 21
1.86919
  0
LINE
  8
0
 10
0.395187
 20
1.86919
 11
0.394272
 21
1.87244
  0
LINE
  8
0
 10
0.394272
 20
1.87244
 11
0.393509
 21
1.87573
  0
LINE
  8
0
 10
0.393509
 20
1.87573
 11
0.392868
 21
1.87906
  0
LINE
  8
0
 10
0.392868
 20
1.87906
 11
0.39238
 21
1.8824
  0
LINE
  8
0
 10
0.39238
 20
1.8824
 11
0.392029
 21
1.88576
  0
LINE
  8
0
 10
0.392029
 20
1.88576
 11
0.391815
 21
1.88913
  0
LINE
  8
0
 10
0.391815
 20
1.88913
 11
0.391739
 21
1.89252
  0
LINE
  8
0
 10
0.391739
 20
1.89252
 11
0.391815
 21
1.89589
  0
LINE
  8
0
 10
0.391815
 20
1.89589
 11
0.392029
 21
1.89926
  0
LINE
  8
0
 10
0.392029
 20
1.89926
 11
0.39238
 21
1.90263
  0
LINE
  8
0
 10
0.39238
 20
1.90263
 11
0.392868
 21
1.90598
  0
LINE
  8
0
 10
0.392868
 20
1.90598
 11
0.393509
 21
1.90929
  0
LINE
  8
0
 10
0.393509
 20
1.90929
 11
0.394272
 21
1.91258
  0
LINE
  8
0
 10
0.394272
 20
1.91258
 11
0.395187
 21
1.91583
  0
LINE
  8
0
 10
0.395187
 20
1.91583
 11
0.39624
 21
1.91905
  0
LINE
  8
0
 10
0.39624
 20
1.91905
 11
0.397415
 21
1.92223
  0
LINE
  8
0
 10
0.397415
 20
1.92223
 11
0.398727
 21
1.92534
  0
LINE
  8
0
 10
0.398727
 20
1.92534
 11
0.400162
 21
1.92839
  0
LINE
  8
0
 10
0.400162
 20
1.92839
 11
0.401733
 21
1.9314
  0
LINE
  8
0
 10
0.401733
 20
1.9314
 11
0.403412
 21
1.93433
  0
LINE
  8
0
 10
0.403412
 20
1.93433
 11
0.405228
 21
1.93718
  0
LINE
  8
0
 10
0.405228
 20
1.93718
 11
0.40715
 21
1.93996
  0
LINE
  8
0
 10
0.40715
 20
1.93996
 11
0.409195
 21
1.94264
  0
LINE
  8
0
 10
0.409195
 20
1.94264
 11
0.411362
 21
1.94525
  0
LINE
  8
0
 10
0.411362
 20
1.94525
 11
0.41362
 21
1.94775
  0
LINE
  8
0
 10
0.41362
 20
1.94775
 11
0.415985
 21
1.95018
  0
LINE
  8
0
 10
0.415985
 20
1.95018
 11
0.418442
 21
1.95248
  0
LINE
  8
0
 10
0.418442
 20
1.95248
 11
0.421005
 21
1.9547
  0
LINE
  8
0
 10
0.421005
 20
1.9547
 11
0.42366
 21
1.9568
  0
LINE
  8
0
 10
0.42366
 20
1.9568
 11
0.426392
 21
1.95879
  0
LINE
  8
0
 10
0.426392
 20
1.95879
 11
0.429199
 21
1.96066
  0
LINE
  8
0
 10
0.429199
 20
1.96066
 11
0.432098
 21
1.9624
  0
LINE
  8
0
 10
0.432098
 20
1.9624
 11
0.435059
 21
1.96404
  0
LINE
  8
0
 10
0.435059
 20
1.96404
 11
0.438095
 21
1.96555
  0
LINE
  8
0
 10
0.438095
 20
1.96555
 11
0.441177
 21
1.96692
  0
LINE
  8
0
 10
0.441177
 20
1.96692
 11
0.444321
 21
1.96815
  0
LINE
  8
0
 10
0.444321
 20
1.96815
 11
0.44751
 21
1.96927
  0
LINE
  8
0
 10
0.44751
 20
1.96927
 11
0.450745
 21
1.97025
  0
LINE
  8
0
 10
0.450745
 20
1.97025
 11
0.454025
 21
1.97108
  0
LINE
  8
0
 10
0.454025
 20
1.97108
 11
0.457336
 21
1.97179
  0
LINE
  8
0
 10
0.457336
 20
1.97179
 11
0.460663
 21
1.97235
  0
LINE
  8
0
 10
0.460663
 20
1.97235
 11
0.46402
 21
1.97278
  0
LINE
  8
0
 10
0.46402
 20
1.97278
 11
0.467392
 21
1.97307
  0
LINE
  8
0
 10
0.467392
 20
1.97307
 11
0.470764
 21
1.97321
  0
LINE
  8
0
 10
0.470764
 20
1.97321
 11
0.474136
 21
1.97321
  0
LINE
  8
0
 10
0.474136
 20
1.97321
 11
0.477524
 21
1.97307
  0
LINE
  8
0
 10
0.477524
 20
1.97307
 11
0.480896
 21
1.97278
  0
LINE
  8
0
 10
0.480896
 20
1.97278
 11
0.484238
 21
1.97235
  0
LINE
  8
0
 10
0.484238
 20
1.97235
 11
0.487579
 21
1.97179
  0
LINE
  8
0
 10
0.487579
 20
1.97179
 11
0.490875
 21
1.97108
  0
LINE
  8
0
 10
0.490875
 20
1.97108
 11
0.494156
 21
1.97025
  0
LINE
  8
0
 10
0.494156
 20
1.97025
 11
0.497391
 21
1.96927
  0
LINE
  8
0
 10
0.497391
 20
1.96927
 11
0.50058
 21
1.96815
  0
LINE
  8
0
 10
0.50058
 20
1.96815
 11
0.503723
 21
1.96692
  0
LINE
  8
0
 10
0.503723
 20
1.96692
 11
0.506821
 21
1.96555
  0
LINE
  8
0
 10
0.506821
 20
1.96555
 11
0.509842
 21
1.96404
  0
LINE
  8
0
 10
0.509842
 20
1.96404
 11
0.512802
 21
1.9624
  0
LINE
  8
0
 10
0.512802
 20
1.9624
 11
0.515701
 21
1.96066
  0
LINE
  8
0
 10
0.515701
 20
1.96066
 11
0.518509
 21
1.95879
  0
LINE
  8
0
 10
0.518509
 20
1.95879
 11
0.521255
 21
1.9568
  0
LINE
  8
0
 10
0.521255
 20
1.9568
 11
0.523895
 21
1.9547
  0
LINE
  8
0
 10
0.523895
 20
1.9547
 11
0.526459
 21
1.95248
  0
LINE
  8
0
 10
0.526459
 20
1.95248
 11
0.528915
 21
1.95018
  0
LINE
  8
0
 10
0.528915
 20
1.95018
 11
0.531281
 21
1.94775
  0
LINE
  8
0
 10
0.531281
 20
1.94775
 11
0.533554
 21
1.94525
  0
LINE
  8
0
 10
0.533554
 20
1.94525
 11
0.535706
 21
1.94264
  0
LINE
  8
0
 10
0.535706
 20
1.94264
 11
0.53775
 21
1.93996
  0
LINE
  8
0
 10
0.53775
 20
1.93996
 11
0.539673
 21
1.93718
  0
LINE
  8
0
 10
0.539673
 20
1.93718
 11
0.541489
 21
1.93433
  0
LINE
  8
0
 10
0.541489
 20
1.93433
 11
0.543182
 21
1.9314
  0
LINE
  8
0
 10
0.543182
 20
1.9314
 11
0.544739
 21
1.92839
  0
LINE
  8
0
 10
0.544739
 20
1.92839
 11
0.546188
 21
1.92534
  0
LINE
  8
0
 10
0.546188
 20
1.92534
 11
0.547501
 21
1.92223
  0
LINE
  8
0
 10
0.547501
 20
1.92223
 11
0.548676
 21
1.91905
  0
LINE
  8
0
 10
0.548676
 20
1.91905
 11
0.549713
 21
1.91583
  0
LINE
  8
0
 10
0.549713
 20
1.91583
 11
0.550629
 21
1.91258
  0
LINE
  8
0
 10
0.550629
 20
1.91258
 11
0.551392
 21
1.90929
  0
LINE
  8
0
 10
0.551392
 20
1.90929
 11
0.552032
 21
1.90598
  0
LINE
  8
0
 10
0.552032
 20
1.90598
 11
0.552521
 21
1.90263
  0
LINE
  8
0
 10
0.552521
 20
1.90263
 11
0.552872
 21
1.89926
  0
LINE
  8
0
 10
0.552872
 20
1.89926
 11
0.553085
 21
1.89589
  0
LINE
  8
0
 10
0.553085
 20
1.89589
 11
0.553162
 21
1.89252
  0
LINE
  8
0
 10
0.553162
 20
1.89252
 11
0.553085
 21
1.88913
  0
LINE
  8
0
 10
0.553085
 20
1.88913
 11
0.552872
 21
1.88576
  0
LINE
  8
0
 10
0.552872
 20
1.88576
 11
0.552521
 21
1.8824
  0
LINE
  8
0
 10
0.552521
 20
1.8824
 11
0.552032
 21
1.87906
  0
LINE
  8
0
 10
0.552032
 20
1.87906
 11
0.551392
 21
1.87573
  0
LINE
  8
0
 10
0.551392
 20
1.87573
 11
0.550629
 21
1.87244
  0
LINE
  8
0
 10
0.550629
 20
1.87244
 11
0.549713
 21
1.86919
  0
LINE
  8
0
 10
0.549713
 20
1.86919
 11
0.548676
 21
1.86597
  0
LINE
  8
0
 10
0.548676
 20
1.86597
 11
0.547501
 21
1.86281
  0
LINE
  8
0
 10
0.547501
 20
1.86281
 11
0.546188
 21
1.85968
  0
LINE
  8
0
 10
0.546188
 20
1.85968
 11
0.544739
 21
1.85663
  0
LINE
  8
0
 10
0.544739
 20
1.85663
 11
0.543182
 21
1.85364
  0
LINE
  8
0
 10
0.543182
 20
1.85364
 11
0.541489
 21
1.85071
  0
LINE
  8
0
 10
0.541489
 20
1.85071
 11
0.539673
 21
1.84785
  0
LINE
  8
0
 10
0.539673
 20
1.84785
 11
0.53775
 21
1.84508
  0
LINE
  8
0
 10
0.53775
 20
1.84508
 11
0.535706
 21
1.84238
  0
LINE
  8
0
 10
0.535706
 20
1.84238
 11
0.533554
 21
1.83978
  0
LINE
  8
0
 10
0.533554
 20
1.83978
 11
0.531281
 21
1.83727
  0
LINE
  8
0
 10
0.531281
 20
1.83727
 11
0.528915
 21
1.83485
  0
LINE
  8
0
 10
0.528915
 20
1.83485
 11
0.526459
 21
1.83253
  0
LINE
  8
0
 10
0.526459
 20
1.83253
 11
0.523895
 21
1.83032
  0
LINE
  8
0
 10
0.523895
 20
1.83032
 11
0.521255
 21
1.82823
  0
LINE
  8
0
 10
0.521255
 20
1.82823
 11
0.518509
 21
1.82623
  0
LINE
  8
0
 10
0.518509
 20
1.82623
 11
0.515701
 21
1.82437
  0
LINE
  8
0
 10
0.515701
 20
1.82437
 11
0.512802
 21
1.82262
  0
LINE
  8
0
 10
0.512802
 20
1.82262
 11
0.509842
 21
1.82098
  0
LINE
  8
0
 10
0.509842
 20
1.82098
 11
0.506821
 21
1.81949
  0
LINE
  8
0
 10
0.506821
 20
1.81949
 11
0.503723
 21
1.81812
  0
LINE
  8
0
 10
0.503723
 20
1.81812
 11
0.50058
 21
1.81686
  0
LINE
  8
0
 10
0.50058
 20
1.81686
 11
0.497391
 21
1.81575
  0
LINE
  8
0
 10
0.497391
 20
1.81575
 11
0.494156
 21
1.81477
  0
LINE
  8
0
 10
0.494156
 20
1.81477
 11
0.490875
 21
1.81393
  0
LINE
  8
0
 10
0.490875
 20
1.81393
 11
0.487579
 21
1.81323
  0
LINE
  8
0
 10
0.487579
 20
1.81323
 11
0.484238
 21
1.81267
  0
LINE
  8
0
 10
0.484238
 20
1.81267
 11
0.480896
 21
1.81224
  0
LINE
  8
0
 10
0.480896
 20
1.81224
 11
0.477524
 21
1.81197
  0
LINE
  8
0
 10
0.477524
 20
1.81197
 11
0.474136
 21
1.81183
  0
LINE
  8
0
 10
0.474136
 20
1.81183
 11
0.470764
 21
1.81183
  0
LINE
  8
0
 10
3.62036
 20
1.81183
 11
3.61699
 21
1.81197
  0
LINE
  8
0
 10
3.61699
 20
1.81197
 11
3.61362
 21
1.81224
  0
LINE
  8
0
 10
3.61362
 20
1.81224
 11
3.61028
 21
1.81267
  0
LINE
  8
0
 10
3.61028
 20
1.81267
 11
3.60693
 21
1.81323
  0
LINE
  8
0
 10
3.60693
 20
1.81323
 11
3.60362
 21
1.81393
  0
LINE
  8
0
 10
3.60362
 20
1.81393
 11
3.60036
 21
1.81477
  0
LINE
  8
0
 10
3.60036
 20
1.81477
 11
3.59712
 21
1.81575
  0
LINE
  8
0
 10
3.59712
 20
1.81575
 11
3.59393
 21
1.81686
  0
LINE
  8
0
 10
3.59393
 20
1.81686
 11
3.59079
 21
1.81812
  0
LINE
  8
0
 10
3.59079
 20
1.81812
 11
3.58769
 21
1.81949
  0
LINE
  8
0
 10
3.58769
 20
1.81949
 11
3.58467
 21
1.82098
  0
LINE
  8
0
 10
3.58467
 20
1.82098
 11
3.58171
 21
1.82262
  0
LINE
  8
0
 10
3.58171
 20
1.82262
 11
3.57881
 21
1.82437
  0
LINE
  8
0
 10
3.57881
 20
1.82437
 11
3.576
 21
1.82623
  0
LINE
  8
0
 10
3.576
 20
1.82623
 11
3.57326
 21
1.82823
  0
LINE
  8
0
 10
3.57326
 20
1.82823
 11
3.57062
 21
1.83032
  0
LINE
  8
0
 10
3.57062
 20
1.83032
 11
3.56805
 21
1.83253
  0
LINE
  8
0
 10
3.56805
 20
1.83253
 11
3.56558
 21
1.83485
  0
LINE
  8
0
 10
3.56558
 20
1.83485
 11
3.56322
 21
1.83727
  0
LINE
  8
0
 10
3.56322
 20
1.83727
 11
3.56096
 21
1.83978
  0
LINE
  8
0
 10
3.56096
 20
1.83978
 11
3.55881
 21
1.84238
  0
LINE
  8
0
 10
3.55881
 20
1.84238
 11
3.55676
 21
1.84508
  0
LINE
  8
0
 10
3.55676
 20
1.84508
 11
3.55484
 21
1.84785
  0
LINE
  8
0
 10
3.55484
 20
1.84785
 11
3.55302
 21
1.85071
  0
LINE
  8
0
 10
3.55302
 20
1.85071
 11
3.55133
 21
1.85364
  0
LINE
  8
0
 10
3.55133
 20
1.85364
 11
3.54977
 21
1.85663
  0
LINE
  8
0
 10
3.54977
 20
1.85663
 11
3.54832
 21
1.85968
  0
LINE
  8
0
 10
3.54832
 20
1.85968
 11
3.54701
 21
1.86281
  0
LINE
  8
0
 10
3.54701
 20
1.86281
 11
3.54584
 21
1.86597
  0
LINE
  8
0
 10
3.54584
 20
1.86597
 11
3.5448
 21
1.86919
  0
LINE
  8
0
 10
3.5448
 20
1.86919
 11
3.54388
 21
1.87244
  0
LINE
  8
0
 10
3.54388
 20
1.87244
 11
3.54311
 21
1.87573
  0
LINE
  8
0
 10
3.54311
 20
1.87573
 11
3.54248
 21
1.87906
  0
LINE
  8
0
 10
3.54248
 20
1.87906
 11
3.54199
 21
1.8824
  0
LINE
  8
0
 10
3.54199
 20
1.8824
 11
3.54163
 21
1.88576
  0
LINE
  8
0
 10
3.54163
 20
1.88576
 11
3.54143
 21
1.88913
  0
LINE
  8
0
 10
3.54143
 20
1.88913
 11
3.54135
 21
1.89252
  0
LINE
  8
0
 10
3.54135
 20
1.89252
 11
3.54143
 21
1.89589
  0
LINE
  8
0
 10
3.54143
 20
1.89589
 11
3.54163
 21
1.89926
  0
LINE
  8
0
 10
3.54163
 20
1.89926
 11
3.54199
 21
1.90263
  0
LINE
  8
0
 10
3.54199
 20
1.90263
 11
3.54248
 21
1.90598
  0
LINE
  8
0
 10
3.54248
 20
1.90598
 11
3.54311
 21
1.90929
  0
LINE
  8
0
 10
3.54311
 20
1.90929
 11
3.54388
 21
1.91258
  0
LINE
  8
0
 10
3.54388
 20
1.91258
 11
3.5448
 21
1.91583
  0
LINE
  8
0
 10
3.5448
 20
1.91583
 11
3.54584
 21
1.91905
  0
LINE
  8
0
 10
3.54584
 20
1.91905
 11
3.54701
 21
1.92223
  0
LINE
  8
0
 10
3.54701
 20
1.92223
 11
3.54832
 21
1.92534
  0
LINE
  8
0
 10
3.54832
 20
1.92534
 11
3.54977
 21
1.92839
  0
LINE
  8
0
 10
3.54977
 20
1.92839
 11
3.55133
 21
1.9314
  0
LINE
  8
0
 10
3.55133
 20
1.9314
 11
3.55302
 21
1.93433
  0
LINE
  8
0
 10
3.55302
 20
1.93433
 11
3.55484
 21
1.93718
  0
LINE
  8
0
 10
3.55484
 20
1.93718
 11
3.55676
 21
1.93996
  0
LINE
  8
0
 10
3.55676
 20
1.93996
 11
3.55881
 21
1.94264
  0
LINE
  8
0
 10
3.55881
 20
1.94264
 11
3.56096
 21
1.94525
  0
LINE
  8
0
 10
3.56096
 20
1.94525
 11
3.56322
 21
1.94775
  0
LINE
  8
0
 10
3.56322
 20
1.94775
 11
3.56558
 21
1.95018
  0
LINE
  8
0
 10
3.56558
 20
1.95018
 11
3.56805
 21
1.95248
  0
LINE
  8
0
 10
3.56805
 20
1.95248
 11
3.57062
 21
1.9547
  0
LINE
  8
0
 10
3.57062
 20
1.9547
 11
3.57326
 21
1.9568
  0
LINE
  8
0
 10
3.57326
 20
1.9568
 11
3.576
 21
1.95879
  0
LINE
  8
0
 10
3.576
 20
1.95879
 11
3.57881
 21
1.96066
  0
LINE
  8
0
 10
3.57881
 20
1.96066
 11
3.58171
 21
1.9624
  0
LINE
  8
0
 10
3.58171
 20
1.9624
 11
3.58467
 21
1.96404
  0
LINE
  8
0
 10
3.58467
 20
1.96404
 11
3.58769
 21
1.96555
  0
LINE
  8
0
 10
3.58769
 20
1.96555
 11
3.59079
 21
1.96692
  0
LINE
  8
0
 10
3.59079
 20
1.96692
 11
3.59393
 21
1.96815
  0
LINE
  8
0
 10
3.59393
 20
1.96815
 11
3.59712
 21
1.96927
  0
LINE
  8
0
 10
3.59712
 20
1.96927
 11
3.60036
 21
1.97025
  0
LINE
  8
0
 10
3.60036
 20
1.97025
 11
3.60362
 21
1.97108
  0
LINE
  8
0
 10
3.60362
 20
1.97108
 11
3.60693
 21
1.97179
  0
LINE
  8
0
 10
3.60693
 20
1.97179
 11
3.61028
 21
1.97235
  0
LINE
  8
0
 10
3.61028
 20
1.97235
 11
3.61362
 21
1.97278
  0
LINE
  8
0
 10
3.61362
 20
1.97278
 11
3.61699
 21
1.97307
  0
LINE
  8
0
 10
3.61699
 20
1.97307
 11
3.62036
 21
1.97321
  0
LINE
  8
0
 10
3.62036
 20
1.97321
 11
3.62375
 21
1.97321
  0
LINE
  8
0
 10
3.62375
 20
1.97321
 11
3.62712
 21
1.97307
  0
LINE
  8
0
 10
3.62712
 20
1.97307
 11
3.63049
 21
1.97278
  0
LINE
  8
0
 10
3.63049
 20
1.97278
 11
3.63385
 21
1.97235
  0
LINE
  8
0
 10
3.63385
 20
1.97235
 11
3.63718
 21
1.97179
  0
LINE
  8
0
 10
3.63718
 20
1.97179
 11
3.64049
 21
1.97108
  0
LINE
  8
0
 10
3.64049
 20
1.97108
 11
3.64377
 21
1.97025
  0
LINE
  8
0
 10
3.64377
 20
1.97025
 11
3.647
 21
1.96927
  0
LINE
  8
0
 10
3.647
 20
1.96927
 11
3.65019
 21
1.96815
  0
LINE
  8
0
 10
3.65019
 20
1.96815
 11
3.65334
 21
1.96692
  0
LINE
  8
0
 10
3.65334
 20
1.96692
 11
3.65642
 21
1.96555
  0
LINE
  8
0
 10
3.65642
 20
1.96555
 11
3.65945
 21
1.96404
  0
LINE
  8
0
 10
3.65945
 20
1.96404
 11
3.66241
 21
1.9624
  0
LINE
  8
0
 10
3.66241
 20
1.9624
 11
3.6653
 21
1.96066
  0
LINE
  8
0
 10
3.6653
 20
1.96066
 11
3.66812
 21
1.95879
  0
LINE
  8
0
 10
3.66812
 20
1.95879
 11
3.67085
 21
1.9568
  0
LINE
  8
0
 10
3.67085
 20
1.9568
 11
3.67351
 21
1.9547
  0
LINE
  8
0
 10
3.67351
 20
1.9547
 11
3.67606
 21
1.95248
  0
LINE
  8
0
 10
3.67606
 20
1.95248
 11
3.67853
 21
1.95018
  0
LINE
  8
0
 10
3.67853
 20
1.95018
 11
3.68089
 21
1.94775
  0
LINE
  8
0
 10
3.68089
 20
1.94775
 11
3.68315
 21
1.94525
  0
LINE
  8
0
 10
3.68315
 20
1.94525
 11
3.6853
 21
1.94264
  0
LINE
  8
0
 10
3.6853
 20
1.94264
 11
3.68735
 21
1.93996
  0
LINE
  8
0
 10
3.68735
 20
1.93996
 11
3.68929
 21
1.93718
  0
LINE
  8
0
 10
3.68929
 20
1.93718
 11
3.6911
 21
1.93433
  0
LINE
  8
0
 10
3.6911
 20
1.93433
 11
3.69278
 21
1.9314
  0
LINE
  8
0
 10
3.69278
 20
1.9314
 11
3.69435
 21
1.92839
  0
LINE
  8
0
 10
3.69435
 20
1.92839
 11
3.69579
 21
1.92534
  0
LINE
  8
0
 10
3.69579
 20
1.92534
 11
3.6971
 21
1.92223
  0
LINE
  8
0
 10
3.6971
 20
1.92223
 11
3.69827
 21
1.91905
  0
LINE
  8
0
 10
3.69827
 20
1.91905
 11
3.69933
 21
1.91583
  0
LINE
  8
0
 10
3.69933
 20
1.91583
 11
3.70023
 21
1.91258
  0
LINE
  8
0
 10
3.70023
 20
1.91258
 11
3.701
 21
1.90929
  0
LINE
  8
0
 10
3.701
 20
1.90929
 11
3.70163
 21
1.90598
  0
LINE
  8
0
 10
3.70163
 20
1.90598
 11
3.70213
 21
1.90263
  0
LINE
  8
0
 10
3.70213
 20
1.90263
 11
3.70248
 21
1.89926
  0
LINE
  8
0
 10
3.70248
 20
1.89926
 11
3.7027
 21
1.89589
  0
LINE
  8
0
 10
3.7027
 20
1.89589
 11
3.70277
 21
1.89252
  0
LINE
  8
0
 10
3.70277
 20
1.89252
 11
3.7027
 21
1.88913
  0
LINE
  8
0
 10
3.7027
 20
1.88913
 11
3.70248
 21
1.88576
  0
LINE
  8
0
 10
3.70248
 20
1.88576
 11
3.70213
 21
1.8824
  0
LINE
  8
0
 10
3.70213
 20
1.8824
 11
3.70163
 21
1.87906
  0
LINE
  8
0
 10
3.70163
 20
1.87906
 11
3.701
 21
1.87573
  0
LINE
  8
0
 10
3.701
 20
1.87573
 11
3.70023
 21
1.87244
  0
LINE
  8
0
 10
3.70023
 20
1.87244
 11
3.69933
 21
1.86919
  0
LINE
  8
0
 10
3.69933
 20
1.86919
 11
3.69827
 21
1.86597
  0
LINE
  8
0
 10
3.69827
 20
1.86597
 11
3.6971
 21
1.86281
  0
LINE
  8
0
 10
3.6971
 20
1.86281
 11
3.69579
 21
1.85968
  0
LINE
  8
0
 10
3.69579
 20
1.85968
 11
3.69435
 21
1.85663
  0
LINE
  8
0
 10
3.69435
 20
1.85663
 11
3.69278
 21
1.85364
  0
LINE
  8
0
 10
3.69278
 20
1.85364
 11
3.6911
 21
1.85071
  0
LINE
  8
0
 10
3.6911
 20
1.85071
 11
3.68929
 21
1.84785
  0
LINE
  8
0
 10
3.68929
 20
1.84785
 11
3.68735
 21
1.84508
  0
LINE
  8
0
 10
3.68735
 20
1.84508
 11
3.6853
 21
1.84238
  0
LINE
  8
0
 10
3.6853
 20
1.84238
 11
3.68315
 21
1.83978
  0
LINE
  8
0
 10
3.68315
 20
1.83978
 11
3.68089
 21
1.83727
  0
LINE
  8
0
 10
3.68089
 20
1.83727
 11
3.67853
 21
1.83485
  0
LINE
  8
0
 10
3.67853
 20
1.83485
 11
3.67606
 21
1.83253
  0
LINE
  8
0
 10
3.67606
 20
1.83253
 11
3.67351
 21
1.83032
  0
LINE
  8
0
 10
3.67351
 20
1.83032
 11
3.67085
 21
1.82823
  0
LINE
  8
0
 10
3.67085
 20
1.82823
 11
3.66812
 21
1.82623
  0
LINE
  8
0
 10
3.66812
 20
1.82623
 11
3.6653
 21
1.82437
  0
LINE
  8
0
 10
3.6653
 20
1.82437
 11
3.66241
 21
1.82262
  0
LINE
  8
0
 10
3.66241
 20
1.82262
 11
3.65945
 21
1.82098
  0
LINE
  8
0
 10
3.65945
 20
1.82098
 11
3.65642
 21
1.81949
  0
LINE
  8
0
 10
3.65642
 20
1.81949
 11
3.65334
 21
1.81812
  0
LINE
  8
0
 10
3.65334
 20
1.81812
 11
3.65019
 21
1.81686
  0
LINE
  8
0
 10
3.65019
 20
1.81686
 11
3.647
 21
1.81575
  0
LINE
  8
0
 10
3.647
 20
1.81575
 11
3.64377
 21
1.81477
  0
LINE
  8
0
 10
3.64377
 20
1.81477
 11
3.64049
 21
1.81393
  0
LINE
  8
0
 10
3.64049
 20
1.81393
 11
3.63718
 21
1.81323
  0
LINE
  8
0
 10
3.63718
 20
1.81323
 11
3.63385
 21
1.81267
  0
LINE
  8
0
 10
3.63385
 20
1.81267
 11
3.63049
 21
1.81224
  0
LINE
  8
0
 10
3.63049
 20
1.81224
 11
3.62712
 21
1.81197
  0
LINE
  8
0
 10
3.62712
 20
1.81197
 11
3.62375
 21
1.81183
  0
LINE
  8
0
 10
3.62375
 20
1.81183
 11
3.62036
 21
1.81183
  0
LINE
  8
0
 10
2.36052
 20
1.81183
 11
2.35715
 21
1.81197
  0
LINE
  8
0
 10
2.35715
 20
1.81197
 11
2.35378
 21
1.81224
  0
LINE
  8
0
 10
2.35378
 20
1.81224
 11
2.35043
 21
1.81267
  0
LINE
  8
0
 10
2.35043
 20
1.81267
 11
2.34709
 21
1.81323
  0
LINE
  8
0
 10
2.34709
 20
1.81323
 11
2.34378
 21
1.81393
  0
LINE
  8
0
 10
2.34378
 20
1.81393
 11
2.34052
 21
1.81477
  0
LINE
  8
0
 10
2.34052
 20
1.81477
 11
2.33728
 21
1.81575
  0
LINE
  8
0
 10
2.33728
 20
1.81575
 11
2.33408
 21
1.81686
  0
LINE
  8
0
 10
2.33408
 20
1.81686
 11
2.33093
 21
1.81812
  0
LINE
  8
0
 10
2.33093
 20
1.81812
 11
2.32785
 21
1.81949
  0
LINE
  8
0
 10
2.32785
 20
1.81949
 11
2.32483
 21
1.82098
  0
LINE
  8
0
 10
2.32483
 20
1.82098
 11
2.32187
 21
1.82262
  0
LINE
  8
0
 10
2.32187
 20
1.82262
 11
2.31897
 21
1.82437
  0
LINE
  8
0
 10
2.31897
 20
1.82437
 11
2.31615
 21
1.82623
  0
LINE
  8
0
 10
2.31615
 20
1.82623
 11
2.31342
 21
1.82823
  0
LINE
  8
0
 10
2.31342
 20
1.82823
 11
2.31078
 21
1.83032
  0
LINE
  8
0
 10
2.31078
 20
1.83032
 11
2.30821
 21
1.83253
  0
LINE
  8
0
 10
2.30821
 20
1.83253
 11
2.30574
 21
1.83485
  0
LINE
  8
0
 10
2.30574
 20
1.83485
 11
2.30338
 21
1.83727
  0
LINE
  8
0
 10
2.30338
 20
1.83727
 11
2.30112
 21
1.83978
  0
LINE
  8
0
 10
2.30112
 20
1.83978
 11
2.29897
 21
1.84238
  0
LINE
  8
0
 10
2.29897
 20
1.84238
 11
2.29692
 21
1.84508
  0
LINE
  8
0
 10
2.29692
 20
1.84508
 11
2.295
 21
1.84785
  0
LINE
  8
0
 10
2.295
 20
1.84785
 11
2.29318
 21
1.85071
  0
LINE
  8
0
 10
2.29318
 20
1.85071
 11
2.29149
 21
1.85364
  0
LINE
  8
0
 10
2.29149
 20
1.85364
 11
2.28992
 21
1.85663
  0
LINE
  8
0
 10
2.28992
 20
1.85663
 11
2.28848
 21
1.85968
  0
LINE
  8
0
 10
2.28848
 20
1.85968
 11
2.28717
 21
1.86281
  0
LINE
  8
0
 10
2.28717
 20
1.86281
 11
2.286
 21
1.86597
  0
LINE
  8
0
 10
2.286
 20
1.86597
 11
2.28496
 21
1.86919
  0
LINE
  8
0
 10
2.28496
 20
1.86919
 11
2.28404
 21
1.87244
  0
LINE
  8
0
 10
2.28404
 20
1.87244
 11
2.28326
 21
1.87573
  0
LINE
  8
0
 10
2.28326
 20
1.87573
 11
2.28264
 21
1.87906
  0
LINE
  8
0
 10
2.28264
 20
1.87906
 11
2.28215
 21
1.8824
  0
LINE
  8
0
 10
2.28215
 20
1.8824
 11
2.28178
 21
1.88576
  0
LINE
  8
0
 10
2.28178
 20
1.88576
 11
2.28157
 21
1.88913
  0
LINE
  8
0
 10
2.28157
 20
1.88913
 11
2.28151
 21
1.89252
  0
LINE
  8
0
 10
2.28151
 20
1.89252
 11
2.28157
 21
1.89589
  0
LINE
  8
0
 10
2.28157
 20
1.89589
 11
2.28178
 21
1.89926
  0
LINE
  8
0
 10
2.28178
 20
1.89926
 11
2.28215
 21
1.90263
  0
LINE
  8
0
 10
2.28215
 20
1.90263
 11
2.28264
 21
1.90598
  0
LINE
  8
0
 10
2.28264
 20
1.90598
 11
2.28326
 21
1.90929
  0
LINE
  8
0
 10
2.28326
 20
1.90929
 11
2.28404
 21
1.91258
  0
LINE
  8
0
 10
2.28404
 20
1.91258
 11
2.28496
 21
1.91583
  0
LINE
  8
0
 10
2.28496
 20
1.91583
 11
2.286
 21
1.91905
  0
LINE
  8
0
 10
2.286
 20
1.91905
 11
2.28717
 21
1.92223
  0
LINE
  8
0
 10
2.28717
 20
1.92223
 11
2.28848
 21
1.92534
  0
LINE
  8
0
 10
2.28848
 20
1.92534
 11
2.28992
 21
1.92839
  0
LINE
  8
0
 10
2.28992
 20
1.92839
 11
2.29149
 21
1.9314
  0
LINE
  8
0
 10
2.29149
 20
1.9314
 11
2.29318
 21
1.93433
  0
LINE
  8
0
 10
2.29318
 20
1.93433
 11
2.295
 21
1.93718
  0
LINE
  8
0
 10
2.295
 20
1.93718
 11
2.29692
 21
1.93996
  0
LINE
  8
0
 10
2.29692
 20
1.93996
 11
2.29897
 21
1.94264
  0
LINE
  8
0
 10
2.29897
 20
1.94264
 11
2.30112
 21
1.94525
  0
LINE
  8
0
 10
2.30112
 20
1.94525
 11
2.30338
 21
1.94775
  0
LINE
  8
0
 10
2.30338
 20
1.94775
 11
2.30574
 21
1.95018
  0
LINE
  8
0
 10
2.30574
 20
1.95018
 11
2.30821
 21
1.95248
  0
LINE
  8
0
 10
2.30821
 20
1.95248
 11
2.31078
 21
1.9547
  0
LINE
  8
0
 10
2.31078
 20
1.9547
 11
2.31342
 21
1.9568
  0
LINE
  8
0
 10
2.31342
 20
1.9568
 11
2.31615
 21
1.95879
  0
LINE
  8
0
 10
2.31615
 20
1.95879
 11
2.31897
 21
1.96066
  0
LINE
  8
0
 10
2.31897
 20
1.96066
 11
2.32187
 21
1.9624
  0
LINE
  8
0
 10
2.32187
 20
1.9624
 11
2.32483
 21
1.96404
  0
LINE
  8
0
 10
2.32483
 20
1.96404
 11
2.32785
 21
1.96555
  0
LINE
  8
0
 10
2.32785
 20
1.96555
 11
2.33093
 21
1.96692
  0
LINE
  8
0
 10
2.33093
 20
1.96692
 11
2.33408
 21
1.96815
  0
LINE
  8
0
 10
2.33408
 20
1.96815
 11
2.33728
 21
1.96927
  0
LINE
  8
0
 10
2.33728
 20
1.96927
 11
2.34052
 21
1.97025
  0
LINE
  8
0
 10
2.34052
 20
1.97025
 11
2.34378
 21
1.97108
  0
LINE
  8
0
 10
2.34378
 20
1.97108
 11
2.34709
 21
1.97179
  0
LINE
  8
0
 10
2.34709
 20
1.97179
 11
2.35043
 21
1.97235
  0
LINE
  8
0
 10
2.35043
 20
1.97235
 11
2.35378
 21
1.97278
  0
LINE
  8
0
 10
2.35378
 20
1.97278
 11
2.35715
 21
1.97307
  0
LINE
  8
0
 10
2.35715
 20
1.97307
 11
2.36052
 21
1.97321
  0
LINE
  8
0
 10
2.36052
 20
1.97321
 11
2.36391
 21
1.97321
  0
LINE
  8
0
 10
2.36391
 20
1.97321
 11
2.36728
 21
1.97307
  0
LINE
  8
0
 10
2.36728
 20
1.97307
 11
2.37065
 21
1.97278
  0
LINE
  8
0
 10
2.37065
 20
1.97278
 11
2.37401
 21
1.97235
  0
LINE
  8
0
 10
2.37401
 20
1.97235
 11
2.37733
 21
1.97179
  0
LINE
  8
0
 10
2.37733
 20
1.97179
 11
2.38065
 21
1.97108
  0
LINE
  8
0
 10
2.38065
 20
1.97108
 11
2.38393
 21
1.97025
  0
LINE
  8
0
 10
2.38393
 20
1.97025
 11
2.38716
 21
1.96927
  0
LINE
  8
0
 10
2.38716
 20
1.96927
 11
2.39035
 21
1.96815
  0
LINE
  8
0
 10
2.39035
 20
1.96815
 11
2.39349
 21
1.96692
  0
LINE
  8
0
 10
2.39349
 20
1.96692
 11
2.39658
 21
1.96555
  0
LINE
  8
0
 10
2.39658
 20
1.96555
 11
2.39961
 21
1.96404
  0
LINE
  8
0
 10
2.39961
 20
1.96404
 11
2.40257
 21
1.9624
  0
LINE
  8
0
 10
2.40257
 20
1.9624
 11
2.40546
 21
1.96066
  0
LINE
  8
0
 10
2.40546
 20
1.96066
 11
2.40828
 21
1.95879
  0
LINE
  8
0
 10
2.40828
 20
1.95879
 11
2.41101
 21
1.9568
  0
LINE
  8
0
 10
2.41101
 20
1.9568
 11
2.41367
 21
1.9547
  0
LINE
  8
0
 10
2.41367
 20
1.9547
 11
2.41621
 21
1.95248
  0
LINE
  8
0
 10
2.41621
 20
1.95248
 11
2.41869
 21
1.95018
  0
LINE
  8
0
 10
2.41869
 20
1.95018
 11
2.42105
 21
1.94775
  0
LINE
  8
0
 10
2.42105
 20
1.94775
 11
2.42331
 21
1.94525
  0
LINE
  8
0
 10
2.42331
 20
1.94525
 11
2.42546
 21
1.94264
  0
LINE
  8
0
 10
2.42546
 20
1.94264
 11
2.42751
 21
1.93996
  0
LINE
  8
0
 10
2.42751
 20
1.93996
 11
2.42944
 21
1.93718
  0
LINE
  8
0
 10
2.42944
 20
1.93718
 11
2.43126
 21
1.93433
  0
LINE
  8
0
 10
2.43126
 20
1.93433
 11
2.43294
 21
1.9314
  0
LINE
  8
0
 10
2.43294
 20
1.9314
 11
2.43451
 21
1.92839
  0
LINE
  8
0
 10
2.43451
 20
1.92839
 11
2.43594
 21
1.92534
  0
LINE
  8
0
 10
2.43594
 20
1.92534
 11
2.43726
 21
1.92223
  0
LINE
  8
0
 10
2.43726
 20
1.92223
 11
2.43843
 21
1.91905
  0
LINE
  8
0
 10
2.43843
 20
1.91905
 11
2.43948
 21
1.91583
  0
LINE
  8
0
 10
2.43948
 20
1.91583
 11
2.44038
 21
1.91258
  0
LINE
  8
0
 10
2.44038
 20
1.91258
 11
2.44116
 21
1.90929
  0
LINE
  8
0
 10
2.44116
 20
1.90929
 11
2.44179
 21
1.90598
  0
LINE
  8
0
 10
2.44179
 20
1.90598
 11
2.44229
 21
1.90263
  0
LINE
  8
0
 10
2.44229
 20
1.90263
 11
2.44264
 21
1.89926
  0
LINE
  8
0
 10
2.44264
 20
1.89926
 11
2.44286
 21
1.89589
  0
LINE
  8
0
 10
2.44286
 20
1.89589
 11
2.44293
 21
1.89252
  0
LINE
  8
0
 10
2.44293
 20
1.89252
 11
2.44286
 21
1.88913
  0
LINE
  8
0
 10
2.44286
 20
1.88913
 11
2.44264
 21
1.88576
  0
LINE
  8
0
 10
2.44264
 20
1.88576
 11
2.44229
 21
1.8824
  0
LINE
  8
0
 10
2.44229
 20
1.8824
 11
2.44179
 21
1.87906
  0
LINE
  8
0
 10
2.44179
 20
1.87906
 11
2.44116
 21
1.87573
  0
LINE
  8
0
 10
2.44116
 20
1.87573
 11
2.44038
 21
1.87244
  0
LINE
  8
0
 10
2.44038
 20
1.87244
 11
2.43948
 21
1.86919
  0
LINE
  8
0
 10
2.43948
 20
1.86919
 11
2.43843
 21
1.86597
  0
LINE
  8
0
 10
2.43843
 20
1.86597
 11
2.43726
 21
1.86281
  0
LINE
  8
0
 10
2.43726
 20
1.86281
 11
2.43594
 21
1.85968
  0
LINE
  8
0
 10
2.43594
 20
1.85968
 11
2.43451
 21
1.85663
  0
LINE
  8
0
 10
2.43451
 20
1.85663
 11
2.43294
 21
1.85364
  0
LINE
  8
0
 10
2.43294
 20
1.85364
 11
2.43126
 21
1.85071
  0
LINE
  8
0
 10
2.43126
 20
1.85071
 11
2.42944
 21
1.84785
  0
LINE
  8
0
 10
2.42944
 20
1.84785
 11
2.42751
 21
1.84508
  0
LINE
  8
0
 10
2.42751
 20
1.84508
 11
2.42546
 21
1.84238
  0
LINE
  8
0
 10
2.42546
 20
1.84238
 11
2.42331
 21
1.83978
  0
LINE
  8
0
 10
2.42331
 20
1.83978
 11
2.42105
 21
1.83727
  0
LINE
  8
0
 10
2.42105
 20
1.83727
 11
2.41869
 21
1.83485
  0
LINE
  8
0
 10
2.41869
 20
1.83485
 11
2.41621
 21
1.83253
  0
LINE
  8
0
 10
2.41621
 20
1.83253
 11
2.41367
 21
1.83032
  0
LINE
  8
0
 10
2.41367
 20
1.83032
 11
2.41101
 21
1.82823
  0
LINE
  8
0
 10
2.41101
 20
1.82823
 11
2.40828
 21
1.82623
  0
LINE
  8
0
 10
2.40828
 20
1.82623
 11
2.40546
 21
1.82437
  0
LINE
  8
0
 10
2.40546
 20
1.82437
 11
2.40257
 21
1.82262
  0
LINE
  8
0
 10
2.40257
 20
1.82262
 11
2.39961
 21
1.82098
  0
LINE
  8
0
 10
2.39961
 20
1.82098
 11
2.39658
 21
1.81949
  0
LINE
  8
0
 10
2.39658
 20
1.81949
 11
2.39349
 21
1.81812
  0
LINE
  8
0
 10
2.39349
 20
1.81812
 11
2.39035
 21
1.81686
  0
LINE
  8
0
 10
2.39035
 20
1.81686
 11
2.38716
 21
1.81575
  0
LINE
  8
0
 10
2.38716
 20
1.81575
 11
2.38393
 21
1.81477
  0
LINE
  8
0
 10
2.38393
 20
1.81477
 11
2.38065
 21
1.81393
  0
LINE
  8
0
 10
2.38065
 20
1.81393
 11
2.37733
 21
1.81323
  0
LINE
  8
0
 10
2.37733
 20
1.81323
 11
2.37401
 21
1.81267
  0
LINE
  8
0
 10
2.37401
 20
1.81267
 11
2.37065
 21
1.81224
  0
LINE
  8
0
 10
2.37065
 20
1.81224
 11
2.36728
 21
1.81197
  0
LINE
  8
0
 10
2.36728
 20
1.81197
 11
2.36391
 21
1.81183
  0
LINE
  8
0
 10
2.36391
 20
1.81183
 11
2.36052
 21
1.81183
  0
LINE
  8
0
 10
1.73061
 20
1.81183
 11
1.72723
 21
1.81197
  0
LINE
  8
0
 10
1.72723
 20
1.81197
 11
1.72386
 21
1.81224
  0
LINE
  8
0
 10
1.72386
 20
1.81224
 11
1.7205
 21
1.81267
  0
LINE
  8
0
 10
1.7205
 20
1.81267
 11
1.71718
 21
1.81323
  0
LINE
  8
0
 10
1.71718
 20
1.81323
 11
1.71387
 21
1.81393
  0
LINE
  8
0
 10
1.71387
 20
1.81393
 11
1.71059
 21
1.81477
  0
LINE
  8
0
 10
1.71059
 20
1.81477
 11
1.70735
 21
1.81575
  0
LINE
  8
0
 10
1.70735
 20
1.81575
 11
1.70416
 21
1.81686
  0
LINE
  8
0
 10
1.70416
 20
1.81686
 11
1.70102
 21
1.81812
  0
LINE
  8
0
 10
1.70102
 20
1.81812
 11
1.69794
 21
1.81949
  0
LINE
  8
0
 10
1.69794
 20
1.81949
 11
1.6949
 21
1.82098
  0
LINE
  8
0
 10
1.6949
 20
1.82098
 11
1.69194
 21
1.82262
  0
LINE
  8
0
 10
1.69194
 20
1.82262
 11
1.68906
 21
1.82437
  0
LINE
  8
0
 10
1.68906
 20
1.82437
 11
1.68623
 21
1.82623
  0
LINE
  8
0
 10
1.68623
 20
1.82623
 11
1.6835
 21
1.82823
  0
LINE
  8
0
 10
1.6835
 20
1.82823
 11
1.68085
 21
1.83032
  0
LINE
  8
0
 10
1.68085
 20
1.83032
 11
1.67828
 21
1.83253
  0
LINE
  8
0
 10
1.67828
 20
1.83253
 11
1.67583
 21
1.83485
  0
LINE
  8
0
 10
1.67583
 20
1.83485
 11
1.67346
 21
1.83727
  0
LINE
  8
0
 10
1.67346
 20
1.83727
 11
1.6712
 21
1.83978
  0
LINE
  8
0
 10
1.6712
 20
1.83978
 11
1.66904
 21
1.84238
  0
LINE
  8
0
 10
1.66904
 20
1.84238
 11
1.66701
 21
1.84508
  0
LINE
  8
0
 10
1.66701
 20
1.84508
 11
1.66507
 21
1.84785
  0
LINE
  8
0
 10
1.66507
 20
1.84785
 11
1.66325
 21
1.85071
  0
LINE
  8
0
 10
1.66325
 20
1.85071
 11
1.66158
 21
1.85364
  0
LINE
  8
0
 10
1.66158
 20
1.85364
 11
1.66
 21
1.85663
  0
LINE
  8
0
 10
1.66
 20
1.85663
 11
1.65857
 21
1.85968
  0
LINE
  8
0
 10
1.65857
 20
1.85968
 11
1.65726
 21
1.86281
  0
LINE
  8
0
 10
1.65726
 20
1.86281
 11
1.65608
 21
1.86597
  0
LINE
  8
0
 10
1.65608
 20
1.86597
 11
1.65503
 21
1.86919
  0
LINE
  8
0
 10
1.65503
 20
1.86919
 11
1.65413
 21
1.87244
  0
LINE
  8
0
 10
1.65413
 20
1.87244
 11
1.65335
 21
1.87573
  0
LINE
  8
0
 10
1.65335
 20
1.87573
 11
1.65271
 21
1.87906
  0
LINE
  8
0
 10
1.65271
 20
1.87906
 11
1.65222
 21
1.8824
  0
LINE
  8
0
 10
1.65222
 20
1.8824
 11
1.65187
 21
1.88576
  0
LINE
  8
0
 10
1.65187
 20
1.88576
 11
1.65166
 21
1.88913
  0
LINE
  8
0
 10
1.65166
 20
1.88913
 11
1.65158
 21
1.89252
  0
LINE
  8
0
 10
1.65158
 20
1.89252
 11
1.65166
 21
1.89589
  0
LINE
  8
0
 10
1.65166
 20
1.89589
 11
1.65187
 21
1.89926
  0
LINE
  8
0
 10
1.65187
 20
1.89926
 11
1.65222
 21
1.90263
  0
LINE
  8
0
 10
1.65222
 20
1.90263
 11
1.65271
 21
1.90598
  0
LINE
  8
0
 10
1.65271
 20
1.90598
 11
1.65335
 21
1.90929
  0
LINE
  8
0
 10
1.65335
 20
1.90929
 11
1.65413
 21
1.91258
  0
LINE
  8
0
 10
1.65413
 20
1.91258
 11
1.65503
 21
1.91583
  0
LINE
  8
0
 10
1.65503
 20
1.91583
 11
1.65608
 21
1.91905
  0
LINE
  8
0
 10
1.65608
 20
1.91905
 11
1.65726
 21
1.92223
  0
LINE
  8
0
 10
1.65726
 20
1.92223
 11
1.65857
 21
1.92534
  0
LINE
  8
0
 10
1.65857
 20
1.92534
 11
1.66
 21
1.92839
  0
LINE
  8
0
 10
1.66
 20
1.92839
 11
1.66158
 21
1.9314
  0
LINE
  8
0
 10
1.66158
 20
1.9314
 11
1.66325
 21
1.93433
  0
LINE
  8
0
 10
1.66325
 20
1.93433
 11
1.66507
 21
1.93718
  0
LINE
  8
0
 10
1.66507
 20
1.93718
 11
1.66701
 21
1.93996
  0
LINE
  8
0
 10
1.66701
 20
1.93996
 11
1.66904
 21
1.94264
  0
LINE
  8
0
 10
1.66904
 20
1.94264
 11
1.6712
 21
1.94525
  0
LINE
  8
0
 10
1.6712
 20
1.94525
 11
1.67346
 21
1.94775
  0
LINE
  8
0
 10
1.67346
 20
1.94775
 11
1.67583
 21
1.95018
  0
LINE
  8
0
 10
1.67583
 20
1.95018
 11
1.67828
 21
1.95248
  0
LINE
  8
0
 10
1.67828
 20
1.95248
 11
1.68085
 21
1.9547
  0
LINE
  8
0
 10
1.68085
 20
1.9547
 11
1.6835
 21
1.9568
  0
LINE
  8
0
 10
1.6835
 20
1.9568
 11
1.68623
 21
1.95879
  0
LINE
  8
0
 10
1.68623
 20
1.95879
 11
1.68906
 21
1.96066
  0
LINE
  8
0
 10
1.68906
 20
1.96066
 11
1.69194
 21
1.9624
  0
LINE
  8
0
 10
1.69194
 20
1.9624
 11
1.6949
 21
1.96404
  0
LINE
  8
0
 10
1.6949
 20
1.96404
 11
1.69794
 21
1.96555
  0
LINE
  8
0
 10
1.69794
 20
1.96555
 11
1.70102
 21
1.96692
  0
LINE
  8
0
 10
1.70102
 20
1.96692
 11
1.70416
 21
1.96815
  0
LINE
  8
0
 10
1.70416
 20
1.96815
 11
1.70735
 21
1.96927
  0
LINE
  8
0
 10
1.70735
 20
1.96927
 11
1.71059
 21
1.97025
  0
LINE
  8
0
 10
1.71059
 20
1.97025
 11
1.71387
 21
1.97108
  0
LINE
  8
0
 10
1.71387
 20
1.97108
 11
1.71718
 21
1.97179
  0
LINE
  8
0
 10
1.71718
 20
1.97179
 11
1.7205
 21
1.97235
  0
LINE
  8
0
 10
1.7205
 20
1.97235
 11
1.72386
 21
1.97278
  0
LINE
  8
0
 10
1.72386
 20
1.97278
 11
1.72723
 21
1.97307
  0
LINE
  8
0
 10
1.72723
 20
1.97307
 11
1.73061
 21
1.97321
  0
LINE
  8
0
 10
1.73061
 20
1.97321
 11
1.73398
 21
1.97321
  0
LINE
  8
0
 10
1.73398
 20
1.97321
 11
1.73737
 21
1.97307
  0
LINE
  8
0
 10
1.73737
 20
1.97307
 11
1.74074
 21
1.97278
  0
LINE
  8
0
 10
1.74074
 20
1.97278
 11
1.74408
 21
1.97235
  0
LINE
  8
0
 10
1.74408
 20
1.97235
 11
1.74742
 21
1.97179
  0
LINE
  8
0
 10
1.74742
 20
1.97179
 11
1.75072
 21
1.97108
  0
LINE
  8
0
 10
1.75072
 20
1.97108
 11
1.754
 21
1.97025
  0
LINE
  8
0
 10
1.754
 20
1.97025
 11
1.75723
 21
1.96927
  0
LINE
  8
0
 10
1.75723
 20
1.96927
 11
1.76042
 21
1.96815
  0
LINE
  8
0
 10
1.76042
 20
1.96815
 11
1.76357
 21
1.96692
  0
LINE
  8
0
 10
1.76357
 20
1.96692
 11
1.76666
 21
1.96555
  0
LINE
  8
0
 10
1.76666
 20
1.96555
 11
1.76968
 21
1.96404
  0
LINE
  8
0
 10
1.76968
 20
1.96404
 11
1.77264
 21
1.9624
  0
LINE
  8
0
 10
1.77264
 20
1.9624
 11
1.77554
 21
1.96066
  0
LINE
  8
0
 10
1.77554
 20
1.96066
 11
1.77835
 21
1.95879
  0
LINE
  8
0
 10
1.77835
 20
1.95879
 11
1.7811
 21
1.9568
  0
LINE
  8
0
 10
1.7811
 20
1.9568
 11
1.78374
 21
1.9547
  0
LINE
  8
0
 10
1.78374
 20
1.9547
 11
1.7863
 21
1.95248
  0
LINE
  8
0
 10
1.7863
 20
1.95248
 11
1.78876
 21
1.95018
  0
LINE
  8
0
 10
1.78876
 20
1.95018
 11
1.79112
 21
1.94775
  0
LINE
  8
0
 10
1.79112
 20
1.94775
 11
1.7934
 21
1.94525
  0
LINE
  8
0
 10
1.7934
 20
1.94525
 11
1.79555
 21
1.94264
  0
LINE
  8
0
 10
1.79555
 20
1.94264
 11
1.79759
 21
1.93996
  0
LINE
  8
0
 10
1.79759
 20
1.93996
 11
1.79951
 21
1.93718
  0
LINE
  8
0
 10
1.79951
 20
1.93718
 11
1.80133
 21
1.93433
  0
LINE
  8
0
 10
1.80133
 20
1.93433
 11
1.80302
 21
1.9314
  0
LINE
  8
0
 10
1.80302
 20
1.9314
 11
1.80458
 21
1.92839
  0
LINE
  8
0
 10
1.80458
 20
1.92839
 11
1.80603
 21
1.92534
  0
LINE
  8
0
 10
1.80603
 20
1.92534
 11
1.80734
 21
1.92223
  0
LINE
  8
0
 10
1.80734
 20
1.92223
 11
1.80852
 21
1.91905
  0
LINE
  8
0
 10
1.80852
 20
1.91905
 11
1.80956
 21
1.91583
  0
LINE
  8
0
 10
1.80956
 20
1.91583
 11
1.81047
 21
1.91258
  0
LINE
  8
0
 10
1.81047
 20
1.91258
 11
1.81123
 21
1.90929
  0
LINE
  8
0
 10
1.81123
 20
1.90929
 11
1.81187
 21
1.90598
  0
LINE
  8
0
 10
1.81187
 20
1.90598
 11
1.81236
 21
1.90263
  0
LINE
  8
0
 10
1.81236
 20
1.90263
 11
1.81271
 21
1.89926
  0
LINE
  8
0
 10
1.81271
 20
1.89926
 11
1.81293
 21
1.89589
  0
LINE
  8
0
 10
1.81293
 20
1.89589
 11
1.813
 21
1.89252
  0
LINE
  8
0
 10
1.813
 20
1.89252
 11
1.81293
 21
1.88913
  0
LINE
  8
0
 10
1.81293
 20
1.88913
 11
1.81271
 21
1.88576
  0
LINE
  8
0
 10
1.81271
 20
1.88576
 11
1.81236
 21
1.8824
  0
LINE
  8
0
 10
1.81236
 20
1.8824
 11
1.81187
 21
1.87906
  0
LINE
  8
0
 10
1.81187
 20
1.87906
 11
1.81123
 21
1.87573
  0
LINE
  8
0
 10
1.81123
 20
1.87573
 11
1.81047
 21
1.87244
  0
LINE
  8
0
 10
1.81047
 20
1.87244
 11
1.80956
 21
1.86919
  0
LINE
  8
0
 10
1.80956
 20
1.86919
 11
1.80852
 21
1.86597
  0
LINE
  8
0
 10
1.80852
 20
1.86597
 11
1.80734
 21
1.86281
  0
LINE
  8
0
 10
1.80734
 20
1.86281
 11
1.80603
 21
1.85968
  0
LINE
  8
0
 10
1.80603
 20
1.85968
 11
1.80458
 21
1.85663
  0
LINE
  8
0
 10
1.80458
 20
1.85663
 11
1.80302
 21
1.85364
  0
LINE
  8
0
 10
1.80302
 20
1.85364
 11
1.80133
 21
1.85071
  0
LINE
  8
0
 10
1.80133
 20
1.85071
 11
1.79951
 21
1.84785
  0
LINE
  8
0
 10
1.79951
 20
1.84785
 11
1.79759
 21
1.84508
  0
LINE
  8
0
 10
1.79759
 20
1.84508
 11
1.79555
 21
1.84238
  0
LINE
  8
0
 10
1.79555
 20
1.84238
 11
1.7934
 21
1.83978
  0
LINE
  8
0
 10
1.7934
 20
1.83978
 11
1.79112
 21
1.83727
  0
LINE
  8
0
 10
1.79112
 20
1.83727
 11
1.78876
 21
1.83485
  0
LINE
  8
0
 10
1.78876
 20
1.83485
 11
1.7863
 21
1.83253
  0
LINE
  8
0
 10
1.7863
 20
1.83253
 11
1.78374
 21
1.83032
  0
LINE
  8
0
 10
1.78374
 20
1.83032
 11
1.7811
 21
1.82823
  0
LINE
  8
0
 10
1.7811
 20
1.82823
 11
1.77835
 21
1.82623
  0
LINE
  8
0
 10
1.77835
 20
1.82623
 11
1.77554
 21
1.82437
  0
LINE
  8
0
 10
1.77554
 20
1.82437
 11
1.77264
 21
1.82262
  0
LINE
  8
0
 10
1.77264
 20
1.82262
 11
1.76968
 21
1.82098
  0
LINE
  8
0
 10
1.76968
 20
1.82098
 11
1.76666
 21
1.81949
  0
LINE
  8
0
 10
1.76666
 20
1.81949
 11
1.76357
 21
1.81812
  0
LINE
  8
0
 10
1.76357
 20
1.81812
 11
1.76042
 21
1.81686
  0
LINE
  8
0
 10
1.76042
 20
1.81686
 11
1.75723
 21
1.81575
  0
LINE
  8
0
 10
1.75723
 20
1.81575
 11
1.754
 21
1.81477
  0
LINE
  8
0
 10
1.754
 20
1.81477
 11
1.75072
 21
1.81393
  0
LINE
  8
0
 10
1.75072
 20
1.81393
 11
1.74742
 21
1.81323
  0
LINE
  8
0
 10
1.74742
 20
1.81323
 11
1.74408
 21
1.81267
  0
LINE
  8
0
 10
1.74408
 20
1.81267
 11
1.74074
 21
1.81224
  0
LINE
  8
0
 10
1.74074
 20
1.81224
 11
1.73737
 21
1.81197
  0
LINE
  8
0
 10
1.73737
 20
1.81197
 11
1.73398
 21
1.81183
  0
LINE
  8
0
 10
1.73398
 20
1.81183
 11
1.73061
 21
1.81183
  0
LINE
  8
0
 10
-3.30875
 20
1.81183
 11
-3.31213
 21
1.81197
  0
LINE
  8
0
 10
-3.31213
 20
1.81197
 11
-3.31549
 21
1.81224
  0
LINE
  8
0
 10
-3.31549
 20
1.81224
 11
-3.31885
 21
1.81267
  0
LINE
  8
0
 10
-3.31885
 20
1.81267
 11
-3.32219
 21
1.81323
  0
LINE
  8
0
 10
-3.32219
 20
1.81323
 11
-3.32549
 21
1.81393
  0
LINE
  8
0
 10
-3.32549
 20
1.81393
 11
-3.32877
 21
1.81477
  0
LINE
  8
0
 10
-3.32877
 20
1.81477
 11
-3.332
 21
1.81575
  0
LINE
  8
0
 10
-3.332
 20
1.81575
 11
-3.33519
 21
1.81686
  0
LINE
  8
0
 10
-3.33519
 20
1.81686
 11
-3.33833
 21
1.81812
  0
LINE
  8
0
 10
-3.33833
 20
1.81812
 11
-3.34143
 21
1.81949
  0
LINE
  8
0
 10
-3.34143
 20
1.81949
 11
-3.34445
 21
1.82098
  0
LINE
  8
0
 10
-3.34445
 20
1.82098
 11
-3.34741
 21
1.82262
  0
LINE
  8
0
 10
-3.34741
 20
1.82262
 11
-3.35031
 21
1.82437
  0
LINE
  8
0
 10
-3.35031
 20
1.82437
 11
-3.35312
 21
1.82623
  0
LINE
  8
0
 10
-3.35312
 20
1.82623
 11
-3.35585
 21
1.82823
  0
LINE
  8
0
 10
-3.35585
 20
1.82823
 11
-3.35851
 21
1.83032
  0
LINE
  8
0
 10
-3.35851
 20
1.83032
 11
-3.36107
 21
1.83253
  0
LINE
  8
0
 10
-3.36107
 20
1.83253
 11
-3.36353
 21
1.83485
  0
LINE
  8
0
 10
-3.36353
 20
1.83485
 11
-3.36589
 21
1.83727
  0
LINE
  8
0
 10
-3.36589
 20
1.83727
 11
-3.36815
 21
1.83978
  0
LINE
  8
0
 10
-3.36815
 20
1.83978
 11
-3.37032
 21
1.84238
  0
LINE
  8
0
 10
-3.37032
 20
1.84238
 11
-3.37236
 21
1.84508
  0
LINE
  8
0
 10
-3.37236
 20
1.84508
 11
-3.37428
 21
1.84785
  0
LINE
  8
0
 10
-3.37428
 20
1.84785
 11
-3.3761
 21
1.85071
  0
LINE
  8
0
 10
-3.3761
 20
1.85071
 11
-3.37779
 21
1.85364
  0
LINE
  8
0
 10
-3.37779
 20
1.85364
 11
-3.37935
 21
1.85663
  0
LINE
  8
0
 10
-3.37935
 20
1.85663
 11
-3.3808
 21
1.85968
  0
LINE
  8
0
 10
-3.3808
 20
1.85968
 11
-3.3821
 21
1.86281
  0
LINE
  8
0
 10
-3.3821
 20
1.86281
 11
-3.38329
 21
1.86597
  0
LINE
  8
0
 10
-3.38329
 20
1.86597
 11
-3.38432
 21
1.86919
  0
LINE
  8
0
 10
-3.38432
 20
1.86919
 11
-3.38524
 21
1.87244
  0
LINE
  8
0
 10
-3.38524
 20
1.87244
 11
-3.386
 21
1.87573
  0
LINE
  8
0
 10
-3.386
 20
1.87573
 11
-3.38664
 21
1.87906
  0
LINE
  8
0
 10
-3.38664
 20
1.87906
 11
-3.38713
 21
1.8824
  0
LINE
  8
0
 10
-3.38713
 20
1.8824
 11
-3.38748
 21
1.88576
  0
LINE
  8
0
 10
-3.38748
 20
1.88576
 11
-3.3877
 21
1.88913
  0
LINE
  8
0
 10
-3.3877
 20
1.88913
 11
-3.38777
 21
1.89252
  0
LINE
  8
0
 10
-3.38777
 20
1.89252
 11
-3.3877
 21
1.89589
  0
LINE
  8
0
 10
-3.3877
 20
1.89589
 11
-3.38748
 21
1.89926
  0
LINE
  8
0
 10
-3.38748
 20
1.89926
 11
-3.38713
 21
1.90263
  0
LINE
  8
0
 10
-3.38713
 20
1.90263
 11
-3.38664
 21
1.90598
  0
LINE
  8
0
 10
-3.38664
 20
1.90598
 11
-3.386
 21
1.90929
  0
LINE
  8
0
 10
-3.386
 20
1.90929
 11
-3.38524
 21
1.91258
  0
LINE
  8
0
 10
-3.38524
 20
1.91258
 11
-3.38432
 21
1.91583
  0
LINE
  8
0
 10
-3.38432
 20
1.91583
 11
-3.38329
 21
1.91905
  0
LINE
  8
0
 10
-3.38329
 20
1.91905
 11
-3.3821
 21
1.92223
  0
LINE
  8
0
 10
-3.3821
 20
1.92223
 11
-3.3808
 21
1.92534
  0
LINE
  8
0
 10
-3.3808
 20
1.92534
 11
-3.37935
 21
1.92839
  0
LINE
  8
0
 10
-3.37935
 20
1.92839
 11
-3.37779
 21
1.9314
  0
LINE
  8
0
 10
-3.37779
 20
1.9314
 11
-3.3761
 21
1.93433
  0
LINE
  8
0
 10
-3.3761
 20
1.93433
 11
-3.37428
 21
1.93718
  0
LINE
  8
0
 10
-3.37428
 20
1.93718
 11
-3.37236
 21
1.93996
  0
LINE
  8
0
 10
-3.37236
 20
1.93996
 11
-3.37032
 21
1.94264
  0
LINE
  8
0
 10
-3.37032
 20
1.94264
 11
-3.36815
 21
1.94525
  0
LINE
  8
0
 10
-3.36815
 20
1.94525
 11
-3.36589
 21
1.94775
  0
LINE
  8
0
 10
-3.36589
 20
1.94775
 11
-3.36353
 21
1.95018
  0
LINE
  8
0
 10
-3.36353
 20
1.95018
 11
-3.36107
 21
1.95248
  0
LINE
  8
0
 10
-3.36107
 20
1.95248
 11
-3.35851
 21
1.9547
  0
LINE
  8
0
 10
-3.35851
 20
1.9547
 11
-3.35585
 21
1.9568
  0
LINE
  8
0
 10
-3.35585
 20
1.9568
 11
-3.35312
 21
1.95879
  0
LINE
  8
0
 10
-3.35312
 20
1.95879
 11
-3.35031
 21
1.96066
  0
LINE
  8
0
 10
-3.35031
 20
1.96066
 11
-3.34741
 21
1.9624
  0
LINE
  8
0
 10
-3.34741
 20
1.9624
 11
-3.34445
 21
1.96404
  0
LINE
  8
0
 10
-3.34445
 20
1.96404
 11
-3.34143
 21
1.96555
  0
LINE
  8
0
 10
-3.34143
 20
1.96555
 11
-3.33833
 21
1.96692
  0
LINE
  8
0
 10
-3.33833
 20
1.96692
 11
-3.33519
 21
1.96815
  0
LINE
  8
0
 10
-3.33519
 20
1.96815
 11
-3.332
 21
1.96927
  0
LINE
  8
0
 10
-3.332
 20
1.96927
 11
-3.32877
 21
1.97025
  0
LINE
  8
0
 10
-3.32877
 20
1.97025
 11
-3.32549
 21
1.97108
  0
LINE
  8
0
 10
-3.32549
 20
1.97108
 11
-3.32219
 21
1.97179
  0
LINE
  8
0
 10
-3.32219
 20
1.97179
 11
-3.31885
 21
1.97235
  0
LINE
  8
0
 10
-3.31885
 20
1.97235
 11
-3.31549
 21
1.97278
  0
LINE
  8
0
 10
-3.31549
 20
1.97278
 11
-3.31213
 21
1.97307
  0
LINE
  8
0
 10
-3.31213
 20
1.97307
 11
-3.30875
 21
1.97321
  0
LINE
  8
0
 10
-3.30875
 20
1.97321
 11
-3.30537
 21
1.97321
  0
LINE
  8
0
 10
-3.30537
 20
1.97321
 11
-3.30199
 21
1.97307
  0
LINE
  8
0
 10
-3.30199
 20
1.97307
 11
-3.29863
 21
1.97278
  0
LINE
  8
0
 10
-3.29863
 20
1.97278
 11
-3.29527
 21
1.97235
  0
LINE
  8
0
 10
-3.29527
 20
1.97235
 11
-3.29193
 21
1.97179
  0
LINE
  8
0
 10
-3.29193
 20
1.97179
 11
-3.28864
 21
1.97108
  0
LINE
  8
0
 10
-3.28864
 20
1.97108
 11
-3.28535
 21
1.97025
  0
LINE
  8
0
 10
-3.28535
 20
1.97025
 11
-3.28212
 21
1.96927
  0
LINE
  8
0
 10
-3.28212
 20
1.96927
 11
-3.27893
 21
1.96815
  0
LINE
  8
0
 10
-3.27893
 20
1.96815
 11
-3.27579
 21
1.96692
  0
LINE
  8
0
 10
-3.27579
 20
1.96692
 11
-3.27269
 21
1.96555
  0
LINE
  8
0
 10
-3.27269
 20
1.96555
 11
-3.26967
 21
1.96404
  0
LINE
  8
0
 10
-3.26967
 20
1.96404
 11
-3.26671
 21
1.9624
  0
LINE
  8
0
 10
-3.26671
 20
1.9624
 11
-3.26381
 21
1.96066
  0
LINE
  8
0
 10
-3.26381
 20
1.96066
 11
-3.261
 21
1.95879
  0
LINE
  8
0
 10
-3.261
 20
1.95879
 11
-3.25827
 21
1.9568
  0
LINE
  8
0
 10
-3.25827
 20
1.9568
 11
-3.25562
 21
1.9547
  0
LINE
  8
0
 10
-3.25562
 20
1.9547
 11
-3.25305
 21
1.95248
  0
LINE
  8
0
 10
-3.25305
 20
1.95248
 11
-3.2506
 21
1.95018
  0
LINE
  8
0
 10
-3.2506
 20
1.95018
 11
-3.24823
 21
1.94775
  0
LINE
  8
0
 10
-3.24823
 20
1.94775
 11
-3.24596
 21
1.94525
  0
LINE
  8
0
 10
-3.24596
 20
1.94525
 11
-3.2438
 21
1.94264
  0
LINE
  8
0
 10
-3.2438
 20
1.94264
 11
-3.24176
 21
1.93996
  0
LINE
  8
0
 10
-3.24176
 20
1.93996
 11
-3.23984
 21
1.93718
  0
LINE
  8
0
 10
-3.23984
 20
1.93718
 11
-3.23802
 21
1.93433
  0
LINE
  8
0
 10
-3.23802
 20
1.93433
 11
-3.23633
 21
1.9314
  0
LINE
  8
0
 10
-3.23633
 20
1.9314
 11
-3.23477
 21
1.92839
  0
LINE
  8
0
 10
-3.23477
 20
1.92839
 11
-3.23332
 21
1.92534
  0
LINE
  8
0
 10
-3.23332
 20
1.92534
 11
-3.23203
 21
1.92223
  0
LINE
  8
0
 10
-3.23203
 20
1.92223
 11
-3.23083
 21
1.91905
  0
LINE
  8
0
 10
-3.23083
 20
1.91905
 11
-3.2298
 21
1.91583
  0
LINE
  8
0
 10
-3.2298
 20
1.91583
 11
-3.22888
 21
1.91258
  0
LINE
  8
0
 10
-3.22888
 20
1.91258
 11
-3.22812
 21
1.90929
  0
LINE
  8
0
 10
-3.22812
 20
1.90929
 11
-3.22748
 21
1.90598
  0
LINE
  8
0
 10
-3.22748
 20
1.90598
 11
-3.22699
 21
1.90263
  0
LINE
  8
0
 10
-3.22699
 20
1.90263
 11
-3.22664
 21
1.89926
  0
LINE
  8
0
 10
-3.22664
 20
1.89926
 11
-3.22643
 21
1.89589
  0
LINE
  8
0
 10
-3.22643
 20
1.89589
 11
-3.22635
 21
1.89252
  0
LINE
  8
0
 10
-3.22635
 20
1.89252
 11
-3.22643
 21
1.88913
  0
LINE
  8
0
 10
-3.22643
 20
1.88913
 11
-3.22664
 21
1.88576
  0
LINE
  8
0
 10
-3.22664
 20
1.88576
 11
-3.22699
 21
1.8824
  0
LINE
  8
0
 10
-3.22699
 20
1.8824
 11
-3.22748
 21
1.87906
  0
LINE
  8
0
 10
-3.22748
 20
1.87906
 11
-3.22812
 21
1.87573
  0
LINE
  8
0
 10
-3.22812
 20
1.87573
 11
-3.22888
 21
1.87244
  0
LINE
  8
0
 10
-3.22888
 20
1.87244
 11
-3.2298
 21
1.86919
  0
LINE
  8
0
 10
-3.2298
 20
1.86919
 11
-3.23083
 21
1.86597
  0
LINE
  8
0
 10
-3.23083
 20
1.86597
 11
-3.23203
 21
1.86281
  0
LINE
  8
0
 10
-3.23203
 20
1.86281
 11
-3.23332
 21
1.85968
  0
LINE
  8
0
 10
-3.23332
 20
1.85968
 11
-3.23477
 21
1.85663
  0
LINE
  8
0
 10
-3.23477
 20
1.85663
 11
-3.23633
 21
1.85364
  0
LINE
  8
0
 10
-3.23633
 20
1.85364
 11
-3.23802
 21
1.85071
  0
LINE
  8
0
 10
-3.23802
 20
1.85071
 11
-3.23984
 21
1.84785
  0
LINE
  8
0
 10
-3.23984
 20
1.84785
 11
-3.24176
 21
1.84508
  0
LINE
  8
0
 10
-3.24176
 20
1.84508
 11
-3.2438
 21
1.84238
  0
LINE
  8
0
 10
-3.2438
 20
1.84238
 11
-3.24596
 21
1.83978
  0
LINE
  8
0
 10
-3.24596
 20
1.83978
 11
-3.24823
 21
1.83727
  0
LINE
  8
0
 10
-3.24823
 20
1.83727
 11
-3.2506
 21
1.83485
  0
LINE
  8
0
 10
-3.2506
 20
1.83485
 11
-3.25305
 21
1.83253
  0
LINE
  8
0
 10
-3.25305
 20
1.83253
 11
-3.25562
 21
1.83032
  0
LINE
  8
0
 10
-3.25562
 20
1.83032
 11
-3.25827
 21
1.82823
  0
LINE
  8
0
 10
-3.25827
 20
1.82823
 11
-3.261
 21
1.82623
  0
LINE
  8
0
 10
-3.261
 20
1.82623
 11
-3.26381
 21
1.82437
  0
LINE
  8
0
 10
-3.26381
 20
1.82437
 11
-3.26671
 21
1.82262
  0
LINE
  8
0
 10
-3.26671
 20
1.82262
 11
-3.26967
 21
1.82098
  0
LINE
  8
0
 10
-3.26967
 20
1.82098
 11
-3.27269
 21
1.81949
  0
LINE
  8
0
 10
-3.27269
 20
1.81949
 11
-3.27579
 21
1.81812
  0
LINE
  8
0
 10
-3.27579
 20
1.81812
 11
-3.27893
 21
1.81686
  0
LINE
  8
0
 10
-3.27893
 20
1.81686
 11
-3.28212
 21
1.81575
  0
LINE
  8
0
 10
-3.28212
 20
1.81575
 11
-3.28535
 21
1.81477
  0
LINE
  8
0
 10
-3.28535
 20
1.81477
 11
-3.28864
 21
1.81393
  0
LINE
  8
0
 10
-3.28864
 20
1.81393
 11
-3.29193
 21
1.81323
  0
LINE
  8
0
 10
-3.29193
 20
1.81323
 11
-3.29527
 21
1.81267
  0
LINE
  8
0
 10
-3.29527
 20
1.81267
 11
-3.29863
 21
1.81224
  0
LINE
  8
0
 10
-3.29863
 20
1.81224
 11
-3.30199
 21
1.81197
  0
LINE
  8
0
 10
-3.30199
 20
1.81197
 11
-3.30537
 21
1.81183
  0
LINE
  8
0
 10
-3.30537
 20
1.81183
 11
-3.30875
 21
1.81183
  0
LINE
  8
0
 10
-2.67883
 20
1.81183
 11
-2.68221
 21
1.81197
  0
LINE
  8
0
 10
-2.68221
 20
1.81197
 11
-2.68558
 21
1.81224
  0
LINE
  8
0
 10
-2.68558
 20
1.81224
 11
-2.68893
 21
1.81267
  0
LINE
  8
0
 10
-2.68893
 20
1.81267
 11
-2.69226
 21
1.81323
  0
LINE
  8
0
 10
-2.69226
 20
1.81323
 11
-2.69557
 21
1.81393
  0
LINE
  8
0
 10
-2.69557
 20
1.81393
 11
-2.69884
 21
1.81477
  0
LINE
  8
0
 10
-2.69884
 20
1.81477
 11
-2.70207
 21
1.81575
  0
LINE
  8
0
 10
-2.70207
 20
1.81575
 11
-2.70528
 21
1.81686
  0
LINE
  8
0
 10
-2.70528
 20
1.81686
 11
-2.70842
 21
1.81812
  0
LINE
  8
0
 10
-2.70842
 20
1.81812
 11
-2.7115
 21
1.81949
  0
LINE
  8
0
 10
-2.7115
 20
1.81949
 11
-2.71452
 21
1.82098
  0
LINE
  8
0
 10
-2.71452
 20
1.82098
 11
-2.7175
 21
1.82262
  0
LINE
  8
0
 10
-2.7175
 20
1.82262
 11
-2.72038
 21
1.82437
  0
LINE
  8
0
 10
-2.72038
 20
1.82437
 11
-2.72321
 21
1.82623
  0
LINE
  8
0
 10
-2.72321
 20
1.82623
 11
-2.72594
 21
1.82823
  0
LINE
  8
0
 10
-2.72594
 20
1.82823
 11
-2.72859
 21
1.83032
  0
LINE
  8
0
 10
-2.72859
 20
1.83032
 11
-2.73114
 21
1.83253
  0
LINE
  8
0
 10
-2.73114
 20
1.83253
 11
-2.73361
 21
1.83485
  0
LINE
  8
0
 10
-2.73361
 20
1.83485
 11
-2.73598
 21
1.83727
  0
LINE
  8
0
 10
-2.73598
 20
1.83727
 11
-2.73824
 21
1.83978
  0
LINE
  8
0
 10
-2.73824
 20
1.83978
 11
-2.74039
 21
1.84238
  0
LINE
  8
0
 10
-2.74039
 20
1.84238
 11
-2.74243
 21
1.84508
  0
LINE
  8
0
 10
-2.74243
 20
1.84508
 11
-2.74437
 21
1.84785
  0
LINE
  8
0
 10
-2.74437
 20
1.84785
 11
-2.74617
 21
1.85071
  0
LINE
  8
0
 10
-2.74617
 20
1.85071
 11
-2.74786
 21
1.85364
  0
LINE
  8
0
 10
-2.74786
 20
1.85364
 11
-2.74944
 21
1.85663
  0
LINE
  8
0
 10
-2.74944
 20
1.85663
 11
-2.75087
 21
1.85968
  0
LINE
  8
0
 10
-2.75087
 20
1.85968
 11
-2.75218
 21
1.86281
  0
LINE
  8
0
 10
-2.75218
 20
1.86281
 11
-2.75336
 21
1.86597
  0
LINE
  8
0
 10
-2.75336
 20
1.86597
 11
-2.75441
 21
1.86919
  0
LINE
  8
0
 10
-2.75441
 20
1.86919
 11
-2.75531
 21
1.87244
  0
LINE
  8
0
 10
-2.75531
 20
1.87244
 11
-2.75609
 21
1.87573
  0
LINE
  8
0
 10
-2.75609
 20
1.87573
 11
-2.75671
 21
1.87906
  0
LINE
  8
0
 10
-2.75671
 20
1.87906
 11
-2.75722
 21
1.8824
  0
LINE
  8
0
 10
-2.75722
 20
1.8824
 11
-2.75757
 21
1.88576
  0
LINE
  8
0
 10
-2.75757
 20
1.88576
 11
-2.75778
 21
1.88913
  0
LINE
  8
0
 10
-2.75778
 20
1.88913
 11
-2.75784
 21
1.89252
  0
LINE
  8
0
 10
-2.75784
 20
1.89252
 11
-2.75778
 21
1.89589
  0
LINE
  8
0
 10
-2.75778
 20
1.89589
 11
-2.75757
 21
1.89926
  0
LINE
  8
0
 10
-2.75757
 20
1.89926
 11
-2.75722
 21
1.90263
  0
LINE
  8
0
 10
-2.75722
 20
1.90263
 11
-2.75671
 21
1.90598
  0
LINE
  8
0
 10
-2.75671
 20
1.90598
 11
-2.75609
 21
1.90929
  0
LINE
  8
0
 10
-2.75609
 20
1.90929
 11
-2.75531
 21
1.91258
  0
LINE
  8
0
 10
-2.75531
 20
1.91258
 11
-2.75441
 21
1.91583
  0
LINE
  8
0
 10
-2.75441
 20
1.91583
 11
-2.75336
 21
1.91905
  0
LINE
  8
0
 10
-2.75336
 20
1.91905
 11
-2.75218
 21
1.92223
  0
LINE
  8
0
 10
-2.75218
 20
1.92223
 11
-2.75087
 21
1.92534
  0
LINE
  8
0
 10
-2.75087
 20
1.92534
 11
-2.74944
 21
1.92839
  0
LINE
  8
0
 10
-2.74944
 20
1.92839
 11
-2.74786
 21
1.9314
  0
LINE
  8
0
 10
-2.74786
 20
1.9314
 11
-2.74617
 21
1.93433
  0
LINE
  8
0
 10
-2.74617
 20
1.93433
 11
-2.74437
 21
1.93718
  0
LINE
  8
0
 10
-2.74437
 20
1.93718
 11
-2.74243
 21
1.93996
  0
LINE
  8
0
 10
-2.74243
 20
1.93996
 11
-2.74039
 21
1.94264
  0
LINE
  8
0
 10
-2.74039
 20
1.94264
 11
-2.73824
 21
1.94525
  0
LINE
  8
0
 10
-2.73824
 20
1.94525
 11
-2.73598
 21
1.94775
  0
LINE
  8
0
 10
-2.73598
 20
1.94775
 11
-2.73361
 21
1.95018
  0
LINE
  8
0
 10
-2.73361
 20
1.95018
 11
-2.73114
 21
1.95248
  0
LINE
  8
0
 10
-2.73114
 20
1.95248
 11
-2.72859
 21
1.9547
  0
LINE
  8
0
 10
-2.72859
 20
1.9547
 11
-2.72594
 21
1.9568
  0
LINE
  8
0
 10
-2.72594
 20
1.9568
 11
-2.72321
 21
1.95879
  0
LINE
  8
0
 10
-2.72321
 20
1.95879
 11
-2.72038
 21
1.96066
  0
LINE
  8
0
 10
-2.72038
 20
1.96066
 11
-2.7175
 21
1.9624
  0
LINE
  8
0
 10
-2.7175
 20
1.9624
 11
-2.71452
 21
1.96404
  0
LINE
  8
0
 10
-2.71452
 20
1.96404
 11
-2.7115
 21
1.96555
  0
LINE
  8
0
 10
-2.7115
 20
1.96555
 11
-2.70842
 21
1.96692
  0
LINE
  8
0
 10
-2.70842
 20
1.96692
 11
-2.70528
 21
1.96815
  0
LINE
  8
0
 10
-2.70528
 20
1.96815
 11
-2.70207
 21
1.96927
  0
LINE
  8
0
 10
-2.70207
 20
1.96927
 11
-2.69884
 21
1.97025
  0
LINE
  8
0
 10
-2.69884
 20
1.97025
 11
-2.69557
 21
1.97108
  0
LINE
  8
0
 10
-2.69557
 20
1.97108
 11
-2.69226
 21
1.97179
  0
LINE
  8
0
 10
-2.69226
 20
1.97179
 11
-2.68893
 21
1.97235
  0
LINE
  8
0
 10
-2.68893
 20
1.97235
 11
-2.68558
 21
1.97278
  0
LINE
  8
0
 10
-2.68558
 20
1.97278
 11
-2.68221
 21
1.97307
  0
LINE
  8
0
 10
-2.68221
 20
1.97307
 11
-2.67883
 21
1.97321
  0
LINE
  8
0
 10
-2.67883
 20
1.97321
 11
-2.67545
 21
1.97321
  0
LINE
  8
0
 10
-2.67545
 20
1.97321
 11
-2.67207
 21
1.97307
  0
LINE
  8
0
 10
-2.67207
 20
1.97307
 11
-2.6687
 21
1.97278
  0
LINE
  8
0
 10
-2.6687
 20
1.97278
 11
-2.66534
 21
1.97235
  0
LINE
  8
0
 10
-2.66534
 20
1.97235
 11
-2.66202
 21
1.97179
  0
LINE
  8
0
 10
-2.66202
 20
1.97179
 11
-2.65871
 21
1.97108
  0
LINE
  8
0
 10
-2.65871
 20
1.97108
 11
-2.65544
 21
1.97025
  0
LINE
  8
0
 10
-2.65544
 20
1.97025
 11
-2.65219
 21
1.96927
  0
LINE
  8
0
 10
-2.65219
 20
1.96927
 11
-2.649
 21
1.96815
  0
LINE
  8
0
 10
-2.649
 20
1.96815
 11
-2.64586
 21
1.96692
  0
LINE
  8
0
 10
-2.64586
 20
1.96692
 11
-2.64278
 21
1.96555
  0
LINE
  8
0
 10
-2.64278
 20
1.96555
 11
-2.63974
 21
1.96404
  0
LINE
  8
0
 10
-2.63974
 20
1.96404
 11
-2.63678
 21
1.9624
  0
LINE
  8
0
 10
-2.63678
 20
1.9624
 11
-2.6339
 21
1.96066
  0
LINE
  8
0
 10
-2.6339
 20
1.96066
 11
-2.63107
 21
1.95879
  0
LINE
  8
0
 10
-2.63107
 20
1.95879
 11
-2.62834
 21
1.9568
  0
LINE
  8
0
 10
-2.62834
 20
1.9568
 11
-2.62569
 21
1.9547
  0
LINE
  8
0
 10
-2.62569
 20
1.9547
 11
-2.62314
 21
1.95248
  0
LINE
  8
0
 10
-2.62314
 20
1.95248
 11
-2.62067
 21
1.95018
  0
LINE
  8
0
 10
-2.62067
 20
1.95018
 11
-2.6183
 21
1.94775
  0
LINE
  8
0
 10
-2.6183
 20
1.94775
 11
-2.61604
 21
1.94525
  0
LINE
  8
0
 10
-2.61604
 20
1.94525
 11
-2.61389
 21
1.94264
  0
LINE
  8
0
 10
-2.61389
 20
1.94264
 11
-2.61185
 21
1.93996
  0
LINE
  8
0
 10
-2.61185
 20
1.93996
 11
-2.60991
 21
1.93718
  0
LINE
  8
0
 10
-2.60991
 20
1.93718
 11
-2.60811
 21
1.93433
  0
LINE
  8
0
 10
-2.60811
 20
1.93433
 11
-2.60641
 21
1.9314
  0
LINE
  8
0
 10
-2.60641
 20
1.9314
 11
-2.60484
 21
1.92839
  0
LINE
  8
0
 10
-2.60484
 20
1.92839
 11
-2.60341
 21
1.92534
  0
LINE
  8
0
 10
-2.60341
 20
1.92534
 11
-2.6021
 21
1.92223
  0
LINE
  8
0
 10
-2.6021
 20
1.92223
 11
-2.60092
 21
1.91905
  0
LINE
  8
0
 10
-2.60092
 20
1.91905
 11
-2.59987
 21
1.91583
  0
LINE
  8
0
 10
-2.59987
 20
1.91583
 11
-2.59897
 21
1.91258
  0
LINE
  8
0
 10
-2.59897
 20
1.91258
 11
-2.59819
 21
1.90929
  0
LINE
  8
0
 10
-2.59819
 20
1.90929
 11
-2.59756
 21
1.90598
  0
LINE
  8
0
 10
-2.59756
 20
1.90598
 11
-2.59706
 21
1.90263
  0
LINE
  8
0
 10
-2.59706
 20
1.90263
 11
-2.59671
 21
1.89926
  0
LINE
  8
0
 10
-2.59671
 20
1.89926
 11
-2.5965
 21
1.89589
  0
LINE
  8
0
 10
-2.5965
 20
1.89589
 11
-2.59644
 21
1.89252
  0
LINE
  8
0
 10
-2.59644
 20
1.89252
 11
-2.5965
 21
1.88913
  0
LINE
  8
0
 10
-2.5965
 20
1.88913
 11
-2.59671
 21
1.88576
  0
LINE
  8
0
 10
-2.59671
 20
1.88576
 11
-2.59706
 21
1.8824
  0
LINE
  8
0
 10
-2.59706
 20
1.8824
 11
-2.59756
 21
1.87906
  0
LINE
  8
0
 10
-2.59756
 20
1.87906
 11
-2.59819
 21
1.87573
  0
LINE
  8
0
 10
-2.59819
 20
1.87573
 11
-2.59897
 21
1.87244
  0
LINE
  8
0
 10
-2.59897
 20
1.87244
 11
-2.59987
 21
1.86919
  0
LINE
  8
0
 10
-2.59987
 20
1.86919
 11
-2.60092
 21
1.86597
  0
LINE
  8
0
 10
-2.60092
 20
1.86597
 11
-2.6021
 21
1.86281
  0
LINE
  8
0
 10
-2.6021
 20
1.86281
 11
-2.60341
 21
1.85968
  0
LINE
  8
0
 10
-2.60341
 20
1.85968
 11
-2.60484
 21
1.85663
  0
LINE
  8
0
 10
-2.60484
 20
1.85663
 11
-2.60641
 21
1.85364
  0
LINE
  8
0
 10
-2.60641
 20
1.85364
 11
-2.60811
 21
1.85071
  0
LINE
  8
0
 10
-2.60811
 20
1.85071
 11
-2.60991
 21
1.84785
  0
LINE
  8
0
 10
-2.60991
 20
1.84785
 11
-2.61185
 21
1.84508
  0
LINE
  8
0
 10
-2.61185
 20
1.84508
 11
-2.61389
 21
1.84238
  0
LINE
  8
0
 10
-2.61389
 20
1.84238
 11
-2.61604
 21
1.83978
  0
LINE
  8
0
 10
-2.61604
 20
1.83978
 11
-2.6183
 21
1.83727
  0
LINE
  8
0
 10
-2.6183
 20
1.83727
 11
-2.62067
 21
1.83485
  0
LINE
  8
0
 10
-2.62067
 20
1.83485
 11
-2.62314
 21
1.83253
  0
LINE
  8
0
 10
-2.62314
 20
1.83253
 11
-2.62569
 21
1.83032
  0
LINE
  8
0
 10
-2.62569
 20
1.83032
 11
-2.62834
 21
1.82823
  0
LINE
  8
0
 10
-2.62834
 20
1.82823
 11
-2.63107
 21
1.82623
  0
LINE
  8
0
 10
-2.63107
 20
1.82623
 11
-2.6339
 21
1.82437
  0
LINE
  8
0
 10
-2.6339
 20
1.82437
 11
-2.63678
 21
1.82262
  0
LINE
  8
0
 10
-2.63678
 20
1.82262
 11
-2.63974
 21
1.82098
  0
LINE
  8
0
 10
-2.63974
 20
1.82098
 11
-2.64278
 21
1.81949
  0
LINE
  8
0
 10
-2.64278
 20
1.81949
 11
-2.64586
 21
1.81812
  0
LINE
  8
0
 10
-2.64586
 20
1.81812
 11
-2.649
 21
1.81686
  0
LINE
  8
0
 10
-2.649
 20
1.81686
 11
-2.65219
 21
1.81575
  0
LINE
  8
0
 10
-2.65219
 20
1.81575
 11
-2.65544
 21
1.81477
  0
LINE
  8
0
 10
-2.65544
 20
1.81477
 11
-2.65871
 21
1.81393
  0
LINE
  8
0
 10
-2.65871
 20
1.81393
 11
-2.66202
 21
1.81323
  0
LINE
  8
0
 10
-2.66202
 20
1.81323
 11
-2.66534
 21
1.81267
  0
LINE
  8
0
 10
-2.66534
 20
1.81267
 11
-2.6687
 21
1.81224
  0
LINE
  8
0
 10
-2.6687
 20
1.81224
 11
-2.67207
 21
1.81197
  0
LINE
  8
0
 10
-2.67207
 20
1.81197
 11
-2.67545
 21
1.81183
  0
LINE
  8
0
 10
-2.67545
 20
1.81183
 11
-2.67883
 21
1.81183
  0
LINE
  8
0
 10
1.10068
 20
1.81183
 11
1.09731
 21
1.81197
  0
LINE
  8
0
 10
1.09731
 20
1.81197
 11
1.09393
 21
1.81224
  0
LINE
  8
0
 10
1.09393
 20
1.81224
 11
1.09058
 21
1.81267
  0
LINE
  8
0
 10
1.09058
 20
1.81267
 11
1.08725
 21
1.81323
  0
LINE
  8
0
 10
1.08725
 20
1.81323
 11
1.08394
 21
1.81393
  0
LINE
  8
0
 10
1.08394
 20
1.81393
 11
1.08067
 21
1.81477
  0
LINE
  8
0
 10
1.08067
 20
1.81477
 11
1.07744
 21
1.81575
  0
LINE
  8
0
 10
1.07744
 20
1.81575
 11
1.07423
 21
1.81686
  0
LINE
  8
0
 10
1.07423
 20
1.81686
 11
1.07109
 21
1.81812
  0
LINE
  8
0
 10
1.07109
 20
1.81812
 11
1.06801
 21
1.81949
  0
LINE
  8
0
 10
1.06801
 20
1.81949
 11
1.06499
 21
1.82098
  0
LINE
  8
0
 10
1.06499
 20
1.82098
 11
1.06201
 21
1.82262
  0
LINE
  8
0
 10
1.06201
 20
1.82262
 11
1.05913
 21
1.82437
  0
LINE
  8
0
 10
1.05913
 20
1.82437
 11
1.0563
 21
1.82623
  0
LINE
  8
0
 10
1.0563
 20
1.82623
 11
1.05357
 21
1.82823
  0
LINE
  8
0
 10
1.05357
 20
1.82823
 11
1.05093
 21
1.83032
  0
LINE
  8
0
 10
1.05093
 20
1.83032
 11
1.04837
 21
1.83253
  0
LINE
  8
0
 10
1.04837
 20
1.83253
 11
1.0459
 21
1.83485
  0
LINE
  8
0
 10
1.0459
 20
1.83485
 11
1.04353
 21
1.83727
  0
LINE
  8
0
 10
1.04353
 20
1.83727
 11
1.04128
 21
1.83978
  0
LINE
  8
0
 10
1.04128
 20
1.83978
 11
1.03912
 21
1.84238
  0
LINE
  8
0
 10
1.03912
 20
1.84238
 11
1.03708
 21
1.84508
  0
LINE
  8
0
 10
1.03708
 20
1.84508
 11
1.03516
 21
1.84785
  0
LINE
  8
0
 10
1.03516
 20
1.84785
 11
1.03334
 21
1.85071
  0
LINE
  8
0
 10
1.03334
 20
1.85071
 11
1.03165
 21
1.85364
  0
LINE
  8
0
 10
1.03165
 20
1.85364
 11
1.03008
 21
1.85663
  0
LINE
  8
0
 10
1.03008
 20
1.85663
 11
1.02864
 21
1.85968
  0
LINE
  8
0
 10
1.02864
 20
1.85968
 11
1.02733
 21
1.86281
  0
LINE
  8
0
 10
1.02733
 20
1.86281
 11
1.02615
 21
1.86597
  0
LINE
  8
0
 10
1.02615
 20
1.86597
 11
1.02512
 21
1.86919
  0
LINE
  8
0
 10
1.02512
 20
1.86919
 11
1.0242
 21
1.87244
  0
LINE
  8
0
 10
1.0242
 20
1.87244
 11
1.02342
 21
1.87573
  0
LINE
  8
0
 10
1.02342
 20
1.87573
 11
1.0228
 21
1.87906
  0
LINE
  8
0
 10
1.0228
 20
1.87906
 11
1.02231
 21
1.8824
  0
LINE
  8
0
 10
1.02231
 20
1.8824
 11
1.02194
 21
1.88576
  0
LINE
  8
0
 10
1.02194
 20
1.88576
 11
1.02173
 21
1.88913
  0
LINE
  8
0
 10
1.02173
 20
1.88913
 11
1.02167
 21
1.89252
  0
LINE
  8
0
 10
1.02167
 20
1.89252
 11
1.02173
 21
1.89589
  0
LINE
  8
0
 10
1.02173
 20
1.89589
 11
1.02194
 21
1.89926
  0
LINE
  8
0
 10
1.02194
 20
1.89926
 11
1.02231
 21
1.90263
  0
LINE
  8
0
 10
1.02231
 20
1.90263
 11
1.0228
 21
1.90598
  0
LINE
  8
0
 10
1.0228
 20
1.90598
 11
1.02342
 21
1.90929
  0
LINE
  8
0
 10
1.02342
 20
1.90929
 11
1.0242
 21
1.91258
  0
LINE
  8
0
 10
1.0242
 20
1.91258
 11
1.02512
 21
1.91583
  0
LINE
  8
0
 10
1.02512
 20
1.91583
 11
1.02615
 21
1.91905
  0
LINE
  8
0
 10
1.02615
 20
1.91905
 11
1.02733
 21
1.92223
  0
LINE
  8
0
 10
1.02733
 20
1.92223
 11
1.02864
 21
1.92534
  0
LINE
  8
0
 10
1.02864
 20
1.92534
 11
1.03008
 21
1.92839
  0
LINE
  8
0
 10
1.03008
 20
1.92839
 11
1.03165
 21
1.9314
  0
LINE
  8
0
 10
1.03165
 20
1.9314
 11
1.03334
 21
1.93433
  0
LINE
  8
0
 10
1.03334
 20
1.93433
 11
1.03516
 21
1.93718
  0
LINE
  8
0
 10
1.03516
 20
1.93718
 11
1.03708
 21
1.93996
  0
LINE
  8
0
 10
1.03708
 20
1.93996
 11
1.03912
 21
1.94264
  0
LINE
  8
0
 10
1.03912
 20
1.94264
 11
1.04128
 21
1.94525
  0
LINE
  8
0
 10
1.04128
 20
1.94525
 11
1.04353
 21
1.94775
  0
LINE
  8
0
 10
1.04353
 20
1.94775
 11
1.0459
 21
1.95018
  0
LINE
  8
0
 10
1.0459
 20
1.95018
 11
1.04837
 21
1.95248
  0
LINE
  8
0
 10
1.04837
 20
1.95248
 11
1.05093
 21
1.9547
  0
LINE
  8
0
 10
1.05093
 20
1.9547
 11
1.05357
 21
1.9568
  0
LINE
  8
0
 10
1.05357
 20
1.9568
 11
1.0563
 21
1.95879
  0
LINE
  8
0
 10
1.0563
 20
1.95879
 11
1.05913
 21
1.96066
  0
LINE
  8
0
 10
1.05913
 20
1.96066
 11
1.06201
 21
1.9624
  0
LINE
  8
0
 10
1.06201
 20
1.9624
 11
1.06499
 21
1.96404
  0
LINE
  8
0
 10
1.06499
 20
1.96404
 11
1.06801
 21
1.96555
  0
LINE
  8
0
 10
1.06801
 20
1.96555
 11
1.07109
 21
1.96692
  0
LINE
  8
0
 10
1.07109
 20
1.96692
 11
1.07423
 21
1.96815
  0
LINE
  8
0
 10
1.07423
 20
1.96815
 11
1.07744
 21
1.96927
  0
LINE
  8
0
 10
1.07744
 20
1.96927
 11
1.08067
 21
1.97025
  0
LINE
  8
0
 10
1.08067
 20
1.97025
 11
1.08394
 21
1.97108
  0
LINE
  8
0
 10
1.08394
 20
1.97108
 11
1.08725
 21
1.97179
  0
LINE
  8
0
 10
1.08725
 20
1.97179
 11
1.09058
 21
1.97235
  0
LINE
  8
0
 10
1.09058
 20
1.97235
 11
1.09393
 21
1.97278
  0
LINE
  8
0
 10
1.09393
 20
1.97278
 11
1.09731
 21
1.97307
  0
LINE
  8
0
 10
1.09731
 20
1.97307
 11
1.10068
 21
1.97321
  0
LINE
  8
0
 10
1.10068
 20
1.97321
 11
1.10406
 21
1.97321
  0
LINE
  8
0
 10
1.10406
 20
1.97321
 11
1.10744
 21
1.97307
  0
LINE
  8
0
 10
1.10744
 20
1.97307
 11
1.11081
 21
1.97278
  0
LINE
  8
0
 10
1.11081
 20
1.97278
 11
1.11417
 21
1.97235
  0
LINE
  8
0
 10
1.11417
 20
1.97235
 11
1.11749
 21
1.97179
  0
LINE
  8
0
 10
1.11749
 20
1.97179
 11
1.1208
 21
1.97108
  0
LINE
  8
0
 10
1.1208
 20
1.97108
 11
1.12408
 21
1.97025
  0
LINE
  8
0
 10
1.12408
 20
1.97025
 11
1.12732
 21
1.96927
  0
LINE
  8
0
 10
1.12732
 20
1.96927
 11
1.13051
 21
1.96815
  0
LINE
  8
0
 10
1.13051
 20
1.96815
 11
1.13365
 21
1.96692
  0
LINE
  8
0
 10
1.13365
 20
1.96692
 11
1.13673
 21
1.96555
  0
LINE
  8
0
 10
1.13673
 20
1.96555
 11
1.13977
 21
1.96404
  0
LINE
  8
0
 10
1.13977
 20
1.96404
 11
1.14273
 21
1.9624
  0
LINE
  8
0
 10
1.14273
 20
1.9624
 11
1.14561
 21
1.96066
  0
LINE
  8
0
 10
1.14561
 20
1.96066
 11
1.14844
 21
1.95879
  0
LINE
  8
0
 10
1.14844
 20
1.95879
 11
1.15117
 21
1.9568
  0
LINE
  8
0
 10
1.15117
 20
1.9568
 11
1.15382
 21
1.9547
  0
LINE
  8
0
 10
1.15382
 20
1.9547
 11
1.15637
 21
1.95248
  0
LINE
  8
0
 10
1.15637
 20
1.95248
 11
1.15884
 21
1.95018
  0
LINE
  8
0
 10
1.15884
 20
1.95018
 11
1.16121
 21
1.94775
  0
LINE
  8
0
 10
1.16121
 20
1.94775
 11
1.16347
 21
1.94525
  0
LINE
  8
0
 10
1.16347
 20
1.94525
 11
1.16562
 21
1.94264
  0
LINE
  8
0
 10
1.16562
 20
1.94264
 11
1.16766
 21
1.93996
  0
LINE
  8
0
 10
1.16766
 20
1.93996
 11
1.1696
 21
1.93718
  0
LINE
  8
0
 10
1.1696
 20
1.93718
 11
1.1714
 21
1.93433
  0
LINE
  8
0
 10
1.1714
 20
1.93433
 11
1.1731
 21
1.9314
  0
LINE
  8
0
 10
1.1731
 20
1.9314
 11
1.17467
 21
1.92839
  0
LINE
  8
0
 10
1.17467
 20
1.92839
 11
1.1761
 21
1.92534
  0
LINE
  8
0
 10
1.1761
 20
1.92534
 11
1.17741
 21
1.92223
  0
LINE
  8
0
 10
1.17741
 20
1.92223
 11
1.17859
 21
1.91905
  0
LINE
  8
0
 10
1.17859
 20
1.91905
 11
1.17964
 21
1.91583
  0
LINE
  8
0
 10
1.17964
 20
1.91583
 11
1.18054
 21
1.91258
  0
LINE
  8
0
 10
1.18054
 20
1.91258
 11
1.18132
 21
1.90929
  0
LINE
  8
0
 10
1.18132
 20
1.90929
 11
1.18195
 21
1.90598
  0
LINE
  8
0
 10
1.18195
 20
1.90598
 11
1.18245
 21
1.90263
  0
LINE
  8
0
 10
1.18245
 20
1.90263
 11
1.1828
 21
1.89926
  0
LINE
  8
0
 10
1.1828
 20
1.89926
 11
1.18301
 21
1.89589
  0
LINE
  8
0
 10
1.18301
 20
1.89589
 11
1.18307
 21
1.89252
  0
LINE
  8
0
 10
1.18307
 20
1.89252
 11
1.18301
 21
1.88913
  0
LINE
  8
0
 10
1.18301
 20
1.88913
 11
1.1828
 21
1.88576
  0
LINE
  8
0
 10
1.1828
 20
1.88576
 11
1.18245
 21
1.8824
  0
LINE
  8
0
 10
1.18245
 20
1.8824
 11
1.18195
 21
1.87906
  0
LINE
  8
0
 10
1.18195
 20
1.87906
 11
1.18132
 21
1.87573
  0
LINE
  8
0
 10
1.18132
 20
1.87573
 11
1.18054
 21
1.87244
  0
LINE
  8
0
 10
1.18054
 20
1.87244
 11
1.17964
 21
1.86919
  0
LINE
  8
0
 10
1.17964
 20
1.86919
 11
1.17859
 21
1.86597
  0
LINE
  8
0
 10
1.17859
 20
1.86597
 11
1.17741
 21
1.86281
  0
LINE
  8
0
 10
1.17741
 20
1.86281
 11
1.1761
 21
1.85968
  0
LINE
  8
0
 10
1.1761
 20
1.85968
 11
1.17467
 21
1.85663
  0
LINE
  8
0
 10
1.17467
 20
1.85663
 11
1.1731
 21
1.85364
  0
LINE
  8
0
 10
1.1731
 20
1.85364
 11
1.1714
 21
1.85071
  0
LINE
  8
0
 10
1.1714
 20
1.85071
 11
1.1696
 21
1.84785
  0
LINE
  8
0
 10
1.1696
 20
1.84785
 11
1.16766
 21
1.84508
  0
LINE
  8
0
 10
1.16766
 20
1.84508
 11
1.16562
 21
1.84238
  0
LINE
  8
0
 10
1.16562
 20
1.84238
 11
1.16347
 21
1.83978
  0
LINE
  8
0
 10
1.16347
 20
1.83978
 11
1.16121
 21
1.83727
  0
LINE
  8
0
 10
1.16121
 20
1.83727
 11
1.15884
 21
1.83485
  0
LINE
  8
0
 10
1.15884
 20
1.83485
 11
1.15637
 21
1.83253
  0
LINE
  8
0
 10
1.15637
 20
1.83253
 11
1.15382
 21
1.83032
  0
LINE
  8
0
 10
1.15382
 20
1.83032
 11
1.15117
 21
1.82823
  0
LINE
  8
0
 10
1.15117
 20
1.82823
 11
1.14844
 21
1.82623
  0
LINE
  8
0
 10
1.14844
 20
1.82623
 11
1.14561
 21
1.82437
  0
LINE
  8
0
 10
1.14561
 20
1.82437
 11
1.14273
 21
1.82262
  0
LINE
  8
0
 10
1.14273
 20
1.82262
 11
1.13977
 21
1.82098
  0
LINE
  8
0
 10
1.13977
 20
1.82098
 11
1.13673
 21
1.81949
  0
LINE
  8
0
 10
1.13673
 20
1.81949
 11
1.13365
 21
1.81812
  0
LINE
  8
0
 10
1.13365
 20
1.81812
 11
1.13051
 21
1.81686
  0
LINE
  8
0
 10
1.13051
 20
1.81686
 11
1.12732
 21
1.81575
  0
LINE
  8
0
 10
1.12732
 20
1.81575
 11
1.12408
 21
1.81477
  0
LINE
  8
0
 10
1.12408
 20
1.81477
 11
1.1208
 21
1.81393
  0
LINE
  8
0
 10
1.1208
 20
1.81393
 11
1.11749
 21
1.81323
  0
LINE
  8
0
 10
1.11749
 20
1.81323
 11
1.11417
 21
1.81267
  0
LINE
  8
0
 10
1.11417
 20
1.81267
 11
1.11081
 21
1.81224
  0
LINE
  8
0
 10
1.11081
 20
1.81224
 11
1.10744
 21
1.81197
  0
LINE
  8
0
 10
1.10744
 20
1.81197
 11
1.10406
 21
1.81183
  0
LINE
  8
0
 10
1.10406
 20
1.81183
 11
1.10068
 21
1.81183
  0
LINE
  8
0
 10
-3.93867
 20
1.81183
 11
-3.94205
 21
1.81197
  0
LINE
  8
0
 10
-3.94205
 20
1.81197
 11
-3.94542
 21
1.81224
  0
LINE
  8
0
 10
-3.94542
 20
1.81224
 11
-3.94878
 21
1.81267
  0
LINE
  8
0
 10
-3.94878
 20
1.81267
 11
-3.9521
 21
1.81323
  0
LINE
  8
0
 10
-3.9521
 20
1.81323
 11
-3.95541
 21
1.81393
  0
LINE
  8
0
 10
-3.95541
 20
1.81393
 11
-3.95868
 21
1.81477
  0
LINE
  8
0
 10
-3.95868
 20
1.81477
 11
-3.96191
 21
1.81575
  0
LINE
  8
0
 10
-3.96191
 20
1.81575
 11
-3.96512
 21
1.81686
  0
LINE
  8
0
 10
-3.96512
 20
1.81686
 11
-3.96826
 21
1.81812
  0
LINE
  8
0
 10
-3.96826
 20
1.81812
 11
-3.97134
 21
1.81949
  0
LINE
  8
0
 10
-3.97134
 20
1.81949
 11
-3.97438
 21
1.82098
  0
LINE
  8
0
 10
-3.97438
 20
1.82098
 11
-3.97734
 21
1.82262
  0
LINE
  8
0
 10
-3.97734
 20
1.82262
 11
-3.98022
 21
1.82437
  0
LINE
  8
0
 10
-3.98022
 20
1.82437
 11
-3.98305
 21
1.82623
  0
LINE
  8
0
 10
-3.98305
 20
1.82623
 11
-3.98578
 21
1.82823
  0
LINE
  8
0
 10
-3.98578
 20
1.82823
 11
-3.98843
 21
1.83032
  0
LINE
  8
0
 10
-3.98843
 20
1.83032
 11
-3.99098
 21
1.83253
  0
LINE
  8
0
 10
-3.99098
 20
1.83253
 11
-3.99345
 21
1.83485
  0
LINE
  8
0
 10
-3.99345
 20
1.83485
 11
-3.99582
 21
1.83727
  0
LINE
  8
0
 10
-3.99582
 20
1.83727
 11
-3.99808
 21
1.83978
  0
LINE
  8
0
 10
-3.99808
 20
1.83978
 11
-4.00023
 21
1.84238
  0
LINE
  8
0
 10
-4.00023
 20
1.84238
 11
-4.00227
 21
1.84508
  0
LINE
  8
0
 10
-4.00227
 20
1.84508
 11
-4.00421
 21
1.84785
  0
LINE
  8
0
 10
-4.00421
 20
1.84785
 11
-4.00601
 21
1.85071
  0
LINE
  8
0
 10
-4.00601
 20
1.85071
 11
-4.00771
 21
1.85364
  0
LINE
  8
0
 10
-4.00771
 20
1.85364
 11
-4.00928
 21
1.85663
  0
LINE
  8
0
 10
-4.00928
 20
1.85663
 11
-4.01071
 21
1.85968
  0
LINE
  8
0
 10
-4.01071
 20
1.85968
 11
-4.01202
 21
1.86281
  0
LINE
  8
0
 10
-4.01202
 20
1.86281
 11
-4.0132
 21
1.86597
  0
LINE
  8
0
 10
-4.0132
 20
1.86597
 11
-4.01425
 21
1.86919
  0
LINE
  8
0
 10
-4.01425
 20
1.86919
 11
-4.01515
 21
1.87244
  0
LINE
  8
0
 10
-4.01515
 20
1.87244
 11
-4.01593
 21
1.87573
  0
LINE
  8
0
 10
-4.01593
 20
1.87573
 11
-4.01656
 21
1.87906
  0
LINE
  8
0
 10
-4.01656
 20
1.87906
 11
-4.01706
 21
1.8824
  0
LINE
  8
0
 10
-4.01706
 20
1.8824
 11
-4.01741
 21
1.88576
  0
LINE
  8
0
 10
-4.01741
 20
1.88576
 11
-4.01762
 21
1.88913
  0
LINE
  8
0
 10
-4.01762
 20
1.88913
 11
-4.01768
 21
1.89252
  0
LINE
  8
0
 10
-4.01768
 20
1.89252
 11
-4.01762
 21
1.89589
  0
LINE
  8
0
 10
-4.01762
 20
1.89589
 11
-4.01741
 21
1.89926
  0
LINE
  8
0
 10
-4.01741
 20
1.89926
 11
-4.01706
 21
1.90263
  0
LINE
  8
0
 10
-4.01706
 20
1.90263
 11
-4.01656
 21
1.90598
  0
LINE
  8
0
 10
-4.01656
 20
1.90598
 11
-4.01593
 21
1.90929
  0
LINE
  8
0
 10
-4.01593
 20
1.90929
 11
-4.01515
 21
1.91258
  0
LINE
  8
0
 10
-4.01515
 20
1.91258
 11
-4.01425
 21
1.91583
  0
LINE
  8
0
 10
-4.01425
 20
1.91583
 11
-4.0132
 21
1.91905
  0
LINE
  8
0
 10
-4.0132
 20
1.91905
 11
-4.01202
 21
1.92223
  0
LINE
  8
0
 10
-4.01202
 20
1.92223
 11
-4.01071
 21
1.92534
  0
LINE
  8
0
 10
-4.01071
 20
1.92534
 11
-4.00928
 21
1.92839
  0
LINE
  8
0
 10
-4.00928
 20
1.92839
 11
-4.00771
 21
1.9314
  0
LINE
  8
0
 10
-4.00771
 20
1.9314
 11
-4.00601
 21
1.93433
  0
LINE
  8
0
 10
-4.00601
 20
1.93433
 11
-4.00421
 21
1.93718
  0
LINE
  8
0
 10
-4.00421
 20
1.93718
 11
-4.00227
 21
1.93996
  0
LINE
  8
0
 10
-4.00227
 20
1.93996
 11
-4.00023
 21
1.94264
  0
LINE
  8
0
 10
-4.00023
 20
1.94264
 11
-3.99808
 21
1.94525
  0
LINE
  8
0
 10
-3.99808
 20
1.94525
 11
-3.99582
 21
1.94775
  0
LINE
  8
0
 10
-3.99582
 20
1.94775
 11
-3.99345
 21
1.95018
  0
LINE
  8
0
 10
-3.99345
 20
1.95018
 11
-3.99098
 21
1.95248
  0
LINE
  8
0
 10
-3.99098
 20
1.95248
 11
-3.98843
 21
1.9547
  0
LINE
  8
0
 10
-3.98843
 20
1.9547
 11
-3.98578
 21
1.9568
  0
LINE
  8
0
 10
-3.98578
 20
1.9568
 11
-3.98305
 21
1.95879
  0
LINE
  8
0
 10
-3.98305
 20
1.95879
 11
-3.98022
 21
1.96066
  0
LINE
  8
0
 10
-3.98022
 20
1.96066
 11
-3.97734
 21
1.9624
  0
LINE
  8
0
 10
-3.97734
 20
1.9624
 11
-3.97438
 21
1.96404
  0
LINE
  8
0
 10
-3.97438
 20
1.96404
 11
-3.97134
 21
1.96555
  0
LINE
  8
0
 10
-3.97134
 20
1.96555
 11
-3.96826
 21
1.96692
  0
LINE
  8
0
 10
-3.96826
 20
1.96692
 11
-3.96512
 21
1.96815
  0
LINE
  8
0
 10
-3.96512
 20
1.96815
 11
-3.96191
 21
1.96927
  0
LINE
  8
0
 10
-3.96191
 20
1.96927
 11
-3.95868
 21
1.97025
  0
LINE
  8
0
 10
-3.95868
 20
1.97025
 11
-3.95541
 21
1.97108
  0
LINE
  8
0
 10
-3.95541
 20
1.97108
 11
-3.9521
 21
1.97179
  0
LINE
  8
0
 10
-3.9521
 20
1.97179
 11
-3.94878
 21
1.97235
  0
LINE
  8
0
 10
-3.94878
 20
1.97235
 11
-3.94542
 21
1.97278
  0
LINE
  8
0
 10
-3.94542
 20
1.97278
 11
-3.94205
 21
1.97307
  0
LINE
  8
0
 10
-3.94205
 20
1.97307
 11
-3.93867
 21
1.97321
  0
LINE
  8
0
 10
-3.93867
 20
1.97321
 11
-3.93529
 21
1.97321
  0
LINE
  8
0
 10
-3.93529
 20
1.97321
 11
-3.93192
 21
1.97307
  0
LINE
  8
0
 10
-3.93192
 20
1.97307
 11
-3.92854
 21
1.97278
  0
LINE
  8
0
 10
-3.92854
 20
1.97278
 11
-3.92519
 21
1.97235
  0
LINE
  8
0
 10
-3.92519
 20
1.97235
 11
-3.92186
 21
1.97179
  0
LINE
  8
0
 10
-3.92186
 20
1.97179
 11
-3.91855
 21
1.97108
  0
LINE
  8
0
 10
-3.91855
 20
1.97108
 11
-3.91528
 21
1.97025
  0
LINE
  8
0
 10
-3.91528
 20
1.97025
 11
-3.91205
 21
1.96927
  0
LINE
  8
0
 10
-3.91205
 20
1.96927
 11
-3.90884
 21
1.96815
  0
LINE
  8
0
 10
-3.90884
 20
1.96815
 11
-3.9057
 21
1.96692
  0
LINE
  8
0
 10
-3.9057
 20
1.96692
 11
-3.90262
 21
1.96555
  0
LINE
  8
0
 10
-3.90262
 20
1.96555
 11
-3.89958
 21
1.96404
  0
LINE
  8
0
 10
-3.89958
 20
1.96404
 11
-3.89662
 21
1.9624
  0
LINE
  8
0
 10
-3.89662
 20
1.9624
 11
-3.89374
 21
1.96066
  0
LINE
  8
0
 10
-3.89374
 20
1.96066
 11
-3.89091
 21
1.95879
  0
LINE
  8
0
 10
-3.89091
 20
1.95879
 11
-3.88818
 21
1.9568
  0
LINE
  8
0
 10
-3.88818
 20
1.9568
 11
-3.88553
 21
1.9547
  0
LINE
  8
0
 10
-3.88553
 20
1.9547
 11
-3.88298
 21
1.95248
  0
LINE
  8
0
 10
-3.88298
 20
1.95248
 11
-3.88051
 21
1.95018
  0
LINE
  8
0
 10
-3.88051
 20
1.95018
 11
-3.87814
 21
1.94775
  0
LINE
  8
0
 10
-3.87814
 20
1.94775
 11
-3.87589
 21
1.94525
  0
LINE
  8
0
 10
-3.87589
 20
1.94525
 11
-3.87373
 21
1.94264
  0
LINE
  8
0
 10
-3.87373
 20
1.94264
 11
-3.87169
 21
1.93996
  0
LINE
  8
0
 10
-3.87169
 20
1.93996
 11
-3.86975
 21
1.93718
  0
LINE
  8
0
 10
-3.86975
 20
1.93718
 11
-3.86795
 21
1.93433
  0
LINE
  8
0
 10
-3.86795
 20
1.93433
 11
-3.86626
 21
1.9314
  0
LINE
  8
0
 10
-3.86626
 20
1.9314
 11
-3.86469
 21
1.92839
  0
LINE
  8
0
 10
-3.86469
 20
1.92839
 11
-3.86325
 21
1.92534
  0
LINE
  8
0
 10
-3.86325
 20
1.92534
 11
-3.86194
 21
1.92223
  0
LINE
  8
0
 10
-3.86194
 20
1.92223
 11
-3.86076
 21
1.91905
  0
LINE
  8
0
 10
-3.86076
 20
1.91905
 11
-3.85971
 21
1.91583
  0
LINE
  8
0
 10
-3.85971
 20
1.91583
 11
-3.85881
 21
1.91258
  0
LINE
  8
0
 10
-3.85881
 20
1.91258
 11
-3.85803
 21
1.90929
  0
LINE
  8
0
 10
-3.85803
 20
1.90929
 11
-3.85741
 21
1.90598
  0
LINE
  8
0
 10
-3.85741
 20
1.90598
 11
-3.8569
 21
1.90263
  0
LINE
  8
0
 10
-3.8569
 20
1.90263
 11
-3.85655
 21
1.89926
  0
LINE
  8
0
 10
-3.85655
 20
1.89926
 11
-3.85634
 21
1.89589
  0
LINE
  8
0
 10
-3.85634
 20
1.89589
 11
-3.85628
 21
1.89252
  0
LINE
  8
0
 10
-3.85628
 20
1.89252
 11
-3.85634
 21
1.88913
  0
LINE
  8
0
 10
-3.85634
 20
1.88913
 11
-3.85655
 21
1.88576
  0
LINE
  8
0
 10
-3.85655
 20
1.88576
 11
-3.8569
 21
1.8824
  0
LINE
  8
0
 10
-3.8569
 20
1.8824
 11
-3.85741
 21
1.87906
  0
LINE
  8
0
 10
-3.85741
 20
1.87906
 11
-3.85803
 21
1.87573
  0
LINE
  8
0
 10
-3.85803
 20
1.87573
 11
-3.85881
 21
1.87244
  0
LINE
  8
0
 10
-3.85881
 20
1.87244
 11
-3.85971
 21
1.86919
  0
LINE
  8
0
 10
-3.85971
 20
1.86919
 11
-3.86076
 21
1.86597
  0
LINE
  8
0
 10
-3.86076
 20
1.86597
 11
-3.86194
 21
1.86281
  0
LINE
  8
0
 10
-3.86194
 20
1.86281
 11
-3.86325
 21
1.85968
  0
LINE
  8
0
 10
-3.86325
 20
1.85968
 11
-3.86469
 21
1.85663
  0
LINE
  8
0
 10
-3.86469
 20
1.85663
 11
-3.86626
 21
1.85364
  0
LINE
  8
0
 10
-3.86626
 20
1.85364
 11
-3.86795
 21
1.85071
  0
LINE
  8
0
 10
-3.86795
 20
1.85071
 11
-3.86975
 21
1.84785
  0
LINE
  8
0
 10
-3.86975
 20
1.84785
 11
-3.87169
 21
1.84508
  0
LINE
  8
0
 10
-3.87169
 20
1.84508
 11
-3.87373
 21
1.84238
  0
LINE
  8
0
 10
-3.87373
 20
1.84238
 11
-3.87589
 21
1.83978
  0
LINE
  8
0
 10
-3.87589
 20
1.83978
 11
-3.87814
 21
1.83727
  0
LINE
  8
0
 10
-3.87814
 20
1.83727
 11
-3.88051
 21
1.83485
  0
LINE
  8
0
 10
-3.88051
 20
1.83485
 11
-3.88298
 21
1.83253
  0
LINE
  8
0
 10
-3.88298
 20
1.83253
 11
-3.88553
 21
1.83032
  0
LINE
  8
0
 10
-3.88553
 20
1.83032
 11
-3.88818
 21
1.82823
  0
LINE
  8
0
 10
-3.88818
 20
1.82823
 11
-3.89091
 21
1.82623
  0
LINE
  8
0
 10
-3.89091
 20
1.82623
 11
-3.89374
 21
1.82437
  0
LINE
  8
0
 10
-3.89374
 20
1.82437
 11
-3.89662
 21
1.82262
  0
LINE
  8
0
 10
-3.89662
 20
1.82262
 11
-3.89958
 21
1.82098
  0
LINE
  8
0
 10
-3.89958
 20
1.82098
 11
-3.90262
 21
1.81949
  0
LINE
  8
0
 10
-3.90262
 20
1.81949
 11
-3.9057
 21
1.81812
  0
LINE
  8
0
 10
-3.9057
 20
1.81812
 11
-3.90884
 21
1.81686
  0
LINE
  8
0
 10
-3.90884
 20
1.81686
 11
-3.91205
 21
1.81575
  0
LINE
  8
0
 10
-3.91205
 20
1.81575
 11
-3.91528
 21
1.81477
  0
LINE
  8
0
 10
-3.91528
 20
1.81477
 11
-3.91855
 21
1.81393
  0
LINE
  8
0
 10
-3.91855
 20
1.81393
 11
-3.92186
 21
1.81323
  0
LINE
  8
0
 10
-3.92186
 20
1.81323
 11
-3.92519
 21
1.81267
  0
LINE
  8
0
 10
-3.92519
 20
1.81267
 11
-3.92854
 21
1.81224
  0
LINE
  8
0
 10
-3.92854
 20
1.81224
 11
-3.93192
 21
1.81197
  0
LINE
  8
0
 10
-3.93192
 20
1.81197
 11
-3.93529
 21
1.81183
  0
LINE
  8
0
 10
-3.93529
 20
1.81183
 11
-3.93867
 21
1.81183
  0
LINE
  8
0
 10
-0.159149
 20
1.81183
 11
-0.162521
 21
1.81197
  0
LINE
  8
0
 10
-0.162521
 20
1.81197
 11
-0.165894
 21
1.81224
  0
LINE
  8
0
 10
-0.165894
 20
1.81224
 11
-0.16925
 21
1.81267
  0
LINE
  8
0
 10
-0.16925
 20
1.81267
 11
-0.172577
 21
1.81323
  0
LINE
  8
0
 10
-0.172577
 20
1.81323
 11
-0.175888
 21
1.81393
  0
LINE
  8
0
 10
-0.175888
 20
1.81393
 11
-0.179153
 21
1.81477
  0
LINE
  8
0
 10
-0.179153
 20
1.81477
 11
-0.182388
 21
1.81575
  0
LINE
  8
0
 10
-0.182388
 20
1.81575
 11
-0.185593
 21
1.81686
  0
LINE
  8
0
 10
-0.185593
 20
1.81686
 11
-0.188736
 21
1.81812
  0
LINE
  8
0
 10
-0.188736
 20
1.81812
 11
-0.191818
 21
1.81949
  0
LINE
  8
0
 10
-0.191818
 20
1.81949
 11
-0.194839
 21
1.82098
  0
LINE
  8
0
 10
-0.194839
 20
1.82098
 11
-0.197815
 21
1.82262
  0
LINE
  8
0
 10
-0.197815
 20
1.82262
 11
-0.200699
 21
1.82437
  0
LINE
  8
0
 10
-0.200699
 20
1.82437
 11
-0.203522
 21
1.82623
  0
LINE
  8
0
 10
-0.203522
 20
1.82623
 11
-0.206253
 21
1.82823
  0
LINE
  8
0
 10
-0.206253
 20
1.82823
 11
-0.208893
 21
1.83032
  0
LINE
  8
0
 10
-0.208893
 20
1.83032
 11
-0.211456
 21
1.83253
  0
LINE
  8
0
 10
-0.211456
 20
1.83253
 11
-0.213928
 21
1.83485
  0
LINE
  8
0
 10
-0.213928
 20
1.83485
 11
-0.216293
 21
1.83727
  0
LINE
  8
0
 10
-0.216293
 20
1.83727
 11
-0.218552
 21
1.83978
  0
LINE
  8
0
 10
-0.218552
 20
1.83978
 11
-0.220703
 21
1.84238
  0
LINE
  8
0
 10
-0.220703
 20
1.84238
 11
-0.222748
 21
1.84508
  0
LINE
  8
0
 10
-0.222748
 20
1.84508
 11
-0.22467
 21
1.84785
  0
LINE
  8
0
 10
-0.22467
 20
1.84785
 11
-0.226486
 21
1.85071
  0
LINE
  8
0
 10
-0.226486
 20
1.85071
 11
-0.22818
 21
1.85364
  0
LINE
  8
0
 10
-0.22818
 20
1.85364
 11
-0.229752
 21
1.85663
  0
LINE
  8
0
 10
-0.229752
 20
1.85663
 11
-0.231186
 21
1.85968
  0
LINE
  8
0
 10
-0.231186
 20
1.85968
 11
-0.232498
 21
1.86281
  0
LINE
  8
0
 10
-0.232498
 20
1.86281
 11
-0.233673
 21
1.86597
  0
LINE
  8
0
 10
-0.233673
 20
1.86597
 11
-0.234711
 21
1.86919
  0
LINE
  8
0
 10
-0.234711
 20
1.86919
 11
-0.235626
 21
1.87244
  0
LINE
  8
0
 10
-0.235626
 20
1.87244
 11
-0.236404
 21
1.87573
  0
LINE
  8
0
 10
-0.236404
 20
1.87573
 11
-0.23703
 21
1.87906
  0
LINE
  8
0
 10
-0.23703
 20
1.87906
 11
-0.237534
 21
1.8824
  0
LINE
  8
0
 10
-0.237534
 20
1.8824
 11
-0.237885
 21
1.88576
  0
LINE
  8
0
 10
-0.237885
 20
1.88576
 11
-0.238098
 21
1.88913
  0
LINE
  8
0
 10
-0.238098
 20
1.88913
 11
-0.238159
 21
1.89252
  0
LINE
  8
0
 10
-0.238159
 20
1.89252
 11
-0.238098
 21
1.89589
  0
LINE
  8
0
 10
-0.238098
 20
1.89589
 11
-0.237885
 21
1.89926
  0
LINE
  8
0
 10
-0.237885
 20
1.89926
 11
-0.237534
 21
1.90263
  0
LINE
  8
0
 10
-0.237534
 20
1.90263
 11
-0.23703
 21
1.90598
  0
LINE
  8
0
 10
-0.23703
 20
1.90598
 11
-0.236404
 21
1.90929
  0
LINE
  8
0
 10
-0.236404
 20
1.90929
 11
-0.235626
 21
1.91258
  0
LINE
  8
0
 10
-0.235626
 20
1.91258
 11
-0.234711
 21
1.91583
  0
LINE
  8
0
 10
-0.234711
 20
1.91583
 11
-0.233673
 21
1.91905
  0
LINE
  8
0
 10
-0.233673
 20
1.91905
 11
-0.232498
 21
1.92223
  0
LINE
  8
0
 10
-0.232498
 20
1.92223
 11
-0.231186
 21
1.92534
  0
LINE
  8
0
 10
-0.231186
 20
1.92534
 11
-0.229752
 21
1.92839
  0
LINE
  8
0
 10
-0.229752
 20
1.92839
 11
-0.22818
 21
1.9314
  0
LINE
  8
0
 10
-0.22818
 20
1.9314
 11
-0.226486
 21
1.93433
  0
LINE
  8
0
 10
-0.226486
 20
1.93433
 11
-0.22467
 21
1.93718
  0
LINE
  8
0
 10
-0.22467
 20
1.93718
 11
-0.222748
 21
1.93996
  0
LINE
  8
0
 10
-0.222748
 20
1.93996
 11
-0.220703
 21
1.94264
  0
LINE
  8
0
 10
-0.220703
 20
1.94264
 11
-0.218552
 21
1.94525
  0
LINE
  8
0
 10
-0.218552
 20
1.94525
 11
-0.216293
 21
1.94775
  0
LINE
  8
0
 10
-0.216293
 20
1.94775
 11
-0.213928
 21
1.95018
  0
LINE
  8
0
 10
-0.213928
 20
1.95018
 11
-0.211456
 21
1.95248
  0
LINE
  8
0
 10
-0.211456
 20
1.95248
 11
-0.208893
 21
1.9547
  0
LINE
  8
0
 10
-0.208893
 20
1.9547
 11
-0.206253
 21
1.9568
  0
LINE
  8
0
 10
-0.206253
 20
1.9568
 11
-0.203522
 21
1.95879
  0
LINE
  8
0
 10
-0.203522
 20
1.95879
 11
-0.200699
 21
1.96066
  0
LINE
  8
0
 10
-0.200699
 20
1.96066
 11
-0.197815
 21
1.9624
  0
LINE
  8
0
 10
-0.197815
 20
1.9624
 11
-0.194839
 21
1.96404
  0
LINE
  8
0
 10
-0.194839
 20
1.96404
 11
-0.191818
 21
1.96555
  0
LINE
  8
0
 10
-0.191818
 20
1.96555
 11
-0.188736
 21
1.96692
  0
LINE
  8
0
 10
-0.188736
 20
1.96692
 11
-0.185593
 21
1.96815
  0
LINE
  8
0
 10
-0.185593
 20
1.96815
 11
-0.182388
 21
1.96927
  0
LINE
  8
0
 10
-0.182388
 20
1.96927
 11
-0.179153
 21
1.97025
  0
LINE
  8
0
 10
-0.179153
 20
1.97025
 11
-0.175888
 21
1.97108
  0
LINE
  8
0
 10
-0.175888
 20
1.97108
 11
-0.172577
 21
1.97179
  0
LINE
  8
0
 10
-0.172577
 20
1.97179
 11
-0.16925
 21
1.97235
  0
LINE
  8
0
 10
-0.16925
 20
1.97235
 11
-0.165894
 21
1.97278
  0
LINE
  8
0
 10
-0.165894
 20
1.97278
 11
-0.162521
 21
1.97307
  0
LINE
  8
0
 10
-0.162521
 20
1.97307
 11
-0.159149
 21
1.97321
  0
LINE
  8
0
 10
-0.159149
 20
1.97321
 11
-0.155762
 21
1.97321
  0
LINE
  8
0
 10
-0.155762
 20
1.97321
 11
-0.15239
 21
1.97307
  0
LINE
  8
0
 10
-0.15239
 20
1.97307
 11
-0.149017
 21
1.97278
  0
LINE
  8
0
 10
-0.149017
 20
1.97278
 11
-0.14566
 21
1.97235
  0
LINE
  8
0
 10
-0.14566
 20
1.97235
 11
-0.142334
 21
1.97179
  0
LINE
  8
0
 10
-0.142334
 20
1.97179
 11
-0.139023
 21
1.97108
  0
LINE
  8
0
 10
-0.139023
 20
1.97108
 11
-0.135742
 21
1.97025
  0
LINE
  8
0
 10
-0.135742
 20
1.97025
 11
-0.132507
 21
1.96927
  0
LINE
  8
0
 10
-0.132507
 20
1.96927
 11
-0.129318
 21
1.96815
  0
LINE
  8
0
 10
-0.129318
 20
1.96815
 11
-0.126175
 21
1.96692
  0
LINE
  8
0
 10
-0.126175
 20
1.96692
 11
-0.123093
 21
1.96555
  0
LINE
  8
0
 10
-0.123093
 20
1.96555
 11
-0.120056
 21
1.96404
  0
LINE
  8
0
 10
-0.120056
 20
1.96404
 11
-0.117096
 21
1.9624
  0
LINE
  8
0
 10
-0.117096
 20
1.9624
 11
-0.114212
 21
1.96066
  0
LINE
  8
0
 10
-0.114212
 20
1.96066
 11
-0.111389
 21
1.95879
  0
LINE
  8
0
 10
-0.111389
 20
1.95879
 11
-0.108658
 21
1.9568
  0
LINE
  8
0
 10
-0.108658
 20
1.9568
 11
-0.106003
 21
1.9547
  0
LINE
  8
0
 10
-0.106003
 20
1.9547
 11
-0.103455
 21
1.95248
  0
LINE
  8
0
 10
-0.103455
 20
1.95248
 11
-0.100983
 21
1.95018
  0
LINE
  8
0
 10
-0.100983
 20
1.95018
 11
-0.0986176
 21
1.94775
  0
LINE
  8
0
 10
-0.0986176
 20
1.94775
 11
-0.0963593
 21
1.94525
  0
LINE
  8
0
 10
-0.0963593
 20
1.94525
 11
-0.0942078
 21
1.94264
  0
LINE
  8
0
 10
-0.0942078
 20
1.94264
 11
-0.0921631
 21
1.93996
  0
LINE
  8
0
 10
-0.0921631
 20
1.93996
 11
-0.0902252
 21
1.93718
  0
LINE
  8
0
 10
-0.0902252
 20
1.93718
 11
-0.0884247
 21
1.93433
  0
LINE
  8
0
 10
-0.0884247
 20
1.93433
 11
-0.086731
 21
1.9314
  0
LINE
  8
0
 10
-0.086731
 20
1.9314
 11
-0.0851593
 21
1.92839
  0
LINE
  8
0
 10
-0.0851593
 20
1.92839
 11
-0.083725
 21
1.92534
  0
LINE
  8
0
 10
-0.083725
 20
1.92534
 11
-0.0824127
 21
1.92223
  0
LINE
  8
0
 10
-0.0824127
 20
1.92223
 11
-0.0812378
 21
1.91905
  0
LINE
  8
0
 10
-0.0812378
 20
1.91905
 11
-0.0801849
 21
1.91583
  0
LINE
  8
0
 10
-0.0801849
 20
1.91583
 11
-0.0792847
 21
1.91258
  0
LINE
  8
0
 10
-0.0792847
 20
1.91258
 11
-0.0785065
 21
1.90929
  0
LINE
  8
0
 10
-0.0785065
 20
1.90929
 11
-0.0778809
 21
1.90598
  0
LINE
  8
0
 10
-0.0778809
 20
1.90598
 11
-0.0773773
 21
1.90263
  0
LINE
  8
0
 10
-0.0773773
 20
1.90263
 11
-0.0770264
 21
1.89926
  0
LINE
  8
0
 10
-0.0770264
 20
1.89926
 11
-0.0768127
 21
1.89589
  0
LINE
  8
0
 10
-0.0768127
 20
1.89589
 11
-0.0767517
 21
1.89252
  0
LINE
  8
0
 10
-0.0767517
 20
1.89252
 11
-0.0768127
 21
1.88913
  0
LINE
  8
0
 10
-0.0768127
 20
1.88913
 11
-0.0770264
 21
1.88576
  0
LINE
  8
0
 10
-0.0770264
 20
1.88576
 11
-0.0773773
 21
1.8824
  0
LINE
  8
0
 10
-0.0773773
 20
1.8824
 11
-0.0778809
 21
1.87906
  0
LINE
  8
0
 10
-0.0778809
 20
1.87906
 11
-0.0785065
 21
1.87573
  0
LINE
  8
0
 10
-0.0785065
 20
1.87573
 11
-0.0792847
 21
1.87244
  0
LINE
  8
0
 10
-0.0792847
 20
1.87244
 11
-0.0801849
 21
1.86919
  0
LINE
  8
0
 10
-0.0801849
 20
1.86919
 11
-0.0812378
 21
1.86597
  0
LINE
  8
0
 10
-0.0812378
 20
1.86597
 11
-0.0824127
 21
1.86281
  0
LINE
  8
0
 10
-0.0824127
 20
1.86281
 11
-0.083725
 21
1.85968
  0
LINE
  8
0
 10
-0.083725
 20
1.85968
 11
-0.0851593
 21
1.85663
  0
LINE
  8
0
 10
-0.0851593
 20
1.85663
 11
-0.086731
 21
1.85364
  0
LINE
  8
0
 10
-0.086731
 20
1.85364
 11
-0.0884247
 21
1.85071
  0
LINE
  8
0
 10
-0.0884247
 20
1.85071
 11
-0.0902252
 21
1.84785
  0
LINE
  8
0
 10
-0.0902252
 20
1.84785
 11
-0.0921631
 21
1.84508
  0
LINE
  8
0
 10
-0.0921631
 20
1.84508
 11
-0.0942078
 21
1.84238
  0
LINE
  8
0
 10
-0.0942078
 20
1.84238
 11
-0.0963593
 21
1.83978
  0
LINE
  8
0
 10
-0.0963593
 20
1.83978
 11
-0.0986176
 21
1.83727
  0
LINE
  8
0
 10
-0.0986176
 20
1.83727
 11
-0.100983
 21
1.83485
  0
LINE
  8
0
 10
-0.100983
 20
1.83485
 11
-0.103455
 21
1.83253
  0
LINE
  8
0
 10
-0.103455
 20
1.83253
 11
-0.106003
 21
1.83032
  0
LINE
  8
0
 10
-0.106003
 20
1.83032
 11
-0.108658
 21
1.82823
  0
LINE
  8
0
 10
-0.108658
 20
1.82823
 11
-0.111389
 21
1.82623
  0
LINE
  8
0
 10
-0.111389
 20
1.82623
 11
-0.114212
 21
1.82437
  0
LINE
  8
0
 10
-0.114212
 20
1.82437
 11
-0.117096
 21
1.82262
  0
LINE
  8
0
 10
-0.117096
 20
1.82262
 11
-0.120056
 21
1.82098
  0
LINE
  8
0
 10
-0.120056
 20
1.82098
 11
-0.123093
 21
1.81949
  0
LINE
  8
0
 10
-0.123093
 20
1.81949
 11
-0.126175
 21
1.81812
  0
LINE
  8
0
 10
-0.126175
 20
1.81812
 11
-0.129318
 21
1.81686
  0
LINE
  8
0
 10
-0.129318
 20
1.81686
 11
-0.132507
 21
1.81575
  0
LINE
  8
0
 10
-0.132507
 20
1.81575
 11
-0.135742
 21
1.81477
  0
LINE
  8
0
 10
-0.135742
 20
1.81477
 11
-0.139023
 21
1.81393
  0
LINE
  8
0
 10
-0.139023
 20
1.81393
 11
-0.142334
 21
1.81323
  0
LINE
  8
0
 10
-0.142334
 20
1.81323
 11
-0.14566
 21
1.81267
  0
LINE
  8
0
 10
-0.14566
 20
1.81267
 11
-0.149017
 21
1.81224
  0
LINE
  8
0
 10
-0.149017
 20
1.81224
 11
-0.15239
 21
1.81197
  0
LINE
  8
0
 10
-0.15239
 20
1.81197
 11
-0.155762
 21
1.81183
  0
LINE
  8
0
 10
-0.155762
 20
1.81183
 11
-0.159149
 21
1.81183
  0
LINE
  8
0
 10
-5.82843
 20
1.81183
 11
-5.83182
 21
1.81197
  0
LINE
  8
0
 10
-5.83182
 20
1.81197
 11
-5.83517
 21
1.81224
  0
LINE
  8
0
 10
-5.83517
 20
1.81224
 11
-5.83853
 21
1.81267
  0
LINE
  8
0
 10
-5.83853
 20
1.81267
 11
-5.84187
 21
1.81323
  0
LINE
  8
0
 10
-5.84187
 20
1.81323
 11
-5.84517
 21
1.81393
  0
LINE
  8
0
 10
-5.84517
 20
1.81393
 11
-5.84845
 21
1.81477
  0
LINE
  8
0
 10
-5.84845
 20
1.81477
 11
-5.85168
 21
1.81575
  0
LINE
  8
0
 10
-5.85168
 20
1.81575
 11
-5.85487
 21
1.81686
  0
LINE
  8
0
 10
-5.85487
 20
1.81686
 11
-5.85802
 21
1.81812
  0
LINE
  8
0
 10
-5.85802
 20
1.81812
 11
-5.86111
 21
1.81949
  0
LINE
  8
0
 10
-5.86111
 20
1.81949
 11
-5.86414
 21
1.82098
  0
LINE
  8
0
 10
-5.86414
 20
1.82098
 11
-5.8671
 21
1.82262
  0
LINE
  8
0
 10
-5.8671
 20
1.82262
 11
-5.87
 21
1.82437
  0
LINE
  8
0
 10
-5.87
 20
1.82437
 11
-5.8728
 21
1.82623
  0
LINE
  8
0
 10
-5.8728
 20
1.82623
 11
-5.87553
 21
1.82823
  0
LINE
  8
0
 10
-5.87553
 20
1.82823
 11
-5.87819
 21
1.83032
  0
LINE
  8
0
 10
-5.87819
 20
1.83032
 11
-5.88075
 21
1.83253
  0
LINE
  8
0
 10
-5.88075
 20
1.83253
 11
-5.88321
 21
1.83485
  0
LINE
  8
0
 10
-5.88321
 20
1.83485
 11
-5.88557
 21
1.83727
  0
LINE
  8
0
 10
-5.88557
 20
1.83727
 11
-5.88785
 21
1.83978
  0
LINE
  8
0
 10
-5.88785
 20
1.83978
 11
-5.89
 21
1.84238
  0
LINE
  8
0
 10
-5.89
 20
1.84238
 11
-5.89204
 21
1.84508
  0
LINE
  8
0
 10
-5.89204
 20
1.84508
 11
-5.89397
 21
1.84785
  0
LINE
  8
0
 10
-5.89397
 20
1.84785
 11
-5.89578
 21
1.85071
  0
LINE
  8
0
 10
-5.89578
 20
1.85071
 11
-5.89748
 21
1.85364
  0
LINE
  8
0
 10
-5.89748
 20
1.85364
 11
-5.89903
 21
1.85663
  0
LINE
  8
0
 10
-5.89903
 20
1.85663
 11
-5.90048
 21
1.85968
  0
LINE
  8
0
 10
-5.90048
 20
1.85968
 11
-5.90178
 21
1.86281
  0
LINE
  8
0
 10
-5.90178
 20
1.86281
 11
-5.90297
 21
1.86597
  0
LINE
  8
0
 10
-5.90297
 20
1.86597
 11
-5.90401
 21
1.86919
  0
LINE
  8
0
 10
-5.90401
 20
1.86919
 11
-5.90492
 21
1.87244
  0
LINE
  8
0
 10
-5.90492
 20
1.87244
 11
-5.90569
 21
1.87573
  0
LINE
  8
0
 10
-5.90569
 20
1.87573
 11
-5.90633
 21
1.87906
  0
LINE
  8
0
 10
-5.90633
 20
1.87906
 11
-5.90681
 21
1.8824
  0
LINE
  8
0
 10
-5.90681
 20
1.8824
 11
-5.90717
 21
1.88576
  0
LINE
  8
0
 10
-5.90717
 20
1.88576
 11
-5.90738
 21
1.88913
  0
LINE
  8
0
 10
-5.90738
 20
1.88913
 11
-5.90746
 21
1.89252
  0
LINE
  8
0
 10
-5.90746
 20
1.89252
 11
-5.90738
 21
1.89589
  0
LINE
  8
0
 10
-5.90738
 20
1.89589
 11
-5.90717
 21
1.89926
  0
LINE
  8
0
 10
-5.90717
 20
1.89926
 11
-5.90681
 21
1.90263
  0
LINE
  8
0
 10
-5.90681
 20
1.90263
 11
-5.90633
 21
1.90598
  0
LINE
  8
0
 10
-5.90633
 20
1.90598
 11
-5.90569
 21
1.90929
  0
LINE
  8
0
 10
-5.90569
 20
1.90929
 11
-5.90492
 21
1.91258
  0
LINE
  8
0
 10
-5.90492
 20
1.91258
 11
-5.90401
 21
1.91583
  0
LINE
  8
0
 10
-5.90401
 20
1.91583
 11
-5.90297
 21
1.91905
  0
LINE
  8
0
 10
-5.90297
 20
1.91905
 11
-5.90178
 21
1.92223
  0
LINE
  8
0
 10
-5.90178
 20
1.92223
 11
-5.90048
 21
1.92534
  0
LINE
  8
0
 10
-5.90048
 20
1.92534
 11
-5.89903
 21
1.92839
  0
LINE
  8
0
 10
-5.89903
 20
1.92839
 11
-5.89748
 21
1.9314
  0
LINE
  8
0
 10
-5.89748
 20
1.9314
 11
-5.89578
 21
1.93433
  0
LINE
  8
0
 10
-5.89578
 20
1.93433
 11
-5.89397
 21
1.93718
  0
LINE
  8
0
 10
-5.89397
 20
1.93718
 11
-5.89204
 21
1.93996
  0
LINE
  8
0
 10
-5.89204
 20
1.93996
 11
-5.89
 21
1.94264
  0
LINE
  8
0
 10
-5.89
 20
1.94264
 11
-5.88785
 21
1.94525
  0
LINE
  8
0
 10
-5.88785
 20
1.94525
 11
-5.88557
 21
1.94775
  0
LINE
  8
0
 10
-5.88557
 20
1.94775
 11
-5.88321
 21
1.95018
  0
LINE
  8
0
 10
-5.88321
 20
1.95018
 11
-5.88075
 21
1.95248
  0
LINE
  8
0
 10
-5.88075
 20
1.95248
 11
-5.87819
 21
1.9547
  0
LINE
  8
0
 10
-5.87819
 20
1.9547
 11
-5.87553
 21
1.9568
  0
LINE
  8
0
 10
-5.87553
 20
1.9568
 11
-5.8728
 21
1.95879
  0
LINE
  8
0
 10
-5.8728
 20
1.95879
 11
-5.87
 21
1.96066
  0
LINE
  8
0
 10
-5.87
 20
1.96066
 11
-5.8671
 21
1.9624
  0
LINE
  8
0
 10
-5.8671
 20
1.9624
 11
-5.86414
 21
1.96404
  0
LINE
  8
0
 10
-5.86414
 20
1.96404
 11
-5.86111
 21
1.96555
  0
LINE
  8
0
 10
-5.86111
 20
1.96555
 11
-5.85802
 21
1.96692
  0
LINE
  8
0
 10
-5.85802
 20
1.96692
 11
-5.85487
 21
1.96815
  0
LINE
  8
0
 10
-5.85487
 20
1.96815
 11
-5.85168
 21
1.96927
  0
LINE
  8
0
 10
-5.85168
 20
1.96927
 11
-5.84845
 21
1.97025
  0
LINE
  8
0
 10
-5.84845
 20
1.97025
 11
-5.84517
 21
1.97108
  0
LINE
  8
0
 10
-5.84517
 20
1.97108
 11
-5.84187
 21
1.97179
  0
LINE
  8
0
 10
-5.84187
 20
1.97179
 11
-5.83853
 21
1.97235
  0
LINE
  8
0
 10
-5.83853
 20
1.97235
 11
-5.83517
 21
1.97278
  0
LINE
  8
0
 10
-5.83517
 20
1.97278
 11
-5.83182
 21
1.97307
  0
LINE
  8
0
 10
-5.83182
 20
1.97307
 11
-5.82843
 21
1.97321
  0
LINE
  8
0
 10
-5.82843
 20
1.97321
 11
-5.82506
 21
1.97321
  0
LINE
  8
0
 10
-5.82506
 20
1.97321
 11
-5.82167
 21
1.97307
  0
LINE
  8
0
 10
-5.82167
 20
1.97307
 11
-5.81831
 21
1.97278
  0
LINE
  8
0
 10
-5.81831
 20
1.97278
 11
-5.81496
 21
1.97235
  0
LINE
  8
0
 10
-5.81496
 20
1.97235
 11
-5.81161
 21
1.97179
  0
LINE
  8
0
 10
-5.81161
 20
1.97179
 11
-5.80832
 21
1.97108
  0
LINE
  8
0
 10
-5.80832
 20
1.97108
 11
-5.80504
 21
1.97025
  0
LINE
  8
0
 10
-5.80504
 20
1.97025
 11
-5.8018
 21
1.96927
  0
LINE
  8
0
 10
-5.8018
 20
1.96927
 11
-5.79861
 21
1.96815
  0
LINE
  8
0
 10
-5.79861
 20
1.96815
 11
-5.79547
 21
1.96692
  0
LINE
  8
0
 10
-5.79547
 20
1.96692
 11
-5.79237
 21
1.96555
  0
LINE
  8
0
 10
-5.79237
 20
1.96555
 11
-5.78935
 21
1.96404
  0
LINE
  8
0
 10
-5.78935
 20
1.96404
 11
-5.78639
 21
1.9624
  0
LINE
  8
0
 10
-5.78639
 20
1.9624
 11
-5.78349
 21
1.96066
  0
LINE
  8
0
 10
-5.78349
 20
1.96066
 11
-5.78069
 21
1.95879
  0
LINE
  8
0
 10
-5.78069
 20
1.95879
 11
-5.77795
 21
1.9568
  0
LINE
  8
0
 10
-5.77795
 20
1.9568
 11
-5.7753
 21
1.9547
  0
LINE
  8
0
 10
-5.7753
 20
1.9547
 11
-5.77274
 21
1.95248
  0
LINE
  8
0
 10
-5.77274
 20
1.95248
 11
-5.77028
 21
1.95018
  0
LINE
  8
0
 10
-5.77028
 20
1.95018
 11
-5.76791
 21
1.94775
  0
LINE
  8
0
 10
-5.76791
 20
1.94775
 11
-5.76566
 21
1.94525
  0
LINE
  8
0
 10
-5.76566
 20
1.94525
 11
-5.76349
 21
1.94264
  0
LINE
  8
0
 10
-5.76349
 20
1.94264
 11
-5.76144
 21
1.93996
  0
LINE
  8
0
 10
-5.76144
 20
1.93996
 11
-5.75952
 21
1.93718
  0
LINE
  8
0
 10
-5.75952
 20
1.93718
 11
-5.75771
 21
1.93433
  0
LINE
  8
0
 10
-5.75771
 20
1.93433
 11
-5.75601
 21
1.9314
  0
LINE
  8
0
 10
-5.75601
 20
1.9314
 11
-5.75446
 21
1.92839
  0
LINE
  8
0
 10
-5.75446
 20
1.92839
 11
-5.75302
 21
1.92534
  0
LINE
  8
0
 10
-5.75302
 20
1.92534
 11
-5.75171
 21
1.92223
  0
LINE
  8
0
 10
-5.75171
 20
1.92223
 11
-5.75052
 21
1.91905
  0
LINE
  8
0
 10
-5.75052
 20
1.91905
 11
-5.74948
 21
1.91583
  0
LINE
  8
0
 10
-5.74948
 20
1.91583
 11
-5.74857
 21
1.91258
  0
LINE
  8
0
 10
-5.74857
 20
1.91258
 11
-5.7478
 21
1.90929
  0
LINE
  8
0
 10
-5.7478
 20
1.90929
 11
-5.74716
 21
1.90598
  0
LINE
  8
0
 10
-5.74716
 20
1.90598
 11
-5.74667
 21
1.90263
  0
LINE
  8
0
 10
-5.74667
 20
1.90263
 11
-5.74632
 21
1.89926
  0
LINE
  8
0
 10
-5.74632
 20
1.89926
 11
-5.74611
 21
1.89589
  0
LINE
  8
0
 10
-5.74611
 20
1.89589
 11
-5.74603
 21
1.89252
  0
LINE
  8
0
 10
-5.74603
 20
1.89252
 11
-5.74611
 21
1.88913
  0
LINE
  8
0
 10
-5.74611
 20
1.88913
 11
-5.74632
 21
1.88576
  0
LINE
  8
0
 10
-5.74632
 20
1.88576
 11
-5.74667
 21
1.8824
  0
LINE
  8
0
 10
-5.74667
 20
1.8824
 11
-5.74716
 21
1.87906
  0
LINE
  8
0
 10
-5.74716
 20
1.87906
 11
-5.7478
 21
1.87573
  0
LINE
  8
0
 10
-5.7478
 20
1.87573
 11
-5.74857
 21
1.87244
  0
LINE
  8
0
 10
-5.74857
 20
1.87244
 11
-5.74948
 21
1.86919
  0
LINE
  8
0
 10
-5.74948
 20
1.86919
 11
-5.75052
 21
1.86597
  0
LINE
  8
0
 10
-5.75052
 20
1.86597
 11
-5.75171
 21
1.86281
  0
LINE
  8
0
 10
-5.75171
 20
1.86281
 11
-5.75302
 21
1.85968
  0
LINE
  8
0
 10
-5.75302
 20
1.85968
 11
-5.75446
 21
1.85663
  0
LINE
  8
0
 10
-5.75446
 20
1.85663
 11
-5.75601
 21
1.85364
  0
LINE
  8
0
 10
-5.75601
 20
1.85364
 11
-5.75771
 21
1.85071
  0
LINE
  8
0
 10
-5.75771
 20
1.85071
 11
-5.75952
 21
1.84785
  0
LINE
  8
0
 10
-5.75952
 20
1.84785
 11
-5.76144
 21
1.84508
  0
LINE
  8
0
 10
-5.76144
 20
1.84508
 11
-5.76349
 21
1.84238
  0
LINE
  8
0
 10
-5.76349
 20
1.84238
 11
-5.76566
 21
1.83978
  0
LINE
  8
0
 10
-5.76566
 20
1.83978
 11
-5.76791
 21
1.83727
  0
LINE
  8
0
 10
-5.76791
 20
1.83727
 11
-5.77028
 21
1.83485
  0
LINE
  8
0
 10
-5.77028
 20
1.83485
 11
-5.77274
 21
1.83253
  0
LINE
  8
0
 10
-5.77274
 20
1.83253
 11
-5.7753
 21
1.83032
  0
LINE
  8
0
 10
-5.7753
 20
1.83032
 11
-5.77795
 21
1.82823
  0
LINE
  8
0
 10
-5.77795
 20
1.82823
 11
-5.78069
 21
1.82623
  0
LINE
  8
0
 10
-5.78069
 20
1.82623
 11
-5.78349
 21
1.82437
  0
LINE
  8
0
 10
-5.78349
 20
1.82437
 11
-5.78639
 21
1.82262
  0
LINE
  8
0
 10
-5.78639
 20
1.82262
 11
-5.78935
 21
1.82098
  0
LINE
  8
0
 10
-5.78935
 20
1.82098
 11
-5.79237
 21
1.81949
  0
LINE
  8
0
 10
-5.79237
 20
1.81949
 11
-5.79547
 21
1.81812
  0
LINE
  8
0
 10
-5.79547
 20
1.81812
 11
-5.79861
 21
1.81686
  0
LINE
  8
0
 10
-5.79861
 20
1.81686
 11
-5.8018
 21
1.81575
  0
LINE
  8
0
 10
-5.8018
 20
1.81575
 11
-5.80504
 21
1.81477
  0
LINE
  8
0
 10
-5.80504
 20
1.81477
 11
-5.80832
 21
1.81393
  0
LINE
  8
0
 10
-5.80832
 20
1.81393
 11
-5.81161
 21
1.81323
  0
LINE
  8
0
 10
-5.81161
 20
1.81323
 11
-5.81496
 21
1.81267
  0
LINE
  8
0
 10
-5.81496
 20
1.81267
 11
-5.81831
 21
1.81224
  0
LINE
  8
0
 10
-5.81831
 20
1.81224
 11
-5.82167
 21
1.81197
  0
LINE
  8
0
 10
-5.82167
 20
1.81197
 11
-5.82506
 21
1.81183
  0
LINE
  8
0
 10
-5.82506
 20
1.81183
 11
-5.82843
 21
1.81183
  0
LINE
  8
0
 10
-1.44223
 20
1.81575
 11
-1.44543
 21
1.81686
  0
LINE
  8
0
 10
-1.44543
 20
1.81686
 11
-1.44858
 21
1.81812
  0
LINE
  8
0
 10
-1.44858
 20
1.81812
 11
-1.45166
 21
1.81949
  0
LINE
  8
0
 10
-1.45166
 20
1.81949
 11
-1.45468
 21
1.82098
  0
LINE
  8
0
 10
-1.45468
 20
1.82098
 11
-1.45766
 21
1.82262
  0
LINE
  8
0
 10
-1.45766
 20
1.82262
 11
-1.46054
 21
1.82437
  0
LINE
  8
0
 10
-1.46054
 20
1.82437
 11
-1.46336
 21
1.82623
  0
LINE
  8
0
 10
-1.46336
 20
1.82623
 11
-1.46609
 21
1.82823
  0
LINE
  8
0
 10
-1.46609
 20
1.82823
 11
-1.46873
 21
1.83032
  0
LINE
  8
0
 10
-1.46873
 20
1.83032
 11
-1.4713
 21
1.83253
  0
LINE
  8
0
 10
-1.4713
 20
1.83253
 11
-1.47377
 21
1.83485
  0
LINE
  8
0
 10
-1.47377
 20
1.83485
 11
-1.47614
 21
1.83727
  0
LINE
  8
0
 10
-1.47614
 20
1.83727
 11
-1.47839
 21
1.83978
  0
LINE
  8
0
 10
-1.47839
 20
1.83978
 11
-1.48055
 21
1.84238
  0
LINE
  8
0
 10
-1.48055
 20
1.84238
 11
-1.48259
 21
1.84508
  0
LINE
  8
0
 10
-1.48259
 20
1.84508
 11
-1.48453
 21
1.84785
  0
LINE
  8
0
 10
-1.48453
 20
1.84785
 11
-1.48633
 21
1.85071
  0
LINE
  8
0
 10
-1.48633
 20
1.85071
 11
-1.48802
 21
1.85364
  0
LINE
  8
0
 10
-1.48802
 20
1.85364
 11
-1.48959
 21
1.85663
  0
LINE
  8
0
 10
-1.48959
 20
1.85663
 11
-1.49103
 21
1.85968
  0
LINE
  8
0
 10
-1.49103
 20
1.85968
 11
-1.49234
 21
1.86281
  0
LINE
  8
0
 10
-1.49234
 20
1.86281
 11
-1.49352
 21
1.86597
  0
LINE
  8
0
 10
-1.49352
 20
1.86597
 11
-1.49457
 21
1.86919
  0
LINE
  8
0
 10
-1.49457
 20
1.86919
 11
-1.49547
 21
1.87244
  0
LINE
  8
0
 10
-1.49547
 20
1.87244
 11
-1.49625
 21
1.87573
  0
LINE
  8
0
 10
-1.49625
 20
1.87573
 11
-1.49687
 21
1.87906
  0
LINE
  8
0
 10
-1.49687
 20
1.87906
 11
-1.49738
 21
1.8824
  0
LINE
  8
0
 10
-1.49738
 20
1.8824
 11
-1.49773
 21
1.88576
  0
LINE
  8
0
 10
-1.49773
 20
1.88576
 11
-1.49794
 21
1.88913
  0
LINE
  8
0
 10
-1.49794
 20
1.88913
 11
-1.498
 21
1.89252
  0
LINE
  8
0
 10
-1.498
 20
1.89252
 11
-1.49794
 21
1.89589
  0
LINE
  8
0
 10
-1.49794
 20
1.89589
 11
-1.49773
 21
1.89926
  0
LINE
  8
0
 10
-1.49773
 20
1.89926
 11
-1.49738
 21
1.90263
  0
LINE
  8
0
 10
-1.49738
 20
1.90263
 11
-1.49687
 21
1.90598
  0
LINE
  8
0
 10
-1.49687
 20
1.90598
 11
-1.49625
 21
1.90929
  0
LINE
  8
0
 10
-1.49625
 20
1.90929
 11
-1.49547
 21
1.91258
  0
LINE
  8
0
 10
-1.49547
 20
1.91258
 11
-1.49457
 21
1.91583
  0
LINE
  8
0
 10
-1.49457
 20
1.91583
 11
-1.49352
 21
1.91905
  0
LINE
  8
0
 10
-1.49352
 20
1.91905
 11
-1.49234
 21
1.92223
  0
LINE
  8
0
 10
-1.49234
 20
1.92223
 11
-1.49103
 21
1.92534
  0
LINE
  8
0
 10
-1.49103
 20
1.92534
 11
-1.48959
 21
1.92839
  0
LINE
  8
0
 10
-1.48959
 20
1.92839
 11
-1.48802
 21
1.9314
  0
LINE
  8
0
 10
-1.48802
 20
1.9314
 11
-1.48633
 21
1.93433
  0
LINE
  8
0
 10
-1.48633
 20
1.93433
 11
-1.48453
 21
1.93718
  0
LINE
  8
0
 10
-1.48453
 20
1.93718
 11
-1.48259
 21
1.93996
  0
LINE
  8
0
 10
-1.48259
 20
1.93996
 11
-1.48055
 21
1.94264
  0
LINE
  8
0
 10
-1.48055
 20
1.94264
 11
-1.47839
 21
1.94525
  0
LINE
  8
0
 10
-1.47839
 20
1.94525
 11
-1.47614
 21
1.94775
  0
LINE
  8
0
 10
-1.47614
 20
1.94775
 11
-1.47377
 21
1.95018
  0
LINE
  8
0
 10
-1.47377
 20
1.95018
 11
-1.4713
 21
1.95248
  0
LINE
  8
0
 10
-1.4713
 20
1.95248
 11
-1.46873
 21
1.9547
  0
LINE
  8
0
 10
-1.46873
 20
1.9547
 11
-1.46609
 21
1.9568
  0
LINE
  8
0
 10
-1.46609
 20
1.9568
 11
-1.46336
 21
1.95879
  0
LINE
  8
0
 10
-1.46336
 20
1.95879
 11
-1.46054
 21
1.96066
  0
LINE
  8
0
 10
-1.46054
 20
1.96066
 11
-1.45766
 21
1.9624
  0
LINE
  8
0
 10
-1.45766
 20
1.9624
 11
-1.45468
 21
1.96404
  0
LINE
  8
0
 10
-1.45468
 20
1.96404
 11
-1.45166
 21
1.96555
  0
LINE
  8
0
 10
-1.45166
 20
1.96555
 11
-1.44858
 21
1.96692
  0
LINE
  8
0
 10
-1.44858
 20
1.96692
 11
-1.44543
 21
1.96815
  0
LINE
  8
0
 10
-1.44543
 20
1.96815
 11
-1.44223
 21
1.96927
  0
LINE
  8
0
 10
-1.44223
 20
1.96927
 11
-1.439
 21
1.97025
  0
LINE
  8
0
 10
-1.439
 20
1.97025
 11
-1.43573
 21
1.97108
  0
LINE
  8
0
 10
-1.43573
 20
1.97108
 11
-1.43242
 21
1.97179
  0
LINE
  8
0
 10
-1.43242
 20
1.97179
 11
-1.42909
 21
1.97235
  0
LINE
  8
0
 10
-1.42909
 20
1.97235
 11
-1.42574
 21
1.97278
  0
LINE
  8
0
 10
-1.42574
 20
1.97278
 11
-1.42236
 21
1.97307
  0
LINE
  8
0
 10
-1.42236
 20
1.97307
 11
-1.41899
 21
1.97321
  0
LINE
  8
0
 10
-1.41899
 20
1.97321
 11
-1.4156
 21
1.97321
  0
LINE
  8
0
 10
-1.4156
 20
1.97321
 11
-1.41223
 21
1.97307
  0
LINE
  8
0
 10
-1.41223
 20
1.97307
 11
-1.40886
 21
1.97278
  0
LINE
  8
0
 10
-1.40886
 20
1.97278
 11
-1.4055
 21
1.97235
  0
LINE
  8
0
 10
-1.4055
 20
1.97235
 11
-1.40218
 21
1.97179
  0
LINE
  8
0
 10
-1.40218
 20
1.97179
 11
-1.39886
 21
1.97108
  0
LINE
  8
0
 10
-1.39886
 20
1.97108
 11
-1.3956
 21
1.97025
  0
LINE
  8
0
 10
-1.3956
 20
1.97025
 11
-1.39235
 21
1.96927
  0
LINE
  8
0
 10
-1.39235
 20
1.96927
 11
-1.38916
 21
1.96815
  0
LINE
  8
0
 10
-1.38916
 20
1.96815
 11
-1.38602
 21
1.96692
  0
LINE
  8
0
 10
-1.38602
 20
1.96692
 11
-1.38293
 21
1.96555
  0
LINE
  8
0
 10
-1.38293
 20
1.96555
 11
-1.3799
 21
1.96404
  0
LINE
  8
0
 10
-1.3799
 20
1.96404
 11
-1.37694
 21
1.9624
  0
LINE
  8
0
 10
-1.37694
 20
1.9624
 11
-1.37405
 21
1.96066
  0
LINE
  8
0
 10
-1.37405
 20
1.96066
 11
-1.37123
 21
1.95879
  0
LINE
  8
0
 10
-1.37123
 20
1.95879
 11
-1.3685
 21
1.9568
  0
LINE
  8
0
 10
-1.3685
 20
1.9568
 11
-1.36584
 21
1.9547
  0
LINE
  8
0
 10
-1.36584
 20
1.9547
 11
-1.3633
 21
1.95248
  0
LINE
  8
0
 10
-1.3633
 20
1.95248
 11
-1.36082
 21
1.95018
  0
LINE
  8
0
 10
-1.36082
 20
1.95018
 11
-1.35846
 21
1.94775
  0
LINE
  8
0
 10
-1.35846
 20
1.94775
 11
-1.3562
 21
1.94525
  0
LINE
  8
0
 10
-1.3562
 20
1.94525
 11
-1.35405
 21
1.94264
  0
LINE
  8
0
 10
-1.35405
 20
1.94264
 11
-1.35201
 21
1.93996
  0
LINE
  8
0
 10
-1.35201
 20
1.93996
 11
-1.35007
 21
1.93718
  0
LINE
  8
0
 10
-1.35007
 20
1.93718
 11
-1.34827
 21
1.93433
  0
LINE
  8
0
 10
-1.34827
 20
1.93433
 11
-1.34657
 21
1.9314
  0
LINE
  8
0
 10
-1.34657
 20
1.9314
 11
-1.345
 21
1.92839
  0
LINE
  8
0
 10
-1.345
 20
1.92839
 11
-1.34357
 21
1.92534
  0
LINE
  8
0
 10
-1.34357
 20
1.92534
 11
-1.34225
 21
1.92223
  0
LINE
  8
0
 10
-1.34225
 20
1.92223
 11
-1.34108
 21
1.91905
  0
LINE
  8
0
 10
-1.34108
 20
1.91905
 11
-1.34003
 21
1.91583
  0
LINE
  8
0
 10
-1.34003
 20
1.91583
 11
-1.33913
 21
1.91258
  0
LINE
  8
0
 10
-1.33913
 20
1.91258
 11
-1.33835
 21
1.90929
  0
LINE
  8
0
 10
-1.33835
 20
1.90929
 11
-1.33772
 21
1.90598
  0
LINE
  8
0
 10
-1.33772
 20
1.90598
 11
-1.33722
 21
1.90263
  0
LINE
  8
0
 10
-1.33722
 20
1.90263
 11
-1.33687
 21
1.89926
  0
LINE
  8
0
 10
-1.33687
 20
1.89926
 11
-1.33665
 21
1.89589
  0
LINE
  8
0
 10
-1.33665
 20
1.89589
 11
-1.33659
 21
1.89252
  0
LINE
  8
0
 10
-1.33659
 20
1.89252
 11
-1.33665
 21
1.88913
  0
LINE
  8
0
 10
-1.33665
 20
1.88913
 11
-1.33687
 21
1.88576
  0
LINE
  8
0
 10
-1.33687
 20
1.88576
 11
-1.33722
 21
1.8824
  0
LINE
  8
0
 10
-1.33722
 20
1.8824
 11
-1.33772
 21
1.87906
  0
LINE
  8
0
 10
-1.33772
 20
1.87906
 11
-1.33835
 21
1.87573
  0
LINE
  8
0
 10
-1.33835
 20
1.87573
 11
-1.33913
 21
1.87244
  0
LINE
  8
0
 10
-1.33913
 20
1.87244
 11
-1.34003
 21
1.86919
  0
LINE
  8
0
 10
-1.34003
 20
1.86919
 11
-1.34108
 21
1.86597
  0
LINE
  8
0
 10
-1.34108
 20
1.86597
 11
-1.34225
 21
1.86281
  0
LINE
  8
0
 10
-1.34225
 20
1.86281
 11
-1.34357
 21
1.85968
  0
LINE
  8
0
 10
-1.34357
 20
1.85968
 11
-1.345
 21
1.85663
  0
LINE
  8
0
 10
-1.345
 20
1.85663
 11
-1.34657
 21
1.85364
  0
LINE
  8
0
 10
-1.34657
 20
1.85364
 11
-1.34827
 21
1.85071
  0
LINE
  8
0
 10
-1.34827
 20
1.85071
 11
-1.35007
 21
1.84785
  0
LINE
  8
0
 10
-1.35007
 20
1.84785
 11
-1.35201
 21
1.84508
  0
LINE
  8
0
 10
-1.35201
 20
1.84508
 11
-1.35405
 21
1.84238
  0
LINE
  8
0
 10
-1.35405
 20
1.84238
 11
-1.3562
 21
1.83978
  0
LINE
  8
0
 10
-1.3562
 20
1.83978
 11
-1.35846
 21
1.83727
  0
LINE
  8
0
 10
-1.35846
 20
1.83727
 11
-1.36082
 21
1.83485
  0
LINE
  8
0
 10
-1.36082
 20
1.83485
 11
-1.3633
 21
1.83253
  0
LINE
  8
0
 10
-1.3633
 20
1.83253
 11
-1.36584
 21
1.83032
  0
LINE
  8
0
 10
-1.36584
 20
1.83032
 11
-1.3685
 21
1.82823
  0
LINE
  8
0
 10
-1.3685
 20
1.82823
 11
-1.37123
 21
1.82623
  0
LINE
  8
0
 10
-1.37123
 20
1.82623
 11
-1.37405
 21
1.82437
  0
LINE
  8
0
 10
-1.37405
 20
1.82437
 11
-1.37694
 21
1.82262
  0
LINE
  8
0
 10
-1.37694
 20
1.82262
 11
-1.3799
 21
1.82098
  0
LINE
  8
0
 10
-1.3799
 20
1.82098
 11
-1.38293
 21
1.81949
  0
LINE
  8
0
 10
-1.38293
 20
1.81949
 11
-1.38602
 21
1.81812
  0
LINE
  8
0
 10
-1.38602
 20
1.81812
 11
-1.38916
 21
1.81686
  0
LINE
  8
0
 10
-1.38916
 20
1.81686
 11
-1.39235
 21
1.81575
  0
LINE
  8
0
 10
-1.39235
 20
1.81575
 11
-1.3956
 21
1.81477
  0
LINE
  8
0
 10
-1.3956
 20
1.81477
 11
-1.39886
 21
1.81393
  0
LINE
  8
0
 10
-1.39886
 20
1.81393
 11
-1.40218
 21
1.81323
  0
LINE
  8
0
 10
-1.40218
 20
1.81323
 11
-1.4055
 21
1.81267
  0
LINE
  8
0
 10
-1.4055
 20
1.81267
 11
-1.40886
 21
1.81224
  0
LINE
  8
0
 10
-1.40886
 20
1.81224
 11
-1.41223
 21
1.81197
  0
LINE
  8
0
 10
-1.41223
 20
1.81197
 11
-1.4156
 21
1.81183
  0
LINE
  8
0
 10
-1.4156
 20
1.81183
 11
-1.41899
 21
1.81183
  0
LINE
  8
0
 10
-1.41899
 20
1.81183
 11
-1.42236
 21
1.81197
  0
LINE
  8
0
 10
-1.42236
 20
1.81197
 11
-1.42574
 21
1.81224
  0
LINE
  8
0
 10
-1.42574
 20
1.81224
 11
-1.42909
 21
1.81267
  0
LINE
  8
0
 10
-1.42909
 20
1.81267
 11
-1.43242
 21
1.81323
  0
LINE
  8
0
 10
-1.43242
 20
1.81323
 11
-1.43573
 21
1.81393
  0
LINE
  8
0
 10
-1.43573
 20
1.81393
 11
-1.439
 21
1.81477
  0
LINE
  8
0
 10
-1.439
 20
1.81477
 11
-1.44223
 21
1.81575
  0
LINE
  8
0
 10
2.99045
 20
1.81183
 11
2.98708
 21
1.81197
  0
LINE
  8
0
 10
2.98708
 20
1.81197
 11
2.9837
 21
1.81224
  0
LINE
  8
0
 10
2.9837
 20
1.81224
 11
2.98035
 21
1.81267
  0
LINE
  8
0
 10
2.98035
 20
1.81267
 11
2.97702
 21
1.81323
  0
LINE
  8
0
 10
2.97702
 20
1.81323
 11
2.97371
 21
1.81393
  0
LINE
  8
0
 10
2.97371
 20
1.81393
 11
2.97043
 21
1.81477
  0
LINE
  8
0
 10
2.97043
 20
1.81477
 11
2.96719
 21
1.81575
  0
LINE
  8
0
 10
2.96719
 20
1.81575
 11
2.964
 21
1.81686
  0
LINE
  8
0
 10
2.964
 20
1.81686
 11
2.96086
 21
1.81812
  0
LINE
  8
0
 10
2.96086
 20
1.81812
 11
2.95778
 21
1.81949
  0
LINE
  8
0
 10
2.95778
 20
1.81949
 11
2.95474
 21
1.82098
  0
LINE
  8
0
 10
2.95474
 20
1.82098
 11
2.95178
 21
1.82262
  0
LINE
  8
0
 10
2.95178
 20
1.82262
 11
2.9489
 21
1.82437
  0
LINE
  8
0
 10
2.9489
 20
1.82437
 11
2.94608
 21
1.82623
  0
LINE
  8
0
 10
2.94608
 20
1.82623
 11
2.94334
 21
1.82823
  0
LINE
  8
0
 10
2.94334
 20
1.82823
 11
2.94069
 21
1.83032
  0
LINE
  8
0
 10
2.94069
 20
1.83032
 11
2.93813
 21
1.83253
  0
LINE
  8
0
 10
2.93813
 20
1.83253
 11
2.93567
 21
1.83485
  0
LINE
  8
0
 10
2.93567
 20
1.83485
 11
2.9333
 21
1.83727
  0
LINE
  8
0
 10
2.9333
 20
1.83727
 11
2.93105
 21
1.83978
  0
LINE
  8
0
 10
2.93105
 20
1.83978
 11
2.92888
 21
1.84238
  0
LINE
  8
0
 10
2.92888
 20
1.84238
 11
2.92685
 21
1.84508
  0
LINE
  8
0
 10
2.92685
 20
1.84508
 11
2.92491
 21
1.84785
  0
LINE
  8
0
 10
2.92491
 20
1.84785
 11
2.9231
 21
1.85071
  0
LINE
  8
0
 10
2.9231
 20
1.85071
 11
2.92142
 21
1.85364
  0
LINE
  8
0
 10
2.92142
 20
1.85364
 11
2.91985
 21
1.85663
  0
LINE
  8
0
 10
2.91985
 20
1.85663
 11
2.91841
 21
1.85968
  0
LINE
  8
0
 10
2.91841
 20
1.85968
 11
2.9171
 21
1.86281
  0
LINE
  8
0
 10
2.9171
 20
1.86281
 11
2.91592
 21
1.86597
  0
LINE
  8
0
 10
2.91592
 20
1.86597
 11
2.91487
 21
1.86919
  0
LINE
  8
0
 10
2.91487
 20
1.86919
 11
2.91397
 21
1.87244
  0
LINE
  8
0
 10
2.91397
 20
1.87244
 11
2.91319
 21
1.87573
  0
LINE
  8
0
 10
2.91319
 20
1.87573
 11
2.91255
 21
1.87906
  0
LINE
  8
0
 10
2.91255
 20
1.87906
 11
2.91206
 21
1.8824
  0
LINE
  8
0
 10
2.91206
 20
1.8824
 11
2.91171
 21
1.88576
  0
LINE
  8
0
 10
2.91171
 20
1.88576
 11
2.9115
 21
1.88913
  0
LINE
  8
0
 10
2.9115
 20
1.88913
 11
2.91142
 21
1.89252
  0
LINE
  8
0
 10
2.91142
 20
1.89252
 11
2.9115
 21
1.89589
  0
LINE
  8
0
 10
2.9115
 20
1.89589
 11
2.91171
 21
1.89926
  0
LINE
  8
0
 10
2.91171
 20
1.89926
 11
2.91206
 21
1.90263
  0
LINE
  8
0
 10
2.91206
 20
1.90263
 11
2.91255
 21
1.90598
  0
LINE
  8
0
 10
2.91255
 20
1.90598
 11
2.91319
 21
1.90929
  0
LINE
  8
0
 10
2.91319
 20
1.90929
 11
2.91397
 21
1.91258
  0
LINE
  8
0
 10
2.91397
 20
1.91258
 11
2.91487
 21
1.91583
  0
LINE
  8
0
 10
2.91487
 20
1.91583
 11
2.91592
 21
1.91905
  0
LINE
  8
0
 10
2.91592
 20
1.91905
 11
2.9171
 21
1.92223
  0
LINE
  8
0
 10
2.9171
 20
1.92223
 11
2.91841
 21
1.92534
  0
LINE
  8
0
 10
2.91841
 20
1.92534
 11
2.91985
 21
1.92839
  0
LINE
  8
0
 10
2.91985
 20
1.92839
 11
2.92142
 21
1.9314
  0
LINE
  8
0
 10
2.92142
 20
1.9314
 11
2.9231
 21
1.93433
  0
LINE
  8
0
 10
2.9231
 20
1.93433
 11
2.92491
 21
1.93718
  0
LINE
  8
0
 10
2.92491
 20
1.93718
 11
2.92685
 21
1.93996
  0
LINE
  8
0
 10
2.92685
 20
1.93996
 11
2.92888
 21
1.94264
  0
LINE
  8
0
 10
2.92888
 20
1.94264
 11
2.93105
 21
1.94525
  0
LINE
  8
0
 10
2.93105
 20
1.94525
 11
2.9333
 21
1.94775
  0
LINE
  8
0
 10
2.9333
 20
1.94775
 11
2.93567
 21
1.95018
  0
LINE
  8
0
 10
2.93567
 20
1.95018
 11
2.93813
 21
1.95248
  0
LINE
  8
0
 10
2.93813
 20
1.95248
 11
2.94069
 21
1.9547
  0
LINE
  8
0
 10
2.94069
 20
1.9547
 11
2.94334
 21
1.9568
  0
LINE
  8
0
 10
2.94334
 20
1.9568
 11
2.94608
 21
1.95879
  0
LINE
  8
0
 10
2.94608
 20
1.95879
 11
2.9489
 21
1.96066
  0
LINE
  8
0
 10
2.9489
 20
1.96066
 11
2.95178
 21
1.9624
  0
LINE
  8
0
 10
2.95178
 20
1.9624
 11
2.95474
 21
1.96404
  0
LINE
  8
0
 10
2.95474
 20
1.96404
 11
2.95778
 21
1.96555
  0
LINE
  8
0
 10
2.95778
 20
1.96555
 11
2.96086
 21
1.96692
  0
LINE
  8
0
 10
2.96086
 20
1.96692
 11
2.964
 21
1.96815
  0
LINE
  8
0
 10
2.964
 20
1.96815
 11
2.96719
 21
1.96927
  0
LINE
  8
0
 10
2.96719
 20
1.96927
 11
2.97043
 21
1.97025
  0
LINE
  8
0
 10
2.97043
 20
1.97025
 11
2.97371
 21
1.97108
  0
LINE
  8
0
 10
2.97371
 20
1.97108
 11
2.97702
 21
1.97179
  0
LINE
  8
0
 10
2.97702
 20
1.97179
 11
2.98035
 21
1.97235
  0
LINE
  8
0
 10
2.98035
 20
1.97235
 11
2.9837
 21
1.97278
  0
LINE
  8
0
 10
2.9837
 20
1.97278
 11
2.98708
 21
1.97307
  0
LINE
  8
0
 10
2.98708
 20
1.97307
 11
2.99045
 21
1.97321
  0
LINE
  8
0
 10
2.99045
 20
1.97321
 11
2.99382
 21
1.97321
  0
LINE
  8
0
 10
2.99382
 20
1.97321
 11
2.99721
 21
1.97307
  0
LINE
  8
0
 10
2.99721
 20
1.97307
 11
3.00058
 21
1.97278
  0
LINE
  8
0
 10
3.00058
 20
1.97278
 11
3.00392
 21
1.97235
  0
LINE
  8
0
 10
3.00392
 20
1.97235
 11
3.00726
 21
1.97179
  0
LINE
  8
0
 10
3.00726
 20
1.97179
 11
3.01057
 21
1.97108
  0
LINE
  8
0
 10
3.01057
 20
1.97108
 11
3.01384
 21
1.97025
  0
LINE
  8
0
 10
3.01384
 20
1.97025
 11
3.01707
 21
1.96927
  0
LINE
  8
0
 10
3.01707
 20
1.96927
 11
3.02026
 21
1.96815
  0
LINE
  8
0
 10
3.02026
 20
1.96815
 11
3.02341
 21
1.96692
  0
LINE
  8
0
 10
3.02341
 20
1.96692
 11
3.0265
 21
1.96555
  0
LINE
  8
0
 10
3.0265
 20
1.96555
 11
3.02953
 21
1.96404
  0
LINE
  8
0
 10
3.02953
 20
1.96404
 11
3.03249
 21
1.9624
  0
LINE
  8
0
 10
3.03249
 20
1.9624
 11
3.03539
 21
1.96066
  0
LINE
  8
0
 10
3.03539
 20
1.96066
 11
3.03819
 21
1.95879
  0
LINE
  8
0
 10
3.03819
 20
1.95879
 11
3.04094
 21
1.9568
  0
LINE
  8
0
 10
3.04094
 20
1.9568
 11
3.04358
 21
1.9547
  0
LINE
  8
0
 10
3.04358
 20
1.9547
 11
3.04614
 21
1.95248
  0
LINE
  8
0
 10
3.04614
 20
1.95248
 11
3.0486
 21
1.95018
  0
LINE
  8
0
 10
3.0486
 20
1.95018
 11
3.05096
 21
1.94775
  0
LINE
  8
0
 10
3.05096
 20
1.94775
 11
3.05324
 21
1.94525
  0
LINE
  8
0
 10
3.05324
 20
1.94525
 11
3.05539
 21
1.94264
  0
LINE
  8
0
 10
3.05539
 20
1.94264
 11
3.05743
 21
1.93996
  0
LINE
  8
0
 10
3.05743
 20
1.93996
 11
3.05936
 21
1.93718
  0
LINE
  8
0
 10
3.05936
 20
1.93718
 11
3.06117
 21
1.93433
  0
LINE
  8
0
 10
3.06117
 20
1.93433
 11
3.06287
 21
1.9314
  0
LINE
  8
0
 10
3.06287
 20
1.9314
 11
3.06442
 21
1.92839
  0
LINE
  8
0
 10
3.06442
 20
1.92839
 11
3.06587
 21
1.92534
  0
LINE
  8
0
 10
3.06587
 20
1.92534
 11
3.06718
 21
1.92223
  0
LINE
  8
0
 10
3.06718
 20
1.92223
 11
3.06836
 21
1.91905
  0
LINE
  8
0
 10
3.06836
 20
1.91905
 11
3.0694
 21
1.91583
  0
LINE
  8
0
 10
3.0694
 20
1.91583
 11
3.07031
 21
1.91258
  0
LINE
  8
0
 10
3.07031
 20
1.91258
 11
3.07108
 21
1.90929
  0
LINE
  8
0
 10
3.07108
 20
1.90929
 11
3.07172
 21
1.90598
  0
LINE
  8
0
 10
3.07172
 20
1.90598
 11
3.0722
 21
1.90263
  0
LINE
  8
0
 10
3.0722
 20
1.90263
 11
3.07256
 21
1.89926
  0
LINE
  8
0
 10
3.07256
 20
1.89926
 11
3.07277
 21
1.89589
  0
LINE
  8
0
 10
3.07277
 20
1.89589
 11
3.07285
 21
1.89252
  0
LINE
  8
0
 10
3.07285
 20
1.89252
 11
3.07277
 21
1.88913
  0
LINE
  8
0
 10
3.07277
 20
1.88913
 11
3.07256
 21
1.88576
  0
LINE
  8
0
 10
3.07256
 20
1.88576
 11
3.0722
 21
1.8824
  0
LINE
  8
0
 10
3.0722
 20
1.8824
 11
3.07172
 21
1.87906
  0
LINE
  8
0
 10
3.07172
 20
1.87906
 11
3.07108
 21
1.87573
  0
LINE
  8
0
 10
3.07108
 20
1.87573
 11
3.07031
 21
1.87244
  0
LINE
  8
0
 10
3.07031
 20
1.87244
 11
3.0694
 21
1.86919
  0
LINE
  8
0
 10
3.0694
 20
1.86919
 11
3.06836
 21
1.86597
  0
LINE
  8
0
 10
3.06836
 20
1.86597
 11
3.06718
 21
1.86281
  0
LINE
  8
0
 10
3.06718
 20
1.86281
 11
3.06587
 21
1.85968
  0
LINE
  8
0
 10
3.06587
 20
1.85968
 11
3.06442
 21
1.85663
  0
LINE
  8
0
 10
3.06442
 20
1.85663
 11
3.06287
 21
1.85364
  0
LINE
  8
0
 10
3.06287
 20
1.85364
 11
3.06117
 21
1.85071
  0
LINE
  8
0
 10
3.06117
 20
1.85071
 11
3.05936
 21
1.84785
  0
LINE
  8
0
 10
3.05936
 20
1.84785
 11
3.05743
 21
1.84508
  0
LINE
  8
0
 10
3.05743
 20
1.84508
 11
3.05539
 21
1.84238
  0
LINE
  8
0
 10
3.05539
 20
1.84238
 11
3.05324
 21
1.83978
  0
LINE
  8
0
 10
3.05324
 20
1.83978
 11
3.05096
 21
1.83727
  0
LINE
  8
0
 10
3.05096
 20
1.83727
 11
3.0486
 21
1.83485
  0
LINE
  8
0
 10
3.0486
 20
1.83485
 11
3.04614
 21
1.83253
  0
LINE
  8
0
 10
3.04614
 20
1.83253
 11
3.04358
 21
1.83032
  0
LINE
  8
0
 10
3.04358
 20
1.83032
 11
3.04094
 21
1.82823
  0
LINE
  8
0
 10
3.04094
 20
1.82823
 11
3.03819
 21
1.82623
  0
LINE
  8
0
 10
3.03819
 20
1.82623
 11
3.03539
 21
1.82437
  0
LINE
  8
0
 10
3.03539
 20
1.82437
 11
3.03249
 21
1.82262
  0
LINE
  8
0
 10
3.03249
 20
1.82262
 11
3.02953
 21
1.82098
  0
LINE
  8
0
 10
3.02953
 20
1.82098
 11
3.0265
 21
1.81949
  0
LINE
  8
0
 10
3.0265
 20
1.81949
 11
3.02341
 21
1.81812
  0
LINE
  8
0
 10
3.02341
 20
1.81812
 11
3.02026
 21
1.81686
  0
LINE
  8
0
 10
3.02026
 20
1.81686
 11
3.01707
 21
1.81575
  0
LINE
  8
0
 10
3.01707
 20
1.81575
 11
3.01384
 21
1.81477
  0
LINE
  8
0
 10
3.01384
 20
1.81477
 11
3.01057
 21
1.81393
  0
LINE
  8
0
 10
3.01057
 20
1.81393
 11
3.00726
 21
1.81323
  0
LINE
  8
0
 10
3.00726
 20
1.81323
 11
3.00392
 21
1.81267
  0
LINE
  8
0
 10
3.00392
 20
1.81267
 11
3.00058
 21
1.81224
  0
LINE
  8
0
 10
3.00058
 20
1.81224
 11
2.99721
 21
1.81197
  0
LINE
  8
0
 10
2.99721
 20
1.81197
 11
2.99382
 21
1.81183
  0
LINE
  8
0
 10
2.99382
 20
1.81183
 11
2.99045
 21
1.81183
  0
LINE
  8
0
 10
4.25029
 20
1.81183
 11
4.24692
 21
1.81197
  0
LINE
  8
0
 10
4.24692
 20
1.81197
 11
4.24355
 21
1.81224
  0
LINE
  8
0
 10
4.24355
 20
1.81224
 11
4.24019
 21
1.81267
  0
LINE
  8
0
 10
4.24019
 20
1.81267
 11
4.23686
 21
1.81323
  0
LINE
  8
0
 10
4.23686
 20
1.81323
 11
4.23355
 21
1.81393
  0
LINE
  8
0
 10
4.23355
 20
1.81393
 11
4.23027
 21
1.81477
  0
LINE
  8
0
 10
4.23027
 20
1.81477
 11
4.22704
 21
1.81575
  0
LINE
  8
0
 10
4.22704
 20
1.81575
 11
4.22385
 21
1.81686
  0
LINE
  8
0
 10
4.22385
 20
1.81686
 11
4.2207
 21
1.81812
  0
LINE
  8
0
 10
4.2207
 20
1.81812
 11
4.21762
 21
1.81949
  0
LINE
  8
0
 10
4.21762
 20
1.81949
 11
4.21458
 21
1.82098
  0
LINE
  8
0
 10
4.21458
 20
1.82098
 11
4.21162
 21
1.82262
  0
LINE
  8
0
 10
4.21162
 20
1.82262
 11
4.20874
 21
1.82437
  0
LINE
  8
0
 10
4.20874
 20
1.82437
 11
4.20592
 21
1.82623
  0
LINE
  8
0
 10
4.20592
 20
1.82623
 11
4.20319
 21
1.82823
  0
LINE
  8
0
 10
4.20319
 20
1.82823
 11
4.20053
 21
1.83032
  0
LINE
  8
0
 10
4.20053
 20
1.83032
 11
4.19797
 21
1.83253
  0
LINE
  8
0
 10
4.19797
 20
1.83253
 11
4.19551
 21
1.83485
  0
LINE
  8
0
 10
4.19551
 20
1.83485
 11
4.19315
 21
1.83727
  0
LINE
  8
0
 10
4.19315
 20
1.83727
 11
4.19089
 21
1.83978
  0
LINE
  8
0
 10
4.19089
 20
1.83978
 11
4.18874
 21
1.84238
  0
LINE
  8
0
 10
4.18874
 20
1.84238
 11
4.18669
 21
1.84508
  0
LINE
  8
0
 10
4.18669
 20
1.84508
 11
4.18475
 21
1.84785
  0
LINE
  8
0
 10
4.18475
 20
1.84785
 11
4.18294
 21
1.85071
  0
LINE
  8
0
 10
4.18294
 20
1.85071
 11
4.18126
 21
1.85364
  0
LINE
  8
0
 10
4.18126
 20
1.85364
 11
4.17969
 21
1.85663
  0
LINE
  8
0
 10
4.17969
 20
1.85663
 11
4.17825
 21
1.85968
  0
LINE
  8
0
 10
4.17825
 20
1.85968
 11
4.17694
 21
1.86281
  0
LINE
  8
0
 10
4.17694
 20
1.86281
 11
4.17577
 21
1.86597
  0
LINE
  8
0
 10
4.17577
 20
1.86597
 11
4.17471
 21
1.86919
  0
LINE
  8
0
 10
4.17471
 20
1.86919
 11
4.17381
 21
1.87244
  0
LINE
  8
0
 10
4.17381
 20
1.87244
 11
4.17303
 21
1.87573
  0
LINE
  8
0
 10
4.17303
 20
1.87573
 11
4.17239
 21
1.87906
  0
LINE
  8
0
 10
4.17239
 20
1.87906
 11
4.17191
 21
1.8824
  0
LINE
  8
0
 10
4.17191
 20
1.8824
 11
4.17155
 21
1.88576
  0
LINE
  8
0
 10
4.17155
 20
1.88576
 11
4.17134
 21
1.88913
  0
LINE
  8
0
 10
4.17134
 20
1.88913
 11
4.17126
 21
1.89252
  0
LINE
  8
0
 10
4.17126
 20
1.89252
 11
4.17134
 21
1.89589
  0
LINE
  8
0
 10
4.17134
 20
1.89589
 11
4.17155
 21
1.89926
  0
LINE
  8
0
 10
4.17155
 20
1.89926
 11
4.17191
 21
1.90263
  0
LINE
  8
0
 10
4.17191
 20
1.90263
 11
4.17239
 21
1.90598
  0
LINE
  8
0
 10
4.17239
 20
1.90598
 11
4.17303
 21
1.90929
  0
LINE
  8
0
 10
4.17303
 20
1.90929
 11
4.17381
 21
1.91258
  0
LINE
  8
0
 10
4.17381
 20
1.91258
 11
4.17471
 21
1.91583
  0
LINE
  8
0
 10
4.17471
 20
1.91583
 11
4.17577
 21
1.91905
  0
LINE
  8
0
 10
4.17577
 20
1.91905
 11
4.17694
 21
1.92223
  0
LINE
  8
0
 10
4.17694
 20
1.92223
 11
4.17825
 21
1.92534
  0
LINE
  8
0
 10
4.17825
 20
1.92534
 11
4.17969
 21
1.92839
  0
LINE
  8
0
 10
4.17969
 20
1.92839
 11
4.18126
 21
1.9314
  0
LINE
  8
0
 10
4.18126
 20
1.9314
 11
4.18294
 21
1.93433
  0
LINE
  8
0
 10
4.18294
 20
1.93433
 11
4.18475
 21
1.93718
  0
LINE
  8
0
 10
4.18475
 20
1.93718
 11
4.18669
 21
1.93996
  0
LINE
  8
0
 10
4.18669
 20
1.93996
 11
4.18874
 21
1.94264
  0
LINE
  8
0
 10
4.18874
 20
1.94264
 11
4.19089
 21
1.94525
  0
LINE
  8
0
 10
4.19089
 20
1.94525
 11
4.19315
 21
1.94775
  0
LINE
  8
0
 10
4.19315
 20
1.94775
 11
4.19551
 21
1.95018
  0
LINE
  8
0
 10
4.19551
 20
1.95018
 11
4.19797
 21
1.95248
  0
LINE
  8
0
 10
4.19797
 20
1.95248
 11
4.20053
 21
1.9547
  0
LINE
  8
0
 10
4.20053
 20
1.9547
 11
4.20319
 21
1.9568
  0
LINE
  8
0
 10
4.20319
 20
1.9568
 11
4.20592
 21
1.95879
  0
LINE
  8
0
 10
4.20592
 20
1.95879
 11
4.20874
 21
1.96066
  0
LINE
  8
0
 10
4.20874
 20
1.96066
 11
4.21162
 21
1.9624
  0
LINE
  8
0
 10
4.21162
 20
1.9624
 11
4.21458
 21
1.96404
  0
LINE
  8
0
 10
4.21458
 20
1.96404
 11
4.21762
 21
1.96555
  0
LINE
  8
0
 10
4.21762
 20
1.96555
 11
4.2207
 21
1.96692
  0
LINE
  8
0
 10
4.2207
 20
1.96692
 11
4.22385
 21
1.96815
  0
LINE
  8
0
 10
4.22385
 20
1.96815
 11
4.22704
 21
1.96927
  0
LINE
  8
0
 10
4.22704
 20
1.96927
 11
4.23027
 21
1.97025
  0
LINE
  8
0
 10
4.23027
 20
1.97025
 11
4.23355
 21
1.97108
  0
LINE
  8
0
 10
4.23355
 20
1.97108
 11
4.23686
 21
1.97179
  0
LINE
  8
0
 10
4.23686
 20
1.97179
 11
4.24019
 21
1.97235
  0
LINE
  8
0
 10
4.24019
 20
1.97235
 11
4.24355
 21
1.97278
  0
LINE
  8
0
 10
4.24355
 20
1.97278
 11
4.24692
 21
1.97307
  0
LINE
  8
0
 10
4.24692
 20
1.97307
 11
4.25029
 21
1.97321
  0
LINE
  8
0
 10
4.25029
 20
1.97321
 11
4.25368
 21
1.97321
  0
LINE
  8
0
 10
4.25368
 20
1.97321
 11
4.25705
 21
1.97307
  0
LINE
  8
0
 10
4.25705
 20
1.97307
 11
4.26042
 21
1.97278
  0
LINE
  8
0
 10
4.26042
 20
1.97278
 11
4.26376
 21
1.97235
  0
LINE
  8
0
 10
4.26376
 20
1.97235
 11
4.26711
 21
1.97179
  0
LINE
  8
0
 10
4.26711
 20
1.97179
 11
4.27042
 21
1.97108
  0
LINE
  8
0
 10
4.27042
 20
1.97108
 11
4.27368
 21
1.97025
  0
LINE
  8
0
 10
4.27368
 20
1.97025
 11
4.27692
 21
1.96927
  0
LINE
  8
0
 10
4.27692
 20
1.96927
 11
4.28011
 21
1.96815
  0
LINE
  8
0
 10
4.28011
 20
1.96815
 11
4.28325
 21
1.96692
  0
LINE
  8
0
 10
4.28325
 20
1.96692
 11
4.28635
 21
1.96555
  0
LINE
  8
0
 10
4.28635
 20
1.96555
 11
4.28937
 21
1.96404
  0
LINE
  8
0
 10
4.28937
 20
1.96404
 11
4.29233
 21
1.9624
  0
LINE
  8
0
 10
4.29233
 20
1.9624
 11
4.29523
 21
1.96066
  0
LINE
  8
0
 10
4.29523
 20
1.96066
 11
4.29803
 21
1.95879
  0
LINE
  8
0
 10
4.29803
 20
1.95879
 11
4.30078
 21
1.9568
  0
LINE
  8
0
 10
4.30078
 20
1.9568
 11
4.30342
 21
1.9547
  0
LINE
  8
0
 10
4.30342
 20
1.9547
 11
4.30598
 21
1.95248
  0
LINE
  8
0
 10
4.30598
 20
1.95248
 11
4.30846
 21
1.95018
  0
LINE
  8
0
 10
4.30846
 20
1.95018
 11
4.31082
 21
1.94775
  0
LINE
  8
0
 10
4.31082
 20
1.94775
 11
4.31308
 21
1.94525
  0
LINE
  8
0
 10
4.31308
 20
1.94525
 11
4.31523
 21
1.94264
  0
LINE
  8
0
 10
4.31523
 20
1.94264
 11
4.31728
 21
1.93996
  0
LINE
  8
0
 10
4.31728
 20
1.93996
 11
4.3192
 21
1.93718
  0
LINE
  8
0
 10
4.3192
 20
1.93718
 11
4.32101
 21
1.93433
  0
LINE
  8
0
 10
4.32101
 20
1.93433
 11
4.32271
 21
1.9314
  0
LINE
  8
0
 10
4.32271
 20
1.9314
 11
4.32426
 21
1.92839
  0
LINE
  8
0
 10
4.32426
 20
1.92839
 11
4.32571
 21
1.92534
  0
LINE
  8
0
 10
4.32571
 20
1.92534
 11
4.32703
 21
1.92223
  0
LINE
  8
0
 10
4.32703
 20
1.92223
 11
4.3282
 21
1.91905
  0
LINE
  8
0
 10
4.3282
 20
1.91905
 11
4.32924
 21
1.91583
  0
LINE
  8
0
 10
4.32924
 20
1.91583
 11
4.33015
 21
1.91258
  0
LINE
  8
0
 10
4.33015
 20
1.91258
 11
4.33093
 21
1.90929
  0
LINE
  8
0
 10
4.33093
 20
1.90929
 11
4.33156
 21
1.90598
  0
LINE
  8
0
 10
4.33156
 20
1.90598
 11
4.33205
 21
1.90263
  0
LINE
  8
0
 10
4.33205
 20
1.90263
 11
4.33241
 21
1.89926
  0
LINE
  8
0
 10
4.33241
 20
1.89926
 11
4.33261
 21
1.89589
  0
LINE
  8
0
 10
4.33261
 20
1.89589
 11
4.33269
 21
1.89252
  0
LINE
  8
0
 10
4.33269
 20
1.89252
 11
4.33261
 21
1.88913
  0
LINE
  8
0
 10
4.33261
 20
1.88913
 11
4.33241
 21
1.88576
  0
LINE
  8
0
 10
4.33241
 20
1.88576
 11
4.33205
 21
1.8824
  0
LINE
  8
0
 10
4.33205
 20
1.8824
 11
4.33156
 21
1.87906
  0
LINE
  8
0
 10
4.33156
 20
1.87906
 11
4.33093
 21
1.87573
  0
LINE
  8
0
 10
4.33093
 20
1.87573
 11
4.33015
 21
1.87244
  0
LINE
  8
0
 10
4.33015
 20
1.87244
 11
4.32924
 21
1.86919
  0
LINE
  8
0
 10
4.32924
 20
1.86919
 11
4.3282
 21
1.86597
  0
LINE
  8
0
 10
4.3282
 20
1.86597
 11
4.32703
 21
1.86281
  0
LINE
  8
0
 10
4.32703
 20
1.86281
 11
4.32571
 21
1.85968
  0
LINE
  8
0
 10
4.32571
 20
1.85968
 11
4.32426
 21
1.85663
  0
LINE
  8
0
 10
4.32426
 20
1.85663
 11
4.32271
 21
1.85364
  0
LINE
  8
0
 10
4.32271
 20
1.85364
 11
4.32101
 21
1.85071
  0
LINE
  8
0
 10
4.32101
 20
1.85071
 11
4.3192
 21
1.84785
  0
LINE
  8
0
 10
4.3192
 20
1.84785
 11
4.31728
 21
1.84508
  0
LINE
  8
0
 10
4.31728
 20
1.84508
 11
4.31523
 21
1.84238
  0
LINE
  8
0
 10
4.31523
 20
1.84238
 11
4.31308
 21
1.83978
  0
LINE
  8
0
 10
4.31308
 20
1.83978
 11
4.31082
 21
1.83727
  0
LINE
  8
0
 10
4.31082
 20
1.83727
 11
4.30846
 21
1.83485
  0
LINE
  8
0
 10
4.30846
 20
1.83485
 11
4.30598
 21
1.83253
  0
LINE
  8
0
 10
4.30598
 20
1.83253
 11
4.30342
 21
1.83032
  0
LINE
  8
0
 10
4.30342
 20
1.83032
 11
4.30078
 21
1.82823
  0
LINE
  8
0
 10
4.30078
 20
1.82823
 11
4.29803
 21
1.82623
  0
LINE
  8
0
 10
4.29803
 20
1.82623
 11
4.29523
 21
1.82437
  0
LINE
  8
0
 10
4.29523
 20
1.82437
 11
4.29233
 21
1.82262
  0
LINE
  8
0
 10
4.29233
 20
1.82262
 11
4.28937
 21
1.82098
  0
LINE
  8
0
 10
4.28937
 20
1.82098
 11
4.28635
 21
1.81949
  0
LINE
  8
0
 10
4.28635
 20
1.81949
 11
4.28325
 21
1.81812
  0
LINE
  8
0
 10
4.28325
 20
1.81812
 11
4.28011
 21
1.81686
  0
LINE
  8
0
 10
4.28011
 20
1.81686
 11
4.27692
 21
1.81575
  0
LINE
  8
0
 10
4.27692
 20
1.81575
 11
4.27368
 21
1.81477
  0
LINE
  8
0
 10
4.27368
 20
1.81477
 11
4.27042
 21
1.81393
  0
LINE
  8
0
 10
4.27042
 20
1.81393
 11
4.26711
 21
1.81323
  0
LINE
  8
0
 10
4.26711
 20
1.81323
 11
4.26376
 21
1.81267
  0
LINE
  8
0
 10
4.26376
 20
1.81267
 11
4.26042
 21
1.81224
  0
LINE
  8
0
 10
4.26042
 20
1.81224
 11
4.25705
 21
1.81197
  0
LINE
  8
0
 10
4.25705
 20
1.81197
 11
4.25368
 21
1.81183
  0
LINE
  8
0
 10
4.25368
 20
1.81183
 11
4.25029
 21
1.81183
  0
LINE
  8
0
 10
-0.789062
 20
1.81183
 11
-0.79245
 21
1.81197
  0
LINE
  8
0
 10
-0.79245
 20
1.81197
 11
-0.795807
 21
1.81224
  0
LINE
  8
0
 10
-0.795807
 20
1.81224
 11
-0.799164
 21
1.81267
  0
LINE
  8
0
 10
-0.799164
 20
1.81267
 11
-0.802505
 21
1.81323
  0
LINE
  8
0
 10
-0.802505
 20
1.81323
 11
-0.805801
 21
1.81393
  0
LINE
  8
0
 10
-0.805801
 20
1.81393
 11
-0.809082
 21
1.81477
  0
LINE
  8
0
 10
-0.809082
 20
1.81477
 11
-0.812317
 21
1.81575
  0
LINE
  8
0
 10
-0.812317
 20
1.81575
 11
-0.815506
 21
1.81686
  0
LINE
  8
0
 10
-0.815506
 20
1.81686
 11
-0.818649
 21
1.81812
  0
LINE
  8
0
 10
-0.818649
 20
1.81812
 11
-0.821732
 21
1.81949
  0
LINE
  8
0
 10
-0.821732
 20
1.81949
 11
-0.824768
 21
1.82098
  0
LINE
  8
0
 10
-0.824768
 20
1.82098
 11
-0.827728
 21
1.82262
  0
LINE
  8
0
 10
-0.827728
 20
1.82262
 11
-0.830627
 21
1.82437
  0
LINE
  8
0
 10
-0.830627
 20
1.82437
 11
-0.833435
 21
1.82623
  0
LINE
  8
0
 10
-0.833435
 20
1.82623
 11
-0.836166
 21
1.82823
  0
LINE
  8
0
 10
-0.836166
 20
1.82823
 11
-0.838821
 21
1.83032
  0
LINE
  8
0
 10
-0.838821
 20
1.83032
 11
-0.841385
 21
1.83253
  0
LINE
  8
0
 10
-0.841385
 20
1.83253
 11
-0.843842
 21
1.83485
  0
LINE
  8
0
 10
-0.843842
 20
1.83485
 11
-0.846207
 21
1.83727
  0
LINE
  8
0
 10
-0.846207
 20
1.83727
 11
-0.848465
 21
1.83978
  0
LINE
  8
0
 10
-0.848465
 20
1.83978
 11
-0.850632
 21
1.84238
  0
LINE
  8
0
 10
-0.850632
 20
1.84238
 11
-0.852676
 21
1.84508
  0
LINE
  8
0
 10
-0.852676
 20
1.84508
 11
-0.854599
 21
1.84785
  0
LINE
  8
0
 10
-0.854599
 20
1.84785
 11
-0.856415
 21
1.85071
  0
LINE
  8
0
 10
-0.856415
 20
1.85071
 11
-0.858093
 21
1.85364
  0
LINE
  8
0
 10
-0.858093
 20
1.85364
 11
-0.859665
 21
1.85663
  0
LINE
  8
0
 10
-0.859665
 20
1.85663
 11
-0.861099
 21
1.85968
  0
LINE
  8
0
 10
-0.861099
 20
1.85968
 11
-0.862411
 21
1.86281
  0
LINE
  8
0
 10
-0.862411
 20
1.86281
 11
-0.863602
 21
1.86597
  0
LINE
  8
0
 10
-0.863602
 20
1.86597
 11
-0.864639
 21
1.86919
  0
LINE
  8
0
 10
-0.864639
 20
1.86919
 11
-0.865555
 21
1.87244
  0
LINE
  8
0
 10
-0.865555
 20
1.87244
 11
-0.866318
 21
1.87573
  0
LINE
  8
0
 10
-0.866318
 20
1.87573
 11
-0.866959
 21
1.87906
  0
LINE
  8
0
 10
-0.866959
 20
1.87906
 11
-0.867447
 21
1.8824
  0
LINE
  8
0
 10
-0.867447
 20
1.8824
 11
-0.867798
 21
1.88576
  0
LINE
  8
0
 10
-0.867798
 20
1.88576
 11
-0.868011
 21
1.88913
  0
LINE
  8
0
 10
-0.868011
 20
1.88913
 11
-0.868088
 21
1.89252
  0
LINE
  8
0
 10
-0.868088
 20
1.89252
 11
-0.868011
 21
1.89589
  0
LINE
  8
0
 10
-0.868011
 20
1.89589
 11
-0.867798
 21
1.89926
  0
LINE
  8
0
 10
-0.867798
 20
1.89926
 11
-0.867447
 21
1.90263
  0
LINE
  8
0
 10
-0.867447
 20
1.90263
 11
-0.866959
 21
1.90598
  0
LINE
  8
0
 10
-0.866959
 20
1.90598
 11
-0.866318
 21
1.90929
  0
LINE
  8
0
 10
-0.866318
 20
1.90929
 11
-0.865555
 21
1.91258
  0
LINE
  8
0
 10
-0.865555
 20
1.91258
 11
-0.864639
 21
1.91583
  0
LINE
  8
0
 10
-0.864639
 20
1.91583
 11
-0.863602
 21
1.91905
  0
LINE
  8
0
 10
-0.863602
 20
1.91905
 11
-0.862411
 21
1.92223
  0
LINE
  8
0
 10
-0.862411
 20
1.92223
 11
-0.861099
 21
1.92534
  0
LINE
  8
0
 10
-0.861099
 20
1.92534
 11
-0.859665
 21
1.92839
  0
LINE
  8
0
 10
-0.859665
 20
1.92839
 11
-0.858093
 21
1.9314
  0
LINE
  8
0
 10
-0.858093
 20
1.9314
 11
-0.856415
 21
1.93433
  0
LINE
  8
0
 10
-0.856415
 20
1.93433
 11
-0.854599
 21
1.93718
  0
LINE
  8
0
 10
-0.854599
 20
1.93718
 11
-0.852676
 21
1.93996
  0
LINE
  8
0
 10
-0.852676
 20
1.93996
 11
-0.850632
 21
1.94264
  0
LINE
  8
0
 10
-0.850632
 20
1.94264
 11
-0.848465
 21
1.94525
  0
LINE
  8
0
 10
-0.848465
 20
1.94525
 11
-0.846207
 21
1.94775
  0
LINE
  8
0
 10
-0.846207
 20
1.94775
 11
-0.843842
 21
1.95018
  0
LINE
  8
0
 10
-0.843842
 20
1.95018
 11
-0.841385
 21
1.95248
  0
LINE
  8
0
 10
-0.841385
 20
1.95248
 11
-0.838821
 21
1.9547
  0
LINE
  8
0
 10
-0.838821
 20
1.9547
 11
-0.836166
 21
1.9568
  0
LINE
  8
0
 10
-0.836166
 20
1.9568
 11
-0.833435
 21
1.95879
  0
LINE
  8
0
 10
-0.833435
 20
1.95879
 11
-0.830627
 21
1.96066
  0
LINE
  8
0
 10
-0.830627
 20
1.96066
 11
-0.827728
 21
1.9624
  0
LINE
  8
0
 10
-0.827728
 20
1.9624
 11
-0.824768
 21
1.96404
  0
LINE
  8
0
 10
-0.824768
 20
1.96404
 11
-0.821732
 21
1.96555
  0
LINE
  8
0
 10
-0.821732
 20
1.96555
 11
-0.818649
 21
1.96692
  0
LINE
  8
0
 10
-0.818649
 20
1.96692
 11
-0.815506
 21
1.96815
  0
LINE
  8
0
 10
-0.815506
 20
1.96815
 11
-0.812317
 21
1.96927
  0
LINE
  8
0
 10
-0.812317
 20
1.96927
 11
-0.809082
 21
1.97025
  0
LINE
  8
0
 10
-0.809082
 20
1.97025
 11
-0.805801
 21
1.97108
  0
LINE
  8
0
 10
-0.805801
 20
1.97108
 11
-0.802505
 21
1.97179
  0
LINE
  8
0
 10
-0.802505
 20
1.97179
 11
-0.799164
 21
1.97235
  0
LINE
  8
0
 10
-0.799164
 20
1.97235
 11
-0.795807
 21
1.97278
  0
LINE
  8
0
 10
-0.795807
 20
1.97278
 11
-0.79245
 21
1.97307
  0
LINE
  8
0
 10
-0.79245
 20
1.97307
 11
-0.789062
 21
1.97321
  0
LINE
  8
0
 10
-0.789062
 20
1.97321
 11
-0.78569
 21
1.97321
  0
LINE
  8
0
 10
-0.78569
 20
1.97321
 11
-0.782303
 21
1.97307
  0
LINE
  8
0
 10
-0.782303
 20
1.97307
 11
-0.778946
 21
1.97278
  0
LINE
  8
0
 10
-0.778946
 20
1.97278
 11
-0.775589
 21
1.97235
  0
LINE
  8
0
 10
-0.775589
 20
1.97235
 11
-0.772247
 21
1.97179
  0
LINE
  8
0
 10
-0.772247
 20
1.97179
 11
-0.768951
 21
1.97108
  0
LINE
  8
0
 10
-0.768951
 20
1.97108
 11
-0.765671
 21
1.97025
  0
LINE
  8
0
 10
-0.765671
 20
1.97025
 11
-0.762436
 21
1.96927
  0
LINE
  8
0
 10
-0.762436
 20
1.96927
 11
-0.759247
 21
1.96815
  0
LINE
  8
0
 10
-0.759247
 20
1.96815
 11
-0.756104
 21
1.96692
  0
LINE
  8
0
 10
-0.756104
 20
1.96692
 11
-0.753006
 21
1.96555
  0
LINE
  8
0
 10
-0.753006
 20
1.96555
 11
-0.749985
 21
1.96404
  0
LINE
  8
0
 10
-0.749985
 20
1.96404
 11
-0.747025
 21
1.9624
  0
LINE
  8
0
 10
-0.747025
 20
1.9624
 11
-0.744125
 21
1.96066
  0
LINE
  8
0
 10
-0.744125
 20
1.96066
 11
-0.741318
 21
1.95879
  0
LINE
  8
0
 10
-0.741318
 20
1.95879
 11
-0.738571
 21
1.9568
  0
LINE
  8
0
 10
-0.738571
 20
1.9568
 11
-0.735931
 21
1.9547
  0
LINE
  8
0
 10
-0.735931
 20
1.9547
 11
-0.733368
 21
1.95248
  0
LINE
  8
0
 10
-0.733368
 20
1.95248
 11
-0.730911
 21
1.95018
  0
LINE
  8
0
 10
-0.730911
 20
1.95018
 11
-0.728546
 21
1.94775
  0
LINE
  8
0
 10
-0.728546
 20
1.94775
 11
-0.726273
 21
1.94525
  0
LINE
  8
0
 10
-0.726273
 20
1.94525
 11
-0.724121
 21
1.94264
  0
LINE
  8
0
 10
-0.724121
 20
1.94264
 11
-0.722076
 21
1.93996
  0
LINE
  8
0
 10
-0.722076
 20
1.93996
 11
-0.720154
 21
1.93718
  0
LINE
  8
0
 10
-0.720154
 20
1.93718
 11
-0.718338
 21
1.93433
  0
LINE
  8
0
 10
-0.718338
 20
1.93433
 11
-0.716644
 21
1.9314
  0
LINE
  8
0
 10
-0.716644
 20
1.9314
 11
-0.715088
 21
1.92839
  0
LINE
  8
0
 10
-0.715088
 20
1.92839
 11
-0.713638
 21
1.92534
  0
LINE
  8
0
 10
-0.713638
 20
1.92534
 11
-0.712341
 21
1.92223
  0
LINE
  8
0
 10
-0.712341
 20
1.92223
 11
-0.711151
 21
1.91905
  0
LINE
  8
0
 10
-0.711151
 20
1.91905
 11
-0.710114
 21
1.91583
  0
LINE
  8
0
 10
-0.710114
 20
1.91583
 11
-0.709198
 21
1.91258
  0
LINE
  8
0
 10
-0.709198
 20
1.91258
 11
-0.708435
 21
1.90929
  0
LINE
  8
0
 10
-0.708435
 20
1.90929
 11
-0.707794
 21
1.90598
  0
LINE
  8
0
 10
-0.707794
 20
1.90598
 11
-0.707306
 21
1.90263
  0
LINE
  8
0
 10
-0.707306
 20
1.90263
 11
-0.706955
 21
1.89926
  0
LINE
  8
0
 10
-0.706955
 20
1.89926
 11
-0.706741
 21
1.89589
  0
LINE
  8
0
 10
-0.706741
 20
1.89589
 11
-0.706665
 21
1.89252
  0
LINE
  8
0
 10
-0.706665
 20
1.89252
 11
-0.706741
 21
1.88913
  0
LINE
  8
0
 10
-0.706741
 20
1.88913
 11
-0.706955
 21
1.88576
  0
LINE
  8
0
 10
-0.706955
 20
1.88576
 11
-0.707306
 21
1.8824
  0
LINE
  8
0
 10
-0.707306
 20
1.8824
 11
-0.707794
 21
1.87906
  0
LINE
  8
0
 10
-0.707794
 20
1.87906
 11
-0.708435
 21
1.87573
  0
LINE
  8
0
 10
-0.708435
 20
1.87573
 11
-0.709198
 21
1.87244
  0
LINE
  8
0
 10
-0.709198
 20
1.87244
 11
-0.710114
 21
1.86919
  0
LINE
  8
0
 10
-0.710114
 20
1.86919
 11
-0.711151
 21
1.86597
  0
LINE
  8
0
 10
-0.711151
 20
1.86597
 11
-0.712341
 21
1.86281
  0
LINE
  8
0
 10
-0.712341
 20
1.86281
 11
-0.713638
 21
1.85968
  0
LINE
  8
0
 10
-0.713638
 20
1.85968
 11
-0.715088
 21
1.85663
  0
LINE
  8
0
 10
-0.715088
 20
1.85663
 11
-0.716644
 21
1.85364
  0
LINE
  8
0
 10
-0.716644
 20
1.85364
 11
-0.718338
 21
1.85071
  0
LINE
  8
0
 10
-0.718338
 20
1.85071
 11
-0.720154
 21
1.84785
  0
LINE
  8
0
 10
-0.720154
 20
1.84785
 11
-0.722076
 21
1.84508
  0
LINE
  8
0
 10
-0.722076
 20
1.84508
 11
-0.724121
 21
1.84238
  0
LINE
  8
0
 10
-0.724121
 20
1.84238
 11
-0.726273
 21
1.83978
  0
LINE
  8
0
 10
-0.726273
 20
1.83978
 11
-0.728546
 21
1.83727
  0
LINE
  8
0
 10
-0.728546
 20
1.83727
 11
-0.730911
 21
1.83485
  0
LINE
  8
0
 10
-0.730911
 20
1.83485
 11
-0.733368
 21
1.83253
  0
LINE
  8
0
 10
-0.733368
 20
1.83253
 11
-0.735931
 21
1.83032
  0
LINE
  8
0
 10
-0.735931
 20
1.83032
 11
-0.738571
 21
1.82823
  0
LINE
  8
0
 10
-0.738571
 20
1.82823
 11
-0.741318
 21
1.82623
  0
LINE
  8
0
 10
-0.741318
 20
1.82623
 11
-0.744125
 21
1.82437
  0
LINE
  8
0
 10
-0.744125
 20
1.82437
 11
-0.747025
 21
1.82262
  0
LINE
  8
0
 10
-0.747025
 20
1.82262
 11
-0.749985
 21
1.82098
  0
LINE
  8
0
 10
-0.749985
 20
1.82098
 11
-0.753006
 21
1.81949
  0
LINE
  8
0
 10
-0.753006
 20
1.81949
 11
-0.756104
 21
1.81812
  0
LINE
  8
0
 10
-0.756104
 20
1.81812
 11
-0.759247
 21
1.81686
  0
LINE
  8
0
 10
-0.759247
 20
1.81686
 11
-0.762436
 21
1.81575
  0
LINE
  8
0
 10
-0.762436
 20
1.81575
 11
-0.765671
 21
1.81477
  0
LINE
  8
0
 10
-0.765671
 20
1.81477
 11
-0.768951
 21
1.81393
  0
LINE
  8
0
 10
-0.768951
 20
1.81393
 11
-0.772247
 21
1.81323
  0
LINE
  8
0
 10
-0.772247
 20
1.81323
 11
-0.775589
 21
1.81267
  0
LINE
  8
0
 10
-0.775589
 20
1.81267
 11
-0.778946
 21
1.81224
  0
LINE
  8
0
 10
-0.778946
 20
1.81224
 11
-0.782303
 21
1.81197
  0
LINE
  8
0
 10
-0.782303
 20
1.81197
 11
-0.78569
 21
1.81183
  0
LINE
  8
0
 10
-0.78569
 20
1.81183
 11
-0.789062
 21
1.81183
  0
LINE
  8
0
 10
-4.56859
 20
1.81183
 11
-4.57198
 21
1.81197
  0
LINE
  8
0
 10
-4.57198
 20
1.81197
 11
-4.57533
 21
1.81224
  0
LINE
  8
0
 10
-4.57533
 20
1.81224
 11
-4.57869
 21
1.81267
  0
LINE
  8
0
 10
-4.57869
 20
1.81267
 11
-4.58203
 21
1.81323
  0
LINE
  8
0
 10
-4.58203
 20
1.81323
 11
-4.58533
 21
1.81393
  0
LINE
  8
0
 10
-4.58533
 20
1.81393
 11
-4.58861
 21
1.81477
  0
LINE
  8
0
 10
-4.58861
 20
1.81477
 11
-4.59184
 21
1.81575
  0
LINE
  8
0
 10
-4.59184
 20
1.81575
 11
-4.59503
 21
1.81686
  0
LINE
  8
0
 10
-4.59503
 20
1.81686
 11
-4.59818
 21
1.81812
  0
LINE
  8
0
 10
-4.59818
 20
1.81812
 11
-4.60127
 21
1.81949
  0
LINE
  8
0
 10
-4.60127
 20
1.81949
 11
-4.60429
 21
1.82098
  0
LINE
  8
0
 10
-4.60429
 20
1.82098
 11
-4.60725
 21
1.82262
  0
LINE
  8
0
 10
-4.60725
 20
1.82262
 11
-4.61015
 21
1.82437
  0
LINE
  8
0
 10
-4.61015
 20
1.82437
 11
-4.61296
 21
1.82623
  0
LINE
  8
0
 10
-4.61296
 20
1.82623
 11
-4.61569
 21
1.82823
  0
LINE
  8
0
 10
-4.61569
 20
1.82823
 11
-4.61835
 21
1.83032
  0
LINE
  8
0
 10
-4.61835
 20
1.83032
 11
-4.62091
 21
1.83253
  0
LINE
  8
0
 10
-4.62091
 20
1.83253
 11
-4.62337
 21
1.83485
  0
LINE
  8
0
 10
-4.62337
 20
1.83485
 11
-4.62573
 21
1.83727
  0
LINE
  8
0
 10
-4.62573
 20
1.83727
 11
-4.62801
 21
1.83978
  0
LINE
  8
0
 10
-4.62801
 20
1.83978
 11
-4.63016
 21
1.84238
  0
LINE
  8
0
 10
-4.63016
 20
1.84238
 11
-4.6322
 21
1.84508
  0
LINE
  8
0
 10
-4.6322
 20
1.84508
 11
-4.63412
 21
1.84785
  0
LINE
  8
0
 10
-4.63412
 20
1.84785
 11
-4.63594
 21
1.85071
  0
LINE
  8
0
 10
-4.63594
 20
1.85071
 11
-4.63763
 21
1.85364
  0
LINE
  8
0
 10
-4.63763
 20
1.85364
 11
-4.63919
 21
1.85663
  0
LINE
  8
0
 10
-4.63919
 20
1.85663
 11
-4.64064
 21
1.85968
  0
LINE
  8
0
 10
-4.64064
 20
1.85968
 11
-4.64194
 21
1.86281
  0
LINE
  8
0
 10
-4.64194
 20
1.86281
 11
-4.64313
 21
1.86597
  0
LINE
  8
0
 10
-4.64313
 20
1.86597
 11
-4.64417
 21
1.86919
  0
LINE
  8
0
 10
-4.64417
 20
1.86919
 11
-4.64508
 21
1.87244
  0
LINE
  8
0
 10
-4.64508
 20
1.87244
 11
-4.64584
 21
1.87573
  0
LINE
  8
0
 10
-4.64584
 20
1.87573
 11
-4.64648
 21
1.87906
  0
LINE
  8
0
 10
-4.64648
 20
1.87906
 11
-4.64697
 21
1.8824
  0
LINE
  8
0
 10
-4.64697
 20
1.8824
 11
-4.64732
 21
1.88576
  0
LINE
  8
0
 10
-4.64732
 20
1.88576
 11
-4.64754
 21
1.88913
  0
LINE
  8
0
 10
-4.64754
 20
1.88913
 11
-4.64761
 21
1.89252
  0
LINE
  8
0
 10
-4.64761
 20
1.89252
 11
-4.64754
 21
1.89589
  0
LINE
  8
0
 10
-4.64754
 20
1.89589
 11
-4.64732
 21
1.89926
  0
LINE
  8
0
 10
-4.64732
 20
1.89926
 11
-4.64697
 21
1.90263
  0
LINE
  8
0
 10
-4.64697
 20
1.90263
 11
-4.64648
 21
1.90598
  0
LINE
  8
0
 10
-4.64648
 20
1.90598
 11
-4.64584
 21
1.90929
  0
LINE
  8
0
 10
-4.64584
 20
1.90929
 11
-4.64508
 21
1.91258
  0
LINE
  8
0
 10
-4.64508
 20
1.91258
 11
-4.64417
 21
1.91583
  0
LINE
  8
0
 10
-4.64417
 20
1.91583
 11
-4.64313
 21
1.91905
  0
LINE
  8
0
 10
-4.64313
 20
1.91905
 11
-4.64194
 21
1.92223
  0
LINE
  8
0
 10
-4.64194
 20
1.92223
 11
-4.64064
 21
1.92534
  0
LINE
  8
0
 10
-4.64064
 20
1.92534
 11
-4.63919
 21
1.92839
  0
LINE
  8
0
 10
-4.63919
 20
1.92839
 11
-4.63763
 21
1.9314
  0
LINE
  8
0
 10
-4.63763
 20
1.9314
 11
-4.63594
 21
1.93433
  0
LINE
  8
0
 10
-4.63594
 20
1.93433
 11
-4.63412
 21
1.93718
  0
LINE
  8
0
 10
-4.63412
 20
1.93718
 11
-4.6322
 21
1.93996
  0
LINE
  8
0
 10
-4.6322
 20
1.93996
 11
-4.63016
 21
1.94264
  0
LINE
  8
0
 10
-4.63016
 20
1.94264
 11
-4.62801
 21
1.94525
  0
LINE
  8
0
 10
-4.62801
 20
1.94525
 11
-4.62573
 21
1.94775
  0
LINE
  8
0
 10
-4.62573
 20
1.94775
 11
-4.62337
 21
1.95018
  0
LINE
  8
0
 10
-4.62337
 20
1.95018
 11
-4.62091
 21
1.95248
  0
LINE
  8
0
 10
-4.62091
 20
1.95248
 11
-4.61835
 21
1.9547
  0
LINE
  8
0
 10
-4.61835
 20
1.9547
 11
-4.61569
 21
1.9568
  0
LINE
  8
0
 10
-4.61569
 20
1.9568
 11
-4.61296
 21
1.95879
  0
LINE
  8
0
 10
-4.61296
 20
1.95879
 11
-4.61015
 21
1.96066
  0
LINE
  8
0
 10
-4.61015
 20
1.96066
 11
-4.60725
 21
1.9624
  0
LINE
  8
0
 10
-4.60725
 20
1.9624
 11
-4.60429
 21
1.96404
  0
LINE
  8
0
 10
-4.60429
 20
1.96404
 11
-4.60127
 21
1.96555
  0
LINE
  8
0
 10
-4.60127
 20
1.96555
 11
-4.59818
 21
1.96692
  0
LINE
  8
0
 10
-4.59818
 20
1.96692
 11
-4.59503
 21
1.96815
  0
LINE
  8
0
 10
-4.59503
 20
1.96815
 11
-4.59184
 21
1.96927
  0
LINE
  8
0
 10
-4.59184
 20
1.96927
 11
-4.58861
 21
1.97025
  0
LINE
  8
0
 10
-4.58861
 20
1.97025
 11
-4.58533
 21
1.97108
  0
LINE
  8
0
 10
-4.58533
 20
1.97108
 11
-4.58203
 21
1.97179
  0
LINE
  8
0
 10
-4.58203
 20
1.97179
 11
-4.57869
 21
1.97235
  0
LINE
  8
0
 10
-4.57869
 20
1.97235
 11
-4.57533
 21
1.97278
  0
LINE
  8
0
 10
-4.57533
 20
1.97278
 11
-4.57198
 21
1.97307
  0
LINE
  8
0
 10
-4.57198
 20
1.97307
 11
-4.56859
 21
1.97321
  0
LINE
  8
0
 10
-4.56859
 20
1.97321
 11
-4.56522
 21
1.97321
  0
LINE
  8
0
 10
-4.56522
 20
1.97321
 11
-4.56183
 21
1.97307
  0
LINE
  8
0
 10
-4.56183
 20
1.97307
 11
-4.55847
 21
1.97278
  0
LINE
  8
0
 10
-4.55847
 20
1.97278
 11
-4.55511
 21
1.97235
  0
LINE
  8
0
 10
-4.55511
 20
1.97235
 11
-4.55177
 21
1.97179
  0
LINE
  8
0
 10
-4.55177
 20
1.97179
 11
-4.54848
 21
1.97108
  0
LINE
  8
0
 10
-4.54848
 20
1.97108
 11
-4.5452
 21
1.97025
  0
LINE
  8
0
 10
-4.5452
 20
1.97025
 11
-4.54196
 21
1.96927
  0
LINE
  8
0
 10
-4.54196
 20
1.96927
 11
-4.53877
 21
1.96815
  0
LINE
  8
0
 10
-4.53877
 20
1.96815
 11
-4.53563
 21
1.96692
  0
LINE
  8
0
 10
-4.53563
 20
1.96692
 11
-4.53253
 21
1.96555
  0
LINE
  8
0
 10
-4.53253
 20
1.96555
 11
-4.52951
 21
1.96404
  0
LINE
  8
0
 10
-4.52951
 20
1.96404
 11
-4.52655
 21
1.9624
  0
LINE
  8
0
 10
-4.52655
 20
1.9624
 11
-4.52365
 21
1.96066
  0
LINE
  8
0
 10
-4.52365
 20
1.96066
 11
-4.52084
 21
1.95879
  0
LINE
  8
0
 10
-4.52084
 20
1.95879
 11
-4.51811
 21
1.9568
  0
LINE
  8
0
 10
-4.51811
 20
1.9568
 11
-4.51546
 21
1.9547
  0
LINE
  8
0
 10
-4.51546
 20
1.9547
 11
-4.51289
 21
1.95248
  0
LINE
  8
0
 10
-4.51289
 20
1.95248
 11
-4.51044
 21
1.95018
  0
LINE
  8
0
 10
-4.51044
 20
1.95018
 11
-4.50807
 21
1.94775
  0
LINE
  8
0
 10
-4.50807
 20
1.94775
 11
-4.50581
 21
1.94525
  0
LINE
  8
0
 10
-4.50581
 20
1.94525
 11
-4.50365
 21
1.94264
  0
LINE
  8
0
 10
-4.50365
 20
1.94264
 11
-4.5016
 21
1.93996
  0
LINE
  8
0
 10
-4.5016
 20
1.93996
 11
-4.49968
 21
1.93718
  0
LINE
  8
0
 10
-4.49968
 20
1.93718
 11
-4.49786
 21
1.93433
  0
LINE
  8
0
 10
-4.49786
 20
1.93433
 11
-4.49617
 21
1.9314
  0
LINE
  8
0
 10
-4.49617
 20
1.9314
 11
-4.49461
 21
1.92839
  0
LINE
  8
0
 10
-4.49461
 20
1.92839
 11
-4.49316
 21
1.92534
  0
LINE
  8
0
 10
-4.49316
 20
1.92534
 11
-4.49187
 21
1.92223
  0
LINE
  8
0
 10
-4.49187
 20
1.92223
 11
-4.49068
 21
1.91905
  0
LINE
  8
0
 10
-4.49068
 20
1.91905
 11
-4.48964
 21
1.91583
  0
LINE
  8
0
 10
-4.48964
 20
1.91583
 11
-4.48872
 21
1.91258
  0
LINE
  8
0
 10
-4.48872
 20
1.91258
 11
-4.48796
 21
1.90929
  0
LINE
  8
0
 10
-4.48796
 20
1.90929
 11
-4.48732
 21
1.90598
  0
LINE
  8
0
 10
-4.48732
 20
1.90598
 11
-4.48683
 21
1.90263
  0
LINE
  8
0
 10
-4.48683
 20
1.90263
 11
-4.48648
 21
1.89926
  0
LINE
  8
0
 10
-4.48648
 20
1.89926
 11
-4.48627
 21
1.89589
  0
LINE
  8
0
 10
-4.48627
 20
1.89589
 11
-4.48619
 21
1.89252
  0
LINE
  8
0
 10
-4.48619
 20
1.89252
 11
-4.48627
 21
1.88913
  0
LINE
  8
0
 10
-4.48627
 20
1.88913
 11
-4.48648
 21
1.88576
  0
LINE
  8
0
 10
-4.48648
 20
1.88576
 11
-4.48683
 21
1.8824
  0
LINE
  8
0
 10
-4.48683
 20
1.8824
 11
-4.48732
 21
1.87906
  0
LINE
  8
0
 10
-4.48732
 20
1.87906
 11
-4.48796
 21
1.87573
  0
LINE
  8
0
 10
-4.48796
 20
1.87573
 11
-4.48872
 21
1.87244
  0
LINE
  8
0
 10
-4.48872
 20
1.87244
 11
-4.48964
 21
1.86919
  0
LINE
  8
0
 10
-4.48964
 20
1.86919
 11
-4.49068
 21
1.86597
  0
LINE
  8
0
 10
-4.49068
 20
1.86597
 11
-4.49187
 21
1.86281
  0
LINE
  8
0
 10
-4.49187
 20
1.86281
 11
-4.49316
 21
1.85968
  0
LINE
  8
0
 10
-4.49316
 20
1.85968
 11
-4.49461
 21
1.85663
  0
LINE
  8
0
 10
-4.49461
 20
1.85663
 11
-4.49617
 21
1.85364
  0
LINE
  8
0
 10
-4.49617
 20
1.85364
 11
-4.49786
 21
1.85071
  0
LINE
  8
0
 10
-4.49786
 20
1.85071
 11
-4.49968
 21
1.84785
  0
LINE
  8
0
 10
-4.49968
 20
1.84785
 11
-4.5016
 21
1.84508
  0
LINE
  8
0
 10
-4.5016
 20
1.84508
 11
-4.50365
 21
1.84238
  0
LINE
  8
0
 10
-4.50365
 20
1.84238
 11
-4.50581
 21
1.83978
  0
LINE
  8
0
 10
-4.50581
 20
1.83978
 11
-4.50807
 21
1.83727
  0
LINE
  8
0
 10
-4.50807
 20
1.83727
 11
-4.51044
 21
1.83485
  0
LINE
  8
0
 10
-4.51044
 20
1.83485
 11
-4.51289
 21
1.83253
  0
LINE
  8
0
 10
-4.51289
 20
1.83253
 11
-4.51546
 21
1.83032
  0
LINE
  8
0
 10
-4.51546
 20
1.83032
 11
-4.51811
 21
1.82823
  0
LINE
  8
0
 10
-4.51811
 20
1.82823
 11
-4.52084
 21
1.82623
  0
LINE
  8
0
 10
-4.52084
 20
1.82623
 11
-4.52365
 21
1.82437
  0
LINE
  8
0
 10
-4.52365
 20
1.82437
 11
-4.52655
 21
1.82262
  0
LINE
  8
0
 10
-4.52655
 20
1.82262
 11
-4.52951
 21
1.82098
  0
LINE
  8
0
 10
-4.52951
 20
1.82098
 11
-4.53253
 21
1.81949
  0
LINE
  8
0
 10
-4.53253
 20
1.81949
 11
-4.53563
 21
1.81812
  0
LINE
  8
0
 10
-4.53563
 20
1.81812
 11
-4.53877
 21
1.81686
  0
LINE
  8
0
 10
-4.53877
 20
1.81686
 11
-4.54196
 21
1.81575
  0
LINE
  8
0
 10
-4.54196
 20
1.81575
 11
-4.5452
 21
1.81477
  0
LINE
  8
0
 10
-4.5452
 20
1.81477
 11
-4.54848
 21
1.81393
  0
LINE
  8
0
 10
-4.54848
 20
1.81393
 11
-4.55177
 21
1.81323
  0
LINE
  8
0
 10
-4.55177
 20
1.81323
 11
-4.55511
 21
1.81267
  0
LINE
  8
0
 10
-4.55511
 20
1.81267
 11
-4.55847
 21
1.81224
  0
LINE
  8
0
 10
-4.55847
 20
1.81224
 11
-4.56183
 21
1.81197
  0
LINE
  8
0
 10
-4.56183
 20
1.81197
 11
-4.56522
 21
1.81183
  0
LINE
  8
0
 10
-4.56522
 20
1.81183
 11
-4.56859
 21
1.81183
  0
LINE
  8
0
 10
4.23083
 20
1.65079
 11
4.22795
 21
1.65091
  0
LINE
  8
0
 10
4.22795
 20
1.65091
 11
4.22507
 21
1.65115
  0
LINE
  8
0
 10
4.22507
 20
1.65115
 11
4.22221
 21
1.65152
  0
LINE
  8
0
 10
4.22221
 20
1.65152
 11
4.21936
 21
1.65199
  0
LINE
  8
0
 10
4.21936
 20
1.65199
 11
4.21654
 21
1.6526
  0
LINE
  8
0
 10
4.21654
 20
1.6526
 11
4.21375
 21
1.65332
  0
LINE
  8
0
 10
4.21375
 20
1.65332
 11
4.21098
 21
1.65414
  0
LINE
  8
0
 10
4.21098
 20
1.65414
 11
4.20827
 21
1.65511
  0
LINE
  8
0
 10
4.20827
 20
1.65511
 11
4.20558
 21
1.65616
  0
LINE
  8
0
 10
4.20558
 20
1.65616
 11
4.20294
 21
1.65733
  0
LINE
  8
0
 10
4.20294
 20
1.65733
 11
4.20036
 21
1.65862
  0
LINE
  8
0
 10
4.20036
 20
1.65862
 11
4.19783
 21
1.66
  0
LINE
  8
0
 10
4.19783
 20
1.66
 11
4.19536
 21
1.6615
  0
LINE
  8
0
 10
4.19536
 20
1.6615
 11
4.19296
 21
1.6631
  0
LINE
  8
0
 10
4.19296
 20
1.6631
 11
4.19061
 21
1.66479
  0
LINE
  8
0
 10
4.19061
 20
1.66479
 11
4.18835
 21
1.6666
  0
LINE
  8
0
 10
4.18835
 20
1.6666
 11
4.18617
 21
1.66847
  0
LINE
  8
0
 10
4.18617
 20
1.66847
 11
4.18407
 21
1.67046
  0
LINE
  8
0
 10
4.18407
 20
1.67046
 11
4.18205
 21
1.67252
  0
LINE
  8
0
 10
4.18205
 20
1.67252
 11
4.18011
 21
1.67465
  0
LINE
  8
0
 10
4.18011
 20
1.67465
 11
4.17828
 21
1.67688
  0
LINE
  8
0
 10
4.17828
 20
1.67688
 11
4.17653
 21
1.67918
  0
LINE
  8
0
 10
4.17653
 20
1.67918
 11
4.1749
 21
1.68155
  0
LINE
  8
0
 10
4.1749
 20
1.68155
 11
4.17334
 21
1.68399
  0
LINE
  8
0
 10
4.17334
 20
1.68399
 11
4.17191
 21
1.68649
  0
LINE
  8
0
 10
4.17191
 20
1.68649
 11
4.17056
 21
1.68904
  0
LINE
  8
0
 10
4.17056
 20
1.68904
 11
4.16934
 21
1.69165
  0
LINE
  8
0
 10
4.16934
 20
1.69165
 11
4.16821
 21
1.69432
  0
LINE
  8
0
 10
4.16821
 20
1.69432
 11
4.16721
 21
1.69702
  0
LINE
  8
0
 10
4.16721
 20
1.69702
 11
4.16632
 21
1.69977
  0
LINE
  8
0
 10
4.16632
 20
1.69977
 11
4.16554
 21
1.70255
  0
LINE
  8
0
 10
4.16554
 20
1.70255
 11
4.16489
 21
1.70535
  0
LINE
  8
0
 10
4.16489
 20
1.70535
 11
4.16434
 21
1.70819
  0
LINE
  8
0
 10
4.16434
 20
1.70819
 11
4.16393
 21
1.71104
  0
LINE
  8
0
 10
4.16393
 20
1.71104
 11
4.16362
 21
1.71391
  0
LINE
  8
0
 10
4.16362
 20
1.71391
 11
4.16344
 21
1.7168
  0
LINE
  8
0
 10
4.16344
 20
1.7168
 11
4.16338
 21
1.71968
  0
LINE
  8
0
 10
4.16338
 20
1.71968
 11
4.16344
 21
1.72256
  0
LINE
  8
0
 10
4.16344
 20
1.72256
 11
4.16362
 21
1.72545
  0
LINE
  8
0
 10
4.16362
 20
1.72545
 11
4.16393
 21
1.72832
  0
LINE
  8
0
 10
4.16393
 20
1.72832
 11
4.16434
 21
1.73117
  0
LINE
  8
0
 10
4.16434
 20
1.73117
 11
4.16489
 21
1.73401
  0
LINE
  8
0
 10
4.16489
 20
1.73401
 11
4.16554
 21
1.73682
  0
LINE
  8
0
 10
4.16554
 20
1.73682
 11
4.16632
 21
1.73959
  0
LINE
  8
0
 10
4.16632
 20
1.73959
 11
4.16721
 21
1.74234
  0
LINE
  8
0
 10
4.16721
 20
1.74234
 11
4.16821
 21
1.74504
  0
LINE
  8
0
 10
4.16821
 20
1.74504
 11
4.16934
 21
1.7477
  0
LINE
  8
0
 10
4.16934
 20
1.7477
 11
4.17056
 21
1.75031
  0
LINE
  8
0
 10
4.17056
 20
1.75031
 11
4.17191
 21
1.75287
  0
LINE
  8
0
 10
4.17191
 20
1.75287
 11
4.17334
 21
1.75537
  0
LINE
  8
0
 10
4.17334
 20
1.75537
 11
4.1749
 21
1.7578
  0
LINE
  8
0
 10
4.1749
 20
1.7578
 11
4.17653
 21
1.76018
  0
LINE
  8
0
 10
4.17653
 20
1.76018
 11
4.17828
 21
1.76247
  0
LINE
  8
0
 10
4.17828
 20
1.76247
 11
4.18011
 21
1.76469
  0
LINE
  8
0
 10
4.18011
 20
1.76469
 11
4.18205
 21
1.76685
  0
LINE
  8
0
 10
4.18205
 20
1.76685
 11
4.18407
 21
1.76891
  0
LINE
  8
0
 10
4.18407
 20
1.76891
 11
4.18617
 21
1.77087
  0
LINE
  8
0
 10
4.18617
 20
1.77087
 11
4.18835
 21
1.77277
  0
LINE
  8
0
 10
4.18835
 20
1.77277
 11
4.19061
 21
1.77455
  0
LINE
  8
0
 10
4.19061
 20
1.77455
 11
4.19296
 21
1.77625
  0
LINE
  8
0
 10
4.19296
 20
1.77625
 11
4.19536
 21
1.77785
  0
LINE
  8
0
 10
4.19536
 20
1.77785
 11
4.19783
 21
1.77934
  0
LINE
  8
0
 10
4.19783
 20
1.77934
 11
4.20036
 21
1.78073
  0
LINE
  8
0
 10
4.20036
 20
1.78073
 11
4.20294
 21
1.78201
  0
LINE
  8
0
 10
4.20294
 20
1.78201
 11
4.20558
 21
1.78319
  0
LINE
  8
0
 10
4.20558
 20
1.78319
 11
4.20827
 21
1.78426
  0
LINE
  8
0
 10
4.20827
 20
1.78426
 11
4.21098
 21
1.7852
  0
LINE
  8
0
 10
4.21098
 20
1.7852
 11
4.21375
 21
1.78604
  0
LINE
  8
0
 10
4.21375
 20
1.78604
 11
4.21654
 21
1.78676
  0
LINE
  8
0
 10
4.21654
 20
1.78676
 11
4.21936
 21
1.78735
  0
LINE
  8
0
 10
4.21936
 20
1.78735
 11
4.22221
 21
1.78784
  0
LINE
  8
0
 10
4.22221
 20
1.78784
 11
4.22507
 21
1.78819
  0
LINE
  8
0
 10
4.22507
 20
1.78819
 11
4.22795
 21
1.78844
  0
LINE
  8
0
 10
4.22795
 20
1.78844
 11
4.23083
 21
1.78856
  0
LINE
  8
0
 10
4.23083
 20
1.78856
 11
4.23372
 21
1.78856
  0
LINE
  8
0
 10
4.23372
 20
1.78856
 11
4.2366
 21
1.78844
  0
LINE
  8
0
 10
4.2366
 20
1.78844
 11
4.23947
 21
1.78819
  0
LINE
  8
0
 10
4.23947
 20
1.78819
 11
4.24234
 21
1.78784
  0
LINE
  8
0
 10
4.24234
 20
1.78784
 11
4.24519
 21
1.78735
  0
LINE
  8
0
 10
4.24519
 20
1.78735
 11
4.248
 21
1.78676
  0
LINE
  8
0
 10
4.248
 20
1.78676
 11
4.25081
 21
1.78604
  0
LINE
  8
0
 10
4.25081
 20
1.78604
 11
4.25357
 21
1.7852
  0
LINE
  8
0
 10
4.25357
 20
1.7852
 11
4.25629
 21
1.78426
  0
LINE
  8
0
 10
4.25629
 20
1.78426
 11
4.25897
 21
1.78319
  0
LINE
  8
0
 10
4.25897
 20
1.78319
 11
4.26161
 21
1.78201
  0
LINE
  8
0
 10
4.26161
 20
1.78201
 11
4.26419
 21
1.78073
  0
LINE
  8
0
 10
4.26419
 20
1.78073
 11
4.26672
 21
1.77934
  0
LINE
  8
0
 10
4.26672
 20
1.77934
 11
4.2692
 21
1.77785
  0
LINE
  8
0
 10
4.2692
 20
1.77785
 11
4.27159
 21
1.77625
  0
LINE
  8
0
 10
4.27159
 20
1.77625
 11
4.27393
 21
1.77455
  0
LINE
  8
0
 10
4.27393
 20
1.77455
 11
4.2762
 21
1.77277
  0
LINE
  8
0
 10
4.2762
 20
1.77277
 11
4.27838
 21
1.77087
  0
LINE
  8
0
 10
4.27838
 20
1.77087
 11
4.28049
 21
1.76891
  0
LINE
  8
0
 10
4.28049
 20
1.76891
 11
4.2825
 21
1.76685
  0
LINE
  8
0
 10
4.2825
 20
1.76685
 11
4.28442
 21
1.76469
  0
LINE
  8
0
 10
4.28442
 20
1.76469
 11
4.28627
 21
1.76247
  0
LINE
  8
0
 10
4.28627
 20
1.76247
 11
4.28801
 21
1.76018
  0
LINE
  8
0
 10
4.28801
 20
1.76018
 11
4.28966
 21
1.7578
  0
LINE
  8
0
 10
4.28966
 20
1.7578
 11
4.29121
 21
1.75537
  0
LINE
  8
0
 10
4.29121
 20
1.75537
 11
4.29265
 21
1.75287
  0
LINE
  8
0
 10
4.29265
 20
1.75287
 11
4.29399
 21
1.75031
  0
LINE
  8
0
 10
4.29399
 20
1.75031
 11
4.29521
 21
1.7477
  0
LINE
  8
0
 10
4.29521
 20
1.7477
 11
4.29634
 21
1.74504
  0
LINE
  8
0
 10
4.29634
 20
1.74504
 11
4.29735
 21
1.74234
  0
LINE
  8
0
 10
4.29735
 20
1.74234
 11
4.29823
 21
1.73959
  0
LINE
  8
0
 10
4.29823
 20
1.73959
 11
4.29901
 21
1.73682
  0
LINE
  8
0
 10
4.29901
 20
1.73682
 11
4.29967
 21
1.73401
  0
LINE
  8
0
 10
4.29967
 20
1.73401
 11
4.3002
 21
1.73117
  0
LINE
  8
0
 10
4.3002
 20
1.73117
 11
4.30063
 21
1.72832
  0
LINE
  8
0
 10
4.30063
 20
1.72832
 11
4.30093
 21
1.72545
  0
LINE
  8
0
 10
4.30093
 20
1.72545
 11
4.30112
 21
1.72256
  0
LINE
  8
0
 10
4.30112
 20
1.72256
 11
4.30118
 21
1.71968
  0
LINE
  8
0
 10
4.30118
 20
1.71968
 11
4.30112
 21
1.7168
  0
LINE
  8
0
 10
4.30112
 20
1.7168
 11
4.30093
 21
1.71391
  0
LINE
  8
0
 10
4.30093
 20
1.71391
 11
4.30063
 21
1.71104
  0
LINE
  8
0
 10
4.30063
 20
1.71104
 11
4.3002
 21
1.70819
  0
LINE
  8
0
 10
4.3002
 20
1.70819
 11
4.29967
 21
1.70535
  0
LINE
  8
0
 10
4.29967
 20
1.70535
 11
4.29901
 21
1.70255
  0
LINE
  8
0
 10
4.29901
 20
1.70255
 11
4.29823
 21
1.69977
  0
LINE
  8
0
 10
4.29823
 20
1.69977
 11
4.29735
 21
1.69702
  0
LINE
  8
0
 10
4.29735
 20
1.69702
 11
4.29634
 21
1.69432
  0
LINE
  8
0
 10
4.29634
 20
1.69432
 11
4.29521
 21
1.69165
  0
LINE
  8
0
 10
4.29521
 20
1.69165
 11
4.29399
 21
1.68904
  0
LINE
  8
0
 10
4.29399
 20
1.68904
 11
4.29265
 21
1.68649
  0
LINE
  8
0
 10
4.29265
 20
1.68649
 11
4.29121
 21
1.68399
  0
LINE
  8
0
 10
4.29121
 20
1.68399
 11
4.28966
 21
1.68155
  0
LINE
  8
0
 10
4.28966
 20
1.68155
 11
4.28801
 21
1.67918
  0
LINE
  8
0
 10
4.28801
 20
1.67918
 11
4.28627
 21
1.67688
  0
LINE
  8
0
 10
4.28627
 20
1.67688
 11
4.28442
 21
1.67465
  0
LINE
  8
0
 10
4.28442
 20
1.67465
 11
4.2825
 21
1.67252
  0
LINE
  8
0
 10
4.2825
 20
1.67252
 11
4.28049
 21
1.67046
  0
LINE
  8
0
 10
4.28049
 20
1.67046
 11
4.27838
 21
1.66847
  0
LINE
  8
0
 10
4.27838
 20
1.66847
 11
4.2762
 21
1.6666
  0
LINE
  8
0
 10
4.2762
 20
1.6666
 11
4.27393
 21
1.66479
  0
LINE
  8
0
 10
4.27393
 20
1.66479
 11
4.27159
 21
1.6631
  0
LINE
  8
0
 10
4.27159
 20
1.6631
 11
4.2692
 21
1.6615
  0
LINE
  8
0
 10
4.2692
 20
1.6615
 11
4.26672
 21
1.66
  0
LINE
  8
0
 10
4.26672
 20
1.66
 11
4.26419
 21
1.65862
  0
LINE
  8
0
 10
4.26419
 20
1.65862
 11
4.26161
 21
1.65733
  0
LINE
  8
0
 10
4.26161
 20
1.65733
 11
4.25897
 21
1.65616
  0
LINE
  8
0
 10
4.25897
 20
1.65616
 11
4.25629
 21
1.65511
  0
LINE
  8
0
 10
4.25629
 20
1.65511
 11
4.25357
 21
1.65414
  0
LINE
  8
0
 10
4.25357
 20
1.65414
 11
4.25081
 21
1.65332
  0
LINE
  8
0
 10
4.25081
 20
1.65332
 11
4.248
 21
1.6526
  0
LINE
  8
0
 10
4.248
 20
1.6526
 11
4.24519
 21
1.65199
  0
LINE
  8
0
 10
4.24519
 20
1.65199
 11
4.24234
 21
1.65152
  0
LINE
  8
0
 10
4.24234
 20
1.65152
 11
4.23947
 21
1.65115
  0
LINE
  8
0
 10
4.23947
 20
1.65115
 11
4.2366
 21
1.65091
  0
LINE
  8
0
 10
4.2366
 20
1.65091
 11
4.23372
 21
1.65079
  0
LINE
  8
0
 10
4.23372
 20
1.65079
 11
4.23083
 21
1.65079
  0
LINE
  8
0
 10
-0.76915
 20
1.65079
 11
-0.772034
 21
1.65091
  0
LINE
  8
0
 10
-0.772034
 20
1.65091
 11
-0.774918
 21
1.65115
  0
LINE
  8
0
 10
-0.774918
 20
1.65115
 11
-0.777771
 21
1.65152
  0
LINE
  8
0
 10
-0.777771
 20
1.65152
 11
-0.780624
 21
1.65199
  0
LINE
  8
0
 10
-0.780624
 20
1.65199
 11
-0.783447
 21
1.6526
  0
LINE
  8
0
 10
-0.783447
 20
1.6526
 11
-0.78624
 21
1.65332
  0
LINE
  8
0
 10
-0.78624
 20
1.65332
 11
-0.789001
 21
1.65414
  0
LINE
  8
0
 10
-0.789001
 20
1.65414
 11
-0.791733
 21
1.65511
  0
LINE
  8
0
 10
-0.791733
 20
1.65511
 11
-0.794403
 21
1.65616
  0
LINE
  8
0
 10
-0.794403
 20
1.65616
 11
-0.797043
 21
1.65733
  0
LINE
  8
0
 10
-0.797043
 20
1.65733
 11
-0.799637
 21
1.65862
  0
LINE
  8
0
 10
-0.799637
 20
1.65862
 11
-0.802155
 21
1.66
  0
LINE
  8
0
 10
-0.802155
 20
1.66
 11
-0.804626
 21
1.6615
  0
LINE
  8
0
 10
-0.804626
 20
1.6615
 11
-0.807037
 21
1.6631
  0
LINE
  8
0
 10
-0.807037
 20
1.6631
 11
-0.809372
 21
1.66479
  0
LINE
  8
0
 10
-0.809372
 20
1.66479
 11
-0.81163
 21
1.6666
  0
LINE
  8
0
 10
-0.81163
 20
1.6666
 11
-0.813812
 21
1.66847
  0
LINE
  8
0
 10
-0.813812
 20
1.66847
 11
-0.815918
 21
1.67046
  0
LINE
  8
0
 10
-0.815918
 20
1.67046
 11
-0.817932
 21
1.67252
  0
LINE
  8
0
 10
-0.817932
 20
1.67252
 11
-0.81987
 21
1.67465
  0
LINE
  8
0
 10
-0.81987
 20
1.67465
 11
-0.821701
 21
1.67688
  0
LINE
  8
0
 10
-0.821701
 20
1.67688
 11
-0.823456
 21
1.67918
  0
LINE
  8
0
 10
-0.823456
 20
1.67918
 11
-0.825104
 21
1.68155
  0
LINE
  8
0
 10
-0.825104
 20
1.68155
 11
-0.826645
 21
1.68399
  0
LINE
  8
0
 10
-0.826645
 20
1.68399
 11
-0.828079
 21
1.68649
  0
LINE
  8
0
 10
-0.828079
 20
1.68649
 11
-0.829422
 21
1.68904
  0
LINE
  8
0
 10
-0.829422
 20
1.68904
 11
-0.830658
 21
1.69165
  0
LINE
  8
0
 10
-0.830658
 20
1.69165
 11
-0.831772
 21
1.69432
  0
LINE
  8
0
 10
-0.831772
 20
1.69432
 11
-0.832779
 21
1.69702
  0
LINE
  8
0
 10
-0.832779
 20
1.69702
 11
-0.833664
 21
1.69977
  0
LINE
  8
0
 10
-0.833664
 20
1.69977
 11
-0.834442
 21
1.70255
  0
LINE
  8
0
 10
-0.834442
 20
1.70255
 11
-0.835098
 21
1.70535
  0
LINE
  8
0
 10
-0.835098
 20
1.70535
 11
-0.835648
 21
1.70819
  0
LINE
  8
0
 10
-0.835648
 20
1.70819
 11
-0.83606
 21
1.71104
  0
LINE
  8
0
 10
-0.83606
 20
1.71104
 11
-0.836365
 21
1.71391
  0
LINE
  8
0
 10
-0.836365
 20
1.71391
 11
-0.836548
 21
1.7168
  0
LINE
  8
0
 10
-0.836548
 20
1.7168
 11
-0.836609
 21
1.71968
  0
LINE
  8
0
 10
-0.836609
 20
1.71968
 11
-0.836548
 21
1.72256
  0
LINE
  8
0
 10
-0.836548
 20
1.72256
 11
-0.836365
 21
1.72545
  0
LINE
  8
0
 10
-0.836365
 20
1.72545
 11
-0.83606
 21
1.72832
  0
LINE
  8
0
 10
-0.83606
 20
1.72832
 11
-0.835648
 21
1.73117
  0
LINE
  8
0
 10
-0.835648
 20
1.73117
 11
-0.835098
 21
1.73401
  0
LINE
  8
0
 10
-0.835098
 20
1.73401
 11
-0.834442
 21
1.73682
  0
LINE
  8
0
 10
-0.834442
 20
1.73682
 11
-0.833664
 21
1.73959
  0
LINE
  8
0
 10
-0.833664
 20
1.73959
 11
-0.832779
 21
1.74234
  0
LINE
  8
0
 10
-0.832779
 20
1.74234
 11
-0.831772
 21
1.74504
  0
LINE
  8
0
 10
-0.831772
 20
1.74504
 11
-0.830658
 21
1.7477
  0
LINE
  8
0
 10
-0.830658
 20
1.7477
 11
-0.829422
 21
1.75031
  0
LINE
  8
0
 10
-0.829422
 20
1.75031
 11
-0.828079
 21
1.75287
  0
LINE
  8
0
 10
-0.828079
 20
1.75287
 11
-0.826645
 21
1.75537
  0
LINE
  8
0
 10
-0.826645
 20
1.75537
 11
-0.825104
 21
1.7578
  0
LINE
  8
0
 10
-0.825104
 20
1.7578
 11
-0.823456
 21
1.76018
  0
LINE
  8
0
 10
-0.823456
 20
1.76018
 11
-0.821701
 21
1.76247
  0
LINE
  8
0
 10
-0.821701
 20
1.76247
 11
-0.81987
 21
1.76469
  0
LINE
  8
0
 10
-0.81987
 20
1.76469
 11
-0.817932
 21
1.76685
  0
LINE
  8
0
 10
-0.817932
 20
1.76685
 11
-0.815918
 21
1.76891
  0
LINE
  8
0
 10
-0.815918
 20
1.76891
 11
-0.813812
 21
1.77087
  0
LINE
  8
0
 10
-0.813812
 20
1.77087
 11
-0.81163
 21
1.77277
  0
LINE
  8
0
 10
-0.81163
 20
1.77277
 11
-0.809372
 21
1.77455
  0
LINE
  8
0
 10
-0.809372
 20
1.77455
 11
-0.807037
 21
1.77625
  0
LINE
  8
0
 10
-0.807037
 20
1.77625
 11
-0.804626
 21
1.77785
  0
LINE
  8
0
 10
-0.804626
 20
1.77785
 11
-0.802155
 21
1.77934
  0
LINE
  8
0
 10
-0.802155
 20
1.77934
 11
-0.799637
 21
1.78073
  0
LINE
  8
0
 10
-0.799637
 20
1.78073
 11
-0.797043
 21
1.78201
  0
LINE
  8
0
 10
-0.797043
 20
1.78201
 11
-0.794403
 21
1.78319
  0
LINE
  8
0
 10
-0.794403
 20
1.78319
 11
-0.791733
 21
1.78426
  0
LINE
  8
0
 10
-0.791733
 20
1.78426
 11
-0.789001
 21
1.7852
  0
LINE
  8
0
 10
-0.789001
 20
1.7852
 11
-0.78624
 21
1.78604
  0
LINE
  8
0
 10
-0.78624
 20
1.78604
 11
-0.783447
 21
1.78676
  0
LINE
  8
0
 10
-0.783447
 20
1.78676
 11
-0.780624
 21
1.78735
  0
LINE
  8
0
 10
-0.780624
 20
1.78735
 11
-0.777771
 21
1.78784
  0
LINE
  8
0
 10
-0.777771
 20
1.78784
 11
-0.774918
 21
1.78819
  0
LINE
  8
0
 10
-0.774918
 20
1.78819
 11
-0.772034
 21
1.78844
  0
LINE
  8
0
 10
-0.772034
 20
1.78844
 11
-0.76915
 21
1.78856
  0
LINE
  8
0
 10
-0.76915
 20
1.78856
 11
-0.766266
 21
1.78856
  0
LINE
  8
0
 10
-0.766266
 20
1.78856
 11
-0.763382
 21
1.78844
  0
LINE
  8
0
 10
-0.763382
 20
1.78844
 11
-0.760513
 21
1.78819
  0
LINE
  8
0
 10
-0.760513
 20
1.78819
 11
-0.757645
 21
1.78784
  0
LINE
  8
0
 10
-0.757645
 20
1.78784
 11
-0.754807
 21
1.78735
  0
LINE
  8
0
 10
-0.754807
 20
1.78735
 11
-0.751984
 21
1.78676
  0
LINE
  8
0
 10
-0.751984
 20
1.78676
 11
-0.749176
 21
1.78604
  0
LINE
  8
0
 10
-0.749176
 20
1.78604
 11
-0.746414
 21
1.7852
  0
LINE
  8
0
 10
-0.746414
 20
1.7852
 11
-0.743698
 21
1.78426
  0
LINE
  8
0
 10
-0.743698
 20
1.78426
 11
-0.741013
 21
1.78319
  0
LINE
  8
0
 10
-0.741013
 20
1.78319
 11
-0.738373
 21
1.78201
  0
LINE
  8
0
 10
-0.738373
 20
1.78201
 11
-0.735794
 21
1.78073
  0
LINE
  8
0
 10
-0.735794
 20
1.78073
 11
-0.733261
 21
1.77934
  0
LINE
  8
0
 10
-0.733261
 20
1.77934
 11
-0.730789
 21
1.77785
  0
LINE
  8
0
 10
-0.730789
 20
1.77785
 11
-0.728394
 21
1.77625
  0
LINE
  8
0
 10
-0.728394
 20
1.77625
 11
-0.726059
 21
1.77455
  0
LINE
  8
0
 10
-0.726059
 20
1.77455
 11
-0.723785
 21
1.77277
  0
LINE
  8
0
 10
-0.723785
 20
1.77277
 11
-0.721603
 21
1.77087
  0
LINE
  8
0
 10
-0.721603
 20
1.77087
 11
-0.719498
 21
1.76891
  0
LINE
  8
0
 10
-0.719498
 20
1.76891
 11
-0.717484
 21
1.76685
  0
LINE
  8
0
 10
-0.717484
 20
1.76685
 11
-0.715561
 21
1.76469
  0
LINE
  8
0
 10
-0.715561
 20
1.76469
 11
-0.713715
 21
1.76247
  0
LINE
  8
0
 10
-0.713715
 20
1.76247
 11
-0.711975
 21
1.76018
  0
LINE
  8
0
 10
-0.711975
 20
1.76018
 11
-0.710327
 21
1.7578
  0
LINE
  8
0
 10
-0.710327
 20
1.7578
 11
-0.708771
 21
1.75537
  0
LINE
  8
0
 10
-0.708771
 20
1.75537
 11
-0.707336
 21
1.75287
  0
LINE
  8
0
 10
-0.707336
 20
1.75287
 11
-0.705994
 21
1.75031
  0
LINE
  8
0
 10
-0.705994
 20
1.75031
 11
-0.704773
 21
1.7477
  0
LINE
  8
0
 10
-0.704773
 20
1.7477
 11
-0.703644
 21
1.74504
  0
LINE
  8
0
 10
-0.703644
 20
1.74504
 11
-0.702652
 21
1.74234
  0
LINE
  8
0
 10
-0.702652
 20
1.74234
 11
-0.701752
 21
1.73959
  0
LINE
  8
0
 10
-0.701752
 20
1.73959
 11
-0.700974
 21
1.73682
  0
LINE
  8
0
 10
-0.700974
 20
1.73682
 11
-0.700317
 21
1.73401
  0
LINE
  8
0
 10
-0.700317
 20
1.73401
 11
-0.699783
 21
1.73117
  0
LINE
  8
0
 10
-0.699783
 20
1.73117
 11
-0.699356
 21
1.72832
  0
LINE
  8
0
 10
-0.699356
 20
1.72832
 11
-0.699051
 21
1.72545
  0
LINE
  8
0
 10
-0.699051
 20
1.72545
 11
-0.698868
 21
1.72256
  0
LINE
  8
0
 10
-0.698868
 20
1.72256
 11
-0.698807
 21
1.71968
  0
LINE
  8
0
 10
-0.698807
 20
1.71968
 11
-0.698868
 21
1.7168
  0
LINE
  8
0
 10
-0.698868
 20
1.7168
 11
-0.699051
 21
1.71391
  0
LINE
  8
0
 10
-0.699051
 20
1.71391
 11
-0.699356
 21
1.71104
  0
LINE
  8
0
 10
-0.699356
 20
1.71104
 11
-0.699783
 21
1.70819
  0
LINE
  8
0
 10
-0.699783
 20
1.70819
 11
-0.700317
 21
1.70535
  0
LINE
  8
0
 10
-0.700317
 20
1.70535
 11
-0.700974
 21
1.70255
  0
LINE
  8
0
 10
-0.700974
 20
1.70255
 11
-0.701752
 21
1.69977
  0
LINE
  8
0
 10
-0.701752
 20
1.69977
 11
-0.702652
 21
1.69702
  0
LINE
  8
0
 10
-0.702652
 20
1.69702
 11
-0.703644
 21
1.69432
  0
LINE
  8
0
 10
-0.703644
 20
1.69432
 11
-0.704773
 21
1.69165
  0
LINE
  8
0
 10
-0.704773
 20
1.69165
 11
-0.705994
 21
1.68904
  0
LINE
  8
0
 10
-0.705994
 20
1.68904
 11
-0.707336
 21
1.68649
  0
LINE
  8
0
 10
-0.707336
 20
1.68649
 11
-0.708771
 21
1.68399
  0
LINE
  8
0
 10
-0.708771
 20
1.68399
 11
-0.710327
 21
1.68155
  0
LINE
  8
0
 10
-0.710327
 20
1.68155
 11
-0.711975
 21
1.67918
  0
LINE
  8
0
 10
-0.711975
 20
1.67918
 11
-0.713715
 21
1.67688
  0
LINE
  8
0
 10
-0.713715
 20
1.67688
 11
-0.715561
 21
1.67465
  0
LINE
  8
0
 10
-0.715561
 20
1.67465
 11
-0.717484
 21
1.67252
  0
LINE
  8
0
 10
-0.717484
 20
1.67252
 11
-0.719498
 21
1.67046
  0
LINE
  8
0
 10
-0.719498
 20
1.67046
 11
-0.721603
 21
1.66847
  0
LINE
  8
0
 10
-0.721603
 20
1.66847
 11
-0.723785
 21
1.6666
  0
LINE
  8
0
 10
-0.723785
 20
1.6666
 11
-0.726059
 21
1.66479
  0
LINE
  8
0
 10
-0.726059
 20
1.66479
 11
-0.728394
 21
1.6631
  0
LINE
  8
0
 10
-0.728394
 20
1.6631
 11
-0.730789
 21
1.6615
  0
LINE
  8
0
 10
-0.730789
 20
1.6615
 11
-0.733261
 21
1.66
  0
LINE
  8
0
 10
-0.733261
 20
1.66
 11
-0.735794
 21
1.65862
  0
LINE
  8
0
 10
-0.735794
 20
1.65862
 11
-0.738373
 21
1.65733
  0
LINE
  8
0
 10
-0.738373
 20
1.65733
 11
-0.741013
 21
1.65616
  0
LINE
  8
0
 10
-0.741013
 20
1.65616
 11
-0.743698
 21
1.65511
  0
LINE
  8
0
 10
-0.743698
 20
1.65511
 11
-0.746414
 21
1.65414
  0
LINE
  8
0
 10
-0.746414
 20
1.65414
 11
-0.749176
 21
1.65332
  0
LINE
  8
0
 10
-0.749176
 20
1.65332
 11
-0.751984
 21
1.6526
  0
LINE
  8
0
 10
-0.751984
 20
1.6526
 11
-0.754807
 21
1.65199
  0
LINE
  8
0
 10
-0.754807
 20
1.65199
 11
-0.757645
 21
1.65152
  0
LINE
  8
0
 10
-0.757645
 20
1.65152
 11
-0.760513
 21
1.65115
  0
LINE
  8
0
 10
-0.760513
 20
1.65115
 11
-0.763382
 21
1.65091
  0
LINE
  8
0
 10
-0.763382
 20
1.65091
 11
-0.766266
 21
1.65079
  0
LINE
  8
0
 10
-0.766266
 20
1.65079
 11
-0.76915
 21
1.65079
  0
LINE
  8
0
 10
-4.23372
 20
1.65079
 11
-4.2366
 21
1.65091
  0
LINE
  8
0
 10
-4.2366
 20
1.65091
 11
-4.23947
 21
1.65115
  0
LINE
  8
0
 10
-4.23947
 20
1.65115
 11
-4.24234
 21
1.65152
  0
LINE
  8
0
 10
-4.24234
 20
1.65152
 11
-4.24519
 21
1.65199
  0
LINE
  8
0
 10
-4.24519
 20
1.65199
 11
-4.248
 21
1.6526
  0
LINE
  8
0
 10
-4.248
 20
1.6526
 11
-4.25081
 21
1.65332
  0
LINE
  8
0
 10
-4.25081
 20
1.65332
 11
-4.25357
 21
1.65414
  0
LINE
  8
0
 10
-4.25357
 20
1.65414
 11
-4.25629
 21
1.65511
  0
LINE
  8
0
 10
-4.25629
 20
1.65511
 11
-4.25897
 21
1.65616
  0
LINE
  8
0
 10
-4.25897
 20
1.65616
 11
-4.26161
 21
1.65733
  0
LINE
  8
0
 10
-4.26161
 20
1.65733
 11
-4.26419
 21
1.65862
  0
LINE
  8
0
 10
-4.26419
 20
1.65862
 11
-4.26672
 21
1.66
  0
LINE
  8
0
 10
-4.26672
 20
1.66
 11
-4.2692
 21
1.6615
  0
LINE
  8
0
 10
-4.2692
 20
1.6615
 11
-4.27159
 21
1.6631
  0
LINE
  8
0
 10
-4.27159
 20
1.6631
 11
-4.27393
 21
1.66479
  0
LINE
  8
0
 10
-4.27393
 20
1.66479
 11
-4.2762
 21
1.6666
  0
LINE
  8
0
 10
-4.2762
 20
1.6666
 11
-4.27838
 21
1.66847
  0
LINE
  8
0
 10
-4.27838
 20
1.66847
 11
-4.28049
 21
1.67046
  0
LINE
  8
0
 10
-4.28049
 20
1.67046
 11
-4.2825
 21
1.67252
  0
LINE
  8
0
 10
-4.2825
 20
1.67252
 11
-4.28442
 21
1.67465
  0
LINE
  8
0
 10
-4.28442
 20
1.67465
 11
-4.28627
 21
1.67688
  0
LINE
  8
0
 10
-4.28627
 20
1.67688
 11
-4.28801
 21
1.67918
  0
LINE
  8
0
 10
-4.28801
 20
1.67918
 11
-4.28966
 21
1.68155
  0
LINE
  8
0
 10
-4.28966
 20
1.68155
 11
-4.29121
 21
1.68399
  0
LINE
  8
0
 10
-4.29121
 20
1.68399
 11
-4.29265
 21
1.68649
  0
LINE
  8
0
 10
-4.29265
 20
1.68649
 11
-4.29399
 21
1.68904
  0
LINE
  8
0
 10
-4.29399
 20
1.68904
 11
-4.29521
 21
1.69165
  0
LINE
  8
0
 10
-4.29521
 20
1.69165
 11
-4.29634
 21
1.69432
  0
LINE
  8
0
 10
-4.29634
 20
1.69432
 11
-4.29735
 21
1.69702
  0
LINE
  8
0
 10
-4.29735
 20
1.69702
 11
-4.29823
 21
1.69977
  0
LINE
  8
0
 10
-4.29823
 20
1.69977
 11
-4.29901
 21
1.70255
  0
LINE
  8
0
 10
-4.29901
 20
1.70255
 11
-4.29967
 21
1.70535
  0
LINE
  8
0
 10
-4.29967
 20
1.70535
 11
-4.3002
 21
1.70819
  0
LINE
  8
0
 10
-4.3002
 20
1.70819
 11
-4.30063
 21
1.71104
  0
LINE
  8
0
 10
-4.30063
 20
1.71104
 11
-4.30093
 21
1.71391
  0
LINE
  8
0
 10
-4.30093
 20
1.71391
 11
-4.30112
 21
1.7168
  0
LINE
  8
0
 10
-4.30112
 20
1.7168
 11
-4.30118
 21
1.71968
  0
LINE
  8
0
 10
-4.30118
 20
1.71968
 11
-4.30112
 21
1.72256
  0
LINE
  8
0
 10
-4.30112
 20
1.72256
 11
-4.30093
 21
1.72545
  0
LINE
  8
0
 10
-4.30093
 20
1.72545
 11
-4.30063
 21
1.72832
  0
LINE
  8
0
 10
-4.30063
 20
1.72832
 11
-4.3002
 21
1.73117
  0
LINE
  8
0
 10
-4.3002
 20
1.73117
 11
-4.29967
 21
1.73401
  0
LINE
  8
0
 10
-4.29967
 20
1.73401
 11
-4.29901
 21
1.73682
  0
LINE
  8
0
 10
-4.29901
 20
1.73682
 11
-4.29823
 21
1.73959
  0
LINE
  8
0
 10
-4.29823
 20
1.73959
 11
-4.29735
 21
1.74234
  0
LINE
  8
0
 10
-4.29735
 20
1.74234
 11
-4.29634
 21
1.74504
  0
LINE
  8
0
 10
-4.29634
 20
1.74504
 11
-4.29521
 21
1.7477
  0
LINE
  8
0
 10
-4.29521
 20
1.7477
 11
-4.29399
 21
1.75031
  0
LINE
  8
0
 10
-4.29399
 20
1.75031
 11
-4.29265
 21
1.75287
  0
LINE
  8
0
 10
-4.29265
 20
1.75287
 11
-4.29121
 21
1.75537
  0
LINE
  8
0
 10
-4.29121
 20
1.75537
 11
-4.28966
 21
1.7578
  0
LINE
  8
0
 10
-4.28966
 20
1.7578
 11
-4.28801
 21
1.76018
  0
LINE
  8
0
 10
-4.28801
 20
1.76018
 11
-4.28627
 21
1.76247
  0
LINE
  8
0
 10
-4.28627
 20
1.76247
 11
-4.28442
 21
1.76469
  0
LINE
  8
0
 10
-4.28442
 20
1.76469
 11
-4.2825
 21
1.76685
  0
LINE
  8
0
 10
-4.2825
 20
1.76685
 11
-4.28049
 21
1.76891
  0
LINE
  8
0
 10
-4.28049
 20
1.76891
 11
-4.27838
 21
1.77087
  0
LINE
  8
0
 10
-4.27838
 20
1.77087
 11
-4.2762
 21
1.77277
  0
LINE
  8
0
 10
-4.2762
 20
1.77277
 11
-4.27393
 21
1.77455
  0
LINE
  8
0
 10
-4.27393
 20
1.77455
 11
-4.27159
 21
1.77625
  0
LINE
  8
0
 10
-4.27159
 20
1.77625
 11
-4.2692
 21
1.77785
  0
LINE
  8
0
 10
-4.2692
 20
1.77785
 11
-4.26672
 21
1.77934
  0
LINE
  8
0
 10
-4.26672
 20
1.77934
 11
-4.26419
 21
1.78073
  0
LINE
  8
0
 10
-4.26419
 20
1.78073
 11
-4.26161
 21
1.78201
  0
LINE
  8
0
 10
-4.26161
 20
1.78201
 11
-4.25897
 21
1.78319
  0
LINE
  8
0
 10
-4.25897
 20
1.78319
 11
-4.25629
 21
1.78426
  0
LINE
  8
0
 10
-4.25629
 20
1.78426
 11
-4.25357
 21
1.7852
  0
LINE
  8
0
 10
-4.25357
 20
1.7852
 11
-4.25081
 21
1.78604
  0
LINE
  8
0
 10
-4.25081
 20
1.78604
 11
-4.248
 21
1.78676
  0
LINE
  8
0
 10
-4.248
 20
1.78676
 11
-4.24519
 21
1.78735
  0
LINE
  8
0
 10
-4.24519
 20
1.78735
 11
-4.24234
 21
1.78784
  0
LINE
  8
0
 10
-4.24234
 20
1.78784
 11
-4.23947
 21
1.78819
  0
LINE
  8
0
 10
-4.23947
 20
1.78819
 11
-4.2366
 21
1.78844
  0
LINE
  8
0
 10
-4.2366
 20
1.78844
 11
-4.23372
 21
1.78856
  0
LINE
  8
0
 10
-4.23372
 20
1.78856
 11
-4.23083
 21
1.78856
  0
LINE
  8
0
 10
-4.23083
 20
1.78856
 11
-4.22795
 21
1.78844
  0
LINE
  8
0
 10
-4.22795
 20
1.78844
 11
-4.22507
 21
1.78819
  0
LINE
  8
0
 10
-4.22507
 20
1.78819
 11
-4.22221
 21
1.78784
  0
LINE
  8
0
 10
-4.22221
 20
1.78784
 11
-4.21936
 21
1.78735
  0
LINE
  8
0
 10
-4.21936
 20
1.78735
 11
-4.21654
 21
1.78676
  0
LINE
  8
0
 10
-4.21654
 20
1.78676
 11
-4.21375
 21
1.78604
  0
LINE
  8
0
 10
-4.21375
 20
1.78604
 11
-4.21098
 21
1.7852
  0
LINE
  8
0
 10
-4.21098
 20
1.7852
 11
-4.20827
 21
1.78426
  0
LINE
  8
0
 10
-4.20827
 20
1.78426
 11
-4.20558
 21
1.78319
  0
LINE
  8
0
 10
-4.20558
 20
1.78319
 11
-4.20294
 21
1.78201
  0
LINE
  8
0
 10
-4.20294
 20
1.78201
 11
-4.20036
 21
1.78073
  0
LINE
  8
0
 10
-4.20036
 20
1.78073
 11
-4.19783
 21
1.77934
  0
LINE
  8
0
 10
-4.19783
 20
1.77934
 11
-4.19536
 21
1.77785
  0
LINE
  8
0
 10
-4.19536
 20
1.77785
 11
-4.19296
 21
1.77625
  0
LINE
  8
0
 10
-4.19296
 20
1.77625
 11
-4.19061
 21
1.77455
  0
LINE
  8
0
 10
-4.19061
 20
1.77455
 11
-4.18835
 21
1.77277
  0
LINE
  8
0
 10
-4.18835
 20
1.77277
 11
-4.18617
 21
1.77087
  0
LINE
  8
0
 10
-4.18617
 20
1.77087
 11
-4.18407
 21
1.76891
  0
LINE
  8
0
 10
-4.18407
 20
1.76891
 11
-4.18205
 21
1.76685
  0
LINE
  8
0
 10
-4.18205
 20
1.76685
 11
-4.18011
 21
1.76469
  0
LINE
  8
0
 10
-4.18011
 20
1.76469
 11
-4.17828
 21
1.76247
  0
LINE
  8
0
 10
-4.17828
 20
1.76247
 11
-4.17653
 21
1.76018
  0
LINE
  8
0
 10
-4.17653
 20
1.76018
 11
-4.1749
 21
1.7578
  0
LINE
  8
0
 10
-4.1749
 20
1.7578
 11
-4.17334
 21
1.75537
  0
LINE
  8
0
 10
-4.17334
 20
1.75537
 11
-4.17191
 21
1.75287
  0
LINE
  8
0
 10
-4.17191
 20
1.75287
 11
-4.17056
 21
1.75031
  0
LINE
  8
0
 10
-4.17056
 20
1.75031
 11
-4.16934
 21
1.7477
  0
LINE
  8
0
 10
-4.16934
 20
1.7477
 11
-4.16821
 21
1.74504
  0
LINE
  8
0
 10
-4.16821
 20
1.74504
 11
-4.16721
 21
1.74234
  0
LINE
  8
0
 10
-4.16721
 20
1.74234
 11
-4.16632
 21
1.73959
  0
LINE
  8
0
 10
-4.16632
 20
1.73959
 11
-4.16554
 21
1.73682
  0
LINE
  8
0
 10
-4.16554
 20
1.73682
 11
-4.16489
 21
1.73401
  0
LINE
  8
0
 10
-4.16489
 20
1.73401
 11
-4.16434
 21
1.73117
  0
LINE
  8
0
 10
-4.16434
 20
1.73117
 11
-4.16393
 21
1.72832
  0
LINE
  8
0
 10
-4.16393
 20
1.72832
 11
-4.16362
 21
1.72545
  0
LINE
  8
0
 10
-4.16362
 20
1.72545
 11
-4.16344
 21
1.72256
  0
LINE
  8
0
 10
-4.16344
 20
1.72256
 11
-4.16338
 21
1.71968
  0
LINE
  8
0
 10
-4.16338
 20
1.71968
 11
-4.16344
 21
1.7168
  0
LINE
  8
0
 10
-4.16344
 20
1.7168
 11
-4.16362
 21
1.71391
  0
LINE
  8
0
 10
-4.16362
 20
1.71391
 11
-4.16393
 21
1.71104
  0
LINE
  8
0
 10
-4.16393
 20
1.71104
 11
-4.16434
 21
1.70819
  0
LINE
  8
0
 10
-4.16434
 20
1.70819
 11
-4.16489
 21
1.70535
  0
LINE
  8
0
 10
-4.16489
 20
1.70535
 11
-4.16554
 21
1.70255
  0
LINE
  8
0
 10
-4.16554
 20
1.70255
 11
-4.16632
 21
1.69977
  0
LINE
  8
0
 10
-4.16632
 20
1.69977
 11
-4.16721
 21
1.69702
  0
LINE
  8
0
 10
-4.16721
 20
1.69702
 11
-4.16821
 21
1.69432
  0
LINE
  8
0
 10
-4.16821
 20
1.69432
 11
-4.16934
 21
1.69165
  0
LINE
  8
0
 10
-4.16934
 20
1.69165
 11
-4.17056
 21
1.68904
  0
LINE
  8
0
 10
-4.17056
 20
1.68904
 11
-4.17191
 21
1.68649
  0
LINE
  8
0
 10
-4.17191
 20
1.68649
 11
-4.17334
 21
1.68399
  0
LINE
  8
0
 10
-4.17334
 20
1.68399
 11
-4.1749
 21
1.68155
  0
LINE
  8
0
 10
-4.1749
 20
1.68155
 11
-4.17653
 21
1.67918
  0
LINE
  8
0
 10
-4.17653
 20
1.67918
 11
-4.17828
 21
1.67688
  0
LINE
  8
0
 10
-4.17828
 20
1.67688
 11
-4.18011
 21
1.67465
  0
LINE
  8
0
 10
-4.18011
 20
1.67465
 11
-4.18205
 21
1.67252
  0
LINE
  8
0
 10
-4.18205
 20
1.67252
 11
-4.18407
 21
1.67046
  0
LINE
  8
0
 10
-4.18407
 20
1.67046
 11
-4.18617
 21
1.66847
  0
LINE
  8
0
 10
-4.18617
 20
1.66847
 11
-4.18835
 21
1.6666
  0
LINE
  8
0
 10
-4.18835
 20
1.6666
 11
-4.19061
 21
1.66479
  0
LINE
  8
0
 10
-4.19061
 20
1.66479
 11
-4.19296
 21
1.6631
  0
LINE
  8
0
 10
-4.19296
 20
1.6631
 11
-4.19536
 21
1.6615
  0
LINE
  8
0
 10
-4.19536
 20
1.6615
 11
-4.19783
 21
1.66
  0
LINE
  8
0
 10
-4.19783
 20
1.66
 11
-4.20036
 21
1.65862
  0
LINE
  8
0
 10
-4.20036
 20
1.65862
 11
-4.20294
 21
1.65733
  0
LINE
  8
0
 10
-4.20294
 20
1.65733
 11
-4.20558
 21
1.65616
  0
LINE
  8
0
 10
-4.20558
 20
1.65616
 11
-4.20827
 21
1.65511
  0
LINE
  8
0
 10
-4.20827
 20
1.65511
 11
-4.21098
 21
1.65414
  0
LINE
  8
0
 10
-4.21098
 20
1.65414
 11
-4.21375
 21
1.65332
  0
LINE
  8
0
 10
-4.21375
 20
1.65332
 11
-4.21654
 21
1.6526
  0
LINE
  8
0
 10
-4.21654
 20
1.6526
 11
-4.21936
 21
1.65199
  0
LINE
  8
0
 10
-4.21936
 20
1.65199
 11
-4.22221
 21
1.65152
  0
LINE
  8
0
 10
-4.22221
 20
1.65152
 11
-4.22507
 21
1.65115
  0
LINE
  8
0
 10
-4.22507
 20
1.65115
 11
-4.22795
 21
1.65091
  0
LINE
  8
0
 10
-4.22795
 20
1.65091
 11
-4.23083
 21
1.65079
  0
LINE
  8
0
 10
-4.23083
 20
1.65079
 11
-4.23372
 21
1.65079
  0
LINE
  8
0
 10
0.766266
 20
1.65079
 11
0.763382
 21
1.65091
  0
LINE
  8
0
 10
0.763382
 20
1.65091
 11
0.760513
 21
1.65115
  0
LINE
  8
0
 10
0.760513
 20
1.65115
 11
0.757645
 21
1.65152
  0
LINE
  8
0
 10
0.757645
 20
1.65152
 11
0.754807
 21
1.65199
  0
LINE
  8
0
 10
0.754807
 20
1.65199
 11
0.751984
 21
1.6526
  0
LINE
  8
0
 10
0.751984
 20
1.6526
 11
0.749176
 21
1.65332
  0
LINE
  8
0
 10
0.749176
 20
1.65332
 11
0.746414
 21
1.65414
  0
LINE
  8
0
 10
0.746414
 20
1.65414
 11
0.743698
 21
1.65511
  0
LINE
  8
0
 10
0.743698
 20
1.65511
 11
0.741013
 21
1.65616
  0
LINE
  8
0
 10
0.741013
 20
1.65616
 11
0.738373
 21
1.65733
  0
LINE
  8
0
 10
0.738373
 20
1.65733
 11
0.735794
 21
1.65862
  0
LINE
  8
0
 10
0.735794
 20
1.65862
 11
0.733261
 21
1.66
  0
LINE
  8
0
 10
0.733261
 20
1.66
 11
0.730789
 21
1.6615
  0
LINE
  8
0
 10
0.730789
 20
1.6615
 11
0.728394
 21
1.6631
  0
LINE
  8
0
 10
0.728394
 20
1.6631
 11
0.726059
 21
1.66479
  0
LINE
  8
0
 10
0.726059
 20
1.66479
 11
0.723785
 21
1.6666
  0
LINE
  8
0
 10
0.723785
 20
1.6666
 11
0.721603
 21
1.66847
  0
LINE
  8
0
 10
0.721603
 20
1.66847
 11
0.719498
 21
1.67046
  0
LINE
  8
0
 10
0.719498
 20
1.67046
 11
0.717484
 21
1.67252
  0
LINE
  8
0
 10
0.717484
 20
1.67252
 11
0.715561
 21
1.67465
  0
LINE
  8
0
 10
0.715561
 20
1.67465
 11
0.713715
 21
1.67688
  0
LINE
  8
0
 10
0.713715
 20
1.67688
 11
0.711975
 21
1.67918
  0
LINE
  8
0
 10
0.711975
 20
1.67918
 11
0.710327
 21
1.68155
  0
LINE
  8
0
 10
0.710327
 20
1.68155
 11
0.708771
 21
1.68399
  0
LINE
  8
0
 10
0.708771
 20
1.68399
 11
0.707336
 21
1.68649
  0
LINE
  8
0
 10
0.707336
 20
1.68649
 11
0.705994
 21
1.68904
  0
LINE
  8
0
 10
0.705994
 20
1.68904
 11
0.704773
 21
1.69165
  0
LINE
  8
0
 10
0.704773
 20
1.69165
 11
0.703644
 21
1.69432
  0
LINE
  8
0
 10
0.703644
 20
1.69432
 11
0.702652
 21
1.69702
  0
LINE
  8
0
 10
0.702652
 20
1.69702
 11
0.701752
 21
1.69977
  0
LINE
  8
0
 10
0.701752
 20
1.69977
 11
0.700974
 21
1.70255
  0
LINE
  8
0
 10
0.700974
 20
1.70255
 11
0.700317
 21
1.70535
  0
LINE
  8
0
 10
0.700317
 20
1.70535
 11
0.699783
 21
1.70819
  0
LINE
  8
0
 10
0.699783
 20
1.70819
 11
0.699356
 21
1.71104
  0
LINE
  8
0
 10
0.699356
 20
1.71104
 11
0.699051
 21
1.71391
  0
LINE
  8
0
 10
0.699051
 20
1.71391
 11
0.698868
 21
1.7168
  0
LINE
  8
0
 10
0.698868
 20
1.7168
 11
0.698807
 21
1.71968
  0
LINE
  8
0
 10
0.698807
 20
1.71968
 11
0.698868
 21
1.72256
  0
LINE
  8
0
 10
0.698868
 20
1.72256
 11
0.699051
 21
1.72545
  0
LINE
  8
0
 10
0.699051
 20
1.72545
 11
0.699356
 21
1.72832
  0
LINE
  8
0
 10
0.699356
 20
1.72832
 11
0.699783
 21
1.73117
  0
LINE
  8
0
 10
0.699783
 20
1.73117
 11
0.700317
 21
1.73401
  0
LINE
  8
0
 10
0.700317
 20
1.73401
 11
0.700974
 21
1.73682
  0
LINE
  8
0
 10
0.700974
 20
1.73682
 11
0.701752
 21
1.73959
  0
LINE
  8
0
 10
0.701752
 20
1.73959
 11
0.702652
 21
1.74234
  0
LINE
  8
0
 10
0.702652
 20
1.74234
 11
0.703644
 21
1.74504
  0
LINE
  8
0
 10
0.703644
 20
1.74504
 11
0.704773
 21
1.7477
  0
LINE
  8
0
 10
0.704773
 20
1.7477
 11
0.705994
 21
1.75031
  0
LINE
  8
0
 10
0.705994
 20
1.75031
 11
0.707336
 21
1.75287
  0
LINE
  8
0
 10
0.707336
 20
1.75287
 11
0.708771
 21
1.75537
  0
LINE
  8
0
 10
0.708771
 20
1.75537
 11
0.710327
 21
1.7578
  0
LINE
  8
0
 10
0.710327
 20
1.7578
 11
0.711975
 21
1.76018
  0
LINE
  8
0
 10
0.711975
 20
1.76018
 11
0.713715
 21
1.76247
  0
LINE
  8
0
 10
0.713715
 20
1.76247
 11
0.715561
 21
1.76469
  0
LINE
  8
0
 10
0.715561
 20
1.76469
 11
0.717484
 21
1.76685
  0
LINE
  8
0
 10
0.717484
 20
1.76685
 11
0.719498
 21
1.76891
  0
LINE
  8
0
 10
0.719498
 20
1.76891
 11
0.721603
 21
1.77087
  0
LINE
  8
0
 10
0.721603
 20
1.77087
 11
0.723785
 21
1.77277
  0
LINE
  8
0
 10
0.723785
 20
1.77277
 11
0.726059
 21
1.77455
  0
LINE
  8
0
 10
0.726059
 20
1.77455
 11
0.728394
 21
1.77625
  0
LINE
  8
0
 10
0.728394
 20
1.77625
 11
0.730789
 21
1.77785
  0
LINE
  8
0
 10
0.730789
 20
1.77785
 11
0.733261
 21
1.77934
  0
LINE
  8
0
 10
0.733261
 20
1.77934
 11
0.735794
 21
1.78073
  0
LINE
  8
0
 10
0.735794
 20
1.78073
 11
0.738373
 21
1.78201
  0
LINE
  8
0
 10
0.738373
 20
1.78201
 11
0.741013
 21
1.78319
  0
LINE
  8
0
 10
0.741013
 20
1.78319
 11
0.743698
 21
1.78426
  0
LINE
  8
0
 10
0.743698
 20
1.78426
 11
0.746414
 21
1.7852
  0
LINE
  8
0
 10
0.746414
 20
1.7852
 11
0.749176
 21
1.78604
  0
LINE
  8
0
 10
0.749176
 20
1.78604
 11
0.751984
 21
1.78676
  0
LINE
  8
0
 10
0.751984
 20
1.78676
 11
0.754807
 21
1.78735
  0
LINE
  8
0
 10
0.754807
 20
1.78735
 11
0.757645
 21
1.78784
  0
LINE
  8
0
 10
0.757645
 20
1.78784
 11
0.760513
 21
1.78819
  0
LINE
  8
0
 10
0.760513
 20
1.78819
 11
0.763382
 21
1.78844
  0
LINE
  8
0
 10
0.763382
 20
1.78844
 11
0.766266
 21
1.78856
  0
LINE
  8
0
 10
0.766266
 20
1.78856
 11
0.76915
 21
1.78856
  0
LINE
  8
0
 10
0.76915
 20
1.78856
 11
0.772034
 21
1.78844
  0
LINE
  8
0
 10
0.772034
 20
1.78844
 11
0.774918
 21
1.78819
  0
LINE
  8
0
 10
0.774918
 20
1.78819
 11
0.777771
 21
1.78784
  0
LINE
  8
0
 10
0.777771
 20
1.78784
 11
0.780624
 21
1.78735
  0
LINE
  8
0
 10
0.780624
 20
1.78735
 11
0.783447
 21
1.78676
  0
LINE
  8
0
 10
0.783447
 20
1.78676
 11
0.78624
 21
1.78604
  0
LINE
  8
0
 10
0.78624
 20
1.78604
 11
0.789001
 21
1.7852
  0
LINE
  8
0
 10
0.789001
 20
1.7852
 11
0.791733
 21
1.78426
  0
LINE
  8
0
 10
0.791733
 20
1.78426
 11
0.794403
 21
1.78319
  0
LINE
  8
0
 10
0.794403
 20
1.78319
 11
0.797043
 21
1.78201
  0
LINE
  8
0
 10
0.797043
 20
1.78201
 11
0.799637
 21
1.78073
  0
LINE
  8
0
 10
0.799637
 20
1.78073
 11
0.802155
 21
1.77934
  0
LINE
  8
0
 10
0.802155
 20
1.77934
 11
0.804626
 21
1.77785
  0
LINE
  8
0
 10
0.804626
 20
1.77785
 11
0.807037
 21
1.77625
  0
LINE
  8
0
 10
0.807037
 20
1.77625
 11
0.809372
 21
1.77455
  0
LINE
  8
0
 10
0.809372
 20
1.77455
 11
0.81163
 21
1.77277
  0
LINE
  8
0
 10
0.81163
 20
1.77277
 11
0.813812
 21
1.77087
  0
LINE
  8
0
 10
0.813812
 20
1.77087
 11
0.815918
 21
1.76891
  0
LINE
  8
0
 10
0.815918
 20
1.76891
 11
0.817932
 21
1.76685
  0
LINE
  8
0
 10
0.817932
 20
1.76685
 11
0.81987
 21
1.76469
  0
LINE
  8
0
 10
0.81987
 20
1.76469
 11
0.821701
 21
1.76247
  0
LINE
  8
0
 10
0.821701
 20
1.76247
 11
0.823456
 21
1.76018
  0
LINE
  8
0
 10
0.823456
 20
1.76018
 11
0.825104
 21
1.7578
  0
LINE
  8
0
 10
0.825104
 20
1.7578
 11
0.826645
 21
1.75537
  0
LINE
  8
0
 10
0.826645
 20
1.75537
 11
0.828079
 21
1.75287
  0
LINE
  8
0
 10
0.828079
 20
1.75287
 11
0.829422
 21
1.75031
  0
LINE
  8
0
 10
0.829422
 20
1.75031
 11
0.830658
 21
1.7477
  0
LINE
  8
0
 10
0.830658
 20
1.7477
 11
0.831772
 21
1.74504
  0
LINE
  8
0
 10
0.831772
 20
1.74504
 11
0.832779
 21
1.74234
  0
LINE
  8
0
 10
0.832779
 20
1.74234
 11
0.833664
 21
1.73959
  0
LINE
  8
0
 10
0.833664
 20
1.73959
 11
0.834442
 21
1.73682
  0
LINE
  8
0
 10
0.834442
 20
1.73682
 11
0.835098
 21
1.73401
  0
LINE
  8
0
 10
0.835098
 20
1.73401
 11
0.835648
 21
1.73117
  0
LINE
  8
0
 10
0.835648
 20
1.73117
 11
0.83606
 21
1.72832
  0
LINE
  8
0
 10
0.83606
 20
1.72832
 11
0.836365
 21
1.72545
  0
LINE
  8
0
 10
0.836365
 20
1.72545
 11
0.836548
 21
1.72256
  0
LINE
  8
0
 10
0.836548
 20
1.72256
 11
0.836609
 21
1.71968
  0
LINE
  8
0
 10
0.836609
 20
1.71968
 11
0.836548
 21
1.7168
  0
LINE
  8
0
 10
0.836548
 20
1.7168
 11
0.836365
 21
1.71391
  0
LINE
  8
0
 10
0.836365
 20
1.71391
 11
0.83606
 21
1.71104
  0
LINE
  8
0
 10
0.83606
 20
1.71104
 11
0.835648
 21
1.70819
  0
LINE
  8
0
 10
0.835648
 20
1.70819
 11
0.835098
 21
1.70535
  0
LINE
  8
0
 10
0.835098
 20
1.70535
 11
0.834442
 21
1.70255
  0
LINE
  8
0
 10
0.834442
 20
1.70255
 11
0.833664
 21
1.69977
  0
LINE
  8
0
 10
0.833664
 20
1.69977
 11
0.832779
 21
1.69702
  0
LINE
  8
0
 10
0.832779
 20
1.69702
 11
0.831772
 21
1.69432
  0
LINE
  8
0
 10
0.831772
 20
1.69432
 11
0.830658
 21
1.69165
  0
LINE
  8
0
 10
0.830658
 20
1.69165
 11
0.829422
 21
1.68904
  0
LINE
  8
0
 10
0.829422
 20
1.68904
 11
0.828079
 21
1.68649
  0
LINE
  8
0
 10
0.828079
 20
1.68649
 11
0.826645
 21
1.68399
  0
LINE
  8
0
 10
0.826645
 20
1.68399
 11
0.825104
 21
1.68155
  0
LINE
  8
0
 10
0.825104
 20
1.68155
 11
0.823456
 21
1.67918
  0
LINE
  8
0
 10
0.823456
 20
1.67918
 11
0.821701
 21
1.67688
  0
LINE
  8
0
 10
0.821701
 20
1.67688
 11
0.81987
 21
1.67465
  0
LINE
  8
0
 10
0.81987
 20
1.67465
 11
0.817932
 21
1.67252
  0
LINE
  8
0
 10
0.817932
 20
1.67252
 11
0.815918
 21
1.67046
  0
LINE
  8
0
 10
0.815918
 20
1.67046
 11
0.813812
 21
1.66847
  0
LINE
  8
0
 10
0.813812
 20
1.66847
 11
0.81163
 21
1.6666
  0
LINE
  8
0
 10
0.81163
 20
1.6666
 11
0.809372
 21
1.66479
  0
LINE
  8
0
 10
0.809372
 20
1.66479
 11
0.807037
 21
1.6631
  0
LINE
  8
0
 10
0.807037
 20
1.6631
 11
0.804626
 21
1.6615
  0
LINE
  8
0
 10
0.804626
 20
1.6615
 11
0.802155
 21
1.66
  0
LINE
  8
0
 10
0.802155
 20
1.66
 11
0.799637
 21
1.65862
  0
LINE
  8
0
 10
0.799637
 20
1.65862
 11
0.797043
 21
1.65733
  0
LINE
  8
0
 10
0.797043
 20
1.65733
 11
0.794403
 21
1.65616
  0
LINE
  8
0
 10
0.794403
 20
1.65616
 11
0.791733
 21
1.65511
  0
LINE
  8
0
 10
0.791733
 20
1.65511
 11
0.789001
 21
1.65414
  0
LINE
  8
0
 10
0.789001
 20
1.65414
 11
0.78624
 21
1.65332
  0
LINE
  8
0
 10
0.78624
 20
1.65332
 11
0.783447
 21
1.6526
  0
LINE
  8
0
 10
0.783447
 20
1.6526
 11
0.780624
 21
1.65199
  0
LINE
  8
0
 10
0.780624
 20
1.65199
 11
0.777771
 21
1.65152
  0
LINE
  8
0
 10
0.777771
 20
1.65152
 11
0.774918
 21
1.65115
  0
LINE
  8
0
 10
0.774918
 20
1.65115
 11
0.772034
 21
1.65091
  0
LINE
  8
0
 10
0.772034
 20
1.65091
 11
0.76915
 21
1.65079
  0
LINE
  8
0
 10
0.76915
 20
1.65079
 11
0.766266
 21
1.65079
  0
LINE
  8
0
 10
5.85587
 20
1.0994
 11
5.85249
 21
1.09961
  0
LINE
  8
0
 10
5.85249
 20
1.09961
 11
5.84914
 21
1.09996
  0
LINE
  8
0
 10
5.84914
 20
1.09996
 11
5.84579
 21
1.10045
  0
LINE
  8
0
 10
5.84579
 20
1.10045
 11
5.84247
 21
1.10109
  0
LINE
  8
0
 10
5.84247
 20
1.10109
 11
5.83917
 21
1.10185
  0
LINE
  8
0
 10
5.83917
 20
1.10185
 11
5.83592
 21
1.10277
  0
LINE
  8
0
 10
5.83592
 20
1.10277
 11
5.8327
 21
1.10382
  0
LINE
  8
0
 10
5.8327
 20
1.10382
 11
5.82954
 21
1.105
  0
LINE
  8
0
 10
5.82954
 20
1.105
 11
5.82642
 21
1.10631
  0
LINE
  8
0
 10
5.82642
 20
1.10631
 11
5.82336
 21
1.10774
  0
LINE
  8
0
 10
5.82336
 20
1.10774
 11
5.82037
 21
1.10931
  0
LINE
  8
0
 10
5.82037
 20
1.10931
 11
5.81744
 21
1.11099
  0
LINE
  8
0
 10
5.81744
 20
1.11099
 11
5.81459
 21
1.11281
  0
LINE
  8
0
 10
5.81459
 20
1.11281
 11
5.81181
 21
1.11473
  0
LINE
  8
0
 10
5.81181
 20
1.11473
 11
5.80911
 21
1.11678
  0
LINE
  8
0
 10
5.80911
 20
1.11678
 11
5.80652
 21
1.11894
  0
LINE
  8
0
 10
5.80652
 20
1.11894
 11
5.804
 21
1.1212
  0
LINE
  8
0
 10
5.804
 20
1.1212
 11
5.80159
 21
1.12357
  0
LINE
  8
0
 10
5.80159
 20
1.12357
 11
5.79927
 21
1.12602
  0
LINE
  8
0
 10
5.79927
 20
1.12602
 11
5.79706
 21
1.12859
  0
LINE
  8
0
 10
5.79706
 20
1.12859
 11
5.79497
 21
1.13124
  0
LINE
  8
0
 10
5.79497
 20
1.13124
 11
5.79297
 21
1.13397
  0
LINE
  8
0
 10
5.79297
 20
1.13397
 11
5.79111
 21
1.13678
  0
LINE
  8
0
 10
5.79111
 20
1.13678
 11
5.78935
 21
1.13968
  0
LINE
  8
0
 10
5.78935
 20
1.13968
 11
5.78772
 21
1.14264
  0
LINE
  8
0
 10
5.78772
 20
1.14264
 11
5.78622
 21
1.14568
  0
LINE
  8
0
 10
5.78622
 20
1.14568
 11
5.78485
 21
1.14876
  0
LINE
  8
0
 10
5.78485
 20
1.14876
 11
5.7836
 21
1.1519
  0
LINE
  8
0
 10
5.7836
 20
1.1519
 11
5.78249
 21
1.15509
  0
LINE
  8
0
 10
5.78249
 20
1.15509
 11
5.78151
 21
1.15833
  0
LINE
  8
0
 10
5.78151
 20
1.15833
 11
5.78067
 21
1.16161
  0
LINE
  8
0
 10
5.78067
 20
1.16161
 11
5.77997
 21
1.16492
  0
LINE
  8
0
 10
5.77997
 20
1.16492
 11
5.7794
 21
1.16824
  0
LINE
  8
0
 10
5.7794
 20
1.16824
 11
5.77898
 21
1.1716
  0
LINE
  8
0
 10
5.77898
 20
1.1716
 11
5.7787
 21
1.17497
  0
LINE
  8
0
 10
5.7787
 20
1.17497
 11
5.77856
 21
1.17834
  0
LINE
  8
0
 10
5.77856
 20
1.17834
 11
5.77856
 21
1.18172
  0
LINE
  8
0
 10
5.77856
 20
1.18172
 11
5.7787
 21
1.1851
  0
LINE
  8
0
 10
5.7787
 20
1.1851
 11
5.77898
 21
1.18846
  0
LINE
  8
0
 10
5.77898
 20
1.18846
 11
5.7794
 21
1.19182
  0
LINE
  8
0
 10
5.7794
 20
1.19182
 11
5.77997
 21
1.19516
  0
LINE
  8
0
 10
5.77997
 20
1.19516
 11
5.78067
 21
1.19846
  0
LINE
  8
0
 10
5.78067
 20
1.19846
 11
5.78151
 21
1.20174
  0
LINE
  8
0
 10
5.78151
 20
1.20174
 11
5.78249
 21
1.20497
  0
LINE
  8
0
 10
5.78249
 20
1.20497
 11
5.7836
 21
1.20816
  0
LINE
  8
0
 10
5.7836
 20
1.20816
 11
5.78485
 21
1.2113
  0
LINE
  8
0
 10
5.78485
 20
1.2113
 11
5.78622
 21
1.2144
  0
LINE
  8
0
 10
5.78622
 20
1.2144
 11
5.78772
 21
1.21742
  0
LINE
  8
0
 10
5.78772
 20
1.21742
 11
5.78935
 21
1.22038
  0
LINE
  8
0
 10
5.78935
 20
1.22038
 11
5.79111
 21
1.22328
  0
LINE
  8
0
 10
5.79111
 20
1.22328
 11
5.79297
 21
1.22609
  0
LINE
  8
0
 10
5.79297
 20
1.22609
 11
5.79497
 21
1.22882
  0
LINE
  8
0
 10
5.79497
 20
1.22882
 11
5.79706
 21
1.23148
  0
LINE
  8
0
 10
5.79706
 20
1.23148
 11
5.79927
 21
1.23404
  0
LINE
  8
0
 10
5.79927
 20
1.23404
 11
5.80159
 21
1.2365
  0
LINE
  8
0
 10
5.80159
 20
1.2365
 11
5.804
 21
1.23886
  0
LINE
  8
0
 10
5.804
 20
1.23886
 11
5.80652
 21
1.24113
  0
LINE
  8
0
 10
5.80652
 20
1.24113
 11
5.80911
 21
1.24329
  0
LINE
  8
0
 10
5.80911
 20
1.24329
 11
5.81181
 21
1.24533
  0
LINE
  8
0
 10
5.81181
 20
1.24533
 11
5.81459
 21
1.24725
  0
LINE
  8
0
 10
5.81459
 20
1.24725
 11
5.81744
 21
1.24907
  0
LINE
  8
0
 10
5.81744
 20
1.24907
 11
5.82037
 21
1.25076
  0
LINE
  8
0
 10
5.82037
 20
1.25076
 11
5.82336
 21
1.25232
  0
LINE
  8
0
 10
5.82336
 20
1.25232
 11
5.82642
 21
1.25377
  0
LINE
  8
0
 10
5.82642
 20
1.25377
 11
5.82954
 21
1.25507
  0
LINE
  8
0
 10
5.82954
 20
1.25507
 11
5.8327
 21
1.25626
  0
LINE
  8
0
 10
5.8327
 20
1.25626
 11
5.83592
 21
1.25729
  0
LINE
  8
0
 10
5.83592
 20
1.25729
 11
5.83917
 21
1.25821
  0
LINE
  8
0
 10
5.83917
 20
1.25821
 11
5.84247
 21
1.25897
  0
LINE
  8
0
 10
5.84247
 20
1.25897
 11
5.84579
 21
1.25961
  0
LINE
  8
0
 10
5.84579
 20
1.25961
 11
5.84914
 21
1.2601
  0
LINE
  8
0
 10
5.84914
 20
1.2601
 11
5.85249
 21
1.26045
  0
LINE
  8
0
 10
5.85249
 20
1.26045
 11
5.85587
 21
1.26067
  0
LINE
  8
0
 10
5.85587
 20
1.26067
 11
5.85925
 21
1.26074
  0
LINE
  8
0
 10
5.85925
 20
1.26074
 11
5.86263
 21
1.26067
  0
LINE
  8
0
 10
5.86263
 20
1.26067
 11
5.866
 21
1.26045
  0
LINE
  8
0
 10
5.866
 20
1.26045
 11
5.86937
 21
1.2601
  0
LINE
  8
0
 10
5.86937
 20
1.2601
 11
5.87271
 21
1.25961
  0
LINE
  8
0
 10
5.87271
 20
1.25961
 11
5.87602
 21
1.25897
  0
LINE
  8
0
 10
5.87602
 20
1.25897
 11
5.87932
 21
1.25821
  0
LINE
  8
0
 10
5.87932
 20
1.25821
 11
5.88257
 21
1.25729
  0
LINE
  8
0
 10
5.88257
 20
1.25729
 11
5.88579
 21
1.25626
  0
LINE
  8
0
 10
5.88579
 20
1.25626
 11
5.88896
 21
1.25507
  0
LINE
  8
0
 10
5.88896
 20
1.25507
 11
5.89207
 21
1.25377
  0
LINE
  8
0
 10
5.89207
 20
1.25377
 11
5.89514
 21
1.25232
  0
LINE
  8
0
 10
5.89514
 20
1.25232
 11
5.89813
 21
1.25076
  0
LINE
  8
0
 10
5.89813
 20
1.25076
 11
5.90106
 21
1.24907
  0
LINE
  8
0
 10
5.90106
 20
1.24907
 11
5.90392
 21
1.24725
  0
LINE
  8
0
 10
5.90392
 20
1.24725
 11
5.90669
 21
1.24533
  0
LINE
  8
0
 10
5.90669
 20
1.24533
 11
5.90938
 21
1.24329
  0
LINE
  8
0
 10
5.90938
 20
1.24329
 11
5.91199
 21
1.24113
  0
LINE
  8
0
 10
5.91199
 20
1.24113
 11
5.91449
 21
1.23886
  0
LINE
  8
0
 10
5.91449
 20
1.23886
 11
5.91692
 21
1.2365
  0
LINE
  8
0
 10
5.91692
 20
1.2365
 11
5.91922
 21
1.23404
  0
LINE
  8
0
 10
5.91922
 20
1.23404
 11
5.92143
 21
1.23148
  0
LINE
  8
0
 10
5.92143
 20
1.23148
 11
5.92354
 21
1.22882
  0
LINE
  8
0
 10
5.92354
 20
1.22882
 11
5.92552
 21
1.22609
  0
LINE
  8
0
 10
5.92552
 20
1.22609
 11
5.9274
 21
1.22328
  0
LINE
  8
0
 10
5.9274
 20
1.22328
 11
5.92914
 21
1.22038
  0
LINE
  8
0
 10
5.92914
 20
1.22038
 11
5.93077
 21
1.21742
  0
LINE
  8
0
 10
5.93077
 20
1.21742
 11
5.93228
 21
1.2144
  0
LINE
  8
0
 10
5.93228
 20
1.2144
 11
5.93365
 21
1.2113
  0
LINE
  8
0
 10
5.93365
 20
1.2113
 11
5.93489
 21
1.20816
  0
LINE
  8
0
 10
5.93489
 20
1.20816
 11
5.936
 21
1.20497
  0
LINE
  8
0
 10
5.936
 20
1.20497
 11
5.93698
 21
1.20174
  0
LINE
  8
0
 10
5.93698
 20
1.20174
 11
5.93782
 21
1.19846
  0
LINE
  8
0
 10
5.93782
 20
1.19846
 11
5.93852
 21
1.19516
  0
LINE
  8
0
 10
5.93852
 20
1.19516
 11
5.93909
 21
1.19182
  0
LINE
  8
0
 10
5.93909
 20
1.19182
 11
5.93951
 21
1.18846
  0
LINE
  8
0
 10
5.93951
 20
1.18846
 11
5.9398
 21
1.1851
  0
LINE
  8
0
 10
5.9398
 20
1.1851
 11
5.93994
 21
1.18172
  0
LINE
  8
0
 10
5.93994
 20
1.18172
 11
5.93994
 21
1.17834
  0
LINE
  8
0
 10
5.93994
 20
1.17834
 11
5.9398
 21
1.17497
  0
LINE
  8
0
 10
5.9398
 20
1.17497
 11
5.93951
 21
1.1716
  0
LINE
  8
0
 10
5.93951
 20
1.1716
 11
5.93909
 21
1.16824
  0
LINE
  8
0
 10
5.93909
 20
1.16824
 11
5.93852
 21
1.16492
  0
LINE
  8
0
 10
5.93852
 20
1.16492
 11
5.93782
 21
1.16161
  0
LINE
  8
0
 10
5.93782
 20
1.16161
 11
5.93698
 21
1.15833
  0
LINE
  8
0
 10
5.93698
 20
1.15833
 11
5.936
 21
1.15509
  0
LINE
  8
0
 10
5.936
 20
1.15509
 11
5.93489
 21
1.1519
  0
LINE
  8
0
 10
5.93489
 20
1.1519
 11
5.93365
 21
1.14876
  0
LINE
  8
0
 10
5.93365
 20
1.14876
 11
5.93228
 21
1.14568
  0
LINE
  8
0
 10
5.93228
 20
1.14568
 11
5.93077
 21
1.14264
  0
LINE
  8
0
 10
5.93077
 20
1.14264
 11
5.92914
 21
1.13968
  0
LINE
  8
0
 10
5.92914
 20
1.13968
 11
5.9274
 21
1.13678
  0
LINE
  8
0
 10
5.9274
 20
1.13678
 11
5.92552
 21
1.13397
  0
LINE
  8
0
 10
5.92552
 20
1.13397
 11
5.92354
 21
1.13124
  0
LINE
  8
0
 10
5.92354
 20
1.13124
 11
5.92143
 21
1.12859
  0
LINE
  8
0
 10
5.92143
 20
1.12859
 11
5.91922
 21
1.12602
  0
LINE
  8
0
 10
5.91922
 20
1.12602
 11
5.91692
 21
1.12357
  0
LINE
  8
0
 10
5.91692
 20
1.12357
 11
5.91449
 21
1.1212
  0
LINE
  8
0
 10
5.91449
 20
1.1212
 11
5.91199
 21
1.11894
  0
LINE
  8
0
 10
5.91199
 20
1.11894
 11
5.90938
 21
1.11678
  0
LINE
  8
0
 10
5.90938
 20
1.11678
 11
5.90669
 21
1.11473
  0
LINE
  8
0
 10
5.90669
 20
1.11473
 11
5.90392
 21
1.11281
  0
LINE
  8
0
 10
5.90392
 20
1.11281
 11
5.90106
 21
1.11099
  0
LINE
  8
0
 10
5.90106
 20
1.11099
 11
5.89813
 21
1.10931
  0
LINE
  8
0
 10
5.89813
 20
1.10931
 11
5.89514
 21
1.10774
  0
LINE
  8
0
 10
5.89514
 20
1.10774
 11
5.89207
 21
1.10631
  0
LINE
  8
0
 10
5.89207
 20
1.10631
 11
5.88896
 21
1.105
  0
LINE
  8
0
 10
5.88896
 20
1.105
 11
5.88579
 21
1.10382
  0
LINE
  8
0
 10
5.88579
 20
1.10382
 11
5.88257
 21
1.10277
  0
LINE
  8
0
 10
5.88257
 20
1.10277
 11
5.87932
 21
1.10185
  0
LINE
  8
0
 10
5.87932
 20
1.10185
 11
5.87602
 21
1.10109
  0
LINE
  8
0
 10
5.87602
 20
1.10109
 11
5.87271
 21
1.10045
  0
LINE
  8
0
 10
5.87271
 20
1.10045
 11
5.86937
 21
1.09996
  0
LINE
  8
0
 10
5.86937
 20
1.09996
 11
5.866
 21
1.09961
  0
LINE
  8
0
 10
5.866
 20
1.09961
 11
5.86263
 21
1.0994
  0
LINE
  8
0
 10
5.86263
 20
1.0994
 11
5.85925
 21
1.09932
  0
LINE
  8
0
 10
5.85925
 20
1.09932
 11
5.85587
 21
1.0994
  0
LINE
  8
0
 10
5.85587
 20
0.469467
 11
5.85249
 21
0.469681
  0
LINE
  8
0
 10
5.85249
 20
0.469681
 11
5.84914
 21
0.470032
  0
LINE
  8
0
 10
5.84914
 20
0.470032
 11
5.84579
 21
0.470535
  0
LINE
  8
0
 10
5.84579
 20
0.470535
 11
5.84247
 21
0.471161
  0
LINE
  8
0
 10
5.84247
 20
0.471161
 11
5.83917
 21
0.471939
  0
LINE
  8
0
 10
5.83917
 20
0.471939
 11
5.83592
 21
0.472839
  0
LINE
  8
0
 10
5.83592
 20
0.472839
 11
5.8327
 21
0.473892
  0
LINE
  8
0
 10
5.8327
 20
0.473892
 11
5.82954
 21
0.475067
  0
LINE
  8
0
 10
5.82954
 20
0.475067
 11
5.82642
 21
0.476379
  0
LINE
  8
0
 10
5.82642
 20
0.476379
 11
5.82336
 21
0.477814
  0
LINE
  8
0
 10
5.82336
 20
0.477814
 11
5.82037
 21
0.479385
  0
LINE
  8
0
 10
5.82037
 20
0.479385
 11
5.81744
 21
0.481079
  0
LINE
  8
0
 10
5.81744
 20
0.481079
 11
5.81459
 21
0.48288
  0
LINE
  8
0
 10
5.81459
 20
0.48288
 11
5.81181
 21
0.484818
  0
LINE
  8
0
 10
5.81181
 20
0.484818
 11
5.80911
 21
0.486862
  0
LINE
  8
0
 10
5.80911
 20
0.486862
 11
5.80652
 21
0.489014
  0
LINE
  8
0
 10
5.80652
 20
0.489014
 11
5.804
 21
0.491272
  0
LINE
  8
0
 10
5.804
 20
0.491272
 11
5.80159
 21
0.493637
  0
LINE
  8
0
 10
5.80159
 20
0.493637
 11
5.79927
 21
0.496109
  0
LINE
  8
0
 10
5.79927
 20
0.496109
 11
5.79706
 21
0.498657
  0
LINE
  8
0
 10
5.79706
 20
0.498657
 11
5.79497
 21
0.501312
  0
LINE
  8
0
 10
5.79497
 20
0.501312
 11
5.79297
 21
0.504044
  0
LINE
  8
0
 10
5.79297
 20
0.504044
 11
5.79111
 21
0.506866
  0
LINE
  8
0
 10
5.79111
 20
0.506866
 11
5.78935
 21
0.50975
  0
LINE
  8
0
 10
5.78935
 20
0.50975
 11
5.78772
 21
0.512726
  0
LINE
  8
0
 10
5.78772
 20
0.512726
 11
5.78622
 21
0.515747
  0
LINE
  8
0
 10
5.78622
 20
0.515747
 11
5.78485
 21
0.518829
  0
LINE
  8
0
 10
5.78485
 20
0.518829
 11
5.7836
 21
0.521973
  0
LINE
  8
0
 10
5.7836
 20
0.521973
 11
5.78249
 21
0.525177
  0
LINE
  8
0
 10
5.78249
 20
0.525177
 11
5.78151
 21
0.528412
  0
LINE
  8
0
 10
5.78151
 20
0.528412
 11
5.78067
 21
0.531677
  0
LINE
  8
0
 10
5.78067
 20
0.531677
 11
5.77997
 21
0.534988
  0
LINE
  8
0
 10
5.77997
 20
0.534988
 11
5.7794
 21
0.538315
  0
LINE
  8
0
 10
5.7794
 20
0.538315
 11
5.77898
 21
0.541672
  0
LINE
  8
0
 10
5.77898
 20
0.541672
 11
5.7787
 21
0.545044
  0
LINE
  8
0
 10
5.7787
 20
0.545044
 11
5.77856
 21
0.548416
  0
LINE
  8
0
 10
5.77856
 20
0.548416
 11
5.77856
 21
0.551804
  0
LINE
  8
0
 10
5.77856
 20
0.551804
 11
5.7787
 21
0.555176
  0
LINE
  8
0
 10
5.7787
 20
0.555176
 11
5.77898
 21
0.558548
  0
LINE
  8
0
 10
5.77898
 20
0.558548
 11
5.7794
 21
0.561905
  0
LINE
  8
0
 10
5.7794
 20
0.561905
 11
5.77997
 21
0.565231
  0
LINE
  8
0
 10
5.77997
 20
0.565231
 11
5.78067
 21
0.568542
  0
LINE
  8
0
 10
5.78067
 20
0.568542
 11
5.78151
 21
0.571808
  0
LINE
  8
0
 10
5.78151
 20
0.571808
 11
5.78249
 21
0.575058
  0
LINE
  8
0
 10
5.78249
 20
0.575058
 11
5.7836
 21
0.578247
  0
LINE
  8
0
 10
5.7836
 20
0.578247
 11
5.78485
 21
0.58139
  0
LINE
  8
0
 10
5.78485
 20
0.58139
 11
5.78622
 21
0.584473
  0
LINE
  8
0
 10
5.78622
 20
0.584473
 11
5.78772
 21
0.587509
  0
LINE
  8
0
 10
5.78772
 20
0.587509
 11
5.78935
 21
0.590469
  0
LINE
  8
0
 10
5.78935
 20
0.590469
 11
5.79111
 21
0.593353
  0
LINE
  8
0
 10
5.79111
 20
0.593353
 11
5.79297
 21
0.596176
  0
LINE
  8
0
 10
5.79297
 20
0.596176
 11
5.79497
 21
0.598907
  0
LINE
  8
0
 10
5.79497
 20
0.598907
 11
5.79706
 21
0.601562
  0
LINE
  8
0
 10
5.79706
 20
0.601562
 11
5.79927
 21
0.604111
  0
LINE
  8
0
 10
5.79927
 20
0.604111
 11
5.80159
 21
0.606583
  0
LINE
  8
0
 10
5.80159
 20
0.606583
 11
5.804
 21
0.608948
  0
LINE
  8
0
 10
5.804
 20
0.608948
 11
5.80652
 21
0.611206
  0
LINE
  8
0
 10
5.80652
 20
0.611206
 11
5.80911
 21
0.613358
  0
LINE
  8
0
 10
5.80911
 20
0.613358
 11
5.81181
 21
0.615402
  0
LINE
  8
0
 10
5.81181
 20
0.615402
 11
5.81459
 21
0.61734
  0
LINE
  8
0
 10
5.81459
 20
0.61734
 11
5.81744
 21
0.619141
  0
LINE
  8
0
 10
5.81744
 20
0.619141
 11
5.82037
 21
0.620834
  0
LINE
  8
0
 10
5.82037
 20
0.620834
 11
5.82336
 21
0.622406
  0
LINE
  8
0
 10
5.82336
 20
0.622406
 11
5.82642
 21
0.62384
  0
LINE
  8
0
 10
5.82642
 20
0.62384
 11
5.82954
 21
0.625153
  0
LINE
  8
0
 10
5.82954
 20
0.625153
 11
5.8327
 21
0.626328
  0
LINE
  8
0
 10
5.8327
 20
0.626328
 11
5.83592
 21
0.62738
  0
LINE
  8
0
 10
5.83592
 20
0.62738
 11
5.83917
 21
0.628281
  0
LINE
  8
0
 10
5.83917
 20
0.628281
 11
5.84247
 21
0.629059
  0
LINE
  8
0
 10
5.84247
 20
0.629059
 11
5.84579
 21
0.629684
  0
LINE
  8
0
 10
5.84579
 20
0.629684
 11
5.84914
 21
0.630188
  0
LINE
  8
0
 10
5.84914
 20
0.630188
 11
5.85249
 21
0.630539
  0
LINE
  8
0
 10
5.85249
 20
0.630539
 11
5.85587
 21
0.630753
  0
LINE
  8
0
 10
5.85587
 20
0.630753
 11
5.85925
 21
0.630814
  0
LINE
  8
0
 10
5.85925
 20
0.630814
 11
5.86263
 21
0.630753
  0
LINE
  8
0
 10
5.86263
 20
0.630753
 11
5.866
 21
0.630539
  0
LINE
  8
0
 10
5.866
 20
0.630539
 11
5.86937
 21
0.630188
  0
LINE
  8
0
 10
5.86937
 20
0.630188
 11
5.87271
 21
0.629684
  0
LINE
  8
0
 10
5.87271
 20
0.629684
 11
5.87602
 21
0.629059
  0
LINE
  8
0
 10
5.87602
 20
0.629059
 11
5.87932
 21
0.628281
  0
LINE
  8
0
 10
5.87932
 20
0.628281
 11
5.88257
 21
0.62738
  0
LINE
  8
0
 10
5.88257
 20
0.62738
 11
5.88579
 21
0.626328
  0
LINE
  8
0
 10
5.88579
 20
0.626328
 11
5.88896
 21
0.625153
  0
LINE
  8
0
 10
5.88896
 20
0.625153
 11
5.89207
 21
0.62384
  0
LINE
  8
0
 10
5.89207
 20
0.62384
 11
5.89514
 21
0.622406
  0
LINE
  8
0
 10
5.89514
 20
0.622406
 11
5.89813
 21
0.620834
  0
LINE
  8
0
 10
5.89813
 20
0.620834
 11
5.90106
 21
0.619141
  0
LINE
  8
0
 10
5.90106
 20
0.619141
 11
5.90392
 21
0.61734
  0
LINE
  8
0
 10
5.90392
 20
0.61734
 11
5.90669
 21
0.615402
  0
LINE
  8
0
 10
5.90669
 20
0.615402
 11
5.90938
 21
0.613358
  0
LINE
  8
0
 10
5.90938
 20
0.613358
 11
5.91199
 21
0.611206
  0
LINE
  8
0
 10
5.91199
 20
0.611206
 11
5.91449
 21
0.608948
  0
LINE
  8
0
 10
5.91449
 20
0.608948
 11
5.91692
 21
0.606583
  0
LINE
  8
0
 10
5.91692
 20
0.606583
 11
5.91922
 21
0.604111
  0
LINE
  8
0
 10
5.91922
 20
0.604111
 11
5.92143
 21
0.601562
  0
LINE
  8
0
 10
5.92143
 20
0.601562
 11
5.92354
 21
0.598907
  0
LINE
  8
0
 10
5.92354
 20
0.598907
 11
5.92552
 21
0.596176
  0
LINE
  8
0
 10
5.92552
 20
0.596176
 11
5.9274
 21
0.593353
  0
LINE
  8
0
 10
5.9274
 20
0.593353
 11
5.92914
 21
0.590469
  0
LINE
  8
0
 10
5.92914
 20
0.590469
 11
5.93077
 21
0.587509
  0
LINE
  8
0
 10
5.93077
 20
0.587509
 11
5.93228
 21
0.584473
  0
LINE
  8
0
 10
5.93228
 20
0.584473
 11
5.93365
 21
0.58139
  0
LINE
  8
0
 10
5.93365
 20
0.58139
 11
5.93489
 21
0.578247
  0
LINE
  8
0
 10
5.93489
 20
0.578247
 11
5.936
 21
0.575058
  0
LINE
  8
0
 10
5.936
 20
0.575058
 11
5.93698
 21
0.571808
  0
LINE
  8
0
 10
5.93698
 20
0.571808
 11
5.93782
 21
0.568542
  0
LINE
  8
0
 10
5.93782
 20
0.568542
 11
5.93852
 21
0.565231
  0
LINE
  8
0
 10
5.93852
 20
0.565231
 11
5.93909
 21
0.561905
  0
LINE
  8
0
 10
5.93909
 20
0.561905
 11
5.93951
 21
0.558548
  0
LINE
  8
0
 10
5.93951
 20
0.558548
 11
5.9398
 21
0.555176
  0
LINE
  8
0
 10
5.9398
 20
0.555176
 11
5.93994
 21
0.551804
  0
LINE
  8
0
 10
5.93994
 20
0.551804
 11
5.93994
 21
0.548416
  0
LINE
  8
0
 10
5.93994
 20
0.548416
 11
5.9398
 21
0.545044
  0
LINE
  8
0
 10
5.9398
 20
0.545044
 11
5.93951
 21
0.541672
  0
LINE
  8
0
 10
5.93951
 20
0.541672
 11
5.93909
 21
0.538315
  0
LINE
  8
0
 10
5.93909
 20
0.538315
 11
5.93852
 21
0.534988
  0
LINE
  8
0
 10
5.93852
 20
0.534988
 11
5.93782
 21
0.531677
  0
LINE
  8
0
 10
5.93782
 20
0.531677
 11
5.93698
 21
0.528412
  0
LINE
  8
0
 10
5.93698
 20
0.528412
 11
5.936
 21
0.525177
  0
LINE
  8
0
 10
5.936
 20
0.525177
 11
5.93489
 21
0.521973
  0
LINE
  8
0
 10
5.93489
 20
0.521973
 11
5.93365
 21
0.518829
  0
LINE
  8
0
 10
5.93365
 20
0.518829
 11
5.93228
 21
0.515747
  0
LINE
  8
0
 10
5.93228
 20
0.515747
 11
5.93077
 21
0.512726
  0
LINE
  8
0
 10
5.93077
 20
0.512726
 11
5.92914
 21
0.50975
  0
LINE
  8
0
 10
5.92914
 20
0.50975
 11
5.9274
 21
0.506866
  0
LINE
  8
0
 10
5.9274
 20
0.506866
 11
5.92552
 21
0.504044
  0
LINE
  8
0
 10
5.92552
 20
0.504044
 11
5.92354
 21
0.501312
  0
LINE
  8
0
 10
5.92354
 20
0.501312
 11
5.92143
 21
0.498657
  0
LINE
  8
0
 10
5.92143
 20
0.498657
 11
5.91922
 21
0.496109
  0
LINE
  8
0
 10
5.91922
 20
0.496109
 11
5.91692
 21
0.493637
  0
LINE
  8
0
 10
5.91692
 20
0.493637
 11
5.91449
 21
0.491272
  0
LINE
  8
0
 10
5.91449
 20
0.491272
 11
5.91199
 21
0.489014
  0
LINE
  8
0
 10
5.91199
 20
0.489014
 11
5.90938
 21
0.486862
  0
LINE
  8
0
 10
5.90938
 20
0.486862
 11
5.90669
 21
0.484818
  0
LINE
  8
0
 10
5.90669
 20
0.484818
 11
5.90392
 21
0.48288
  0
LINE
  8
0
 10
5.90392
 20
0.48288
 11
5.90106
 21
0.481079
  0
LINE
  8
0
 10
5.90106
 20
0.481079
 11
5.89813
 21
0.479385
  0
LINE
  8
0
 10
5.89813
 20
0.479385
 11
5.89514
 21
0.477814
  0
LINE
  8
0
 10
5.89514
 20
0.477814
 11
5.89207
 21
0.476379
  0
LINE
  8
0
 10
5.89207
 20
0.476379
 11
5.88896
 21
0.475067
  0
LINE
  8
0
 10
5.88896
 20
0.475067
 11
5.88579
 21
0.473892
  0
LINE
  8
0
 10
5.88579
 20
0.473892
 11
5.88257
 21
0.472839
  0
LINE
  8
0
 10
5.88257
 20
0.472839
 11
5.87932
 21
0.471939
  0
LINE
  8
0
 10
5.87932
 20
0.471939
 11
5.87602
 21
0.471161
  0
LINE
  8
0
 10
5.87602
 20
0.471161
 11
5.87271
 21
0.470535
  0
LINE
  8
0
 10
5.87271
 20
0.470535
 11
5.86937
 21
0.470032
  0
LINE
  8
0
 10
5.86937
 20
0.470032
 11
5.866
 21
0.469681
  0
LINE
  8
0
 10
5.866
 20
0.469681
 11
5.86263
 21
0.469467
  0
LINE
  8
0
 10
5.86263
 20
0.469467
 11
5.85925
 21
0.469406
  0
LINE
  8
0
 10
5.85925
 20
0.469406
 11
5.85587
 21
0.469467
  0
LINE
  8
0
 10
-5.45456
 20
0.488434
 11
-5.45744
 21
0.488617
  0
LINE
  8
0
 10
-5.45744
 20
0.488617
 11
-5.46031
 21
0.488922
  0
LINE
  8
0
 10
-5.46031
 20
0.488922
 11
-5.46317
 21
0.489349
  0
LINE
  8
0
 10
-5.46317
 20
0.489349
 11
-5.466
 21
0.489883
  0
LINE
  8
0
 10
-5.466
 20
0.489883
 11
-5.46881
 21
0.49054
  0
LINE
  8
0
 10
-5.46881
 20
0.49054
 11
-5.47159
 21
0.491318
  0
LINE
  8
0
 10
-5.47159
 20
0.491318
 11
-5.47433
 21
0.492203
  0
LINE
  8
0
 10
-5.47433
 20
0.492203
 11
-5.47704
 21
0.49321
  0
LINE
  8
0
 10
-5.47704
 20
0.49321
 11
-5.47971
 21
0.494339
  0
LINE
  8
0
 10
-5.47971
 20
0.494339
 11
-5.48232
 21
0.49556
  0
LINE
  8
0
 10
-5.48232
 20
0.49556
 11
-5.48486
 21
0.496902
  0
LINE
  8
0
 10
-5.48486
 20
0.496902
 11
-5.48737
 21
0.498337
  0
LINE
  8
0
 10
-5.48737
 20
0.498337
 11
-5.48981
 21
0.499893
  0
LINE
  8
0
 10
-5.48981
 20
0.499893
 11
-5.49217
 21
0.501541
  0
LINE
  8
0
 10
-5.49217
 20
0.501541
 11
-5.49448
 21
0.503281
  0
LINE
  8
0
 10
-5.49448
 20
0.503281
 11
-5.4967
 21
0.505127
  0
LINE
  8
0
 10
-5.4967
 20
0.505127
 11
-5.49884
 21
0.50705
  0
LINE
  8
0
 10
-5.49884
 20
0.50705
 11
-5.5009
 21
0.509064
  0
LINE
  8
0
 10
-5.5009
 20
0.509064
 11
-5.50288
 21
0.511169
  0
LINE
  8
0
 10
-5.50288
 20
0.511169
 11
-5.50476
 21
0.513351
  0
LINE
  8
0
 10
-5.50476
 20
0.513351
 11
-5.50656
 21
0.515625
  0
LINE
  8
0
 10
-5.50656
 20
0.515625
 11
-5.50826
 21
0.51796
  0
LINE
  8
0
 10
-5.50826
 20
0.51796
 11
-5.50986
 21
0.520355
  0
LINE
  8
0
 10
-5.50986
 20
0.520355
 11
-5.51134
 21
0.522827
  0
LINE
  8
0
 10
-5.51134
 20
0.522827
 11
-5.51274
 21
0.52536
  0
LINE
  8
0
 10
-5.51274
 20
0.52536
 11
-5.51402
 21
0.527939
  0
LINE
  8
0
 10
-5.51402
 20
0.527939
 11
-5.5152
 21
0.530579
  0
LINE
  8
0
 10
-5.5152
 20
0.530579
 11
-5.51625
 21
0.533264
  0
LINE
  8
0
 10
-5.51625
 20
0.533264
 11
-5.5172
 21
0.53598
  0
LINE
  8
0
 10
-5.5172
 20
0.53598
 11
-5.51804
 21
0.538742
  0
LINE
  8
0
 10
-5.51804
 20
0.538742
 11
-5.51875
 21
0.54155
  0
LINE
  8
0
 10
-5.51875
 20
0.54155
 11
-5.51935
 21
0.544373
  0
LINE
  8
0
 10
-5.51935
 20
0.544373
 11
-5.51984
 21
0.547211
  0
LINE
  8
0
 10
-5.51984
 20
0.547211
 11
-5.5202
 21
0.550079
  0
LINE
  8
0
 10
-5.5202
 20
0.550079
 11
-5.52045
 21
0.552948
  0
LINE
  8
0
 10
-5.52045
 20
0.552948
 11
-5.52055
 21
0.555832
  0
LINE
  8
0
 10
-5.52055
 20
0.555832
 11
-5.52055
 21
0.558716
  0
LINE
  8
0
 10
-5.52055
 20
0.558716
 11
-5.52045
 21
0.5616
  0
LINE
  8
0
 10
-5.52045
 20
0.5616
 11
-5.5202
 21
0.564484
  0
LINE
  8
0
 10
-5.5202
 20
0.564484
 11
-5.51984
 21
0.567337
  0
LINE
  8
0
 10
-5.51984
 20
0.567337
 11
-5.51935
 21
0.57019
  0
LINE
  8
0
 10
-5.51935
 20
0.57019
 11
-5.51875
 21
0.573013
  0
LINE
  8
0
 10
-5.51875
 20
0.573013
 11
-5.51804
 21
0.575806
  0
LINE
  8
0
 10
-5.51804
 20
0.575806
 11
-5.5172
 21
0.578568
  0
LINE
  8
0
 10
-5.5172
 20
0.578568
 11
-5.51625
 21
0.581299
  0
LINE
  8
0
 10
-5.51625
 20
0.581299
 11
-5.5152
 21
0.583969
  0
LINE
  8
0
 10
-5.5152
 20
0.583969
 11
-5.51402
 21
0.586609
  0
LINE
  8
0
 10
-5.51402
 20
0.586609
 11
-5.51274
 21
0.589203
  0
LINE
  8
0
 10
-5.51274
 20
0.589203
 11
-5.51134
 21
0.591721
  0
LINE
  8
0
 10
-5.51134
 20
0.591721
 11
-5.50986
 21
0.594193
  0
LINE
  8
0
 10
-5.50986
 20
0.594193
 11
-5.50826
 21
0.596603
  0
LINE
  8
0
 10
-5.50826
 20
0.596603
 11
-5.50656
 21
0.598938
  0
LINE
  8
0
 10
-5.50656
 20
0.598938
 11
-5.50476
 21
0.601196
  0
LINE
  8
0
 10
-5.50476
 20
0.601196
 11
-5.50288
 21
0.603378
  0
LINE
  8
0
 10
-5.50288
 20
0.603378
 11
-5.5009
 21
0.605484
  0
LINE
  8
0
 10
-5.5009
 20
0.605484
 11
-5.49884
 21
0.607498
  0
LINE
  8
0
 10
-5.49884
 20
0.607498
 11
-5.4967
 21
0.609436
  0
LINE
  8
0
 10
-5.4967
 20
0.609436
 11
-5.49448
 21
0.611267
  0
LINE
  8
0
 10
-5.49448
 20
0.611267
 11
-5.49217
 21
0.613022
  0
LINE
  8
0
 10
-5.49217
 20
0.613022
 11
-5.48981
 21
0.614655
  0
LINE
  8
0
 10
-5.48981
 20
0.614655
 11
-5.48737
 21
0.616211
  0
LINE
  8
0
 10
-5.48737
 20
0.616211
 11
-5.48486
 21
0.617645
  0
LINE
  8
0
 10
-5.48486
 20
0.617645
 11
-5.48232
 21
0.618988
  0
LINE
  8
0
 10
-5.48232
 20
0.618988
 11
-5.47971
 21
0.620224
  0
LINE
  8
0
 10
-5.47971
 20
0.620224
 11
-5.47704
 21
0.621338
  0
LINE
  8
0
 10
-5.47704
 20
0.621338
 11
-5.47433
 21
0.622345
  0
LINE
  8
0
 10
-5.47433
 20
0.622345
 11
-5.47159
 21
0.62323
  0
LINE
  8
0
 10
-5.47159
 20
0.62323
 11
-5.46881
 21
0.624008
  0
LINE
  8
0
 10
-5.46881
 20
0.624008
 11
-5.466
 21
0.624664
  0
LINE
  8
0
 10
-5.466
 20
0.624664
 11
-5.46317
 21
0.625214
  0
LINE
  8
0
 10
-5.46317
 20
0.625214
 11
-5.46031
 21
0.625626
  0
LINE
  8
0
 10
-5.46031
 20
0.625626
 11
-5.45744
 21
0.625931
  0
LINE
  8
0
 10
-5.45744
 20
0.625931
 11
-5.45456
 21
0.626114
  0
LINE
  8
0
 10
-5.45456
 20
0.626114
 11
-5.45168
 21
0.626175
  0
LINE
  8
0
 10
-5.45168
 20
0.626175
 11
-5.44879
 21
0.626114
  0
LINE
  8
0
 10
-5.44879
 20
0.626114
 11
-5.44591
 21
0.625931
  0
LINE
  8
0
 10
-5.44591
 20
0.625931
 11
-5.44304
 21
0.625626
  0
LINE
  8
0
 10
-5.44304
 20
0.625626
 11
-5.44019
 21
0.625214
  0
LINE
  8
0
 10
-5.44019
 20
0.625214
 11
-5.43735
 21
0.624664
  0
LINE
  8
0
 10
-5.43735
 20
0.624664
 11
-5.43454
 21
0.624008
  0
LINE
  8
0
 10
-5.43454
 20
0.624008
 11
-5.43176
 21
0.62323
  0
LINE
  8
0
 10
-5.43176
 20
0.62323
 11
-5.42902
 21
0.622345
  0
LINE
  8
0
 10
-5.42902
 20
0.622345
 11
-5.42632
 21
0.621338
  0
LINE
  8
0
 10
-5.42632
 20
0.621338
 11
-5.42366
 21
0.620224
  0
LINE
  8
0
 10
-5.42366
 20
0.620224
 11
-5.42104
 21
0.618988
  0
LINE
  8
0
 10
-5.42104
 20
0.618988
 11
-5.41849
 21
0.617645
  0
LINE
  8
0
 10
-5.41849
 20
0.617645
 11
-5.41599
 21
0.616211
  0
LINE
  8
0
 10
-5.41599
 20
0.616211
 11
-5.41354
 21
0.614655
  0
LINE
  8
0
 10
-5.41354
 20
0.614655
 11
-5.41118
 21
0.613022
  0
LINE
  8
0
 10
-5.41118
 20
0.613022
 11
-5.40887
 21
0.611267
  0
LINE
  8
0
 10
-5.40887
 20
0.611267
 11
-5.40666
 21
0.609436
  0
LINE
  8
0
 10
-5.40666
 20
0.609436
 11
-5.40451
 21
0.607498
  0
LINE
  8
0
 10
-5.40451
 20
0.607498
 11
-5.40245
 21
0.605484
  0
LINE
  8
0
 10
-5.40245
 20
0.605484
 11
-5.40048
 21
0.603378
  0
LINE
  8
0
 10
-5.40048
 20
0.603378
 11
-5.39859
 21
0.601196
  0
LINE
  8
0
 10
-5.39859
 20
0.601196
 11
-5.3968
 21
0.598938
  0
LINE
  8
0
 10
-5.3968
 20
0.598938
 11
-5.3951
 21
0.596603
  0
LINE
  8
0
 10
-5.3951
 20
0.596603
 11
-5.39351
 21
0.594193
  0
LINE
  8
0
 10
-5.39351
 20
0.594193
 11
-5.39201
 21
0.591721
  0
LINE
  8
0
 10
-5.39201
 20
0.591721
 11
-5.39062
 21
0.589203
  0
LINE
  8
0
 10
-5.39062
 20
0.589203
 11
-5.38934
 21
0.586609
  0
LINE
  8
0
 10
-5.38934
 20
0.586609
 11
-5.38817
 21
0.583969
  0
LINE
  8
0
 10
-5.38817
 20
0.583969
 11
-5.3871
 21
0.581299
  0
LINE
  8
0
 10
-5.3871
 20
0.581299
 11
-5.38615
 21
0.578568
  0
LINE
  8
0
 10
-5.38615
 20
0.578568
 11
-5.38531
 21
0.575806
  0
LINE
  8
0
 10
-5.38531
 20
0.575806
 11
-5.3846
 21
0.573013
  0
LINE
  8
0
 10
-5.3846
 20
0.573013
 11
-5.384
 21
0.57019
  0
LINE
  8
0
 10
-5.384
 20
0.57019
 11
-5.38351
 21
0.567337
  0
LINE
  8
0
 10
-5.38351
 20
0.567337
 11
-5.38316
 21
0.564484
  0
LINE
  8
0
 10
-5.38316
 20
0.564484
 11
-5.38292
 21
0.5616
  0
LINE
  8
0
 10
-5.38292
 20
0.5616
 11
-5.3828
 21
0.558716
  0
LINE
  8
0
 10
-5.3828
 20
0.558716
 11
-5.3828
 21
0.555832
  0
LINE
  8
0
 10
-5.3828
 20
0.555832
 11
-5.38292
 21
0.552948
  0
LINE
  8
0
 10
-5.38292
 20
0.552948
 11
-5.38316
 21
0.550079
  0
LINE
  8
0
 10
-5.38316
 20
0.550079
 11
-5.38351
 21
0.547211
  0
LINE
  8
0
 10
-5.38351
 20
0.547211
 11
-5.384
 21
0.544373
  0
LINE
  8
0
 10
-5.384
 20
0.544373
 11
-5.3846
 21
0.54155
  0
LINE
  8
0
 10
-5.3846
 20
0.54155
 11
-5.38531
 21
0.538742
  0
LINE
  8
0
 10
-5.38531
 20
0.538742
 11
-5.38615
 21
0.53598
  0
LINE
  8
0
 10
-5.38615
 20
0.53598
 11
-5.3871
 21
0.533264
  0
LINE
  8
0
 10
-5.3871
 20
0.533264
 11
-5.38817
 21
0.530579
  0
LINE
  8
0
 10
-5.38817
 20
0.530579
 11
-5.38934
 21
0.527939
  0
LINE
  8
0
 10
-5.38934
 20
0.527939
 11
-5.39062
 21
0.52536
  0
LINE
  8
0
 10
-5.39062
 20
0.52536
 11
-5.39201
 21
0.522827
  0
LINE
  8
0
 10
-5.39201
 20
0.522827
 11
-5.39351
 21
0.520355
  0
LINE
  8
0
 10
-5.39351
 20
0.520355
 11
-5.3951
 21
0.51796
  0
LINE
  8
0
 10
-5.3951
 20
0.51796
 11
-5.3968
 21
0.515625
  0
LINE
  8
0
 10
-5.3968
 20
0.515625
 11
-5.39859
 21
0.513351
  0
LINE
  8
0
 10
-5.39859
 20
0.513351
 11
-5.40048
 21
0.511169
  0
LINE
  8
0
 10
-5.40048
 20
0.511169
 11
-5.40245
 21
0.509064
  0
LINE
  8
0
 10
-5.40245
 20
0.509064
 11
-5.40451
 21
0.50705
  0
LINE
  8
0
 10
-5.40451
 20
0.50705
 11
-5.40666
 21
0.505127
  0
LINE
  8
0
 10
-5.40666
 20
0.505127
 11
-5.40887
 21
0.503281
  0
LINE
  8
0
 10
-5.40887
 20
0.503281
 11
-5.41118
 21
0.501541
  0
LINE
  8
0
 10
-5.41118
 20
0.501541
 11
-5.41354
 21
0.499893
  0
LINE
  8
0
 10
-5.41354
 20
0.499893
 11
-5.41599
 21
0.498337
  0
LINE
  8
0
 10
-5.41599
 20
0.498337
 11
-5.41849
 21
0.496902
  0
LINE
  8
0
 10
-5.41849
 20
0.496902
 11
-5.42104
 21
0.49556
  0
LINE
  8
0
 10
-5.42104
 20
0.49556
 11
-5.42366
 21
0.494339
  0
LINE
  8
0
 10
-5.42366
 20
0.494339
 11
-5.42632
 21
0.49321
  0
LINE
  8
0
 10
-5.42632
 20
0.49321
 11
-5.42902
 21
0.492203
  0
LINE
  8
0
 10
-5.42902
 20
0.492203
 11
-5.43176
 21
0.491318
  0
LINE
  8
0
 10
-5.43176
 20
0.491318
 11
-5.43454
 21
0.49054
  0
LINE
  8
0
 10
-5.43454
 20
0.49054
 11
-5.43735
 21
0.489883
  0
LINE
  8
0
 10
-5.43735
 20
0.489883
 11
-5.44019
 21
0.489349
  0
LINE
  8
0
 10
-5.44019
 20
0.489349
 11
-5.44304
 21
0.488922
  0
LINE
  8
0
 10
-5.44304
 20
0.488922
 11
-5.44591
 21
0.488617
  0
LINE
  8
0
 10
-5.44591
 20
0.488617
 11
-5.44879
 21
0.488434
  0
LINE
  8
0
 10
-5.44879
 20
0.488434
 11
-5.45168
 21
0.488373
  0
LINE
  8
0
 10
-5.45168
 20
0.488373
 11
-5.45456
 21
0.488434
  0
LINE
  8
0
 10
0.409424
 20
0.488434
 11
0.40654
 21
0.488617
  0
LINE
  8
0
 10
0.40654
 20
0.488617
 11
0.403671
 21
0.488922
  0
LINE
  8
0
 10
0.403671
 20
0.488922
 11
0.400818
 21
0.489349
  0
LINE
  8
0
 10
0.400818
 20
0.489349
 11
0.39798
 21
0.489883
  0
LINE
  8
0
 10
0.39798
 20
0.489883
 11
0.395172
 21
0.49054
  0
LINE
  8
0
 10
0.395172
 20
0.49054
 11
0.392395
 21
0.491318
  0
LINE
  8
0
 10
0.392395
 20
0.491318
 11
0.389648
 21
0.492203
  0
LINE
  8
0
 10
0.389648
 20
0.492203
 11
0.386948
 21
0.49321
  0
LINE
  8
0
 10
0.386948
 20
0.49321
 11
0.384277
 21
0.494339
  0
LINE
  8
0
 10
0.384277
 20
0.494339
 11
0.381668
 21
0.49556
  0
LINE
  8
0
 10
0.381668
 20
0.49556
 11
0.37912
 21
0.496902
  0
LINE
  8
0
 10
0.37912
 20
0.496902
 11
0.376617
 21
0.498337
  0
LINE
  8
0
 10
0.376617
 20
0.498337
 11
0.374176
 21
0.499893
  0
LINE
  8
0
 10
0.374176
 20
0.499893
 11
0.371811
 21
0.501541
  0
LINE
  8
0
 10
0.371811
 20
0.501541
 11
0.369507
 21
0.503281
  0
LINE
  8
0
 10
0.369507
 20
0.503281
 11
0.367294
 21
0.505127
  0
LINE
  8
0
 10
0.367294
 20
0.505127
 11
0.365143
 21
0.50705
  0
LINE
  8
0
 10
0.365143
 20
0.50705
 11
0.363083
 21
0.509064
  0
LINE
  8
0
 10
0.363083
 20
0.509064
 11
0.361099
 21
0.511169
  0
LINE
  8
0
 10
0.361099
 20
0.511169
 11
0.359222
 21
0.513351
  0
LINE
  8
0
 10
0.359222
 20
0.513351
 11
0.357422
 21
0.515625
  0
LINE
  8
0
 10
0.357422
 20
0.515625
 11
0.355728
 21
0.51796
  0
LINE
  8
0
 10
0.355728
 20
0.51796
 11
0.354141
 21
0.520355
  0
LINE
  8
0
 10
0.354141
 20
0.520355
 11
0.352646
 21
0.522827
  0
LINE
  8
0
 10
0.352646
 20
0.522827
 11
0.351257
 21
0.52536
  0
LINE
  8
0
 10
0.351257
 20
0.52536
 11
0.34996
 21
0.527939
  0
LINE
  8
0
 10
0.34996
 20
0.527939
 11
0.348801
 21
0.530579
  0
LINE
  8
0
 10
0.348801
 20
0.530579
 11
0.347733
 21
0.533264
  0
LINE
  8
0
 10
0.347733
 20
0.533264
 11
0.346786
 21
0.53598
  0
LINE
  8
0
 10
0.346786
 20
0.53598
 11
0.345947
 21
0.538742
  0
LINE
  8
0
 10
0.345947
 20
0.538742
 11
0.34523
 21
0.54155
  0
LINE
  8
0
 10
0.34523
 20
0.54155
 11
0.344635
 21
0.544373
  0
LINE
  8
0
 10
0.344635
 20
0.544373
 11
0.344147
 21
0.547211
  0
LINE
  8
0
 10
0.344147
 20
0.547211
 11
0.343781
 21
0.550079
  0
LINE
  8
0
 10
0.343781
 20
0.550079
 11
0.343552
 21
0.552948
  0
LINE
  8
0
 10
0.343552
 20
0.552948
 11
0.34343
 21
0.555832
  0
LINE
  8
0
 10
0.34343
 20
0.555832
 11
0.34343
 21
0.558716
  0
LINE
  8
0
 10
0.34343
 20
0.558716
 11
0.343552
 21
0.5616
  0
LINE
  8
0
 10
0.343552
 20
0.5616
 11
0.343781
 21
0.564484
  0
LINE
  8
0
 10
0.343781
 20
0.564484
 11
0.344147
 21
0.567337
  0
LINE
  8
0
 10
0.344147
 20
0.567337
 11
0.344635
 21
0.57019
  0
LINE
  8
0
 10
0.344635
 20
0.57019
 11
0.34523
 21
0.573013
  0
LINE
  8
0
 10
0.34523
 20
0.573013
 11
0.345947
 21
0.575806
  0
LINE
  8
0
 10
0.345947
 20
0.575806
 11
0.346786
 21
0.578568
  0
LINE
  8
0
 10
0.346786
 20
0.578568
 11
0.347733
 21
0.581299
  0
LINE
  8
0
 10
0.347733
 20
0.581299
 11
0.348801
 21
0.583969
  0
LINE
  8
0
 10
0.348801
 20
0.583969
 11
0.34996
 21
0.586609
  0
LINE
  8
0
 10
0.34996
 20
0.586609
 11
0.351257
 21
0.589203
  0
LINE
  8
0
 10
0.351257
 20
0.589203
 11
0.352646
 21
0.591721
  0
LINE
  8
0
 10
0.352646
 20
0.591721
 11
0.354141
 21
0.594193
  0
LINE
  8
0
 10
0.354141
 20
0.594193
 11
0.355728
 21
0.596603
  0
LINE
  8
0
 10
0.355728
 20
0.596603
 11
0.357422
 21
0.598938
  0
LINE
  8
0
 10
0.357422
 20
0.598938
 11
0.359222
 21
0.601196
  0
LINE
  8
0
 10
0.359222
 20
0.601196
 11
0.361099
 21
0.603378
  0
LINE
  8
0
 10
0.361099
 20
0.603378
 11
0.363083
 21
0.605484
  0
LINE
  8
0
 10
0.363083
 20
0.605484
 11
0.365143
 21
0.607498
  0
LINE
  8
0
 10
0.365143
 20
0.607498
 11
0.367294
 21
0.609436
  0
LINE
  8
0
 10
0.367294
 20
0.609436
 11
0.369507
 21
0.611267
  0
LINE
  8
0
 10
0.369507
 20
0.611267
 11
0.371811
 21
0.613022
  0
LINE
  8
0
 10
0.371811
 20
0.613022
 11
0.374176
 21
0.614655
  0
LINE
  8
0
 10
0.374176
 20
0.614655
 11
0.376617
 21
0.616211
  0
LINE
  8
0
 10
0.376617
 20
0.616211
 11
0.37912
 21
0.617645
  0
LINE
  8
0
 10
0.37912
 20
0.617645
 11
0.381668
 21
0.618988
  0
LINE
  8
0
 10
0.381668
 20
0.618988
 11
0.384277
 21
0.620224
  0
LINE
  8
0
 10
0.384277
 20
0.620224
 11
0.386948
 21
0.621338
  0
LINE
  8
0
 10
0.386948
 20
0.621338
 11
0.389648
 21
0.622345
  0
LINE
  8
0
 10
0.389648
 20
0.622345
 11
0.392395
 21
0.62323
  0
LINE
  8
0
 10
0.392395
 20
0.62323
 11
0.395172
 21
0.624008
  0
LINE
  8
0
 10
0.395172
 20
0.624008
 11
0.39798
 21
0.624664
  0
LINE
  8
0
 10
0.39798
 20
0.624664
 11
0.400818
 21
0.625214
  0
LINE
  8
0
 10
0.400818
 20
0.625214
 11
0.403671
 21
0.625626
  0
LINE
  8
0
 10
0.403671
 20
0.625626
 11
0.40654
 21
0.625931
  0
LINE
  8
0
 10
0.40654
 20
0.625931
 11
0.409424
 21
0.626114
  0
LINE
  8
0
 10
0.409424
 20
0.626114
 11
0.412308
 21
0.626175
  0
LINE
  8
0
 10
0.412308
 20
0.626175
 11
0.415192
 21
0.626114
  0
LINE
  8
0
 10
0.415192
 20
0.626114
 11
0.418076
 21
0.625931
  0
LINE
  8
0
 10
0.418076
 20
0.625931
 11
0.420944
 21
0.625626
  0
LINE
  8
0
 10
0.420944
 20
0.625626
 11
0.423798
 21
0.625214
  0
LINE
  8
0
 10
0.423798
 20
0.625214
 11
0.426636
 21
0.624664
  0
LINE
  8
0
 10
0.426636
 20
0.624664
 11
0.429443
 21
0.624008
  0
LINE
  8
0
 10
0.429443
 20
0.624008
 11
0.43222
 21
0.62323
  0
LINE
  8
0
 10
0.43222
 20
0.62323
 11
0.434967
 21
0.622345
  0
LINE
  8
0
 10
0.434967
 20
0.622345
 11
0.437668
 21
0.621338
  0
LINE
  8
0
 10
0.437668
 20
0.621338
 11
0.440338
 21
0.620224
  0
LINE
  8
0
 10
0.440338
 20
0.620224
 11
0.442947
 21
0.618988
  0
LINE
  8
0
 10
0.442947
 20
0.618988
 11
0.445496
 21
0.617645
  0
LINE
  8
0
 10
0.445496
 20
0.617645
 11
0.447998
 21
0.616211
  0
LINE
  8
0
 10
0.447998
 20
0.616211
 11
0.450439
 21
0.614655
  0
LINE
  8
0
 10
0.450439
 20
0.614655
 11
0.452805
 21
0.613022
  0
LINE
  8
0
 10
0.452805
 20
0.613022
 11
0.455109
 21
0.611267
  0
LINE
  8
0
 10
0.455109
 20
0.611267
 11
0.457321
 21
0.609436
  0
LINE
  8
0
 10
0.457321
 20
0.609436
 11
0.459473
 21
0.607498
  0
LINE
  8
0
 10
0.459473
 20
0.607498
 11
0.461533
 21
0.605484
  0
LINE
  8
0
 10
0.461533
 20
0.605484
 11
0.463501
 21
0.603378
  0
LINE
  8
0
 10
0.463501
 20
0.603378
 11
0.465393
 21
0.601196
  0
LINE
  8
0
 10
0.465393
 20
0.601196
 11
0.467194
 21
0.598938
  0
LINE
  8
0
 10
0.467194
 20
0.598938
 11
0.468887
 21
0.596603
  0
LINE
  8
0
 10
0.468887
 20
0.596603
 11
0.470474
 21
0.594193
  0
LINE
  8
0
 10
0.470474
 20
0.594193
 11
0.47197
 21
0.591721
  0
LINE
  8
0
 10
0.47197
 20
0.591721
 11
0.473358
 21
0.589203
  0
LINE
  8
0
 10
0.473358
 20
0.589203
 11
0.474655
 21
0.586609
  0
LINE
  8
0
 10
0.474655
 20
0.586609
 11
0.475815
 21
0.583969
  0
LINE
  8
0
 10
0.475815
 20
0.583969
 11
0.476883
 21
0.581299
  0
LINE
  8
0
 10
0.476883
 20
0.581299
 11
0.477829
 21
0.578568
  0
LINE
  8
0
 10
0.477829
 20
0.578568
 11
0.478668
 21
0.575806
  0
LINE
  8
0
 10
0.478668
 20
0.575806
 11
0.479385
 21
0.573013
  0
LINE
  8
0
 10
0.479385
 20
0.573013
 11
0.47998
 21
0.57019
  0
LINE
  8
0
 10
0.47998
 20
0.57019
 11
0.480469
 21
0.567337
  0
LINE
  8
0
 10
0.480469
 20
0.567337
 11
0.480835
 21
0.564484
  0
LINE
  8
0
 10
0.480835
 20
0.564484
 11
0.481064
 21
0.5616
  0
LINE
  8
0
 10
0.481064
 20
0.5616
 11
0.481186
 21
0.558716
  0
LINE
  8
0
 10
0.481186
 20
0.558716
 11
0.481186
 21
0.555832
  0
LINE
  8
0
 10
0.481186
 20
0.555832
 11
0.481064
 21
0.552948
  0
LINE
  8
0
 10
0.481064
 20
0.552948
 11
0.480835
 21
0.550079
  0
LINE
  8
0
 10
0.480835
 20
0.550079
 11
0.480469
 21
0.547211
  0
LINE
  8
0
 10
0.480469
 20
0.547211
 11
0.47998
 21
0.544373
  0
LINE
  8
0
 10
0.47998
 20
0.544373
 11
0.479385
 21
0.54155
  0
LINE
  8
0
 10
0.479385
 20
0.54155
 11
0.478668
 21
0.538742
  0
LINE
  8
0
 10
0.478668
 20
0.538742
 11
0.477829
 21
0.53598
  0
LINE
  8
0
 10
0.477829
 20
0.53598
 11
0.476883
 21
0.533264
  0
LINE
  8
0
 10
0.476883
 20
0.533264
 11
0.475815
 21
0.530579
  0
LINE
  8
0
 10
0.475815
 20
0.530579
 11
0.474655
 21
0.527939
  0
LINE
  8
0
 10
0.474655
 20
0.527939
 11
0.473358
 21
0.52536
  0
LINE
  8
0
 10
0.473358
 20
0.52536
 11
0.47197
 21
0.522827
  0
LINE
  8
0
 10
0.47197
 20
0.522827
 11
0.470474
 21
0.520355
  0
LINE
  8
0
 10
0.470474
 20
0.520355
 11
0.468887
 21
0.51796
  0
LINE
  8
0
 10
0.468887
 20
0.51796
 11
0.467194
 21
0.515625
  0
LINE
  8
0
 10
0.467194
 20
0.515625
 11
0.465393
 21
0.513351
  0
LINE
  8
0
 10
0.465393
 20
0.513351
 11
0.463501
 21
0.511169
  0
LINE
  8
0
 10
0.463501
 20
0.511169
 11
0.461533
 21
0.509064
  0
LINE
  8
0
 10
0.461533
 20
0.509064
 11
0.459473
 21
0.50705
  0
LINE
  8
0
 10
0.459473
 20
0.50705
 11
0.457321
 21
0.505127
  0
LINE
  8
0
 10
0.457321
 20
0.505127
 11
0.455109
 21
0.503281
  0
LINE
  8
0
 10
0.455109
 20
0.503281
 11
0.452805
 21
0.501541
  0
LINE
  8
0
 10
0.452805
 20
0.501541
 11
0.450439
 21
0.499893
  0
LINE
  8
0
 10
0.450439
 20
0.499893
 11
0.447998
 21
0.498337
  0
LINE
  8
0
 10
0.447998
 20
0.498337
 11
0.445496
 21
0.496902
  0
LINE
  8
0
 10
0.445496
 20
0.496902
 11
0.442947
 21
0.49556
  0
LINE
  8
0
 10
0.442947
 20
0.49556
 11
0.440338
 21
0.494339
  0
LINE
  8
0
 10
0.440338
 20
0.494339
 11
0.437668
 21
0.49321
  0
LINE
  8
0
 10
0.437668
 20
0.49321
 11
0.434967
 21
0.492203
  0
LINE
  8
0
 10
0.434967
 20
0.492203
 11
0.43222
 21
0.491318
  0
LINE
  8
0
 10
0.43222
 20
0.491318
 11
0.429443
 21
0.49054
  0
LINE
  8
0
 10
0.429443
 20
0.49054
 11
0.426636
 21
0.489883
  0
LINE
  8
0
 10
0.426636
 20
0.489883
 11
0.423798
 21
0.489349
  0
LINE
  8
0
 10
0.423798
 20
0.489349
 11
0.420944
 21
0.488922
  0
LINE
  8
0
 10
0.420944
 20
0.488922
 11
0.418076
 21
0.488617
  0
LINE
  8
0
 10
0.418076
 20
0.488617
 11
0.415192
 21
0.488434
  0
LINE
  8
0
 10
0.415192
 20
0.488434
 11
0.412308
 21
0.488373
  0
LINE
  8
0
 10
0.412308
 20
0.488373
 11
0.409424
 21
0.488434
  0
LINE
  8
0
 10
5.44879
 20
0.488434
 11
5.44591
 21
0.488617
  0
LINE
  8
0
 10
5.44591
 20
0.488617
 11
5.44304
 21
0.488922
  0
LINE
  8
0
 10
5.44304
 20
0.488922
 11
5.44019
 21
0.489349
  0
LINE
  8
0
 10
5.44019
 20
0.489349
 11
5.43735
 21
0.489883
  0
LINE
  8
0
 10
5.43735
 20
0.489883
 11
5.43454
 21
0.49054
  0
LINE
  8
0
 10
5.43454
 20
0.49054
 11
5.43176
 21
0.491318
  0
LINE
  8
0
 10
5.43176
 20
0.491318
 11
5.42902
 21
0.492203
  0
LINE
  8
0
 10
5.42902
 20
0.492203
 11
5.42632
 21
0.49321
  0
LINE
  8
0
 10
5.42632
 20
0.49321
 11
5.42366
 21
0.494339
  0
LINE
  8
0
 10
5.42366
 20
0.494339
 11
5.42104
 21
0.49556
  0
LINE
  8
0
 10
5.42104
 20
0.49556
 11
5.41849
 21
0.496902
  0
LINE
  8
0
 10
5.41849
 20
0.496902
 11
5.41599
 21
0.498337
  0
LINE
  8
0
 10
5.41599
 20
0.498337
 11
5.41354
 21
0.499893
  0
LINE
  8
0
 10
5.41354
 20
0.499893
 11
5.41118
 21
0.501541
  0
LINE
  8
0
 10
5.41118
 20
0.501541
 11
5.40887
 21
0.503281
  0
LINE
  8
0
 10
5.40887
 20
0.503281
 11
5.40666
 21
0.505127
  0
LINE
  8
0
 10
5.40666
 20
0.505127
 11
5.40451
 21
0.50705
  0
LINE
  8
0
 10
5.40451
 20
0.50705
 11
5.40245
 21
0.509064
  0
LINE
  8
0
 10
5.40245
 20
0.509064
 11
5.40048
 21
0.511169
  0
LINE
  8
0
 10
5.40048
 20
0.511169
 11
5.39859
 21
0.513351
  0
LINE
  8
0
 10
5.39859
 20
0.513351
 11
5.3968
 21
0.515625
  0
LINE
  8
0
 10
5.3968
 20
0.515625
 11
5.3951
 21
0.51796
  0
LINE
  8
0
 10
5.3951
 20
0.51796
 11
5.39351
 21
0.520355
  0
LINE
  8
0
 10
5.39351
 20
0.520355
 11
5.39201
 21
0.522827
  0
LINE
  8
0
 10
5.39201
 20
0.522827
 11
5.39062
 21
0.52536
  0
LINE
  8
0
 10
5.39062
 20
0.52536
 11
5.38934
 21
0.527939
  0
LINE
  8
0
 10
5.38934
 20
0.527939
 11
5.38817
 21
0.530579
  0
LINE
  8
0
 10
5.38817
 20
0.530579
 11
5.3871
 21
0.533264
  0
LINE
  8
0
 10
5.3871
 20
0.533264
 11
5.38615
 21
0.53598
  0
LINE
  8
0
 10
5.38615
 20
0.53598
 11
5.38531
 21
0.538742
  0
LINE
  8
0
 10
5.38531
 20
0.538742
 11
5.3846
 21
0.54155
  0
LINE
  8
0
 10
5.3846
 20
0.54155
 11
5.384
 21
0.544373
  0
LINE
  8
0
 10
5.384
 20
0.544373
 11
5.38351
 21
0.547211
  0
LINE
  8
0
 10
5.38351
 20
0.547211
 11
5.38316
 21
0.550079
  0
LINE
  8
0
 10
5.38316
 20
0.550079
 11
5.38292
 21
0.552948
  0
LINE
  8
0
 10
5.38292
 20
0.552948
 11
5.3828
 21
0.555832
  0
LINE
  8
0
 10
5.3828
 20
0.555832
 11
5.3828
 21
0.558716
  0
LINE
  8
0
 10
5.3828
 20
0.558716
 11
5.38292
 21
0.5616
  0
LINE
  8
0
 10
5.38292
 20
0.5616
 11
5.38316
 21
0.564484
  0
LINE
  8
0
 10
5.38316
 20
0.564484
 11
5.38351
 21
0.567337
  0
LINE
  8
0
 10
5.38351
 20
0.567337
 11
5.384
 21
0.57019
  0
LINE
  8
0
 10
5.384
 20
0.57019
 11
5.3846
 21
0.573013
  0
LINE
  8
0
 10
5.3846
 20
0.573013
 11
5.38531
 21
0.575806
  0
LINE
  8
0
 10
5.38531
 20
0.575806
 11
5.38615
 21
0.578568
  0
LINE
  8
0
 10
5.38615
 20
0.578568
 11
5.3871
 21
0.581299
  0
LINE
  8
0
 10
5.3871
 20
0.581299
 11
5.38817
 21
0.583969
  0
LINE
  8
0
 10
5.38817
 20
0.583969
 11
5.38934
 21
0.586609
  0
LINE
  8
0
 10
5.38934
 20
0.586609
 11
5.39062
 21
0.589203
  0
LINE
  8
0
 10
5.39062
 20
0.589203
 11
5.39201
 21
0.591721
  0
LINE
  8
0
 10
5.39201
 20
0.591721
 11
5.39351
 21
0.594193
  0
LINE
  8
0
 10
5.39351
 20
0.594193
 11
5.3951
 21
0.596603
  0
LINE
  8
0
 10
5.3951
 20
0.596603
 11
5.3968
 21
0.598938
  0
LINE
  8
0
 10
5.3968
 20
0.598938
 11
5.39859
 21
0.601196
  0
LINE
  8
0
 10
5.39859
 20
0.601196
 11
5.40048
 21
0.603378
  0
LINE
  8
0
 10
5.40048
 20
0.603378
 11
5.40245
 21
0.605484
  0
LINE
  8
0
 10
5.40245
 20
0.605484
 11
5.40451
 21
0.607498
  0
LINE
  8
0
 10
5.40451
 20
0.607498
 11
5.40666
 21
0.609436
  0
LINE
  8
0
 10
5.40666
 20
0.609436
 11
5.40887
 21
0.611267
  0
LINE
  8
0
 10
5.40887
 20
0.611267
 11
5.41118
 21
0.613022
  0
LINE
  8
0
 10
5.41118
 20
0.613022
 11
5.41354
 21
0.614655
  0
LINE
  8
0
 10
5.41354
 20
0.614655
 11
5.41599
 21
0.616211
  0
LINE
  8
0
 10
5.41599
 20
0.616211
 11
5.41849
 21
0.617645
  0
LINE
  8
0
 10
5.41849
 20
0.617645
 11
5.42104
 21
0.618988
  0
LINE
  8
0
 10
5.42104
 20
0.618988
 11
5.42366
 21
0.620224
  0
LINE
  8
0
 10
5.42366
 20
0.620224
 11
5.42632
 21
0.621338
  0
LINE
  8
0
 10
5.42632
 20
0.621338
 11
5.42902
 21
0.622345
  0
LINE
  8
0
 10
5.42902
 20
0.622345
 11
5.43176
 21
0.62323
  0
LINE
  8
0
 10
5.43176
 20
0.62323
 11
5.43454
 21
0.624008
  0
LINE
  8
0
 10
5.43454
 20
0.624008
 11
5.43735
 21
0.624664
  0
LINE
  8
0
 10
5.43735
 20
0.624664
 11
5.44019
 21
0.625214
  0
LINE
  8
0
 10
5.44019
 20
0.625214
 11
5.44304
 21
0.625626
  0
LINE
  8
0
 10
5.44304
 20
0.625626
 11
5.44591
 21
0.625931
  0
LINE
  8
0
 10
5.44591
 20
0.625931
 11
5.44879
 21
0.626114
  0
LINE
  8
0
 10
5.44879
 20
0.626114
 11
5.45168
 21
0.626175
  0
LINE
  8
0
 10
5.45168
 20
0.626175
 11
5.45456
 21
0.626114
  0
LINE
  8
0
 10
5.45456
 20
0.626114
 11
5.45744
 21
0.625931
  0
LINE
  8
0
 10
5.45744
 20
0.625931
 11
5.46031
 21
0.625626
  0
LINE
  8
0
 10
5.46031
 20
0.625626
 11
5.46317
 21
0.625214
  0
LINE
  8
0
 10
5.46317
 20
0.625214
 11
5.466
 21
0.624664
  0
LINE
  8
0
 10
5.466
 20
0.624664
 11
5.46881
 21
0.624008
  0
LINE
  8
0
 10
5.46881
 20
0.624008
 11
5.47159
 21
0.62323
  0
LINE
  8
0
 10
5.47159
 20
0.62323
 11
5.47433
 21
0.622345
  0
LINE
  8
0
 10
5.47433
 20
0.622345
 11
5.47704
 21
0.621338
  0
LINE
  8
0
 10
5.47704
 20
0.621338
 11
5.47971
 21
0.620224
  0
LINE
  8
0
 10
5.47971
 20
0.620224
 11
5.48232
 21
0.618988
  0
LINE
  8
0
 10
5.48232
 20
0.618988
 11
5.48486
 21
0.617645
  0
LINE
  8
0
 10
5.48486
 20
0.617645
 11
5.48737
 21
0.616211
  0
LINE
  8
0
 10
5.48737
 20
0.616211
 11
5.48981
 21
0.614655
  0
LINE
  8
0
 10
5.48981
 20
0.614655
 11
5.49217
 21
0.613022
  0
LINE
  8
0
 10
5.49217
 20
0.613022
 11
5.49448
 21
0.611267
  0
LINE
  8
0
 10
5.49448
 20
0.611267
 11
5.4967
 21
0.609436
  0
LINE
  8
0
 10
5.4967
 20
0.609436
 11
5.49884
 21
0.607498
  0
LINE
  8
0
 10
5.49884
 20
0.607498
 11
5.5009
 21
0.605484
  0
LINE
  8
0
 10
5.5009
 20
0.605484
 11
5.50288
 21
0.603378
  0
LINE
  8
0
 10
5.50288
 20
0.603378
 11
5.50476
 21
0.601196
  0
LINE
  8
0
 10
5.50476
 20
0.601196
 11
5.50656
 21
0.598938
  0
LINE
  8
0
 10
5.50656
 20
0.598938
 11
5.50826
 21
0.596603
  0
LINE
  8
0
 10
5.50826
 20
0.596603
 11
5.50986
 21
0.594193
  0
LINE
  8
0
 10
5.50986
 20
0.594193
 11
5.51134
 21
0.591721
  0
LINE
  8
0
 10
5.51134
 20
0.591721
 11
5.51274
 21
0.589203
  0
LINE
  8
0
 10
5.51274
 20
0.589203
 11
5.51402
 21
0.586609
  0
LINE
  8
0
 10
5.51402
 20
0.586609
 11
5.5152
 21
0.583969
  0
LINE
  8
0
 10
5.5152
 20
0.583969
 11
5.51625
 21
0.581299
  0
LINE
  8
0
 10
5.51625
 20
0.581299
 11
5.5172
 21
0.578568
  0
LINE
  8
0
 10
5.5172
 20
0.578568
 11
5.51804
 21
0.575806
  0
LINE
  8
0
 10
5.51804
 20
0.575806
 11
5.51875
 21
0.573013
  0
LINE
  8
0
 10
5.51875
 20
0.573013
 11
5.51935
 21
0.57019
  0
LINE
  8
0
 10
5.51935
 20
0.57019
 11
5.51984
 21
0.567337
  0
LINE
  8
0
 10
5.51984
 20
0.567337
 11
5.5202
 21
0.564484
  0
LINE
  8
0
 10
5.5202
 20
0.564484
 11
5.52045
 21
0.5616
  0
LINE
  8
0
 10
5.52045
 20
0.5616
 11
5.52055
 21
0.558716
  0
LINE
  8
0
 10
5.52055
 20
0.558716
 11
5.52055
 21
0.555832
  0
LINE
  8
0
 10
5.52055
 20
0.555832
 11
5.52045
 21
0.552948
  0
LINE
  8
0
 10
5.52045
 20
0.552948
 11
5.5202
 21
0.550079
  0
LINE
  8
0
 10
5.5202
 20
0.550079
 11
5.51984
 21
0.547211
  0
LINE
  8
0
 10
5.51984
 20
0.547211
 11
5.51935
 21
0.544373
  0
LINE
  8
0
 10
5.51935
 20
0.544373
 11
5.51875
 21
0.54155
  0
LINE
  8
0
 10
5.51875
 20
0.54155
 11
5.51804
 21
0.538742
  0
LINE
  8
0
 10
5.51804
 20
0.538742
 11
5.5172
 21
0.53598
  0
LINE
  8
0
 10
5.5172
 20
0.53598
 11
5.51625
 21
0.533264
  0
LINE
  8
0
 10
5.51625
 20
0.533264
 11
5.5152
 21
0.530579
  0
LINE
  8
0
 10
5.5152
 20
0.530579
 11
5.51402
 21
0.527939
  0
LINE
  8
0
 10
5.51402
 20
0.527939
 11
5.51274
 21
0.52536
  0
LINE
  8
0
 10
5.51274
 20
0.52536
 11
5.51134
 21
0.522827
  0
LINE
  8
0
 10
5.51134
 20
0.522827
 11
5.50986
 21
0.520355
  0
LINE
  8
0
 10
5.50986
 20
0.520355
 11
5.50826
 21
0.51796
  0
LINE
  8
0
 10
5.50826
 20
0.51796
 11
5.50656
 21
0.515625
  0
LINE
  8
0
 10
5.50656
 20
0.515625
 11
5.50476
 21
0.513351
  0
LINE
  8
0
 10
5.50476
 20
0.513351
 11
5.50288
 21
0.511169
  0
LINE
  8
0
 10
5.50288
 20
0.511169
 11
5.5009
 21
0.509064
  0
LINE
  8
0
 10
5.5009
 20
0.509064
 11
5.49884
 21
0.50705
  0
LINE
  8
0
 10
5.49884
 20
0.50705
 11
5.4967
 21
0.505127
  0
LINE
  8
0
 10
5.4967
 20
0.505127
 11
5.49448
 21
0.503281
  0
LINE
  8
0
 10
5.49448
 20
0.503281
 11
5.49217
 21
0.501541
  0
LINE
  8
0
 10
5.49217
 20
0.501541
 11
5.48981
 21
0.499893
  0
LINE
  8
0
 10
5.48981
 20
0.499893
 11
5.48737
 21
0.498337
  0
LINE
  8
0
 10
5.48737
 20
0.498337
 11
5.48486
 21
0.496902
  0
LINE
  8
0
 10
5.48486
 20
0.496902
 11
5.48232
 21
0.49556
  0
LINE
  8
0
 10
5.48232
 20
0.49556
 11
5.47971
 21
0.494339
  0
LINE
  8
0
 10
5.47971
 20
0.494339
 11
5.47704
 21
0.49321
  0
LINE
  8
0
 10
5.47704
 20
0.49321
 11
5.47433
 21
0.492203
  0
LINE
  8
0
 10
5.47433
 20
0.492203
 11
5.47159
 21
0.491318
  0
LINE
  8
0
 10
5.47159
 20
0.491318
 11
5.46881
 21
0.49054
  0
LINE
  8
0
 10
5.46881
 20
0.49054
 11
5.466
 21
0.489883
  0
LINE
  8
0
 10
5.466
 20
0.489883
 11
5.46317
 21
0.489349
  0
LINE
  8
0
 10
5.46317
 20
0.489349
 11
5.46031
 21
0.488922
  0
LINE
  8
0
 10
5.46031
 20
0.488922
 11
5.45744
 21
0.488617
  0
LINE
  8
0
 10
5.45744
 20
0.488617
 11
5.45456
 21
0.488434
  0
LINE
  8
0
 10
5.45456
 20
0.488434
 11
5.45168
 21
0.488373
  0
LINE
  8
0
 10
5.45168
 20
0.488373
 11
5.44879
 21
0.488434
  0
LINE
  8
0
 10
-0.415192
 20
0.488434
 11
-0.418076
 21
0.488617
  0
LINE
  8
0
 10
-0.418076
 20
0.488617
 11
-0.420944
 21
0.488922
  0
LINE
  8
0
 10
-0.420944
 20
0.488922
 11
-0.423798
 21
0.489349
  0
LINE
  8
0
 10
-0.423798
 20
0.489349
 11
-0.426636
 21
0.489883
  0
LINE
  8
0
 10
-0.426636
 20
0.489883
 11
-0.429443
 21
0.49054
  0
LINE
  8
0
 10
-0.429443
 20
0.49054
 11
-0.43222
 21
0.491318
  0
LINE
  8
0
 10
-0.43222
 20
0.491318
 11
-0.434967
 21
0.492203
  0
LINE
  8
0
 10
-0.434967
 20
0.492203
 11
-0.437668
 21
0.49321
  0
LINE
  8
0
 10
-0.437668
 20
0.49321
 11
-0.440338
 21
0.494339
  0
LINE
  8
0
 10
-0.440338
 20
0.494339
 11
-0.442947
 21
0.49556
  0
LINE
  8
0
 10
-0.442947
 20
0.49556
 11
-0.445496
 21
0.496902
  0
LINE
  8
0
 10
-0.445496
 20
0.496902
 11
-0.447998
 21
0.498337
  0
LINE
  8
0
 10
-0.447998
 20
0.498337
 11
-0.450439
 21
0.499893
  0
LINE
  8
0
 10
-0.450439
 20
0.499893
 11
-0.452805
 21
0.501541
  0
LINE
  8
0
 10
-0.452805
 20
0.501541
 11
-0.455109
 21
0.503281
  0
LINE
  8
0
 10
-0.455109
 20
0.503281
 11
-0.457321
 21
0.505127
  0
LINE
  8
0
 10
-0.457321
 20
0.505127
 11
-0.459473
 21
0.50705
  0
LINE
  8
0
 10
-0.459473
 20
0.50705
 11
-0.461533
 21
0.509064
  0
LINE
  8
0
 10
-0.461533
 20
0.509064
 11
-0.463501
 21
0.511169
  0
LINE
  8
0
 10
-0.463501
 20
0.511169
 11
-0.465393
 21
0.513351
  0
LINE
  8
0
 10
-0.465393
 20
0.513351
 11
-0.467194
 21
0.515625
  0
LINE
  8
0
 10
-0.467194
 20
0.515625
 11
-0.468887
 21
0.51796
  0
LINE
  8
0
 10
-0.468887
 20
0.51796
 11
-0.470474
 21
0.520355
  0
LINE
  8
0
 10
-0.470474
 20
0.520355
 11
-0.47197
 21
0.522827
  0
LINE
  8
0
 10
-0.47197
 20
0.522827
 11
-0.473358
 21
0.52536
  0
LINE
  8
0
 10
-0.473358
 20
0.52536
 11
-0.474655
 21
0.527939
  0
LINE
  8
0
 10
-0.474655
 20
0.527939
 11
-0.475815
 21
0.530579
  0
LINE
  8
0
 10
-0.475815
 20
0.530579
 11
-0.476883
 21
0.533264
  0
LINE
  8
0
 10
-0.476883
 20
0.533264
 11
-0.477829
 21
0.53598
  0
LINE
  8
0
 10
-0.477829
 20
0.53598
 11
-0.478668
 21
0.538742
  0
LINE
  8
0
 10
-0.478668
 20
0.538742
 11
-0.479385
 21
0.54155
  0
LINE
  8
0
 10
-0.479385
 20
0.54155
 11
-0.47998
 21
0.544373
  0
LINE
  8
0
 10
-0.47998
 20
0.544373
 11
-0.480469
 21
0.547211
  0
LINE
  8
0
 10
-0.480469
 20
0.547211
 11
-0.480835
 21
0.550079
  0
LINE
  8
0
 10
-0.480835
 20
0.550079
 11
-0.481064
 21
0.552948
  0
LINE
  8
0
 10
-0.481064
 20
0.552948
 11
-0.481186
 21
0.555832
  0
LINE
  8
0
 10
-0.481186
 20
0.555832
 11
-0.481186
 21
0.558716
  0
LINE
  8
0
 10
-0.481186
 20
0.558716
 11
-0.481064
 21
0.5616
  0
LINE
  8
0
 10
-0.481064
 20
0.5616
 11
-0.480835
 21
0.564484
  0
LINE
  8
0
 10
-0.480835
 20
0.564484
 11
-0.480469
 21
0.567337
  0
LINE
  8
0
 10
-0.480469
 20
0.567337
 11
-0.47998
 21
0.57019
  0
LINE
  8
0
 10
-0.47998
 20
0.57019
 11
-0.479385
 21
0.573013
  0
LINE
  8
0
 10
-0.479385
 20
0.573013
 11
-0.478668
 21
0.575806
  0
LINE
  8
0
 10
-0.478668
 20
0.575806
 11
-0.477829
 21
0.578568
  0
LINE
  8
0
 10
-0.477829
 20
0.578568
 11
-0.476883
 21
0.581299
  0
LINE
  8
0
 10
-0.476883
 20
0.581299
 11
-0.475815
 21
0.583969
  0
LINE
  8
0
 10
-0.475815
 20
0.583969
 11
-0.474655
 21
0.586609
  0
LINE
  8
0
 10
-0.474655
 20
0.586609
 11
-0.473358
 21
0.589203
  0
LINE
  8
0
 10
-0.473358
 20
0.589203
 11
-0.47197
 21
0.591721
  0
LINE
  8
0
 10
-0.47197
 20
0.591721
 11
-0.470474
 21
0.594193
  0
LINE
  8
0
 10
-0.470474
 20
0.594193
 11
-0.468887
 21
0.596603
  0
LINE
  8
0
 10
-0.468887
 20
0.596603
 11
-0.467194
 21
0.598938
  0
LINE
  8
0
 10
-0.467194
 20
0.598938
 11
-0.465393
 21
0.601196
  0
LINE
  8
0
 10
-0.465393
 20
0.601196
 11
-0.463501
 21
0.603378
  0
LINE
  8
0
 10
-0.463501
 20
0.603378
 11
-0.461533
 21
0.605484
  0
LINE
  8
0
 10
-0.461533
 20
0.605484
 11
-0.459473
 21
0.607498
  0
LINE
  8
0
 10
-0.459473
 20
0.607498
 11
-0.457321
 21
0.609436
  0
LINE
  8
0
 10
-0.457321
 20
0.609436
 11
-0.455109
 21
0.611267
  0
LINE
  8
0
 10
-0.455109
 20
0.611267
 11
-0.452805
 21
0.613022
  0
LINE
  8
0
 10
-0.452805
 20
0.613022
 11
-0.450439
 21
0.614655
  0
LINE
  8
0
 10
-0.450439
 20
0.614655
 11
-0.447998
 21
0.616211
  0
LINE
  8
0
 10
-0.447998
 20
0.616211
 11
-0.445496
 21
0.617645
  0
LINE
  8
0
 10
-0.445496
 20
0.617645
 11
-0.442947
 21
0.618988
  0
LINE
  8
0
 10
-0.442947
 20
0.618988
 11
-0.440338
 21
0.620224
  0
LINE
  8
0
 10
-0.440338
 20
0.620224
 11
-0.437668
 21
0.621338
  0
LINE
  8
0
 10
-0.437668
 20
0.621338
 11
-0.434967
 21
0.622345
  0
LINE
  8
0
 10
-0.434967
 20
0.622345
 11
-0.43222
 21
0.62323
  0
LINE
  8
0
 10
-0.43222
 20
0.62323
 11
-0.429443
 21
0.624008
  0
LINE
  8
0
 10
-0.429443
 20
0.624008
 11
-0.426636
 21
0.624664
  0
LINE
  8
0
 10
-0.426636
 20
0.624664
 11
-0.423798
 21
0.625214
  0
LINE
  8
0
 10
-0.423798
 20
0.625214
 11
-0.420944
 21
0.625626
  0
LINE
  8
0
 10
-0.420944
 20
0.625626
 11
-0.418076
 21
0.625931
  0
LINE
  8
0
 10
-0.418076
 20
0.625931
 11
-0.415192
 21
0.626114
  0
LINE
  8
0
 10
-0.415192
 20
0.626114
 11
-0.412308
 21
0.626175
  0
LINE
  8
0
 10
-0.412308
 20
0.626175
 11
-0.409424
 21
0.626114
  0
LINE
  8
0
 10
-0.409424
 20
0.626114
 11
-0.40654
 21
0.625931
  0
LINE
  8
0
 10
-0.40654
 20
0.625931
 11
-0.403671
 21
0.625626
  0
LINE
  8
0
 10
-0.403671
 20
0.625626
 11
-0.400818
 21
0.625214
  0
LINE
  8
0
 10
-0.400818
 20
0.625214
 11
-0.39798
 21
0.624664
  0
LINE
  8
0
 10
-0.39798
 20
0.624664
 11
-0.395172
 21
0.624008
  0
LINE
  8
0
 10
-0.395172
 20
0.624008
 11
-0.392395
 21
0.62323
  0
LINE
  8
0
 10
-0.392395
 20
0.62323
 11
-0.389648
 21
0.622345
  0
LINE
  8
0
 10
-0.389648
 20
0.622345
 11
-0.386948
 21
0.621338
  0
LINE
  8
0
 10
-0.386948
 20
0.621338
 11
-0.384277
 21
0.620224
  0
LINE
  8
0
 10
-0.384277
 20
0.620224
 11
-0.381668
 21
0.618988
  0
LINE
  8
0
 10
-0.381668
 20
0.618988
 11
-0.37912
 21
0.617645
  0
LINE
  8
0
 10
-0.37912
 20
0.617645
 11
-0.376617
 21
0.616211
  0
LINE
  8
0
 10
-0.376617
 20
0.616211
 11
-0.374176
 21
0.614655
  0
LINE
  8
0
 10
-0.374176
 20
0.614655
 11
-0.371811
 21
0.613022
  0
LINE
  8
0
 10
-0.371811
 20
0.613022
 11
-0.369507
 21
0.611267
  0
LINE
  8
0
 10
-0.369507
 20
0.611267
 11
-0.367294
 21
0.609436
  0
LINE
  8
0
 10
-0.367294
 20
0.609436
 11
-0.365143
 21
0.607498
  0
LINE
  8
0
 10
-0.365143
 20
0.607498
 11
-0.363083
 21
0.605484
  0
LINE
  8
0
 10
-0.363083
 20
0.605484
 11
-0.361099
 21
0.603378
  0
LINE
  8
0
 10
-0.361099
 20
0.603378
 11
-0.359222
 21
0.601196
  0
LINE
  8
0
 10
-0.359222
 20
0.601196
 11
-0.357422
 21
0.598938
  0
LINE
  8
0
 10
-0.357422
 20
0.598938
 11
-0.355728
 21
0.596603
  0
LINE
  8
0
 10
-0.355728
 20
0.596603
 11
-0.354141
 21
0.594193
  0
LINE
  8
0
 10
-0.354141
 20
0.594193
 11
-0.352646
 21
0.591721
  0
LINE
  8
0
 10
-0.352646
 20
0.591721
 11
-0.351257
 21
0.589203
  0
LINE
  8
0
 10
-0.351257
 20
0.589203
 11
-0.34996
 21
0.586609
  0
LINE
  8
0
 10
-0.34996
 20
0.586609
 11
-0.348801
 21
0.583969
  0
LINE
  8
0
 10
-0.348801
 20
0.583969
 11
-0.347733
 21
0.581299
  0
LINE
  8
0
 10
-0.347733
 20
0.581299
 11
-0.346786
 21
0.578568
  0
LINE
  8
0
 10
-0.346786
 20
0.578568
 11
-0.345947
 21
0.575806
  0
LINE
  8
0
 10
-0.345947
 20
0.575806
 11
-0.34523
 21
0.573013
  0
LINE
  8
0
 10
-0.34523
 20
0.573013
 11
-0.344635
 21
0.57019
  0
LINE
  8
0
 10
-0.344635
 20
0.57019
 11
-0.344147
 21
0.567337
  0
LINE
  8
0
 10
-0.344147
 20
0.567337
 11
-0.343781
 21
0.564484
  0
LINE
  8
0
 10
-0.343781
 20
0.564484
 11
-0.343552
 21
0.5616
  0
LINE
  8
0
 10
-0.343552
 20
0.5616
 11
-0.34343
 21
0.558716
  0
LINE
  8
0
 10
-0.34343
 20
0.558716
 11
-0.34343
 21
0.555832
  0
LINE
  8
0
 10
-0.34343
 20
0.555832
 11
-0.343552
 21
0.552948
  0
LINE
  8
0
 10
-0.343552
 20
0.552948
 11
-0.343781
 21
0.550079
  0
LINE
  8
0
 10
-0.343781
 20
0.550079
 11
-0.344147
 21
0.547211
  0
LINE
  8
0
 10
-0.344147
 20
0.547211
 11
-0.344635
 21
0.544373
  0
LINE
  8
0
 10
-0.344635
 20
0.544373
 11
-0.34523
 21
0.54155
  0
LINE
  8
0
 10
-0.34523
 20
0.54155
 11
-0.345947
 21
0.538742
  0
LINE
  8
0
 10
-0.345947
 20
0.538742
 11
-0.346786
 21
0.53598
  0
LINE
  8
0
 10
-0.346786
 20
0.53598
 11
-0.347733
 21
0.533264
  0
LINE
  8
0
 10
-0.347733
 20
0.533264
 11
-0.348801
 21
0.530579
  0
LINE
  8
0
 10
-0.348801
 20
0.530579
 11
-0.34996
 21
0.527939
  0
LINE
  8
0
 10
-0.34996
 20
0.527939
 11
-0.351257
 21
0.52536
  0
LINE
  8
0
 10
-0.351257
 20
0.52536
 11
-0.352646
 21
0.522827
  0
LINE
  8
0
 10
-0.352646
 20
0.522827
 11
-0.354141
 21
0.520355
  0
LINE
  8
0
 10
-0.354141
 20
0.520355
 11
-0.355728
 21
0.51796
  0
LINE
  8
0
 10
-0.355728
 20
0.51796
 11
-0.357422
 21
0.515625
  0
LINE
  8
0
 10
-0.357422
 20
0.515625
 11
-0.359222
 21
0.513351
  0
LINE
  8
0
 10
-0.359222
 20
0.513351
 11
-0.361099
 21
0.511169
  0
LINE
  8
0
 10
-0.361099
 20
0.511169
 11
-0.363083
 21
0.509064
  0
LINE
  8
0
 10
-0.363083
 20
0.509064
 11
-0.365143
 21
0.50705
  0
LINE
  8
0
 10
-0.365143
 20
0.50705
 11
-0.367294
 21
0.505127
  0
LINE
  8
0
 10
-0.367294
 20
0.505127
 11
-0.369507
 21
0.503281
  0
LINE
  8
0
 10
-0.369507
 20
0.503281
 11
-0.371811
 21
0.501541
  0
LINE
  8
0
 10
-0.371811
 20
0.501541
 11
-0.374176
 21
0.499893
  0
LINE
  8
0
 10
-0.374176
 20
0.499893
 11
-0.376617
 21
0.498337
  0
LINE
  8
0
 10
-0.376617
 20
0.498337
 11
-0.37912
 21
0.496902
  0
LINE
  8
0
 10
-0.37912
 20
0.496902
 11
-0.381668
 21
0.49556
  0
LINE
  8
0
 10
-0.381668
 20
0.49556
 11
-0.384277
 21
0.494339
  0
LINE
  8
0
 10
-0.384277
 20
0.494339
 11
-0.386948
 21
0.49321
  0
LINE
  8
0
 10
-0.386948
 20
0.49321
 11
-0.389648
 21
0.492203
  0
LINE
  8
0
 10
-0.389648
 20
0.492203
 11
-0.392395
 21
0.491318
  0
LINE
  8
0
 10
-0.392395
 20
0.491318
 11
-0.395172
 21
0.49054
  0
LINE
  8
0
 10
-0.395172
 20
0.49054
 11
-0.39798
 21
0.489883
  0
LINE
  8
0
 10
-0.39798
 20
0.489883
 11
-0.400818
 21
0.489349
  0
LINE
  8
0
 10
-0.400818
 20
0.489349
 11
-0.403671
 21
0.488922
  0
LINE
  8
0
 10
-0.403671
 20
0.488922
 11
-0.40654
 21
0.488617
  0
LINE
  8
0
 10
-0.40654
 20
0.488617
 11
-0.409424
 21
0.488434
  0
LINE
  8
0
 10
-0.409424
 20
0.488434
 11
-0.412308
 21
0.488373
  0
LINE
  8
0
 10
-0.412308
 20
0.488373
 11
-0.415192
 21
0.488434
  0
LINE
  8
0
 10
5.85587
 20
-0.160431
 11
5.85249
 21
-0.160217
  0
LINE
  8
0
 10
5.85249
 20
-0.160217
 11
5.84914
 21
-0.159866
  0
LINE
  8
0
 10
5.84914
 20
-0.159866
 11
5.84579
 21
-0.159378
  0
LINE
  8
0
 10
5.84579
 20
-0.159378
 11
5.84247
 21
-0.158737
  0
LINE
  8
0
 10
5.84247
 20
-0.158737
 11
5.83917
 21
-0.157974
  0
LINE
  8
0
 10
5.83917
 20
-0.157974
 11
5.83592
 21
-0.157059
  0
LINE
  8
0
 10
5.83592
 20
-0.157059
 11
5.8327
 21
-0.156021
  0
LINE
  8
0
 10
5.8327
 20
-0.156021
 11
5.82954
 21
-0.154831
  0
LINE
  8
0
 10
5.82954
 20
-0.154831
 11
5.82642
 21
-0.153534
  0
LINE
  8
0
 10
5.82642
 20
-0.153534
 11
5.82336
 21
-0.152084
  0
LINE
  8
0
 10
5.82336
 20
-0.152084
 11
5.82037
 21
-0.150528
  0
LINE
  8
0
 10
5.82037
 20
-0.150528
 11
5.81744
 21
-0.148834
  0
LINE
  8
0
 10
5.81744
 20
-0.148834
 11
5.81459
 21
-0.147018
  0
LINE
  8
0
 10
5.81459
 20
-0.147018
 11
5.81181
 21
-0.145096
  0
LINE
  8
0
 10
5.81181
 20
-0.145096
 11
5.80911
 21
-0.143051
  0
LINE
  8
0
 10
5.80911
 20
-0.143051
 11
5.80652
 21
-0.140884
  0
LINE
  8
0
 10
5.80652
 20
-0.140884
 11
5.804
 21
-0.138626
  0
LINE
  8
0
 10
5.804
 20
-0.138626
 11
5.80159
 21
-0.136261
  0
LINE
  8
0
 10
5.80159
 20
-0.136261
 11
5.79927
 21
-0.133804
  0
LINE
  8
0
 10
5.79927
 20
-0.133804
 11
5.79706
 21
-0.131241
  0
LINE
  8
0
 10
5.79706
 20
-0.131241
 11
5.79497
 21
-0.128586
  0
LINE
  8
0
 10
5.79497
 20
-0.128586
 11
5.79297
 21
-0.125854
  0
LINE
  8
0
 10
5.79297
 20
-0.125854
 11
5.79111
 21
-0.123047
  0
LINE
  8
0
 10
5.79111
 20
-0.123047
 11
5.78935
 21
-0.120148
  0
LINE
  8
0
 10
5.78935
 20
-0.120148
 11
5.78772
 21
-0.117188
  0
LINE
  8
0
 10
5.78772
 20
-0.117188
 11
5.78622
 21
-0.114166
  0
LINE
  8
0
 10
5.78622
 20
-0.114166
 11
5.78485
 21
-0.111069
  0
LINE
  8
0
 10
5.78485
 20
-0.111069
 11
5.7836
 21
-0.107925
  0
LINE
  8
0
 10
5.7836
 20
-0.107925
 11
5.78249
 21
-0.104736
  0
LINE
  8
0
 10
5.78249
 20
-0.104736
 11
5.78151
 21
-0.101501
  0
LINE
  8
0
 10
5.78151
 20
-0.101501
 11
5.78067
 21
-0.0982208
  0
LINE
  8
0
 10
5.78067
 20
-0.0982208
 11
5.77997
 21
-0.0949249
  0
LINE
  8
0
 10
5.77997
 20
-0.0949249
 11
5.7794
 21
-0.0915833
  0
LINE
  8
0
 10
5.7794
 20
-0.0915833
 11
5.77898
 21
-0.0882263
  0
LINE
  8
0
 10
5.77898
 20
-0.0882263
 11
5.7787
 21
-0.0848694
  0
LINE
  8
0
 10
5.7787
 20
-0.0848694
 11
5.77856
 21
-0.0814819
  0
LINE
  8
0
 10
5.77856
 20
-0.0814819
 11
5.77856
 21
-0.0781097
  0
LINE
  8
0
 10
5.77856
 20
-0.0781097
 11
5.7787
 21
-0.0747223
  0
LINE
  8
0
 10
5.7787
 20
-0.0747223
 11
5.77898
 21
-0.0713654
  0
LINE
  8
0
 10
5.77898
 20
-0.0713654
 11
5.7794
 21
-0.0680084
  0
LINE
  8
0
 10
5.7794
 20
-0.0680084
 11
5.77997
 21
-0.0646667
  0
LINE
  8
0
 10
5.77997
 20
-0.0646667
 11
5.78067
 21
-0.0613708
  0
LINE
  8
0
 10
5.78067
 20
-0.0613708
 11
5.78151
 21
-0.0580902
  0
LINE
  8
0
 10
5.78151
 20
-0.0580902
 11
5.78249
 21
-0.0548553
  0
LINE
  8
0
 10
5.78249
 20
-0.0548553
 11
5.7836
 21
-0.0516663
  0
LINE
  8
0
 10
5.7836
 20
-0.0516663
 11
5.78485
 21
-0.0485229
  0
LINE
  8
0
 10
5.78485
 20
-0.0485229
 11
5.78622
 21
-0.0454254
  0
LINE
  8
0
 10
5.78622
 20
-0.0454254
 11
5.78772
 21
-0.0424042
  0
LINE
  8
0
 10
5.78772
 20
-0.0424042
 11
5.78935
 21
-0.039444
  0
LINE
  8
0
 10
5.78935
 20
-0.039444
 11
5.79111
 21
-0.0365448
  0
LINE
  8
0
 10
5.79111
 20
-0.0365448
 11
5.79297
 21
-0.0337372
  0
LINE
  8
0
 10
5.79297
 20
-0.0337372
 11
5.79497
 21
-0.0310059
  0
LINE
  8
0
 10
5.79497
 20
-0.0310059
 11
5.79706
 21
-0.0283508
  0
LINE
  8
0
 10
5.79706
 20
-0.0283508
 11
5.79927
 21
-0.0257874
  0
LINE
  8
0
 10
5.79927
 20
-0.0257874
 11
5.80159
 21
-0.0233307
  0
LINE
  8
0
 10
5.80159
 20
-0.0233307
 11
5.804
 21
-0.0209656
  0
LINE
  8
0
 10
5.804
 20
-0.0209656
 11
5.80652
 21
-0.018692
  0
LINE
  8
0
 10
5.80652
 20
-0.018692
 11
5.80911
 21
-0.0165405
  0
LINE
  8
0
 10
5.80911
 20
-0.0165405
 11
5.81181
 21
-0.0144958
  0
LINE
  8
0
 10
5.81181
 20
-0.0144958
 11
5.81459
 21
-0.0125732
  0
LINE
  8
0
 10
5.81459
 20
-0.0125732
 11
5.81744
 21
-0.0107574
  0
LINE
  8
0
 10
5.81744
 20
-0.0107574
 11
5.82037
 21
-0.00906372
  0
LINE
  8
0
 10
5.82037
 20
-0.00906372
 11
5.82336
 21
-0.00750732
  0
LINE
  8
0
 10
5.82336
 20
-0.00750732
 11
5.82642
 21
-0.00605774
  0
LINE
  8
0
 10
5.82642
 20
-0.00605774
 11
5.82954
 21
-0.00476074
  0
LINE
  8
0
 10
5.82954
 20
-0.00476074
 11
5.8327
 21
-0.00357056
  0
LINE
  8
0
 10
5.8327
 20
-0.00357056
 11
5.83592
 21
-0.00253296
  0
LINE
  8
0
 10
5.83592
 20
-0.00253296
 11
5.83917
 21
-0.00161743
  0
LINE
  8
0
 10
5.83917
 20
-0.00161743
 11
5.84247
 21
-0.000854492
  0
LINE
  8
0
 10
5.84247
 20
-0.000854492
 11
5.84579
 21
-0.000213623
  0
LINE
  8
0
 10
5.84579
 20
-0.000213623
 11
5.84914
 21
0.000259399
  0
LINE
  8
0
 10
5.84914
 20
0.000259399
 11
5.85249
 21
0.000610352
  0
LINE
  8
0
 10
5.85249
 20
0.000610352
 11
5.85587
 21
0.000823975
  0
LINE
  8
0
 10
5.85587
 20
0.000823975
 11
5.85925
 21
0.000900269
  0
LINE
  8
0
 10
5.85925
 20
0.000900269
 11
5.86263
 21
0.000823975
  0
LINE
  8
0
 10
5.86263
 20
0.000823975
 11
5.866
 21
0.000610352
  0
LINE
  8
0
 10
5.866
 20
0.000610352
 11
5.86937
 21
0.000259399
  0
LINE
  8
0
 10
5.86937
 20
0.000259399
 11
5.87271
 21
-0.000213623
  0
LINE
  8
0
 10
5.87271
 20
-0.000213623
 11
5.87602
 21
-0.000854492
  0
LINE
  8
0
 10
5.87602
 20
-0.000854492
 11
5.87932
 21
-0.00161743
  0
LINE
  8
0
 10
5.87932
 20
-0.00161743
 11
5.88257
 21
-0.00253296
  0
LINE
  8
0
 10
5.88257
 20
-0.00253296
 11
5.88579
 21
-0.00357056
  0
LINE
  8
0
 10
5.88579
 20
-0.00357056
 11
5.88896
 21
-0.00476074
  0
LINE
  8
0
 10
5.88896
 20
-0.00476074
 11
5.89207
 21
-0.00605774
  0
LINE
  8
0
 10
5.89207
 20
-0.00605774
 11
5.89514
 21
-0.00750732
  0
LINE
  8
0
 10
5.89514
 20
-0.00750732
 11
5.89813
 21
-0.00906372
  0
LINE
  8
0
 10
5.89813
 20
-0.00906372
 11
5.90106
 21
-0.0107574
  0
LINE
  8
0
 10
5.90106
 20
-0.0107574
 11
5.90392
 21
-0.0125732
  0
LINE
  8
0
 10
5.90392
 20
-0.0125732
 11
5.90669
 21
-0.0144958
  0
LINE
  8
0
 10
5.90669
 20
-0.0144958
 11
5.90938
 21
-0.0165405
  0
LINE
  8
0
 10
5.90938
 20
-0.0165405
 11
5.91199
 21
-0.018692
  0
LINE
  8
0
 10
5.91199
 20
-0.018692
 11
5.91449
 21
-0.0209656
  0
LINE
  8
0
 10
5.91449
 20
-0.0209656
 11
5.91692
 21
-0.0233307
  0
LINE
  8
0
 10
5.91692
 20
-0.0233307
 11
5.91922
 21
-0.0257874
  0
LINE
  8
0
 10
5.91922
 20
-0.0257874
 11
5.92143
 21
-0.0283508
  0
LINE
  8
0
 10
5.92143
 20
-0.0283508
 11
5.92354
 21
-0.0310059
  0
LINE
  8
0
 10
5.92354
 20
-0.0310059
 11
5.92552
 21
-0.0337372
  0
LINE
  8
0
 10
5.92552
 20
-0.0337372
 11
5.9274
 21
-0.0365448
  0
LINE
  8
0
 10
5.9274
 20
-0.0365448
 11
5.92914
 21
-0.039444
  0
LINE
  8
0
 10
5.92914
 20
-0.039444
 11
5.93077
 21
-0.0424042
  0
LINE
  8
0
 10
5.93077
 20
-0.0424042
 11
5.93228
 21
-0.0454254
  0
LINE
  8
0
 10
5.93228
 20
-0.0454254
 11
5.93365
 21
-0.0485229
  0
LINE
  8
0
 10
5.93365
 20
-0.0485229
 11
5.93489
 21
-0.0516663
  0
LINE
  8
0
 10
5.93489
 20
-0.0516663
 11
5.936
 21
-0.0548553
  0
LINE
  8
0
 10
5.936
 20
-0.0548553
 11
5.93698
 21
-0.0580902
  0
LINE
  8
0
 10
5.93698
 20
-0.0580902
 11
5.93782
 21
-0.0613708
  0
LINE
  8
0
 10
5.93782
 20
-0.0613708
 11
5.93852
 21
-0.0646667
  0
LINE
  8
0
 10
5.93852
 20
-0.0646667
 11
5.93909
 21
-0.0680084
  0
LINE
  8
0
 10
5.93909
 20
-0.0680084
 11
5.93951
 21
-0.0713654
  0
LINE
  8
0
 10
5.93951
 20
-0.0713654
 11
5.9398
 21
-0.0747223
  0
LINE
  8
0
 10
5.9398
 20
-0.0747223
 11
5.93994
 21
-0.0781097
  0
LINE
  8
0
 10
5.93994
 20
-0.0781097
 11
5.93994
 21
-0.0814819
  0
LINE
  8
0
 10
5.93994
 20
-0.0814819
 11
5.9398
 21
-0.0848694
  0
LINE
  8
0
 10
5.9398
 20
-0.0848694
 11
5.93951
 21
-0.0882263
  0
LINE
  8
0
 10
5.93951
 20
-0.0882263
 11
5.93909
 21
-0.0915833
  0
LINE
  8
0
 10
5.93909
 20
-0.0915833
 11
5.93852
 21
-0.0949249
  0
LINE
  8
0
 10
5.93852
 20
-0.0949249
 11
5.93782
 21
-0.0982208
  0
LINE
  8
0
 10
5.93782
 20
-0.0982208
 11
5.93698
 21
-0.101501
  0
LINE
  8
0
 10
5.93698
 20
-0.101501
 11
5.936
 21
-0.104736
  0
LINE
  8
0
 10
5.936
 20
-0.104736
 11
5.93489
 21
-0.107925
  0
LINE
  8
0
 10
5.93489
 20
-0.107925
 11
5.93365
 21
-0.111069
  0
LINE
  8
0
 10
5.93365
 20
-0.111069
 11
5.93228
 21
-0.114166
  0
LINE
  8
0
 10
5.93228
 20
-0.114166
 11
5.93077
 21
-0.117188
  0
LINE
  8
0
 10
5.93077
 20
-0.117188
 11
5.92914
 21
-0.120148
  0
LINE
  8
0
 10
5.92914
 20
-0.120148
 11
5.9274
 21
-0.123047
  0
LINE
  8
0
 10
5.9274
 20
-0.123047
 11
5.92552
 21
-0.125854
  0
LINE
  8
0
 10
5.92552
 20
-0.125854
 11
5.92354
 21
-0.128586
  0
LINE
  8
0
 10
5.92354
 20
-0.128586
 11
5.92143
 21
-0.131241
  0
LINE
  8
0
 10
5.92143
 20
-0.131241
 11
5.91922
 21
-0.133804
  0
LINE
  8
0
 10
5.91922
 20
-0.133804
 11
5.91692
 21
-0.136261
  0
LINE
  8
0
 10
5.91692
 20
-0.136261
 11
5.91449
 21
-0.138626
  0
LINE
  8
0
 10
5.91449
 20
-0.138626
 11
5.91199
 21
-0.140884
  0
LINE
  8
0
 10
5.91199
 20
-0.140884
 11
5.90938
 21
-0.143051
  0
LINE
  8
0
 10
5.90938
 20
-0.143051
 11
5.90669
 21
-0.145096
  0
LINE
  8
0
 10
5.90669
 20
-0.145096
 11
5.90392
 21
-0.147018
  0
LINE
  8
0
 10
5.90392
 20
-0.147018
 11
5.90106
 21
-0.148834
  0
LINE
  8
0
 10
5.90106
 20
-0.148834
 11
5.89813
 21
-0.150528
  0
LINE
  8
0
 10
5.89813
 20
-0.150528
 11
5.89514
 21
-0.152084
  0
LINE
  8
0
 10
5.89514
 20
-0.152084
 11
5.89207
 21
-0.153534
  0
LINE
  8
0
 10
5.89207
 20
-0.153534
 11
5.88896
 21
-0.154831
  0
LINE
  8
0
 10
5.88896
 20
-0.154831
 11
5.88579
 21
-0.156021
  0
LINE
  8
0
 10
5.88579
 20
-0.156021
 11
5.88257
 21
-0.157059
  0
LINE
  8
0
 10
5.88257
 20
-0.157059
 11
5.87932
 21
-0.157974
  0
LINE
  8
0
 10
5.87932
 20
-0.157974
 11
5.87602
 21
-0.158737
  0
LINE
  8
0
 10
5.87602
 20
-0.158737
 11
5.87271
 21
-0.159378
  0
LINE
  8
0
 10
5.87271
 20
-0.159378
 11
5.86937
 21
-0.159866
  0
LINE
  8
0
 10
5.86937
 20
-0.159866
 11
5.866
 21
-0.160217
  0
LINE
  8
0
 10
5.866
 20
-0.160217
 11
5.86263
 21
-0.160431
  0
LINE
  8
0
 10
5.86263
 20
-0.160431
 11
5.85925
 21
-0.160507
  0
LINE
  8
0
 10
5.85925
 20
-0.160507
 11
5.85587
 21
-0.160431
  0
LINE
  8
0
 10
5.85587
 20
-0.790359
 11
5.85249
 21
-0.790146
  0
LINE
  8
0
 10
5.85249
 20
-0.790146
 11
5.84914
 21
-0.789795
  0
LINE
  8
0
 10
5.84914
 20
-0.789795
 11
5.84579
 21
-0.789291
  0
LINE
  8
0
 10
5.84579
 20
-0.789291
 11
5.84247
 21
-0.788666
  0
LINE
  8
0
 10
5.84247
 20
-0.788666
 11
5.83917
 21
-0.787888
  0
LINE
  8
0
 10
5.83917
 20
-0.787888
 11
5.83592
 21
-0.786987
  0
LINE
  8
0
 10
5.83592
 20
-0.786987
 11
5.8327
 21
-0.785934
  0
LINE
  8
0
 10
5.8327
 20
-0.785934
 11
5.82954
 21
-0.78476
  0
LINE
  8
0
 10
5.82954
 20
-0.78476
 11
5.82642
 21
-0.783447
  0
LINE
  8
0
 10
5.82642
 20
-0.783447
 11
5.82336
 21
-0.782013
  0
LINE
  8
0
 10
5.82336
 20
-0.782013
 11
5.82037
 21
-0.780441
  0
LINE
  8
0
 10
5.82037
 20
-0.780441
 11
5.81744
 21
-0.778748
  0
LINE
  8
0
 10
5.81744
 20
-0.778748
 11
5.81459
 21
-0.776947
  0
LINE
  8
0
 10
5.81459
 20
-0.776947
 11
5.81181
 21
-0.775009
  0
LINE
  8
0
 10
5.81181
 20
-0.775009
 11
5.80911
 21
-0.772964
  0
LINE
  8
0
 10
5.80911
 20
-0.772964
 11
5.80652
 21
-0.770813
  0
LINE
  8
0
 10
5.80652
 20
-0.770813
 11
5.804
 21
-0.768555
  0
LINE
  8
0
 10
5.804
 20
-0.768555
 11
5.80159
 21
-0.76619
  0
LINE
  8
0
 10
5.80159
 20
-0.76619
 11
5.79927
 21
-0.763718
  0
LINE
  8
0
 10
5.79927
 20
-0.763718
 11
5.79706
 21
-0.761169
  0
LINE
  8
0
 10
5.79706
 20
-0.761169
 11
5.79497
 21
-0.758514
  0
LINE
  8
0
 10
5.79497
 20
-0.758514
 11
5.79297
 21
-0.755783
  0
LINE
  8
0
 10
5.79297
 20
-0.755783
 11
5.79111
 21
-0.75296
  0
LINE
  8
0
 10
5.79111
 20
-0.75296
 11
5.78935
 21
-0.750076
  0
LINE
  8
0
 10
5.78935
 20
-0.750076
 11
5.78772
 21
-0.747116
  0
LINE
  8
0
 10
5.78772
 20
-0.747116
 11
5.78622
 21
-0.74408
  0
LINE
  8
0
 10
5.78622
 20
-0.74408
 11
5.78485
 21
-0.740997
  0
LINE
  8
0
 10
5.78485
 20
-0.740997
 11
5.7836
 21
-0.737854
  0
LINE
  8
0
 10
5.7836
 20
-0.737854
 11
5.78249
 21
-0.73465
  0
LINE
  8
0
 10
5.78249
 20
-0.73465
 11
5.78151
 21
-0.731415
  0
LINE
  8
0
 10
5.78151
 20
-0.731415
 11
5.78067
 21
-0.728149
  0
LINE
  8
0
 10
5.78067
 20
-0.728149
 11
5.77997
 21
-0.724838
  0
LINE
  8
0
 10
5.77997
 20
-0.724838
 11
5.7794
 21
-0.721512
  0
LINE
  8
0
 10
5.7794
 20
-0.721512
 11
5.77898
 21
-0.718155
  0
LINE
  8
0
 10
5.77898
 20
-0.718155
 11
5.7787
 21
-0.714783
  0
LINE
  8
0
 10
5.7787
 20
-0.714783
 11
5.77856
 21
-0.711411
  0
LINE
  8
0
 10
5.77856
 20
-0.711411
 11
5.77856
 21
-0.708023
  0
LINE
  8
0
 10
5.77856
 20
-0.708023
 11
5.7787
 21
-0.704651
  0
LINE
  8
0
 10
5.7787
 20
-0.704651
 11
5.77898
 21
-0.701279
  0
LINE
  8
0
 10
5.77898
 20
-0.701279
 11
5.7794
 21
-0.697922
  0
LINE
  8
0
 10
5.7794
 20
-0.697922
 11
5.77997
 21
-0.694595
  0
LINE
  8
0
 10
5.77997
 20
-0.694595
 11
5.78067
 21
-0.691284
  0
LINE
  8
0
 10
5.78067
 20
-0.691284
 11
5.78151
 21
-0.688019
  0
LINE
  8
0
 10
5.78151
 20
-0.688019
 11
5.78249
 21
-0.684784
  0
LINE
  8
0
 10
5.78249
 20
-0.684784
 11
5.7836
 21
-0.68158
  0
LINE
  8
0
 10
5.7836
 20
-0.68158
 11
5.78485
 21
-0.678436
  0
LINE
  8
0
 10
5.78485
 20
-0.678436
 11
5.78622
 21
-0.675354
  0
LINE
  8
0
 10
5.78622
 20
-0.675354
 11
5.78772
 21
-0.672318
  0
LINE
  8
0
 10
5.78772
 20
-0.672318
 11
5.78935
 21
-0.669357
  0
LINE
  8
0
 10
5.78935
 20
-0.669357
 11
5.79111
 21
-0.666473
  0
LINE
  8
0
 10
5.79111
 20
-0.666473
 11
5.79297
 21
-0.663651
  0
LINE
  8
0
 10
5.79297
 20
-0.663651
 11
5.79497
 21
-0.660919
  0
LINE
  8
0
 10
5.79497
 20
-0.660919
 11
5.79706
 21
-0.658264
  0
LINE
  8
0
 10
5.79706
 20
-0.658264
 11
5.79927
 21
-0.655716
  0
LINE
  8
0
 10
5.79927
 20
-0.655716
 11
5.80159
 21
-0.653244
  0
LINE
  8
0
 10
5.80159
 20
-0.653244
 11
5.804
 21
-0.650879
  0
LINE
  8
0
 10
5.804
 20
-0.650879
 11
5.80652
 21
-0.648621
  0
LINE
  8
0
 10
5.80652
 20
-0.648621
 11
5.80911
 21
-0.646469
  0
LINE
  8
0
 10
5.80911
 20
-0.646469
 11
5.81181
 21
-0.644424
  0
LINE
  8
0
 10
5.81181
 20
-0.644424
 11
5.81459
 21
-0.642487
  0
LINE
  8
0
 10
5.81459
 20
-0.642487
 11
5.81744
 21
-0.640686
  0
LINE
  8
0
 10
5.81744
 20
-0.640686
 11
5.82037
 21
-0.638992
  0
LINE
  8
0
 10
5.82037
 20
-0.638992
 11
5.82336
 21
-0.637421
  0
LINE
  8
0
 10
5.82336
 20
-0.637421
 11
5.82642
 21
-0.635986
  0
LINE
  8
0
 10
5.82642
 20
-0.635986
 11
5.82954
 21
-0.634674
  0
LINE
  8
0
 10
5.82954
 20
-0.634674
 11
5.8327
 21
-0.633499
  0
LINE
  8
0
 10
5.8327
 20
-0.633499
 11
5.83592
 21
-0.632446
  0
LINE
  8
0
 10
5.83592
 20
-0.632446
 11
5.83917
 21
-0.631546
  0
LINE
  8
0
 10
5.83917
 20
-0.631546
 11
5.84247
 21
-0.630768
  0
LINE
  8
0
 10
5.84247
 20
-0.630768
 11
5.84579
 21
-0.630142
  0
LINE
  8
0
 10
5.84579
 20
-0.630142
 11
5.84914
 21
-0.629639
  0
LINE
  8
0
 10
5.84914
 20
-0.629639
 11
5.85249
 21
-0.629288
  0
LINE
  8
0
 10
5.85249
 20
-0.629288
 11
5.85587
 21
-0.629074
  0
LINE
  8
0
 10
5.85587
 20
-0.629074
 11
5.85925
 21
-0.629013
  0
LINE
  8
0
 10
5.85925
 20
-0.629013
 11
5.86263
 21
-0.629074
  0
LINE
  8
0
 10
5.86263
 20
-0.629074
 11
5.866
 21
-0.629288
  0
LINE
  8
0
 10
5.866
 20
-0.629288
 11
5.86937
 21
-0.629639
  0
LINE
  8
0
 10
5.86937
 20
-0.629639
 11
5.87271
 21
-0.630142
  0
LINE
  8
0
 10
5.87271
 20
-0.630142
 11
5.87602
 21
-0.630768
  0
LINE
  8
0
 10
5.87602
 20
-0.630768
 11
5.87932
 21
-0.631546
  0
LINE
  8
0
 10
5.87932
 20
-0.631546
 11
5.88257
 21
-0.632446
  0
LINE
  8
0
 10
5.88257
 20
-0.632446
 11
5.88579
 21
-0.633499
  0
LINE
  8
0
 10
5.88579
 20
-0.633499
 11
5.88896
 21
-0.634674
  0
LINE
  8
0
 10
5.88896
 20
-0.634674
 11
5.89207
 21
-0.635986
  0
LINE
  8
0
 10
5.89207
 20
-0.635986
 11
5.89514
 21
-0.637421
  0
LINE
  8
0
 10
5.89514
 20
-0.637421
 11
5.89813
 21
-0.638992
  0
LINE
  8
0
 10
5.89813
 20
-0.638992
 11
5.90106
 21
-0.640686
  0
LINE
  8
0
 10
5.90106
 20
-0.640686
 11
5.90392
 21
-0.642487
  0
LINE
  8
0
 10
5.90392
 20
-0.642487
 11
5.90669
 21
-0.644424
  0
LINE
  8
0
 10
5.90669
 20
-0.644424
 11
5.90938
 21
-0.646469
  0
LINE
  8
0
 10
5.90938
 20
-0.646469
 11
5.91199
 21
-0.648621
  0
LINE
  8
0
 10
5.91199
 20
-0.648621
 11
5.91449
 21
-0.650879
  0
LINE
  8
0
 10
5.91449
 20
-0.650879
 11
5.91692
 21
-0.653244
  0
LINE
  8
0
 10
5.91692
 20
-0.653244
 11
5.91922
 21
-0.655716
  0
LINE
  8
0
 10
5.91922
 20
-0.655716
 11
5.92143
 21
-0.658264
  0
LINE
  8
0
 10
5.92143
 20
-0.658264
 11
5.92354
 21
-0.660919
  0
LINE
  8
0
 10
5.92354
 20
-0.660919
 11
5.92552
 21
-0.663651
  0
LINE
  8
0
 10
5.92552
 20
-0.663651
 11
5.9274
 21
-0.666473
  0
LINE
  8
0
 10
5.9274
 20
-0.666473
 11
5.92914
 21
-0.669357
  0
LINE
  8
0
 10
5.92914
 20
-0.669357
 11
5.93077
 21
-0.672318
  0
LINE
  8
0
 10
5.93077
 20
-0.672318
 11
5.93228
 21
-0.675354
  0
LINE
  8
0
 10
5.93228
 20
-0.675354
 11
5.93365
 21
-0.678436
  0
LINE
  8
0
 10
5.93365
 20
-0.678436
 11
5.93489
 21
-0.68158
  0
LINE
  8
0
 10
5.93489
 20
-0.68158
 11
5.936
 21
-0.684784
  0
LINE
  8
0
 10
5.936
 20
-0.684784
 11
5.93698
 21
-0.688019
  0
LINE
  8
0
 10
5.93698
 20
-0.688019
 11
5.93782
 21
-0.691284
  0
LINE
  8
0
 10
5.93782
 20
-0.691284
 11
5.93852
 21
-0.694595
  0
LINE
  8
0
 10
5.93852
 20
-0.694595
 11
5.93909
 21
-0.697922
  0
LINE
  8
0
 10
5.93909
 20
-0.697922
 11
5.93951
 21
-0.701279
  0
LINE
  8
0
 10
5.93951
 20
-0.701279
 11
5.9398
 21
-0.704651
  0
LINE
  8
0
 10
5.9398
 20
-0.704651
 11
5.93994
 21
-0.708023
  0
LINE
  8
0
 10
5.93994
 20
-0.708023
 11
5.93994
 21
-0.711411
  0
LINE
  8
0
 10
5.93994
 20
-0.711411
 11
5.9398
 21
-0.714783
  0
LINE
  8
0
 10
5.9398
 20
-0.714783
 11
5.93951
 21
-0.718155
  0
LINE
  8
0
 10
5.93951
 20
-0.718155
 11
5.93909
 21
-0.721512
  0
LINE
  8
0
 10
5.93909
 20
-0.721512
 11
5.93852
 21
-0.724838
  0
LINE
  8
0
 10
5.93852
 20
-0.724838
 11
5.93782
 21
-0.728149
  0
LINE
  8
0
 10
5.93782
 20
-0.728149
 11
5.93698
 21
-0.731415
  0
LINE
  8
0
 10
5.93698
 20
-0.731415
 11
5.936
 21
-0.73465
  0
LINE
  8
0
 10
5.936
 20
-0.73465
 11
5.93489
 21
-0.737854
  0
LINE
  8
0
 10
5.93489
 20
-0.737854
 11
5.93365
 21
-0.740997
  0
LINE
  8
0
 10
5.93365
 20
-0.740997
 11
5.93228
 21
-0.74408
  0
LINE
  8
0
 10
5.93228
 20
-0.74408
 11
5.93077
 21
-0.747116
  0
LINE
  8
0
 10
5.93077
 20
-0.747116
 11
5.92914
 21
-0.750076
  0
LINE
  8
0
 10
5.92914
 20
-0.750076
 11
5.9274
 21
-0.75296
  0
LINE
  8
0
 10
5.9274
 20
-0.75296
 11
5.92552
 21
-0.755783
  0
LINE
  8
0
 10
5.92552
 20
-0.755783
 11
5.92354
 21
-0.758514
  0
LINE
  8
0
 10
5.92354
 20
-0.758514
 11
5.92143
 21
-0.761169
  0
LINE
  8
0
 10
5.92143
 20
-0.761169
 11
5.91922
 21
-0.763718
  0
LINE
  8
0
 10
5.91922
 20
-0.763718
 11
5.91692
 21
-0.76619
  0
LINE
  8
0
 10
5.91692
 20
-0.76619
 11
5.91449
 21
-0.768555
  0
LINE
  8
0
 10
5.91449
 20
-0.768555
 11
5.91199
 21
-0.770813
  0
LINE
  8
0
 10
5.91199
 20
-0.770813
 11
5.90938
 21
-0.772964
  0
LINE
  8
0
 10
5.90938
 20
-0.772964
 11
5.90669
 21
-0.775009
  0
LINE
  8
0
 10
5.90669
 20
-0.775009
 11
5.90392
 21
-0.776947
  0
LINE
  8
0
 10
5.90392
 20
-0.776947
 11
5.90106
 21
-0.778748
  0
LINE
  8
0
 10
5.90106
 20
-0.778748
 11
5.89813
 21
-0.780441
  0
LINE
  8
0
 10
5.89813
 20
-0.780441
 11
5.89514
 21
-0.782013
  0
LINE
  8
0
 10
5.89514
 20
-0.782013
 11
5.89207
 21
-0.783447
  0
LINE
  8
0
 10
5.89207
 20
-0.783447
 11
5.88896
 21
-0.78476
  0
LINE
  8
0
 10
5.88896
 20
-0.78476
 11
5.88579
 21
-0.785934
  0
LINE
  8
0
 10
5.88579
 20
-0.785934
 11
5.88257
 21
-0.786987
  0
LINE
  8
0
 10
5.88257
 20
-0.786987
 11
5.87932
 21
-0.787888
  0
LINE
  8
0
 10
5.87932
 20
-0.787888
 11
5.87602
 21
-0.788666
  0
LINE
  8
0
 10
5.87602
 20
-0.788666
 11
5.87271
 21
-0.789291
  0
LINE
  8
0
 10
5.87271
 20
-0.789291
 11
5.86937
 21
-0.789795
  0
LINE
  8
0
 10
5.86937
 20
-0.789795
 11
5.866
 21
-0.790146
  0
LINE
  8
0
 10
5.866
 20
-0.790146
 11
5.86263
 21
-0.790359
  0
LINE
  8
0
 10
5.86263
 20
-0.790359
 11
5.85925
 21
-0.790421
  0
LINE
  8
0
 10
5.85925
 20
-0.790421
 11
5.85587
 21
-0.790359
  0
LINE
  8
0
 10
5.85587
 20
-1.42027
 11
5.85249
 21
-1.42006
  0
LINE
  8
0
 10
5.85249
 20
-1.42006
 11
5.84914
 21
-1.41971
  0
LINE
  8
0
 10
5.84914
 20
-1.41971
 11
5.84579
 21
-1.41922
  0
LINE
  8
0
 10
5.84579
 20
-1.41922
 11
5.84247
 21
-1.41858
  0
LINE
  8
0
 10
5.84247
 20
-1.41858
 11
5.83917
 21
-1.41782
  0
LINE
  8
0
 10
5.83917
 20
-1.41782
 11
5.83592
 21
-1.4169
  0
LINE
  8
0
 10
5.83592
 20
-1.4169
 11
5.8327
 21
-1.41586
  0
LINE
  8
0
 10
5.8327
 20
-1.41586
 11
5.82954
 21
-1.41467
  0
LINE
  8
0
 10
5.82954
 20
-1.41467
 11
5.82642
 21
-1.41338
  0
LINE
  8
0
 10
5.82642
 20
-1.41338
 11
5.82336
 21
-1.41193
  0
LINE
  8
0
 10
5.82336
 20
-1.41193
 11
5.82037
 21
-1.41037
  0
LINE
  8
0
 10
5.82037
 20
-1.41037
 11
5.81744
 21
-1.40868
  0
LINE
  8
0
 10
5.81744
 20
-1.40868
 11
5.81459
 21
-1.40686
  0
LINE
  8
0
 10
5.81459
 20
-1.40686
 11
5.81181
 21
-1.40494
  0
LINE
  8
0
 10
5.81181
 20
-1.40494
 11
5.80911
 21
-1.40289
  0
LINE
  8
0
 10
5.80911
 20
-1.40289
 11
5.80652
 21
-1.40074
  0
LINE
  8
0
 10
5.80652
 20
-1.40074
 11
5.804
 21
-1.39847
  0
LINE
  8
0
 10
5.804
 20
-1.39847
 11
5.80159
 21
-1.3961
  0
LINE
  8
0
 10
5.80159
 20
-1.3961
 11
5.79927
 21
-1.39365
  0
LINE
  8
0
 10
5.79927
 20
-1.39365
 11
5.79706
 21
-1.39108
  0
LINE
  8
0
 10
5.79706
 20
-1.39108
 11
5.79497
 21
-1.38843
  0
LINE
  8
0
 10
5.79497
 20
-1.38843
 11
5.79297
 21
-1.3857
  0
LINE
  8
0
 10
5.79297
 20
-1.3857
 11
5.79111
 21
-1.38289
  0
LINE
  8
0
 10
5.79111
 20
-1.38289
 11
5.78935
 21
-1.37999
  0
LINE
  8
0
 10
5.78935
 20
-1.37999
 11
5.78772
 21
-1.37703
  0
LINE
  8
0
 10
5.78772
 20
-1.37703
 11
5.78622
 21
-1.37401
  0
LINE
  8
0
 10
5.78622
 20
-1.37401
 11
5.78485
 21
-1.37091
  0
LINE
  8
0
 10
5.78485
 20
-1.37091
 11
5.7836
 21
-1.36777
  0
LINE
  8
0
 10
5.7836
 20
-1.36777
 11
5.78249
 21
-1.36458
  0
LINE
  8
0
 10
5.78249
 20
-1.36458
 11
5.78151
 21
-1.36134
  0
LINE
  8
0
 10
5.78151
 20
-1.36134
 11
5.78067
 21
-1.35806
  0
LINE
  8
0
 10
5.78067
 20
-1.35806
 11
5.77997
 21
-1.35477
  0
LINE
  8
0
 10
5.77997
 20
-1.35477
 11
5.7794
 21
-1.35143
  0
LINE
  8
0
 10
5.7794
 20
-1.35143
 11
5.77898
 21
-1.34807
  0
LINE
  8
0
 10
5.77898
 20
-1.34807
 11
5.7787
 21
-1.34471
  0
LINE
  8
0
 10
5.7787
 20
-1.34471
 11
5.77856
 21
-1.34132
  0
LINE
  8
0
 10
5.77856
 20
-1.34132
 11
5.77856
 21
-1.33795
  0
LINE
  8
0
 10
5.77856
 20
-1.33795
 11
5.7787
 21
-1.33456
  0
LINE
  8
0
 10
5.7787
 20
-1.33456
 11
5.77898
 21
-1.33121
  0
LINE
  8
0
 10
5.77898
 20
-1.33121
 11
5.7794
 21
-1.32785
  0
LINE
  8
0
 10
5.7794
 20
-1.32785
 11
5.77997
 21
-1.32451
  0
LINE
  8
0
 10
5.77997
 20
-1.32451
 11
5.78067
 21
-1.32121
  0
LINE
  8
0
 10
5.78067
 20
-1.32121
 11
5.78151
 21
-1.31793
  0
LINE
  8
0
 10
5.78151
 20
-1.31793
 11
5.78249
 21
-1.3147
  0
LINE
  8
0
 10
5.78249
 20
-1.3147
 11
5.7836
 21
-1.31151
  0
LINE
  8
0
 10
5.7836
 20
-1.31151
 11
5.78485
 21
-1.30836
  0
LINE
  8
0
 10
5.78485
 20
-1.30836
 11
5.78622
 21
-1.30527
  0
LINE
  8
0
 10
5.78622
 20
-1.30527
 11
5.78772
 21
-1.30225
  0
LINE
  8
0
 10
5.78772
 20
-1.30225
 11
5.78935
 21
-1.29929
  0
LINE
  8
0
 10
5.78935
 20
-1.29929
 11
5.79111
 21
-1.29639
  0
LINE
  8
0
 10
5.79111
 20
-1.29639
 11
5.79297
 21
-1.29358
  0
LINE
  8
0
 10
5.79297
 20
-1.29358
 11
5.79497
 21
-1.29085
  0
LINE
  8
0
 10
5.79497
 20
-1.29085
 11
5.79706
 21
-1.28819
  0
LINE
  8
0
 10
5.79706
 20
-1.28819
 11
5.79927
 21
-1.28563
  0
LINE
  8
0
 10
5.79927
 20
-1.28563
 11
5.80159
 21
-1.28317
  0
LINE
  8
0
 10
5.80159
 20
-1.28317
 11
5.804
 21
-1.28081
  0
LINE
  8
0
 10
5.804
 20
-1.28081
 11
5.80652
 21
-1.27855
  0
LINE
  8
0
 10
5.80652
 20
-1.27855
 11
5.80911
 21
-1.27638
  0
LINE
  8
0
 10
5.80911
 20
-1.27638
 11
5.81181
 21
-1.27434
  0
LINE
  8
0
 10
5.81181
 20
-1.27434
 11
5.81459
 21
-1.27242
  0
LINE
  8
0
 10
5.81459
 20
-1.27242
 11
5.81744
 21
-1.2706
  0
LINE
  8
0
 10
5.81744
 20
-1.2706
 11
5.82037
 21
-1.26891
  0
LINE
  8
0
 10
5.82037
 20
-1.26891
 11
5.82336
 21
-1.26735
  0
LINE
  8
0
 10
5.82336
 20
-1.26735
 11
5.82642
 21
-1.2659
  0
LINE
  8
0
 10
5.82642
 20
-1.2659
 11
5.82954
 21
-1.2646
  0
LINE
  8
0
 10
5.82954
 20
-1.2646
 11
5.8327
 21
-1.26341
  0
LINE
  8
0
 10
5.8327
 20
-1.26341
 11
5.83592
 21
-1.26237
  0
LINE
  8
0
 10
5.83592
 20
-1.26237
 11
5.83917
 21
-1.26146
  0
LINE
  8
0
 10
5.83917
 20
-1.26146
 11
5.84247
 21
-1.2607
  0
LINE
  8
0
 10
5.84247
 20
-1.2607
 11
5.84579
 21
-1.26006
  0
LINE
  8
0
 10
5.84579
 20
-1.26006
 11
5.84914
 21
-1.25957
  0
LINE
  8
0
 10
5.84914
 20
-1.25957
 11
5.85249
 21
-1.25922
  0
LINE
  8
0
 10
5.85249
 20
-1.25922
 11
5.85587
 21
-1.259
  0
LINE
  8
0
 10
5.85587
 20
-1.259
 11
5.85925
 21
-1.25893
  0
LINE
  8
0
 10
5.85925
 20
-1.25893
 11
5.86263
 21
-1.259
  0
LINE
  8
0
 10
5.86263
 20
-1.259
 11
5.866
 21
-1.25922
  0
LINE
  8
0
 10
5.866
 20
-1.25922
 11
5.86937
 21
-1.25957
  0
LINE
  8
0
 10
5.86937
 20
-1.25957
 11
5.87271
 21
-1.26006
  0
LINE
  8
0
 10
5.87271
 20
-1.26006
 11
5.87602
 21
-1.2607
  0
LINE
  8
0
 10
5.87602
 20
-1.2607
 11
5.87932
 21
-1.26146
  0
LINE
  8
0
 10
5.87932
 20
-1.26146
 11
5.88257
 21
-1.26237
  0
LINE
  8
0
 10
5.88257
 20
-1.26237
 11
5.88579
 21
-1.26341
  0
LINE
  8
0
 10
5.88579
 20
-1.26341
 11
5.88896
 21
-1.2646
  0
LINE
  8
0
 10
5.88896
 20
-1.2646
 11
5.89207
 21
-1.2659
  0
LINE
  8
0
 10
5.89207
 20
-1.2659
 11
5.89514
 21
-1.26735
  0
LINE
  8
0
 10
5.89514
 20
-1.26735
 11
5.89813
 21
-1.26891
  0
LINE
  8
0
 10
5.89813
 20
-1.26891
 11
5.90106
 21
-1.2706
  0
LINE
  8
0
 10
5.90106
 20
-1.2706
 11
5.90392
 21
-1.27242
  0
LINE
  8
0
 10
5.90392
 20
-1.27242
 11
5.90669
 21
-1.27434
  0
LINE
  8
0
 10
5.90669
 20
-1.27434
 11
5.90938
 21
-1.27638
  0
LINE
  8
0
 10
5.90938
 20
-1.27638
 11
5.91199
 21
-1.27855
  0
LINE
  8
0
 10
5.91199
 20
-1.27855
 11
5.91449
 21
-1.28081
  0
LINE
  8
0
 10
5.91449
 20
-1.28081
 11
5.91692
 21
-1.28317
  0
LINE
  8
0
 10
5.91692
 20
-1.28317
 11
5.91922
 21
-1.28563
  0
LINE
  8
0
 10
5.91922
 20
-1.28563
 11
5.92143
 21
-1.28819
  0
LINE
  8
0
 10
5.92143
 20
-1.28819
 11
5.92354
 21
-1.29085
  0
LINE
  8
0
 10
5.92354
 20
-1.29085
 11
5.92552
 21
-1.29358
  0
LINE
  8
0
 10
5.92552
 20
-1.29358
 11
5.9274
 21
-1.29639
  0
LINE
  8
0
 10
5.9274
 20
-1.29639
 11
5.92914
 21
-1.29929
  0
LINE
  8
0
 10
5.92914
 20
-1.29929
 11
5.93077
 21
-1.30225
  0
LINE
  8
0
 10
5.93077
 20
-1.30225
 11
5.93228
 21
-1.30527
  0
LINE
  8
0
 10
5.93228
 20
-1.30527
 11
5.93365
 21
-1.30836
  0
LINE
  8
0
 10
5.93365
 20
-1.30836
 11
5.93489
 21
-1.31151
  0
LINE
  8
0
 10
5.93489
 20
-1.31151
 11
5.936
 21
-1.3147
  0
LINE
  8
0
 10
5.936
 20
-1.3147
 11
5.93698
 21
-1.31793
  0
LINE
  8
0
 10
5.93698
 20
-1.31793
 11
5.93782
 21
-1.32121
  0
LINE
  8
0
 10
5.93782
 20
-1.32121
 11
5.93852
 21
-1.32451
  0
LINE
  8
0
 10
5.93852
 20
-1.32451
 11
5.93909
 21
-1.32785
  0
LINE
  8
0
 10
5.93909
 20
-1.32785
 11
5.93951
 21
-1.33121
  0
LINE
  8
0
 10
5.93951
 20
-1.33121
 11
5.9398
 21
-1.33456
  0
LINE
  8
0
 10
5.9398
 20
-1.33456
 11
5.93994
 21
-1.33795
  0
LINE
  8
0
 10
5.93994
 20
-1.33795
 11
5.93994
 21
-1.34132
  0
LINE
  8
0
 10
5.93994
 20
-1.34132
 11
5.9398
 21
-1.34471
  0
LINE
  8
0
 10
5.9398
 20
-1.34471
 11
5.93951
 21
-1.34807
  0
LINE
  8
0
 10
5.93951
 20
-1.34807
 11
5.93909
 21
-1.35143
  0
LINE
  8
0
 10
5.93909
 20
-1.35143
 11
5.93852
 21
-1.35477
  0
LINE
  8
0
 10
5.93852
 20
-1.35477
 11
5.93782
 21
-1.35806
  0
LINE
  8
0
 10
5.93782
 20
-1.35806
 11
5.93698
 21
-1.36134
  0
LINE
  8
0
 10
5.93698
 20
-1.36134
 11
5.936
 21
-1.36458
  0
LINE
  8
0
 10
5.936
 20
-1.36458
 11
5.93489
 21
-1.36777
  0
LINE
  8
0
 10
5.93489
 20
-1.36777
 11
5.93365
 21
-1.37091
  0
LINE
  8
0
 10
5.93365
 20
-1.37091
 11
5.93228
 21
-1.37401
  0
LINE
  8
0
 10
5.93228
 20
-1.37401
 11
5.93077
 21
-1.37703
  0
LINE
  8
0
 10
5.93077
 20
-1.37703
 11
5.92914
 21
-1.37999
  0
LINE
  8
0
 10
5.92914
 20
-1.37999
 11
5.9274
 21
-1.38289
  0
LINE
  8
0
 10
5.9274
 20
-1.38289
 11
5.92552
 21
-1.3857
  0
LINE
  8
0
 10
5.92552
 20
-1.3857
 11
5.92354
 21
-1.38843
  0
LINE
  8
0
 10
5.92354
 20
-1.38843
 11
5.92143
 21
-1.39108
  0
LINE
  8
0
 10
5.92143
 20
-1.39108
 11
5.91922
 21
-1.39365
  0
LINE
  8
0
 10
5.91922
 20
-1.39365
 11
5.91692
 21
-1.3961
  0
LINE
  8
0
 10
5.91692
 20
-1.3961
 11
5.91449
 21
-1.39847
  0
LINE
  8
0
 10
5.91449
 20
-1.39847
 11
5.91199
 21
-1.40074
  0
LINE
  8
0
 10
5.91199
 20
-1.40074
 11
5.90938
 21
-1.40289
  0
LINE
  8
0
 10
5.90938
 20
-1.40289
 11
5.90669
 21
-1.40494
  0
LINE
  8
0
 10
5.90669
 20
-1.40494
 11
5.90392
 21
-1.40686
  0
LINE
  8
0
 10
5.90392
 20
-1.40686
 11
5.90106
 21
-1.40868
  0
LINE
  8
0
 10
5.90106
 20
-1.40868
 11
5.89813
 21
-1.41037
  0
LINE
  8
0
 10
5.89813
 20
-1.41037
 11
5.89514
 21
-1.41193
  0
LINE
  8
0
 10
5.89514
 20
-1.41193
 11
5.89207
 21
-1.41338
  0
LINE
  8
0
 10
5.89207
 20
-1.41338
 11
5.88896
 21
-1.41467
  0
LINE
  8
0
 10
5.88896
 20
-1.41467
 11
5.88579
 21
-1.41586
  0
LINE
  8
0
 10
5.88579
 20
-1.41586
 11
5.88257
 21
-1.4169
  0
LINE
  8
0
 10
5.88257
 20
-1.4169
 11
5.87932
 21
-1.41782
  0
LINE
  8
0
 10
5.87932
 20
-1.41782
 11
5.87602
 21
-1.41858
  0
LINE
  8
0
 10
5.87602
 20
-1.41858
 11
5.87271
 21
-1.41922
  0
LINE
  8
0
 10
5.87271
 20
-1.41922
 11
5.86937
 21
-1.41971
  0
LINE
  8
0
 10
5.86937
 20
-1.41971
 11
5.866
 21
-1.42006
  0
LINE
  8
0
 10
5.866
 20
-1.42006
 11
5.86263
 21
-1.42027
  0
LINE
  8
0
 10
5.86263
 20
-1.42027
 11
5.85925
 21
-1.42035
  0
LINE
  8
0
 10
5.85925
 20
-1.42035
 11
5.85587
 21
-1.42027
  0
LINE
  8
0
 10
5.85587
 20
-2.0502
 11
5.85249
 21
-2.04999
  0
LINE
  8
0
 10
5.85249
 20
-2.04999
 11
5.84914
 21
-2.04964
  0
LINE
  8
0
 10
5.84914
 20
-2.04964
 11
5.84579
 21
-2.04913
  0
LINE
  8
0
 10
5.84579
 20
-2.04913
 11
5.84247
 21
-2.04851
  0
LINE
  8
0
 10
5.84247
 20
-2.04851
 11
5.83917
 21
-2.04773
  0
LINE
  8
0
 10
5.83917
 20
-2.04773
 11
5.83592
 21
-2.04683
  0
LINE
  8
0
 10
5.83592
 20
-2.04683
 11
5.8327
 21
-2.04578
  0
LINE
  8
0
 10
5.8327
 20
-2.04578
 11
5.82954
 21
-2.0446
  0
LINE
  8
0
 10
5.82954
 20
-2.0446
 11
5.82642
 21
-2.04329
  0
LINE
  8
0
 10
5.82642
 20
-2.04329
 11
5.82336
 21
-2.04185
  0
LINE
  8
0
 10
5.82336
 20
-2.04185
 11
5.82037
 21
-2.04028
  0
LINE
  8
0
 10
5.82037
 20
-2.04028
 11
5.81744
 21
-2.03859
  0
LINE
  8
0
 10
5.81744
 20
-2.03859
 11
5.81459
 21
-2.03679
  0
LINE
  8
0
 10
5.81459
 20
-2.03679
 11
5.81181
 21
-2.03485
  0
LINE
  8
0
 10
5.81181
 20
-2.03485
 11
5.80911
 21
-2.03281
  0
LINE
  8
0
 10
5.80911
 20
-2.03281
 11
5.80652
 21
-2.03065
  0
LINE
  8
0
 10
5.80652
 20
-2.03065
 11
5.804
 21
-2.0284
  0
LINE
  8
0
 10
5.804
 20
-2.0284
 11
5.80159
 21
-2.02603
  0
LINE
  8
0
 10
5.80159
 20
-2.02603
 11
5.79927
 21
-2.02356
  0
LINE
  8
0
 10
5.79927
 20
-2.02356
 11
5.79706
 21
-2.02101
  0
LINE
  8
0
 10
5.79706
 20
-2.02101
 11
5.79497
 21
-2.01836
  0
LINE
  8
0
 10
5.79497
 20
-2.01836
 11
5.79297
 21
-2.01562
  0
LINE
  8
0
 10
5.79297
 20
-2.01562
 11
5.79111
 21
-2.0128
  0
LINE
  8
0
 10
5.79111
 20
-2.0128
 11
5.78935
 21
-2.00992
  0
LINE
  8
0
 10
5.78935
 20
-2.00992
 11
5.78772
 21
-2.00696
  0
LINE
  8
0
 10
5.78772
 20
-2.00696
 11
5.78622
 21
-2.00392
  0
LINE
  8
0
 10
5.78622
 20
-2.00392
 11
5.78485
 21
-2.00084
  0
LINE
  8
0
 10
5.78485
 20
-2.00084
 11
5.7836
 21
-1.9977
  0
LINE
  8
0
 10
5.7836
 20
-1.9977
 11
5.78249
 21
-1.99451
  0
LINE
  8
0
 10
5.78249
 20
-1.99451
 11
5.78151
 21
-1.99126
  0
LINE
  8
0
 10
5.78151
 20
-1.99126
 11
5.78067
 21
-1.98799
  0
LINE
  8
0
 10
5.78067
 20
-1.98799
 11
5.77997
 21
-1.98468
  0
LINE
  8
0
 10
5.77997
 20
-1.98468
 11
5.7794
 21
-1.98135
  0
LINE
  8
0
 10
5.7794
 20
-1.98135
 11
5.77898
 21
-1.978
  0
LINE
  8
0
 10
5.77898
 20
-1.978
 11
5.7787
 21
-1.97462
  0
LINE
  8
0
 10
5.7787
 20
-1.97462
 11
5.77856
 21
-1.97125
  0
LINE
  8
0
 10
5.77856
 20
-1.97125
 11
5.77856
 21
-1.96786
  0
LINE
  8
0
 10
5.77856
 20
-1.96786
 11
5.7787
 21
-1.96449
  0
LINE
  8
0
 10
5.7787
 20
-1.96449
 11
5.77898
 21
-1.96112
  0
LINE
  8
0
 10
5.77898
 20
-1.96112
 11
5.7794
 21
-1.95776
  0
LINE
  8
0
 10
5.7794
 20
-1.95776
 11
5.77997
 21
-1.95444
  0
LINE
  8
0
 10
5.77997
 20
-1.95444
 11
5.78067
 21
-1.95113
  0
LINE
  8
0
 10
5.78067
 20
-1.95113
 11
5.78151
 21
-1.94786
  0
LINE
  8
0
 10
5.78151
 20
-1.94786
 11
5.78249
 21
-1.94463
  0
LINE
  8
0
 10
5.78249
 20
-1.94463
 11
5.7836
 21
-1.94142
  0
LINE
  8
0
 10
5.7836
 20
-1.94142
 11
5.78485
 21
-1.93828
  0
LINE
  8
0
 10
5.78485
 20
-1.93828
 11
5.78622
 21
-1.9352
  0
LINE
  8
0
 10
5.78622
 20
-1.9352
 11
5.78772
 21
-1.93217
  0
LINE
  8
0
 10
5.78772
 20
-1.93217
 11
5.78935
 21
-1.9292
  0
LINE
  8
0
 10
5.78935
 20
-1.9292
 11
5.79111
 21
-1.92632
  0
LINE
  8
0
 10
5.79111
 20
-1.92632
 11
5.79297
 21
-1.92349
  0
LINE
  8
0
 10
5.79297
 20
-1.92349
 11
5.79497
 21
-1.92076
  0
LINE
  8
0
 10
5.79497
 20
-1.92076
 11
5.79706
 21
-1.91811
  0
LINE
  8
0
 10
5.79706
 20
-1.91811
 11
5.79927
 21
-1.91556
  0
LINE
  8
0
 10
5.79927
 20
-1.91556
 11
5.80159
 21
-1.91309
  0
LINE
  8
0
 10
5.80159
 20
-1.91309
 11
5.804
 21
-1.91072
  0
LINE
  8
0
 10
5.804
 20
-1.91072
 11
5.80652
 21
-1.90846
  0
LINE
  8
0
 10
5.80652
 20
-1.90846
 11
5.80911
 21
-1.90631
  0
LINE
  8
0
 10
5.80911
 20
-1.90631
 11
5.81181
 21
-1.90427
  0
LINE
  8
0
 10
5.81181
 20
-1.90427
 11
5.81459
 21
-1.90233
  0
LINE
  8
0
 10
5.81459
 20
-1.90233
 11
5.81744
 21
-1.90053
  0
LINE
  8
0
 10
5.81744
 20
-1.90053
 11
5.82037
 21
-1.89883
  0
LINE
  8
0
 10
5.82037
 20
-1.89883
 11
5.82336
 21
-1.89726
  0
LINE
  8
0
 10
5.82336
 20
-1.89726
 11
5.82642
 21
-1.89583
  0
LINE
  8
0
 10
5.82642
 20
-1.89583
 11
5.82954
 21
-1.89452
  0
LINE
  8
0
 10
5.82954
 20
-1.89452
 11
5.8327
 21
-1.89334
  0
LINE
  8
0
 10
5.8327
 20
-1.89334
 11
5.83592
 21
-1.89229
  0
LINE
  8
0
 10
5.83592
 20
-1.89229
 11
5.83917
 21
-1.89139
  0
LINE
  8
0
 10
5.83917
 20
-1.89139
 11
5.84247
 21
-1.89061
  0
LINE
  8
0
 10
5.84247
 20
-1.89061
 11
5.84579
 21
-1.88998
  0
LINE
  8
0
 10
5.84579
 20
-1.88998
 11
5.84914
 21
-1.88948
  0
LINE
  8
0
 10
5.84914
 20
-1.88948
 11
5.85249
 21
-1.88913
  0
LINE
  8
0
 10
5.85249
 20
-1.88913
 11
5.85587
 21
-1.88892
  0
LINE
  8
0
 10
5.85587
 20
-1.88892
 11
5.85925
 21
-1.88885
  0
LINE
  8
0
 10
5.85925
 20
-1.88885
 11
5.86263
 21
-1.88892
  0
LINE
  8
0
 10
5.86263
 20
-1.88892
 11
5.866
 21
-1.88913
  0
LINE
  8
0
 10
5.866
 20
-1.88913
 11
5.86937
 21
-1.88948
  0
LINE
  8
0
 10
5.86937
 20
-1.88948
 11
5.87271
 21
-1.88998
  0
LINE
  8
0
 10
5.87271
 20
-1.88998
 11
5.87602
 21
-1.89061
  0
LINE
  8
0
 10
5.87602
 20
-1.89061
 11
5.87932
 21
-1.89139
  0
LINE
  8
0
 10
5.87932
 20
-1.89139
 11
5.88257
 21
-1.89229
  0
LINE
  8
0
 10
5.88257
 20
-1.89229
 11
5.88579
 21
-1.89334
  0
LINE
  8
0
 10
5.88579
 20
-1.89334
 11
5.88896
 21
-1.89452
  0
LINE
  8
0
 10
5.88896
 20
-1.89452
 11
5.89207
 21
-1.89583
  0
LINE
  8
0
 10
5.89207
 20
-1.89583
 11
5.89514
 21
-1.89726
  0
LINE
  8
0
 10
5.89514
 20
-1.89726
 11
5.89813
 21
-1.89883
  0
LINE
  8
0
 10
5.89813
 20
-1.89883
 11
5.90106
 21
-1.90053
  0
LINE
  8
0
 10
5.90106
 20
-1.90053
 11
5.90392
 21
-1.90233
  0
LINE
  8
0
 10
5.90392
 20
-1.90233
 11
5.90669
 21
-1.90427
  0
LINE
  8
0
 10
5.90669
 20
-1.90427
 11
5.90938
 21
-1.90631
  0
LINE
  8
0
 10
5.90938
 20
-1.90631
 11
5.91199
 21
-1.90846
  0
LINE
  8
0
 10
5.91199
 20
-1.90846
 11
5.91449
 21
-1.91072
  0
LINE
  8
0
 10
5.91449
 20
-1.91072
 11
5.91692
 21
-1.91309
  0
LINE
  8
0
 10
5.91692
 20
-1.91309
 11
5.91922
 21
-1.91556
  0
LINE
  8
0
 10
5.91922
 20
-1.91556
 11
5.92143
 21
-1.91811
  0
LINE
  8
0
 10
5.92143
 20
-1.91811
 11
5.92354
 21
-1.92076
  0
LINE
  8
0
 10
5.92354
 20
-1.92076
 11
5.92552
 21
-1.92349
  0
LINE
  8
0
 10
5.92552
 20
-1.92349
 11
5.9274
 21
-1.92632
  0
LINE
  8
0
 10
5.9274
 20
-1.92632
 11
5.92914
 21
-1.9292
  0
LINE
  8
0
 10
5.92914
 20
-1.9292
 11
5.93077
 21
-1.93217
  0
LINE
  8
0
 10
5.93077
 20
-1.93217
 11
5.93228
 21
-1.9352
  0
LINE
  8
0
 10
5.93228
 20
-1.9352
 11
5.93365
 21
-1.93828
  0
LINE
  8
0
 10
5.93365
 20
-1.93828
 11
5.93489
 21
-1.94142
  0
LINE
  8
0
 10
5.93489
 20
-1.94142
 11
5.936
 21
-1.94463
  0
LINE
  8
0
 10
5.936
 20
-1.94463
 11
5.93698
 21
-1.94786
  0
LINE
  8
0
 10
5.93698
 20
-1.94786
 11
5.93782
 21
-1.95113
  0
LINE
  8
0
 10
5.93782
 20
-1.95113
 11
5.93852
 21
-1.95444
  0
LINE
  8
0
 10
5.93852
 20
-1.95444
 11
5.93909
 21
-1.95776
  0
LINE
  8
0
 10
5.93909
 20
-1.95776
 11
5.93951
 21
-1.96112
  0
LINE
  8
0
 10
5.93951
 20
-1.96112
 11
5.9398
 21
-1.96449
  0
LINE
  8
0
 10
5.9398
 20
-1.96449
 11
5.93994
 21
-1.96786
  0
LINE
  8
0
 10
5.93994
 20
-1.96786
 11
5.93994
 21
-1.97125
  0
LINE
  8
0
 10
5.93994
 20
-1.97125
 11
5.9398
 21
-1.97462
  0
LINE
  8
0
 10
5.9398
 20
-1.97462
 11
5.93951
 21
-1.978
  0
LINE
  8
0
 10
5.93951
 20
-1.978
 11
5.93909
 21
-1.98135
  0
LINE
  8
0
 10
5.93909
 20
-1.98135
 11
5.93852
 21
-1.98468
  0
LINE
  8
0
 10
5.93852
 20
-1.98468
 11
5.93782
 21
-1.98799
  0
LINE
  8
0
 10
5.93782
 20
-1.98799
 11
5.93698
 21
-1.99126
  0
LINE
  8
0
 10
5.93698
 20
-1.99126
 11
5.936
 21
-1.99451
  0
LINE
  8
0
 10
5.936
 20
-1.99451
 11
5.93489
 21
-1.9977
  0
LINE
  8
0
 10
5.93489
 20
-1.9977
 11
5.93365
 21
-2.00084
  0
LINE
  8
0
 10
5.93365
 20
-2.00084
 11
5.93228
 21
-2.00392
  0
LINE
  8
0
 10
5.93228
 20
-2.00392
 11
5.93077
 21
-2.00696
  0
LINE
  8
0
 10
5.93077
 20
-2.00696
 11
5.92914
 21
-2.00992
  0
LINE
  8
0
 10
5.92914
 20
-2.00992
 11
5.9274
 21
-2.0128
  0
LINE
  8
0
 10
5.9274
 20
-2.0128
 11
5.92552
 21
-2.01562
  0
LINE
  8
0
 10
5.92552
 20
-2.01562
 11
5.92354
 21
-2.01836
  0
LINE
  8
0
 10
5.92354
 20
-2.01836
 11
5.92143
 21
-2.02101
  0
LINE
  8
0
 10
5.92143
 20
-2.02101
 11
5.91922
 21
-2.02356
  0
LINE
  8
0
 10
5.91922
 20
-2.02356
 11
5.91692
 21
-2.02603
  0
LINE
  8
0
 10
5.91692
 20
-2.02603
 11
5.91449
 21
-2.0284
  0
LINE
  8
0
 10
5.91449
 20
-2.0284
 11
5.91199
 21
-2.03065
  0
LINE
  8
0
 10
5.91199
 20
-2.03065
 11
5.90938
 21
-2.03281
  0
LINE
  8
0
 10
5.90938
 20
-2.03281
 11
5.90669
 21
-2.03485
  0
LINE
  8
0
 10
5.90669
 20
-2.03485
 11
5.90392
 21
-2.03679
  0
LINE
  8
0
 10
5.90392
 20
-2.03679
 11
5.90106
 21
-2.03859
  0
LINE
  8
0
 10
5.90106
 20
-2.03859
 11
5.89813
 21
-2.04028
  0
LINE
  8
0
 10
5.89813
 20
-2.04028
 11
5.89514
 21
-2.04185
  0
LINE
  8
0
 10
5.89514
 20
-2.04185
 11
5.89207
 21
-2.04329
  0
LINE
  8
0
 10
5.89207
 20
-2.04329
 11
5.88896
 21
-2.0446
  0
LINE
  8
0
 10
5.88896
 20
-2.0446
 11
5.88579
 21
-2.04578
  0
LINE
  8
0
 10
5.88579
 20
-2.04578
 11
5.88257
 21
-2.04683
  0
LINE
  8
0
 10
5.88257
 20
-2.04683
 11
5.87932
 21
-2.04773
  0
LINE
  8
0
 10
5.87932
 20
-2.04773
 11
5.87602
 21
-2.04851
  0
LINE
  8
0
 10
5.87602
 20
-2.04851
 11
5.87271
 21
-2.04913
  0
LINE
  8
0
 10
5.87271
 20
-2.04913
 11
5.86937
 21
-2.04964
  0
LINE
  8
0
 10
5.86937
 20
-2.04964
 11
5.866
 21
-2.04999
  0
LINE
  8
0
 10
5.866
 20
-2.04999
 11
5.86263
 21
-2.0502
  0
LINE
  8
0
 10
5.86263
 20
-2.0502
 11
5.85925
 21
-2.05026
  0
LINE
  8
0
 10
5.85925
 20
-2.05026
 11
5.85587
 21
-2.0502
  0
LINE
  8
0
 10
5.85587
 20
-2.68011
 11
5.85249
 21
-2.6799
  0
LINE
  8
0
 10
5.85249
 20
-2.6799
 11
5.84914
 21
-2.67955
  0
LINE
  8
0
 10
5.84914
 20
-2.67955
 11
5.84579
 21
-2.67906
  0
LINE
  8
0
 10
5.84579
 20
-2.67906
 11
5.84247
 21
-2.67842
  0
LINE
  8
0
 10
5.84247
 20
-2.67842
 11
5.83917
 21
-2.67766
  0
LINE
  8
0
 10
5.83917
 20
-2.67766
 11
5.83592
 21
-2.67674
  0
LINE
  8
0
 10
5.83592
 20
-2.67674
 11
5.8327
 21
-2.6757
  0
LINE
  8
0
 10
5.8327
 20
-2.6757
 11
5.82954
 21
-2.67451
  0
LINE
  8
0
 10
5.82954
 20
-2.67451
 11
5.82642
 21
-2.67322
  0
LINE
  8
0
 10
5.82642
 20
-2.67322
 11
5.82336
 21
-2.67177
  0
LINE
  8
0
 10
5.82336
 20
-2.67177
 11
5.82037
 21
-2.67021
  0
LINE
  8
0
 10
5.82037
 20
-2.67021
 11
5.81744
 21
-2.66852
  0
LINE
  8
0
 10
5.81744
 20
-2.66852
 11
5.81459
 21
-2.6667
  0
LINE
  8
0
 10
5.81459
 20
-2.6667
 11
5.81181
 21
-2.66478
  0
LINE
  8
0
 10
5.81181
 20
-2.66478
 11
5.80911
 21
-2.66273
  0
LINE
  8
0
 10
5.80911
 20
-2.66273
 11
5.80652
 21
-2.66058
  0
LINE
  8
0
 10
5.80652
 20
-2.66058
 11
5.804
 21
-2.65831
  0
LINE
  8
0
 10
5.804
 20
-2.65831
 11
5.80159
 21
-2.65594
  0
LINE
  8
0
 10
5.80159
 20
-2.65594
 11
5.79927
 21
-2.65349
  0
LINE
  8
0
 10
5.79927
 20
-2.65349
 11
5.79706
 21
-2.65092
  0
LINE
  8
0
 10
5.79706
 20
-2.65092
 11
5.79497
 21
-2.64827
  0
LINE
  8
0
 10
5.79497
 20
-2.64827
 11
5.79297
 21
-2.64554
  0
LINE
  8
0
 10
5.79297
 20
-2.64554
 11
5.79111
 21
-2.64273
  0
LINE
  8
0
 10
5.79111
 20
-2.64273
 11
5.78935
 21
-2.63983
  0
LINE
  8
0
 10
5.78935
 20
-2.63983
 11
5.78772
 21
-2.63687
  0
LINE
  8
0
 10
5.78772
 20
-2.63687
 11
5.78622
 21
-2.63385
  0
LINE
  8
0
 10
5.78622
 20
-2.63385
 11
5.78485
 21
-2.63075
  0
LINE
  8
0
 10
5.78485
 20
-2.63075
 11
5.7836
 21
-2.62761
  0
LINE
  8
0
 10
5.7836
 20
-2.62761
 11
5.78249
 21
-2.62442
  0
LINE
  8
0
 10
5.78249
 20
-2.62442
 11
5.78151
 21
-2.62119
  0
LINE
  8
0
 10
5.78151
 20
-2.62119
 11
5.78067
 21
-2.6179
  0
LINE
  8
0
 10
5.78067
 20
-2.6179
 11
5.77997
 21
-2.61461
  0
LINE
  8
0
 10
5.77997
 20
-2.61461
 11
5.7794
 21
-2.61127
  0
LINE
  8
0
 10
5.7794
 20
-2.61127
 11
5.77898
 21
-2.60791
  0
LINE
  8
0
 10
5.77898
 20
-2.60791
 11
5.7787
 21
-2.60455
  0
LINE
  8
0
 10
5.7787
 20
-2.60455
 11
5.77856
 21
-2.60117
  0
LINE
  8
0
 10
5.77856
 20
-2.60117
 11
5.77856
 21
-2.59779
  0
LINE
  8
0
 10
5.77856
 20
-2.59779
 11
5.7787
 21
-2.59441
  0
LINE
  8
0
 10
5.7787
 20
-2.59441
 11
5.77898
 21
-2.59105
  0
LINE
  8
0
 10
5.77898
 20
-2.59105
 11
5.7794
 21
-2.58769
  0
LINE
  8
0
 10
5.7794
 20
-2.58769
 11
5.77997
 21
-2.58435
  0
LINE
  8
0
 10
5.77997
 20
-2.58435
 11
5.78067
 21
-2.58105
  0
LINE
  8
0
 10
5.78067
 20
-2.58105
 11
5.78151
 21
-2.57777
  0
LINE
  8
0
 10
5.78151
 20
-2.57777
 11
5.78249
 21
-2.57454
  0
LINE
  8
0
 10
5.78249
 20
-2.57454
 11
5.7836
 21
-2.57135
  0
LINE
  8
0
 10
5.7836
 20
-2.57135
 11
5.78485
 21
-2.56821
  0
LINE
  8
0
 10
5.78485
 20
-2.56821
 11
5.78622
 21
-2.56511
  0
LINE
  8
0
 10
5.78622
 20
-2.56511
 11
5.78772
 21
-2.56209
  0
LINE
  8
0
 10
5.78772
 20
-2.56209
 11
5.78935
 21
-2.55913
  0
LINE
  8
0
 10
5.78935
 20
-2.55913
 11
5.79111
 21
-2.55623
  0
LINE
  8
0
 10
5.79111
 20
-2.55623
 11
5.79297
 21
-2.55342
  0
LINE
  8
0
 10
5.79297
 20
-2.55342
 11
5.79497
 21
-2.55069
  0
LINE
  8
0
 10
5.79497
 20
-2.55069
 11
5.79706
 21
-2.54803
  0
LINE
  8
0
 10
5.79706
 20
-2.54803
 11
5.79927
 21
-2.54547
  0
LINE
  8
0
 10
5.79927
 20
-2.54547
 11
5.80159
 21
-2.54301
  0
LINE
  8
0
 10
5.80159
 20
-2.54301
 11
5.804
 21
-2.54065
  0
LINE
  8
0
 10
5.804
 20
-2.54065
 11
5.80652
 21
-2.53839
  0
LINE
  8
0
 10
5.80652
 20
-2.53839
 11
5.80911
 21
-2.53622
  0
LINE
  8
0
 10
5.80911
 20
-2.53622
 11
5.81181
 21
-2.53418
  0
LINE
  8
0
 10
5.81181
 20
-2.53418
 11
5.81459
 21
-2.53226
  0
LINE
  8
0
 10
5.81459
 20
-2.53226
 11
5.81744
 21
-2.53044
  0
LINE
  8
0
 10
5.81744
 20
-2.53044
 11
5.82037
 21
-2.52875
  0
LINE
  8
0
 10
5.82037
 20
-2.52875
 11
5.82336
 21
-2.52719
  0
LINE
  8
0
 10
5.82336
 20
-2.52719
 11
5.82642
 21
-2.52576
  0
LINE
  8
0
 10
5.82642
 20
-2.52576
 11
5.82954
 21
-2.52444
  0
LINE
  8
0
 10
5.82954
 20
-2.52444
 11
5.8327
 21
-2.52325
  0
LINE
  8
0
 10
5.8327
 20
-2.52325
 11
5.83592
 21
-2.52222
  0
LINE
  8
0
 10
5.83592
 20
-2.52222
 11
5.83917
 21
-2.5213
  0
LINE
  8
0
 10
5.83917
 20
-2.5213
 11
5.84247
 21
-2.52054
  0
LINE
  8
0
 10
5.84247
 20
-2.52054
 11
5.84579
 21
-2.5199
  0
LINE
  8
0
 10
5.84579
 20
-2.5199
 11
5.84914
 21
-2.51941
  0
LINE
  8
0
 10
5.84914
 20
-2.51941
 11
5.85249
 21
-2.51906
  0
LINE
  8
0
 10
5.85249
 20
-2.51906
 11
5.85587
 21
-2.51884
  0
LINE
  8
0
 10
5.85587
 20
-2.51884
 11
5.85925
 21
-2.51877
  0
LINE
  8
0
 10
5.85925
 20
-2.51877
 11
5.86263
 21
-2.51884
  0
LINE
  8
0
 10
5.86263
 20
-2.51884
 11
5.866
 21
-2.51906
  0
LINE
  8
0
 10
5.866
 20
-2.51906
 11
5.86937
 21
-2.51941
  0
LINE
  8
0
 10
5.86937
 20
-2.51941
 11
5.87271
 21
-2.5199
  0
LINE
  8
0
 10
5.87271
 20
-2.5199
 11
5.87602
 21
-2.52054
  0
LINE
  8
0
 10
5.87602
 20
-2.52054
 11
5.87932
 21
-2.5213
  0
LINE
  8
0
 10
5.87932
 20
-2.5213
 11
5.88257
 21
-2.52222
  0
LINE
  8
0
 10
5.88257
 20
-2.52222
 11
5.88579
 21
-2.52325
  0
LINE
  8
0
 10
5.88579
 20
-2.52325
 11
5.88896
 21
-2.52444
  0
LINE
  8
0
 10
5.88896
 20
-2.52444
 11
5.89207
 21
-2.52576
  0
LINE
  8
0
 10
5.89207
 20
-2.52576
 11
5.89514
 21
-2.52719
  0
LINE
  8
0
 10
5.89514
 20
-2.52719
 11
5.89813
 21
-2.52875
  0
LINE
  8
0
 10
5.89813
 20
-2.52875
 11
5.90106
 21
-2.53044
  0
LINE
  8
0
 10
5.90106
 20
-2.53044
 11
5.90392
 21
-2.53226
  0
LINE
  8
0
 10
5.90392
 20
-2.53226
 11
5.90669
 21
-2.53418
  0
LINE
  8
0
 10
5.90669
 20
-2.53418
 11
5.90938
 21
-2.53622
  0
LINE
  8
0
 10
5.90938
 20
-2.53622
 11
5.91199
 21
-2.53839
  0
LINE
  8
0
 10
5.91199
 20
-2.53839
 11
5.91449
 21
-2.54065
  0
LINE
  8
0
 10
5.91449
 20
-2.54065
 11
5.91692
 21
-2.54301
  0
LINE
  8
0
 10
5.91692
 20
-2.54301
 11
5.91922
 21
-2.54547
  0
LINE
  8
0
 10
5.91922
 20
-2.54547
 11
5.92143
 21
-2.54803
  0
LINE
  8
0
 10
5.92143
 20
-2.54803
 11
5.92354
 21
-2.55069
  0
LINE
  8
0
 10
5.92354
 20
-2.55069
 11
5.92552
 21
-2.55342
  0
LINE
  8
0
 10
5.92552
 20
-2.55342
 11
5.9274
 21
-2.55623
  0
LINE
  8
0
 10
5.9274
 20
-2.55623
 11
5.92914
 21
-2.55913
  0
LINE
  8
0
 10
5.92914
 20
-2.55913
 11
5.93077
 21
-2.56209
  0
LINE
  8
0
 10
5.93077
 20
-2.56209
 11
5.93228
 21
-2.56511
  0
LINE
  8
0
 10
5.93228
 20
-2.56511
 11
5.93365
 21
-2.56821
  0
LINE
  8
0
 10
5.93365
 20
-2.56821
 11
5.93489
 21
-2.57135
  0
LINE
  8
0
 10
5.93489
 20
-2.57135
 11
5.936
 21
-2.57454
  0
LINE
  8
0
 10
5.936
 20
-2.57454
 11
5.93698
 21
-2.57777
  0
LINE
  8
0
 10
5.93698
 20
-2.57777
 11
5.93782
 21
-2.58105
  0
LINE
  8
0
 10
5.93782
 20
-2.58105
 11
5.93852
 21
-2.58435
  0
LINE
  8
0
 10
5.93852
 20
-2.58435
 11
5.93909
 21
-2.58769
  0
LINE
  8
0
 10
5.93909
 20
-2.58769
 11
5.93951
 21
-2.59105
  0
LINE
  8
0
 10
5.93951
 20
-2.59105
 11
5.9398
 21
-2.59441
  0
LINE
  8
0
 10
5.9398
 20
-2.59441
 11
5.93994
 21
-2.59779
  0
LINE
  8
0
 10
5.93994
 20
-2.59779
 11
5.93994
 21
-2.60117
  0
LINE
  8
0
 10
5.93994
 20
-2.60117
 11
5.9398
 21
-2.60455
  0
LINE
  8
0
 10
5.9398
 20
-2.60455
 11
5.93951
 21
-2.60791
  0
LINE
  8
0
 10
5.93951
 20
-2.60791
 11
5.93909
 21
-2.61127
  0
LINE
  8
0
 10
5.93909
 20
-2.61127
 11
5.93852
 21
-2.61461
  0
LINE
  8
0
 10
5.93852
 20
-2.61461
 11
5.93782
 21
-2.6179
  0
LINE
  8
0
 10
5.93782
 20
-2.6179
 11
5.93698
 21
-2.62119
  0
LINE
  8
0
 10
5.93698
 20
-2.62119
 11
5.936
 21
-2.62442
  0
LINE
  8
0
 10
5.936
 20
-2.62442
 11
5.93489
 21
-2.62761
  0
LINE
  8
0
 10
5.93489
 20
-2.62761
 11
5.93365
 21
-2.63075
  0
LINE
  8
0
 10
5.93365
 20
-2.63075
 11
5.93228
 21
-2.63385
  0
LINE
  8
0
 10
5.93228
 20
-2.63385
 11
5.93077
 21
-2.63687
  0
LINE
  8
0
 10
5.93077
 20
-2.63687
 11
5.92914
 21
-2.63983
  0
LINE
  8
0
 10
5.92914
 20
-2.63983
 11
5.9274
 21
-2.64273
  0
LINE
  8
0
 10
5.9274
 20
-2.64273
 11
5.92552
 21
-2.64554
  0
LINE
  8
0
 10
5.92552
 20
-2.64554
 11
5.92354
 21
-2.64827
  0
LINE
  8
0
 10
5.92354
 20
-2.64827
 11
5.92143
 21
-2.65092
  0
LINE
  8
0
 10
5.92143
 20
-2.65092
 11
5.91922
 21
-2.65349
  0
LINE
  8
0
 10
5.91922
 20
-2.65349
 11
5.91692
 21
-2.65594
  0
LINE
  8
0
 10
5.91692
 20
-2.65594
 11
5.91449
 21
-2.65831
  0
LINE
  8
0
 10
5.91449
 20
-2.65831
 11
5.91199
 21
-2.66058
  0
LINE
  8
0
 10
5.91199
 20
-2.66058
 11
5.90938
 21
-2.66273
  0
LINE
  8
0
 10
5.90938
 20
-2.66273
 11
5.90669
 21
-2.66478
  0
LINE
  8
0
 10
5.90669
 20
-2.66478
 11
5.90392
 21
-2.6667
  0
LINE
  8
0
 10
5.90392
 20
-2.6667
 11
5.90106
 21
-2.66852
  0
LINE
  8
0
 10
5.90106
 20
-2.66852
 11
5.89813
 21
-2.67021
  0
LINE
  8
0
 10
5.89813
 20
-2.67021
 11
5.89514
 21
-2.67177
  0
LINE
  8
0
 10
5.89514
 20
-2.67177
 11
5.89207
 21
-2.67322
  0
LINE
  8
0
 10
5.89207
 20
-2.67322
 11
5.88896
 21
-2.67451
  0
LINE
  8
0
 10
5.88896
 20
-2.67451
 11
5.88579
 21
-2.6757
  0
LINE
  8
0
 10
5.88579
 20
-2.6757
 11
5.88257
 21
-2.67674
  0
LINE
  8
0
 10
5.88257
 20
-2.67674
 11
5.87932
 21
-2.67766
  0
LINE
  8
0
 10
5.87932
 20
-2.67766
 11
5.87602
 21
-2.67842
  0
LINE
  8
0
 10
5.87602
 20
-2.67842
 11
5.87271
 21
-2.67906
  0
LINE
  8
0
 10
5.87271
 20
-2.67906
 11
5.86937
 21
-2.67955
  0
LINE
  8
0
 10
5.86937
 20
-2.67955
 11
5.866
 21
-2.6799
  0
LINE
  8
0
 10
5.866
 20
-2.6799
 11
5.86263
 21
-2.68011
  0
LINE
  8
0
 10
5.86263
 20
-2.68011
 11
5.85925
 21
-2.68019
  0
LINE
  8
0
 10
5.85925
 20
-2.68019
 11
5.85587
 21
-2.68011
  0
LINE
  8
0
 10
-5.45456
 20
-2.9761
 11
-5.45744
 21
-2.97594
  0
LINE
  8
0
 10
-5.45744
 20
-2.97594
 11
-5.46031
 21
-2.97563
  0
LINE
  8
0
 10
-5.46031
 20
-2.97563
 11
-5.46317
 21
-2.9752
  0
LINE
  8
0
 10
-5.46317
 20
-2.9752
 11
-5.466
 21
-2.97467
  0
LINE
  8
0
 10
-5.466
 20
-2.97467
 11
-5.46881
 21
-2.97401
  0
LINE
  8
0
 10
-5.46881
 20
-2.97401
 11
-5.47159
 21
-2.97324
  0
LINE
  8
0
 10
-5.47159
 20
-2.97324
 11
-5.47433
 21
-2.97234
  0
LINE
  8
0
 10
-5.47433
 20
-2.97234
 11
-5.47704
 21
-2.97133
  0
LINE
  8
0
 10
-5.47704
 20
-2.97133
 11
-5.47971
 21
-2.97021
  0
LINE
  8
0
 10
-5.47971
 20
-2.97021
 11
-5.48232
 21
-2.96899
  0
LINE
  8
0
 10
-5.48232
 20
-2.96899
 11
-5.48486
 21
-2.96765
  0
LINE
  8
0
 10
-5.48486
 20
-2.96765
 11
-5.48737
 21
-2.9662
  0
LINE
  8
0
 10
-5.48737
 20
-2.9662
 11
-5.48981
 21
-2.96466
  0
LINE
  8
0
 10
-5.48981
 20
-2.96466
 11
-5.49217
 21
-2.96301
  0
LINE
  8
0
 10
-5.49217
 20
-2.96301
 11
-5.49448
 21
-2.96127
  0
LINE
  8
0
 10
-5.49448
 20
-2.96127
 11
-5.4967
 21
-2.95943
  0
LINE
  8
0
 10
-5.4967
 20
-2.95943
 11
-5.49884
 21
-2.9575
  0
LINE
  8
0
 10
-5.49884
 20
-2.9575
 11
-5.5009
 21
-2.95547
  0
LINE
  8
0
 10
-5.5009
 20
-2.95547
 11
-5.50288
 21
-2.95337
  0
LINE
  8
0
 10
-5.50288
 20
-2.95337
 11
-5.50476
 21
-2.95119
  0
LINE
  8
0
 10
-5.50476
 20
-2.95119
 11
-5.50656
 21
-2.94893
  0
LINE
  8
0
 10
-5.50656
 20
-2.94893
 11
-5.50826
 21
-2.94659
  0
LINE
  8
0
 10
-5.50826
 20
-2.94659
 11
-5.50986
 21
-2.9442
  0
LINE
  8
0
 10
-5.50986
 20
-2.9442
 11
-5.51134
 21
-2.94173
  0
LINE
  8
0
 10
-5.51134
 20
-2.94173
 11
-5.51274
 21
-2.93919
  0
LINE
  8
0
 10
-5.51274
 20
-2.93919
 11
-5.51402
 21
-2.93661
  0
LINE
  8
0
 10
-5.51402
 20
-2.93661
 11
-5.5152
 21
-2.93398
  0
LINE
  8
0
 10
-5.5152
 20
-2.93398
 11
-5.51625
 21
-2.93129
  0
LINE
  8
0
 10
-5.51625
 20
-2.93129
 11
-5.5172
 21
-2.92856
  0
LINE
  8
0
 10
-5.5172
 20
-2.92856
 11
-5.51804
 21
-2.9258
  0
LINE
  8
0
 10
-5.51804
 20
-2.9258
 11
-5.51875
 21
-2.923
  0
LINE
  8
0
 10
-5.51875
 20
-2.923
 11
-5.51935
 21
-2.92018
  0
LINE
  8
0
 10
-5.51935
 20
-2.92018
 11
-5.51984
 21
-2.91734
  0
LINE
  8
0
 10
-5.51984
 20
-2.91734
 11
-5.5202
 21
-2.91447
  0
LINE
  8
0
 10
-5.5202
 20
-2.91447
 11
-5.52045
 21
-2.91161
  0
LINE
  8
0
 10
-5.52045
 20
-2.91161
 11
-5.52055
 21
-2.90872
  0
LINE
  8
0
 10
-5.52055
 20
-2.90872
 11
-5.52055
 21
-2.90584
  0
LINE
  8
0
 10
-5.52055
 20
-2.90584
 11
-5.52045
 21
-2.90295
  0
LINE
  8
0
 10
-5.52045
 20
-2.90295
 11
-5.5202
 21
-2.90007
  0
LINE
  8
0
 10
-5.5202
 20
-2.90007
 11
-5.51984
 21
-2.89722
  0
LINE
  8
0
 10
-5.51984
 20
-2.89722
 11
-5.51935
 21
-2.89436
  0
LINE
  8
0
 10
-5.51935
 20
-2.89436
 11
-5.51875
 21
-2.89154
  0
LINE
  8
0
 10
-5.51875
 20
-2.89154
 11
-5.51804
 21
-2.88875
  0
LINE
  8
0
 10
-5.51804
 20
-2.88875
 11
-5.5172
 21
-2.88599
  0
LINE
  8
0
 10
-5.5172
 20
-2.88599
 11
-5.51625
 21
-2.88326
  0
LINE
  8
0
 10
-5.51625
 20
-2.88326
 11
-5.5152
 21
-2.88057
  0
LINE
  8
0
 10
-5.5152
 20
-2.88057
 11
-5.51402
 21
-2.87794
  0
LINE
  8
0
 10
-5.51402
 20
-2.87794
 11
-5.51274
 21
-2.87535
  0
LINE
  8
0
 10
-5.51274
 20
-2.87535
 11
-5.51134
 21
-2.87283
  0
LINE
  8
0
 10
-5.51134
 20
-2.87283
 11
-5.50986
 21
-2.87036
  0
LINE
  8
0
 10
-5.50986
 20
-2.87036
 11
-5.50826
 21
-2.86795
  0
LINE
  8
0
 10
-5.50826
 20
-2.86795
 11
-5.50656
 21
-2.86562
  0
LINE
  8
0
 10
-5.50656
 20
-2.86562
 11
-5.50476
 21
-2.86336
  0
LINE
  8
0
 10
-5.50476
 20
-2.86336
 11
-5.50288
 21
-2.86118
  0
LINE
  8
0
 10
-5.50288
 20
-2.86118
 11
-5.5009
 21
-2.85907
  0
LINE
  8
0
 10
-5.5009
 20
-2.85907
 11
-5.49884
 21
-2.85706
  0
LINE
  8
0
 10
-5.49884
 20
-2.85706
 11
-5.4967
 21
-2.85512
  0
LINE
  8
0
 10
-5.4967
 20
-2.85512
 11
-5.49448
 21
-2.85329
  0
LINE
  8
0
 10
-5.49448
 20
-2.85329
 11
-5.49217
 21
-2.85153
  0
LINE
  8
0
 10
-5.49217
 20
-2.85153
 11
-5.48981
 21
-2.84988
  0
LINE
  8
0
 10
-5.48981
 20
-2.84988
 11
-5.48737
 21
-2.84834
  0
LINE
  8
0
 10
-5.48737
 20
-2.84834
 11
-5.48486
 21
-2.84689
  0
LINE
  8
0
 10
-5.48486
 20
-2.84689
 11
-5.48232
 21
-2.84557
  0
LINE
  8
0
 10
-5.48232
 20
-2.84557
 11
-5.47971
 21
-2.84433
  0
LINE
  8
0
 10
-5.47971
 20
-2.84433
 11
-5.47704
 21
-2.84322
  0
LINE
  8
0
 10
-5.47704
 20
-2.84322
 11
-5.47433
 21
-2.84221
  0
LINE
  8
0
 10
-5.47433
 20
-2.84221
 11
-5.47159
 21
-2.84132
  0
LINE
  8
0
 10
-5.47159
 20
-2.84132
 11
-5.46881
 21
-2.84055
  0
LINE
  8
0
 10
-5.46881
 20
-2.84055
 11
-5.466
 21
-2.83989
  0
LINE
  8
0
 10
-5.466
 20
-2.83989
 11
-5.46317
 21
-2.83934
  0
LINE
  8
0
 10
-5.46317
 20
-2.83934
 11
-5.46031
 21
-2.83893
  0
LINE
  8
0
 10
-5.46031
 20
-2.83893
 11
-5.45744
 21
-2.83862
  0
LINE
  8
0
 10
-5.45744
 20
-2.83862
 11
-5.45456
 21
-2.83844
  0
LINE
  8
0
 10
-5.45456
 20
-2.83844
 11
-5.45168
 21
-2.83838
  0
LINE
  8
0
 10
-5.45168
 20
-2.83838
 11
-5.44879
 21
-2.83844
  0
LINE
  8
0
 10
-5.44879
 20
-2.83844
 11
-5.44591
 21
-2.83862
  0
LINE
  8
0
 10
-5.44591
 20
-2.83862
 11
-5.44304
 21
-2.83893
  0
LINE
  8
0
 10
-5.44304
 20
-2.83893
 11
-5.44019
 21
-2.83934
  0
LINE
  8
0
 10
-5.44019
 20
-2.83934
 11
-5.43735
 21
-2.83989
  0
LINE
  8
0
 10
-5.43735
 20
-2.83989
 11
-5.43454
 21
-2.84055
  0
LINE
  8
0
 10
-5.43454
 20
-2.84055
 11
-5.43176
 21
-2.84132
  0
LINE
  8
0
 10
-5.43176
 20
-2.84132
 11
-5.42902
 21
-2.84221
  0
LINE
  8
0
 10
-5.42902
 20
-2.84221
 11
-5.42632
 21
-2.84322
  0
LINE
  8
0
 10
-5.42632
 20
-2.84322
 11
-5.42366
 21
-2.84433
  0
LINE
  8
0
 10
-5.42366
 20
-2.84433
 11
-5.42104
 21
-2.84557
  0
LINE
  8
0
 10
-5.42104
 20
-2.84557
 11
-5.41849
 21
-2.84689
  0
LINE
  8
0
 10
-5.41849
 20
-2.84689
 11
-5.41599
 21
-2.84834
  0
LINE
  8
0
 10
-5.41599
 20
-2.84834
 11
-5.41354
 21
-2.84988
  0
LINE
  8
0
 10
-5.41354
 20
-2.84988
 11
-5.41118
 21
-2.85153
  0
LINE
  8
0
 10
-5.41118
 20
-2.85153
 11
-5.40887
 21
-2.85329
  0
LINE
  8
0
 10
-5.40887
 20
-2.85329
 11
-5.40666
 21
-2.85512
  0
LINE
  8
0
 10
-5.40666
 20
-2.85512
 11
-5.40451
 21
-2.85706
  0
LINE
  8
0
 10
-5.40451
 20
-2.85706
 11
-5.40245
 21
-2.85907
  0
LINE
  8
0
 10
-5.40245
 20
-2.85907
 11
-5.40048
 21
-2.86118
  0
LINE
  8
0
 10
-5.40048
 20
-2.86118
 11
-5.39859
 21
-2.86336
  0
LINE
  8
0
 10
-5.39859
 20
-2.86336
 11
-5.3968
 21
-2.86562
  0
LINE
  8
0
 10
-5.3968
 20
-2.86562
 11
-5.3951
 21
-2.86795
  0
LINE
  8
0
 10
-5.3951
 20
-2.86795
 11
-5.39351
 21
-2.87036
  0
LINE
  8
0
 10
-5.39351
 20
-2.87036
 11
-5.39201
 21
-2.87283
  0
LINE
  8
0
 10
-5.39201
 20
-2.87283
 11
-5.39062
 21
-2.87535
  0
LINE
  8
0
 10
-5.39062
 20
-2.87535
 11
-5.38934
 21
-2.87794
  0
LINE
  8
0
 10
-5.38934
 20
-2.87794
 11
-5.38817
 21
-2.88057
  0
LINE
  8
0
 10
-5.38817
 20
-2.88057
 11
-5.3871
 21
-2.88326
  0
LINE
  8
0
 10
-5.3871
 20
-2.88326
 11
-5.38615
 21
-2.88599
  0
LINE
  8
0
 10
-5.38615
 20
-2.88599
 11
-5.38531
 21
-2.88875
  0
LINE
  8
0
 10
-5.38531
 20
-2.88875
 11
-5.3846
 21
-2.89154
  0
LINE
  8
0
 10
-5.3846
 20
-2.89154
 11
-5.384
 21
-2.89436
  0
LINE
  8
0
 10
-5.384
 20
-2.89436
 11
-5.38351
 21
-2.89722
  0
LINE
  8
0
 10
-5.38351
 20
-2.89722
 11
-5.38316
 21
-2.90007
  0
LINE
  8
0
 10
-5.38316
 20
-2.90007
 11
-5.38292
 21
-2.90295
  0
LINE
  8
0
 10
-5.38292
 20
-2.90295
 11
-5.3828
 21
-2.90584
  0
LINE
  8
0
 10
-5.3828
 20
-2.90584
 11
-5.3828
 21
-2.90872
  0
LINE
  8
0
 10
-5.3828
 20
-2.90872
 11
-5.38292
 21
-2.91161
  0
LINE
  8
0
 10
-5.38292
 20
-2.91161
 11
-5.38316
 21
-2.91447
  0
LINE
  8
0
 10
-5.38316
 20
-2.91447
 11
-5.38351
 21
-2.91734
  0
LINE
  8
0
 10
-5.38351
 20
-2.91734
 11
-5.384
 21
-2.92018
  0
LINE
  8
0
 10
-5.384
 20
-2.92018
 11
-5.3846
 21
-2.923
  0
LINE
  8
0
 10
-5.3846
 20
-2.923
 11
-5.38531
 21
-2.9258
  0
LINE
  8
0
 10
-5.38531
 20
-2.9258
 11
-5.38615
 21
-2.92856
  0
LINE
  8
0
 10
-5.38615
 20
-2.92856
 11
-5.3871
 21
-2.93129
  0
LINE
  8
0
 10
-5.3871
 20
-2.93129
 11
-5.38817
 21
-2.93398
  0
LINE
  8
0
 10
-5.38817
 20
-2.93398
 11
-5.38934
 21
-2.93661
  0
LINE
  8
0
 10
-5.38934
 20
-2.93661
 11
-5.39062
 21
-2.93919
  0
LINE
  8
0
 10
-5.39062
 20
-2.93919
 11
-5.39201
 21
-2.94173
  0
LINE
  8
0
 10
-5.39201
 20
-2.94173
 11
-5.39351
 21
-2.9442
  0
LINE
  8
0
 10
-5.39351
 20
-2.9442
 11
-5.3951
 21
-2.94659
  0
LINE
  8
0
 10
-5.3951
 20
-2.94659
 11
-5.3968
 21
-2.94893
  0
LINE
  8
0
 10
-5.3968
 20
-2.94893
 11
-5.39859
 21
-2.95119
  0
LINE
  8
0
 10
-5.39859
 20
-2.95119
 11
-5.40048
 21
-2.95337
  0
LINE
  8
0
 10
-5.40048
 20
-2.95337
 11
-5.40245
 21
-2.95547
  0
LINE
  8
0
 10
-5.40245
 20
-2.95547
 11
-5.40451
 21
-2.9575
  0
LINE
  8
0
 10
-5.40451
 20
-2.9575
 11
-5.40666
 21
-2.95943
  0
LINE
  8
0
 10
-5.40666
 20
-2.95943
 11
-5.40887
 21
-2.96127
  0
LINE
  8
0
 10
-5.40887
 20
-2.96127
 11
-5.41118
 21
-2.96301
  0
LINE
  8
0
 10
-5.41118
 20
-2.96301
 11
-5.41354
 21
-2.96466
  0
LINE
  8
0
 10
-5.41354
 20
-2.96466
 11
-5.41599
 21
-2.9662
  0
LINE
  8
0
 10
-5.41599
 20
-2.9662
 11
-5.41849
 21
-2.96765
  0
LINE
  8
0
 10
-5.41849
 20
-2.96765
 11
-5.42104
 21
-2.96899
  0
LINE
  8
0
 10
-5.42104
 20
-2.96899
 11
-5.42366
 21
-2.97021
  0
LINE
  8
0
 10
-5.42366
 20
-2.97021
 11
-5.42632
 21
-2.97133
  0
LINE
  8
0
 10
-5.42632
 20
-2.97133
 11
-5.42902
 21
-2.97234
  0
LINE
  8
0
 10
-5.42902
 20
-2.97234
 11
-5.43176
 21
-2.97324
  0
LINE
  8
0
 10
-5.43176
 20
-2.97324
 11
-5.43454
 21
-2.97401
  0
LINE
  8
0
 10
-5.43454
 20
-2.97401
 11
-5.43735
 21
-2.97467
  0
LINE
  8
0
 10
-5.43735
 20
-2.97467
 11
-5.44019
 21
-2.9752
  0
LINE
  8
0
 10
-5.44019
 20
-2.9752
 11
-5.44304
 21
-2.97563
  0
LINE
  8
0
 10
-5.44304
 20
-2.97563
 11
-5.44591
 21
-2.97594
  0
LINE
  8
0
 10
-5.44591
 20
-2.97594
 11
-5.44879
 21
-2.9761
  0
LINE
  8
0
 10
-5.44879
 20
-2.9761
 11
-5.45168
 21
-2.97617
  0
LINE
  8
0
 10
-5.45168
 20
-2.97617
 11
-5.45456
 21
-2.9761
  0
LINE
  8
0
 10
0.409424
 20
-2.9761
 11
0.40654
 21
-2.97594
  0
LINE
  8
0
 10
0.40654
 20
-2.97594
 11
0.403671
 21
-2.97563
  0
LINE
  8
0
 10
0.403671
 20
-2.97563
 11
0.400818
 21
-2.9752
  0
LINE
  8
0
 10
0.400818
 20
-2.9752
 11
0.39798
 21
-2.97467
  0
LINE
  8
0
 10
0.39798
 20
-2.97467
 11
0.395172
 21
-2.97401
  0
LINE
  8
0
 10
0.395172
 20
-2.97401
 11
0.392395
 21
-2.97324
  0
LINE
  8
0
 10
0.392395
 20
-2.97324
 11
0.389648
 21
-2.97234
  0
LINE
  8
0
 10
0.389648
 20
-2.97234
 11
0.386948
 21
-2.97133
  0
LINE
  8
0
 10
0.386948
 20
-2.97133
 11
0.384277
 21
-2.97021
  0
LINE
  8
0
 10
0.384277
 20
-2.97021
 11
0.381668
 21
-2.96899
  0
LINE
  8
0
 10
0.381668
 20
-2.96899
 11
0.37912
 21
-2.96765
  0
LINE
  8
0
 10
0.37912
 20
-2.96765
 11
0.376617
 21
-2.9662
  0
LINE
  8
0
 10
0.376617
 20
-2.9662
 11
0.374176
 21
-2.96466
  0
LINE
  8
0
 10
0.374176
 20
-2.96466
 11
0.371811
 21
-2.96301
  0
LINE
  8
0
 10
0.371811
 20
-2.96301
 11
0.369507
 21
-2.96127
  0
LINE
  8
0
 10
0.369507
 20
-2.96127
 11
0.367294
 21
-2.95943
  0
LINE
  8
0
 10
0.367294
 20
-2.95943
 11
0.365143
 21
-2.9575
  0
LINE
  8
0
 10
0.365143
 20
-2.9575
 11
0.363083
 21
-2.95547
  0
LINE
  8
0
 10
0.363083
 20
-2.95547
 11
0.361099
 21
-2.95337
  0
LINE
  8
0
 10
0.361099
 20
-2.95337
 11
0.359222
 21
-2.95119
  0
LINE
  8
0
 10
0.359222
 20
-2.95119
 11
0.357422
 21
-2.94893
  0
LINE
  8
0
 10
0.357422
 20
-2.94893
 11
0.355728
 21
-2.94659
  0
LINE
  8
0
 10
0.355728
 20
-2.94659
 11
0.354141
 21
-2.9442
  0
LINE
  8
0
 10
0.354141
 20
-2.9442
 11
0.352646
 21
-2.94173
  0
LINE
  8
0
 10
0.352646
 20
-2.94173
 11
0.351257
 21
-2.93919
  0
LINE
  8
0
 10
0.351257
 20
-2.93919
 11
0.34996
 21
-2.93661
  0
LINE
  8
0
 10
0.34996
 20
-2.93661
 11
0.348801
 21
-2.93398
  0
LINE
  8
0
 10
0.348801
 20
-2.93398
 11
0.347733
 21
-2.93129
  0
LINE
  8
0
 10
0.347733
 20
-2.93129
 11
0.346786
 21
-2.92856
  0
LINE
  8
0
 10
0.346786
 20
-2.92856
 11
0.345947
 21
-2.9258
  0
LINE
  8
0
 10
0.345947
 20
-2.9258
 11
0.34523
 21
-2.923
  0
LINE
  8
0
 10
0.34523
 20
-2.923
 11
0.344635
 21
-2.92018
  0
LINE
  8
0
 10
0.344635
 20
-2.92018
 11
0.344147
 21
-2.91734
  0
LINE
  8
0
 10
0.344147
 20
-2.91734
 11
0.343781
 21
-2.91447
  0
LINE
  8
0
 10
0.343781
 20
-2.91447
 11
0.343552
 21
-2.91161
  0
LINE
  8
0
 10
0.343552
 20
-2.91161
 11
0.34343
 21
-2.90872
  0
LINE
  8
0
 10
0.34343
 20
-2.90872
 11
0.34343
 21
-2.90584
  0
LINE
  8
0
 10
0.34343
 20
-2.90584
 11
0.343552
 21
-2.90295
  0
LINE
  8
0
 10
0.343552
 20
-2.90295
 11
0.343781
 21
-2.90007
  0
LINE
  8
0
 10
0.343781
 20
-2.90007
 11
0.344147
 21
-2.89722
  0
LINE
  8
0
 10
0.344147
 20
-2.89722
 11
0.344635
 21
-2.89436
  0
LINE
  8
0
 10
0.344635
 20
-2.89436
 11
0.34523
 21
-2.89154
  0
LINE
  8
0
 10
0.34523
 20
-2.89154
 11
0.345947
 21
-2.88875
  0
LINE
  8
0
 10
0.345947
 20
-2.88875
 11
0.346786
 21
-2.88599
  0
LINE
  8
0
 10
0.346786
 20
-2.88599
 11
0.347733
 21
-2.88326
  0
LINE
  8
0
 10
0.347733
 20
-2.88326
 11
0.348801
 21
-2.88057
  0
LINE
  8
0
 10
0.348801
 20
-2.88057
 11
0.34996
 21
-2.87794
  0
LINE
  8
0
 10
0.34996
 20
-2.87794
 11
0.351257
 21
-2.87535
  0
LINE
  8
0
 10
0.351257
 20
-2.87535
 11
0.352646
 21
-2.87283
  0
LINE
  8
0
 10
0.352646
 20
-2.87283
 11
0.354141
 21
-2.87036
  0
LINE
  8
0
 10
0.354141
 20
-2.87036
 11
0.355728
 21
-2.86795
  0
LINE
  8
0
 10
0.355728
 20
-2.86795
 11
0.357422
 21
-2.86562
  0
LINE
  8
0
 10
0.357422
 20
-2.86562
 11
0.359222
 21
-2.86336
  0
LINE
  8
0
 10
0.359222
 20
-2.86336
 11
0.361099
 21
-2.86118
  0
LINE
  8
0
 10
0.361099
 20
-2.86118
 11
0.363083
 21
-2.85907
  0
LINE
  8
0
 10
0.363083
 20
-2.85907
 11
0.365143
 21
-2.85706
  0
LINE
  8
0
 10
0.365143
 20
-2.85706
 11
0.367294
 21
-2.85512
  0
LINE
  8
0
 10
0.367294
 20
-2.85512
 11
0.369507
 21
-2.85329
  0
LINE
  8
0
 10
0.369507
 20
-2.85329
 11
0.371811
 21
-2.85153
  0
LINE
  8
0
 10
0.371811
 20
-2.85153
 11
0.374176
 21
-2.84988
  0
LINE
  8
0
 10
0.374176
 20
-2.84988
 11
0.376617
 21
-2.84834
  0
LINE
  8
0
 10
0.376617
 20
-2.84834
 11
0.37912
 21
-2.84689
  0
LINE
  8
0
 10
0.37912
 20
-2.84689
 11
0.381668
 21
-2.84557
  0
LINE
  8
0
 10
0.381668
 20
-2.84557
 11
0.384277
 21
-2.84433
  0
LINE
  8
0
 10
0.384277
 20
-2.84433
 11
0.386948
 21
-2.84322
  0
LINE
  8
0
 10
0.386948
 20
-2.84322
 11
0.389648
 21
-2.84221
  0
LINE
  8
0
 10
0.389648
 20
-2.84221
 11
0.392395
 21
-2.84132
  0
LINE
  8
0
 10
0.392395
 20
-2.84132
 11
0.395172
 21
-2.84055
  0
LINE
  8
0
 10
0.395172
 20
-2.84055
 11
0.39798
 21
-2.83989
  0
LINE
  8
0
 10
0.39798
 20
-2.83989
 11
0.400818
 21
-2.83934
  0
LINE
  8
0
 10
0.400818
 20
-2.83934
 11
0.403671
 21
-2.83893
  0
LINE
  8
0
 10
0.403671
 20
-2.83893
 11
0.40654
 21
-2.83862
  0
LINE
  8
0
 10
0.40654
 20
-2.83862
 11
0.409424
 21
-2.83844
  0
LINE
  8
0
 10
0.409424
 20
-2.83844
 11
0.412308
 21
-2.83838
  0
LINE
  8
0
 10
0.412308
 20
-2.83838
 11
0.415192
 21
-2.83844
  0
LINE
  8
0
 10
0.415192
 20
-2.83844
 11
0.418076
 21
-2.83862
  0
LINE
  8
0
 10
0.418076
 20
-2.83862
 11
0.420944
 21
-2.83893
  0
LINE
  8
0
 10
0.420944
 20
-2.83893
 11
0.423798
 21
-2.83934
  0
LINE
  8
0
 10
0.423798
 20
-2.83934
 11
0.426636
 21
-2.83989
  0
LINE
  8
0
 10
0.426636
 20
-2.83989
 11
0.429443
 21
-2.84055
  0
LINE
  8
0
 10
0.429443
 20
-2.84055
 11
0.43222
 21
-2.84132
  0
LINE
  8
0
 10
0.43222
 20
-2.84132
 11
0.434967
 21
-2.84221
  0
LINE
  8
0
 10
0.434967
 20
-2.84221
 11
0.437668
 21
-2.84322
  0
LINE
  8
0
 10
0.437668
 20
-2.84322
 11
0.440338
 21
-2.84433
  0
LINE
  8
0
 10
0.440338
 20
-2.84433
 11
0.442947
 21
-2.84557
  0
LINE
  8
0
 10
0.442947
 20
-2.84557
 11
0.445496
 21
-2.84689
  0
LINE
  8
0
 10
0.445496
 20
-2.84689
 11
0.447998
 21
-2.84834
  0
LINE
  8
0
 10
0.447998
 20
-2.84834
 11
0.450439
 21
-2.84988
  0
LINE
  8
0
 10
0.450439
 20
-2.84988
 11
0.452805
 21
-2.85153
  0
LINE
  8
0
 10
0.452805
 20
-2.85153
 11
0.455109
 21
-2.85329
  0
LINE
  8
0
 10
0.455109
 20
-2.85329
 11
0.457321
 21
-2.85512
  0
LINE
  8
0
 10
0.457321
 20
-2.85512
 11
0.459473
 21
-2.85706
  0
LINE
  8
0
 10
0.459473
 20
-2.85706
 11
0.461533
 21
-2.85907
  0
LINE
  8
0
 10
0.461533
 20
-2.85907
 11
0.463501
 21
-2.86118
  0
LINE
  8
0
 10
0.463501
 20
-2.86118
 11
0.465393
 21
-2.86336
  0
LINE
  8
0
 10
0.465393
 20
-2.86336
 11
0.467194
 21
-2.86562
  0
LINE
  8
0
 10
0.467194
 20
-2.86562
 11
0.468887
 21
-2.86795
  0
LINE
  8
0
 10
0.468887
 20
-2.86795
 11
0.470474
 21
-2.87036
  0
LINE
  8
0
 10
0.470474
 20
-2.87036
 11
0.47197
 21
-2.87283
  0
LINE
  8
0
 10
0.47197
 20
-2.87283
 11
0.473358
 21
-2.87535
  0
LINE
  8
0
 10
0.473358
 20
-2.87535
 11
0.474655
 21
-2.87794
  0
LINE
  8
0
 10
0.474655
 20
-2.87794
 11
0.475815
 21
-2.88057
  0
LINE
  8
0
 10
0.475815
 20
-2.88057
 11
0.476883
 21
-2.88326
  0
LINE
  8
0
 10
0.476883
 20
-2.88326
 11
0.477829
 21
-2.88599
  0
LINE
  8
0
 10
0.477829
 20
-2.88599
 11
0.478668
 21
-2.88875
  0
LINE
  8
0
 10
0.478668
 20
-2.88875
 11
0.479385
 21
-2.89154
  0
LINE
  8
0
 10
0.479385
 20
-2.89154
 11
0.47998
 21
-2.89436
  0
LINE
  8
0
 10
0.47998
 20
-2.89436
 11
0.480469
 21
-2.89722
  0
LINE
  8
0
 10
0.480469
 20
-2.89722
 11
0.480835
 21
-2.90007
  0
LINE
  8
0
 10
0.480835
 20
-2.90007
 11
0.481064
 21
-2.90295
  0
LINE
  8
0
 10
0.481064
 20
-2.90295
 11
0.481186
 21
-2.90584
  0
LINE
  8
0
 10
0.481186
 20
-2.90584
 11
0.481186
 21
-2.90872
  0
LINE
  8
0
 10
0.481186
 20
-2.90872
 11
0.481064
 21
-2.91161
  0
LINE
  8
0
 10
0.481064
 20
-2.91161
 11
0.480835
 21
-2.91447
  0
LINE
  8
0
 10
0.480835
 20
-2.91447
 11
0.480469
 21
-2.91734
  0
LINE
  8
0
 10
0.480469
 20
-2.91734
 11
0.47998
 21
-2.92018
  0
LINE
  8
0
 10
0.47998
 20
-2.92018
 11
0.479385
 21
-2.923
  0
LINE
  8
0
 10
0.479385
 20
-2.923
 11
0.478668
 21
-2.9258
  0
LINE
  8
0
 10
0.478668
 20
-2.9258
 11
0.477829
 21
-2.92856
  0
LINE
  8
0
 10
0.477829
 20
-2.92856
 11
0.476883
 21
-2.93129
  0
LINE
  8
0
 10
0.476883
 20
-2.93129
 11
0.475815
 21
-2.93398
  0
LINE
  8
0
 10
0.475815
 20
-2.93398
 11
0.474655
 21
-2.93661
  0
LINE
  8
0
 10
0.474655
 20
-2.93661
 11
0.473358
 21
-2.93919
  0
LINE
  8
0
 10
0.473358
 20
-2.93919
 11
0.47197
 21
-2.94173
  0
LINE
  8
0
 10
0.47197
 20
-2.94173
 11
0.470474
 21
-2.9442
  0
LINE
  8
0
 10
0.470474
 20
-2.9442
 11
0.468887
 21
-2.94659
  0
LINE
  8
0
 10
0.468887
 20
-2.94659
 11
0.467194
 21
-2.94893
  0
LINE
  8
0
 10
0.467194
 20
-2.94893
 11
0.465393
 21
-2.95119
  0
LINE
  8
0
 10
0.465393
 20
-2.95119
 11
0.463501
 21
-2.95337
  0
LINE
  8
0
 10
0.463501
 20
-2.95337
 11
0.461533
 21
-2.95547
  0
LINE
  8
0
 10
0.461533
 20
-2.95547
 11
0.459473
 21
-2.9575
  0
LINE
  8
0
 10
0.459473
 20
-2.9575
 11
0.457321
 21
-2.95943
  0
LINE
  8
0
 10
0.457321
 20
-2.95943
 11
0.455109
 21
-2.96127
  0
LINE
  8
0
 10
0.455109
 20
-2.96127
 11
0.452805
 21
-2.96301
  0
LINE
  8
0
 10
0.452805
 20
-2.96301
 11
0.450439
 21
-2.96466
  0
LINE
  8
0
 10
0.450439
 20
-2.96466
 11
0.447998
 21
-2.9662
  0
LINE
  8
0
 10
0.447998
 20
-2.9662
 11
0.445496
 21
-2.96765
  0
LINE
  8
0
 10
0.445496
 20
-2.96765
 11
0.442947
 21
-2.96899
  0
LINE
  8
0
 10
0.442947
 20
-2.96899
 11
0.440338
 21
-2.97021
  0
LINE
  8
0
 10
0.440338
 20
-2.97021
 11
0.437668
 21
-2.97133
  0
LINE
  8
0
 10
0.437668
 20
-2.97133
 11
0.434967
 21
-2.97234
  0
LINE
  8
0
 10
0.434967
 20
-2.97234
 11
0.43222
 21
-2.97324
  0
LINE
  8
0
 10
0.43222
 20
-2.97324
 11
0.429443
 21
-2.97401
  0
LINE
  8
0
 10
0.429443
 20
-2.97401
 11
0.426636
 21
-2.97467
  0
LINE
  8
0
 10
0.426636
 20
-2.97467
 11
0.423798
 21
-2.9752
  0
LINE
  8
0
 10
0.423798
 20
-2.9752
 11
0.420944
 21
-2.97563
  0
LINE
  8
0
 10
0.420944
 20
-2.97563
 11
0.418076
 21
-2.97594
  0
LINE
  8
0
 10
0.418076
 20
-2.97594
 11
0.415192
 21
-2.9761
  0
LINE
  8
0
 10
0.415192
 20
-2.9761
 11
0.412308
 21
-2.97617
  0
LINE
  8
0
 10
0.412308
 20
-2.97617
 11
0.409424
 21
-2.9761
  0
LINE
  8
0
 10
5.44879
 20
-2.9761
 11
5.44591
 21
-2.97594
  0
LINE
  8
0
 10
5.44591
 20
-2.97594
 11
5.44304
 21
-2.97563
  0
LINE
  8
0
 10
5.44304
 20
-2.97563
 11
5.44019
 21
-2.9752
  0
LINE
  8
0
 10
5.44019
 20
-2.9752
 11
5.43735
 21
-2.97467
  0
LINE
  8
0
 10
5.43735
 20
-2.97467
 11
5.43454
 21
-2.97401
  0
LINE
  8
0
 10
5.43454
 20
-2.97401
 11
5.43176
 21
-2.97324
  0
LINE
  8
0
 10
5.43176
 20
-2.97324
 11
5.42902
 21
-2.97234
  0
LINE
  8
0
 10
5.42902
 20
-2.97234
 11
5.42632
 21
-2.97133
  0
LINE
  8
0
 10
5.42632
 20
-2.97133
 11
5.42366
 21
-2.97021
  0
LINE
  8
0
 10
5.42366
 20
-2.97021
 11
5.42104
 21
-2.96899
  0
LINE
  8
0
 10
5.42104
 20
-2.96899
 11
5.41849
 21
-2.96765
  0
LINE
  8
0
 10
5.41849
 20
-2.96765
 11
5.41599
 21
-2.9662
  0
LINE
  8
0
 10
5.41599
 20
-2.9662
 11
5.41354
 21
-2.96466
  0
LINE
  8
0
 10
5.41354
 20
-2.96466
 11
5.41118
 21
-2.96301
  0
LINE
  8
0
 10
5.41118
 20
-2.96301
 11
5.40887
 21
-2.96127
  0
LINE
  8
0
 10
5.40887
 20
-2.96127
 11
5.40666
 21
-2.95943
  0
LINE
  8
0
 10
5.40666
 20
-2.95943
 11
5.40451
 21
-2.9575
  0
LINE
  8
0
 10
5.40451
 20
-2.9575
 11
5.40245
 21
-2.95547
  0
LINE
  8
0
 10
5.40245
 20
-2.95547
 11
5.40048
 21
-2.95337
  0
LINE
  8
0
 10
5.40048
 20
-2.95337
 11
5.39859
 21
-2.95119
  0
LINE
  8
0
 10
5.39859
 20
-2.95119
 11
5.3968
 21
-2.94893
  0
LINE
  8
0
 10
5.3968
 20
-2.94893
 11
5.3951
 21
-2.94659
  0
LINE
  8
0
 10
5.3951
 20
-2.94659
 11
5.39351
 21
-2.9442
  0
LINE
  8
0
 10
5.39351
 20
-2.9442
 11
5.39201
 21
-2.94173
  0
LINE
  8
0
 10
5.39201
 20
-2.94173
 11
5.39062
 21
-2.93919
  0
LINE
  8
0
 10
5.39062
 20
-2.93919
 11
5.38934
 21
-2.93661
  0
LINE
  8
0
 10
5.38934
 20
-2.93661
 11
5.38817
 21
-2.93398
  0
LINE
  8
0
 10
5.38817
 20
-2.93398
 11
5.3871
 21
-2.93129
  0
LINE
  8
0
 10
5.3871
 20
-2.93129
 11
5.38615
 21
-2.92856
  0
LINE
  8
0
 10
5.38615
 20
-2.92856
 11
5.38531
 21
-2.9258
  0
LINE
  8
0
 10
5.38531
 20
-2.9258
 11
5.3846
 21
-2.923
  0
LINE
  8
0
 10
5.3846
 20
-2.923
 11
5.384
 21
-2.92018
  0
LINE
  8
0
 10
5.384
 20
-2.92018
 11
5.38351
 21
-2.91734
  0
LINE
  8
0
 10
5.38351
 20
-2.91734
 11
5.38316
 21
-2.91447
  0
LINE
  8
0
 10
5.38316
 20
-2.91447
 11
5.38292
 21
-2.91161
  0
LINE
  8
0
 10
5.38292
 20
-2.91161
 11
5.3828
 21
-2.90872
  0
LINE
  8
0
 10
5.3828
 20
-2.90872
 11
5.3828
 21
-2.90584
  0
LINE
  8
0
 10
5.3828
 20
-2.90584
 11
5.38292
 21
-2.90295
  0
LINE
  8
0
 10
5.38292
 20
-2.90295
 11
5.38316
 21
-2.90007
  0
LINE
  8
0
 10
5.38316
 20
-2.90007
 11
5.38351
 21
-2.89722
  0
LINE
  8
0
 10
5.38351
 20
-2.89722
 11
5.384
 21
-2.89436
  0
LINE
  8
0
 10
5.384
 20
-2.89436
 11
5.3846
 21
-2.89154
  0
LINE
  8
0
 10
5.3846
 20
-2.89154
 11
5.38531
 21
-2.88875
  0
LINE
  8
0
 10
5.38531
 20
-2.88875
 11
5.38615
 21
-2.88599
  0
LINE
  8
0
 10
5.38615
 20
-2.88599
 11
5.3871
 21
-2.88326
  0
LINE
  8
0
 10
5.3871
 20
-2.88326
 11
5.38817
 21
-2.88057
  0
LINE
  8
0
 10
5.38817
 20
-2.88057
 11
5.38934
 21
-2.87794
  0
LINE
  8
0
 10
5.38934
 20
-2.87794
 11
5.39062
 21
-2.87535
  0
LINE
  8
0
 10
5.39062
 20
-2.87535
 11
5.39201
 21
-2.87283
  0
LINE
  8
0
 10
5.39201
 20
-2.87283
 11
5.39351
 21
-2.87036
  0
LINE
  8
0
 10
5.39351
 20
-2.87036
 11
5.3951
 21
-2.86795
  0
LINE
  8
0
 10
5.3951
 20
-2.86795
 11
5.3968
 21
-2.86562
  0
LINE
  8
0
 10
5.3968
 20
-2.86562
 11
5.39859
 21
-2.86336
  0
LINE
  8
0
 10
5.39859
 20
-2.86336
 11
5.40048
 21
-2.86118
  0
LINE
  8
0
 10
5.40048
 20
-2.86118
 11
5.40245
 21
-2.85907
  0
LINE
  8
0
 10
5.40245
 20
-2.85907
 11
5.40451
 21
-2.85706
  0
LINE
  8
0
 10
5.40451
 20
-2.85706
 11
5.40666
 21
-2.85512
  0
LINE
  8
0
 10
5.40666
 20
-2.85512
 11
5.40887
 21
-2.85329
  0
LINE
  8
0
 10
5.40887
 20
-2.85329
 11
5.41118
 21
-2.85153
  0
LINE
  8
0
 10
5.41118
 20
-2.85153
 11
5.41354
 21
-2.84988
  0
LINE
  8
0
 10
5.41354
 20
-2.84988
 11
5.41599
 21
-2.84834
  0
LINE
  8
0
 10
5.41599
 20
-2.84834
 11
5.41849
 21
-2.84689
  0
LINE
  8
0
 10
5.41849
 20
-2.84689
 11
5.42104
 21
-2.84557
  0
LINE
  8
0
 10
5.42104
 20
-2.84557
 11
5.42366
 21
-2.84433
  0
LINE
  8
0
 10
5.42366
 20
-2.84433
 11
5.42632
 21
-2.84322
  0
LINE
  8
0
 10
5.42632
 20
-2.84322
 11
5.42902
 21
-2.84221
  0
LINE
  8
0
 10
5.42902
 20
-2.84221
 11
5.43176
 21
-2.84132
  0
LINE
  8
0
 10
5.43176
 20
-2.84132
 11
5.43454
 21
-2.84055
  0
LINE
  8
0
 10
5.43454
 20
-2.84055
 11
5.43735
 21
-2.83989
  0
LINE
  8
0
 10
5.43735
 20
-2.83989
 11
5.44019
 21
-2.83934
  0
LINE
  8
0
 10
5.44019
 20
-2.83934
 11
5.44304
 21
-2.83893
  0
LINE
  8
0
 10
5.44304
 20
-2.83893
 11
5.44591
 21
-2.83862
  0
LINE
  8
0
 10
5.44591
 20
-2.83862
 11
5.44879
 21
-2.83844
  0
LINE
  8
0
 10
5.44879
 20
-2.83844
 11
5.45168
 21
-2.83838
  0
LINE
  8
0
 10
5.45168
 20
-2.83838
 11
5.45456
 21
-2.83844
  0
LINE
  8
0
 10
5.45456
 20
-2.83844
 11
5.45744
 21
-2.83862
  0
LINE
  8
0
 10
5.45744
 20
-2.83862
 11
5.46031
 21
-2.83893
  0
LINE
  8
0
 10
5.46031
 20
-2.83893
 11
5.46317
 21
-2.83934
  0
LINE
  8
0
 10
5.46317
 20
-2.83934
 11
5.466
 21
-2.83989
  0
LINE
  8
0
 10
5.466
 20
-2.83989
 11
5.46881
 21
-2.84055
  0
LINE
  8
0
 10
5.46881
 20
-2.84055
 11
5.47159
 21
-2.84132
  0
LINE
  8
0
 10
5.47159
 20
-2.84132
 11
5.47433
 21
-2.84221
  0
LINE
  8
0
 10
5.47433
 20
-2.84221
 11
5.47704
 21
-2.84322
  0
LINE
  8
0
 10
5.47704
 20
-2.84322
 11
5.47971
 21
-2.84433
  0
LINE
  8
0
 10
5.47971
 20
-2.84433
 11
5.48232
 21
-2.84557
  0
LINE
  8
0
 10
5.48232
 20
-2.84557
 11
5.48486
 21
-2.84689
  0
LINE
  8
0
 10
5.48486
 20
-2.84689
 11
5.48737
 21
-2.84834
  0
LINE
  8
0
 10
5.48737
 20
-2.84834
 11
5.48981
 21
-2.84988
  0
LINE
  8
0
 10
5.48981
 20
-2.84988
 11
5.49217
 21
-2.85153
  0
LINE
  8
0
 10
5.49217
 20
-2.85153
 11
5.49448
 21
-2.85329
  0
LINE
  8
0
 10
5.49448
 20
-2.85329
 11
5.4967
 21
-2.85512
  0
LINE
  8
0
 10
5.4967
 20
-2.85512
 11
5.49884
 21
-2.85706
  0
LINE
  8
0
 10
5.49884
 20
-2.85706
 11
5.5009
 21
-2.85907
  0
LINE
  8
0
 10
5.5009
 20
-2.85907
 11
5.50288
 21
-2.86118
  0
LINE
  8
0
 10
5.50288
 20
-2.86118
 11
5.50476
 21
-2.86336
  0
LINE
  8
0
 10
5.50476
 20
-2.86336
 11
5.50656
 21
-2.86562
  0
LINE
  8
0
 10
5.50656
 20
-2.86562
 11
5.50826
 21
-2.86795
  0
LINE
  8
0
 10
5.50826
 20
-2.86795
 11
5.50986
 21
-2.87036
  0
LINE
  8
0
 10
5.50986
 20
-2.87036
 11
5.51134
 21
-2.87283
  0
LINE
  8
0
 10
5.51134
 20
-2.87283
 11
5.51274
 21
-2.87535
  0
LINE
  8
0
 10
5.51274
 20
-2.87535
 11
5.51402
 21
-2.87794
  0
LINE
  8
0
 10
5.51402
 20
-2.87794
 11
5.5152
 21
-2.88057
  0
LINE
  8
0
 10
5.5152
 20
-2.88057
 11
5.51625
 21
-2.88326
  0
LINE
  8
0
 10
5.51625
 20
-2.88326
 11
5.5172
 21
-2.88599
  0
LINE
  8
0
 10
5.5172
 20
-2.88599
 11
5.51804
 21
-2.88875
  0
LINE
  8
0
 10
5.51804
 20
-2.88875
 11
5.51875
 21
-2.89154
  0
LINE
  8
0
 10
5.51875
 20
-2.89154
 11
5.51935
 21
-2.89436
  0
LINE
  8
0
 10
5.51935
 20
-2.89436
 11
5.51984
 21
-2.89722
  0
LINE
  8
0
 10
5.51984
 20
-2.89722
 11
5.5202
 21
-2.90007
  0
LINE
  8
0
 10
5.5202
 20
-2.90007
 11
5.52045
 21
-2.90295
  0
LINE
  8
0
 10
5.52045
 20
-2.90295
 11
5.52055
 21
-2.90584
  0
LINE
  8
0
 10
5.52055
 20
-2.90584
 11
5.52055
 21
-2.90872
  0
LINE
  8
0
 10
5.52055
 20
-2.90872
 11
5.52045
 21
-2.91161
  0
LINE
  8
0
 10
5.52045
 20
-2.91161
 11
5.5202
 21
-2.91447
  0
LINE
  8
0
 10
5.5202
 20
-2.91447
 11
5.51984
 21
-2.91734
  0
LINE
  8
0
 10
5.51984
 20
-2.91734
 11
5.51935
 21
-2.92018
  0
LINE
  8
0
 10
5.51935
 20
-2.92018
 11
5.51875
 21
-2.923
  0
LINE
  8
0
 10
5.51875
 20
-2.923
 11
5.51804
 21
-2.9258
  0
LINE
  8
0
 10
5.51804
 20
-2.9258
 11
5.5172
 21
-2.92856
  0
LINE
  8
0
 10
5.5172
 20
-2.92856
 11
5.51625
 21
-2.93129
  0
LINE
  8
0
 10
5.51625
 20
-2.93129
 11
5.5152
 21
-2.93398
  0
LINE
  8
0
 10
5.5152
 20
-2.93398
 11
5.51402
 21
-2.93661
  0
LINE
  8
0
 10
5.51402
 20
-2.93661
 11
5.51274
 21
-2.93919
  0
LINE
  8
0
 10
5.51274
 20
-2.93919
 11
5.51134
 21
-2.94173
  0
LINE
  8
0
 10
5.51134
 20
-2.94173
 11
5.50986
 21
-2.9442
  0
LINE
  8
0
 10
5.50986
 20
-2.9442
 11
5.50826
 21
-2.94659
  0
LINE
  8
0
 10
5.50826
 20
-2.94659
 11
5.50656
 21
-2.94893
  0
LINE
  8
0
 10
5.50656
 20
-2.94893
 11
5.50476
 21
-2.95119
  0
LINE
  8
0
 10
5.50476
 20
-2.95119
 11
5.50288
 21
-2.95337
  0
LINE
  8
0
 10
5.50288
 20
-2.95337
 11
5.5009
 21
-2.95547
  0
LINE
  8
0
 10
5.5009
 20
-2.95547
 11
5.49884
 21
-2.9575
  0
LINE
  8
0
 10
5.49884
 20
-2.9575
 11
5.4967
 21
-2.95943
  0
LINE
  8
0
 10
5.4967
 20
-2.95943
 11
5.49448
 21
-2.96127
  0
LINE
  8
0
 10
5.49448
 20
-2.96127
 11
5.49217
 21
-2.96301
  0
LINE
  8
0
 10
5.49217
 20
-2.96301
 11
5.48981
 21
-2.96466
  0
LINE
  8
0
 10
5.48981
 20
-2.96466
 11
5.48737
 21
-2.9662
  0
LINE
  8
0
 10
5.48737
 20
-2.9662
 11
5.48486
 21
-2.96765
  0
LINE
  8
0
 10
5.48486
 20
-2.96765
 11
5.48232
 21
-2.96899
  0
LINE
  8
0
 10
5.48232
 20
-2.96899
 11
5.47971
 21
-2.97021
  0
LINE
  8
0
 10
5.47971
 20
-2.97021
 11
5.47704
 21
-2.97133
  0
LINE
  8
0
 10
5.47704
 20
-2.97133
 11
5.47433
 21
-2.97234
  0
LINE
  8
0
 10
5.47433
 20
-2.97234
 11
5.47159
 21
-2.97324
  0
LINE
  8
0
 10
5.47159
 20
-2.97324
 11
5.46881
 21
-2.97401
  0
LINE
  8
0
 10
5.46881
 20
-2.97401
 11
5.466
 21
-2.97467
  0
LINE
  8
0
 10
5.466
 20
-2.97467
 11
5.46317
 21
-2.9752
  0
LINE
  8
0
 10
5.46317
 20
-2.9752
 11
5.46031
 21
-2.97563
  0
LINE
  8
0
 10
5.46031
 20
-2.97563
 11
5.45744
 21
-2.97594
  0
LINE
  8
0
 10
5.45744
 20
-2.97594
 11
5.45456
 21
-2.9761
  0
LINE
  8
0
 10
5.45456
 20
-2.9761
 11
5.45168
 21
-2.97617
  0
LINE
  8
0
 10
5.45168
 20
-2.97617
 11
5.44879
 21
-2.9761
  0
LINE
  8
0
 10
-0.415192
 20
-2.9761
 11
-0.418076
 21
-2.97594
  0
LINE
  8
0
 10
-0.418076
 20
-2.97594
 11
-0.420944
 21
-2.97563
  0
LINE
  8
0
 10
-0.420944
 20
-2.97563
 11
-0.423798
 21
-2.9752
  0
LINE
  8
0
 10
-0.423798
 20
-2.9752
 11
-0.426636
 21
-2.97467
  0
LINE
  8
0
 10
-0.426636
 20
-2.97467
 11
-0.429443
 21
-2.97401
  0
LINE
  8
0
 10
-0.429443
 20
-2.97401
 11
-0.43222
 21
-2.97324
  0
LINE
  8
0
 10
-0.43222
 20
-2.97324
 11
-0.434967
 21
-2.97234
  0
LINE
  8
0
 10
-0.434967
 20
-2.97234
 11
-0.437668
 21
-2.97133
  0
LINE
  8
0
 10
-0.437668
 20
-2.97133
 11
-0.440338
 21
-2.97021
  0
LINE
  8
0
 10
-0.440338
 20
-2.97021
 11
-0.442947
 21
-2.96899
  0
LINE
  8
0
 10
-0.442947
 20
-2.96899
 11
-0.445496
 21
-2.96765
  0
LINE
  8
0
 10
-0.445496
 20
-2.96765
 11
-0.447998
 21
-2.9662
  0
LINE
  8
0
 10
-0.447998
 20
-2.9662
 11
-0.450439
 21
-2.96466
  0
LINE
  8
0
 10
-0.450439
 20
-2.96466
 11
-0.452805
 21
-2.96301
  0
LINE
  8
0
 10
-0.452805
 20
-2.96301
 11
-0.455109
 21
-2.96127
  0
LINE
  8
0
 10
-0.455109
 20
-2.96127
 11
-0.457321
 21
-2.95943
  0
LINE
  8
0
 10
-0.457321
 20
-2.95943
 11
-0.459473
 21
-2.9575
  0
LINE
  8
0
 10
-0.459473
 20
-2.9575
 11
-0.461533
 21
-2.95547
  0
LINE
  8
0
 10
-0.461533
 20
-2.95547
 11
-0.463501
 21
-2.95337
  0
LINE
  8
0
 10
-0.463501
 20
-2.95337
 11
-0.465393
 21
-2.95119
  0
LINE
  8
0
 10
-0.465393
 20
-2.95119
 11
-0.467194
 21
-2.94893
  0
LINE
  8
0
 10
-0.467194
 20
-2.94893
 11
-0.468887
 21
-2.94659
  0
LINE
  8
0
 10
-0.468887
 20
-2.94659
 11
-0.470474
 21
-2.9442
  0
LINE
  8
0
 10
-0.470474
 20
-2.9442
 11
-0.47197
 21
-2.94173
  0
LINE
  8
0
 10
-0.47197
 20
-2.94173
 11
-0.473358
 21
-2.93919
  0
LINE
  8
0
 10
-0.473358
 20
-2.93919
 11
-0.474655
 21
-2.93661
  0
LINE
  8
0
 10
-0.474655
 20
-2.93661
 11
-0.475815
 21
-2.93398
  0
LINE
  8
0
 10
-0.475815
 20
-2.93398
 11
-0.476883
 21
-2.93129
  0
LINE
  8
0
 10
-0.476883
 20
-2.93129
 11
-0.477829
 21
-2.92856
  0
LINE
  8
0
 10
-0.477829
 20
-2.92856
 11
-0.478668
 21
-2.9258
  0
LINE
  8
0
 10
-0.478668
 20
-2.9258
 11
-0.479385
 21
-2.923
  0
LINE
  8
0
 10
-0.479385
 20
-2.923
 11
-0.47998
 21
-2.92018
  0
LINE
  8
0
 10
-0.47998
 20
-2.92018
 11
-0.480469
 21
-2.91734
  0
LINE
  8
0
 10
-0.480469
 20
-2.91734
 11
-0.480835
 21
-2.91447
  0
LINE
  8
0
 10
-0.480835
 20
-2.91447
 11
-0.481064
 21
-2.91161
  0
LINE
  8
0
 10
-0.481064
 20
-2.91161
 11
-0.481186
 21
-2.90872
  0
LINE
  8
0
 10
-0.481186
 20
-2.90872
 11
-0.481186
 21
-2.90584
  0
LINE
  8
0
 10
-0.481186
 20
-2.90584
 11
-0.481064
 21
-2.90295
  0
LINE
  8
0
 10
-0.481064
 20
-2.90295
 11
-0.480835
 21
-2.90007
  0
LINE
  8
0
 10
-0.480835
 20
-2.90007
 11
-0.480469
 21
-2.89722
  0
LINE
  8
0
 10
-0.480469
 20
-2.89722
 11
-0.47998
 21
-2.89436
  0
LINE
  8
0
 10
-0.47998
 20
-2.89436
 11
-0.479385
 21
-2.89154
  0
LINE
  8
0
 10
-0.479385
 20
-2.89154
 11
-0.478668
 21
-2.88875
  0
LINE
  8
0
 10
-0.478668
 20
-2.88875
 11
-0.477829
 21
-2.88599
  0
LINE
  8
0
 10
-0.477829
 20
-2.88599
 11
-0.476883
 21
-2.88326
  0
LINE
  8
0
 10
-0.476883
 20
-2.88326
 11
-0.475815
 21
-2.88057
  0
LINE
  8
0
 10
-0.475815
 20
-2.88057
 11
-0.474655
 21
-2.87794
  0
LINE
  8
0
 10
-0.474655
 20
-2.87794
 11
-0.473358
 21
-2.87535
  0
LINE
  8
0
 10
-0.473358
 20
-2.87535
 11
-0.47197
 21
-2.87283
  0
LINE
  8
0
 10
-0.47197
 20
-2.87283
 11
-0.470474
 21
-2.87036
  0
LINE
  8
0
 10
-0.470474
 20
-2.87036
 11
-0.468887
 21
-2.86795
  0
LINE
  8
0
 10
-0.468887
 20
-2.86795
 11
-0.467194
 21
-2.86562
  0
LINE
  8
0
 10
-0.467194
 20
-2.86562
 11
-0.465393
 21
-2.86336
  0
LINE
  8
0
 10
-0.465393
 20
-2.86336
 11
-0.463501
 21
-2.86118
  0
LINE
  8
0
 10
-0.463501
 20
-2.86118
 11
-0.461533
 21
-2.85907
  0
LINE
  8
0
 10
-0.461533
 20
-2.85907
 11
-0.459473
 21
-2.85706
  0
LINE
  8
0
 10
-0.459473
 20
-2.85706
 11
-0.457321
 21
-2.85512
  0
LINE
  8
0
 10
-0.457321
 20
-2.85512
 11
-0.455109
 21
-2.85329
  0
LINE
  8
0
 10
-0.455109
 20
-2.85329
 11
-0.452805
 21
-2.85153
  0
LINE
  8
0
 10
-0.452805
 20
-2.85153
 11
-0.450439
 21
-2.84988
  0
LINE
  8
0
 10
-0.450439
 20
-2.84988
 11
-0.447998
 21
-2.84834
  0
LINE
  8
0
 10
-0.447998
 20
-2.84834
 11
-0.445496
 21
-2.84689
  0
LINE
  8
0
 10
-0.445496
 20
-2.84689
 11
-0.442947
 21
-2.84557
  0
LINE
  8
0
 10
-0.442947
 20
-2.84557
 11
-0.440338
 21
-2.84433
  0
LINE
  8
0
 10
-0.440338
 20
-2.84433
 11
-0.437668
 21
-2.84322
  0
LINE
  8
0
 10
-0.437668
 20
-2.84322
 11
-0.434967
 21
-2.84221
  0
LINE
  8
0
 10
-0.434967
 20
-2.84221
 11
-0.43222
 21
-2.84132
  0
LINE
  8
0
 10
-0.43222
 20
-2.84132
 11
-0.429443
 21
-2.84055
  0
LINE
  8
0
 10
-0.429443
 20
-2.84055
 11
-0.426636
 21
-2.83989
  0
LINE
  8
0
 10
-0.426636
 20
-2.83989
 11
-0.423798
 21
-2.83934
  0
LINE
  8
0
 10
-0.423798
 20
-2.83934
 11
-0.420944
 21
-2.83893
  0
LINE
  8
0
 10
-0.420944
 20
-2.83893
 11
-0.418076
 21
-2.83862
  0
LINE
  8
0
 10
-0.418076
 20
-2.83862
 11
-0.415192
 21
-2.83844
  0
LINE
  8
0
 10
-0.415192
 20
-2.83844
 11
-0.412308
 21
-2.83838
  0
LINE
  8
0
 10
-0.412308
 20
-2.83838
 11
-0.409424
 21
-2.83844
  0
LINE
  8
0
 10
-0.409424
 20
-2.83844
 11
-0.40654
 21
-2.83862
  0
LINE
  8
0
 10
-0.40654
 20
-2.83862
 11
-0.403671
 21
-2.83893
  0
LINE
  8
0
 10
-0.403671
 20
-2.83893
 11
-0.400818
 21
-2.83934
  0
LINE
  8
0
 10
-0.400818
 20
-2.83934
 11
-0.39798
 21
-2.83989
  0
LINE
  8
0
 10
-0.39798
 20
-2.83989
 11
-0.395172
 21
-2.84055
  0
LINE
  8
0
 10
-0.395172
 20
-2.84055
 11
-0.392395
 21
-2.84132
  0
LINE
  8
0
 10
-0.392395
 20
-2.84132
 11
-0.389648
 21
-2.84221
  0
LINE
  8
0
 10
-0.389648
 20
-2.84221
 11
-0.386948
 21
-2.84322
  0
LINE
  8
0
 10
-0.386948
 20
-2.84322
 11
-0.384277
 21
-2.84433
  0
LINE
  8
0
 10
-0.384277
 20
-2.84433
 11
-0.381668
 21
-2.84557
  0
LINE
  8
0
 10
-0.381668
 20
-2.84557
 11
-0.37912
 21
-2.84689
  0
LINE
  8
0
 10
-0.37912
 20
-2.84689
 11
-0.376617
 21
-2.84834
  0
LINE
  8
0
 10
-0.376617
 20
-2.84834
 11
-0.374176
 21
-2.84988
  0
LINE
  8
0
 10
-0.374176
 20
-2.84988
 11
-0.371811
 21
-2.85153
  0
LINE
  8
0
 10
-0.371811
 20
-2.85153
 11
-0.369507
 21
-2.85329
  0
LINE
  8
0
 10
-0.369507
 20
-2.85329
 11
-0.367294
 21
-2.85512
  0
LINE
  8
0
 10
-0.367294
 20
-2.85512
 11
-0.365143
 21
-2.85706
  0
LINE
  8
0
 10
-0.365143
 20
-2.85706
 11
-0.363083
 21
-2.85907
  0
LINE
  8
0
 10
-0.363083
 20
-2.85907
 11
-0.361099
 21
-2.86118
  0
LINE
  8
0
 10
-0.361099
 20
-2.86118
 11
-0.359222
 21
-2.86336
  0
LINE
  8
0
 10
-0.359222
 20
-2.86336
 11
-0.357422
 21
-2.86562
  0
LINE
  8
0
 10
-0.357422
 20
-2.86562
 11
-0.355728
 21
-2.86795
  0
LINE
  8
0
 10
-0.355728
 20
-2.86795
 11
-0.354141
 21
-2.87036
  0
LINE
  8
0
 10
-0.354141
 20
-2.87036
 11
-0.352646
 21
-2.87283
  0
LINE
  8
0
 10
-0.352646
 20
-2.87283
 11
-0.351257
 21
-2.87535
  0
LINE
  8
0
 10
-0.351257
 20
-2.87535
 11
-0.34996
 21
-2.87794
  0
LINE
  8
0
 10
-0.34996
 20
-2.87794
 11
-0.348801
 21
-2.88057
  0
LINE
  8
0
 10
-0.348801
 20
-2.88057
 11
-0.347733
 21
-2.88326
  0
LINE
  8
0
 10
-0.347733
 20
-2.88326
 11
-0.346786
 21
-2.88599
  0
LINE
  8
0
 10
-0.346786
 20
-2.88599
 11
-0.345947
 21
-2.88875
  0
LINE
  8
0
 10
-0.345947
 20
-2.88875
 11
-0.34523
 21
-2.89154
  0
LINE
  8
0
 10
-0.34523
 20
-2.89154
 11
-0.344635
 21
-2.89436
  0
LINE
  8
0
 10
-0.344635
 20
-2.89436
 11
-0.344147
 21
-2.89722
  0
LINE
  8
0
 10
-0.344147
 20
-2.89722
 11
-0.343781
 21
-2.90007
  0
LINE
  8
0
 10
-0.343781
 20
-2.90007
 11
-0.343552
 21
-2.90295
  0
LINE
  8
0
 10
-0.343552
 20
-2.90295
 11
-0.34343
 21
-2.90584
  0
LINE
  8
0
 10
-0.34343
 20
-2.90584
 11
-0.34343
 21
-2.90872
  0
LINE
  8
0
 10
-0.34343
 20
-2.90872
 11
-0.343552
 21
-2.91161
  0
LINE
  8
0
 10
-0.343552
 20
-2.91161
 11
-0.343781
 21
-2.91447
  0
LINE
  8
0
 10
-0.343781
 20
-2.91447
 11
-0.344147
 21
-2.91734
  0
LINE
  8
0
 10
-0.344147
 20
-2.91734
 11
-0.344635
 21
-2.92018
  0
LINE
  8
0
 10
-0.344635
 20
-2.92018
 11
-0.34523
 21
-2.923
  0
LINE
  8
0
 10
-0.34523
 20
-2.923
 11
-0.345947
 21
-2.9258
  0
LINE
  8
0
 10
-0.345947
 20
-2.9258
 11
-0.346786
 21
-2.92856
  0
LINE
  8
0
 10
-0.346786
 20
-2.92856
 11
-0.347733
 21
-2.93129
  0
LINE
  8
0
 10
-0.347733
 20
-2.93129
 11
-0.348801
 21
-2.93398
  0
LINE
  8
0
 10
-0.348801
 20
-2.93398
 11
-0.34996
 21
-2.93661
  0
LINE
  8
0
 10
-0.34996
 20
-2.93661
 11
-0.351257
 21
-2.93919
  0
LINE
  8
0
 10
-0.351257
 20
-2.93919
 11
-0.352646
 21
-2.94173
  0
LINE
  8
0
 10
-0.352646
 20
-2.94173
 11
-0.354141
 21
-2.9442
  0
LINE
  8
0
 10
-0.354141
 20
-2.9442
 11
-0.355728
 21
-2.94659
  0
LINE
  8
0
 10
-0.355728
 20
-2.94659
 11
-0.357422
 21
-2.94893
  0
LINE
  8
0
 10
-0.357422
 20
-2.94893
 11
-0.359222
 21
-2.95119
  0
LINE
  8
0
 10
-0.359222
 20
-2.95119
 11
-0.361099
 21
-2.95337
  0
LINE
  8
0
 10
-0.361099
 20
-2.95337
 11
-0.363083
 21
-2.95547
  0
LINE
  8
0
 10
-0.363083
 20
-2.95547
 11
-0.365143
 21
-2.9575
  0
LINE
  8
0
 10
-0.365143
 20
-2.9575
 11
-0.367294
 21
-2.95943
  0
LINE
  8
0
 10
-0.367294
 20
-2.95943
 11
-0.369507
 21
-2.96127
  0
LINE
  8
0
 10
-0.369507
 20
-2.96127
 11
-0.371811
 21
-2.96301
  0
LINE
  8
0
 10
-0.371811
 20
-2.96301
 11
-0.374176
 21
-2.96466
  0
LINE
  8
0
 10
-0.374176
 20
-2.96466
 11
-0.376617
 21
-2.9662
  0
LINE
  8
0
 10
-0.376617
 20
-2.9662
 11
-0.37912
 21
-2.96765
  0
LINE
  8
0
 10
-0.37912
 20
-2.96765
 11
-0.381668
 21
-2.96899
  0
LINE
  8
0
 10
-0.381668
 20
-2.96899
 11
-0.384277
 21
-2.97021
  0
LINE
  8
0
 10
-0.384277
 20
-2.97021
 11
-0.386948
 21
-2.97133
  0
LINE
  8
0
 10
-0.386948
 20
-2.97133
 11
-0.389648
 21
-2.97234
  0
LINE
  8
0
 10
-0.389648
 20
-2.97234
 11
-0.392395
 21
-2.97324
  0
LINE
  8
0
 10
-0.392395
 20
-2.97324
 11
-0.395172
 21
-2.97401
  0
LINE
  8
0
 10
-0.395172
 20
-2.97401
 11
-0.39798
 21
-2.97467
  0
LINE
  8
0
 10
-0.39798
 20
-2.97467
 11
-0.400818
 21
-2.9752
  0
LINE
  8
0
 10
-0.400818
 20
-2.9752
 11
-0.403671
 21
-2.97563
  0
LINE
  8
0
 10
-0.403671
 20
-2.97563
 11
-0.40654
 21
-2.97594
  0
LINE
  8
0
 10
-0.40654
 20
-2.97594
 11
-0.409424
 21
-2.9761
  0
LINE
  8
0
 10
-0.409424
 20
-2.9761
 11
-0.412308
 21
-2.97617
  0
LINE
  8
0
 10
-0.412308
 20
-2.97617
 11
-0.415192
 21
-2.9761
  0
LINE
  8
0
 10
4.23083
 20
-3.38857
 11
4.22795
 21
-3.38844
  0
LINE
  8
0
 10
4.22795
 20
-3.38844
 11
4.22507
 21
-3.3882
  0
LINE
  8
0
 10
4.22507
 20
-3.3882
 11
4.22221
 21
-3.38783
  0
LINE
  8
0
 10
4.22221
 20
-3.38783
 11
4.21936
 21
-3.38736
  0
LINE
  8
0
 10
4.21936
 20
-3.38736
 11
4.21654
 21
-3.38675
  0
LINE
  8
0
 10
4.21654
 20
-3.38675
 11
4.21375
 21
-3.38603
  0
LINE
  8
0
 10
4.21375
 20
-3.38603
 11
4.21098
 21
-3.38521
  0
LINE
  8
0
 10
4.21098
 20
-3.38521
 11
4.20827
 21
-3.38425
  0
LINE
  8
0
 10
4.20827
 20
-3.38425
 11
4.20558
 21
-3.38319
  0
LINE
  8
0
 10
4.20558
 20
-3.38319
 11
4.20294
 21
-3.38202
  0
LINE
  8
0
 10
4.20294
 20
-3.38202
 11
4.20036
 21
-3.38074
  0
LINE
  8
0
 10
4.20036
 20
-3.38074
 11
4.19783
 21
-3.37935
  0
LINE
  8
0
 10
4.19783
 20
-3.37935
 11
4.19536
 21
-3.37785
  0
LINE
  8
0
 10
4.19536
 20
-3.37785
 11
4.19296
 21
-3.37625
  0
LINE
  8
0
 10
4.19296
 20
-3.37625
 11
4.19061
 21
-3.37456
  0
LINE
  8
0
 10
4.19061
 20
-3.37456
 11
4.18835
 21
-3.37276
  0
LINE
  8
0
 10
4.18835
 20
-3.37276
 11
4.18617
 21
-3.37088
  0
LINE
  8
0
 10
4.18617
 20
-3.37088
 11
4.18407
 21
-3.3689
  0
LINE
  8
0
 10
4.18407
 20
-3.3689
 11
4.18205
 21
-3.36684
  0
LINE
  8
0
 10
4.18205
 20
-3.36684
 11
4.18011
 21
-3.3647
  0
LINE
  8
0
 10
4.18011
 20
-3.3647
 11
4.17828
 21
-3.36247
  0
LINE
  8
0
 10
4.17828
 20
-3.36247
 11
4.17653
 21
-3.36017
  0
LINE
  8
0
 10
4.17653
 20
-3.36017
 11
4.1749
 21
-3.3578
  0
LINE
  8
0
 10
4.1749
 20
-3.3578
 11
4.17334
 21
-3.35536
  0
LINE
  8
0
 10
4.17334
 20
-3.35536
 11
4.17191
 21
-3.35287
  0
LINE
  8
0
 10
4.17191
 20
-3.35287
 11
4.17056
 21
-3.35031
  0
LINE
  8
0
 10
4.17056
 20
-3.35031
 11
4.16934
 21
-3.3477
  0
LINE
  8
0
 10
4.16934
 20
-3.3477
 11
4.16821
 21
-3.34505
  0
LINE
  8
0
 10
4.16821
 20
-3.34505
 11
4.16721
 21
-3.34233
  0
LINE
  8
0
 10
4.16721
 20
-3.34233
 11
4.16632
 21
-3.33958
  0
LINE
  8
0
 10
4.16632
 20
-3.33958
 11
4.16554
 21
-3.33681
  0
LINE
  8
0
 10
4.16554
 20
-3.33681
 11
4.16489
 21
-3.334
  0
LINE
  8
0
 10
4.16489
 20
-3.334
 11
4.16434
 21
-3.33116
  0
LINE
  8
0
 10
4.16434
 20
-3.33116
 11
4.16393
 21
-3.32831
  0
LINE
  8
0
 10
4.16393
 20
-3.32831
 11
4.16362
 21
-3.32544
  0
LINE
  8
0
 10
4.16362
 20
-3.32544
 11
4.16344
 21
-3.32256
  0
LINE
  8
0
 10
4.16344
 20
-3.32256
 11
4.16338
 21
-3.31967
  0
LINE
  8
0
 10
4.16338
 20
-3.31967
 11
4.16344
 21
-3.31679
  0
LINE
  8
0
 10
4.16344
 20
-3.31679
 11
4.16362
 21
-3.31392
  0
LINE
  8
0
 10
4.16362
 20
-3.31392
 11
4.16393
 21
-3.31104
  0
LINE
  8
0
 10
4.16393
 20
-3.31104
 11
4.16434
 21
-3.30818
  0
LINE
  8
0
 10
4.16434
 20
-3.30818
 11
4.16489
 21
-3.30536
  0
LINE
  8
0
 10
4.16489
 20
-3.30536
 11
4.16554
 21
-3.30254
  0
LINE
  8
0
 10
4.16554
 20
-3.30254
 11
4.16632
 21
-3.29976
  0
LINE
  8
0
 10
4.16632
 20
-3.29976
 11
4.16721
 21
-3.29701
  0
LINE
  8
0
 10
4.16721
 20
-3.29701
 11
4.16821
 21
-3.29431
  0
LINE
  8
0
 10
4.16821
 20
-3.29431
 11
4.16934
 21
-3.29166
  0
LINE
  8
0
 10
4.16934
 20
-3.29166
 11
4.17056
 21
-3.28905
  0
LINE
  8
0
 10
4.17056
 20
-3.28905
 11
4.17191
 21
-3.28648
  0
LINE
  8
0
 10
4.17191
 20
-3.28648
 11
4.17334
 21
-3.28398
  0
LINE
  8
0
 10
4.17334
 20
-3.28398
 11
4.1749
 21
-3.28156
  0
LINE
  8
0
 10
4.1749
 20
-3.28156
 11
4.17653
 21
-3.27917
  0
LINE
  8
0
 10
4.17653
 20
-3.27917
 11
4.17828
 21
-3.27689
  0
LINE
  8
0
 10
4.17828
 20
-3.27689
 11
4.18011
 21
-3.27466
  0
LINE
  8
0
 10
4.18011
 20
-3.27466
 11
4.18205
 21
-3.27251
  0
LINE
  8
0
 10
4.18205
 20
-3.27251
 11
4.18407
 21
-3.27045
  0
LINE
  8
0
 10
4.18407
 20
-3.27045
 11
4.18617
 21
-3.26848
  0
LINE
  8
0
 10
4.18617
 20
-3.26848
 11
4.18835
 21
-3.26659
  0
LINE
  8
0
 10
4.18835
 20
-3.26659
 11
4.19061
 21
-3.2648
  0
LINE
  8
0
 10
4.19061
 20
-3.2648
 11
4.19296
 21
-3.26311
  0
LINE
  8
0
 10
4.19296
 20
-3.26311
 11
4.19536
 21
-3.26151
  0
LINE
  8
0
 10
4.19536
 20
-3.26151
 11
4.19783
 21
-3.26001
  0
LINE
  8
0
 10
4.19783
 20
-3.26001
 11
4.20036
 21
-3.25862
  0
LINE
  8
0
 10
4.20036
 20
-3.25862
 11
4.20294
 21
-3.25734
  0
LINE
  8
0
 10
4.20294
 20
-3.25734
 11
4.20558
 21
-3.25616
  0
LINE
  8
0
 10
4.20558
 20
-3.25616
 11
4.20827
 21
-3.2551
  0
LINE
  8
0
 10
4.20827
 20
-3.2551
 11
4.21098
 21
-3.25415
  0
LINE
  8
0
 10
4.21098
 20
-3.25415
 11
4.21375
 21
-3.25331
  0
LINE
  8
0
 10
4.21375
 20
-3.25331
 11
4.21654
 21
-3.25259
  0
LINE
  8
0
 10
4.21654
 20
-3.25259
 11
4.21936
 21
-3.252
  0
LINE
  8
0
 10
4.21936
 20
-3.252
 11
4.22221
 21
-3.25151
  0
LINE
  8
0
 10
4.22221
 20
-3.25151
 11
4.22507
 21
-3.25116
  0
LINE
  8
0
 10
4.22507
 20
-3.25116
 11
4.22795
 21
-3.25092
  0
LINE
  8
0
 10
4.22795
 20
-3.25092
 11
4.23083
 21
-3.25079
  0
LINE
  8
0
 10
4.23083
 20
-3.25079
 11
4.23372
 21
-3.25079
  0
LINE
  8
0
 10
4.23372
 20
-3.25079
 11
4.2366
 21
-3.25092
  0
LINE
  8
0
 10
4.2366
 20
-3.25092
 11
4.23947
 21
-3.25116
  0
LINE
  8
0
 10
4.23947
 20
-3.25116
 11
4.24234
 21
-3.25151
  0
LINE
  8
0
 10
4.24234
 20
-3.25151
 11
4.24519
 21
-3.252
  0
LINE
  8
0
 10
4.24519
 20
-3.252
 11
4.248
 21
-3.25259
  0
LINE
  8
0
 10
4.248
 20
-3.25259
 11
4.25081
 21
-3.25331
  0
LINE
  8
0
 10
4.25081
 20
-3.25331
 11
4.25357
 21
-3.25415
  0
LINE
  8
0
 10
4.25357
 20
-3.25415
 11
4.25629
 21
-3.2551
  0
LINE
  8
0
 10
4.25629
 20
-3.2551
 11
4.25897
 21
-3.25616
  0
LINE
  8
0
 10
4.25897
 20
-3.25616
 11
4.26161
 21
-3.25734
  0
LINE
  8
0
 10
4.26161
 20
-3.25734
 11
4.26419
 21
-3.25862
  0
LINE
  8
0
 10
4.26419
 20
-3.25862
 11
4.26672
 21
-3.26001
  0
LINE
  8
0
 10
4.26672
 20
-3.26001
 11
4.2692
 21
-3.26151
  0
LINE
  8
0
 10
4.2692
 20
-3.26151
 11
4.27159
 21
-3.26311
  0
LINE
  8
0
 10
4.27159
 20
-3.26311
 11
4.27393
 21
-3.2648
  0
LINE
  8
0
 10
4.27393
 20
-3.2648
 11
4.2762
 21
-3.26659
  0
LINE
  8
0
 10
4.2762
 20
-3.26659
 11
4.27838
 21
-3.26848
  0
LINE
  8
0
 10
4.27838
 20
-3.26848
 11
4.28049
 21
-3.27045
  0
LINE
  8
0
 10
4.28049
 20
-3.27045
 11
4.2825
 21
-3.27251
  0
LINE
  8
0
 10
4.2825
 20
-3.27251
 11
4.28442
 21
-3.27466
  0
LINE
  8
0
 10
4.28442
 20
-3.27466
 11
4.28627
 21
-3.27689
  0
LINE
  8
0
 10
4.28627
 20
-3.27689
 11
4.28801
 21
-3.27917
  0
LINE
  8
0
 10
4.28801
 20
-3.27917
 11
4.28966
 21
-3.28156
  0
LINE
  8
0
 10
4.28966
 20
-3.28156
 11
4.29121
 21
-3.28398
  0
LINE
  8
0
 10
4.29121
 20
-3.28398
 11
4.29265
 21
-3.28648
  0
LINE
  8
0
 10
4.29265
 20
-3.28648
 11
4.29399
 21
-3.28905
  0
LINE
  8
0
 10
4.29399
 20
-3.28905
 11
4.29521
 21
-3.29166
  0
LINE
  8
0
 10
4.29521
 20
-3.29166
 11
4.29634
 21
-3.29431
  0
LINE
  8
0
 10
4.29634
 20
-3.29431
 11
4.29735
 21
-3.29701
  0
LINE
  8
0
 10
4.29735
 20
-3.29701
 11
4.29823
 21
-3.29976
  0
LINE
  8
0
 10
4.29823
 20
-3.29976
 11
4.29901
 21
-3.30254
  0
LINE
  8
0
 10
4.29901
 20
-3.30254
 11
4.29967
 21
-3.30536
  0
LINE
  8
0
 10
4.29967
 20
-3.30536
 11
4.3002
 21
-3.30818
  0
LINE
  8
0
 10
4.3002
 20
-3.30818
 11
4.30063
 21
-3.31104
  0
LINE
  8
0
 10
4.30063
 20
-3.31104
 11
4.30093
 21
-3.31392
  0
LINE
  8
0
 10
4.30093
 20
-3.31392
 11
4.30112
 21
-3.31679
  0
LINE
  8
0
 10
4.30112
 20
-3.31679
 11
4.30118
 21
-3.31967
  0
LINE
  8
0
 10
4.30118
 20
-3.31967
 11
4.30112
 21
-3.32256
  0
LINE
  8
0
 10
4.30112
 20
-3.32256
 11
4.30093
 21
-3.32544
  0
LINE
  8
0
 10
4.30093
 20
-3.32544
 11
4.30063
 21
-3.32831
  0
LINE
  8
0
 10
4.30063
 20
-3.32831
 11
4.3002
 21
-3.33116
  0
LINE
  8
0
 10
4.3002
 20
-3.33116
 11
4.29967
 21
-3.334
  0
LINE
  8
0
 10
4.29967
 20
-3.334
 11
4.29901
 21
-3.33681
  0
LINE
  8
0
 10
4.29901
 20
-3.33681
 11
4.29823
 21
-3.33958
  0
LINE
  8
0
 10
4.29823
 20
-3.33958
 11
4.29735
 21
-3.34233
  0
LINE
  8
0
 10
4.29735
 20
-3.34233
 11
4.29634
 21
-3.34505
  0
LINE
  8
0
 10
4.29634
 20
-3.34505
 11
4.29521
 21
-3.3477
  0
LINE
  8
0
 10
4.29521
 20
-3.3477
 11
4.29399
 21
-3.35031
  0
LINE
  8
0
 10
4.29399
 20
-3.35031
 11
4.29265
 21
-3.35287
  0
LINE
  8
0
 10
4.29265
 20
-3.35287
 11
4.29121
 21
-3.35536
  0
LINE
  8
0
 10
4.29121
 20
-3.35536
 11
4.28966
 21
-3.3578
  0
LINE
  8
0
 10
4.28966
 20
-3.3578
 11
4.28801
 21
-3.36017
  0
LINE
  8
0
 10
4.28801
 20
-3.36017
 11
4.28627
 21
-3.36247
  0
LINE
  8
0
 10
4.28627
 20
-3.36247
 11
4.28442
 21
-3.3647
  0
LINE
  8
0
 10
4.28442
 20
-3.3647
 11
4.2825
 21
-3.36684
  0
LINE
  8
0
 10
4.2825
 20
-3.36684
 11
4.28049
 21
-3.3689
  0
LINE
  8
0
 10
4.28049
 20
-3.3689
 11
4.27838
 21
-3.37088
  0
LINE
  8
0
 10
4.27838
 20
-3.37088
 11
4.2762
 21
-3.37276
  0
LINE
  8
0
 10
4.2762
 20
-3.37276
 11
4.27393
 21
-3.37456
  0
LINE
  8
0
 10
4.27393
 20
-3.37456
 11
4.27159
 21
-3.37625
  0
LINE
  8
0
 10
4.27159
 20
-3.37625
 11
4.2692
 21
-3.37785
  0
LINE
  8
0
 10
4.2692
 20
-3.37785
 11
4.26672
 21
-3.37935
  0
LINE
  8
0
 10
4.26672
 20
-3.37935
 11
4.26419
 21
-3.38074
  0
LINE
  8
0
 10
4.26419
 20
-3.38074
 11
4.26161
 21
-3.38202
  0
LINE
  8
0
 10
4.26161
 20
-3.38202
 11
4.25897
 21
-3.38319
  0
LINE
  8
0
 10
4.25897
 20
-3.38319
 11
4.25629
 21
-3.38425
  0
LINE
  8
0
 10
4.25629
 20
-3.38425
 11
4.25357
 21
-3.38521
  0
LINE
  8
0
 10
4.25357
 20
-3.38521
 11
4.25081
 21
-3.38603
  0
LINE
  8
0
 10
4.25081
 20
-3.38603
 11
4.248
 21
-3.38675
  0
LINE
  8
0
 10
4.248
 20
-3.38675
 11
4.24519
 21
-3.38736
  0
LINE
  8
0
 10
4.24519
 20
-3.38736
 11
4.24234
 21
-3.38783
  0
LINE
  8
0
 10
4.24234
 20
-3.38783
 11
4.23947
 21
-3.3882
  0
LINE
  8
0
 10
4.23947
 20
-3.3882
 11
4.2366
 21
-3.38844
  0
LINE
  8
0
 10
4.2366
 20
-3.38844
 11
4.23372
 21
-3.38857
  0
LINE
  8
0
 10
4.23372
 20
-3.38857
 11
4.23083
 21
-3.38857
  0
LINE
  8
0
 10
-4.23372
 20
-3.38857
 11
-4.2366
 21
-3.38844
  0
LINE
  8
0
 10
-4.2366
 20
-3.38844
 11
-4.23947
 21
-3.3882
  0
LINE
  8
0
 10
-4.23947
 20
-3.3882
 11
-4.24234
 21
-3.38783
  0
LINE
  8
0
 10
-4.24234
 20
-3.38783
 11
-4.24519
 21
-3.38736
  0
LINE
  8
0
 10
-4.24519
 20
-3.38736
 11
-4.248
 21
-3.38675
  0
LINE
  8
0
 10
-4.248
 20
-3.38675
 11
-4.25081
 21
-3.38603
  0
LINE
  8
0
 10
-4.25081
 20
-3.38603
 11
-4.25357
 21
-3.38521
  0
LINE
  8
0
 10
-4.25357
 20
-3.38521
 11
-4.25629
 21
-3.38425
  0
LINE
  8
0
 10
-4.25629
 20
-3.38425
 11
-4.25897
 21
-3.38319
  0
LINE
  8
0
 10
-4.25897
 20
-3.38319
 11
-4.26161
 21
-3.38202
  0
LINE
  8
0
 10
-4.26161
 20
-3.38202
 11
-4.26419
 21
-3.38074
  0
LINE
  8
0
 10
-4.26419
 20
-3.38074
 11
-4.26672
 21
-3.37935
  0
LINE
  8
0
 10
-4.26672
 20
-3.37935
 11
-4.2692
 21
-3.37785
  0
LINE
  8
0
 10
-4.2692
 20
-3.37785
 11
-4.27159
 21
-3.37625
  0
LINE
  8
0
 10
-4.27159
 20
-3.37625
 11
-4.27393
 21
-3.37456
  0
LINE
  8
0
 10
-4.27393
 20
-3.37456
 11
-4.2762
 21
-3.37276
  0
LINE
  8
0
 10
-4.2762
 20
-3.37276
 11
-4.27838
 21
-3.37088
  0
LINE
  8
0
 10
-4.27838
 20
-3.37088
 11
-4.28049
 21
-3.3689
  0
LINE
  8
0
 10
-4.28049
 20
-3.3689
 11
-4.2825
 21
-3.36684
  0
LINE
  8
0
 10
-4.2825
 20
-3.36684
 11
-4.28442
 21
-3.3647
  0
LINE
  8
0
 10
-4.28442
 20
-3.3647
 11
-4.28627
 21
-3.36247
  0
LINE
  8
0
 10
-4.28627
 20
-3.36247
 11
-4.28801
 21
-3.36017
  0
LINE
  8
0
 10
-4.28801
 20
-3.36017
 11
-4.28966
 21
-3.3578
  0
LINE
  8
0
 10
-4.28966
 20
-3.3578
 11
-4.29121
 21
-3.35536
  0
LINE
  8
0
 10
-4.29121
 20
-3.35536
 11
-4.29265
 21
-3.35287
  0
LINE
  8
0
 10
-4.29265
 20
-3.35287
 11
-4.29399
 21
-3.35031
  0
LINE
  8
0
 10
-4.29399
 20
-3.35031
 11
-4.29521
 21
-3.3477
  0
LINE
  8
0
 10
-4.29521
 20
-3.3477
 11
-4.29634
 21
-3.34505
  0
LINE
  8
0
 10
-4.29634
 20
-3.34505
 11
-4.29735
 21
-3.34233
  0
LINE
  8
0
 10
-4.29735
 20
-3.34233
 11
-4.29823
 21
-3.33958
  0
LINE
  8
0
 10
-4.29823
 20
-3.33958
 11
-4.29901
 21
-3.33681
  0
LINE
  8
0
 10
-4.29901
 20
-3.33681
 11
-4.29967
 21
-3.334
  0
LINE
  8
0
 10
-4.29967
 20
-3.334
 11
-4.3002
 21
-3.33116
  0
LINE
  8
0
 10
-4.3002
 20
-3.33116
 11
-4.30063
 21
-3.32831
  0
LINE
  8
0
 10
-4.30063
 20
-3.32831
 11
-4.30093
 21
-3.32544
  0
LINE
  8
0
 10
-4.30093
 20
-3.32544
 11
-4.30112
 21
-3.32256
  0
LINE
  8
0
 10
-4.30112
 20
-3.32256
 11
-4.30118
 21
-3.31967
  0
LINE
  8
0
 10
-4.30118
 20
-3.31967
 11
-4.30112
 21
-3.31679
  0
LINE
  8
0
 10
-4.30112
 20
-3.31679
 11
-4.30093
 21
-3.31392
  0
LINE
  8
0
 10
-4.30093
 20
-3.31392
 11
-4.30063
 21
-3.31104
  0
LINE
  8
0
 10
-4.30063
 20
-3.31104
 11
-4.3002
 21
-3.30818
  0
LINE
  8
0
 10
-4.3002
 20
-3.30818
 11
-4.29967
 21
-3.30536
  0
LINE
  8
0
 10
-4.29967
 20
-3.30536
 11
-4.29901
 21
-3.30254
  0
LINE
  8
0
 10
-4.29901
 20
-3.30254
 11
-4.29823
 21
-3.29976
  0
LINE
  8
0
 10
-4.29823
 20
-3.29976
 11
-4.29735
 21
-3.29701
  0
LINE
  8
0
 10
-4.29735
 20
-3.29701
 11
-4.29634
 21
-3.29431
  0
LINE
  8
0
 10
-4.29634
 20
-3.29431
 11
-4.29521
 21
-3.29166
  0
LINE
  8
0
 10
-4.29521
 20
-3.29166
 11
-4.29399
 21
-3.28905
  0
LINE
  8
0
 10
-4.29399
 20
-3.28905
 11
-4.29265
 21
-3.28648
  0
LINE
  8
0
 10
-4.29265
 20
-3.28648
 11
-4.29121
 21
-3.28398
  0
LINE
  8
0
 10
-4.29121
 20
-3.28398
 11
-4.28966
 21
-3.28156
  0
LINE
  8
0
 10
-4.28966
 20
-3.28156
 11
-4.28801
 21
-3.27917
  0
LINE
  8
0
 10
-4.28801
 20
-3.27917
 11
-4.28627
 21
-3.27689
  0
LINE
  8
0
 10
-4.28627
 20
-3.27689
 11
-4.28442
 21
-3.27466
  0
LINE
  8
0
 10
-4.28442
 20
-3.27466
 11
-4.2825
 21
-3.27251
  0
LINE
  8
0
 10
-4.2825
 20
-3.27251
 11
-4.28049
 21
-3.27045
  0
LINE
  8
0
 10
-4.28049
 20
-3.27045
 11
-4.27838
 21
-3.26848
  0
LINE
  8
0
 10
-4.27838
 20
-3.26848
 11
-4.2762
 21
-3.26659
  0
LINE
  8
0
 10
-4.2762
 20
-3.26659
 11
-4.27393
 21
-3.2648
  0
LINE
  8
0
 10
-4.27393
 20
-3.2648
 11
-4.27159
 21
-3.26311
  0
LINE
  8
0
 10
-4.27159
 20
-3.26311
 11
-4.2692
 21
-3.26151
  0
LINE
  8
0
 10
-4.2692
 20
-3.26151
 11
-4.26672
 21
-3.26001
  0
LINE
  8
0
 10
-4.26672
 20
-3.26001
 11
-4.26419
 21
-3.25862
  0
LINE
  8
0
 10
-4.26419
 20
-3.25862
 11
-4.26161
 21
-3.25734
  0
LINE
  8
0
 10
-4.26161
 20
-3.25734
 11
-4.25897
 21
-3.25616
  0
LINE
  8
0
 10
-4.25897
 20
-3.25616
 11
-4.25629
 21
-3.2551
  0
LINE
  8
0
 10
-4.25629
 20
-3.2551
 11
-4.25357
 21
-3.25415
  0
LINE
  8
0
 10
-4.25357
 20
-3.25415
 11
-4.25081
 21
-3.25331
  0
LINE
  8
0
 10
-4.25081
 20
-3.25331
 11
-4.248
 21
-3.25259
  0
LINE
  8
0
 10
-4.248
 20
-3.25259
 11
-4.24519
 21
-3.252
  0
LINE
  8
0
 10
-4.24519
 20
-3.252
 11
-4.24234
 21
-3.25151
  0
LINE
  8
0
 10
-4.24234
 20
-3.25151
 11
-4.23947
 21
-3.25116
  0
LINE
  8
0
 10
-4.23947
 20
-3.25116
 11
-4.2366
 21
-3.25092
  0
LINE
  8
0
 10
-4.2366
 20
-3.25092
 11
-4.23372
 21
-3.25079
  0
LINE
  8
0
 10
-4.23372
 20
-3.25079
 11
-4.23083
 21
-3.25079
  0
LINE
  8
0
 10
-4.23083
 20
-3.25079
 11
-4.22795
 21
-3.25092
  0
LINE
  8
0
 10
-4.22795
 20
-3.25092
 11
-4.22507
 21
-3.25116
  0
LINE
  8
0
 10
-4.22507
 20
-3.25116
 11
-4.22221
 21
-3.25151
  0
LINE
  8
0
 10
-4.22221
 20
-3.25151
 11
-4.21936
 21
-3.252
  0
LINE
  8
0
 10
-4.21936
 20
-3.252
 11
-4.21654
 21
-3.25259
  0
LINE
  8
0
 10
-4.21654
 20
-3.25259
 11
-4.21375
 21
-3.25331
  0
LINE
  8
0
 10
-4.21375
 20
-3.25331
 11
-4.21098
 21
-3.25415
  0
LINE
  8
0
 10
-4.21098
 20
-3.25415
 11
-4.20827
 21
-3.2551
  0
LINE
  8
0
 10
-4.20827
 20
-3.2551
 11
-4.20558
 21
-3.25616
  0
LINE
  8
0
 10
-4.20558
 20
-3.25616
 11
-4.20294
 21
-3.25734
  0
LINE
  8
0
 10
-4.20294
 20
-3.25734
 11
-4.20036
 21
-3.25862
  0
LINE
  8
0
 10
-4.20036
 20
-3.25862
 11
-4.19783
 21
-3.26001
  0
LINE
  8
0
 10
-4.19783
 20
-3.26001
 11
-4.19536
 21
-3.26151
  0
LINE
  8
0
 10
-4.19536
 20
-3.26151
 11
-4.19296
 21
-3.26311
  0
LINE
  8
0
 10
-4.19296
 20
-3.26311
 11
-4.19061
 21
-3.2648
  0
LINE
  8
0
 10
-4.19061
 20
-3.2648
 11
-4.18835
 21
-3.26659
  0
LINE
  8
0
 10
-4.18835
 20
-3.26659
 11
-4.18617
 21
-3.26848
  0
LINE
  8
0
 10
-4.18617
 20
-3.26848
 11
-4.18407
 21
-3.27045
  0
LINE
  8
0
 10
-4.18407
 20
-3.27045
 11
-4.18205
 21
-3.27251
  0
LINE
  8
0
 10
-4.18205
 20
-3.27251
 11
-4.18011
 21
-3.27466
  0
LINE
  8
0
 10
-4.18011
 20
-3.27466
 11
-4.17828
 21
-3.27689
  0
LINE
  8
0
 10
-4.17828
 20
-3.27689
 11
-4.17653
 21
-3.27917
  0
LINE
  8
0
 10
-4.17653
 20
-3.27917
 11
-4.1749
 21
-3.28156
  0
LINE
  8
0
 10
-4.1749
 20
-3.28156
 11
-4.17334
 21
-3.28398
  0
LINE
  8
0
 10
-4.17334
 20
-3.28398
 11
-4.17191
 21
-3.28648
  0
LINE
  8
0
 10
-4.17191
 20
-3.28648
 11
-4.17056
 21
-3.28905
  0
LINE
  8
0
 10
-4.17056
 20
-3.28905
 11
-4.16934
 21
-3.29166
  0
LINE
  8
0
 10
-4.16934
 20
-3.29166
 11
-4.16821
 21
-3.29431
  0
LINE
  8
0
 10
-4.16821
 20
-3.29431
 11
-4.16721
 21
-3.29701
  0
LINE
  8
0
 10
-4.16721
 20
-3.29701
 11
-4.16632
 21
-3.29976
  0
LINE
  8
0
 10
-4.16632
 20
-3.29976
 11
-4.16554
 21
-3.30254
  0
LINE
  8
0
 10
-4.16554
 20
-3.30254
 11
-4.16489
 21
-3.30536
  0
LINE
  8
0
 10
-4.16489
 20
-3.30536
 11
-4.16434
 21
-3.30818
  0
LINE
  8
0
 10
-4.16434
 20
-3.30818
 11
-4.16393
 21
-3.31104
  0
LINE
  8
0
 10
-4.16393
 20
-3.31104
 11
-4.16362
 21
-3.31392
  0
LINE
  8
0
 10
-4.16362
 20
-3.31392
 11
-4.16344
 21
-3.31679
  0
LINE
  8
0
 10
-4.16344
 20
-3.31679
 11
-4.16338
 21
-3.31967
  0
LINE
  8
0
 10
-4.16338
 20
-3.31967
 11
-4.16344
 21
-3.32256
  0
LINE
  8
0
 10
-4.16344
 20
-3.32256
 11
-4.16362
 21
-3.32544
  0
LINE
  8
0
 10
-4.16362
 20
-3.32544
 11
-4.16393
 21
-3.32831
  0
LINE
  8
0
 10
-4.16393
 20
-3.32831
 11
-4.16434
 21
-3.33116
  0
LINE
  8
0
 10
-4.16434
 20
-3.33116
 11
-4.16489
 21
-3.334
  0
LINE
  8
0
 10
-4.16489
 20
-3.334
 11
-4.16554
 21
-3.33681
  0
LINE
  8
0
 10
-4.16554
 20
-3.33681
 11
-4.16632
 21
-3.33958
  0
LINE
  8
0
 10
-4.16632
 20
-3.33958
 11
-4.16721
 21
-3.34233
  0
LINE
  8
0
 10
-4.16721
 20
-3.34233
 11
-4.16821
 21
-3.34505
  0
LINE
  8
0
 10
-4.16821
 20
-3.34505
 11
-4.16934
 21
-3.3477
  0
LINE
  8
0
 10
-4.16934
 20
-3.3477
 11
-4.17056
 21
-3.35031
  0
LINE
  8
0
 10
-4.17056
 20
-3.35031
 11
-4.17191
 21
-3.35287
  0
LINE
  8
0
 10
-4.17191
 20
-3.35287
 11
-4.17334
 21
-3.35536
  0
LINE
  8
0
 10
-4.17334
 20
-3.35536
 11
-4.1749
 21
-3.3578
  0
LINE
  8
0
 10
-4.1749
 20
-3.3578
 11
-4.17653
 21
-3.36017
  0
LINE
  8
0
 10
-4.17653
 20
-3.36017
 11
-4.17828
 21
-3.36247
  0
LINE
  8
0
 10
-4.17828
 20
-3.36247
 11
-4.18011
 21
-3.3647
  0
LINE
  8
0
 10
-4.18011
 20
-3.3647
 11
-4.18205
 21
-3.36684
  0
LINE
  8
0
 10
-4.18205
 20
-3.36684
 11
-4.18407
 21
-3.3689
  0
LINE
  8
0
 10
-4.18407
 20
-3.3689
 11
-4.18617
 21
-3.37088
  0
LINE
  8
0
 10
-4.18617
 20
-3.37088
 11
-4.18835
 21
-3.37276
  0
LINE
  8
0
 10
-4.18835
 20
-3.37276
 11
-4.19061
 21
-3.37456
  0
LINE
  8
0
 10
-4.19061
 20
-3.37456
 11
-4.19296
 21
-3.37625
  0
LINE
  8
0
 10
-4.19296
 20
-3.37625
 11
-4.19536
 21
-3.37785
  0
LINE
  8
0
 10
-4.19536
 20
-3.37785
 11
-4.19783
 21
-3.37935
  0
LINE
  8
0
 10
-4.19783
 20
-3.37935
 11
-4.20036
 21
-3.38074
  0
LINE
  8
0
 10
-4.20036
 20
-3.38074
 11
-4.20294
 21
-3.38202
  0
LINE
  8
0
 10
-4.20294
 20
-3.38202
 11
-4.20558
 21
-3.38319
  0
LINE
  8
0
 10
-4.20558
 20
-3.38319
 11
-4.20827
 21
-3.38425
  0
LINE
  8
0
 10
-4.20827
 20
-3.38425
 11
-4.21098
 21
-3.38521
  0
LINE
  8
0
 10
-4.21098
 20
-3.38521
 11
-4.21375
 21
-3.38603
  0
LINE
  8
0
 10
-4.21375
 20
-3.38603
 11
-4.21654
 21
-3.38675
  0
LINE
  8
0
 10
-4.21654
 20
-3.38675
 11
-4.21936
 21
-3.38736
  0
LINE
  8
0
 10
-4.21936
 20
-3.38736
 11
-4.22221
 21
-3.38783
  0
LINE
  8
0
 10
-4.22221
 20
-3.38783
 11
-4.22507
 21
-3.3882
  0
LINE
  8
0
 10
-4.22507
 20
-3.3882
 11
-4.22795
 21
-3.38844
  0
LINE
  8
0
 10
-4.22795
 20
-3.38844
 11
-4.23083
 21
-3.38857
  0
LINE
  8
0
 10
-4.23083
 20
-3.38857
 11
-4.23372
 21
-3.38857
  0
LINE
  8
0
 10
0.766266
 20
-3.38857
 11
0.763382
 21
-3.38844
  0
LINE
  8
0
 10
0.763382
 20
-3.38844
 11
0.760513
 21
-3.3882
  0
LINE
  8
0
 10
0.760513
 20
-3.3882
 11
0.757645
 21
-3.38783
  0
LINE
  8
0
 10
0.757645
 20
-3.38783
 11
0.754807
 21
-3.38736
  0
LINE
  8
0
 10
0.754807
 20
-3.38736
 11
0.751984
 21
-3.38675
  0
LINE
  8
0
 10
0.751984
 20
-3.38675
 11
0.749176
 21
-3.38603
  0
LINE
  8
0
 10
0.749176
 20
-3.38603
 11
0.746414
 21
-3.38521
  0
LINE
  8
0
 10
0.746414
 20
-3.38521
 11
0.743698
 21
-3.38425
  0
LINE
  8
0
 10
0.743698
 20
-3.38425
 11
0.741013
 21
-3.38319
  0
LINE
  8
0
 10
0.741013
 20
-3.38319
 11
0.738373
 21
-3.38202
  0
LINE
  8
0
 10
0.738373
 20
-3.38202
 11
0.735794
 21
-3.38074
  0
LINE
  8
0
 10
0.735794
 20
-3.38074
 11
0.733261
 21
-3.37935
  0
LINE
  8
0
 10
0.733261
 20
-3.37935
 11
0.730789
 21
-3.37785
  0
LINE
  8
0
 10
0.730789
 20
-3.37785
 11
0.728394
 21
-3.37625
  0
LINE
  8
0
 10
0.728394
 20
-3.37625
 11
0.726059
 21
-3.37456
  0
LINE
  8
0
 10
0.726059
 20
-3.37456
 11
0.723785
 21
-3.37276
  0
LINE
  8
0
 10
0.723785
 20
-3.37276
 11
0.721603
 21
-3.37088
  0
LINE
  8
0
 10
0.721603
 20
-3.37088
 11
0.719498
 21
-3.3689
  0
LINE
  8
0
 10
0.719498
 20
-3.3689
 11
0.717484
 21
-3.36684
  0
LINE
  8
0
 10
0.717484
 20
-3.36684
 11
0.715561
 21
-3.3647
  0
LINE
  8
0
 10
0.715561
 20
-3.3647
 11
0.713715
 21
-3.36247
  0
LINE
  8
0
 10
0.713715
 20
-3.36247
 11
0.711975
 21
-3.36017
  0
LINE
  8
0
 10
0.711975
 20
-3.36017
 11
0.710327
 21
-3.3578
  0
LINE
  8
0
 10
0.710327
 20
-3.3578
 11
0.708771
 21
-3.35536
  0
LINE
  8
0
 10
0.708771
 20
-3.35536
 11
0.707336
 21
-3.35287
  0
LINE
  8
0
 10
0.707336
 20
-3.35287
 11
0.705994
 21
-3.35031
  0
LINE
  8
0
 10
0.705994
 20
-3.35031
 11
0.704773
 21
-3.3477
  0
LINE
  8
0
 10
0.704773
 20
-3.3477
 11
0.703644
 21
-3.34505
  0
LINE
  8
0
 10
0.703644
 20
-3.34505
 11
0.702652
 21
-3.34233
  0
LINE
  8
0
 10
0.702652
 20
-3.34233
 11
0.701752
 21
-3.33958
  0
LINE
  8
0
 10
0.701752
 20
-3.33958
 11
0.700974
 21
-3.33681
  0
LINE
  8
0
 10
0.700974
 20
-3.33681
 11
0.700317
 21
-3.334
  0
LINE
  8
0
 10
0.700317
 20
-3.334
 11
0.699783
 21
-3.33116
  0
LINE
  8
0
 10
0.699783
 20
-3.33116
 11
0.699356
 21
-3.32831
  0
LINE
  8
0
 10
0.699356
 20
-3.32831
 11
0.699051
 21
-3.32544
  0
LINE
  8
0
 10
0.699051
 20
-3.32544
 11
0.698868
 21
-3.32256
  0
LINE
  8
0
 10
0.698868
 20
-3.32256
 11
0.698807
 21
-3.31967
  0
LINE
  8
0
 10
0.698807
 20
-3.31967
 11
0.698868
 21
-3.31679
  0
LINE
  8
0
 10
0.698868
 20
-3.31679
 11
0.699051
 21
-3.31392
  0
LINE
  8
0
 10
0.699051
 20
-3.31392
 11
0.699356
 21
-3.31104
  0
LINE
  8
0
 10
0.699356
 20
-3.31104
 11
0.699783
 21
-3.30818
  0
LINE
  8
0
 10
0.699783
 20
-3.30818
 11
0.700317
 21
-3.30536
  0
LINE
  8
0
 10
0.700317
 20
-3.30536
 11
0.700974
 21
-3.30254
  0
LINE
  8
0
 10
0.700974
 20
-3.30254
 11
0.701752
 21
-3.29976
  0
LINE
  8
0
 10
0.701752
 20
-3.29976
 11
0.702652
 21
-3.29701
  0
LINE
  8
0
 10
0.702652
 20
-3.29701
 11
0.703644
 21
-3.29431
  0
LINE
  8
0
 10
0.703644
 20
-3.29431
 11
0.704773
 21
-3.29166
  0
LINE
  8
0
 10
0.704773
 20
-3.29166
 11
0.705994
 21
-3.28905
  0
LINE
  8
0
 10
0.705994
 20
-3.28905
 11
0.707336
 21
-3.28648
  0
LINE
  8
0
 10
0.707336
 20
-3.28648
 11
0.708771
 21
-3.28398
  0
LINE
  8
0
 10
0.708771
 20
-3.28398
 11
0.710327
 21
-3.28156
  0
LINE
  8
0
 10
0.710327
 20
-3.28156
 11
0.711975
 21
-3.27917
  0
LINE
  8
0
 10
0.711975
 20
-3.27917
 11
0.713715
 21
-3.27689
  0
LINE
  8
0
 10
0.713715
 20
-3.27689
 11
0.715561
 21
-3.27466
  0
LINE
  8
0
 10
0.715561
 20
-3.27466
 11
0.717484
 21
-3.27251
  0
LINE
  8
0
 10
0.717484
 20
-3.27251
 11
0.719498
 21
-3.27045
  0
LINE
  8
0
 10
0.719498
 20
-3.27045
 11
0.721603
 21
-3.26848
  0
LINE
  8
0
 10
0.721603
 20
-3.26848
 11
0.723785
 21
-3.26659
  0
LINE
  8
0
 10
0.723785
 20
-3.26659
 11
0.726059
 21
-3.2648
  0
LINE
  8
0
 10
0.726059
 20
-3.2648
 11
0.728394
 21
-3.26311
  0
LINE
  8
0
 10
0.728394
 20
-3.26311
 11
0.730789
 21
-3.26151
  0
LINE
  8
0
 10
0.730789
 20
-3.26151
 11
0.733261
 21
-3.26001
  0
LINE
  8
0
 10
0.733261
 20
-3.26001
 11
0.735794
 21
-3.25862
  0
LINE
  8
0
 10
0.735794
 20
-3.25862
 11
0.738373
 21
-3.25734
  0
LINE
  8
0
 10
0.738373
 20
-3.25734
 11
0.741013
 21
-3.25616
  0
LINE
  8
0
 10
0.741013
 20
-3.25616
 11
0.743698
 21
-3.2551
  0
LINE
  8
0
 10
0.743698
 20
-3.2551
 11
0.746414
 21
-3.25415
  0
LINE
  8
0
 10
0.746414
 20
-3.25415
 11
0.749176
 21
-3.25331
  0
LINE
  8
0
 10
0.749176
 20
-3.25331
 11
0.751984
 21
-3.25259
  0
LINE
  8
0
 10
0.751984
 20
-3.25259
 11
0.754807
 21
-3.252
  0
LINE
  8
0
 10
0.754807
 20
-3.252
 11
0.757645
 21
-3.25151
  0
LINE
  8
0
 10
0.757645
 20
-3.25151
 11
0.760513
 21
-3.25116
  0
LINE
  8
0
 10
0.760513
 20
-3.25116
 11
0.763382
 21
-3.25092
  0
LINE
  8
0
 10
0.763382
 20
-3.25092
 11
0.766266
 21
-3.25079
  0
LINE
  8
0
 10
0.766266
 20
-3.25079
 11
0.76915
 21
-3.25079
  0
LINE
  8
0
 10
0.76915
 20
-3.25079
 11
0.772034
 21
-3.25092
  0
LINE
  8
0
 10
0.772034
 20
-3.25092
 11
0.774918
 21
-3.25116
  0
LINE
  8
0
 10
0.774918
 20
-3.25116
 11
0.777771
 21
-3.25151
  0
LINE
  8
0
 10
0.777771
 20
-3.25151
 11
0.780624
 21
-3.252
  0
LINE
  8
0
 10
0.780624
 20
-3.252
 11
0.783447
 21
-3.25259
  0
LINE
  8
0
 10
0.783447
 20
-3.25259
 11
0.78624
 21
-3.25331
  0
LINE
  8
0
 10
0.78624
 20
-3.25331
 11
0.789001
 21
-3.25415
  0
LINE
  8
0
 10
0.789001
 20
-3.25415
 11
0.791733
 21
-3.2551
  0
LINE
  8
0
 10
0.791733
 20
-3.2551
 11
0.794403
 21
-3.25616
  0
LINE
  8
0
 10
0.794403
 20
-3.25616
 11
0.797043
 21
-3.25734
  0
LINE
  8
0
 10
0.797043
 20
-3.25734
 11
0.799637
 21
-3.25862
  0
LINE
  8
0
 10
0.799637
 20
-3.25862
 11
0.802155
 21
-3.26001
  0
LINE
  8
0
 10
0.802155
 20
-3.26001
 11
0.804626
 21
-3.26151
  0
LINE
  8
0
 10
0.804626
 20
-3.26151
 11
0.807037
 21
-3.26311
  0
LINE
  8
0
 10
0.807037
 20
-3.26311
 11
0.809372
 21
-3.2648
  0
LINE
  8
0
 10
0.809372
 20
-3.2648
 11
0.81163
 21
-3.26659
  0
LINE
  8
0
 10
0.81163
 20
-3.26659
 11
0.813812
 21
-3.26848
  0
LINE
  8
0
 10
0.813812
 20
-3.26848
 11
0.815918
 21
-3.27045
  0
LINE
  8
0
 10
0.815918
 20
-3.27045
 11
0.817932
 21
-3.27251
  0
LINE
  8
0
 10
0.817932
 20
-3.27251
 11
0.81987
 21
-3.27466
  0
LINE
  8
0
 10
0.81987
 20
-3.27466
 11
0.821701
 21
-3.27689
  0
LINE
  8
0
 10
0.821701
 20
-3.27689
 11
0.823456
 21
-3.27917
  0
LINE
  8
0
 10
0.823456
 20
-3.27917
 11
0.825104
 21
-3.28156
  0
LINE
  8
0
 10
0.825104
 20
-3.28156
 11
0.826645
 21
-3.28398
  0
LINE
  8
0
 10
0.826645
 20
-3.28398
 11
0.828079
 21
-3.28648
  0
LINE
  8
0
 10
0.828079
 20
-3.28648
 11
0.829422
 21
-3.28905
  0
LINE
  8
0
 10
0.829422
 20
-3.28905
 11
0.830658
 21
-3.29166
  0
LINE
  8
0
 10
0.830658
 20
-3.29166
 11
0.831772
 21
-3.29431
  0
LINE
  8
0
 10
0.831772
 20
-3.29431
 11
0.832779
 21
-3.29701
  0
LINE
  8
0
 10
0.832779
 20
-3.29701
 11
0.833664
 21
-3.29976
  0
LINE
  8
0
 10
0.833664
 20
-3.29976
 11
0.834442
 21
-3.30254
  0
LINE
  8
0
 10
0.834442
 20
-3.30254
 11
0.835098
 21
-3.30536
  0
LINE
  8
0
 10
0.835098
 20
-3.30536
 11
0.835648
 21
-3.30818
  0
LINE
  8
0
 10
0.835648
 20
-3.30818
 11
0.83606
 21
-3.31104
  0
LINE
  8
0
 10
0.83606
 20
-3.31104
 11
0.836365
 21
-3.31392
  0
LINE
  8
0
 10
0.836365
 20
-3.31392
 11
0.836548
 21
-3.31679
  0
LINE
  8
0
 10
0.836548
 20
-3.31679
 11
0.836609
 21
-3.31967
  0
LINE
  8
0
 10
0.836609
 20
-3.31967
 11
0.836548
 21
-3.32256
  0
LINE
  8
0
 10
0.836548
 20
-3.32256
 11
0.836365
 21
-3.32544
  0
LINE
  8
0
 10
0.836365
 20
-3.32544
 11
0.83606
 21
-3.32831
  0
LINE
  8
0
 10
0.83606
 20
-3.32831
 11
0.835648
 21
-3.33116
  0
LINE
  8
0
 10
0.835648
 20
-3.33116
 11
0.835098
 21
-3.334
  0
LINE
  8
0
 10
0.835098
 20
-3.334
 11
0.834442
 21
-3.33681
  0
LINE
  8
0
 10
0.834442
 20
-3.33681
 11
0.833664
 21
-3.33958
  0
LINE
  8
0
 10
0.833664
 20
-3.33958
 11
0.832779
 21
-3.34233
  0
LINE
  8
0
 10
0.832779
 20
-3.34233
 11
0.831772
 21
-3.34505
  0
LINE
  8
0
 10
0.831772
 20
-3.34505
 11
0.830658
 21
-3.3477
  0
LINE
  8
0
 10
0.830658
 20
-3.3477
 11
0.829422
 21
-3.35031
  0
LINE
  8
0
 10
0.829422
 20
-3.35031
 11
0.828079
 21
-3.35287
  0
LINE
  8
0
 10
0.828079
 20
-3.35287
 11
0.826645
 21
-3.35536
  0
LINE
  8
0
 10
0.826645
 20
-3.35536
 11
0.825104
 21
-3.3578
  0
LINE
  8
0
 10
0.825104
 20
-3.3578
 11
0.823456
 21
-3.36017
  0
LINE
  8
0
 10
0.823456
 20
-3.36017
 11
0.821701
 21
-3.36247
  0
LINE
  8
0
 10
0.821701
 20
-3.36247
 11
0.81987
 21
-3.3647
  0
LINE
  8
0
 10
0.81987
 20
-3.3647
 11
0.817932
 21
-3.36684
  0
LINE
  8
0
 10
0.817932
 20
-3.36684
 11
0.815918
 21
-3.3689
  0
LINE
  8
0
 10
0.815918
 20
-3.3689
 11
0.813812
 21
-3.37088
  0
LINE
  8
0
 10
0.813812
 20
-3.37088
 11
0.81163
 21
-3.37276
  0
LINE
  8
0
 10
0.81163
 20
-3.37276
 11
0.809372
 21
-3.37456
  0
LINE
  8
0
 10
0.809372
 20
-3.37456
 11
0.807037
 21
-3.37625
  0
LINE
  8
0
 10
0.807037
 20
-3.37625
 11
0.804626
 21
-3.37785
  0
LINE
  8
0
 10
0.804626
 20
-3.37785
 11
0.802155
 21
-3.37935
  0
LINE
  8
0
 10
0.802155
 20
-3.37935
 11
0.799637
 21
-3.38074
  0
LINE
  8
0
 10
0.799637
 20
-3.38074
 11
0.797043
 21
-3.38202
  0
LINE
  8
0
 10
0.797043
 20
-3.38202
 11
0.794403
 21
-3.38319
  0
LINE
  8
0
 10
0.794403
 20
-3.38319
 11
0.791733
 21
-3.38425
  0
LINE
  8
0
 10
0.791733
 20
-3.38425
 11
0.789001
 21
-3.38521
  0
LINE
  8
0
 10
0.789001
 20
-3.38521
 11
0.78624
 21
-3.38603
  0
LINE
  8
0
 10
0.78624
 20
-3.38603
 11
0.783447
 21
-3.38675
  0
LINE
  8
0
 10
0.783447
 20
-3.38675
 11
0.780624
 21
-3.38736
  0
LINE
  8
0
 10
0.780624
 20
-3.38736
 11
0.777771
 21
-3.38783
  0
LINE
  8
0
 10
0.777771
 20
-3.38783
 11
0.774918
 21
-3.3882
  0
LINE
  8
0
 10
0.774918
 20
-3.3882
 11
0.772034
 21
-3.38844
  0
LINE
  8
0
 10
0.772034
 20
-3.38844
 11
0.76915
 21
-3.38857
  0
LINE
  8
0
 10
0.76915
 20
-3.38857
 11
0.766266
 21
-3.38857
  0
LINE
  8
0
 10
-0.76915
 20
-3.38857
 11
-0.772034
 21
-3.38844
  0
LINE
  8
0
 10
-0.772034
 20
-3.38844
 11
-0.774918
 21
-3.3882
  0
LINE
  8
0
 10
-0.774918
 20
-3.3882
 11
-0.777771
 21
-3.38783
  0
LINE
  8
0
 10
-0.777771
 20
-3.38783
 11
-0.780624
 21
-3.38736
  0
LINE
  8
0
 10
-0.780624
 20
-3.38736
 11
-0.783447
 21
-3.38675
  0
LINE
  8
0
 10
-0.783447
 20
-3.38675
 11
-0.78624
 21
-3.38603
  0
LINE
  8
0
 10
-0.78624
 20
-3.38603
 11
-0.789001
 21
-3.38521
  0
LINE
  8
0
 10
-0.789001
 20
-3.38521
 11
-0.791733
 21
-3.38425
  0
LINE
  8
0
 10
-0.791733
 20
-3.38425
 11
-0.794403
 21
-3.38319
  0
LINE
  8
0
 10
-0.794403
 20
-3.38319
 11
-0.797043
 21
-3.38202
  0
LINE
  8
0
 10
-0.797043
 20
-3.38202
 11
-0.799637
 21
-3.38074
  0
LINE
  8
0
 10
-0.799637
 20
-3.38074
 11
-0.802155
 21
-3.37935
  0
LINE
  8
0
 10
-0.802155
 20
-3.37935
 11
-0.804626
 21
-3.37785
  0
LINE
  8
0
 10
-0.804626
 20
-3.37785
 11
-0.807037
 21
-3.37625
  0
LINE
  8
0
 10
-0.807037
 20
-3.37625
 11
-0.809372
 21
-3.37456
  0
LINE
  8
0
 10
-0.809372
 20
-3.37456
 11
-0.81163
 21
-3.37276
  0
LINE
  8
0
 10
-0.81163
 20
-3.37276
 11
-0.813812
 21
-3.37088
  0
LINE
  8
0
 10
-0.813812
 20
-3.37088
 11
-0.815918
 21
-3.3689
  0
LINE
  8
0
 10
-0.815918
 20
-3.3689
 11
-0.817932
 21
-3.36684
  0
LINE
  8
0
 10
-0.817932
 20
-3.36684
 11
-0.81987
 21
-3.3647
  0
LINE
  8
0
 10
-0.81987
 20
-3.3647
 11
-0.821701
 21
-3.36247
  0
LINE
  8
0
 10
-0.821701
 20
-3.36247
 11
-0.823456
 21
-3.36017
  0
LINE
  8
0
 10
-0.823456
 20
-3.36017
 11
-0.825104
 21
-3.3578
  0
LINE
  8
0
 10
-0.825104
 20
-3.3578
 11
-0.826645
 21
-3.35536
  0
LINE
  8
0
 10
-0.826645
 20
-3.35536
 11
-0.828079
 21
-3.35287
  0
LINE
  8
0
 10
-0.828079
 20
-3.35287
 11
-0.829422
 21
-3.35031
  0
LINE
  8
0
 10
-0.829422
 20
-3.35031
 11
-0.830658
 21
-3.3477
  0
LINE
  8
0
 10
-0.830658
 20
-3.3477
 11
-0.831772
 21
-3.34505
  0
LINE
  8
0
 10
-0.831772
 20
-3.34505
 11
-0.832779
 21
-3.34233
  0
LINE
  8
0
 10
-0.832779
 20
-3.34233
 11
-0.833664
 21
-3.33958
  0
LINE
  8
0
 10
-0.833664
 20
-3.33958
 11
-0.834442
 21
-3.33681
  0
LINE
  8
0
 10
-0.834442
 20
-3.33681
 11
-0.835098
 21
-3.334
  0
LINE
  8
0
 10
-0.835098
 20
-3.334
 11
-0.835648
 21
-3.33116
  0
LINE
  8
0
 10
-0.835648
 20
-3.33116
 11
-0.83606
 21
-3.32831
  0
LINE
  8
0
 10
-0.83606
 20
-3.32831
 11
-0.836365
 21
-3.32544
  0
LINE
  8
0
 10
-0.836365
 20
-3.32544
 11
-0.836548
 21
-3.32256
  0
LINE
  8
0
 10
-0.836548
 20
-3.32256
 11
-0.836609
 21
-3.31967
  0
LINE
  8
0
 10
-0.836609
 20
-3.31967
 11
-0.836548
 21
-3.31679
  0
LINE
  8
0
 10
-0.836548
 20
-3.31679
 11
-0.836365
 21
-3.31392
  0
LINE
  8
0
 10
-0.836365
 20
-3.31392
 11
-0.83606
 21
-3.31104
  0
LINE
  8
0
 10
-0.83606
 20
-3.31104
 11
-0.835648
 21
-3.30818
  0
LINE
  8
0
 10
-0.835648
 20
-3.30818
 11
-0.835098
 21
-3.30536
  0
LINE
  8
0
 10
-0.835098
 20
-3.30536
 11
-0.834442
 21
-3.30254
  0
LINE
  8
0
 10
-0.834442
 20
-3.30254
 11
-0.833664
 21
-3.29976
  0
LINE
  8
0
 10
-0.833664
 20
-3.29976
 11
-0.832779
 21
-3.29701
  0
LINE
  8
0
 10
-0.832779
 20
-3.29701
 11
-0.831772
 21
-3.29431
  0
LINE
  8
0
 10
-0.831772
 20
-3.29431
 11
-0.830658
 21
-3.29166
  0
LINE
  8
0
 10
-0.830658
 20
-3.29166
 11
-0.829422
 21
-3.28905
  0
LINE
  8
0
 10
-0.829422
 20
-3.28905
 11
-0.828079
 21
-3.28648
  0
LINE
  8
0
 10
-0.828079
 20
-3.28648
 11
-0.826645
 21
-3.28398
  0
LINE
  8
0
 10
-0.826645
 20
-3.28398
 11
-0.825104
 21
-3.28156
  0
LINE
  8
0
 10
-0.825104
 20
-3.28156
 11
-0.823456
 21
-3.27917
  0
LINE
  8
0
 10
-0.823456
 20
-3.27917
 11
-0.821701
 21
-3.27689
  0
LINE
  8
0
 10
-0.821701
 20
-3.27689
 11
-0.81987
 21
-3.27466
  0
LINE
  8
0
 10
-0.81987
 20
-3.27466
 11
-0.817932
 21
-3.27251
  0
LINE
  8
0
 10
-0.817932
 20
-3.27251
 11
-0.815918
 21
-3.27045
  0
LINE
  8
0
 10
-0.815918
 20
-3.27045
 11
-0.813812
 21
-3.26848
  0
LINE
  8
0
 10
-0.813812
 20
-3.26848
 11
-0.81163
 21
-3.26659
  0
LINE
  8
0
 10
-0.81163
 20
-3.26659
 11
-0.809372
 21
-3.2648
  0
LINE
  8
0
 10
-0.809372
 20
-3.2648
 11
-0.807037
 21
-3.26311
  0
LINE
  8
0
 10
-0.807037
 20
-3.26311
 11
-0.804626
 21
-3.26151
  0
LINE
  8
0
 10
-0.804626
 20
-3.26151
 11
-0.802155
 21
-3.26001
  0
LINE
  8
0
 10
-0.802155
 20
-3.26001
 11
-0.799637
 21
-3.25862
  0
LINE
  8
0
 10
-0.799637
 20
-3.25862
 11
-0.797043
 21
-3.25734
  0
LINE
  8
0
 10
-0.797043
 20
-3.25734
 11
-0.794403
 21
-3.25616
  0
LINE
  8
0
 10
-0.794403
 20
-3.25616
 11
-0.791733
 21
-3.2551
  0
LINE
  8
0
 10
-0.791733
 20
-3.2551
 11
-0.789001
 21
-3.25415
  0
LINE
  8
0
 10
-0.789001
 20
-3.25415
 11
-0.78624
 21
-3.25331
  0
LINE
  8
0
 10
-0.78624
 20
-3.25331
 11
-0.783447
 21
-3.25259
  0
LINE
  8
0
 10
-0.783447
 20
-3.25259
 11
-0.780624
 21
-3.252
  0
LINE
  8
0
 10
-0.780624
 20
-3.252
 11
-0.777771
 21
-3.25151
  0
LINE
  8
0
 10
-0.777771
 20
-3.25151
 11
-0.774918
 21
-3.25116
  0
LINE
  8
0
 10
-0.774918
 20
-3.25116
 11
-0.772034
 21
-3.25092
  0
LINE
  8
0
 10
-0.772034
 20
-3.25092
 11
-0.76915
 21
-3.25079
  0
LINE
  8
0
 10
-0.76915
 20
-3.25079
 11
-0.766266
 21
-3.25079
  0
LINE
  8
0
 10
-0.766266
 20
-3.25079
 11
-0.763382
 21
-3.25092
  0
LINE
  8
0
 10
-0.763382
 20
-3.25092
 11
-0.760513
 21
-3.25116
  0
LINE
  8
0
 10
-0.760513
 20
-3.25116
 11
-0.757645
 21
-3.25151
  0
LINE
  8
0
 10
-0.757645
 20
-3.25151
 11
-0.754807
 21
-3.252
  0
LINE
  8
0
 10
-0.754807
 20
-3.252
 11
-0.751984
 21
-3.25259
  0
LINE
  8
0
 10
-0.751984
 20
-3.25259
 11
-0.749176
 21
-3.25331
  0
LINE
  8
0
 10
-0.749176
 20
-3.25331
 11
-0.746414
 21
-3.25415
  0
LINE
  8
0
 10
-0.746414
 20
-3.25415
 11
-0.743698
 21
-3.2551
  0
LINE
  8
0
 10
-0.743698
 20
-3.2551
 11
-0.741013
 21
-3.25616
  0
LINE
  8
0
 10
-0.741013
 20
-3.25616
 11
-0.738373
 21
-3.25734
  0
LINE
  8
0
 10
-0.738373
 20
-3.25734
 11
-0.735794
 21
-3.25862
  0
LINE
  8
0
 10
-0.735794
 20
-3.25862
 11
-0.733261
 21
-3.26001
  0
LINE
  8
0
 10
-0.733261
 20
-3.26001
 11
-0.730789
 21
-3.26151
  0
LINE
  8
0
 10
-0.730789
 20
-3.26151
 11
-0.728394
 21
-3.26311
  0
LINE
  8
0
 10
-0.728394
 20
-3.26311
 11
-0.726059
 21
-3.2648
  0
LINE
  8
0
 10
-0.726059
 20
-3.2648
 11
-0.723785
 21
-3.26659
  0
LINE
  8
0
 10
-0.723785
 20
-3.26659
 11
-0.721603
 21
-3.26848
  0
LINE
  8
0
 10
-0.721603
 20
-3.26848
 11
-0.719498
 21
-3.27045
  0
LINE
  8
0
 10
-0.719498
 20
-3.27045
 11
-0.717484
 21
-3.27251
  0
LINE
  8
0
 10
-0.717484
 20
-3.27251
 11
-0.715561
 21
-3.27466
  0
LINE
  8
0
 10
-0.715561
 20
-3.27466
 11
-0.713715
 21
-3.27689
  0
LINE
  8
0
 10
-0.713715
 20
-3.27689
 11
-0.711975
 21
-3.27917
  0
LINE
  8
0
 10
-0.711975
 20
-3.27917
 11
-0.710327
 21
-3.28156
  0
LINE
  8
0
 10
-0.710327
 20
-3.28156
 11
-0.708771
 21
-3.28398
  0
LINE
  8
0
 10
-0.708771
 20
-3.28398
 11
-0.707336
 21
-3.28648
  0
LINE
  8
0
 10
-0.707336
 20
-3.28648
 11
-0.705994
 21
-3.28905
  0
LINE
  8
0
 10
-0.705994
 20
-3.28905
 11
-0.704773
 21
-3.29166
  0
LINE
  8
0
 10
-0.704773
 20
-3.29166
 11
-0.703644
 21
-3.29431
  0
LINE
  8
0
 10
-0.703644
 20
-3.29431
 11
-0.702652
 21
-3.29701
  0
LINE
  8
0
 10
-0.702652
 20
-3.29701
 11
-0.701752
 21
-3.29976
  0
LINE
  8
0
 10
-0.701752
 20
-3.29976
 11
-0.700974
 21
-3.30254
  0
LINE
  8
0
 10
-0.700974
 20
-3.30254
 11
-0.700317
 21
-3.30536
  0
LINE
  8
0
 10
-0.700317
 20
-3.30536
 11
-0.699783
 21
-3.30818
  0
LINE
  8
0
 10
-0.699783
 20
-3.30818
 11
-0.699356
 21
-3.31104
  0
LINE
  8
0
 10
-0.699356
 20
-3.31104
 11
-0.699051
 21
-3.31392
  0
LINE
  8
0
 10
-0.699051
 20
-3.31392
 11
-0.698868
 21
-3.31679
  0
LINE
  8
0
 10
-0.698868
 20
-3.31679
 11
-0.698807
 21
-3.31967
  0
LINE
  8
0
 10
-0.698807
 20
-3.31967
 11
-0.698868
 21
-3.32256
  0
LINE
  8
0
 10
-0.698868
 20
-3.32256
 11
-0.699051
 21
-3.32544
  0
LINE
  8
0
 10
-0.699051
 20
-3.32544
 11
-0.699356
 21
-3.32831
  0
LINE
  8
0
 10
-0.699356
 20
-3.32831
 11
-0.699783
 21
-3.33116
  0
LINE
  8
0
 10
-0.699783
 20
-3.33116
 11
-0.700317
 21
-3.334
  0
LINE
  8
0
 10
-0.700317
 20
-3.334
 11
-0.700974
 21
-3.33681
  0
LINE
  8
0
 10
-0.700974
 20
-3.33681
 11
-0.701752
 21
-3.33958
  0
LINE
  8
0
 10
-0.701752
 20
-3.33958
 11
-0.702652
 21
-3.34233
  0
LINE
  8
0
 10
-0.702652
 20
-3.34233
 11
-0.703644
 21
-3.34505
  0
LINE
  8
0
 10
-0.703644
 20
-3.34505
 11
-0.704773
 21
-3.3477
  0
LINE
  8
0
 10
-0.704773
 20
-3.3477
 11
-0.705994
 21
-3.35031
  0
LINE
  8
0
 10
-0.705994
 20
-3.35031
 11
-0.707336
 21
-3.35287
  0
LINE
  8
0
 10
-0.707336
 20
-3.35287
 11
-0.708771
 21
-3.35536
  0
LINE
  8
0
 10
-0.708771
 20
-3.35536
 11
-0.710327
 21
-3.3578
  0
LINE
  8
0
 10
-0.710327
 20
-3.3578
 11
-0.711975
 21
-3.36017
  0
LINE
  8
0
 10
-0.711975
 20
-3.36017
 11
-0.713715
 21
-3.36247
  0
LINE
  8
0
 10
-0.713715
 20
-3.36247
 11
-0.715561
 21
-3.3647
  0
LINE
  8
0
 10
-0.715561
 20
-3.3647
 11
-0.717484
 21
-3.36684
  0
LINE
  8
0
 10
-0.717484
 20
-3.36684
 11
-0.719498
 21
-3.3689
  0
LINE
  8
0
 10
-0.719498
 20
-3.3689
 11
-0.721603
 21
-3.37088
  0
LINE
  8
0
 10
-0.721603
 20
-3.37088
 11
-0.723785
 21
-3.37276
  0
LINE
  8
0
 10
-0.723785
 20
-3.37276
 11
-0.726059
 21
-3.37456
  0
LINE
  8
0
 10
-0.726059
 20
-3.37456
 11
-0.728394
 21
-3.37625
  0
LINE
  8
0
 10
-0.728394
 20
-3.37625
 11
-0.730789
 21
-3.37785
  0
LINE
  8
0
 10
-0.730789
 20
-3.37785
 11
-0.733261
 21
-3.37935
  0
LINE
  8
0
 10
-0.733261
 20
-3.37935
 11
-0.735794
 21
-3.38074
  0
LINE
  8
0
 10
-0.735794
 20
-3.38074
 11
-0.738373
 21
-3.38202
  0
LINE
  8
0
 10
-0.738373
 20
-3.38202
 11
-0.741013
 21
-3.38319
  0
LINE
  8
0
 10
-0.741013
 20
-3.38319
 11
-0.743698
 21
-3.38425
  0
LINE
  8
0
 10
-0.743698
 20
-3.38425
 11
-0.746414
 21
-3.38521
  0
LINE
  8
0
 10
-0.746414
 20
-3.38521
 11
-0.749176
 21
-3.38603
  0
LINE
  8
0
 10
-0.749176
 20
-3.38603
 11
-0.751984
 21
-3.38675
  0
LINE
  8
0
 10
-0.751984
 20
-3.38675
 11
-0.754807
 21
-3.38736
  0
LINE
  8
0
 10
-0.754807
 20
-3.38736
 11
-0.757645
 21
-3.38783
  0
LINE
  8
0
 10
-0.757645
 20
-3.38783
 11
-0.760513
 21
-3.3882
  0
LINE
  8
0
 10
-0.760513
 20
-3.3882
 11
-0.763382
 21
-3.38844
  0
LINE
  8
0
 10
-0.763382
 20
-3.38844
 11
-0.766266
 21
-3.38857
  0
LINE
  8
0
 10
-0.766266
 20
-3.38857
 11
-0.76915
 21
-3.38857
  0
LINE
  8
0
 10
4.96233
 20
1.88576
 11
4.96198
 21
1.8824
  0
LINE
  8
0
 10
4.96198
 20
1.8824
 11
4.96149
 21
1.87906
  0
LINE
  8
0
 10
4.96149
 20
1.87906
 11
4.96085
 21
1.87573
  0
LINE
  8
0
 10
4.96085
 20
1.87573
 11
4.96007
 21
1.87244
  0
LINE
  8
0
 10
4.96007
 20
1.87244
 11
4.95917
 21
1.86919
  0
LINE
  8
0
 10
4.95917
 20
1.86919
 11
4.95811
 21
1.86597
  0
LINE
  8
0
 10
4.95811
 20
1.86597
 11
4.95694
 21
1.86281
  0
LINE
  8
0
 10
4.95694
 20
1.86281
 11
4.95563
 21
1.85968
  0
LINE
  8
0
 10
4.95563
 20
1.85968
 11
4.95419
 21
1.85663
  0
LINE
  8
0
 10
4.95419
 20
1.85663
 11
4.95262
 21
1.85364
  0
LINE
  8
0
 10
4.95262
 20
1.85364
 11
4.95094
 21
1.85071
  0
LINE
  8
0
 10
4.95094
 20
1.85071
 11
4.94913
 21
1.84785
  0
LINE
  8
0
 10
4.94913
 20
1.84785
 11
4.94719
 21
1.84508
  0
LINE
  8
0
 10
4.94719
 20
1.84508
 11
4.94514
 21
1.84238
  0
LINE
  8
0
 10
4.94514
 20
1.84238
 11
4.94299
 21
1.83978
  0
LINE
  8
0
 10
4.94299
 20
1.83978
 11
4.94073
 21
1.83727
  0
LINE
  8
0
 10
4.94073
 20
1.83727
 11
4.93837
 21
1.83485
  0
LINE
  8
0
 10
4.93837
 20
1.83485
 11
4.93591
 21
1.83253
  0
LINE
  8
0
 10
4.93591
 20
1.83253
 11
4.93335
 21
1.83032
  0
LINE
  8
0
 10
4.93335
 20
1.83032
 11
4.93069
 21
1.82823
  0
LINE
  8
0
 10
4.93069
 20
1.82823
 11
4.92796
 21
1.82623
  0
LINE
  8
0
 10
4.92796
 20
1.82623
 11
4.92514
 21
1.82437
  0
LINE
  8
0
 10
4.92514
 20
1.82437
 11
4.92226
 21
1.82262
  0
LINE
  8
0
 10
4.92226
 20
1.82262
 11
4.9193
 21
1.82098
  0
LINE
  8
0
 10
4.9193
 20
1.82098
 11
4.91626
 21
1.81949
  0
LINE
  8
0
 10
4.91626
 20
1.81949
 11
4.91318
 21
1.81812
  0
LINE
  8
0
 10
4.91318
 20
1.81812
 11
4.91003
 21
1.81686
  0
LINE
  8
0
 10
4.91003
 20
1.81686
 11
4.90685
 21
1.81575
  0
LINE
  8
0
 10
4.90685
 20
1.81575
 11
4.90361
 21
1.81477
  0
LINE
  8
0
 10
4.90361
 20
1.81477
 11
4.90033
 21
1.81393
  0
LINE
  8
0
 10
4.90033
 20
1.81393
 11
4.89702
 21
1.81323
  0
LINE
  8
0
 10
4.89702
 20
1.81323
 11
4.89369
 21
1.81267
  0
LINE
  8
0
 10
4.89369
 20
1.81267
 11
4.89034
 21
1.81224
  0
LINE
  8
0
 10
4.89034
 20
1.81224
 11
4.88696
 21
1.81197
  0
LINE
  8
0
 10
4.88696
 20
1.81197
 11
4.88359
 21
1.81183
  0
LINE
  8
0
 10
4.88359
 20
1.81183
 11
4.88022
 21
1.81183
  0
LINE
  8
0
 10
4.88022
 20
1.81183
 11
4.87683
 21
1.81197
  0
LINE
  8
0
 10
4.87683
 20
1.81197
 11
4.87346
 21
1.81224
  0
LINE
  8
0
 10
4.87346
 20
1.81224
 11
4.87012
 21
1.81267
  0
LINE
  8
0
 10
4.87012
 20
1.81267
 11
4.86678
 21
1.81323
  0
LINE
  8
0
 10
4.86678
 20
1.81323
 11
4.86346
 21
1.81393
  0
LINE
  8
0
 10
4.86346
 20
1.81393
 11
4.8602
 21
1.81477
  0
LINE
  8
0
 10
4.8602
 20
1.81477
 11
4.85696
 21
1.81575
  0
LINE
  8
0
 10
4.85696
 20
1.81575
 11
4.85378
 21
1.81686
  0
LINE
  8
0
 10
4.85378
 20
1.81686
 11
4.85063
 21
1.81812
  0
LINE
  8
0
 10
4.85063
 20
1.81812
 11
4.84753
 21
1.81949
  0
LINE
  8
0
 10
4.84753
 20
1.81949
 11
4.84451
 21
1.82098
  0
LINE
  8
0
 10
4.84451
 20
1.82098
 11
4.84155
 21
1.82262
  0
LINE
  8
0
 10
4.84155
 20
1.82262
 11
4.83865
 21
1.82437
  0
LINE
  8
0
 10
4.83865
 20
1.82437
 11
4.83585
 21
1.82623
  0
LINE
  8
0
 10
4.83585
 20
1.82623
 11
4.8331
 21
1.82823
  0
LINE
  8
0
 10
4.8331
 20
1.82823
 11
4.83046
 21
1.83032
  0
LINE
  8
0
 10
4.83046
 20
1.83032
 11
4.8279
 21
1.83253
  0
LINE
  8
0
 10
4.8279
 20
1.83253
 11
4.82544
 21
1.83485
  0
LINE
  8
0
 10
4.82544
 20
1.83485
 11
4.82307
 21
1.83727
  0
LINE
  8
0
 10
4.82307
 20
1.83727
 11
4.8208
 21
1.83978
  0
LINE
  8
0
 10
4.8208
 20
1.83978
 11
4.81865
 21
1.84238
  0
LINE
  8
0
 10
4.81865
 20
1.84238
 11
4.8166
 21
1.84508
  0
LINE
  8
0
 10
4.8166
 20
1.84508
 11
4.81468
 21
1.84785
  0
LINE
  8
0
 10
4.81468
 20
1.84785
 11
4.81287
 21
1.85071
  0
LINE
  8
0
 10
4.81287
 20
1.85071
 11
4.81117
 21
1.85364
  0
LINE
  8
0
 10
4.81117
 20
1.85364
 11
4.80962
 21
1.85663
  0
LINE
  8
0
 10
4.80962
 20
1.85663
 11
4.80817
 21
1.85968
  0
LINE
  8
0
 10
4.80817
 20
1.85968
 11
4.80685
 21
1.86281
  0
LINE
  8
0
 10
4.80685
 20
1.86281
 11
4.80568
 21
1.86597
  0
LINE
  8
0
 10
4.80568
 20
1.86597
 11
4.80464
 21
1.86919
  0
LINE
  8
0
 10
4.80464
 20
1.86919
 11
4.80373
 21
1.87244
  0
LINE
  8
0
 10
4.80373
 20
1.87244
 11
4.80296
 21
1.87573
  0
LINE
  8
0
 10
4.80296
 20
1.87573
 11
4.80232
 21
1.87906
  0
LINE
  8
0
 10
4.80232
 20
1.87906
 11
4.80183
 21
1.8824
  0
LINE
  8
0
 10
4.80183
 20
1.8824
 11
4.80147
 21
1.88576
  0
LINE
  8
0
 10
4.80147
 20
1.88576
 11
4.80127
 21
1.88913
  0
LINE
  8
0
 10
4.80127
 20
1.88913
 11
4.80119
 21
1.89252
  0
LINE
  8
0
 10
4.80119
 20
1.89252
 11
4.80127
 21
1.89589
  0
LINE
  8
0
 10
4.80127
 20
1.89589
 11
4.80147
 21
1.89926
  0
LINE
  8
0
 10
4.80147
 20
1.89926
 11
4.80183
 21
1.90263
  0
LINE
  8
0
 10
4.80183
 20
1.90263
 11
4.80232
 21
1.90598
  0
LINE
  8
0
 10
4.80232
 20
1.90598
 11
4.80296
 21
1.90929
  0
LINE
  8
0
 10
4.80296
 20
1.90929
 11
4.80373
 21
1.91258
  0
LINE
  8
0
 10
4.80373
 20
1.91258
 11
4.80464
 21
1.91583
  0
LINE
  8
0
 10
4.80464
 20
1.91583
 11
4.80568
 21
1.91905
  0
LINE
  8
0
 10
4.80568
 20
1.91905
 11
4.80685
 21
1.92223
  0
LINE
  8
0
 10
4.80685
 20
1.92223
 11
4.80817
 21
1.92534
  0
LINE
  8
0
 10
4.80817
 20
1.92534
 11
4.80962
 21
1.92839
  0
LINE
  8
0
 10
4.80962
 20
1.92839
 11
4.81117
 21
1.9314
  0
LINE
  8
0
 10
4.81117
 20
1.9314
 11
4.81287
 21
1.93433
  0
LINE
  8
0
 10
4.81287
 20
1.93433
 11
4.81468
 21
1.93718
  0
LINE
  8
0
 10
4.81468
 20
1.93718
 11
4.8166
 21
1.93996
  0
LINE
  8
0
 10
4.8166
 20
1.93996
 11
4.81865
 21
1.94264
  0
LINE
  8
0
 10
4.81865
 20
1.94264
 11
4.8208
 21
1.94525
  0
LINE
  8
0
 10
4.8208
 20
1.94525
 11
4.82307
 21
1.94775
  0
LINE
  8
0
 10
4.82307
 20
1.94775
 11
4.82544
 21
1.95018
  0
LINE
  8
0
 10
4.82544
 20
1.95018
 11
4.8279
 21
1.95248
  0
LINE
  8
0
 10
4.8279
 20
1.95248
 11
4.83046
 21
1.9547
  0
LINE
  8
0
 10
4.83046
 20
1.9547
 11
4.8331
 21
1.9568
  0
LINE
  8
0
 10
4.8331
 20
1.9568
 11
4.83585
 21
1.95879
  0
LINE
  8
0
 10
4.83585
 20
1.95879
 11
4.83865
 21
1.96066
  0
LINE
  8
0
 10
4.83865
 20
1.96066
 11
4.84155
 21
1.9624
  0
LINE
  8
0
 10
4.84155
 20
1.9624
 11
4.84451
 21
1.96404
  0
LINE
  8
0
 10
4.84451
 20
1.96404
 11
4.84753
 21
1.96555
  0
LINE
  8
0
 10
4.84753
 20
1.96555
 11
4.85063
 21
1.96692
  0
LINE
  8
0
 10
4.85063
 20
1.96692
 11
4.85378
 21
1.96815
  0
LINE
  8
0
 10
4.85378
 20
1.96815
 11
4.85696
 21
1.96927
  0
LINE
  8
0
 10
4.85696
 20
1.96927
 11
4.8602
 21
1.97025
  0
LINE
  8
0
 10
4.8602
 20
1.97025
 11
4.86346
 21
1.97108
  0
LINE
  8
0
 10
4.86346
 20
1.97108
 11
4.86678
 21
1.97179
  0
LINE
  8
0
 10
4.86678
 20
1.97179
 11
4.87012
 21
1.97235
  0
LINE
  8
0
 10
4.87012
 20
1.97235
 11
4.87346
 21
1.97278
  0
LINE
  8
0
 10
4.87346
 20
1.97278
 11
4.87683
 21
1.97307
  0
LINE
  8
0
 10
4.87683
 20
1.97307
 11
4.88022
 21
1.97321
  0
LINE
  8
0
 10
4.88022
 20
1.97321
 11
4.88359
 21
1.97321
  0
LINE
  8
0
 10
4.88359
 20
1.97321
 11
4.88696
 21
1.97307
  0
LINE
  8
0
 10
4.88696
 20
1.97307
 11
4.89034
 21
1.97278
  0
LINE
  8
0
 10
4.89034
 20
1.97278
 11
4.89369
 21
1.97235
  0
LINE
  8
0
 10
4.89369
 20
1.97235
 11
4.89702
 21
1.97179
  0
LINE
  8
0
 10
4.89702
 20
1.97179
 11
4.90033
 21
1.97108
  0
LINE
  8
0
 10
4.90033
 20
1.97108
 11
4.90361
 21
1.97025
  0
LINE
  8
0
 10
4.90361
 20
1.97025
 11
4.90685
 21
1.96927
  0
LINE
  8
0
 10
4.90685
 20
1.96927
 11
4.91003
 21
1.96815
  0
LINE
  8
0
 10
4.91003
 20
1.96815
 11
4.91318
 21
1.96692
  0
LINE
  8
0
 10
4.91318
 20
1.96692
 11
4.91626
 21
1.96555
  0
LINE
  8
0
 10
4.91626
 20
1.96555
 11
4.9193
 21
1.96404
  0
LINE
  8
0
 10
4.9193
 20
1.96404
 11
4.92226
 21
1.9624
  0
LINE
  8
0
 10
4.92226
 20
1.9624
 11
4.92514
 21
1.96066
  0
LINE
  8
0
 10
4.92514
 20
1.96066
 11
4.92796
 21
1.95879
  0
LINE
  8
0
 10
4.92796
 20
1.95879
 11
4.93069
 21
1.9568
  0
LINE
  8
0
 10
4.93069
 20
1.9568
 11
4.93335
 21
1.9547
  0
LINE
  8
0
 10
4.93335
 20
1.9547
 11
4.93591
 21
1.95248
  0
LINE
  8
0
 10
4.93591
 20
1.95248
 11
4.93837
 21
1.95018
  0
LINE
  8
0
 10
4.93837
 20
1.95018
 11
4.94073
 21
1.94775
  0
LINE
  8
0
 10
4.94073
 20
1.94775
 11
4.94299
 21
1.94525
  0
LINE
  8
0
 10
4.94299
 20
1.94525
 11
4.94514
 21
1.94264
  0
LINE
  8
0
 10
4.94514
 20
1.94264
 11
4.94719
 21
1.93996
  0
LINE
  8
0
 10
4.94719
 20
1.93996
 11
4.94913
 21
1.93718
  0
LINE
  8
0
 10
4.94913
 20
1.93718
 11
4.95094
 21
1.93433
  0
LINE
  8
0
 10
4.95094
 20
1.93433
 11
4.95262
 21
1.9314
  0
LINE
  8
0
 10
4.95262
 20
1.9314
 11
4.95419
 21
1.92839
  0
LINE
  8
0
 10
4.95419
 20
1.92839
 11
4.95563
 21
1.92534
  0
LINE
  8
0
 10
4.95563
 20
1.92534
 11
4.95694
 21
1.92223
  0
LINE
  8
0
 10
4.95694
 20
1.92223
 11
4.95811
 21
1.91905
  0
LINE
  8
0
 10
4.95811
 20
1.91905
 11
4.95917
 21
1.91583
  0
LINE
  8
0
 10
4.95917
 20
1.91583
 11
4.96007
 21
1.91258
  0
LINE
  8
0
 10
4.96007
 20
1.91258
 11
4.96085
 21
1.90929
  0
LINE
  8
0
 10
4.96085
 20
1.90929
 11
4.96149
 21
1.90598
  0
LINE
  8
0
 10
4.96149
 20
1.90598
 11
4.96198
 21
1.90263
  0
LINE
  8
0
 10
4.96198
 20
1.90263
 11
4.96233
 21
1.89926
  0
LINE
  8
0
 10
4.96233
 20
1.89926
 11
4.96254
 21
1.89589
  0
LINE
  8
0
 10
4.96254
 20
1.89589
 11
4.96262
 21
1.89252
  0
LINE
  8
0
 10
4.96262
 20
1.89252
 11
4.96254
 21
1.88913
  0
LINE
  8
0
 10
4.96254
 20
1.88913
 11
4.96233
 21
1.88576
  0
LINE
  8
0
 10
-2.03543
 20
1.81267
 11
-2.03879
 21
1.81224
  0
LINE
  8
0
 10
-2.03879
 20
1.81224
 11
-2.04214
 21
1.81197
  0
LINE
  8
0
 10
-2.04214
 20
1.81197
 11
-2.04553
 21
1.81183
  0
LINE
  8
0
 10
-2.04553
 20
1.81183
 11
-2.0489
 21
1.81183
  0
LINE
  8
0
 10
-2.0489
 20
1.81183
 11
-2.05229
 21
1.81197
  0
LINE
  8
0
 10
-2.05229
 20
1.81197
 11
-2.05565
 21
1.81224
  0
LINE
  8
0
 10
-2.05565
 20
1.81224
 11
-2.05901
 21
1.81267
  0
LINE
  8
0
 10
-2.05901
 20
1.81267
 11
-2.06235
 21
1.81323
  0
LINE
  8
0
 10
-2.06235
 20
1.81323
 11
-2.06564
 21
1.81393
  0
LINE
  8
0
 10
-2.06564
 20
1.81393
 11
-2.06892
 21
1.81477
  0
LINE
  8
0
 10
-2.06892
 20
1.81477
 11
-2.07216
 21
1.81575
  0
LINE
  8
0
 10
-2.07216
 20
1.81575
 11
-2.07535
 21
1.81686
  0
LINE
  8
0
 10
-2.07535
 20
1.81686
 11
-2.07849
 21
1.81812
  0
LINE
  8
0
 10
-2.07849
 20
1.81812
 11
-2.08159
 21
1.81949
  0
LINE
  8
0
 10
-2.08159
 20
1.81949
 11
-2.08461
 21
1.82098
  0
LINE
  8
0
 10
-2.08461
 20
1.82098
 11
-2.08757
 21
1.82262
  0
LINE
  8
0
 10
-2.08757
 20
1.82262
 11
-2.09047
 21
1.82437
  0
LINE
  8
0
 10
-2.09047
 20
1.82437
 11
-2.09328
 21
1.82623
  0
LINE
  8
0
 10
-2.09328
 20
1.82623
 11
-2.09601
 21
1.82823
  0
LINE
  8
0
 10
-2.09601
 20
1.82823
 11
-2.09866
 21
1.83032
  0
LINE
  8
0
 10
-2.09866
 20
1.83032
 11
-2.10123
 21
1.83253
  0
LINE
  8
0
 10
-2.10123
 20
1.83253
 11
-2.10368
 21
1.83485
  0
LINE
  8
0
 10
-2.10368
 20
1.83485
 11
-2.10605
 21
1.83727
  0
LINE
  8
0
 10
-2.10605
 20
1.83727
 11
-2.10831
 21
1.83978
  0
LINE
  8
0
 10
-2.10831
 20
1.83978
 11
-2.11047
 21
1.84238
  0
LINE
  8
0
 10
-2.11047
 20
1.84238
 11
-2.11252
 21
1.84508
  0
LINE
  8
0
 10
-2.11252
 20
1.84508
 11
-2.11444
 21
1.84785
  0
LINE
  8
0
 10
-2.11444
 20
1.84785
 11
-2.11626
 21
1.85071
  0
LINE
  8
0
 10
-2.11626
 20
1.85071
 11
-2.11795
 21
1.85364
  0
LINE
  8
0
 10
-2.11795
 20
1.85364
 11
-2.11951
 21
1.85663
  0
LINE
  8
0
 10
-2.11951
 20
1.85663
 11
-2.12094
 21
1.85968
  0
LINE
  8
0
 10
-2.12094
 20
1.85968
 11
-2.12225
 21
1.86281
  0
LINE
  8
0
 10
-2.12225
 20
1.86281
 11
-2.12344
 21
1.86597
  0
LINE
  8
0
 10
-2.12344
 20
1.86597
 11
-2.12448
 21
1.86919
  0
LINE
  8
0
 10
-2.12448
 20
1.86919
 11
-2.1254
 21
1.87244
  0
LINE
  8
0
 10
-2.1254
 20
1.87244
 11
-2.12616
 21
1.87573
  0
LINE
  8
0
 10
-2.12616
 20
1.87573
 11
-2.1268
 21
1.87906
  0
LINE
  8
0
 10
-2.1268
 20
1.87906
 11
-2.12729
 21
1.8824
  0
LINE
  8
0
 10
-2.12729
 20
1.8824
 11
-2.12764
 21
1.88576
  0
LINE
  8
0
 10
-2.12764
 20
1.88576
 11
-2.12785
 21
1.88913
  0
LINE
  8
0
 10
-2.12785
 20
1.88913
 11
-2.12793
 21
1.89252
  0
LINE
  8
0
 10
-2.12793
 20
1.89252
 11
-2.12785
 21
1.89589
  0
LINE
  8
0
 10
-2.12785
 20
1.89589
 11
-2.12764
 21
1.89926
  0
LINE
  8
0
 10
-2.12764
 20
1.89926
 11
-2.12729
 21
1.90263
  0
LINE
  8
0
 10
-2.12729
 20
1.90263
 11
-2.1268
 21
1.90598
  0
LINE
  8
0
 10
-2.1268
 20
1.90598
 11
-2.12616
 21
1.90929
  0
LINE
  8
0
 10
-2.12616
 20
1.90929
 11
-2.1254
 21
1.91258
  0
LINE
  8
0
 10
-2.1254
 20
1.91258
 11
-2.12448
 21
1.91583
  0
LINE
  8
0
 10
-2.12448
 20
1.91583
 11
-2.12344
 21
1.91905
  0
LINE
  8
0
 10
-2.12344
 20
1.91905
 11
-2.12225
 21
1.92223
  0
LINE
  8
0
 10
-2.12225
 20
1.92223
 11
-2.12094
 21
1.92534
  0
LINE
  8
0
 10
-2.12094
 20
1.92534
 11
-2.11951
 21
1.92839
  0
LINE
  8
0
 10
-2.11951
 20
1.92839
 11
-2.11795
 21
1.9314
  0
LINE
  8
0
 10
-2.11795
 20
1.9314
 11
-2.11626
 21
1.93433
  0
LINE
  8
0
 10
-2.11626
 20
1.93433
 11
-2.11444
 21
1.93718
  0
LINE
  8
0
 10
-2.11444
 20
1.93718
 11
-2.11252
 21
1.93996
  0
LINE
  8
0
 10
-2.11252
 20
1.93996
 11
-2.11047
 21
1.94264
  0
LINE
  8
0
 10
-2.11047
 20
1.94264
 11
-2.10831
 21
1.94525
  0
LINE
  8
0
 10
-2.10831
 20
1.94525
 11
-2.10605
 21
1.94775
  0
LINE
  8
0
 10
-2.10605
 20
1.94775
 11
-2.10368
 21
1.95018
  0
LINE
  8
0
 10
-2.10368
 20
1.95018
 11
-2.10123
 21
1.95248
  0
LINE
  8
0
 10
-2.10123
 20
1.95248
 11
-2.09866
 21
1.9547
  0
LINE
  8
0
 10
-2.09866
 20
1.9547
 11
-2.09601
 21
1.9568
  0
LINE
  8
0
 10
-2.09601
 20
1.9568
 11
-2.09328
 21
1.95879
  0
LINE
  8
0
 10
-2.09328
 20
1.95879
 11
-2.09047
 21
1.96066
  0
LINE
  8
0
 10
-2.09047
 20
1.96066
 11
-2.08757
 21
1.9624
  0
LINE
  8
0
 10
-2.08757
 20
1.9624
 11
-2.08461
 21
1.96404
  0
LINE
  8
0
 10
-2.08461
 20
1.96404
 11
-2.08159
 21
1.96555
  0
LINE
  8
0
 10
-2.08159
 20
1.96555
 11
-2.07849
 21
1.96692
  0
LINE
  8
0
 10
-2.07849
 20
1.96692
 11
-2.07535
 21
1.96815
  0
LINE
  8
0
 10
-2.07535
 20
1.96815
 11
-2.07216
 21
1.96927
  0
LINE
  8
0
 10
-2.07216
 20
1.96927
 11
-2.06892
 21
1.97025
  0
LINE
  8
0
 10
-2.06892
 20
1.97025
 11
-2.06564
 21
1.97108
  0
LINE
  8
0
 10
-2.06564
 20
1.97108
 11
-2.06235
 21
1.97179
  0
LINE
  8
0
 10
-2.06235
 20
1.97179
 11
-2.05901
 21
1.97235
  0
LINE
  8
0
 10
-2.05901
 20
1.97235
 11
-2.05565
 21
1.97278
  0
LINE
  8
0
 10
-2.05565
 20
1.97278
 11
-2.05229
 21
1.97307
  0
LINE
  8
0
 10
-2.05229
 20
1.97307
 11
-2.0489
 21
1.97321
  0
LINE
  8
0
 10
-2.0489
 20
1.97321
 11
-2.04553
 21
1.97321
  0
LINE
  8
0
 10
-2.04553
 20
1.97321
 11
-2.04214
 21
1.97307
  0
LINE
  8
0
 10
-2.04214
 20
1.97307
 11
-2.03879
 21
1.97278
  0
LINE
  8
0
 10
-2.03879
 20
1.97278
 11
-2.03543
 21
1.97235
  0
LINE
  8
0
 10
-2.03543
 20
1.97235
 11
-2.03209
 21
1.97179
  0
LINE
  8
0
 10
-2.03209
 20
1.97179
 11
-2.02879
 21
1.97108
  0
LINE
  8
0
 10
-2.02879
 20
1.97108
 11
-2.02551
 21
1.97025
  0
LINE
  8
0
 10
-2.02551
 20
1.97025
 11
-2.02228
 21
1.96927
  0
LINE
  8
0
 10
-2.02228
 20
1.96927
 11
-2.01909
 21
1.96815
  0
LINE
  8
0
 10
-2.01909
 20
1.96815
 11
-2.01595
 21
1.96692
  0
LINE
  8
0
 10
-2.01595
 20
1.96692
 11
-2.01285
 21
1.96555
  0
LINE
  8
0
 10
-2.01285
 20
1.96555
 11
-2.00983
 21
1.96404
  0
LINE
  8
0
 10
-2.00983
 20
1.96404
 11
-2.00687
 21
1.9624
  0
LINE
  8
0
 10
-2.00687
 20
1.9624
 11
-2.00397
 21
1.96066
  0
LINE
  8
0
 10
-2.00397
 20
1.96066
 11
-2.00116
 21
1.95879
  0
LINE
  8
0
 10
-2.00116
 20
1.95879
 11
-1.99843
 21
1.9568
  0
LINE
  8
0
 10
-1.99843
 20
1.9568
 11
-1.99577
 21
1.9547
  0
LINE
  8
0
 10
-1.99577
 20
1.9547
 11
-1.99321
 21
1.95248
  0
LINE
  8
0
 10
-1.99321
 20
1.95248
 11
-1.99075
 21
1.95018
  0
LINE
  8
0
 10
-1.99075
 20
1.95018
 11
-1.98839
 21
1.94775
  0
LINE
  8
0
 10
-1.98839
 20
1.94775
 11
-1.98611
 21
1.94525
  0
LINE
  8
0
 10
-1.98611
 20
1.94525
 11
-1.98396
 21
1.94264
  0
LINE
  8
0
 10
-1.98396
 20
1.94264
 11
-1.98192
 21
1.93996
  0
LINE
  8
0
 10
-1.98192
 20
1.93996
 11
-1.98
 21
1.93718
  0
LINE
  8
0
 10
-1.98
 20
1.93718
 11
-1.97818
 21
1.93433
  0
LINE
  8
0
 10
-1.97818
 20
1.93433
 11
-1.97649
 21
1.9314
  0
LINE
  8
0
 10
-1.97649
 20
1.9314
 11
-1.97493
 21
1.92839
  0
LINE
  8
0
 10
-1.97493
 20
1.92839
 11
-1.97348
 21
1.92534
  0
LINE
  8
0
 10
-1.97348
 20
1.92534
 11
-1.97218
 21
1.92223
  0
LINE
  8
0
 10
-1.97218
 20
1.92223
 11
-1.97099
 21
1.91905
  0
LINE
  8
0
 10
-1.97099
 20
1.91905
 11
-1.96996
 21
1.91583
  0
LINE
  8
0
 10
-1.96996
 20
1.91583
 11
-1.96904
 21
1.91258
  0
LINE
  8
0
 10
-1.96904
 20
1.91258
 11
-1.96828
 21
1.90929
  0
LINE
  8
0
 10
-1.96828
 20
1.90929
 11
-1.96764
 21
1.90598
  0
LINE
  8
0
 10
-1.96764
 20
1.90598
 11
-1.96715
 21
1.90263
  0
LINE
  8
0
 10
-1.96715
 20
1.90263
 11
-1.9668
 21
1.89926
  0
LINE
  8
0
 10
-1.9668
 20
1.89926
 11
-1.96658
 21
1.89589
  0
LINE
  8
0
 10
-1.96658
 20
1.89589
 11
-1.96651
 21
1.89252
  0
LINE
  8
0
 10
-1.96651
 20
1.89252
 11
-1.96658
 21
1.88913
  0
LINE
  8
0
 10
-1.96658
 20
1.88913
 11
-1.9668
 21
1.88576
  0
LINE
  8
0
 10
-1.9668
 20
1.88576
 11
-1.96715
 21
1.8824
  0
LINE
  8
0
 10
-1.96715
 20
1.8824
 11
-1.96764
 21
1.87906
  0
LINE
  8
0
 10
-1.96764
 20
1.87906
 11
-1.96828
 21
1.87573
  0
LINE
  8
0
 10
-1.96828
 20
1.87573
 11
-1.96904
 21
1.87244
  0
LINE
  8
0
 10
-1.96904
 20
1.87244
 11
-1.96996
 21
1.86919
  0
LINE
  8
0
 10
-1.96996
 20
1.86919
 11
-1.97099
 21
1.86597
  0
LINE
  8
0
 10
-1.97099
 20
1.86597
 11
-1.97218
 21
1.86281
  0
LINE
  8
0
 10
-1.97218
 20
1.86281
 11
-1.97348
 21
1.85968
  0
LINE
  8
0
 10
-1.97348
 20
1.85968
 11
-1.97493
 21
1.85663
  0
LINE
  8
0
 10
-1.97493
 20
1.85663
 11
-1.97649
 21
1.85364
  0
LINE
  8
0
 10
-1.97649
 20
1.85364
 11
-1.97818
 21
1.85071
  0
LINE
  8
0
 10
-1.97818
 20
1.85071
 11
-1.98
 21
1.84785
  0
LINE
  8
0
 10
-1.98
 20
1.84785
 11
-1.98192
 21
1.84508
  0
LINE
  8
0
 10
-1.98192
 20
1.84508
 11
-1.98396
 21
1.84238
  0
LINE
  8
0
 10
-1.98396
 20
1.84238
 11
-1.98611
 21
1.83978
  0
LINE
  8
0
 10
-1.98611
 20
1.83978
 11
-1.98839
 21
1.83727
  0
LINE
  8
0
 10
-1.98839
 20
1.83727
 11
-1.99075
 21
1.83485
  0
LINE
  8
0
 10
-1.99075
 20
1.83485
 11
-1.99321
 21
1.83253
  0
LINE
  8
0
 10
-1.99321
 20
1.83253
 11
-1.99577
 21
1.83032
  0
LINE
  8
0
 10
-1.99577
 20
1.83032
 11
-1.99843
 21
1.82823
  0
LINE
  8
0
 10
-1.99843
 20
1.82823
 11
-2.00116
 21
1.82623
  0
LINE
  8
0
 10
-2.00116
 20
1.82623
 11
-2.00397
 21
1.82437
  0
LINE
  8
0
 10
-2.00397
 20
1.82437
 11
-2.00687
 21
1.82262
  0
LINE
  8
0
 10
-2.00687
 20
1.82262
 11
-2.00983
 21
1.82098
  0
LINE
  8
0
 10
-2.00983
 20
1.82098
 11
-2.01285
 21
1.81949
  0
LINE
  8
0
 10
-2.01285
 20
1.81949
 11
-2.01595
 21
1.81812
  0
LINE
  8
0
 10
-2.01595
 20
1.81812
 11
-2.01909
 21
1.81686
  0
LINE
  8
0
 10
-2.01909
 20
1.81686
 11
-2.02228
 21
1.81575
  0
LINE
  8
0
 10
-2.02228
 20
1.81575
 11
-2.02551
 21
1.81477
  0
LINE
  8
0
 10
-2.02551
 20
1.81477
 11
-2.02879
 21
1.81393
  0
LINE
  8
0
 10
-2.02879
 20
1.81393
 11
-2.03209
 21
1.81323
  0
LINE
  8
0
 10
-2.03209
 20
1.81323
 11
-2.03543
 21
1.81267
  0
ENDSEC
  0
SECTION
  2
OBJECTS
  0
DICTIONARY
  0
ENDSEC
  0
EOF
