  0
SECTION
  2
BLOCKS
  0
ENDSEC
  0
SECTION
  2
ENTITIES
  0
LINE
  8
0
 10
0.278595
 20
-4.42824
 11
0.463791
 21
-4.41269
  0
LINE
  8
0
 10
0.463791
 20
-4.41269
 11
0.648163
 21
-4.3894
  0
LINE
  8
0
 10
0.648163
 20
-4.3894
 11
0.831406
 21
-4.35841
  0
LINE
  8
0
 10
0.831406
 20
-4.35841
 11
1.01318
 21
-4.31976
  0
LINE
  8
0
 10
1.01318
 20
-4.31976
 11
1.19319
 21
-4.27356
  0
LINE
  8
0
 10
1.19319
 20
-4.27356
 11
1.37111
 21
-4.21983
  0
LINE
  8
0
 10
1.37111
 20
-4.21983
 11
1.54662
 21
-4.15872
  0
LINE
  8
0
 10
1.54662
 20
-4.15872
 11
1.71941
 21
-4.0903
  0
LINE
  8
0
 10
1.71941
 20
-4.0903
 11
8.15649
 21
-1.5
  0
LINE
  8
0
 10
8.15649
 20
-1.5
 11
8.15649
 21
1.5
  0
LINE
  8
0
 10
8.15649
 20
1.5
 11
1.71941
 21
4.0903
  0
LINE
  8
0
 10
1.71941
 20
4.0903
 11
1.54662
 21
4.15872
  0
LINE
  8
0
 10
1.54662
 20
4.15872
 11
1.37111
 21
4.21983
  0
LINE
  8
0
 10
1.37111
 20
4.21983
 11
1.19319
 21
4.27356
  0
LINE
  8
0
 10
1.19319
 20
4.27356
 11
1.01318
 21
4.31976
  0
LINE
  8
0
 10
1.01318
 20
4.31976
 11
0.831406
 21
4.35841
  0
LINE
  8
0
 10
0.831406
 20
4.35841
 11
0.648163
 21
4.3894
  0
LINE
  8
0
 10
0.648163
 20
4.3894
 11
0.463791
 21
4.41269
  0
LINE
  8
0
 10
0.463791
 20
4.41269
 11
0.278595
 21
4.42824
  0
LINE
  8
0
 10
0.278595
 20
4.42824
 11
0.0929108
 21
4.43602
  0
LINE
  8
0
 10
0.0929108
 20
4.43602
 11
-0.0929108
 21
4.43602
  0
LINE
  8
0
 10
-0.0929108
 20
4.43602
 11
-0.278595
 21
4.42824
  0
LINE
  8
0
 10
-0.278595
 20
4.42824
 11
-0.463791
 21
4.41269
  0
LINE
  8
0
 10
-0.463791
 20
4.41269
 11
-0.648163
 21
4.3894
  0
LINE
  8
0
 10
-0.648163
 20
4.3894
 11
-0.831406
 21
4.35841
  0
LINE
  8
0
 10
-0.831406
 20
4.35841
 11
-1.01318
 21
4.31976
  0
LINE
  8
0
 10
-1.01318
 20
4.31976
 11
-1.19319
 21
4.27356
  0
LINE
  8
0
 10
-1.19319
 20
4.27356
 11
-1.37111
 21
4.21983
  0
LINE
  8
0
 10
-1.37111
 20
4.21983
 11
-1.54662
 21
4.15872
  0
LINE
  8
0
 10
-1.54662
 20
4.15872
 11
-1.71941
 21
4.0903
  0
LINE
  8
0
 10
-1.71941
 20
4.0903
 11
-8.15649
 21
1.5
  0
LINE
  8
0
 10
-8.15649
 20
1.5
 11
-8.15649
 21
-1.5
  0
LINE
  8
0
 10
-8.15649
 20
-1.5
 11
-1.71941
 21
-4.0903
  0
LINE
  8
0
 10
-1.71941
 20
-4.0903
 11
-1.54662
 21
-4.15872
  0
LINE
  8
0
 10
-1.54662
 20
-4.15872
 11
-1.37111
 21
-4.21983
  0
LINE
  8
0
 10
-1.37111
 20
-4.21983
 11
-1.19319
 21
-4.27356
  0
LINE
  8
0
 10
-1.19319
 20
-4.27356
 11
-1.01318
 21
-4.31976
  0
LINE
  8
0
 10
-1.01318
 20
-4.31976
 11
-0.831406
 21
-4.35841
  0
LINE
  8
0
 10
-0.831406
 20
-4.35841
 11
-0.648163
 21
-4.3894
  0
LINE
  8
0
 10
-0.648163
 20
-4.3894
 11
-0.463791
 21
-4.41269
  0
LINE
  8
0
 10
-0.463791
 20
-4.41269
 11
-0.278595
 21
-4.42824
  0
LINE
  8
0
 10
-0.278595
 20
-4.42824
 11
-0.0929108
 21
-4.43602
  0
LINE
  8
0
 10
-0.0929108
 20
-4.43602
 11
0.0929108
 21
-4.43602
  0
LINE
  8
0
 10
0.0929108
 20
-4.43602
 11
0.278595
 21
-4.42824
  0
LINE
  8
0
 10
-0.0601807
 20
-2.87338
 11
-0.18045
 21
-2.86833
  0
LINE
  8
0
 10
-0.18045
 20
-2.86833
 11
-0.300415
 21
-2.85826
  0
LINE
  8
0
 10
-0.300415
 20
-2.85826
 11
-0.41983
 21
-2.84317
  0
LINE
  8
0
 10
-0.41983
 20
-2.84317
 11
-0.538528
 21
-2.8231
  0
LINE
  8
0
 10
-0.538528
 20
-2.8231
 11
-0.656281
 21
-2.79808
  0
LINE
  8
0
 10
-0.656281
 20
-2.79808
 11
-0.772873
 21
-2.76814
  0
LINE
  8
0
 10
-0.772873
 20
-2.76814
 11
-0.888107
 21
-2.73334
  0
LINE
  8
0
 10
-0.888107
 20
-2.73334
 11
-1.0018
 21
-2.69376
  0
LINE
  8
0
 10
-1.0018
 20
-2.69376
 11
-1.11372
 21
-2.64944
  0
LINE
  8
0
 10
-1.11372
 20
-2.64944
 11
-1.22369
 21
-2.60048
  0
LINE
  8
0
 10
-1.22369
 20
-2.60048
 11
-1.33151
 21
-2.54695
  0
LINE
  8
0
 10
-1.33151
 20
-2.54695
 11
-1.437
 21
-2.48897
  0
LINE
  8
0
 10
-1.437
 20
-2.48897
 11
-1.53996
 21
-2.42661
  0
LINE
  8
0
 10
-1.53996
 20
-2.42661
 11
-1.64023
 21
-2.35999
  0
LINE
  8
0
 10
-1.64023
 20
-2.35999
 11
-1.73763
 21
-2.28923
  0
LINE
  8
0
 10
-1.73763
 20
-2.28923
 11
-1.83195
 21
-2.21446
  0
LINE
  8
0
 10
-1.83195
 20
-2.21446
 11
-1.92308
 21
-2.1358
  0
LINE
  8
0
 10
-1.92308
 20
-2.1358
 11
-2.01083
 21
-2.05339
  0
LINE
  8
0
 10
-2.01083
 20
-2.05339
 11
-2.09506
 21
-1.96739
  0
LINE
  8
0
 10
-2.09506
 20
-1.96739
 11
-2.17561
 21
-1.87793
  0
LINE
  8
0
 10
-2.17561
 20
-1.87793
 11
-2.25233
 21
-1.78519
  0
LINE
  8
0
 10
-2.25233
 20
-1.78519
 11
-2.32512
 21
-1.6893
  0
LINE
  8
0
 10
-2.32512
 20
-1.6893
 11
-2.39381
 21
-1.59045
  0
LINE
  8
0
 10
-2.39381
 20
-1.59045
 11
-2.45833
 21
-1.48882
  0
LINE
  8
0
 10
-2.45833
 20
-1.48882
 11
-2.51851
 21
-1.38457
  0
LINE
  8
0
 10
-2.51851
 20
-1.38457
 11
-2.57428
 21
-1.27788
  0
LINE
  8
0
 10
-2.57428
 20
-1.27788
 11
-2.62553
 21
-1.16896
  0
LINE
  8
0
 10
-2.62553
 20
-1.16896
 11
-2.67218
 21
-1.05798
  0
LINE
  8
0
 10
-2.67218
 20
-1.05798
 11
-2.71414
 21
-0.94516
  0
LINE
  8
0
 10
-2.71414
 20
-0.94516
 11
-2.75134
 21
-0.830673
  0
LINE
  8
0
 10
-2.75134
 20
-0.830673
 11
-2.78372
 21
-0.714737
  0
LINE
  8
0
 10
-2.78372
 20
-0.714737
 11
-2.8112
 21
-0.597534
  0
LINE
  8
0
 10
-2.8112
 20
-0.597534
 11
-2.83376
 21
-0.479294
  0
LINE
  8
0
 10
-2.83376
 20
-0.479294
 11
-2.85135
 21
-0.360199
  0
LINE
  8
0
 10
-2.85135
 20
-0.360199
 11
-2.86392
 21
-0.240479
  0
LINE
  8
0
 10
-2.86392
 20
-0.240479
 11
-2.87149
 21
-0.120346
  0
LINE
  8
0
 10
-2.87149
 20
-0.120346
 11
-2.87401
 21
0
  0
LINE
  8
0
 10
-2.87401
 20
0
 11
-2.87149
 21
0.120346
  0
LINE
  8
0
 10
-2.87149
 20
0.120346
 11
-2.86392
 21
0.240479
  0
LINE
  8
0
 10
-2.86392
 20
0.240479
 11
-2.85135
 21
0.360199
  0
LINE
  8
0
 10
-2.85135
 20
0.360199
 11
-2.83376
 21
0.479294
  0
LINE
  8
0
 10
-2.83376
 20
0.479294
 11
-2.8112
 21
0.597534
  0
LINE
  8
0
 10
-2.8112
 20
0.597534
 11
-2.78372
 21
0.714737
  0
LINE
  8
0
 10
-2.78372
 20
0.714737
 11
-2.75134
 21
0.830673
  0
LINE
  8
0
 10
-2.75134
 20
0.830673
 11
-2.71414
 21
0.94516
  0
LINE
  8
0
 10
-2.71414
 20
0.94516
 11
-2.67218
 21
1.05798
  0
LINE
  8
0
 10
-2.67218
 20
1.05798
 11
-2.62553
 21
1.16896
  0
LINE
  8
0
 10
-2.62553
 20
1.16896
 11
-2.57428
 21
1.27788
  0
LINE
  8
0
 10
-2.57428
 20
1.27788
 11
-2.51851
 21
1.38457
  0
LINE
  8
0
 10
-2.51851
 20
1.38457
 11
-2.45833
 21
1.48882
  0
LINE
  8
0
 10
-2.45833
 20
1.48882
 11
-2.39381
 21
1.59045
  0
LINE
  8
0
 10
-2.39381
 20
1.59045
 11
-2.32512
 21
1.6893
  0
LINE
  8
0
 10
-2.32512
 20
1.6893
 11
-2.25233
 21
1.78519
  0
LINE
  8
0
 10
-2.25233
 20
1.78519
 11
-2.17561
 21
1.87793
  0
LINE
  8
0
 10
-2.17561
 20
1.87793
 11
-2.09506
 21
1.96739
  0
LINE
  8
0
 10
-2.09506
 20
1.96739
 11
-2.01083
 21
2.05339
  0
LINE
  8
0
 10
-2.01083
 20
2.05339
 11
-1.92308
 21
2.1358
  0
LINE
  8
0
 10
-1.92308
 20
2.1358
 11
-1.83195
 21
2.21446
  0
LINE
  8
0
 10
-1.83195
 20
2.21446
 11
-1.73763
 21
2.28923
  0
LINE
  8
0
 10
-1.73763
 20
2.28923
 11
-1.64023
 21
2.35999
  0
LINE
  8
0
 10
-1.64023
 20
2.35999
 11
-1.53996
 21
2.42661
  0
LINE
  8
0
 10
-1.53996
 20
2.42661
 11
-1.437
 21
2.48897
  0
LINE
  8
0
 10
-1.437
 20
2.48897
 11
-1.33151
 21
2.54695
  0
LINE
  8
0
 10
-1.33151
 20
2.54695
 11
-1.22369
 21
2.60048
  0
LINE
  8
0
 10
-1.22369
 20
2.60048
 11
-1.11372
 21
2.64944
  0
LINE
  8
0
 10
-1.11372
 20
2.64944
 11
-1.0018
 21
2.69376
  0
LINE
  8
0
 10
-1.0018
 20
2.69376
 11
-0.888107
 21
2.73334
  0
LINE
  8
0
 10
-0.888107
 20
2.73334
 11
-0.772873
 21
2.76814
  0
LINE
  8
0
 10
-0.772873
 20
2.76814
 11
-0.656281
 21
2.79808
  0
LINE
  8
0
 10
-0.656281
 20
2.79808
 11
-0.538528
 21
2.8231
  0
LINE
  8
0
 10
-0.538528
 20
2.8231
 11
-0.41983
 21
2.84317
  0
LINE
  8
0
 10
-0.41983
 20
2.84317
 11
-0.300415
 21
2.85826
  0
LINE
  8
0
 10
-0.300415
 20
2.85826
 11
-0.18045
 21
2.86833
  0
LINE
  8
0
 10
-0.18045
 20
2.86833
 11
-0.0601807
 21
2.87338
  0
LINE
  8
0
 10
-0.0601807
 20
2.87338
 11
0.0601807
 21
2.87338
  0
LINE
  8
0
 10
0.0601807
 20
2.87338
 11
0.18045
 21
2.86833
  0
LINE
  8
0
 10
0.18045
 20
2.86833
 11
0.300415
 21
2.85826
  0
LINE
  8
0
 10
0.300415
 20
2.85826
 11
0.41983
 21
2.84317
  0
LINE
  8
0
 10
0.41983
 20
2.84317
 11
0.538528
 21
2.8231
  0
LINE
  8
0
 10
0.538528
 20
2.8231
 11
0.656281
 21
2.79808
  0
LINE
  8
0
 10
0.656281
 20
2.79808
 11
0.772873
 21
2.76814
  0
LINE
  8
0
 10
0.772873
 20
2.76814
 11
0.888107
 21
2.73334
  0
LINE
  8
0
 10
0.888107
 20
2.73334
 11
1.0018
 21
2.69376
  0
LINE
  8
0
 10
1.0018
 20
2.69376
 11
1.11372
 21
2.64944
  0
LINE
  8
0
 10
1.11372
 20
2.64944
 11
1.22369
 21
2.60048
  0
LINE
  8
0
 10
1.22369
 20
2.60048
 11
1.33151
 21
2.54695
  0
LINE
  8
0
 10
1.33151
 20
2.54695
 11
1.437
 21
2.48897
  0
LINE
  8
0
 10
1.437
 20
2.48897
 11
1.53996
 21
2.42661
  0
LINE
  8
0
 10
1.53996
 20
2.42661
 11
1.64023
 21
2.35999
  0
LINE
  8
0
 10
1.64023
 20
2.35999
 11
1.73763
 21
2.28923
  0
LINE
  8
0
 10
1.73763
 20
2.28923
 11
1.83195
 21
2.21446
  0
LINE
  8
0
 10
1.83195
 20
2.21446
 11
1.92308
 21
2.1358
  0
LINE
  8
0
 10
1.92308
 20
2.1358
 11
2.01083
 21
2.05339
  0
LINE
  8
0
 10
2.01083
 20
2.05339
 11
2.09506
 21
1.96739
  0
LINE
  8
0
 10
2.09506
 20
1.96739
 11
2.17561
 21
1.87793
  0
LINE
  8
0
 10
2.17561
 20
1.87793
 11
2.25233
 21
1.78519
  0
LINE
  8
0
 10
2.25233
 20
1.78519
 11
2.32512
 21
1.6893
  0
LINE
  8
0
 10
2.32512
 20
1.6893
 11
2.39381
 21
1.59045
  0
LINE
  8
0
 10
2.39381
 20
1.59045
 11
2.45833
 21
1.48882
  0
LINE
  8
0
 10
2.45833
 20
1.48882
 11
2.51851
 21
1.38457
  0
LINE
  8
0
 10
2.51851
 20
1.38457
 11
2.57428
 21
1.27788
  0
LINE
  8
0
 10
2.57428
 20
1.27788
 11
2.62553
 21
1.16896
  0
LINE
  8
0
 10
2.62553
 20
1.16896
 11
2.67218
 21
1.05798
  0
LINE
  8
0
 10
2.67218
 20
1.05798
 11
2.71414
 21
0.94516
  0
LINE
  8
0
 10
2.71414
 20
0.94516
 11
2.75134
 21
0.830673
  0
LINE
  8
0
 10
2.75134
 20
0.830673
 11
2.78372
 21
0.714737
  0
LINE
  8
0
 10
2.78372
 20
0.714737
 11
2.8112
 21
0.597534
  0
LINE
  8
0
 10
2.8112
 20
0.597534
 11
2.83376
 21
0.479294
  0
LINE
  8
0
 10
2.83376
 20
0.479294
 11
2.85135
 21
0.360199
  0
LINE
  8
0
 10
2.85135
 20
0.360199
 11
2.86392
 21
0.240479
  0
LINE
  8
0
 10
2.86392
 20
0.240479
 11
2.87149
 21
0.120346
  0
LINE
  8
0
 10
2.87149
 20
0.120346
 11
2.87401
 21
0
  0
LINE
  8
0
 10
2.87401
 20
0
 11
2.87149
 21
-0.120346
  0
LINE
  8
0
 10
2.87149
 20
-0.120346
 11
2.86392
 21
-0.240479
  0
LINE
  8
0
 10
2.86392
 20
-0.240479
 11
2.85135
 21
-0.360199
  0
LINE
  8
0
 10
2.85135
 20
-0.360199
 11
2.83376
 21
-0.479294
  0
LINE
  8
0
 10
2.83376
 20
-0.479294
 11
2.8112
 21
-0.597534
  0
LINE
  8
0
 10
2.8112
 20
-0.597534
 11
2.78372
 21
-0.714737
  0
LINE
  8
0
 10
2.78372
 20
-0.714737
 11
2.75134
 21
-0.830673
  0
LINE
  8
0
 10
2.75134
 20
-0.830673
 11
2.71414
 21
-0.94516
  0
LINE
  8
0
 10
2.71414
 20
-0.94516
 11
2.67218
 21
-1.05798
  0
LINE
  8
0
 10
2.67218
 20
-1.05798
 11
2.62553
 21
-1.16896
  0
LINE
  8
0
 10
2.62553
 20
-1.16896
 11
2.57428
 21
-1.27788
  0
LINE
  8
0
 10
2.57428
 20
-1.27788
 11
2.51851
 21
-1.38457
  0
LINE
  8
0
 10
2.51851
 20
-1.38457
 11
2.45833
 21
-1.48882
  0
LINE
  8
0
 10
2.45833
 20
-1.48882
 11
2.39381
 21
-1.59045
  0
LINE
  8
0
 10
2.39381
 20
-1.59045
 11
2.32512
 21
-1.6893
  0
LINE
  8
0
 10
2.32512
 20
-1.6893
 11
2.25233
 21
-1.78519
  0
LINE
  8
0
 10
2.25233
 20
-1.78519
 11
2.17561
 21
-1.87793
  0
LINE
  8
0
 10
2.17561
 20
-1.87793
 11
2.09506
 21
-1.96739
  0
LINE
  8
0
 10
2.09506
 20
-1.96739
 11
2.01083
 21
-2.05339
  0
LINE
  8
0
 10
2.01083
 20
-2.05339
 11
1.92308
 21
-2.1358
  0
LINE
  8
0
 10
1.92308
 20
-2.1358
 11
1.83195
 21
-2.21446
  0
LINE
  8
0
 10
1.83195
 20
-2.21446
 11
1.73763
 21
-2.28923
  0
LINE
  8
0
 10
1.73763
 20
-2.28923
 11
1.64023
 21
-2.35999
  0
LINE
  8
0
 10
1.64023
 20
-2.35999
 11
1.53996
 21
-2.42661
  0
LINE
  8
0
 10
1.53996
 20
-2.42661
 11
1.437
 21
-2.48897
  0
LINE
  8
0
 10
1.437
 20
-2.48897
 11
1.33151
 21
-2.54695
  0
LINE
  8
0
 10
1.33151
 20
-2.54695
 11
1.22369
 21
-2.60048
  0
LINE
  8
0
 10
1.22369
 20
-2.60048
 11
1.11372
 21
-2.64944
  0
LINE
  8
0
 10
1.11372
 20
-2.64944
 11
1.0018
 21
-2.69376
  0
LINE
  8
0
 10
1.0018
 20
-2.69376
 11
0.888107
 21
-2.73334
  0
LINE
  8
0
 10
0.888107
 20
-2.73334
 11
0.772873
 21
-2.76814
  0
LINE
  8
0
 10
0.772873
 20
-2.76814
 11
0.656281
 21
-2.79808
  0
LINE
  8
0
 10
0.656281
 20
-2.79808
 11
0.538528
 21
-2.8231
  0
LINE
  8
0
 10
0.538528
 20
-2.8231
 11
0.41983
 21
-2.84317
  0
LINE
  8
0
 10
0.41983
 20
-2.84317
 11
0.300415
 21
-2.85826
  0
LINE
  8
0
 10
0.300415
 20
-2.85826
 11
0.18045
 21
-2.86833
  0
LINE
  8
0
 10
0.18045
 20
-2.86833
 11
0.0601807
 21
-2.87338
  0
LINE
  8
0
 10
0.0601807
 20
-2.87338
 11
-0.0601807
 21
-2.87338
  0
LINE
  8
0
 10
-2.60818
 20
2.50267
 11
-2.61237
 21
2.50298
  0
LINE
  8
0
 10
-2.61237
 20
2.50298
 11
-2.61655
 21
2.50346
  0
LINE
  8
0
 10
-2.61655
 20
2.50346
 11
-2.6207
 21
2.50412
  0
LINE
  8
0
 10
-2.6207
 20
2.50412
 11
-2.62483
 21
2.50494
  0
LINE
  8
0
 10
-2.62483
 20
2.50494
 11
-2.62891
 21
2.50595
  0
LINE
  8
0
 10
-2.62891
 20
2.50595
 11
-2.63295
 21
2.50713
  0
LINE
  8
0
 10
-2.63295
 20
2.50713
 11
-2.63693
 21
2.50847
  0
LINE
  8
0
 10
-2.63693
 20
2.50847
 11
-2.64085
 21
2.50998
  0
LINE
  8
0
 10
-2.64085
 20
2.50998
 11
-2.64471
 21
2.51164
  0
LINE
  8
0
 10
-2.64471
 20
2.51164
 11
-2.6485
 21
2.51347
  0
LINE
  8
0
 10
-2.6485
 20
2.51347
 11
-2.65221
 21
2.51546
  0
LINE
  8
0
 10
-2.65221
 20
2.51546
 11
-2.65582
 21
2.51759
  0
LINE
  8
0
 10
-2.65582
 20
2.51759
 11
-2.65935
 21
2.5199
  0
LINE
  8
0
 10
-2.65935
 20
2.5199
 11
-2.66278
 21
2.52232
  0
LINE
  8
0
 10
-2.66278
 20
2.52232
 11
-2.66611
 21
2.5249
  0
LINE
  8
0
 10
-2.66611
 20
2.5249
 11
-2.66931
 21
2.52762
  0
LINE
  8
0
 10
-2.66931
 20
2.52762
 11
-2.67241
 21
2.53047
  0
LINE
  8
0
 10
-2.67241
 20
2.53047
 11
-2.67538
 21
2.53343
  0
LINE
  8
0
 10
-2.67538
 20
2.53343
 11
-2.67824
 21
2.53653
  0
LINE
  8
0
 10
-2.67824
 20
2.53653
 11
-2.68094
 21
2.53975
  0
LINE
  8
0
 10
-2.68094
 20
2.53975
 11
-2.68352
 21
2.54306
  0
LINE
  8
0
 10
-2.68352
 20
2.54306
 11
-2.68596
 21
2.54649
  0
LINE
  8
0
 10
-2.68596
 20
2.54649
 11
-2.68825
 21
2.55002
  0
LINE
  8
0
 10
-2.68825
 20
2.55002
 11
-2.69038
 21
2.55363
  0
LINE
  8
0
 10
-2.69038
 20
2.55363
 11
-2.69238
 21
2.55734
  0
LINE
  8
0
 10
-2.69238
 20
2.55734
 11
-2.69421
 21
2.56113
  0
LINE
  8
0
 10
-2.69421
 20
2.56113
 11
-2.69588
 21
2.56499
  0
LINE
  8
0
 10
-2.69588
 20
2.56499
 11
-2.69739
 21
2.56892
  0
LINE
  8
0
 10
-2.69739
 20
2.56892
 11
-2.69873
 21
2.57291
  0
LINE
  8
0
 10
-2.69873
 20
2.57291
 11
-2.69991
 21
2.57693
  0
LINE
  8
0
 10
-2.69991
 20
2.57693
 11
-2.7009
 21
2.58102
  0
LINE
  8
0
 10
-2.7009
 20
2.58102
 11
-2.70174
 21
2.58514
  0
LINE
  8
0
 10
-2.70174
 20
2.58514
 11
-2.70239
 21
2.58929
  0
LINE
  8
0
 10
-2.70239
 20
2.58929
 11
-2.70287
 21
2.59348
  0
LINE
  8
0
 10
-2.70287
 20
2.59348
 11
-2.70319
 21
2.59767
  0
LINE
  8
0
 10
-2.70319
 20
2.59767
 11
-2.70331
 21
2.60187
  0
LINE
  8
0
 10
-2.70331
 20
2.60187
 11
-2.70326
 21
2.60608
  0
LINE
  8
0
 10
-2.70326
 20
2.60608
 11
-2.70305
 21
2.61028
  0
LINE
  8
0
 10
-2.70305
 20
2.61028
 11
-2.70265
 21
2.61446
  0
LINE
  8
0
 10
-2.70265
 20
2.61446
 11
-2.70209
 21
2.61864
  0
LINE
  8
0
 10
-2.70209
 20
2.61864
 11
-2.70134
 21
2.62277
  0
LINE
  8
0
 10
-2.70134
 20
2.62277
 11
-2.70042
 21
2.62688
  0
LINE
  8
0
 10
-2.70042
 20
2.62688
 11
-2.69933
 21
2.63094
  0
LINE
  8
0
 10
-2.69933
 20
2.63094
 11
-2.69807
 21
2.63495
  0
LINE
  8
0
 10
-2.69807
 20
2.63495
 11
-2.69666
 21
2.6389
  0
LINE
  8
0
 10
-2.69666
 20
2.6389
 11
-2.69507
 21
2.64279
  0
LINE
  8
0
 10
-2.69507
 20
2.64279
 11
-2.69331
 21
2.64662
  0
LINE
  8
0
 10
-2.69331
 20
2.64662
 11
-2.69141
 21
2.65036
  0
LINE
  8
0
 10
-2.69141
 20
2.65036
 11
-2.68933
 21
2.65402
  0
LINE
  8
0
 10
-2.68933
 20
2.65402
 11
-2.68712
 21
2.65761
  0
LINE
  8
0
 10
-2.68712
 20
2.65761
 11
-2.68475
 21
2.66109
  0
LINE
  8
0
 10
-2.68475
 20
2.66109
 11
-2.68225
 21
2.66446
  0
LINE
  8
0
 10
-2.68225
 20
2.66446
 11
-2.67961
 21
2.66772
  0
LINE
  8
0
 10
-2.67961
 20
2.66772
 11
-2.67682
 21
2.67088
  0
LINE
  8
0
 10
-2.67682
 20
2.67088
 11
-2.67392
 21
2.67392
  0
LINE
  8
0
 10
-2.67392
 20
2.67392
 11
-2.67088
 21
2.67682
  0
LINE
  8
0
 10
-2.67088
 20
2.67682
 11
-2.66772
 21
2.67961
  0
LINE
  8
0
 10
-2.66772
 20
2.67961
 11
-2.66446
 21
2.68225
  0
LINE
  8
0
 10
-2.66446
 20
2.68225
 11
-2.66109
 21
2.68475
  0
LINE
  8
0
 10
-2.66109
 20
2.68475
 11
-2.65761
 21
2.68712
  0
LINE
  8
0
 10
-2.65761
 20
2.68712
 11
-2.65402
 21
2.68933
  0
LINE
  8
0
 10
-2.65402
 20
2.68933
 11
-2.65036
 21
2.69141
  0
LINE
  8
0
 10
-2.65036
 20
2.69141
 11
-2.64662
 21
2.69331
  0
LINE
  8
0
 10
-2.64662
 20
2.69331
 11
-2.64279
 21
2.69507
  0
LINE
  8
0
 10
-2.64279
 20
2.69507
 11
-2.6389
 21
2.69666
  0
LINE
  8
0
 10
-2.6389
 20
2.69666
 11
-2.63495
 21
2.69807
  0
LINE
  8
0
 10
-2.63495
 20
2.69807
 11
-2.63094
 21
2.69933
  0
LINE
  8
0
 10
-2.63094
 20
2.69933
 11
-2.62688
 21
2.70042
  0
LINE
  8
0
 10
-2.62688
 20
2.70042
 11
-2.62277
 21
2.70134
  0
LINE
  8
0
 10
-2.62277
 20
2.70134
 11
-2.61864
 21
2.70209
  0
LINE
  8
0
 10
-2.61864
 20
2.70209
 11
-2.61446
 21
2.70265
  0
LINE
  8
0
 10
-2.61446
 20
2.70265
 11
-2.61028
 21
2.70305
  0
LINE
  8
0
 10
-2.61028
 20
2.70305
 11
-2.60608
 21
2.70326
  0
LINE
  8
0
 10
-2.60608
 20
2.70326
 11
-2.60187
 21
2.70331
  0
LINE
  8
0
 10
-2.60187
 20
2.70331
 11
-2.59767
 21
2.70319
  0
LINE
  8
0
 10
-2.59767
 20
2.70319
 11
-2.59348
 21
2.70287
  0
LINE
  8
0
 10
-2.59348
 20
2.70287
 11
-2.58929
 21
2.70239
  0
LINE
  8
0
 10
-2.58929
 20
2.70239
 11
-2.58514
 21
2.70174
  0
LINE
  8
0
 10
-2.58514
 20
2.70174
 11
-2.58102
 21
2.7009
  0
LINE
  8
0
 10
-2.58102
 20
2.7009
 11
-2.57693
 21
2.69991
  0
LINE
  8
0
 10
-2.57693
 20
2.69991
 11
-2.57291
 21
2.69873
  0
LINE
  8
0
 10
-2.57291
 20
2.69873
 11
-2.56892
 21
2.69739
  0
LINE
  8
0
 10
-2.56892
 20
2.69739
 11
-2.56499
 21
2.69588
  0
LINE
  8
0
 10
-2.56499
 20
2.69588
 11
-2.56113
 21
2.69421
  0
LINE
  8
0
 10
-2.56113
 20
2.69421
 11
-2.55734
 21
2.69238
  0
LINE
  8
0
 10
-2.55734
 20
2.69238
 11
-2.55363
 21
2.69038
  0
LINE
  8
0
 10
-2.55363
 20
2.69038
 11
-2.55002
 21
2.68825
  0
LINE
  8
0
 10
-2.55002
 20
2.68825
 11
-2.54649
 21
2.68596
  0
LINE
  8
0
 10
-2.54649
 20
2.68596
 11
-2.54306
 21
2.68352
  0
LINE
  8
0
 10
-2.54306
 20
2.68352
 11
-2.53975
 21
2.68094
  0
LINE
  8
0
 10
-2.53975
 20
2.68094
 11
-2.53653
 21
2.67824
  0
LINE
  8
0
 10
-2.53653
 20
2.67824
 11
-2.53343
 21
2.67538
  0
LINE
  8
0
 10
-2.53343
 20
2.67538
 11
-2.53047
 21
2.67241
  0
LINE
  8
0
 10
-2.53047
 20
2.67241
 11
-2.52762
 21
2.66931
  0
LINE
  8
0
 10
-2.52762
 20
2.66931
 11
-2.5249
 21
2.66611
  0
LINE
  8
0
 10
-2.5249
 20
2.66611
 11
-2.52232
 21
2.66278
  0
LINE
  8
0
 10
-2.52232
 20
2.66278
 11
-2.5199
 21
2.65935
  0
LINE
  8
0
 10
-2.5199
 20
2.65935
 11
-2.51759
 21
2.65582
  0
LINE
  8
0
 10
-2.51759
 20
2.65582
 11
-2.51546
 21
2.65221
  0
LINE
  8
0
 10
-2.51546
 20
2.65221
 11
-2.51347
 21
2.6485
  0
LINE
  8
0
 10
-2.51347
 20
2.6485
 11
-2.51164
 21
2.64471
  0
LINE
  8
0
 10
-2.51164
 20
2.64471
 11
-2.50998
 21
2.64085
  0
LINE
  8
0
 10
-2.50998
 20
2.64085
 11
-2.50847
 21
2.63693
  0
LINE
  8
0
 10
-2.50847
 20
2.63693
 11
-2.50713
 21
2.63295
  0
LINE
  8
0
 10
-2.50713
 20
2.63295
 11
-2.50595
 21
2.62891
  0
LINE
  8
0
 10
-2.50595
 20
2.62891
 11
-2.50494
 21
2.62483
  0
LINE
  8
0
 10
-2.50494
 20
2.62483
 11
-2.50412
 21
2.6207
  0
LINE
  8
0
 10
-2.50412
 20
2.6207
 11
-2.50346
 21
2.61655
  0
LINE
  8
0
 10
-2.50346
 20
2.61655
 11
-2.50298
 21
2.61237
  0
LINE
  8
0
 10
-2.50298
 20
2.61237
 11
-2.50267
 21
2.60818
  0
LINE
  8
0
 10
-2.50267
 20
2.60818
 11
-2.50253
 21
2.60397
  0
LINE
  8
0
 10
-2.50253
 20
2.60397
 11
-2.50258
 21
2.59978
  0
LINE
  8
0
 10
-2.50258
 20
2.59978
 11
-2.50281
 21
2.59557
  0
LINE
  8
0
 10
-2.50281
 20
2.59557
 11
-2.50319
 21
2.59138
  0
LINE
  8
0
 10
-2.50319
 20
2.59138
 11
-2.50377
 21
2.58722
  0
LINE
  8
0
 10
-2.50377
 20
2.58722
 11
-2.50452
 21
2.58308
  0
LINE
  8
0
 10
-2.50452
 20
2.58308
 11
-2.50543
 21
2.57898
  0
LINE
  8
0
 10
-2.50543
 20
2.57898
 11
-2.50652
 21
2.57492
  0
LINE
  8
0
 10
-2.50652
 20
2.57492
 11
-2.50778
 21
2.57091
  0
LINE
  8
0
 10
-2.50778
 20
2.57091
 11
-2.5092
 21
2.56694
  0
LINE
  8
0
 10
-2.5092
 20
2.56694
 11
-2.51079
 21
2.56305
  0
LINE
  8
0
 10
-2.51079
 20
2.56305
 11
-2.51254
 21
2.55923
  0
LINE
  8
0
 10
-2.51254
 20
2.55923
 11
-2.51445
 21
2.55548
  0
LINE
  8
0
 10
-2.51445
 20
2.55548
 11
-2.51651
 21
2.55182
  0
LINE
  8
0
 10
-2.51651
 20
2.55182
 11
-2.51872
 21
2.54825
  0
LINE
  8
0
 10
-2.51872
 20
2.54825
 11
-2.52109
 21
2.54477
  0
LINE
  8
0
 10
-2.52109
 20
2.54477
 11
-2.52361
 21
2.5414
  0
LINE
  8
0
 10
-2.52361
 20
2.5414
 11
-2.52625
 21
2.53813
  0
LINE
  8
0
 10
-2.52625
 20
2.53813
 11
-2.52902
 21
2.53497
  0
LINE
  8
0
 10
-2.52902
 20
2.53497
 11
-2.53194
 21
2.53194
  0
LINE
  8
0
 10
-2.53194
 20
2.53194
 11
-2.53497
 21
2.52902
  0
LINE
  8
0
 10
-2.53497
 20
2.52902
 11
-2.53813
 21
2.52625
  0
LINE
  8
0
 10
-2.53813
 20
2.52625
 11
-2.5414
 21
2.52361
  0
LINE
  8
0
 10
-2.5414
 20
2.52361
 11
-2.54477
 21
2.52109
  0
LINE
  8
0
 10
-2.54477
 20
2.52109
 11
-2.54825
 21
2.51872
  0
LINE
  8
0
 10
-2.54825
 20
2.51872
 11
-2.55182
 21
2.51651
  0
LINE
  8
0
 10
-2.55182
 20
2.51651
 11
-2.55548
 21
2.51445
  0
LINE
  8
0
 10
-2.55548
 20
2.51445
 11
-2.55923
 21
2.51254
  0
LINE
  8
0
 10
-2.55923
 20
2.51254
 11
-2.56305
 21
2.51079
  0
LINE
  8
0
 10
-2.56305
 20
2.51079
 11
-2.56694
 21
2.5092
  0
LINE
  8
0
 10
-2.56694
 20
2.5092
 11
-2.57091
 21
2.50778
  0
LINE
  8
0
 10
-2.57091
 20
2.50778
 11
-2.57492
 21
2.50652
  0
LINE
  8
0
 10
-2.57492
 20
2.50652
 11
-2.57898
 21
2.50543
  0
LINE
  8
0
 10
-2.57898
 20
2.50543
 11
-2.58308
 21
2.50452
  0
LINE
  8
0
 10
-2.58308
 20
2.50452
 11
-2.58722
 21
2.50377
  0
LINE
  8
0
 10
-2.58722
 20
2.50377
 11
-2.59138
 21
2.50319
  0
LINE
  8
0
 10
-2.59138
 20
2.50319
 11
-2.59557
 21
2.50281
  0
LINE
  8
0
 10
-2.59557
 20
2.50281
 11
-2.59978
 21
2.50258
  0
LINE
  8
0
 10
-2.59978
 20
2.50258
 11
-2.60397
 21
2.50253
  0
LINE
  8
0
 10
-2.60397
 20
2.50253
 11
-2.60818
 21
2.50267
  0
LINE
  8
0
 10
2.59978
 20
2.50258
 11
2.59557
 21
2.50281
  0
LINE
  8
0
 10
2.59557
 20
2.50281
 11
2.59138
 21
2.50319
  0
LINE
  8
0
 10
2.59138
 20
2.50319
 11
2.58722
 21
2.50377
  0
LINE
  8
0
 10
2.58722
 20
2.50377
 11
2.58308
 21
2.50452
  0
LINE
  8
0
 10
2.58308
 20
2.50452
 11
2.57898
 21
2.50543
  0
LINE
  8
0
 10
2.57898
 20
2.50543
 11
2.57492
 21
2.50652
  0
LINE
  8
0
 10
2.57492
 20
2.50652
 11
2.57091
 21
2.50778
  0
LINE
  8
0
 10
2.57091
 20
2.50778
 11
2.56694
 21
2.5092
  0
LINE
  8
0
 10
2.56694
 20
2.5092
 11
2.56305
 21
2.51079
  0
LINE
  8
0
 10
2.56305
 20
2.51079
 11
2.55923
 21
2.51254
  0
LINE
  8
0
 10
2.55923
 20
2.51254
 11
2.55548
 21
2.51445
  0
LINE
  8
0
 10
2.55548
 20
2.51445
 11
2.55182
 21
2.51651
  0
LINE
  8
0
 10
2.55182
 20
2.51651
 11
2.54825
 21
2.51872
  0
LINE
  8
0
 10
2.54825
 20
2.51872
 11
2.54477
 21
2.52109
  0
LINE
  8
0
 10
2.54477
 20
2.52109
 11
2.5414
 21
2.52361
  0
LINE
  8
0
 10
2.5414
 20
2.52361
 11
2.53813
 21
2.52625
  0
LINE
  8
0
 10
2.53813
 20
2.52625
 11
2.53497
 21
2.52902
  0
LINE
  8
0
 10
2.53497
 20
2.52902
 11
2.53194
 21
2.53194
  0
LINE
  8
0
 10
2.53194
 20
2.53194
 11
2.52902
 21
2.53497
  0
LINE
  8
0
 10
2.52902
 20
2.53497
 11
2.52625
 21
2.53813
  0
LINE
  8
0
 10
2.52625
 20
2.53813
 11
2.52361
 21
2.5414
  0
LINE
  8
0
 10
2.52361
 20
2.5414
 11
2.52109
 21
2.54477
  0
LINE
  8
0
 10
2.52109
 20
2.54477
 11
2.51872
 21
2.54825
  0
LINE
  8
0
 10
2.51872
 20
2.54825
 11
2.51651
 21
2.55182
  0
LINE
  8
0
 10
2.51651
 20
2.55182
 11
2.51445
 21
2.55548
  0
LINE
  8
0
 10
2.51445
 20
2.55548
 11
2.51254
 21
2.55923
  0
LINE
  8
0
 10
2.51254
 20
2.55923
 11
2.51079
 21
2.56305
  0
LINE
  8
0
 10
2.51079
 20
2.56305
 11
2.5092
 21
2.56694
  0
LINE
  8
0
 10
2.5092
 20
2.56694
 11
2.50778
 21
2.57091
  0
LINE
  8
0
 10
2.50778
 20
2.57091
 11
2.50652
 21
2.57492
  0
LINE
  8
0
 10
2.50652
 20
2.57492
 11
2.50543
 21
2.57898
  0
LINE
  8
0
 10
2.50543
 20
2.57898
 11
2.50452
 21
2.58308
  0
LINE
  8
0
 10
2.50452
 20
2.58308
 11
2.50377
 21
2.58722
  0
LINE
  8
0
 10
2.50377
 20
2.58722
 11
2.50319
 21
2.59138
  0
LINE
  8
0
 10
2.50319
 20
2.59138
 11
2.50281
 21
2.59557
  0
LINE
  8
0
 10
2.50281
 20
2.59557
 11
2.50258
 21
2.59978
  0
LINE
  8
0
 10
2.50258
 20
2.59978
 11
2.50253
 21
2.60397
  0
LINE
  8
0
 10
2.50253
 20
2.60397
 11
2.50267
 21
2.60818
  0
LINE
  8
0
 10
2.50267
 20
2.60818
 11
2.50298
 21
2.61237
  0
LINE
  8
0
 10
2.50298
 20
2.61237
 11
2.50346
 21
2.61655
  0
LINE
  8
0
 10
2.50346
 20
2.61655
 11
2.50412
 21
2.6207
  0
LINE
  8
0
 10
2.50412
 20
2.6207
 11
2.50494
 21
2.62483
  0
LINE
  8
0
 10
2.50494
 20
2.62483
 11
2.50595
 21
2.62891
  0
LINE
  8
0
 10
2.50595
 20
2.62891
 11
2.50713
 21
2.63295
  0
LINE
  8
0
 10
2.50713
 20
2.63295
 11
2.50847
 21
2.63693
  0
LINE
  8
0
 10
2.50847
 20
2.63693
 11
2.50998
 21
2.64085
  0
LINE
  8
0
 10
2.50998
 20
2.64085
 11
2.51164
 21
2.64471
  0
LINE
  8
0
 10
2.51164
 20
2.64471
 11
2.51347
 21
2.6485
  0
LINE
  8
0
 10
2.51347
 20
2.6485
 11
2.51546
 21
2.65221
  0
LINE
  8
0
 10
2.51546
 20
2.65221
 11
2.51759
 21
2.65582
  0
LINE
  8
0
 10
2.51759
 20
2.65582
 11
2.5199
 21
2.65935
  0
LINE
  8
0
 10
2.5199
 20
2.65935
 11
2.52232
 21
2.66278
  0
LINE
  8
0
 10
2.52232
 20
2.66278
 11
2.5249
 21
2.66611
  0
LINE
  8
0
 10
2.5249
 20
2.66611
 11
2.52762
 21
2.66931
  0
LINE
  8
0
 10
2.52762
 20
2.66931
 11
2.53047
 21
2.67241
  0
LINE
  8
0
 10
2.53047
 20
2.67241
 11
2.53343
 21
2.67538
  0
LINE
  8
0
 10
2.53343
 20
2.67538
 11
2.53653
 21
2.67824
  0
LINE
  8
0
 10
2.53653
 20
2.67824
 11
2.53975
 21
2.68094
  0
LINE
  8
0
 10
2.53975
 20
2.68094
 11
2.54306
 21
2.68352
  0
LINE
  8
0
 10
2.54306
 20
2.68352
 11
2.54649
 21
2.68596
  0
LINE
  8
0
 10
2.54649
 20
2.68596
 11
2.55002
 21
2.68825
  0
LINE
  8
0
 10
2.55002
 20
2.68825
 11
2.55363
 21
2.69038
  0
LINE
  8
0
 10
2.55363
 20
2.69038
 11
2.55734
 21
2.69238
  0
LINE
  8
0
 10
2.55734
 20
2.69238
 11
2.56113
 21
2.69421
  0
LINE
  8
0
 10
2.56113
 20
2.69421
 11
2.56499
 21
2.69588
  0
LINE
  8
0
 10
2.56499
 20
2.69588
 11
2.56892
 21
2.69739
  0
LINE
  8
0
 10
2.56892
 20
2.69739
 11
2.57291
 21
2.69873
  0
LINE
  8
0
 10
2.57291
 20
2.69873
 11
2.57693
 21
2.69991
  0
LINE
  8
0
 10
2.57693
 20
2.69991
 11
2.58102
 21
2.7009
  0
LINE
  8
0
 10
2.58102
 20
2.7009
 11
2.58514
 21
2.70174
  0
LINE
  8
0
 10
2.58514
 20
2.70174
 11
2.58929
 21
2.70239
  0
LINE
  8
0
 10
2.58929
 20
2.70239
 11
2.59348
 21
2.70287
  0
LINE
  8
0
 10
2.59348
 20
2.70287
 11
2.59767
 21
2.70319
  0
LINE
  8
0
 10
2.59767
 20
2.70319
 11
2.60187
 21
2.70331
  0
LINE
  8
0
 10
2.60187
 20
2.70331
 11
2.60608
 21
2.70326
  0
LINE
  8
0
 10
2.60608
 20
2.70326
 11
2.61028
 21
2.70305
  0
LINE
  8
0
 10
2.61028
 20
2.70305
 11
2.61446
 21
2.70265
  0
LINE
  8
0
 10
2.61446
 20
2.70265
 11
2.61864
 21
2.70209
  0
LINE
  8
0
 10
2.61864
 20
2.70209
 11
2.62277
 21
2.70134
  0
LINE
  8
0
 10
2.62277
 20
2.70134
 11
2.62688
 21
2.70042
  0
LINE
  8
0
 10
2.62688
 20
2.70042
 11
2.63094
 21
2.69933
  0
LINE
  8
0
 10
2.63094
 20
2.69933
 11
2.63495
 21
2.69807
  0
LINE
  8
0
 10
2.63495
 20
2.69807
 11
2.6389
 21
2.69666
  0
LINE
  8
0
 10
2.6389
 20
2.69666
 11
2.64279
 21
2.69507
  0
LINE
  8
0
 10
2.64279
 20
2.69507
 11
2.64662
 21
2.69331
  0
LINE
  8
0
 10
2.64662
 20
2.69331
 11
2.65036
 21
2.69141
  0
LINE
  8
0
 10
2.65036
 20
2.69141
 11
2.65402
 21
2.68933
  0
LINE
  8
0
 10
2.65402
 20
2.68933
 11
2.65761
 21
2.68712
  0
LINE
  8
0
 10
2.65761
 20
2.68712
 11
2.66109
 21
2.68475
  0
LINE
  8
0
 10
2.66109
 20
2.68475
 11
2.66446
 21
2.68225
  0
LINE
  8
0
 10
2.66446
 20
2.68225
 11
2.66772
 21
2.67961
  0
LINE
  8
0
 10
2.66772
 20
2.67961
 11
2.67088
 21
2.67682
  0
LINE
  8
0
 10
2.67088
 20
2.67682
 11
2.67392
 21
2.67392
  0
LINE
  8
0
 10
2.67392
 20
2.67392
 11
2.67682
 21
2.67088
  0
LINE
  8
0
 10
2.67682
 20
2.67088
 11
2.67961
 21
2.66772
  0
LINE
  8
0
 10
2.67961
 20
2.66772
 11
2.68225
 21
2.66446
  0
LINE
  8
0
 10
2.68225
 20
2.66446
 11
2.68475
 21
2.66109
  0
LINE
  8
0
 10
2.68475
 20
2.66109
 11
2.68712
 21
2.65761
  0
LINE
  8
0
 10
2.68712
 20
2.65761
 11
2.68933
 21
2.65402
  0
LINE
  8
0
 10
2.68933
 20
2.65402
 11
2.69141
 21
2.65036
  0
LINE
  8
0
 10
2.69141
 20
2.65036
 11
2.69331
 21
2.64662
  0
LINE
  8
0
 10
2.69331
 20
2.64662
 11
2.69507
 21
2.64279
  0
LINE
  8
0
 10
2.69507
 20
2.64279
 11
2.69666
 21
2.6389
  0
LINE
  8
0
 10
2.69666
 20
2.6389
 11
2.69807
 21
2.63495
  0
LINE
  8
0
 10
2.69807
 20
2.63495
 11
2.69933
 21
2.63094
  0
LINE
  8
0
 10
2.69933
 20
2.63094
 11
2.70042
 21
2.62688
  0
LINE
  8
0
 10
2.70042
 20
2.62688
 11
2.70134
 21
2.62277
  0
LINE
  8
0
 10
2.70134
 20
2.62277
 11
2.70209
 21
2.61864
  0
LINE
  8
0
 10
2.70209
 20
2.61864
 11
2.70265
 21
2.61446
  0
LINE
  8
0
 10
2.70265
 20
2.61446
 11
2.70305
 21
2.61028
  0
LINE
  8
0
 10
2.70305
 20
2.61028
 11
2.70326
 21
2.60608
  0
LINE
  8
0
 10
2.70326
 20
2.60608
 11
2.70331
 21
2.60187
  0
LINE
  8
0
 10
2.70331
 20
2.60187
 11
2.70319
 21
2.59767
  0
LINE
  8
0
 10
2.70319
 20
2.59767
 11
2.70287
 21
2.59348
  0
LINE
  8
0
 10
2.70287
 20
2.59348
 11
2.70239
 21
2.58929
  0
LINE
  8
0
 10
2.70239
 20
2.58929
 11
2.70174
 21
2.58514
  0
LINE
  8
0
 10
2.70174
 20
2.58514
 11
2.7009
 21
2.58102
  0
LINE
  8
0
 10
2.7009
 20
2.58102
 11
2.69991
 21
2.57693
  0
LINE
  8
0
 10
2.69991
 20
2.57693
 11
2.69873
 21
2.57291
  0
LINE
  8
0
 10
2.69873
 20
2.57291
 11
2.69739
 21
2.56892
  0
LINE
  8
0
 10
2.69739
 20
2.56892
 11
2.69588
 21
2.56499
  0
LINE
  8
0
 10
2.69588
 20
2.56499
 11
2.69421
 21
2.56113
  0
LINE
  8
0
 10
2.69421
 20
2.56113
 11
2.69238
 21
2.55734
  0
LINE
  8
0
 10
2.69238
 20
2.55734
 11
2.69038
 21
2.55363
  0
LINE
  8
0
 10
2.69038
 20
2.55363
 11
2.68825
 21
2.55002
  0
LINE
  8
0
 10
2.68825
 20
2.55002
 11
2.68596
 21
2.54649
  0
LINE
  8
0
 10
2.68596
 20
2.54649
 11
2.68352
 21
2.54306
  0
LINE
  8
0
 10
2.68352
 20
2.54306
 11
2.68094
 21
2.53975
  0
LINE
  8
0
 10
2.68094
 20
2.53975
 11
2.67824
 21
2.53653
  0
LINE
  8
0
 10
2.67824
 20
2.53653
 11
2.67538
 21
2.53343
  0
LINE
  8
0
 10
2.67538
 20
2.53343
 11
2.67241
 21
2.53047
  0
LINE
  8
0
 10
2.67241
 20
2.53047
 11
2.66931
 21
2.52762
  0
LINE
  8
0
 10
2.66931
 20
2.52762
 11
2.66611
 21
2.5249
  0
LINE
  8
0
 10
2.66611
 20
2.5249
 11
2.66278
 21
2.52232
  0
LINE
  8
0
 10
2.66278
 20
2.52232
 11
2.65935
 21
2.5199
  0
LINE
  8
0
 10
2.65935
 20
2.5199
 11
2.65582
 21
2.51759
  0
LINE
  8
0
 10
2.65582
 20
2.51759
 11
2.65221
 21
2.51546
  0
LINE
  8
0
 10
2.65221
 20
2.51546
 11
2.6485
 21
2.51347
  0
LINE
  8
0
 10
2.6485
 20
2.51347
 11
2.64471
 21
2.51164
  0
LINE
  8
0
 10
2.64471
 20
2.51164
 11
2.64085
 21
2.50998
  0
LINE
  8
0
 10
2.64085
 20
2.50998
 11
2.63693
 21
2.50847
  0
LINE
  8
0
 10
2.63693
 20
2.50847
 11
2.63295
 21
2.50713
  0
LINE
  8
0
 10
2.63295
 20
2.50713
 11
2.62891
 21
2.50595
  0
LINE
  8
0
 10
2.62891
 20
2.50595
 11
2.62483
 21
2.50494
  0
LINE
  8
0
 10
2.62483
 20
2.50494
 11
2.6207
 21
2.50412
  0
LINE
  8
0
 10
2.6207
 20
2.50412
 11
2.61655
 21
2.50346
  0
LINE
  8
0
 10
2.61655
 20
2.50346
 11
2.61237
 21
2.50298
  0
LINE
  8
0
 10
2.61237
 20
2.50298
 11
2.60818
 21
2.50267
  0
LINE
  8
0
 10
2.60818
 20
2.50267
 11
2.60397
 21
2.50253
  0
LINE
  8
0
 10
2.60397
 20
2.50253
 11
2.59978
 21
2.50258
  0
LINE
  8
0
 10
6.455
 20
1.17914
 11
6.45161
 21
1.17929
  0
LINE
  8
0
 10
6.45161
 20
1.17929
 11
6.44826
 21
1.17957
  0
LINE
  8
0
 10
6.44826
 20
1.17957
 11
6.4449
 21
1.17999
  0
LINE
  8
0
 10
6.4449
 20
1.17999
 11
6.44156
 21
1.18056
  0
LINE
  8
0
 10
6.44156
 20
1.18056
 11
6.43826
 21
1.18126
  0
LINE
  8
0
 10
6.43826
 20
1.18126
 11
6.43498
 21
1.1821
  0
LINE
  8
0
 10
6.43498
 20
1.1821
 11
6.43175
 21
1.18307
  0
LINE
  8
0
 10
6.43175
 20
1.18307
 11
6.42856
 21
1.18419
  0
LINE
  8
0
 10
6.42856
 20
1.18419
 11
6.42542
 21
1.18542
  0
LINE
  8
0
 10
6.42542
 20
1.18542
 11
6.42232
 21
1.18681
  0
LINE
  8
0
 10
6.42232
 20
1.18681
 11
6.4193
 21
1.18831
  0
LINE
  8
0
 10
6.4193
 20
1.18831
 11
6.41634
 21
1.18994
  0
LINE
  8
0
 10
6.41634
 20
1.18994
 11
6.41344
 21
1.1917
  0
LINE
  8
0
 10
6.41344
 20
1.1917
 11
6.41063
 21
1.19356
  0
LINE
  8
0
 10
6.41063
 20
1.19356
 11
6.4079
 21
1.19554
  0
LINE
  8
0
 10
6.4079
 20
1.19554
 11
6.40524
 21
1.19765
  0
LINE
  8
0
 10
6.40524
 20
1.19765
 11
6.40268
 21
1.19986
  0
LINE
  8
0
 10
6.40268
 20
1.19986
 11
6.40022
 21
1.20216
  0
LINE
  8
0
 10
6.40022
 20
1.20216
 11
6.39786
 21
1.20459
  0
LINE
  8
0
 10
6.39786
 20
1.20459
 11
6.3956
 21
1.20709
  0
LINE
  8
0
 10
6.3956
 20
1.20709
 11
6.39343
 21
1.2097
  0
LINE
  8
0
 10
6.39343
 20
1.2097
 11
6.39139
 21
1.2124
  0
LINE
  8
0
 10
6.39139
 20
1.2124
 11
6.38947
 21
1.21516
  0
LINE
  8
0
 10
6.38947
 20
1.21516
 11
6.38765
 21
1.21803
  0
LINE
  8
0
 10
6.38765
 20
1.21803
 11
6.38597
 21
1.22095
  0
LINE
  8
0
 10
6.38597
 20
1.22095
 11
6.3844
 21
1.22395
  0
LINE
  8
0
 10
6.3844
 20
1.22395
 11
6.38297
 21
1.22701
  0
LINE
  8
0
 10
6.38297
 20
1.22701
 11
6.38165
 21
1.23012
  0
LINE
  8
0
 10
6.38165
 20
1.23012
 11
6.38046
 21
1.23329
  0
LINE
  8
0
 10
6.38046
 20
1.23329
 11
6.37943
 21
1.23651
  0
LINE
  8
0
 10
6.37943
 20
1.23651
 11
6.37851
 21
1.23976
  0
LINE
  8
0
 10
6.37851
 20
1.23976
 11
6.37775
 21
1.24306
  0
LINE
  8
0
 10
6.37775
 20
1.24306
 11
6.37711
 21
1.24637
  0
LINE
  8
0
 10
6.37711
 20
1.24637
 11
6.37662
 21
1.24973
  0
LINE
  8
0
 10
6.37662
 20
1.24973
 11
6.37627
 21
1.25308
  0
LINE
  8
0
 10
6.37627
 20
1.25308
 11
6.37605
 21
1.25645
  0
LINE
  8
0
 10
6.37605
 20
1.25645
 11
6.37598
 21
1.25984
  0
LINE
  8
0
 10
6.37598
 20
1.25984
 11
6.37605
 21
1.26321
  0
LINE
  8
0
 10
6.37605
 20
1.26321
 11
6.37627
 21
1.26659
  0
LINE
  8
0
 10
6.37627
 20
1.26659
 11
6.37662
 21
1.26994
  0
LINE
  8
0
 10
6.37662
 20
1.26994
 11
6.37711
 21
1.2733
  0
LINE
  8
0
 10
6.37711
 20
1.2733
 11
6.37775
 21
1.27661
  0
LINE
  8
0
 10
6.37775
 20
1.27661
 11
6.37851
 21
1.27991
  0
LINE
  8
0
 10
6.37851
 20
1.27991
 11
6.37943
 21
1.28316
  0
LINE
  8
0
 10
6.37943
 20
1.28316
 11
6.38046
 21
1.28638
  0
LINE
  8
0
 10
6.38046
 20
1.28638
 11
6.38165
 21
1.28955
  0
LINE
  8
0
 10
6.38165
 20
1.28955
 11
6.38297
 21
1.29266
  0
LINE
  8
0
 10
6.38297
 20
1.29266
 11
6.3844
 21
1.29572
  0
LINE
  8
0
 10
6.3844
 20
1.29572
 11
6.38597
 21
1.29872
  0
LINE
  8
0
 10
6.38597
 20
1.29872
 11
6.38765
 21
1.30165
  0
LINE
  8
0
 10
6.38765
 20
1.30165
 11
6.38947
 21
1.3045
  0
LINE
  8
0
 10
6.38947
 20
1.3045
 11
6.39139
 21
1.30728
  0
LINE
  8
0
 10
6.39139
 20
1.30728
 11
6.39343
 21
1.30997
  0
LINE
  8
0
 10
6.39343
 20
1.30997
 11
6.3956
 21
1.31258
  0
LINE
  8
0
 10
6.3956
 20
1.31258
 11
6.39786
 21
1.31508
  0
LINE
  8
0
 10
6.39786
 20
1.31508
 11
6.40022
 21
1.3175
  0
LINE
  8
0
 10
6.40022
 20
1.3175
 11
6.40268
 21
1.31981
  0
LINE
  8
0
 10
6.40268
 20
1.31981
 11
6.40524
 21
1.32202
  0
LINE
  8
0
 10
6.40524
 20
1.32202
 11
6.4079
 21
1.32413
  0
LINE
  8
0
 10
6.4079
 20
1.32413
 11
6.41063
 21
1.32611
  0
LINE
  8
0
 10
6.41063
 20
1.32611
 11
6.41344
 21
1.32797
  0
LINE
  8
0
 10
6.41344
 20
1.32797
 11
6.41634
 21
1.32973
  0
LINE
  8
0
 10
6.41634
 20
1.32973
 11
6.4193
 21
1.33136
  0
LINE
  8
0
 10
6.4193
 20
1.33136
 11
6.42232
 21
1.33286
  0
LINE
  8
0
 10
6.42232
 20
1.33286
 11
6.42542
 21
1.33424
  0
LINE
  8
0
 10
6.42542
 20
1.33424
 11
6.42856
 21
1.33548
  0
LINE
  8
0
 10
6.42856
 20
1.33548
 11
6.43175
 21
1.33659
  0
LINE
  8
0
 10
6.43175
 20
1.33659
 11
6.43498
 21
1.33757
  0
LINE
  8
0
 10
6.43498
 20
1.33757
 11
6.43826
 21
1.33841
  0
LINE
  8
0
 10
6.43826
 20
1.33841
 11
6.44156
 21
1.33911
  0
LINE
  8
0
 10
6.44156
 20
1.33911
 11
6.4449
 21
1.33968
  0
LINE
  8
0
 10
6.4449
 20
1.33968
 11
6.44826
 21
1.3401
  0
LINE
  8
0
 10
6.44826
 20
1.3401
 11
6.45161
 21
1.34038
  0
LINE
  8
0
 10
6.45161
 20
1.34038
 11
6.455
 21
1.34053
  0
LINE
  8
0
 10
6.455
 20
1.34053
 11
6.45837
 21
1.34053
  0
LINE
  8
0
 10
6.45837
 20
1.34053
 11
6.46176
 21
1.34038
  0
LINE
  8
0
 10
6.46176
 20
1.34038
 11
6.46512
 21
1.3401
  0
LINE
  8
0
 10
6.46512
 20
1.3401
 11
6.46848
 21
1.33968
  0
LINE
  8
0
 10
6.46848
 20
1.33968
 11
6.47182
 21
1.33911
  0
LINE
  8
0
 10
6.47182
 20
1.33911
 11
6.47511
 21
1.33841
  0
LINE
  8
0
 10
6.47511
 20
1.33841
 11
6.47839
 21
1.33757
  0
LINE
  8
0
 10
6.47839
 20
1.33757
 11
6.48163
 21
1.33659
  0
LINE
  8
0
 10
6.48163
 20
1.33659
 11
6.48482
 21
1.33548
  0
LINE
  8
0
 10
6.48482
 20
1.33548
 11
6.48796
 21
1.33424
  0
LINE
  8
0
 10
6.48796
 20
1.33424
 11
6.49106
 21
1.33286
  0
LINE
  8
0
 10
6.49106
 20
1.33286
 11
6.49408
 21
1.33136
  0
LINE
  8
0
 10
6.49408
 20
1.33136
 11
6.49704
 21
1.32973
  0
LINE
  8
0
 10
6.49704
 20
1.32973
 11
6.49994
 21
1.32797
  0
LINE
  8
0
 10
6.49994
 20
1.32797
 11
6.50275
 21
1.32611
  0
LINE
  8
0
 10
6.50275
 20
1.32611
 11
6.50549
 21
1.32413
  0
LINE
  8
0
 10
6.50549
 20
1.32413
 11
6.50813
 21
1.32202
  0
LINE
  8
0
 10
6.50813
 20
1.32202
 11
6.5107
 21
1.31981
  0
LINE
  8
0
 10
6.5107
 20
1.31981
 11
6.51315
 21
1.3175
  0
LINE
  8
0
 10
6.51315
 20
1.3175
 11
6.51552
 21
1.31508
  0
LINE
  8
0
 10
6.51552
 20
1.31508
 11
6.51779
 21
1.31258
  0
LINE
  8
0
 10
6.51779
 20
1.31258
 11
6.51994
 21
1.30997
  0
LINE
  8
0
 10
6.51994
 20
1.30997
 11
6.52199
 21
1.30728
  0
LINE
  8
0
 10
6.52199
 20
1.30728
 11
6.52391
 21
1.3045
  0
LINE
  8
0
 10
6.52391
 20
1.3045
 11
6.52573
 21
1.30165
  0
LINE
  8
0
 10
6.52573
 20
1.30165
 11
6.52742
 21
1.29872
  0
LINE
  8
0
 10
6.52742
 20
1.29872
 11
6.52898
 21
1.29572
  0
LINE
  8
0
 10
6.52898
 20
1.29572
 11
6.53043
 21
1.29266
  0
LINE
  8
0
 10
6.53043
 20
1.29266
 11
6.53172
 21
1.28955
  0
LINE
  8
0
 10
6.53172
 20
1.28955
 11
6.53291
 21
1.28638
  0
LINE
  8
0
 10
6.53291
 20
1.28638
 11
6.53395
 21
1.28316
  0
LINE
  8
0
 10
6.53395
 20
1.28316
 11
6.53487
 21
1.27991
  0
LINE
  8
0
 10
6.53487
 20
1.27991
 11
6.53563
 21
1.27661
  0
LINE
  8
0
 10
6.53563
 20
1.27661
 11
6.53627
 21
1.2733
  0
LINE
  8
0
 10
6.53627
 20
1.2733
 11
6.53676
 21
1.26994
  0
LINE
  8
0
 10
6.53676
 20
1.26994
 11
6.53711
 21
1.26659
  0
LINE
  8
0
 10
6.53711
 20
1.26659
 11
6.53732
 21
1.26321
  0
LINE
  8
0
 10
6.53732
 20
1.26321
 11
6.5374
 21
1.25984
  0
LINE
  8
0
 10
6.5374
 20
1.25984
 11
6.53732
 21
1.25645
  0
LINE
  8
0
 10
6.53732
 20
1.25645
 11
6.53711
 21
1.25308
  0
LINE
  8
0
 10
6.53711
 20
1.25308
 11
6.53676
 21
1.24973
  0
LINE
  8
0
 10
6.53676
 20
1.24973
 11
6.53627
 21
1.24637
  0
LINE
  8
0
 10
6.53627
 20
1.24637
 11
6.53563
 21
1.24306
  0
LINE
  8
0
 10
6.53563
 20
1.24306
 11
6.53487
 21
1.23976
  0
LINE
  8
0
 10
6.53487
 20
1.23976
 11
6.53395
 21
1.23651
  0
LINE
  8
0
 10
6.53395
 20
1.23651
 11
6.53291
 21
1.23329
  0
LINE
  8
0
 10
6.53291
 20
1.23329
 11
6.53172
 21
1.23012
  0
LINE
  8
0
 10
6.53172
 20
1.23012
 11
6.53043
 21
1.22701
  0
LINE
  8
0
 10
6.53043
 20
1.22701
 11
6.52898
 21
1.22395
  0
LINE
  8
0
 10
6.52898
 20
1.22395
 11
6.52742
 21
1.22095
  0
LINE
  8
0
 10
6.52742
 20
1.22095
 11
6.52573
 21
1.21803
  0
LINE
  8
0
 10
6.52573
 20
1.21803
 11
6.52391
 21
1.21516
  0
LINE
  8
0
 10
6.52391
 20
1.21516
 11
6.52199
 21
1.2124
  0
LINE
  8
0
 10
6.52199
 20
1.2124
 11
6.51994
 21
1.2097
  0
LINE
  8
0
 10
6.51994
 20
1.2097
 11
6.51779
 21
1.20709
  0
LINE
  8
0
 10
6.51779
 20
1.20709
 11
6.51552
 21
1.20459
  0
LINE
  8
0
 10
6.51552
 20
1.20459
 11
6.51315
 21
1.20216
  0
LINE
  8
0
 10
6.51315
 20
1.20216
 11
6.5107
 21
1.19986
  0
LINE
  8
0
 10
6.5107
 20
1.19986
 11
6.50813
 21
1.19765
  0
LINE
  8
0
 10
6.50813
 20
1.19765
 11
6.50549
 21
1.19554
  0
LINE
  8
0
 10
6.50549
 20
1.19554
 11
6.50275
 21
1.19356
  0
LINE
  8
0
 10
6.50275
 20
1.19356
 11
6.49994
 21
1.1917
  0
LINE
  8
0
 10
6.49994
 20
1.1917
 11
6.49704
 21
1.18994
  0
LINE
  8
0
 10
6.49704
 20
1.18994
 11
6.49408
 21
1.18831
  0
LINE
  8
0
 10
6.49408
 20
1.18831
 11
6.49106
 21
1.18681
  0
LINE
  8
0
 10
6.49106
 20
1.18681
 11
6.48796
 21
1.18542
  0
LINE
  8
0
 10
6.48796
 20
1.18542
 11
6.48482
 21
1.18419
  0
LINE
  8
0
 10
6.48482
 20
1.18419
 11
6.48163
 21
1.18307
  0
LINE
  8
0
 10
6.48163
 20
1.18307
 11
6.47839
 21
1.1821
  0
LINE
  8
0
 10
6.47839
 20
1.1821
 11
6.47511
 21
1.18126
  0
LINE
  8
0
 10
6.47511
 20
1.18126
 11
6.47182
 21
1.18056
  0
LINE
  8
0
 10
6.47182
 20
1.18056
 11
6.46848
 21
1.17999
  0
LINE
  8
0
 10
6.46848
 20
1.17999
 11
6.46512
 21
1.17957
  0
LINE
  8
0
 10
6.46512
 20
1.17957
 11
6.46176
 21
1.17929
  0
LINE
  8
0
 10
6.46176
 20
1.17929
 11
6.45837
 21
1.17914
  0
LINE
  8
0
 10
6.45837
 20
1.17914
 11
6.455
 21
1.17914
  0
LINE
  8
0
 10
7.71484
 20
1.17914
 11
7.71147
 21
1.17929
  0
LINE
  8
0
 10
7.71147
 20
1.17929
 11
7.7081
 21
1.17957
  0
LINE
  8
0
 10
7.7081
 20
1.17957
 11
7.70474
 21
1.17999
  0
LINE
  8
0
 10
7.70474
 20
1.17999
 11
7.70142
 21
1.18056
  0
LINE
  8
0
 10
7.70142
 20
1.18056
 11
7.6981
 21
1.18126
  0
LINE
  8
0
 10
7.6981
 20
1.18126
 11
7.69482
 21
1.1821
  0
LINE
  8
0
 10
7.69482
 20
1.1821
 11
7.69159
 21
1.18307
  0
LINE
  8
0
 10
7.69159
 20
1.18307
 11
7.6884
 21
1.18419
  0
LINE
  8
0
 10
7.6884
 20
1.18419
 11
7.68526
 21
1.18542
  0
LINE
  8
0
 10
7.68526
 20
1.18542
 11
7.68217
 21
1.18681
  0
LINE
  8
0
 10
7.68217
 20
1.18681
 11
7.67914
 21
1.18831
  0
LINE
  8
0
 10
7.67914
 20
1.18831
 11
7.67618
 21
1.18994
  0
LINE
  8
0
 10
7.67618
 20
1.18994
 11
7.67328
 21
1.1917
  0
LINE
  8
0
 10
7.67328
 20
1.1917
 11
7.67047
 21
1.19356
  0
LINE
  8
0
 10
7.67047
 20
1.19356
 11
7.66774
 21
1.19554
  0
LINE
  8
0
 10
7.66774
 20
1.19554
 11
7.66508
 21
1.19765
  0
LINE
  8
0
 10
7.66508
 20
1.19765
 11
7.66252
 21
1.19986
  0
LINE
  8
0
 10
7.66252
 20
1.19986
 11
7.66006
 21
1.20216
  0
LINE
  8
0
 10
7.66006
 20
1.20216
 11
7.6577
 21
1.20459
  0
LINE
  8
0
 10
7.6577
 20
1.20459
 11
7.65544
 21
1.20709
  0
LINE
  8
0
 10
7.65544
 20
1.20709
 11
7.65327
 21
1.2097
  0
LINE
  8
0
 10
7.65327
 20
1.2097
 11
7.65123
 21
1.2124
  0
LINE
  8
0
 10
7.65123
 20
1.2124
 11
7.64931
 21
1.21516
  0
LINE
  8
0
 10
7.64931
 20
1.21516
 11
7.64749
 21
1.21803
  0
LINE
  8
0
 10
7.64749
 20
1.21803
 11
7.64581
 21
1.22095
  0
LINE
  8
0
 10
7.64581
 20
1.22095
 11
7.64424
 21
1.22395
  0
LINE
  8
0
 10
7.64424
 20
1.22395
 11
7.64281
 21
1.22701
  0
LINE
  8
0
 10
7.64281
 20
1.22701
 11
7.64149
 21
1.23012
  0
LINE
  8
0
 10
7.64149
 20
1.23012
 11
7.64032
 21
1.23329
  0
LINE
  8
0
 10
7.64032
 20
1.23329
 11
7.63927
 21
1.23651
  0
LINE
  8
0
 10
7.63927
 20
1.23651
 11
7.63835
 21
1.23976
  0
LINE
  8
0
 10
7.63835
 20
1.23976
 11
7.63759
 21
1.24306
  0
LINE
  8
0
 10
7.63759
 20
1.24306
 11
7.63695
 21
1.24637
  0
LINE
  8
0
 10
7.63695
 20
1.24637
 11
7.63646
 21
1.24973
  0
LINE
  8
0
 10
7.63646
 20
1.24973
 11
7.63611
 21
1.25308
  0
LINE
  8
0
 10
7.63611
 20
1.25308
 11
7.63589
 21
1.25645
  0
LINE
  8
0
 10
7.63589
 20
1.25645
 11
7.63582
 21
1.25984
  0
LINE
  8
0
 10
7.63582
 20
1.25984
 11
7.63589
 21
1.26321
  0
LINE
  8
0
 10
7.63589
 20
1.26321
 11
7.63611
 21
1.26659
  0
LINE
  8
0
 10
7.63611
 20
1.26659
 11
7.63646
 21
1.26994
  0
LINE
  8
0
 10
7.63646
 20
1.26994
 11
7.63695
 21
1.2733
  0
LINE
  8
0
 10
7.63695
 20
1.2733
 11
7.63759
 21
1.27661
  0
LINE
  8
0
 10
7.63759
 20
1.27661
 11
7.63835
 21
1.27991
  0
LINE
  8
0
 10
7.63835
 20
1.27991
 11
7.63927
 21
1.28316
  0
LINE
  8
0
 10
7.63927
 20
1.28316
 11
7.64032
 21
1.28638
  0
LINE
  8
0
 10
7.64032
 20
1.28638
 11
7.64149
 21
1.28955
  0
LINE
  8
0
 10
7.64149
 20
1.28955
 11
7.64281
 21
1.29266
  0
LINE
  8
0
 10
7.64281
 20
1.29266
 11
7.64424
 21
1.29572
  0
LINE
  8
0
 10
7.64424
 20
1.29572
 11
7.64581
 21
1.29872
  0
LINE
  8
0
 10
7.64581
 20
1.29872
 11
7.64749
 21
1.30165
  0
LINE
  8
0
 10
7.64749
 20
1.30165
 11
7.64931
 21
1.3045
  0
LINE
  8
0
 10
7.64931
 20
1.3045
 11
7.65123
 21
1.30728
  0
LINE
  8
0
 10
7.65123
 20
1.30728
 11
7.65327
 21
1.30997
  0
LINE
  8
0
 10
7.65327
 20
1.30997
 11
7.65544
 21
1.31258
  0
LINE
  8
0
 10
7.65544
 20
1.31258
 11
7.6577
 21
1.31508
  0
LINE
  8
0
 10
7.6577
 20
1.31508
 11
7.66006
 21
1.3175
  0
LINE
  8
0
 10
7.66006
 20
1.3175
 11
7.66252
 21
1.31981
  0
LINE
  8
0
 10
7.66252
 20
1.31981
 11
7.66508
 21
1.32202
  0
LINE
  8
0
 10
7.66508
 20
1.32202
 11
7.66774
 21
1.32413
  0
LINE
  8
0
 10
7.66774
 20
1.32413
 11
7.67047
 21
1.32611
  0
LINE
  8
0
 10
7.67047
 20
1.32611
 11
7.67328
 21
1.32797
  0
LINE
  8
0
 10
7.67328
 20
1.32797
 11
7.67618
 21
1.32973
  0
LINE
  8
0
 10
7.67618
 20
1.32973
 11
7.67914
 21
1.33136
  0
LINE
  8
0
 10
7.67914
 20
1.33136
 11
7.68217
 21
1.33286
  0
LINE
  8
0
 10
7.68217
 20
1.33286
 11
7.68526
 21
1.33424
  0
LINE
  8
0
 10
7.68526
 20
1.33424
 11
7.6884
 21
1.33548
  0
LINE
  8
0
 10
7.6884
 20
1.33548
 11
7.69159
 21
1.33659
  0
LINE
  8
0
 10
7.69159
 20
1.33659
 11
7.69482
 21
1.33757
  0
LINE
  8
0
 10
7.69482
 20
1.33757
 11
7.6981
 21
1.33841
  0
LINE
  8
0
 10
7.6981
 20
1.33841
 11
7.70142
 21
1.33911
  0
LINE
  8
0
 10
7.70142
 20
1.33911
 11
7.70474
 21
1.33968
  0
LINE
  8
0
 10
7.70474
 20
1.33968
 11
7.7081
 21
1.3401
  0
LINE
  8
0
 10
7.7081
 20
1.3401
 11
7.71147
 21
1.34038
  0
LINE
  8
0
 10
7.71147
 20
1.34038
 11
7.71484
 21
1.34053
  0
LINE
  8
0
 10
7.71484
 20
1.34053
 11
7.71822
 21
1.34053
  0
LINE
  8
0
 10
7.71822
 20
1.34053
 11
7.7216
 21
1.34038
  0
LINE
  8
0
 10
7.7216
 20
1.34038
 11
7.72498
 21
1.3401
  0
LINE
  8
0
 10
7.72498
 20
1.3401
 11
7.72832
 21
1.33968
  0
LINE
  8
0
 10
7.72832
 20
1.33968
 11
7.73166
 21
1.33911
  0
LINE
  8
0
 10
7.73166
 20
1.33911
 11
7.73495
 21
1.33841
  0
LINE
  8
0
 10
7.73495
 20
1.33841
 11
7.73824
 21
1.33757
  0
LINE
  8
0
 10
7.73824
 20
1.33757
 11
7.74147
 21
1.33659
  0
LINE
  8
0
 10
7.74147
 20
1.33659
 11
7.74466
 21
1.33548
  0
LINE
  8
0
 10
7.74466
 20
1.33548
 11
7.7478
 21
1.33424
  0
LINE
  8
0
 10
7.7478
 20
1.33424
 11
7.7509
 21
1.33286
  0
LINE
  8
0
 10
7.7509
 20
1.33286
 11
7.75392
 21
1.33136
  0
LINE
  8
0
 10
7.75392
 20
1.33136
 11
7.75688
 21
1.32973
  0
LINE
  8
0
 10
7.75688
 20
1.32973
 11
7.75978
 21
1.32797
  0
LINE
  8
0
 10
7.75978
 20
1.32797
 11
7.76259
 21
1.32611
  0
LINE
  8
0
 10
7.76259
 20
1.32611
 11
7.76534
 21
1.32413
  0
LINE
  8
0
 10
7.76534
 20
1.32413
 11
7.76797
 21
1.32202
  0
LINE
  8
0
 10
7.76797
 20
1.32202
 11
7.77054
 21
1.31981
  0
LINE
  8
0
 10
7.77054
 20
1.31981
 11
7.77299
 21
1.3175
  0
LINE
  8
0
 10
7.77299
 20
1.3175
 11
7.77536
 21
1.31508
  0
LINE
  8
0
 10
7.77536
 20
1.31508
 11
7.77763
 21
1.31258
  0
LINE
  8
0
 10
7.77763
 20
1.31258
 11
7.77979
 21
1.30997
  0
LINE
  8
0
 10
7.77979
 20
1.30997
 11
7.78183
 21
1.30728
  0
LINE
  8
0
 10
7.78183
 20
1.30728
 11
7.78375
 21
1.3045
  0
LINE
  8
0
 10
7.78375
 20
1.3045
 11
7.78557
 21
1.30165
  0
LINE
  8
0
 10
7.78557
 20
1.30165
 11
7.78726
 21
1.29872
  0
LINE
  8
0
 10
7.78726
 20
1.29872
 11
7.78882
 21
1.29572
  0
LINE
  8
0
 10
7.78882
 20
1.29572
 11
7.79027
 21
1.29266
  0
LINE
  8
0
 10
7.79027
 20
1.29266
 11
7.79158
 21
1.28955
  0
LINE
  8
0
 10
7.79158
 20
1.28955
 11
7.79276
 21
1.28638
  0
LINE
  8
0
 10
7.79276
 20
1.28638
 11
7.79379
 21
1.28316
  0
LINE
  8
0
 10
7.79379
 20
1.28316
 11
7.79471
 21
1.27991
  0
LINE
  8
0
 10
7.79471
 20
1.27991
 11
7.79547
 21
1.27661
  0
LINE
  8
0
 10
7.79547
 20
1.27661
 11
7.79611
 21
1.2733
  0
LINE
  8
0
 10
7.79611
 20
1.2733
 11
7.7966
 21
1.26994
  0
LINE
  8
0
 10
7.7966
 20
1.26994
 11
7.79695
 21
1.26659
  0
LINE
  8
0
 10
7.79695
 20
1.26659
 11
7.79716
 21
1.26321
  0
LINE
  8
0
 10
7.79716
 20
1.26321
 11
7.79724
 21
1.25984
  0
LINE
  8
0
 10
7.79724
 20
1.25984
 11
7.79716
 21
1.25645
  0
LINE
  8
0
 10
7.79716
 20
1.25645
 11
7.79695
 21
1.25308
  0
LINE
  8
0
 10
7.79695
 20
1.25308
 11
7.7966
 21
1.24973
  0
LINE
  8
0
 10
7.7966
 20
1.24973
 11
7.79611
 21
1.24637
  0
LINE
  8
0
 10
7.79611
 20
1.24637
 11
7.79547
 21
1.24306
  0
LINE
  8
0
 10
7.79547
 20
1.24306
 11
7.79471
 21
1.23976
  0
LINE
  8
0
 10
7.79471
 20
1.23976
 11
7.79379
 21
1.23651
  0
LINE
  8
0
 10
7.79379
 20
1.23651
 11
7.79276
 21
1.23329
  0
LINE
  8
0
 10
7.79276
 20
1.23329
 11
7.79158
 21
1.23012
  0
LINE
  8
0
 10
7.79158
 20
1.23012
 11
7.79027
 21
1.22701
  0
LINE
  8
0
 10
7.79027
 20
1.22701
 11
7.78882
 21
1.22395
  0
LINE
  8
0
 10
7.78882
 20
1.22395
 11
7.78726
 21
1.22095
  0
LINE
  8
0
 10
7.78726
 20
1.22095
 11
7.78557
 21
1.21803
  0
LINE
  8
0
 10
7.78557
 20
1.21803
 11
7.78375
 21
1.21516
  0
LINE
  8
0
 10
7.78375
 20
1.21516
 11
7.78183
 21
1.2124
  0
LINE
  8
0
 10
7.78183
 20
1.2124
 11
7.77979
 21
1.2097
  0
LINE
  8
0
 10
7.77979
 20
1.2097
 11
7.77763
 21
1.20709
  0
LINE
  8
0
 10
7.77763
 20
1.20709
 11
7.77536
 21
1.20459
  0
LINE
  8
0
 10
7.77536
 20
1.20459
 11
7.77299
 21
1.20216
  0
LINE
  8
0
 10
7.77299
 20
1.20216
 11
7.77054
 21
1.19986
  0
LINE
  8
0
 10
7.77054
 20
1.19986
 11
7.76797
 21
1.19765
  0
LINE
  8
0
 10
7.76797
 20
1.19765
 11
7.76534
 21
1.19554
  0
LINE
  8
0
 10
7.76534
 20
1.19554
 11
7.76259
 21
1.19356
  0
LINE
  8
0
 10
7.76259
 20
1.19356
 11
7.75978
 21
1.1917
  0
LINE
  8
0
 10
7.75978
 20
1.1917
 11
7.75688
 21
1.18994
  0
LINE
  8
0
 10
7.75688
 20
1.18994
 11
7.75392
 21
1.18831
  0
LINE
  8
0
 10
7.75392
 20
1.18831
 11
7.7509
 21
1.18681
  0
LINE
  8
0
 10
7.7509
 20
1.18681
 11
7.7478
 21
1.18542
  0
LINE
  8
0
 10
7.7478
 20
1.18542
 11
7.74466
 21
1.18419
  0
LINE
  8
0
 10
7.74466
 20
1.18419
 11
7.74147
 21
1.18307
  0
LINE
  8
0
 10
7.74147
 20
1.18307
 11
7.73824
 21
1.1821
  0
LINE
  8
0
 10
7.73824
 20
1.1821
 11
7.73495
 21
1.18126
  0
LINE
  8
0
 10
7.73495
 20
1.18126
 11
7.73166
 21
1.18056
  0
LINE
  8
0
 10
7.73166
 20
1.18056
 11
7.72832
 21
1.17999
  0
LINE
  8
0
 10
7.72832
 20
1.17999
 11
7.72498
 21
1.17957
  0
LINE
  8
0
 10
7.72498
 20
1.17957
 11
7.7216
 21
1.17929
  0
LINE
  8
0
 10
7.7216
 20
1.17929
 11
7.71822
 21
1.17914
  0
LINE
  8
0
 10
7.71822
 20
1.17914
 11
7.71484
 21
1.17914
  0
LINE
  8
0
 10
-6.45837
 20
1.17914
 11
-6.46176
 21
1.17929
  0
LINE
  8
0
 10
-6.46176
 20
1.17929
 11
-6.46512
 21
1.17957
  0
LINE
  8
0
 10
-6.46512
 20
1.17957
 11
-6.46848
 21
1.17999
  0
LINE
  8
0
 10
-6.46848
 20
1.17999
 11
-6.47182
 21
1.18056
  0
LINE
  8
0
 10
-6.47182
 20
1.18056
 11
-6.47511
 21
1.18126
  0
LINE
  8
0
 10
-6.47511
 20
1.18126
 11
-6.47839
 21
1.1821
  0
LINE
  8
0
 10
-6.47839
 20
1.1821
 11
-6.48163
 21
1.18307
  0
LINE
  8
0
 10
-6.48163
 20
1.18307
 11
-6.48482
 21
1.18419
  0
LINE
  8
0
 10
-6.48482
 20
1.18419
 11
-6.48796
 21
1.18542
  0
LINE
  8
0
 10
-6.48796
 20
1.18542
 11
-6.49106
 21
1.18681
  0
LINE
  8
0
 10
-6.49106
 20
1.18681
 11
-6.49408
 21
1.18831
  0
LINE
  8
0
 10
-6.49408
 20
1.18831
 11
-6.49704
 21
1.18994
  0
LINE
  8
0
 10
-6.49704
 20
1.18994
 11
-6.49994
 21
1.1917
  0
LINE
  8
0
 10
-6.49994
 20
1.1917
 11
-6.50275
 21
1.19356
  0
LINE
  8
0
 10
-6.50275
 20
1.19356
 11
-6.50549
 21
1.19554
  0
LINE
  8
0
 10
-6.50549
 20
1.19554
 11
-6.50813
 21
1.19765
  0
LINE
  8
0
 10
-6.50813
 20
1.19765
 11
-6.5107
 21
1.19986
  0
LINE
  8
0
 10
-6.5107
 20
1.19986
 11
-6.51315
 21
1.20216
  0
LINE
  8
0
 10
-6.51315
 20
1.20216
 11
-6.51552
 21
1.20459
  0
LINE
  8
0
 10
-6.51552
 20
1.20459
 11
-6.51779
 21
1.20709
  0
LINE
  8
0
 10
-6.51779
 20
1.20709
 11
-6.51994
 21
1.2097
  0
LINE
  8
0
 10
-6.51994
 20
1.2097
 11
-6.52199
 21
1.2124
  0
LINE
  8
0
 10
-6.52199
 20
1.2124
 11
-6.52391
 21
1.21516
  0
LINE
  8
0
 10
-6.52391
 20
1.21516
 11
-6.52573
 21
1.21803
  0
LINE
  8
0
 10
-6.52573
 20
1.21803
 11
-6.52742
 21
1.22095
  0
LINE
  8
0
 10
-6.52742
 20
1.22095
 11
-6.52898
 21
1.22395
  0
LINE
  8
0
 10
-6.52898
 20
1.22395
 11
-6.53043
 21
1.22701
  0
LINE
  8
0
 10
-6.53043
 20
1.22701
 11
-6.53172
 21
1.23012
  0
LINE
  8
0
 10
-6.53172
 20
1.23012
 11
-6.53291
 21
1.23329
  0
LINE
  8
0
 10
-6.53291
 20
1.23329
 11
-6.53395
 21
1.23651
  0
LINE
  8
0
 10
-6.53395
 20
1.23651
 11
-6.53487
 21
1.23976
  0
LINE
  8
0
 10
-6.53487
 20
1.23976
 11
-6.53563
 21
1.24306
  0
LINE
  8
0
 10
-6.53563
 20
1.24306
 11
-6.53627
 21
1.24637
  0
LINE
  8
0
 10
-6.53627
 20
1.24637
 11
-6.53676
 21
1.24973
  0
LINE
  8
0
 10
-6.53676
 20
1.24973
 11
-6.53711
 21
1.25308
  0
LINE
  8
0
 10
-6.53711
 20
1.25308
 11
-6.53732
 21
1.25645
  0
LINE
  8
0
 10
-6.53732
 20
1.25645
 11
-6.5374
 21
1.25984
  0
LINE
  8
0
 10
-6.5374
 20
1.25984
 11
-6.53732
 21
1.26321
  0
LINE
  8
0
 10
-6.53732
 20
1.26321
 11
-6.53711
 21
1.26659
  0
LINE
  8
0
 10
-6.53711
 20
1.26659
 11
-6.53676
 21
1.26994
  0
LINE
  8
0
 10
-6.53676
 20
1.26994
 11
-6.53627
 21
1.2733
  0
LINE
  8
0
 10
-6.53627
 20
1.2733
 11
-6.53563
 21
1.27661
  0
LINE
  8
0
 10
-6.53563
 20
1.27661
 11
-6.53487
 21
1.27991
  0
LINE
  8
0
 10
-6.53487
 20
1.27991
 11
-6.53395
 21
1.28316
  0
LINE
  8
0
 10
-6.53395
 20
1.28316
 11
-6.53291
 21
1.28638
  0
LINE
  8
0
 10
-6.53291
 20
1.28638
 11
-6.53172
 21
1.28955
  0
LINE
  8
0
 10
-6.53172
 20
1.28955
 11
-6.53043
 21
1.29266
  0
LINE
  8
0
 10
-6.53043
 20
1.29266
 11
-6.52898
 21
1.29572
  0
LINE
  8
0
 10
-6.52898
 20
1.29572
 11
-6.52742
 21
1.29872
  0
LINE
  8
0
 10
-6.52742
 20
1.29872
 11
-6.52573
 21
1.30165
  0
LINE
  8
0
 10
-6.52573
 20
1.30165
 11
-6.52391
 21
1.3045
  0
LINE
  8
0
 10
-6.52391
 20
1.3045
 11
-6.52199
 21
1.30728
  0
LINE
  8
0
 10
-6.52199
 20
1.30728
 11
-6.51994
 21
1.30997
  0
LINE
  8
0
 10
-6.51994
 20
1.30997
 11
-6.51779
 21
1.31258
  0
LINE
  8
0
 10
-6.51779
 20
1.31258
 11
-6.51552
 21
1.31508
  0
LINE
  8
0
 10
-6.51552
 20
1.31508
 11
-6.51315
 21
1.3175
  0
LINE
  8
0
 10
-6.51315
 20
1.3175
 11
-6.5107
 21
1.31981
  0
LINE
  8
0
 10
-6.5107
 20
1.31981
 11
-6.50813
 21
1.32202
  0
LINE
  8
0
 10
-6.50813
 20
1.32202
 11
-6.50549
 21
1.32413
  0
LINE
  8
0
 10
-6.50549
 20
1.32413
 11
-6.50275
 21
1.32611
  0
LINE
  8
0
 10
-6.50275
 20
1.32611
 11
-6.49994
 21
1.32797
  0
LINE
  8
0
 10
-6.49994
 20
1.32797
 11
-6.49704
 21
1.32973
  0
LINE
  8
0
 10
-6.49704
 20
1.32973
 11
-6.49408
 21
1.33136
  0
LINE
  8
0
 10
-6.49408
 20
1.33136
 11
-6.49106
 21
1.33286
  0
LINE
  8
0
 10
-6.49106
 20
1.33286
 11
-6.48796
 21
1.33424
  0
LINE
  8
0
 10
-6.48796
 20
1.33424
 11
-6.48482
 21
1.33548
  0
LINE
  8
0
 10
-6.48482
 20
1.33548
 11
-6.48163
 21
1.33659
  0
LINE
  8
0
 10
-6.48163
 20
1.33659
 11
-6.47839
 21
1.33757
  0
LINE
  8
0
 10
-6.47839
 20
1.33757
 11
-6.47511
 21
1.33841
  0
LINE
  8
0
 10
-6.47511
 20
1.33841
 11
-6.47182
 21
1.33911
  0
LINE
  8
0
 10
-6.47182
 20
1.33911
 11
-6.46848
 21
1.33968
  0
LINE
  8
0
 10
-6.46848
 20
1.33968
 11
-6.46512
 21
1.3401
  0
LINE
  8
0
 10
-6.46512
 20
1.3401
 11
-6.46176
 21
1.34038
  0
LINE
  8
0
 10
-6.46176
 20
1.34038
 11
-6.45837
 21
1.34053
  0
LINE
  8
0
 10
-6.45837
 20
1.34053
 11
-6.455
 21
1.34053
  0
LINE
  8
0
 10
-6.455
 20
1.34053
 11
-6.45161
 21
1.34038
  0
LINE
  8
0
 10
-6.45161
 20
1.34038
 11
-6.44826
 21
1.3401
  0
LINE
  8
0
 10
-6.44826
 20
1.3401
 11
-6.4449
 21
1.33968
  0
LINE
  8
0
 10
-6.4449
 20
1.33968
 11
-6.44156
 21
1.33911
  0
LINE
  8
0
 10
-6.44156
 20
1.33911
 11
-6.43826
 21
1.33841
  0
LINE
  8
0
 10
-6.43826
 20
1.33841
 11
-6.43498
 21
1.33757
  0
LINE
  8
0
 10
-6.43498
 20
1.33757
 11
-6.43175
 21
1.33659
  0
LINE
  8
0
 10
-6.43175
 20
1.33659
 11
-6.42856
 21
1.33548
  0
LINE
  8
0
 10
-6.42856
 20
1.33548
 11
-6.42542
 21
1.33424
  0
LINE
  8
0
 10
-6.42542
 20
1.33424
 11
-6.42232
 21
1.33286
  0
LINE
  8
0
 10
-6.42232
 20
1.33286
 11
-6.4193
 21
1.33136
  0
LINE
  8
0
 10
-6.4193
 20
1.33136
 11
-6.41634
 21
1.32973
  0
LINE
  8
0
 10
-6.41634
 20
1.32973
 11
-6.41344
 21
1.32797
  0
LINE
  8
0
 10
-6.41344
 20
1.32797
 11
-6.41063
 21
1.32611
  0
LINE
  8
0
 10
-6.41063
 20
1.32611
 11
-6.4079
 21
1.32413
  0
LINE
  8
0
 10
-6.4079
 20
1.32413
 11
-6.40524
 21
1.32202
  0
LINE
  8
0
 10
-6.40524
 20
1.32202
 11
-6.40268
 21
1.31981
  0
LINE
  8
0
 10
-6.40268
 20
1.31981
 11
-6.40022
 21
1.3175
  0
LINE
  8
0
 10
-6.40022
 20
1.3175
 11
-6.39786
 21
1.31508
  0
LINE
  8
0
 10
-6.39786
 20
1.31508
 11
-6.3956
 21
1.31258
  0
LINE
  8
0
 10
-6.3956
 20
1.31258
 11
-6.39343
 21
1.30997
  0
LINE
  8
0
 10
-6.39343
 20
1.30997
 11
-6.39139
 21
1.30728
  0
LINE
  8
0
 10
-6.39139
 20
1.30728
 11
-6.38947
 21
1.3045
  0
LINE
  8
0
 10
-6.38947
 20
1.3045
 11
-6.38765
 21
1.30165
  0
LINE
  8
0
 10
-6.38765
 20
1.30165
 11
-6.38597
 21
1.29872
  0
LINE
  8
0
 10
-6.38597
 20
1.29872
 11
-6.3844
 21
1.29572
  0
LINE
  8
0
 10
-6.3844
 20
1.29572
 11
-6.38297
 21
1.29266
  0
LINE
  8
0
 10
-6.38297
 20
1.29266
 11
-6.38165
 21
1.28955
  0
LINE
  8
0
 10
-6.38165
 20
1.28955
 11
-6.38046
 21
1.28638
  0
LINE
  8
0
 10
-6.38046
 20
1.28638
 11
-6.37943
 21
1.28316
  0
LINE
  8
0
 10
-6.37943
 20
1.28316
 11
-6.37851
 21
1.27991
  0
LINE
  8
0
 10
-6.37851
 20
1.27991
 11
-6.37775
 21
1.27661
  0
LINE
  8
0
 10
-6.37775
 20
1.27661
 11
-6.37711
 21
1.2733
  0
LINE
  8
0
 10
-6.37711
 20
1.2733
 11
-6.37662
 21
1.26994
  0
LINE
  8
0
 10
-6.37662
 20
1.26994
 11
-6.37627
 21
1.26659
  0
LINE
  8
0
 10
-6.37627
 20
1.26659
 11
-6.37605
 21
1.26321
  0
LINE
  8
0
 10
-6.37605
 20
1.26321
 11
-6.37598
 21
1.25984
  0
LINE
  8
0
 10
-6.37598
 20
1.25984
 11
-6.37605
 21
1.25645
  0
LINE
  8
0
 10
-6.37605
 20
1.25645
 11
-6.37627
 21
1.25308
  0
LINE
  8
0
 10
-6.37627
 20
1.25308
 11
-6.37662
 21
1.24973
  0
LINE
  8
0
 10
-6.37662
 20
1.24973
 11
-6.37711
 21
1.24637
  0
LINE
  8
0
 10
-6.37711
 20
1.24637
 11
-6.37775
 21
1.24306
  0
LINE
  8
0
 10
-6.37775
 20
1.24306
 11
-6.37851
 21
1.23976
  0
LINE
  8
0
 10
-6.37851
 20
1.23976
 11
-6.37943
 21
1.23651
  0
LINE
  8
0
 10
-6.37943
 20
1.23651
 11
-6.38046
 21
1.23329
  0
LINE
  8
0
 10
-6.38046
 20
1.23329
 11
-6.38165
 21
1.23012
  0
LINE
  8
0
 10
-6.38165
 20
1.23012
 11
-6.38297
 21
1.22701
  0
LINE
  8
0
 10
-6.38297
 20
1.22701
 11
-6.3844
 21
1.22395
  0
LINE
  8
0
 10
-6.3844
 20
1.22395
 11
-6.38597
 21
1.22095
  0
LINE
  8
0
 10
-6.38597
 20
1.22095
 11
-6.38765
 21
1.21803
  0
LINE
  8
0
 10
-6.38765
 20
1.21803
 11
-6.38947
 21
1.21516
  0
LINE
  8
0
 10
-6.38947
 20
1.21516
 11
-6.39139
 21
1.2124
  0
LINE
  8
0
 10
-6.39139
 20
1.2124
 11
-6.39343
 21
1.2097
  0
LINE
  8
0
 10
-6.39343
 20
1.2097
 11
-6.3956
 21
1.20709
  0
LINE
  8
0
 10
-6.3956
 20
1.20709
 11
-6.39786
 21
1.20459
  0
LINE
  8
0
 10
-6.39786
 20
1.20459
 11
-6.40022
 21
1.20216
  0
LINE
  8
0
 10
-6.40022
 20
1.20216
 11
-6.40268
 21
1.19986
  0
LINE
  8
0
 10
-6.40268
 20
1.19986
 11
-6.40524
 21
1.19765
  0
LINE
  8
0
 10
-6.40524
 20
1.19765
 11
-6.4079
 21
1.19554
  0
LINE
  8
0
 10
-6.4079
 20
1.19554
 11
-6.41063
 21
1.19356
  0
LINE
  8
0
 10
-6.41063
 20
1.19356
 11
-6.41344
 21
1.1917
  0
LINE
  8
0
 10
-6.41344
 20
1.1917
 11
-6.41634
 21
1.18994
  0
LINE
  8
0
 10
-6.41634
 20
1.18994
 11
-6.4193
 21
1.18831
  0
LINE
  8
0
 10
-6.4193
 20
1.18831
 11
-6.42232
 21
1.18681
  0
LINE
  8
0
 10
-6.42232
 20
1.18681
 11
-6.42542
 21
1.18542
  0
LINE
  8
0
 10
-6.42542
 20
1.18542
 11
-6.42856
 21
1.18419
  0
LINE
  8
0
 10
-6.42856
 20
1.18419
 11
-6.43175
 21
1.18307
  0
LINE
  8
0
 10
-6.43175
 20
1.18307
 11
-6.43498
 21
1.1821
  0
LINE
  8
0
 10
-6.43498
 20
1.1821
 11
-6.43826
 21
1.18126
  0
LINE
  8
0
 10
-6.43826
 20
1.18126
 11
-6.44156
 21
1.18056
  0
LINE
  8
0
 10
-6.44156
 20
1.18056
 11
-6.4449
 21
1.17999
  0
LINE
  8
0
 10
-6.4449
 20
1.17999
 11
-6.44826
 21
1.17957
  0
LINE
  8
0
 10
-6.44826
 20
1.17957
 11
-6.45161
 21
1.17929
  0
LINE
  8
0
 10
-6.45161
 20
1.17929
 11
-6.455
 21
1.17914
  0
LINE
  8
0
 10
-6.455
 20
1.17914
 11
-6.45837
 21
1.17914
  0
LINE
  8
0
 10
-7.71822
 20
1.17914
 11
-7.7216
 21
1.17929
  0
LINE
  8
0
 10
-7.7216
 20
1.17929
 11
-7.72498
 21
1.17957
  0
LINE
  8
0
 10
-7.72498
 20
1.17957
 11
-7.72832
 21
1.17999
  0
LINE
  8
0
 10
-7.72832
 20
1.17999
 11
-7.73166
 21
1.18056
  0
LINE
  8
0
 10
-7.73166
 20
1.18056
 11
-7.73495
 21
1.18126
  0
LINE
  8
0
 10
-7.73495
 20
1.18126
 11
-7.73824
 21
1.1821
  0
LINE
  8
0
 10
-7.73824
 20
1.1821
 11
-7.74147
 21
1.18307
  0
LINE
  8
0
 10
-7.74147
 20
1.18307
 11
-7.74466
 21
1.18419
  0
LINE
  8
0
 10
-7.74466
 20
1.18419
 11
-7.7478
 21
1.18542
  0
LINE
  8
0
 10
-7.7478
 20
1.18542
 11
-7.7509
 21
1.18681
  0
LINE
  8
0
 10
-7.7509
 20
1.18681
 11
-7.75392
 21
1.18831
  0
LINE
  8
0
 10
-7.75392
 20
1.18831
 11
-7.75688
 21
1.18994
  0
LINE
  8
0
 10
-7.75688
 20
1.18994
 11
-7.75978
 21
1.1917
  0
LINE
  8
0
 10
-7.75978
 20
1.1917
 11
-7.76259
 21
1.19356
  0
LINE
  8
0
 10
-7.76259
 20
1.19356
 11
-7.76534
 21
1.19554
  0
LINE
  8
0
 10
-7.76534
 20
1.19554
 11
-7.76797
 21
1.19765
  0
LINE
  8
0
 10
-7.76797
 20
1.19765
 11
-7.77054
 21
1.19986
  0
LINE
  8
0
 10
-7.77054
 20
1.19986
 11
-7.77299
 21
1.20216
  0
LINE
  8
0
 10
-7.77299
 20
1.20216
 11
-7.77536
 21
1.20459
  0
LINE
  8
0
 10
-7.77536
 20
1.20459
 11
-7.77763
 21
1.20709
  0
LINE
  8
0
 10
-7.77763
 20
1.20709
 11
-7.77979
 21
1.2097
  0
LINE
  8
0
 10
-7.77979
 20
1.2097
 11
-7.78183
 21
1.2124
  0
LINE
  8
0
 10
-7.78183
 20
1.2124
 11
-7.78375
 21
1.21516
  0
LINE
  8
0
 10
-7.78375
 20
1.21516
 11
-7.78557
 21
1.21803
  0
LINE
  8
0
 10
-7.78557
 20
1.21803
 11
-7.78726
 21
1.22095
  0
LINE
  8
0
 10
-7.78726
 20
1.22095
 11
-7.78882
 21
1.22395
  0
LINE
  8
0
 10
-7.78882
 20
1.22395
 11
-7.79027
 21
1.22701
  0
LINE
  8
0
 10
-7.79027
 20
1.22701
 11
-7.79158
 21
1.23012
  0
LINE
  8
0
 10
-7.79158
 20
1.23012
 11
-7.79276
 21
1.23329
  0
LINE
  8
0
 10
-7.79276
 20
1.23329
 11
-7.79379
 21
1.23651
  0
LINE
  8
0
 10
-7.79379
 20
1.23651
 11
-7.79471
 21
1.23976
  0
LINE
  8
0
 10
-7.79471
 20
1.23976
 11
-7.79547
 21
1.24306
  0
LINE
  8
0
 10
-7.79547
 20
1.24306
 11
-7.79611
 21
1.24637
  0
LINE
  8
0
 10
-7.79611
 20
1.24637
 11
-7.7966
 21
1.24973
  0
LINE
  8
0
 10
-7.7966
 20
1.24973
 11
-7.79695
 21
1.25308
  0
LINE
  8
0
 10
-7.79695
 20
1.25308
 11
-7.79716
 21
1.25645
  0
LINE
  8
0
 10
-7.79716
 20
1.25645
 11
-7.79724
 21
1.25984
  0
LINE
  8
0
 10
-7.79724
 20
1.25984
 11
-7.79716
 21
1.26321
  0
LINE
  8
0
 10
-7.79716
 20
1.26321
 11
-7.79695
 21
1.26659
  0
LINE
  8
0
 10
-7.79695
 20
1.26659
 11
-7.7966
 21
1.26994
  0
LINE
  8
0
 10
-7.7966
 20
1.26994
 11
-7.79611
 21
1.2733
  0
LINE
  8
0
 10
-7.79611
 20
1.2733
 11
-7.79547
 21
1.27661
  0
LINE
  8
0
 10
-7.79547
 20
1.27661
 11
-7.79471
 21
1.27991
  0
LINE
  8
0
 10
-7.79471
 20
1.27991
 11
-7.79379
 21
1.28316
  0
LINE
  8
0
 10
-7.79379
 20
1.28316
 11
-7.79276
 21
1.28638
  0
LINE
  8
0
 10
-7.79276
 20
1.28638
 11
-7.79158
 21
1.28955
  0
LINE
  8
0
 10
-7.79158
 20
1.28955
 11
-7.79027
 21
1.29266
  0
LINE
  8
0
 10
-7.79027
 20
1.29266
 11
-7.78882
 21
1.29572
  0
LINE
  8
0
 10
-7.78882
 20
1.29572
 11
-7.78726
 21
1.29872
  0
LINE
  8
0
 10
-7.78726
 20
1.29872
 11
-7.78557
 21
1.30165
  0
LINE
  8
0
 10
-7.78557
 20
1.30165
 11
-7.78375
 21
1.3045
  0
LINE
  8
0
 10
-7.78375
 20
1.3045
 11
-7.78183
 21
1.30728
  0
LINE
  8
0
 10
-7.78183
 20
1.30728
 11
-7.77979
 21
1.30997
  0
LINE
  8
0
 10
-7.77979
 20
1.30997
 11
-7.77763
 21
1.31258
  0
LINE
  8
0
 10
-7.77763
 20
1.31258
 11
-7.77536
 21
1.31508
  0
LINE
  8
0
 10
-7.77536
 20
1.31508
 11
-7.77299
 21
1.3175
  0
LINE
  8
0
 10
-7.77299
 20
1.3175
 11
-7.77054
 21
1.31981
  0
LINE
  8
0
 10
-7.77054
 20
1.31981
 11
-7.76797
 21
1.32202
  0
LINE
  8
0
 10
-7.76797
 20
1.32202
 11
-7.76534
 21
1.32413
  0
LINE
  8
0
 10
-7.76534
 20
1.32413
 11
-7.76259
 21
1.32611
  0
LINE
  8
0
 10
-7.76259
 20
1.32611
 11
-7.75978
 21
1.32797
  0
LINE
  8
0
 10
-7.75978
 20
1.32797
 11
-7.75688
 21
1.32973
  0
LINE
  8
0
 10
-7.75688
 20
1.32973
 11
-7.75392
 21
1.33136
  0
LINE
  8
0
 10
-7.75392
 20
1.33136
 11
-7.7509
 21
1.33286
  0
LINE
  8
0
 10
-7.7509
 20
1.33286
 11
-7.7478
 21
1.33424
  0
LINE
  8
0
 10
-7.7478
 20
1.33424
 11
-7.74466
 21
1.33548
  0
LINE
  8
0
 10
-7.74466
 20
1.33548
 11
-7.74147
 21
1.33659
  0
LINE
  8
0
 10
-7.74147
 20
1.33659
 11
-7.73824
 21
1.33757
  0
LINE
  8
0
 10
-7.73824
 20
1.33757
 11
-7.73495
 21
1.33841
  0
LINE
  8
0
 10
-7.73495
 20
1.33841
 11
-7.73166
 21
1.33911
  0
LINE
  8
0
 10
-7.73166
 20
1.33911
 11
-7.72832
 21
1.33968
  0
LINE
  8
0
 10
-7.72832
 20
1.33968
 11
-7.72498
 21
1.3401
  0
LINE
  8
0
 10
-7.72498
 20
1.3401
 11
-7.7216
 21
1.34038
  0
LINE
  8
0
 10
-7.7216
 20
1.34038
 11
-7.71822
 21
1.34053
  0
LINE
  8
0
 10
-7.71822
 20
1.34053
 11
-7.71484
 21
1.34053
  0
LINE
  8
0
 10
-7.71484
 20
1.34053
 11
-7.71147
 21
1.34038
  0
LINE
  8
0
 10
-7.71147
 20
1.34038
 11
-7.7081
 21
1.3401
  0
LINE
  8
0
 10
-7.7081
 20
1.3401
 11
-7.70474
 21
1.33968
  0
LINE
  8
0
 10
-7.70474
 20
1.33968
 11
-7.70142
 21
1.33911
  0
LINE
  8
0
 10
-7.70142
 20
1.33911
 11
-7.6981
 21
1.33841
  0
LINE
  8
0
 10
-7.6981
 20
1.33841
 11
-7.69482
 21
1.33757
  0
LINE
  8
0
 10
-7.69482
 20
1.33757
 11
-7.69159
 21
1.33659
  0
LINE
  8
0
 10
-7.69159
 20
1.33659
 11
-7.6884
 21
1.33548
  0
LINE
  8
0
 10
-7.6884
 20
1.33548
 11
-7.68526
 21
1.33424
  0
LINE
  8
0
 10
-7.68526
 20
1.33424
 11
-7.68217
 21
1.33286
  0
LINE
  8
0
 10
-7.68217
 20
1.33286
 11
-7.67914
 21
1.33136
  0
LINE
  8
0
 10
-7.67914
 20
1.33136
 11
-7.67618
 21
1.32973
  0
LINE
  8
0
 10
-7.67618
 20
1.32973
 11
-7.67328
 21
1.32797
  0
LINE
  8
0
 10
-7.67328
 20
1.32797
 11
-7.67047
 21
1.32611
  0
LINE
  8
0
 10
-7.67047
 20
1.32611
 11
-7.66774
 21
1.32413
  0
LINE
  8
0
 10
-7.66774
 20
1.32413
 11
-7.66508
 21
1.32202
  0
LINE
  8
0
 10
-7.66508
 20
1.32202
 11
-7.66252
 21
1.31981
  0
LINE
  8
0
 10
-7.66252
 20
1.31981
 11
-7.66006
 21
1.3175
  0
LINE
  8
0
 10
-7.66006
 20
1.3175
 11
-7.6577
 21
1.31508
  0
LINE
  8
0
 10
-7.6577
 20
1.31508
 11
-7.65544
 21
1.31258
  0
LINE
  8
0
 10
-7.65544
 20
1.31258
 11
-7.65327
 21
1.30997
  0
LINE
  8
0
 10
-7.65327
 20
1.30997
 11
-7.65123
 21
1.30728
  0
LINE
  8
0
 10
-7.65123
 20
1.30728
 11
-7.64931
 21
1.3045
  0
LINE
  8
0
 10
-7.64931
 20
1.3045
 11
-7.64749
 21
1.30165
  0
LINE
  8
0
 10
-7.64749
 20
1.30165
 11
-7.64581
 21
1.29872
  0
LINE
  8
0
 10
-7.64581
 20
1.29872
 11
-7.64424
 21
1.29572
  0
LINE
  8
0
 10
-7.64424
 20
1.29572
 11
-7.64281
 21
1.29266
  0
LINE
  8
0
 10
-7.64281
 20
1.29266
 11
-7.64149
 21
1.28955
  0
LINE
  8
0
 10
-7.64149
 20
1.28955
 11
-7.64032
 21
1.28638
  0
LINE
  8
0
 10
-7.64032
 20
1.28638
 11
-7.63927
 21
1.28316
  0
LINE
  8
0
 10
-7.63927
 20
1.28316
 11
-7.63835
 21
1.27991
  0
LINE
  8
0
 10
-7.63835
 20
1.27991
 11
-7.63759
 21
1.27661
  0
LINE
  8
0
 10
-7.63759
 20
1.27661
 11
-7.63695
 21
1.2733
  0
LINE
  8
0
 10
-7.63695
 20
1.2733
 11
-7.63646
 21
1.26994
  0
LINE
  8
0
 10
-7.63646
 20
1.26994
 11
-7.63611
 21
1.26659
  0
LINE
  8
0
 10
-7.63611
 20
1.26659
 11
-7.63589
 21
1.26321
  0
LINE
  8
0
 10
-7.63589
 20
1.26321
 11
-7.63582
 21
1.25984
  0
LINE
  8
0
 10
-7.63582
 20
1.25984
 11
-7.63589
 21
1.25645
  0
LINE
  8
0
 10
-7.63589
 20
1.25645
 11
-7.63611
 21
1.25308
  0
LINE
  8
0
 10
-7.63611
 20
1.25308
 11
-7.63646
 21
1.24973
  0
LINE
  8
0
 10
-7.63646
 20
1.24973
 11
-7.63695
 21
1.24637
  0
LINE
  8
0
 10
-7.63695
 20
1.24637
 11
-7.63759
 21
1.24306
  0
LINE
  8
0
 10
-7.63759
 20
1.24306
 11
-7.63835
 21
1.23976
  0
LINE
  8
0
 10
-7.63835
 20
1.23976
 11
-7.63927
 21
1.23651
  0
LINE
  8
0
 10
-7.63927
 20
1.23651
 11
-7.64032
 21
1.23329
  0
LINE
  8
0
 10
-7.64032
 20
1.23329
 11
-7.64149
 21
1.23012
  0
LINE
  8
0
 10
-7.64149
 20
1.23012
 11
-7.64281
 21
1.22701
  0
LINE
  8
0
 10
-7.64281
 20
1.22701
 11
-7.64424
 21
1.22395
  0
LINE
  8
0
 10
-7.64424
 20
1.22395
 11
-7.64581
 21
1.22095
  0
LINE
  8
0
 10
-7.64581
 20
1.22095
 11
-7.64749
 21
1.21803
  0
LINE
  8
0
 10
-7.64749
 20
1.21803
 11
-7.64931
 21
1.21516
  0
LINE
  8
0
 10
-7.64931
 20
1.21516
 11
-7.65123
 21
1.2124
  0
LINE
  8
0
 10
-7.65123
 20
1.2124
 11
-7.65327
 21
1.2097
  0
LINE
  8
0
 10
-7.65327
 20
1.2097
 11
-7.65544
 21
1.20709
  0
LINE
  8
0
 10
-7.65544
 20
1.20709
 11
-7.6577
 21
1.20459
  0
LINE
  8
0
 10
-7.6577
 20
1.20459
 11
-7.66006
 21
1.20216
  0
LINE
  8
0
 10
-7.66006
 20
1.20216
 11
-7.66252
 21
1.19986
  0
LINE
  8
0
 10
-7.66252
 20
1.19986
 11
-7.66508
 21
1.19765
  0
LINE
  8
0
 10
-7.66508
 20
1.19765
 11
-7.66774
 21
1.19554
  0
LINE
  8
0
 10
-7.66774
 20
1.19554
 11
-7.67047
 21
1.19356
  0
LINE
  8
0
 10
-7.67047
 20
1.19356
 11
-7.67328
 21
1.1917
  0
LINE
  8
0
 10
-7.67328
 20
1.1917
 11
-7.67618
 21
1.18994
  0
LINE
  8
0
 10
-7.67618
 20
1.18994
 11
-7.67914
 21
1.18831
  0
LINE
  8
0
 10
-7.67914
 20
1.18831
 11
-7.68217
 21
1.18681
  0
LINE
  8
0
 10
-7.68217
 20
1.18681
 11
-7.68526
 21
1.18542
  0
LINE
  8
0
 10
-7.68526
 20
1.18542
 11
-7.6884
 21
1.18419
  0
LINE
  8
0
 10
-7.6884
 20
1.18419
 11
-7.69159
 21
1.18307
  0
LINE
  8
0
 10
-7.69159
 20
1.18307
 11
-7.69482
 21
1.1821
  0
LINE
  8
0
 10
-7.69482
 20
1.1821
 11
-7.6981
 21
1.18126
  0
LINE
  8
0
 10
-7.6981
 20
1.18126
 11
-7.70142
 21
1.18056
  0
LINE
  8
0
 10
-7.70142
 20
1.18056
 11
-7.70474
 21
1.17999
  0
LINE
  8
0
 10
-7.70474
 20
1.17999
 11
-7.7081
 21
1.17957
  0
LINE
  8
0
 10
-7.7081
 20
1.17957
 11
-7.71147
 21
1.17929
  0
LINE
  8
0
 10
-7.71147
 20
1.17929
 11
-7.71484
 21
1.17914
  0
LINE
  8
0
 10
-7.71484
 20
1.17914
 11
-7.71822
 21
1.17914
  0
LINE
  8
0
 10
-7.71822
 20
0.864182
 11
-7.7216
 21
0.864319
  0
LINE
  8
0
 10
-7.7216
 20
0.864319
 11
-7.72498
 21
0.864609
  0
LINE
  8
0
 10
-7.72498
 20
0.864609
 11
-7.72832
 21
0.865036
  0
LINE
  8
0
 10
-7.72832
 20
0.865036
 11
-7.73166
 21
0.865601
  0
LINE
  8
0
 10
-7.73166
 20
0.865601
 11
-7.73495
 21
0.866302
  0
LINE
  8
0
 10
-7.73495
 20
0.866302
 11
-7.73824
 21
0.867142
  0
LINE
  8
0
 10
-7.73824
 20
0.867142
 11
-7.74147
 21
0.868118
  0
LINE
  8
0
 10
-7.74147
 20
0.868118
 11
-7.74466
 21
0.869232
  0
LINE
  8
0
 10
-7.74466
 20
0.869232
 11
-7.7478
 21
0.870468
  0
LINE
  8
0
 10
-7.7478
 20
0.870468
 11
-7.7509
 21
0.871841
  0
LINE
  8
0
 10
-7.7509
 20
0.871841
 11
-7.75392
 21
0.873352
  0
LINE
  8
0
 10
-7.75392
 20
0.873352
 11
-7.75688
 21
0.874985
  0
LINE
  8
0
 10
-7.75688
 20
0.874985
 11
-7.75978
 21
0.876724
  0
LINE
  8
0
 10
-7.75978
 20
0.876724
 11
-7.76259
 21
0.878601
  0
LINE
  8
0
 10
-7.76259
 20
0.878601
 11
-7.76534
 21
0.880585
  0
LINE
  8
0
 10
-7.76534
 20
0.880585
 11
-7.76797
 21
0.88269
  0
LINE
  8
0
 10
-7.76797
 20
0.88269
 11
-7.77054
 21
0.884903
  0
LINE
  8
0
 10
-7.77054
 20
0.884903
 11
-7.77299
 21
0.887207
  0
LINE
  8
0
 10
-7.77299
 20
0.887207
 11
-7.77536
 21
0.889618
  0
LINE
  8
0
 10
-7.77536
 20
0.889618
 11
-7.77763
 21
0.892136
  0
LINE
  8
0
 10
-7.77763
 20
0.892136
 11
-7.77979
 21
0.894745
  0
LINE
  8
0
 10
-7.77979
 20
0.894745
 11
-7.78183
 21
0.89743
  0
LINE
  8
0
 10
-7.78183
 20
0.89743
 11
-7.78375
 21
0.900208
  0
LINE
  8
0
 10
-7.78375
 20
0.900208
 11
-7.78557
 21
0.903061
  0
LINE
  8
0
 10
-7.78557
 20
0.903061
 11
-7.78726
 21
0.905991
  0
LINE
  8
0
 10
-7.78726
 20
0.905991
 11
-7.78882
 21
0.908981
  0
LINE
  8
0
 10
-7.78882
 20
0.908981
 11
-7.79027
 21
0.912048
  0
LINE
  8
0
 10
-7.79027
 20
0.912048
 11
-7.79158
 21
0.915161
  0
LINE
  8
0
 10
-7.79158
 20
0.915161
 11
-7.79276
 21
0.918335
  0
LINE
  8
0
 10
-7.79276
 20
0.918335
 11
-7.79379
 21
0.921539
  0
LINE
  8
0
 10
-7.79379
 20
0.921539
 11
-7.79471
 21
0.924805
  0
LINE
  8
0
 10
-7.79471
 20
0.924805
 11
-7.79547
 21
0.928101
  0
LINE
  8
0
 10
-7.79547
 20
0.928101
 11
-7.79611
 21
0.931412
  0
LINE
  8
0
 10
-7.79611
 20
0.931412
 11
-7.7966
 21
0.934753
  0
LINE
  8
0
 10
-7.7966
 20
0.934753
 11
-7.79695
 21
0.938126
  0
LINE
  8
0
 10
-7.79695
 20
0.938126
 11
-7.79716
 21
0.941498
  0
LINE
  8
0
 10
-7.79716
 20
0.941498
 11
-7.79724
 21
0.94487
  0
LINE
  8
0
 10
-7.79724
 20
0.94487
 11
-7.79716
 21
0.948257
  0
LINE
  8
0
 10
-7.79716
 20
0.948257
 11
-7.79695
 21
0.95163
  0
LINE
  8
0
 10
-7.79695
 20
0.95163
 11
-7.7966
 21
0.954987
  0
LINE
  8
0
 10
-7.7966
 20
0.954987
 11
-7.79611
 21
0.958328
  0
LINE
  8
0
 10
-7.79611
 20
0.958328
 11
-7.79547
 21
0.961655
  0
LINE
  8
0
 10
-7.79547
 20
0.961655
 11
-7.79471
 21
0.964951
  0
LINE
  8
0
 10
-7.79471
 20
0.964951
 11
-7.79379
 21
0.968201
  0
LINE
  8
0
 10
-7.79379
 20
0.968201
 11
-7.79276
 21
0.97142
  0
LINE
  8
0
 10
-7.79276
 20
0.97142
 11
-7.79158
 21
0.974579
  0
LINE
  8
0
 10
-7.79158
 20
0.974579
 11
-7.79027
 21
0.977707
  0
LINE
  8
0
 10
-7.79027
 20
0.977707
 11
-7.78882
 21
0.980759
  0
LINE
  8
0
 10
-7.78882
 20
0.980759
 11
-7.78726
 21
0.983749
  0
LINE
  8
0
 10
-7.78726
 20
0.983749
 11
-7.78557
 21
0.986679
  0
LINE
  8
0
 10
-7.78557
 20
0.986679
 11
-7.78375
 21
0.989532
  0
LINE
  8
0
 10
-7.78375
 20
0.989532
 11
-7.78183
 21
0.99231
  0
LINE
  8
0
 10
-7.78183
 20
0.99231
 11
-7.77979
 21
0.99501
  0
LINE
  8
0
 10
-7.77979
 20
0.99501
 11
-7.77763
 21
0.997604
  0
LINE
  8
0
 10
-7.77763
 20
0.997604
 11
-7.77536
 21
1.00012
  0
LINE
  8
0
 10
-7.77536
 20
1.00012
 11
-7.77299
 21
1.00253
  0
LINE
  8
0
 10
-7.77299
 20
1.00253
 11
-7.77054
 21
1.00485
  0
LINE
  8
0
 10
-7.77054
 20
1.00485
 11
-7.76797
 21
1.00706
  0
LINE
  8
0
 10
-7.76797
 20
1.00706
 11
-7.76534
 21
1.00916
  0
LINE
  8
0
 10
-7.76534
 20
1.00916
 11
-7.76259
 21
1.01115
  0
LINE
  8
0
 10
-7.76259
 20
1.01115
 11
-7.75978
 21
1.01302
  0
LINE
  8
0
 10
-7.75978
 20
1.01302
 11
-7.75688
 21
1.01477
  0
LINE
  8
0
 10
-7.75688
 20
1.01477
 11
-7.75392
 21
1.0164
  0
LINE
  8
0
 10
-7.75392
 20
1.0164
 11
-7.7509
 21
1.0179
  0
LINE
  8
0
 10
-7.7509
 20
1.0179
 11
-7.7478
 21
1.01927
  0
LINE
  8
0
 10
-7.7478
 20
1.01927
 11
-7.74466
 21
1.02052
  0
LINE
  8
0
 10
-7.74466
 20
1.02052
 11
-7.74147
 21
1.02164
  0
LINE
  8
0
 10
-7.74147
 20
1.02164
 11
-7.73824
 21
1.02261
  0
LINE
  8
0
 10
-7.73824
 20
1.02261
 11
-7.73495
 21
1.02345
  0
LINE
  8
0
 10
-7.73495
 20
1.02345
 11
-7.73166
 21
1.02415
  0
LINE
  8
0
 10
-7.73166
 20
1.02415
 11
-7.72832
 21
1.02472
  0
LINE
  8
0
 10
-7.72832
 20
1.02472
 11
-7.72498
 21
1.02515
  0
LINE
  8
0
 10
-7.72498
 20
1.02515
 11
-7.7216
 21
1.02542
  0
LINE
  8
0
 10
-7.7216
 20
1.02542
 11
-7.71822
 21
1.02556
  0
LINE
  8
0
 10
-7.71822
 20
1.02556
 11
-7.71484
 21
1.02556
  0
LINE
  8
0
 10
-7.71484
 20
1.02556
 11
-7.71147
 21
1.02542
  0
LINE
  8
0
 10
-7.71147
 20
1.02542
 11
-7.7081
 21
1.02515
  0
LINE
  8
0
 10
-7.7081
 20
1.02515
 11
-7.70474
 21
1.02472
  0
LINE
  8
0
 10
-7.70474
 20
1.02472
 11
-7.70142
 21
1.02415
  0
LINE
  8
0
 10
-7.70142
 20
1.02415
 11
-7.6981
 21
1.02345
  0
LINE
  8
0
 10
-7.6981
 20
1.02345
 11
-7.69482
 21
1.02261
  0
LINE
  8
0
 10
-7.69482
 20
1.02261
 11
-7.69159
 21
1.02164
  0
LINE
  8
0
 10
-7.69159
 20
1.02164
 11
-7.6884
 21
1.02052
  0
LINE
  8
0
 10
-7.6884
 20
1.02052
 11
-7.68526
 21
1.01927
  0
LINE
  8
0
 10
-7.68526
 20
1.01927
 11
-7.68217
 21
1.0179
  0
LINE
  8
0
 10
-7.68217
 20
1.0179
 11
-7.67914
 21
1.0164
  0
LINE
  8
0
 10
-7.67914
 20
1.0164
 11
-7.67618
 21
1.01477
  0
LINE
  8
0
 10
-7.67618
 20
1.01477
 11
-7.67328
 21
1.01302
  0
LINE
  8
0
 10
-7.67328
 20
1.01302
 11
-7.67047
 21
1.01115
  0
LINE
  8
0
 10
-7.67047
 20
1.01115
 11
-7.66774
 21
1.00916
  0
LINE
  8
0
 10
-7.66774
 20
1.00916
 11
-7.66508
 21
1.00706
  0
LINE
  8
0
 10
-7.66508
 20
1.00706
 11
-7.66252
 21
1.00485
  0
LINE
  8
0
 10
-7.66252
 20
1.00485
 11
-7.66006
 21
1.00253
  0
LINE
  8
0
 10
-7.66006
 20
1.00253
 11
-7.6577
 21
1.00012
  0
LINE
  8
0
 10
-7.6577
 20
1.00012
 11
-7.65544
 21
0.997604
  0
LINE
  8
0
 10
-7.65544
 20
0.997604
 11
-7.65327
 21
0.99501
  0
LINE
  8
0
 10
-7.65327
 20
0.99501
 11
-7.65123
 21
0.99231
  0
LINE
  8
0
 10
-7.65123
 20
0.99231
 11
-7.64931
 21
0.989532
  0
LINE
  8
0
 10
-7.64931
 20
0.989532
 11
-7.64749
 21
0.986679
  0
LINE
  8
0
 10
-7.64749
 20
0.986679
 11
-7.64581
 21
0.983749
  0
LINE
  8
0
 10
-7.64581
 20
0.983749
 11
-7.64424
 21
0.980759
  0
LINE
  8
0
 10
-7.64424
 20
0.980759
 11
-7.64281
 21
0.977707
  0
LINE
  8
0
 10
-7.64281
 20
0.977707
 11
-7.64149
 21
0.974579
  0
LINE
  8
0
 10
-7.64149
 20
0.974579
 11
-7.64032
 21
0.97142
  0
LINE
  8
0
 10
-7.64032
 20
0.97142
 11
-7.63927
 21
0.968201
  0
LINE
  8
0
 10
-7.63927
 20
0.968201
 11
-7.63835
 21
0.964951
  0
LINE
  8
0
 10
-7.63835
 20
0.964951
 11
-7.63759
 21
0.961655
  0
LINE
  8
0
 10
-7.63759
 20
0.961655
 11
-7.63695
 21
0.958328
  0
LINE
  8
0
 10
-7.63695
 20
0.958328
 11
-7.63646
 21
0.954987
  0
LINE
  8
0
 10
-7.63646
 20
0.954987
 11
-7.63611
 21
0.95163
  0
LINE
  8
0
 10
-7.63611
 20
0.95163
 11
-7.63589
 21
0.948257
  0
LINE
  8
0
 10
-7.63589
 20
0.948257
 11
-7.63582
 21
0.94487
  0
LINE
  8
0
 10
-7.63582
 20
0.94487
 11
-7.63589
 21
0.941498
  0
LINE
  8
0
 10
-7.63589
 20
0.941498
 11
-7.63611
 21
0.938126
  0
LINE
  8
0
 10
-7.63611
 20
0.938126
 11
-7.63646
 21
0.934753
  0
LINE
  8
0
 10
-7.63646
 20
0.934753
 11
-7.63695
 21
0.931412
  0
LINE
  8
0
 10
-7.63695
 20
0.931412
 11
-7.63759
 21
0.928101
  0
LINE
  8
0
 10
-7.63759
 20
0.928101
 11
-7.63835
 21
0.924805
  0
LINE
  8
0
 10
-7.63835
 20
0.924805
 11
-7.63927
 21
0.921539
  0
LINE
  8
0
 10
-7.63927
 20
0.921539
 11
-7.64032
 21
0.918335
  0
LINE
  8
0
 10
-7.64032
 20
0.918335
 11
-7.64149
 21
0.915161
  0
LINE
  8
0
 10
-7.64149
 20
0.915161
 11
-7.64281
 21
0.912048
  0
LINE
  8
0
 10
-7.64281
 20
0.912048
 11
-7.64424
 21
0.908981
  0
LINE
  8
0
 10
-7.64424
 20
0.908981
 11
-7.64581
 21
0.905991
  0
LINE
  8
0
 10
-7.64581
 20
0.905991
 11
-7.64749
 21
0.903061
  0
LINE
  8
0
 10
-7.64749
 20
0.903061
 11
-7.64931
 21
0.900208
  0
LINE
  8
0
 10
-7.64931
 20
0.900208
 11
-7.65123
 21
0.89743
  0
LINE
  8
0
 10
-7.65123
 20
0.89743
 11
-7.65327
 21
0.894745
  0
LINE
  8
0
 10
-7.65327
 20
0.894745
 11
-7.65544
 21
0.892136
  0
LINE
  8
0
 10
-7.65544
 20
0.892136
 11
-7.6577
 21
0.889618
  0
LINE
  8
0
 10
-7.6577
 20
0.889618
 11
-7.66006
 21
0.887207
  0
LINE
  8
0
 10
-7.66006
 20
0.887207
 11
-7.66252
 21
0.884903
  0
LINE
  8
0
 10
-7.66252
 20
0.884903
 11
-7.66508
 21
0.88269
  0
LINE
  8
0
 10
-7.66508
 20
0.88269
 11
-7.66774
 21
0.880585
  0
LINE
  8
0
 10
-7.66774
 20
0.880585
 11
-7.67047
 21
0.878601
  0
LINE
  8
0
 10
-7.67047
 20
0.878601
 11
-7.67328
 21
0.876724
  0
LINE
  8
0
 10
-7.67328
 20
0.876724
 11
-7.67618
 21
0.874985
  0
LINE
  8
0
 10
-7.67618
 20
0.874985
 11
-7.67914
 21
0.873352
  0
LINE
  8
0
 10
-7.67914
 20
0.873352
 11
-7.68217
 21
0.871841
  0
LINE
  8
0
 10
-7.68217
 20
0.871841
 11
-7.68526
 21
0.870468
  0
LINE
  8
0
 10
-7.68526
 20
0.870468
 11
-7.6884
 21
0.869232
  0
LINE
  8
0
 10
-7.6884
 20
0.869232
 11
-7.69159
 21
0.868118
  0
LINE
  8
0
 10
-7.69159
 20
0.868118
 11
-7.69482
 21
0.867142
  0
LINE
  8
0
 10
-7.69482
 20
0.867142
 11
-7.6981
 21
0.866302
  0
LINE
  8
0
 10
-7.6981
 20
0.866302
 11
-7.70142
 21
0.865601
  0
LINE
  8
0
 10
-7.70142
 20
0.865601
 11
-7.70474
 21
0.865036
  0
LINE
  8
0
 10
-7.70474
 20
0.865036
 11
-7.7081
 21
0.864609
  0
LINE
  8
0
 10
-7.7081
 20
0.864609
 11
-7.71147
 21
0.864319
  0
LINE
  8
0
 10
-7.71147
 20
0.864319
 11
-7.71484
 21
0.864182
  0
LINE
  8
0
 10
-7.71484
 20
0.864182
 11
-7.71822
 21
0.864182
  0
LINE
  8
0
 10
-6.45837
 20
0.864182
 11
-6.46176
 21
0.864319
  0
LINE
  8
0
 10
-6.46176
 20
0.864319
 11
-6.46512
 21
0.864609
  0
LINE
  8
0
 10
-6.46512
 20
0.864609
 11
-6.46848
 21
0.865036
  0
LINE
  8
0
 10
-6.46848
 20
0.865036
 11
-6.47182
 21
0.865601
  0
LINE
  8
0
 10
-6.47182
 20
0.865601
 11
-6.47511
 21
0.866302
  0
LINE
  8
0
 10
-6.47511
 20
0.866302
 11
-6.47839
 21
0.867142
  0
LINE
  8
0
 10
-6.47839
 20
0.867142
 11
-6.48163
 21
0.868118
  0
LINE
  8
0
 10
-6.48163
 20
0.868118
 11
-6.48482
 21
0.869232
  0
LINE
  8
0
 10
-6.48482
 20
0.869232
 11
-6.48796
 21
0.870468
  0
LINE
  8
0
 10
-6.48796
 20
0.870468
 11
-6.49106
 21
0.871841
  0
LINE
  8
0
 10
-6.49106
 20
0.871841
 11
-6.49408
 21
0.873352
  0
LINE
  8
0
 10
-6.49408
 20
0.873352
 11
-6.49704
 21
0.874985
  0
LINE
  8
0
 10
-6.49704
 20
0.874985
 11
-6.49994
 21
0.876724
  0
LINE
  8
0
 10
-6.49994
 20
0.876724
 11
-6.50275
 21
0.878601
  0
LINE
  8
0
 10
-6.50275
 20
0.878601
 11
-6.50549
 21
0.880585
  0
LINE
  8
0
 10
-6.50549
 20
0.880585
 11
-6.50813
 21
0.88269
  0
LINE
  8
0
 10
-6.50813
 20
0.88269
 11
-6.5107
 21
0.884903
  0
LINE
  8
0
 10
-6.5107
 20
0.884903
 11
-6.51315
 21
0.887207
  0
LINE
  8
0
 10
-6.51315
 20
0.887207
 11
-6.51552
 21
0.889618
  0
LINE
  8
0
 10
-6.51552
 20
0.889618
 11
-6.51779
 21
0.892136
  0
LINE
  8
0
 10
-6.51779
 20
0.892136
 11
-6.51994
 21
0.894745
  0
LINE
  8
0
 10
-6.51994
 20
0.894745
 11
-6.52199
 21
0.89743
  0
LINE
  8
0
 10
-6.52199
 20
0.89743
 11
-6.52391
 21
0.900208
  0
LINE
  8
0
 10
-6.52391
 20
0.900208
 11
-6.52573
 21
0.903061
  0
LINE
  8
0
 10
-6.52573
 20
0.903061
 11
-6.52742
 21
0.905991
  0
LINE
  8
0
 10
-6.52742
 20
0.905991
 11
-6.52898
 21
0.908981
  0
LINE
  8
0
 10
-6.52898
 20
0.908981
 11
-6.53043
 21
0.912048
  0
LINE
  8
0
 10
-6.53043
 20
0.912048
 11
-6.53172
 21
0.915161
  0
LINE
  8
0
 10
-6.53172
 20
0.915161
 11
-6.53291
 21
0.918335
  0
LINE
  8
0
 10
-6.53291
 20
0.918335
 11
-6.53395
 21
0.921539
  0
LINE
  8
0
 10
-6.53395
 20
0.921539
 11
-6.53487
 21
0.924805
  0
LINE
  8
0
 10
-6.53487
 20
0.924805
 11
-6.53563
 21
0.928101
  0
LINE
  8
0
 10
-6.53563
 20
0.928101
 11
-6.53627
 21
0.931412
  0
LINE
  8
0
 10
-6.53627
 20
0.931412
 11
-6.53676
 21
0.934753
  0
LINE
  8
0
 10
-6.53676
 20
0.934753
 11
-6.53711
 21
0.938126
  0
LINE
  8
0
 10
-6.53711
 20
0.938126
 11
-6.53732
 21
0.941498
  0
LINE
  8
0
 10
-6.53732
 20
0.941498
 11
-6.5374
 21
0.94487
  0
LINE
  8
0
 10
-6.5374
 20
0.94487
 11
-6.53732
 21
0.948257
  0
LINE
  8
0
 10
-6.53732
 20
0.948257
 11
-6.53711
 21
0.95163
  0
LINE
  8
0
 10
-6.53711
 20
0.95163
 11
-6.53676
 21
0.954987
  0
LINE
  8
0
 10
-6.53676
 20
0.954987
 11
-6.53627
 21
0.958328
  0
LINE
  8
0
 10
-6.53627
 20
0.958328
 11
-6.53563
 21
0.961655
  0
LINE
  8
0
 10
-6.53563
 20
0.961655
 11
-6.53487
 21
0.964951
  0
LINE
  8
0
 10
-6.53487
 20
0.964951
 11
-6.53395
 21
0.968201
  0
LINE
  8
0
 10
-6.53395
 20
0.968201
 11
-6.53291
 21
0.97142
  0
LINE
  8
0
 10
-6.53291
 20
0.97142
 11
-6.53172
 21
0.974579
  0
LINE
  8
0
 10
-6.53172
 20
0.974579
 11
-6.53043
 21
0.977707
  0
LINE
  8
0
 10
-6.53043
 20
0.977707
 11
-6.52898
 21
0.980759
  0
LINE
  8
0
 10
-6.52898
 20
0.980759
 11
-6.52742
 21
0.983749
  0
LINE
  8
0
 10
-6.52742
 20
0.983749
 11
-6.52573
 21
0.986679
  0
LINE
  8
0
 10
-6.52573
 20
0.986679
 11
-6.52391
 21
0.989532
  0
LINE
  8
0
 10
-6.52391
 20
0.989532
 11
-6.52199
 21
0.99231
  0
LINE
  8
0
 10
-6.52199
 20
0.99231
 11
-6.51994
 21
0.99501
  0
LINE
  8
0
 10
-6.51994
 20
0.99501
 11
-6.51779
 21
0.997604
  0
LINE
  8
0
 10
-6.51779
 20
0.997604
 11
-6.51552
 21
1.00012
  0
LINE
  8
0
 10
-6.51552
 20
1.00012
 11
-6.51315
 21
1.00253
  0
LINE
  8
0
 10
-6.51315
 20
1.00253
 11
-6.5107
 21
1.00485
  0
LINE
  8
0
 10
-6.5107
 20
1.00485
 11
-6.50813
 21
1.00706
  0
LINE
  8
0
 10
-6.50813
 20
1.00706
 11
-6.50549
 21
1.00916
  0
LINE
  8
0
 10
-6.50549
 20
1.00916
 11
-6.50275
 21
1.01115
  0
LINE
  8
0
 10
-6.50275
 20
1.01115
 11
-6.49994
 21
1.01302
  0
LINE
  8
0
 10
-6.49994
 20
1.01302
 11
-6.49704
 21
1.01477
  0
LINE
  8
0
 10
-6.49704
 20
1.01477
 11
-6.49408
 21
1.0164
  0
LINE
  8
0
 10
-6.49408
 20
1.0164
 11
-6.49106
 21
1.0179
  0
LINE
  8
0
 10
-6.49106
 20
1.0179
 11
-6.48796
 21
1.01927
  0
LINE
  8
0
 10
-6.48796
 20
1.01927
 11
-6.48482
 21
1.02052
  0
LINE
  8
0
 10
-6.48482
 20
1.02052
 11
-6.48163
 21
1.02164
  0
LINE
  8
0
 10
-6.48163
 20
1.02164
 11
-6.47839
 21
1.02261
  0
LINE
  8
0
 10
-6.47839
 20
1.02261
 11
-6.47511
 21
1.02345
  0
LINE
  8
0
 10
-6.47511
 20
1.02345
 11
-6.47182
 21
1.02415
  0
LINE
  8
0
 10
-6.47182
 20
1.02415
 11
-6.46848
 21
1.02472
  0
LINE
  8
0
 10
-6.46848
 20
1.02472
 11
-6.46512
 21
1.02515
  0
LINE
  8
0
 10
-6.46512
 20
1.02515
 11
-6.46176
 21
1.02542
  0
LINE
  8
0
 10
-6.46176
 20
1.02542
 11
-6.45837
 21
1.02556
  0
LINE
  8
0
 10
-6.45837
 20
1.02556
 11
-6.455
 21
1.02556
  0
LINE
  8
0
 10
-6.455
 20
1.02556
 11
-6.45161
 21
1.02542
  0
LINE
  8
0
 10
-6.45161
 20
1.02542
 11
-6.44826
 21
1.02515
  0
LINE
  8
0
 10
-6.44826
 20
1.02515
 11
-6.4449
 21
1.02472
  0
LINE
  8
0
 10
-6.4449
 20
1.02472
 11
-6.44156
 21
1.02415
  0
LINE
  8
0
 10
-6.44156
 20
1.02415
 11
-6.43826
 21
1.02345
  0
LINE
  8
0
 10
-6.43826
 20
1.02345
 11
-6.43498
 21
1.02261
  0
LINE
  8
0
 10
-6.43498
 20
1.02261
 11
-6.43175
 21
1.02164
  0
LINE
  8
0
 10
-6.43175
 20
1.02164
 11
-6.42856
 21
1.02052
  0
LINE
  8
0
 10
-6.42856
 20
1.02052
 11
-6.42542
 21
1.01927
  0
LINE
  8
0
 10
-6.42542
 20
1.01927
 11
-6.42232
 21
1.0179
  0
LINE
  8
0
 10
-6.42232
 20
1.0179
 11
-6.4193
 21
1.0164
  0
LINE
  8
0
 10
-6.4193
 20
1.0164
 11
-6.41634
 21
1.01477
  0
LINE
  8
0
 10
-6.41634
 20
1.01477
 11
-6.41344
 21
1.01302
  0
LINE
  8
0
 10
-6.41344
 20
1.01302
 11
-6.41063
 21
1.01115
  0
LINE
  8
0
 10
-6.41063
 20
1.01115
 11
-6.4079
 21
1.00916
  0
LINE
  8
0
 10
-6.4079
 20
1.00916
 11
-6.40524
 21
1.00706
  0
LINE
  8
0
 10
-6.40524
 20
1.00706
 11
-6.40268
 21
1.00485
  0
LINE
  8
0
 10
-6.40268
 20
1.00485
 11
-6.40022
 21
1.00253
  0
LINE
  8
0
 10
-6.40022
 20
1.00253
 11
-6.39786
 21
1.00012
  0
LINE
  8
0
 10
-6.39786
 20
1.00012
 11
-6.3956
 21
0.997604
  0
LINE
  8
0
 10
-6.3956
 20
0.997604
 11
-6.39343
 21
0.99501
  0
LINE
  8
0
 10
-6.39343
 20
0.99501
 11
-6.39139
 21
0.99231
  0
LINE
  8
0
 10
-6.39139
 20
0.99231
 11
-6.38947
 21
0.989532
  0
LINE
  8
0
 10
-6.38947
 20
0.989532
 11
-6.38765
 21
0.986679
  0
LINE
  8
0
 10
-6.38765
 20
0.986679
 11
-6.38597
 21
0.983749
  0
LINE
  8
0
 10
-6.38597
 20
0.983749
 11
-6.3844
 21
0.980759
  0
LINE
  8
0
 10
-6.3844
 20
0.980759
 11
-6.38297
 21
0.977707
  0
LINE
  8
0
 10
-6.38297
 20
0.977707
 11
-6.38165
 21
0.974579
  0
LINE
  8
0
 10
-6.38165
 20
0.974579
 11
-6.38046
 21
0.97142
  0
LINE
  8
0
 10
-6.38046
 20
0.97142
 11
-6.37943
 21
0.968201
  0
LINE
  8
0
 10
-6.37943
 20
0.968201
 11
-6.37851
 21
0.964951
  0
LINE
  8
0
 10
-6.37851
 20
0.964951
 11
-6.37775
 21
0.961655
  0
LINE
  8
0
 10
-6.37775
 20
0.961655
 11
-6.37711
 21
0.958328
  0
LINE
  8
0
 10
-6.37711
 20
0.958328
 11
-6.37662
 21
0.954987
  0
LINE
  8
0
 10
-6.37662
 20
0.954987
 11
-6.37627
 21
0.95163
  0
LINE
  8
0
 10
-6.37627
 20
0.95163
 11
-6.37605
 21
0.948257
  0
LINE
  8
0
 10
-6.37605
 20
0.948257
 11
-6.37598
 21
0.94487
  0
LINE
  8
0
 10
-6.37598
 20
0.94487
 11
-6.37605
 21
0.941498
  0
LINE
  8
0
 10
-6.37605
 20
0.941498
 11
-6.37627
 21
0.938126
  0
LINE
  8
0
 10
-6.37627
 20
0.938126
 11
-6.37662
 21
0.934753
  0
LINE
  8
0
 10
-6.37662
 20
0.934753
 11
-6.37711
 21
0.931412
  0
LINE
  8
0
 10
-6.37711
 20
0.931412
 11
-6.37775
 21
0.928101
  0
LINE
  8
0
 10
-6.37775
 20
0.928101
 11
-6.37851
 21
0.924805
  0
LINE
  8
0
 10
-6.37851
 20
0.924805
 11
-6.37943
 21
0.921539
  0
LINE
  8
0
 10
-6.37943
 20
0.921539
 11
-6.38046
 21
0.918335
  0
LINE
  8
0
 10
-6.38046
 20
0.918335
 11
-6.38165
 21
0.915161
  0
LINE
  8
0
 10
-6.38165
 20
0.915161
 11
-6.38297
 21
0.912048
  0
LINE
  8
0
 10
-6.38297
 20
0.912048
 11
-6.3844
 21
0.908981
  0
LINE
  8
0
 10
-6.3844
 20
0.908981
 11
-6.38597
 21
0.905991
  0
LINE
  8
0
 10
-6.38597
 20
0.905991
 11
-6.38765
 21
0.903061
  0
LINE
  8
0
 10
-6.38765
 20
0.903061
 11
-6.38947
 21
0.900208
  0
LINE
  8
0
 10
-6.38947
 20
0.900208
 11
-6.39139
 21
0.89743
  0
LINE
  8
0
 10
-6.39139
 20
0.89743
 11
-6.39343
 21
0.894745
  0
LINE
  8
0
 10
-6.39343
 20
0.894745
 11
-6.3956
 21
0.892136
  0
LINE
  8
0
 10
-6.3956
 20
0.892136
 11
-6.39786
 21
0.889618
  0
LINE
  8
0
 10
-6.39786
 20
0.889618
 11
-6.40022
 21
0.887207
  0
LINE
  8
0
 10
-6.40022
 20
0.887207
 11
-6.40268
 21
0.884903
  0
LINE
  8
0
 10
-6.40268
 20
0.884903
 11
-6.40524
 21
0.88269
  0
LINE
  8
0
 10
-6.40524
 20
0.88269
 11
-6.4079
 21
0.880585
  0
LINE
  8
0
 10
-6.4079
 20
0.880585
 11
-6.41063
 21
0.878601
  0
LINE
  8
0
 10
-6.41063
 20
0.878601
 11
-6.41344
 21
0.876724
  0
LINE
  8
0
 10
-6.41344
 20
0.876724
 11
-6.41634
 21
0.874985
  0
LINE
  8
0
 10
-6.41634
 20
0.874985
 11
-6.4193
 21
0.873352
  0
LINE
  8
0
 10
-6.4193
 20
0.873352
 11
-6.42232
 21
0.871841
  0
LINE
  8
0
 10
-6.42232
 20
0.871841
 11
-6.42542
 21
0.870468
  0
LINE
  8
0
 10
-6.42542
 20
0.870468
 11
-6.42856
 21
0.869232
  0
LINE
  8
0
 10
-6.42856
 20
0.869232
 11
-6.43175
 21
0.868118
  0
LINE
  8
0
 10
-6.43175
 20
0.868118
 11
-6.43498
 21
0.867142
  0
LINE
  8
0
 10
-6.43498
 20
0.867142
 11
-6.43826
 21
0.866302
  0
LINE
  8
0
 10
-6.43826
 20
0.866302
 11
-6.44156
 21
0.865601
  0
LINE
  8
0
 10
-6.44156
 20
0.865601
 11
-6.4449
 21
0.865036
  0
LINE
  8
0
 10
-6.4449
 20
0.865036
 11
-6.44826
 21
0.864609
  0
LINE
  8
0
 10
-6.44826
 20
0.864609
 11
-6.45161
 21
0.864319
  0
LINE
  8
0
 10
-6.45161
 20
0.864319
 11
-6.455
 21
0.864182
  0
LINE
  8
0
 10
-6.455
 20
0.864182
 11
-6.45837
 21
0.864182
  0
LINE
  8
0
 10
7.71484
 20
0.864182
 11
7.71147
 21
0.864319
  0
LINE
  8
0
 10
7.71147
 20
0.864319
 11
7.7081
 21
0.864609
  0
LINE
  8
0
 10
7.7081
 20
0.864609
 11
7.70474
 21
0.865036
  0
LINE
  8
0
 10
7.70474
 20
0.865036
 11
7.70142
 21
0.865601
  0
LINE
  8
0
 10
7.70142
 20
0.865601
 11
7.6981
 21
0.866302
  0
LINE
  8
0
 10
7.6981
 20
0.866302
 11
7.69482
 21
0.867142
  0
LINE
  8
0
 10
7.69482
 20
0.867142
 11
7.69159
 21
0.868118
  0
LINE
  8
0
 10
7.69159
 20
0.868118
 11
7.6884
 21
0.869232
  0
LINE
  8
0
 10
7.6884
 20
0.869232
 11
7.68526
 21
0.870468
  0
LINE
  8
0
 10
7.68526
 20
0.870468
 11
7.68217
 21
0.871841
  0
LINE
  8
0
 10
7.68217
 20
0.871841
 11
7.67914
 21
0.873352
  0
LINE
  8
0
 10
7.67914
 20
0.873352
 11
7.67618
 21
0.874985
  0
LINE
  8
0
 10
7.67618
 20
0.874985
 11
7.67328
 21
0.876724
  0
LINE
  8
0
 10
7.67328
 20
0.876724
 11
7.67047
 21
0.878601
  0
LINE
  8
0
 10
7.67047
 20
0.878601
 11
7.66774
 21
0.880585
  0
LINE
  8
0
 10
7.66774
 20
0.880585
 11
7.66508
 21
0.88269
  0
LINE
  8
0
 10
7.66508
 20
0.88269
 11
7.66252
 21
0.884903
  0
LINE
  8
0
 10
7.66252
 20
0.884903
 11
7.66006
 21
0.887207
  0
LINE
  8
0
 10
7.66006
 20
0.887207
 11
7.6577
 21
0.889618
  0
LINE
  8
0
 10
7.6577
 20
0.889618
 11
7.65544
 21
0.892136
  0
LINE
  8
0
 10
7.65544
 20
0.892136
 11
7.65327
 21
0.894745
  0
LINE
  8
0
 10
7.65327
 20
0.894745
 11
7.65123
 21
0.89743
  0
LINE
  8
0
 10
7.65123
 20
0.89743
 11
7.64931
 21
0.900208
  0
LINE
  8
0
 10
7.64931
 20
0.900208
 11
7.64749
 21
0.903061
  0
LINE
  8
0
 10
7.64749
 20
0.903061
 11
7.64581
 21
0.905991
  0
LINE
  8
0
 10
7.64581
 20
0.905991
 11
7.64424
 21
0.908981
  0
LINE
  8
0
 10
7.64424
 20
0.908981
 11
7.64281
 21
0.912048
  0
LINE
  8
0
 10
7.64281
 20
0.912048
 11
7.64149
 21
0.915161
  0
LINE
  8
0
 10
7.64149
 20
0.915161
 11
7.64032
 21
0.918335
  0
LINE
  8
0
 10
7.64032
 20
0.918335
 11
7.63927
 21
0.921539
  0
LINE
  8
0
 10
7.63927
 20
0.921539
 11
7.63835
 21
0.924805
  0
LINE
  8
0
 10
7.63835
 20
0.924805
 11
7.63759
 21
0.928101
  0
LINE
  8
0
 10
7.63759
 20
0.928101
 11
7.63695
 21
0.931412
  0
LINE
  8
0
 10
7.63695
 20
0.931412
 11
7.63646
 21
0.934753
  0
LINE
  8
0
 10
7.63646
 20
0.934753
 11
7.63611
 21
0.938126
  0
LINE
  8
0
 10
7.63611
 20
0.938126
 11
7.63589
 21
0.941498
  0
LINE
  8
0
 10
7.63589
 20
0.941498
 11
7.63582
 21
0.94487
  0
LINE
  8
0
 10
7.63582
 20
0.94487
 11
7.63589
 21
0.948257
  0
LINE
  8
0
 10
7.63589
 20
0.948257
 11
7.63611
 21
0.95163
  0
LINE
  8
0
 10
7.63611
 20
0.95163
 11
7.63646
 21
0.954987
  0
LINE
  8
0
 10
7.63646
 20
0.954987
 11
7.63695
 21
0.958328
  0
LINE
  8
0
 10
7.63695
 20
0.958328
 11
7.63759
 21
0.961655
  0
LINE
  8
0
 10
7.63759
 20
0.961655
 11
7.63835
 21
0.964951
  0
LINE
  8
0
 10
7.63835
 20
0.964951
 11
7.63927
 21
0.968201
  0
LINE
  8
0
 10
7.63927
 20
0.968201
 11
7.64032
 21
0.97142
  0
LINE
  8
0
 10
7.64032
 20
0.97142
 11
7.64149
 21
0.974579
  0
LINE
  8
0
 10
7.64149
 20
0.974579
 11
7.64281
 21
0.977707
  0
LINE
  8
0
 10
7.64281
 20
0.977707
 11
7.64424
 21
0.980759
  0
LINE
  8
0
 10
7.64424
 20
0.980759
 11
7.64581
 21
0.983749
  0
LINE
  8
0
 10
7.64581
 20
0.983749
 11
7.64749
 21
0.986679
  0
LINE
  8
0
 10
7.64749
 20
0.986679
 11
7.64931
 21
0.989532
  0
LINE
  8
0
 10
7.64931
 20
0.989532
 11
7.65123
 21
0.99231
  0
LINE
  8
0
 10
7.65123
 20
0.99231
 11
7.65327
 21
0.99501
  0
LINE
  8
0
 10
7.65327
 20
0.99501
 11
7.65544
 21
0.997604
  0
LINE
  8
0
 10
7.65544
 20
0.997604
 11
7.6577
 21
1.00012
  0
LINE
  8
0
 10
7.6577
 20
1.00012
 11
7.66006
 21
1.00253
  0
LINE
  8
0
 10
7.66006
 20
1.00253
 11
7.66252
 21
1.00485
  0
LINE
  8
0
 10
7.66252
 20
1.00485
 11
7.66508
 21
1.00706
  0
LINE
  8
0
 10
7.66508
 20
1.00706
 11
7.66774
 21
1.00916
  0
LINE
  8
0
 10
7.66774
 20
1.00916
 11
7.67047
 21
1.01115
  0
LINE
  8
0
 10
7.67047
 20
1.01115
 11
7.67328
 21
1.01302
  0
LINE
  8
0
 10
7.67328
 20
1.01302
 11
7.67618
 21
1.01477
  0
LINE
  8
0
 10
7.67618
 20
1.01477
 11
7.67914
 21
1.0164
  0
LINE
  8
0
 10
7.67914
 20
1.0164
 11
7.68217
 21
1.0179
  0
LINE
  8
0
 10
7.68217
 20
1.0179
 11
7.68526
 21
1.01927
  0
LINE
  8
0
 10
7.68526
 20
1.01927
 11
7.6884
 21
1.02052
  0
LINE
  8
0
 10
7.6884
 20
1.02052
 11
7.69159
 21
1.02164
  0
LINE
  8
0
 10
7.69159
 20
1.02164
 11
7.69482
 21
1.02261
  0
LINE
  8
0
 10
7.69482
 20
1.02261
 11
7.6981
 21
1.02345
  0
LINE
  8
0
 10
7.6981
 20
1.02345
 11
7.70142
 21
1.02415
  0
LINE
  8
0
 10
7.70142
 20
1.02415
 11
7.70474
 21
1.02472
  0
LINE
  8
0
 10
7.70474
 20
1.02472
 11
7.7081
 21
1.02515
  0
LINE
  8
0
 10
7.7081
 20
1.02515
 11
7.71147
 21
1.02542
  0
LINE
  8
0
 10
7.71147
 20
1.02542
 11
7.71484
 21
1.02556
  0
LINE
  8
0
 10
7.71484
 20
1.02556
 11
7.71822
 21
1.02556
  0
LINE
  8
0
 10
7.71822
 20
1.02556
 11
7.7216
 21
1.02542
  0
LINE
  8
0
 10
7.7216
 20
1.02542
 11
7.72498
 21
1.02515
  0
LINE
  8
0
 10
7.72498
 20
1.02515
 11
7.72832
 21
1.02472
  0
LINE
  8
0
 10
7.72832
 20
1.02472
 11
7.73166
 21
1.02415
  0
LINE
  8
0
 10
7.73166
 20
1.02415
 11
7.73495
 21
1.02345
  0
LINE
  8
0
 10
7.73495
 20
1.02345
 11
7.73824
 21
1.02261
  0
LINE
  8
0
 10
7.73824
 20
1.02261
 11
7.74147
 21
1.02164
  0
LINE
  8
0
 10
7.74147
 20
1.02164
 11
7.74466
 21
1.02052
  0
LINE
  8
0
 10
7.74466
 20
1.02052
 11
7.7478
 21
1.01927
  0
LINE
  8
0
 10
7.7478
 20
1.01927
 11
7.7509
 21
1.0179
  0
LINE
  8
0
 10
7.7509
 20
1.0179
 11
7.75392
 21
1.0164
  0
LINE
  8
0
 10
7.75392
 20
1.0164
 11
7.75688
 21
1.01477
  0
LINE
  8
0
 10
7.75688
 20
1.01477
 11
7.75978
 21
1.01302
  0
LINE
  8
0
 10
7.75978
 20
1.01302
 11
7.76259
 21
1.01115
  0
LINE
  8
0
 10
7.76259
 20
1.01115
 11
7.76534
 21
1.00916
  0
LINE
  8
0
 10
7.76534
 20
1.00916
 11
7.76797
 21
1.00706
  0
LINE
  8
0
 10
7.76797
 20
1.00706
 11
7.77054
 21
1.00485
  0
LINE
  8
0
 10
7.77054
 20
1.00485
 11
7.77299
 21
1.00253
  0
LINE
  8
0
 10
7.77299
 20
1.00253
 11
7.77536
 21
1.00012
  0
LINE
  8
0
 10
7.77536
 20
1.00012
 11
7.77763
 21
0.997604
  0
LINE
  8
0
 10
7.77763
 20
0.997604
 11
7.77979
 21
0.99501
  0
LINE
  8
0
 10
7.77979
 20
0.99501
 11
7.78183
 21
0.99231
  0
LINE
  8
0
 10
7.78183
 20
0.99231
 11
7.78375
 21
0.989532
  0
LINE
  8
0
 10
7.78375
 20
0.989532
 11
7.78557
 21
0.986679
  0
LINE
  8
0
 10
7.78557
 20
0.986679
 11
7.78726
 21
0.983749
  0
LINE
  8
0
 10
7.78726
 20
0.983749
 11
7.78882
 21
0.980759
  0
LINE
  8
0
 10
7.78882
 20
0.980759
 11
7.79027
 21
0.977707
  0
LINE
  8
0
 10
7.79027
 20
0.977707
 11
7.79158
 21
0.974579
  0
LINE
  8
0
 10
7.79158
 20
0.974579
 11
7.79276
 21
0.97142
  0
LINE
  8
0
 10
7.79276
 20
0.97142
 11
7.79379
 21
0.968201
  0
LINE
  8
0
 10
7.79379
 20
0.968201
 11
7.79471
 21
0.964951
  0
LINE
  8
0
 10
7.79471
 20
0.964951
 11
7.79547
 21
0.961655
  0
LINE
  8
0
 10
7.79547
 20
0.961655
 11
7.79611
 21
0.958328
  0
LINE
  8
0
 10
7.79611
 20
0.958328
 11
7.7966
 21
0.954987
  0
LINE
  8
0
 10
7.7966
 20
0.954987
 11
7.79695
 21
0.95163
  0
LINE
  8
0
 10
7.79695
 20
0.95163
 11
7.79716
 21
0.948257
  0
LINE
  8
0
 10
7.79716
 20
0.948257
 11
7.79724
 21
0.94487
  0
LINE
  8
0
 10
7.79724
 20
0.94487
 11
7.79716
 21
0.941498
  0
LINE
  8
0
 10
7.79716
 20
0.941498
 11
7.79695
 21
0.938126
  0
LINE
  8
0
 10
7.79695
 20
0.938126
 11
7.7966
 21
0.934753
  0
LINE
  8
0
 10
7.7966
 20
0.934753
 11
7.79611
 21
0.931412
  0
LINE
  8
0
 10
7.79611
 20
0.931412
 11
7.79547
 21
0.928101
  0
LINE
  8
0
 10
7.79547
 20
0.928101
 11
7.79471
 21
0.924805
  0
LINE
  8
0
 10
7.79471
 20
0.924805
 11
7.79379
 21
0.921539
  0
LINE
  8
0
 10
7.79379
 20
0.921539
 11
7.79276
 21
0.918335
  0
LINE
  8
0
 10
7.79276
 20
0.918335
 11
7.79158
 21
0.915161
  0
LINE
  8
0
 10
7.79158
 20
0.915161
 11
7.79027
 21
0.912048
  0
LINE
  8
0
 10
7.79027
 20
0.912048
 11
7.78882
 21
0.908981
  0
LINE
  8
0
 10
7.78882
 20
0.908981
 11
7.78726
 21
0.905991
  0
LINE
  8
0
 10
7.78726
 20
0.905991
 11
7.78557
 21
0.903061
  0
LINE
  8
0
 10
7.78557
 20
0.903061
 11
7.78375
 21
0.900208
  0
LINE
  8
0
 10
7.78375
 20
0.900208
 11
7.78183
 21
0.89743
  0
LINE
  8
0
 10
7.78183
 20
0.89743
 11
7.77979
 21
0.894745
  0
LINE
  8
0
 10
7.77979
 20
0.894745
 11
7.77763
 21
0.892136
  0
LINE
  8
0
 10
7.77763
 20
0.892136
 11
7.77536
 21
0.889618
  0
LINE
  8
0
 10
7.77536
 20
0.889618
 11
7.77299
 21
0.887207
  0
LINE
  8
0
 10
7.77299
 20
0.887207
 11
7.77054
 21
0.884903
  0
LINE
  8
0
 10
7.77054
 20
0.884903
 11
7.76797
 21
0.88269
  0
LINE
  8
0
 10
7.76797
 20
0.88269
 11
7.76534
 21
0.880585
  0
LINE
  8
0
 10
7.76534
 20
0.880585
 11
7.76259
 21
0.878601
  0
LINE
  8
0
 10
7.76259
 20
0.878601
 11
7.75978
 21
0.876724
  0
LINE
  8
0
 10
7.75978
 20
0.876724
 11
7.75688
 21
0.874985
  0
LINE
  8
0
 10
7.75688
 20
0.874985
 11
7.75392
 21
0.873352
  0
LINE
  8
0
 10
7.75392
 20
0.873352
 11
7.7509
 21
0.871841
  0
LINE
  8
0
 10
7.7509
 20
0.871841
 11
7.7478
 21
0.870468
  0
LINE
  8
0
 10
7.7478
 20
0.870468
 11
7.74466
 21
0.869232
  0
LINE
  8
0
 10
7.74466
 20
0.869232
 11
7.74147
 21
0.868118
  0
LINE
  8
0
 10
7.74147
 20
0.868118
 11
7.73824
 21
0.867142
  0
LINE
  8
0
 10
7.73824
 20
0.867142
 11
7.73495
 21
0.866302
  0
LINE
  8
0
 10
7.73495
 20
0.866302
 11
7.73166
 21
0.865601
  0
LINE
  8
0
 10
7.73166
 20
0.865601
 11
7.72832
 21
0.865036
  0
LINE
  8
0
 10
7.72832
 20
0.865036
 11
7.72498
 21
0.864609
  0
LINE
  8
0
 10
7.72498
 20
0.864609
 11
7.7216
 21
0.864319
  0
LINE
  8
0
 10
7.7216
 20
0.864319
 11
7.71822
 21
0.864182
  0
LINE
  8
0
 10
7.71822
 20
0.864182
 11
7.71484
 21
0.864182
  0
LINE
  8
0
 10
6.455
 20
0.864182
 11
6.45161
 21
0.864319
  0
LINE
  8
0
 10
6.45161
 20
0.864319
 11
6.44826
 21
0.864609
  0
LINE
  8
0
 10
6.44826
 20
0.864609
 11
6.4449
 21
0.865036
  0
LINE
  8
0
 10
6.4449
 20
0.865036
 11
6.44156
 21
0.865601
  0
LINE
  8
0
 10
6.44156
 20
0.865601
 11
6.43826
 21
0.866302
  0
LINE
  8
0
 10
6.43826
 20
0.866302
 11
6.43498
 21
0.867142
  0
LINE
  8
0
 10
6.43498
 20
0.867142
 11
6.43175
 21
0.868118
  0
LINE
  8
0
 10
6.43175
 20
0.868118
 11
6.42856
 21
0.869232
  0
LINE
  8
0
 10
6.42856
 20
0.869232
 11
6.42542
 21
0.870468
  0
LINE
  8
0
 10
6.42542
 20
0.870468
 11
6.42232
 21
0.871841
  0
LINE
  8
0
 10
6.42232
 20
0.871841
 11
6.4193
 21
0.873352
  0
LINE
  8
0
 10
6.4193
 20
0.873352
 11
6.41634
 21
0.874985
  0
LINE
  8
0
 10
6.41634
 20
0.874985
 11
6.41344
 21
0.876724
  0
LINE
  8
0
 10
6.41344
 20
0.876724
 11
6.41063
 21
0.878601
  0
LINE
  8
0
 10
6.41063
 20
0.878601
 11
6.4079
 21
0.880585
  0
LINE
  8
0
 10
6.4079
 20
0.880585
 11
6.40524
 21
0.88269
  0
LINE
  8
0
 10
6.40524
 20
0.88269
 11
6.40268
 21
0.884903
  0
LINE
  8
0
 10
6.40268
 20
0.884903
 11
6.40022
 21
0.887207
  0
LINE
  8
0
 10
6.40022
 20
0.887207
 11
6.39786
 21
0.889618
  0
LINE
  8
0
 10
6.39786
 20
0.889618
 11
6.3956
 21
0.892136
  0
LINE
  8
0
 10
6.3956
 20
0.892136
 11
6.39343
 21
0.894745
  0
LINE
  8
0
 10
6.39343
 20
0.894745
 11
6.39139
 21
0.89743
  0
LINE
  8
0
 10
6.39139
 20
0.89743
 11
6.38947
 21
0.900208
  0
LINE
  8
0
 10
6.38947
 20
0.900208
 11
6.38765
 21
0.903061
  0
LINE
  8
0
 10
6.38765
 20
0.903061
 11
6.38597
 21
0.905991
  0
LINE
  8
0
 10
6.38597
 20
0.905991
 11
6.3844
 21
0.908981
  0
LINE
  8
0
 10
6.3844
 20
0.908981
 11
6.38297
 21
0.912048
  0
LINE
  8
0
 10
6.38297
 20
0.912048
 11
6.38165
 21
0.915161
  0
LINE
  8
0
 10
6.38165
 20
0.915161
 11
6.38046
 21
0.918335
  0
LINE
  8
0
 10
6.38046
 20
0.918335
 11
6.37943
 21
0.921539
  0
LINE
  8
0
 10
6.37943
 20
0.921539
 11
6.37851
 21
0.924805
  0
LINE
  8
0
 10
6.37851
 20
0.924805
 11
6.37775
 21
0.928101
  0
LINE
  8
0
 10
6.37775
 20
0.928101
 11
6.37711
 21
0.931412
  0
LINE
  8
0
 10
6.37711
 20
0.931412
 11
6.37662
 21
0.934753
  0
LINE
  8
0
 10
6.37662
 20
0.934753
 11
6.37627
 21
0.938126
  0
LINE
  8
0
 10
6.37627
 20
0.938126
 11
6.37605
 21
0.941498
  0
LINE
  8
0
 10
6.37605
 20
0.941498
 11
6.37598
 21
0.94487
  0
LINE
  8
0
 10
6.37598
 20
0.94487
 11
6.37605
 21
0.948257
  0
LINE
  8
0
 10
6.37605
 20
0.948257
 11
6.37627
 21
0.95163
  0
LINE
  8
0
 10
6.37627
 20
0.95163
 11
6.37662
 21
0.954987
  0
LINE
  8
0
 10
6.37662
 20
0.954987
 11
6.37711
 21
0.958328
  0
LINE
  8
0
 10
6.37711
 20
0.958328
 11
6.37775
 21
0.961655
  0
LINE
  8
0
 10
6.37775
 20
0.961655
 11
6.37851
 21
0.964951
  0
LINE
  8
0
 10
6.37851
 20
0.964951
 11
6.37943
 21
0.968201
  0
LINE
  8
0
 10
6.37943
 20
0.968201
 11
6.38046
 21
0.97142
  0
LINE
  8
0
 10
6.38046
 20
0.97142
 11
6.38165
 21
0.974579
  0
LINE
  8
0
 10
6.38165
 20
0.974579
 11
6.38297
 21
0.977707
  0
LINE
  8
0
 10
6.38297
 20
0.977707
 11
6.3844
 21
0.980759
  0
LINE
  8
0
 10
6.3844
 20
0.980759
 11
6.38597
 21
0.983749
  0
LINE
  8
0
 10
6.38597
 20
0.983749
 11
6.38765
 21
0.986679
  0
LINE
  8
0
 10
6.38765
 20
0.986679
 11
6.38947
 21
0.989532
  0
LINE
  8
0
 10
6.38947
 20
0.989532
 11
6.39139
 21
0.99231
  0
LINE
  8
0
 10
6.39139
 20
0.99231
 11
6.39343
 21
0.99501
  0
LINE
  8
0
 10
6.39343
 20
0.99501
 11
6.3956
 21
0.997604
  0
LINE
  8
0
 10
6.3956
 20
0.997604
 11
6.39786
 21
1.00012
  0
LINE
  8
0
 10
6.39786
 20
1.00012
 11
6.40022
 21
1.00253
  0
LINE
  8
0
 10
6.40022
 20
1.00253
 11
6.40268
 21
1.00485
  0
LINE
  8
0
 10
6.40268
 20
1.00485
 11
6.40524
 21
1.00706
  0
LINE
  8
0
 10
6.40524
 20
1.00706
 11
6.4079
 21
1.00916
  0
LINE
  8
0
 10
6.4079
 20
1.00916
 11
6.41063
 21
1.01115
  0
LINE
  8
0
 10
6.41063
 20
1.01115
 11
6.41344
 21
1.01302
  0
LINE
  8
0
 10
6.41344
 20
1.01302
 11
6.41634
 21
1.01477
  0
LINE
  8
0
 10
6.41634
 20
1.01477
 11
6.4193
 21
1.0164
  0
LINE
  8
0
 10
6.4193
 20
1.0164
 11
6.42232
 21
1.0179
  0
LINE
  8
0
 10
6.42232
 20
1.0179
 11
6.42542
 21
1.01927
  0
LINE
  8
0
 10
6.42542
 20
1.01927
 11
6.42856
 21
1.02052
  0
LINE
  8
0
 10
6.42856
 20
1.02052
 11
6.43175
 21
1.02164
  0
LINE
  8
0
 10
6.43175
 20
1.02164
 11
6.43498
 21
1.02261
  0
LINE
  8
0
 10
6.43498
 20
1.02261
 11
6.43826
 21
1.02345
  0
LINE
  8
0
 10
6.43826
 20
1.02345
 11
6.44156
 21
1.02415
  0
LINE
  8
0
 10
6.44156
 20
1.02415
 11
6.4449
 21
1.02472
  0
LINE
  8
0
 10
6.4449
 20
1.02472
 11
6.44826
 21
1.02515
  0
LINE
  8
0
 10
6.44826
 20
1.02515
 11
6.45161
 21
1.02542
  0
LINE
  8
0
 10
6.45161
 20
1.02542
 11
6.455
 21
1.02556
  0
LINE
  8
0
 10
6.455
 20
1.02556
 11
6.45837
 21
1.02556
  0
LINE
  8
0
 10
6.45837
 20
1.02556
 11
6.46176
 21
1.02542
  0
LINE
  8
0
 10
6.46176
 20
1.02542
 11
6.46512
 21
1.02515
  0
LINE
  8
0
 10
6.46512
 20
1.02515
 11
6.46848
 21
1.02472
  0
LINE
  8
0
 10
6.46848
 20
1.02472
 11
6.47182
 21
1.02415
  0
LINE
  8
0
 10
6.47182
 20
1.02415
 11
6.47511
 21
1.02345
  0
LINE
  8
0
 10
6.47511
 20
1.02345
 11
6.47839
 21
1.02261
  0
LINE
  8
0
 10
6.47839
 20
1.02261
 11
6.48163
 21
1.02164
  0
LINE
  8
0
 10
6.48163
 20
1.02164
 11
6.48482
 21
1.02052
  0
LINE
  8
0
 10
6.48482
 20
1.02052
 11
6.48796
 21
1.01927
  0
LINE
  8
0
 10
6.48796
 20
1.01927
 11
6.49106
 21
1.0179
  0
LINE
  8
0
 10
6.49106
 20
1.0179
 11
6.49408
 21
1.0164
  0
LINE
  8
0
 10
6.49408
 20
1.0164
 11
6.49704
 21
1.01477
  0
LINE
  8
0
 10
6.49704
 20
1.01477
 11
6.49994
 21
1.01302
  0
LINE
  8
0
 10
6.49994
 20
1.01302
 11
6.50275
 21
1.01115
  0
LINE
  8
0
 10
6.50275
 20
1.01115
 11
6.50549
 21
1.00916
  0
LINE
  8
0
 10
6.50549
 20
1.00916
 11
6.50813
 21
1.00706
  0
LINE
  8
0
 10
6.50813
 20
1.00706
 11
6.5107
 21
1.00485
  0
LINE
  8
0
 10
6.5107
 20
1.00485
 11
6.51315
 21
1.00253
  0
LINE
  8
0
 10
6.51315
 20
1.00253
 11
6.51552
 21
1.00012
  0
LINE
  8
0
 10
6.51552
 20
1.00012
 11
6.51779
 21
0.997604
  0
LINE
  8
0
 10
6.51779
 20
0.997604
 11
6.51994
 21
0.99501
  0
LINE
  8
0
 10
6.51994
 20
0.99501
 11
6.52199
 21
0.99231
  0
LINE
  8
0
 10
6.52199
 20
0.99231
 11
6.52391
 21
0.989532
  0
LINE
  8
0
 10
6.52391
 20
0.989532
 11
6.52573
 21
0.986679
  0
LINE
  8
0
 10
6.52573
 20
0.986679
 11
6.52742
 21
0.983749
  0
LINE
  8
0
 10
6.52742
 20
0.983749
 11
6.52898
 21
0.980759
  0
LINE
  8
0
 10
6.52898
 20
0.980759
 11
6.53043
 21
0.977707
  0
LINE
  8
0
 10
6.53043
 20
0.977707
 11
6.53172
 21
0.974579
  0
LINE
  8
0
 10
6.53172
 20
0.974579
 11
6.53291
 21
0.97142
  0
LINE
  8
0
 10
6.53291
 20
0.97142
 11
6.53395
 21
0.968201
  0
LINE
  8
0
 10
6.53395
 20
0.968201
 11
6.53487
 21
0.964951
  0
LINE
  8
0
 10
6.53487
 20
0.964951
 11
6.53563
 21
0.961655
  0
LINE
  8
0
 10
6.53563
 20
0.961655
 11
6.53627
 21
0.958328
  0
LINE
  8
0
 10
6.53627
 20
0.958328
 11
6.53676
 21
0.954987
  0
LINE
  8
0
 10
6.53676
 20
0.954987
 11
6.53711
 21
0.95163
  0
LINE
  8
0
 10
6.53711
 20
0.95163
 11
6.53732
 21
0.948257
  0
LINE
  8
0
 10
6.53732
 20
0.948257
 11
6.5374
 21
0.94487
  0
LINE
  8
0
 10
6.5374
 20
0.94487
 11
6.53732
 21
0.941498
  0
LINE
  8
0
 10
6.53732
 20
0.941498
 11
6.53711
 21
0.938126
  0
LINE
  8
0
 10
6.53711
 20
0.938126
 11
6.53676
 21
0.934753
  0
LINE
  8
0
 10
6.53676
 20
0.934753
 11
6.53627
 21
0.931412
  0
LINE
  8
0
 10
6.53627
 20
0.931412
 11
6.53563
 21
0.928101
  0
LINE
  8
0
 10
6.53563
 20
0.928101
 11
6.53487
 21
0.924805
  0
LINE
  8
0
 10
6.53487
 20
0.924805
 11
6.53395
 21
0.921539
  0
LINE
  8
0
 10
6.53395
 20
0.921539
 11
6.53291
 21
0.918335
  0
LINE
  8
0
 10
6.53291
 20
0.918335
 11
6.53172
 21
0.915161
  0
LINE
  8
0
 10
6.53172
 20
0.915161
 11
6.53043
 21
0.912048
  0
LINE
  8
0
 10
6.53043
 20
0.912048
 11
6.52898
 21
0.908981
  0
LINE
  8
0
 10
6.52898
 20
0.908981
 11
6.52742
 21
0.905991
  0
LINE
  8
0
 10
6.52742
 20
0.905991
 11
6.52573
 21
0.903061
  0
LINE
  8
0
 10
6.52573
 20
0.903061
 11
6.52391
 21
0.900208
  0
LINE
  8
0
 10
6.52391
 20
0.900208
 11
6.52199
 21
0.89743
  0
LINE
  8
0
 10
6.52199
 20
0.89743
 11
6.51994
 21
0.894745
  0
LINE
  8
0
 10
6.51994
 20
0.894745
 11
6.51779
 21
0.892136
  0
LINE
  8
0
 10
6.51779
 20
0.892136
 11
6.51552
 21
0.889618
  0
LINE
  8
0
 10
6.51552
 20
0.889618
 11
6.51315
 21
0.887207
  0
LINE
  8
0
 10
6.51315
 20
0.887207
 11
6.5107
 21
0.884903
  0
LINE
  8
0
 10
6.5107
 20
0.884903
 11
6.50813
 21
0.88269
  0
LINE
  8
0
 10
6.50813
 20
0.88269
 11
6.50549
 21
0.880585
  0
LINE
  8
0
 10
6.50549
 20
0.880585
 11
6.50275
 21
0.878601
  0
LINE
  8
0
 10
6.50275
 20
0.878601
 11
6.49994
 21
0.876724
  0
LINE
  8
0
 10
6.49994
 20
0.876724
 11
6.49704
 21
0.874985
  0
LINE
  8
0
 10
6.49704
 20
0.874985
 11
6.49408
 21
0.873352
  0
LINE
  8
0
 10
6.49408
 20
0.873352
 11
6.49106
 21
0.871841
  0
LINE
  8
0
 10
6.49106
 20
0.871841
 11
6.48796
 21
0.870468
  0
LINE
  8
0
 10
6.48796
 20
0.870468
 11
6.48482
 21
0.869232
  0
LINE
  8
0
 10
6.48482
 20
0.869232
 11
6.48163
 21
0.868118
  0
LINE
  8
0
 10
6.48163
 20
0.868118
 11
6.47839
 21
0.867142
  0
LINE
  8
0
 10
6.47839
 20
0.867142
 11
6.47511
 21
0.866302
  0
LINE
  8
0
 10
6.47511
 20
0.866302
 11
6.47182
 21
0.865601
  0
LINE
  8
0
 10
6.47182
 20
0.865601
 11
6.46848
 21
0.865036
  0
LINE
  8
0
 10
6.46848
 20
0.865036
 11
6.46512
 21
0.864609
  0
LINE
  8
0
 10
6.46512
 20
0.864609
 11
6.46176
 21
0.864319
  0
LINE
  8
0
 10
6.46176
 20
0.864319
 11
6.45837
 21
0.864182
  0
LINE
  8
0
 10
6.45837
 20
0.864182
 11
6.455
 21
0.864182
  0
LINE
  8
0
 10
7.71484
 20
0.549225
 11
7.71147
 21
0.549362
  0
LINE
  8
0
 10
7.71147
 20
0.549362
 11
7.7081
 21
0.549652
  0
LINE
  8
0
 10
7.7081
 20
0.549652
 11
7.70474
 21
0.550064
  0
LINE
  8
0
 10
7.70474
 20
0.550064
 11
7.70142
 21
0.550629
  0
LINE
  8
0
 10
7.70142
 20
0.550629
 11
7.6981
 21
0.551331
  0
LINE
  8
0
 10
7.6981
 20
0.551331
 11
7.69482
 21
0.552185
  0
LINE
  8
0
 10
7.69482
 20
0.552185
 11
7.69159
 21
0.553162
  0
LINE
  8
0
 10
7.69159
 20
0.553162
 11
7.6884
 21
0.55426
  0
LINE
  8
0
 10
7.6884
 20
0.55426
 11
7.68526
 21
0.555511
  0
LINE
  8
0
 10
7.68526
 20
0.555511
 11
7.68217
 21
0.556885
  0
LINE
  8
0
 10
7.68217
 20
0.556885
 11
7.67914
 21
0.558395
  0
LINE
  8
0
 10
7.67914
 20
0.558395
 11
7.67618
 21
0.560013
  0
LINE
  8
0
 10
7.67618
 20
0.560013
 11
7.67328
 21
0.561768
  0
LINE
  8
0
 10
7.67328
 20
0.561768
 11
7.67047
 21
0.563644
  0
LINE
  8
0
 10
7.67047
 20
0.563644
 11
7.66774
 21
0.565628
  0
LINE
  8
0
 10
7.66774
 20
0.565628
 11
7.66508
 21
0.567734
  0
LINE
  8
0
 10
7.66508
 20
0.567734
 11
7.66252
 21
0.569931
  0
LINE
  8
0
 10
7.66252
 20
0.569931
 11
7.66006
 21
0.57225
  0
LINE
  8
0
 10
7.66006
 20
0.57225
 11
7.6577
 21
0.574661
  0
LINE
  8
0
 10
7.6577
 20
0.574661
 11
7.65544
 21
0.577179
  0
LINE
  8
0
 10
7.65544
 20
0.577179
 11
7.65327
 21
0.579788
  0
LINE
  8
0
 10
7.65327
 20
0.579788
 11
7.65123
 21
0.582474
  0
LINE
  8
0
 10
7.65123
 20
0.582474
 11
7.64931
 21
0.585251
  0
LINE
  8
0
 10
7.64931
 20
0.585251
 11
7.64749
 21
0.588104
  0
LINE
  8
0
 10
7.64749
 20
0.588104
 11
7.64581
 21
0.591034
  0
LINE
  8
0
 10
7.64581
 20
0.591034
 11
7.64424
 21
0.594025
  0
LINE
  8
0
 10
7.64424
 20
0.594025
 11
7.64281
 21
0.597092
  0
LINE
  8
0
 10
7.64281
 20
0.597092
 11
7.64149
 21
0.600204
  0
LINE
  8
0
 10
7.64149
 20
0.600204
 11
7.64032
 21
0.603378
  0
LINE
  8
0
 10
7.64032
 20
0.603378
 11
7.63927
 21
0.606583
  0
LINE
  8
0
 10
7.63927
 20
0.606583
 11
7.63835
 21
0.609848
  0
LINE
  8
0
 10
7.63835
 20
0.609848
 11
7.63759
 21
0.613129
  0
LINE
  8
0
 10
7.63759
 20
0.613129
 11
7.63695
 21
0.616455
  0
LINE
  8
0
 10
7.63695
 20
0.616455
 11
7.63646
 21
0.619797
  0
LINE
  8
0
 10
7.63646
 20
0.619797
 11
7.63611
 21
0.623154
  0
LINE
  8
0
 10
7.63611
 20
0.623154
 11
7.63589
 21
0.626541
  0
LINE
  8
0
 10
7.63589
 20
0.626541
 11
7.63582
 21
0.629913
  0
LINE
  8
0
 10
7.63582
 20
0.629913
 11
7.63589
 21
0.633301
  0
LINE
  8
0
 10
7.63589
 20
0.633301
 11
7.63611
 21
0.636673
  0
LINE
  8
0
 10
7.63611
 20
0.636673
 11
7.63646
 21
0.64003
  0
LINE
  8
0
 10
7.63646
 20
0.64003
 11
7.63695
 21
0.643372
  0
LINE
  8
0
 10
7.63695
 20
0.643372
 11
7.63759
 21
0.646698
  0
LINE
  8
0
 10
7.63759
 20
0.646698
 11
7.63835
 21
0.649979
  0
LINE
  8
0
 10
7.63835
 20
0.649979
 11
7.63927
 21
0.653244
  0
LINE
  8
0
 10
7.63927
 20
0.653244
 11
7.64032
 21
0.656464
  0
LINE
  8
0
 10
7.64032
 20
0.656464
 11
7.64149
 21
0.659622
  0
LINE
  8
0
 10
7.64149
 20
0.659622
 11
7.64281
 21
0.662735
  0
LINE
  8
0
 10
7.64281
 20
0.662735
 11
7.64424
 21
0.665802
  0
LINE
  8
0
 10
7.64424
 20
0.665802
 11
7.64581
 21
0.668793
  0
LINE
  8
0
 10
7.64581
 20
0.668793
 11
7.64749
 21
0.671722
  0
LINE
  8
0
 10
7.64749
 20
0.671722
 11
7.64931
 21
0.674576
  0
LINE
  8
0
 10
7.64931
 20
0.674576
 11
7.65123
 21
0.677353
  0
LINE
  8
0
 10
7.65123
 20
0.677353
 11
7.65327
 21
0.680038
  0
LINE
  8
0
 10
7.65327
 20
0.680038
 11
7.65544
 21
0.682648
  0
LINE
  8
0
 10
7.65544
 20
0.682648
 11
7.6577
 21
0.685165
  0
LINE
  8
0
 10
7.6577
 20
0.685165
 11
7.66006
 21
0.687576
  0
LINE
  8
0
 10
7.66006
 20
0.687576
 11
7.66252
 21
0.689896
  0
LINE
  8
0
 10
7.66252
 20
0.689896
 11
7.66508
 21
0.692108
  0
LINE
  8
0
 10
7.66508
 20
0.692108
 11
7.66774
 21
0.694199
  0
LINE
  8
0
 10
7.66774
 20
0.694199
 11
7.67047
 21
0.696182
  0
LINE
  8
0
 10
7.67047
 20
0.696182
 11
7.67328
 21
0.698059
  0
LINE
  8
0
 10
7.67328
 20
0.698059
 11
7.67618
 21
0.699814
  0
LINE
  8
0
 10
7.67618
 20
0.699814
 11
7.67914
 21
0.701431
  0
LINE
  8
0
 10
7.67914
 20
0.701431
 11
7.68217
 21
0.702942
  0
LINE
  8
0
 10
7.68217
 20
0.702942
 11
7.68526
 21
0.704315
  0
LINE
  8
0
 10
7.68526
 20
0.704315
 11
7.6884
 21
0.705566
  0
LINE
  8
0
 10
7.6884
 20
0.705566
 11
7.69159
 21
0.706665
  0
LINE
  8
0
 10
7.69159
 20
0.706665
 11
7.69482
 21
0.707657
  0
LINE
  8
0
 10
7.69482
 20
0.707657
 11
7.6981
 21
0.708496
  0
LINE
  8
0
 10
7.6981
 20
0.708496
 11
7.70142
 21
0.709198
  0
LINE
  8
0
 10
7.70142
 20
0.709198
 11
7.70474
 21
0.709763
  0
LINE
  8
0
 10
7.70474
 20
0.709763
 11
7.7081
 21
0.710175
  0
LINE
  8
0
 10
7.7081
 20
0.710175
 11
7.71147
 21
0.710464
  0
LINE
  8
0
 10
7.71147
 20
0.710464
 11
7.71484
 21
0.710602
  0
LINE
  8
0
 10
7.71484
 20
0.710602
 11
7.71822
 21
0.710602
  0
LINE
  8
0
 10
7.71822
 20
0.710602
 11
7.7216
 21
0.710464
  0
LINE
  8
0
 10
7.7216
 20
0.710464
 11
7.72498
 21
0.710175
  0
LINE
  8
0
 10
7.72498
 20
0.710175
 11
7.72832
 21
0.709763
  0
LINE
  8
0
 10
7.72832
 20
0.709763
 11
7.73166
 21
0.709198
  0
LINE
  8
0
 10
7.73166
 20
0.709198
 11
7.73495
 21
0.708496
  0
LINE
  8
0
 10
7.73495
 20
0.708496
 11
7.73824
 21
0.707657
  0
LINE
  8
0
 10
7.73824
 20
0.707657
 11
7.74147
 21
0.706665
  0
LINE
  8
0
 10
7.74147
 20
0.706665
 11
7.74466
 21
0.705566
  0
LINE
  8
0
 10
7.74466
 20
0.705566
 11
7.7478
 21
0.704315
  0
LINE
  8
0
 10
7.7478
 20
0.704315
 11
7.7509
 21
0.702942
  0
LINE
  8
0
 10
7.7509
 20
0.702942
 11
7.75392
 21
0.701431
  0
LINE
  8
0
 10
7.75392
 20
0.701431
 11
7.75688
 21
0.699814
  0
LINE
  8
0
 10
7.75688
 20
0.699814
 11
7.75978
 21
0.698059
  0
LINE
  8
0
 10
7.75978
 20
0.698059
 11
7.76259
 21
0.696182
  0
LINE
  8
0
 10
7.76259
 20
0.696182
 11
7.76534
 21
0.694199
  0
LINE
  8
0
 10
7.76534
 20
0.694199
 11
7.76797
 21
0.692108
  0
LINE
  8
0
 10
7.76797
 20
0.692108
 11
7.77054
 21
0.689896
  0
LINE
  8
0
 10
7.77054
 20
0.689896
 11
7.77299
 21
0.687576
  0
LINE
  8
0
 10
7.77299
 20
0.687576
 11
7.77536
 21
0.685165
  0
LINE
  8
0
 10
7.77536
 20
0.685165
 11
7.77763
 21
0.682648
  0
LINE
  8
0
 10
7.77763
 20
0.682648
 11
7.77979
 21
0.680038
  0
LINE
  8
0
 10
7.77979
 20
0.680038
 11
7.78183
 21
0.677353
  0
LINE
  8
0
 10
7.78183
 20
0.677353
 11
7.78375
 21
0.674576
  0
LINE
  8
0
 10
7.78375
 20
0.674576
 11
7.78557
 21
0.671722
  0
LINE
  8
0
 10
7.78557
 20
0.671722
 11
7.78726
 21
0.668793
  0
LINE
  8
0
 10
7.78726
 20
0.668793
 11
7.78882
 21
0.665802
  0
LINE
  8
0
 10
7.78882
 20
0.665802
 11
7.79027
 21
0.662735
  0
LINE
  8
0
 10
7.79027
 20
0.662735
 11
7.79158
 21
0.659622
  0
LINE
  8
0
 10
7.79158
 20
0.659622
 11
7.79276
 21
0.656464
  0
LINE
  8
0
 10
7.79276
 20
0.656464
 11
7.79379
 21
0.653244
  0
LINE
  8
0
 10
7.79379
 20
0.653244
 11
7.79471
 21
0.649979
  0
LINE
  8
0
 10
7.79471
 20
0.649979
 11
7.79547
 21
0.646698
  0
LINE
  8
0
 10
7.79547
 20
0.646698
 11
7.79611
 21
0.643372
  0
LINE
  8
0
 10
7.79611
 20
0.643372
 11
7.7966
 21
0.64003
  0
LINE
  8
0
 10
7.7966
 20
0.64003
 11
7.79695
 21
0.636673
  0
LINE
  8
0
 10
7.79695
 20
0.636673
 11
7.79716
 21
0.633301
  0
LINE
  8
0
 10
7.79716
 20
0.633301
 11
7.79724
 21
0.629913
  0
LINE
  8
0
 10
7.79724
 20
0.629913
 11
7.79716
 21
0.626541
  0
LINE
  8
0
 10
7.79716
 20
0.626541
 11
7.79695
 21
0.623154
  0
LINE
  8
0
 10
7.79695
 20
0.623154
 11
7.7966
 21
0.619797
  0
LINE
  8
0
 10
7.7966
 20
0.619797
 11
7.79611
 21
0.616455
  0
LINE
  8
0
 10
7.79611
 20
0.616455
 11
7.79547
 21
0.613129
  0
LINE
  8
0
 10
7.79547
 20
0.613129
 11
7.79471
 21
0.609848
  0
LINE
  8
0
 10
7.79471
 20
0.609848
 11
7.79379
 21
0.606583
  0
LINE
  8
0
 10
7.79379
 20
0.606583
 11
7.79276
 21
0.603378
  0
LINE
  8
0
 10
7.79276
 20
0.603378
 11
7.79158
 21
0.600204
  0
LINE
  8
0
 10
7.79158
 20
0.600204
 11
7.79027
 21
0.597092
  0
LINE
  8
0
 10
7.79027
 20
0.597092
 11
7.78882
 21
0.594025
  0
LINE
  8
0
 10
7.78882
 20
0.594025
 11
7.78726
 21
0.591034
  0
LINE
  8
0
 10
7.78726
 20
0.591034
 11
7.78557
 21
0.588104
  0
LINE
  8
0
 10
7.78557
 20
0.588104
 11
7.78375
 21
0.585251
  0
LINE
  8
0
 10
7.78375
 20
0.585251
 11
7.78183
 21
0.582474
  0
LINE
  8
0
 10
7.78183
 20
0.582474
 11
7.77979
 21
0.579788
  0
LINE
  8
0
 10
7.77979
 20
0.579788
 11
7.77763
 21
0.577179
  0
LINE
  8
0
 10
7.77763
 20
0.577179
 11
7.77536
 21
0.574661
  0
LINE
  8
0
 10
7.77536
 20
0.574661
 11
7.77299
 21
0.57225
  0
LINE
  8
0
 10
7.77299
 20
0.57225
 11
7.77054
 21
0.569931
  0
LINE
  8
0
 10
7.77054
 20
0.569931
 11
7.76797
 21
0.567734
  0
LINE
  8
0
 10
7.76797
 20
0.567734
 11
7.76534
 21
0.565628
  0
LINE
  8
0
 10
7.76534
 20
0.565628
 11
7.76259
 21
0.563644
  0
LINE
  8
0
 10
7.76259
 20
0.563644
 11
7.75978
 21
0.561768
  0
LINE
  8
0
 10
7.75978
 20
0.561768
 11
7.75688
 21
0.560013
  0
LINE
  8
0
 10
7.75688
 20
0.560013
 11
7.75392
 21
0.558395
  0
LINE
  8
0
 10
7.75392
 20
0.558395
 11
7.7509
 21
0.556885
  0
LINE
  8
0
 10
7.7509
 20
0.556885
 11
7.7478
 21
0.555511
  0
LINE
  8
0
 10
7.7478
 20
0.555511
 11
7.74466
 21
0.55426
  0
LINE
  8
0
 10
7.74466
 20
0.55426
 11
7.74147
 21
0.553162
  0
LINE
  8
0
 10
7.74147
 20
0.553162
 11
7.73824
 21
0.552185
  0
LINE
  8
0
 10
7.73824
 20
0.552185
 11
7.73495
 21
0.551331
  0
LINE
  8
0
 10
7.73495
 20
0.551331
 11
7.73166
 21
0.550629
  0
LINE
  8
0
 10
7.73166
 20
0.550629
 11
7.72832
 21
0.550064
  0
LINE
  8
0
 10
7.72832
 20
0.550064
 11
7.72498
 21
0.549652
  0
LINE
  8
0
 10
7.72498
 20
0.549652
 11
7.7216
 21
0.549362
  0
LINE
  8
0
 10
7.7216
 20
0.549362
 11
7.71822
 21
0.549225
  0
LINE
  8
0
 10
7.71822
 20
0.549225
 11
7.71484
 21
0.549225
  0
LINE
  8
0
 10
-6.45837
 20
0.549225
 11
-6.46176
 21
0.549362
  0
LINE
  8
0
 10
-6.46176
 20
0.549362
 11
-6.46512
 21
0.549652
  0
LINE
  8
0
 10
-6.46512
 20
0.549652
 11
-6.46848
 21
0.550064
  0
LINE
  8
0
 10
-6.46848
 20
0.550064
 11
-6.47182
 21
0.550629
  0
LINE
  8
0
 10
-6.47182
 20
0.550629
 11
-6.47511
 21
0.551331
  0
LINE
  8
0
 10
-6.47511
 20
0.551331
 11
-6.47839
 21
0.552185
  0
LINE
  8
0
 10
-6.47839
 20
0.552185
 11
-6.48163
 21
0.553162
  0
LINE
  8
0
 10
-6.48163
 20
0.553162
 11
-6.48482
 21
0.55426
  0
LINE
  8
0
 10
-6.48482
 20
0.55426
 11
-6.48796
 21
0.555511
  0
LINE
  8
0
 10
-6.48796
 20
0.555511
 11
-6.49106
 21
0.556885
  0
LINE
  8
0
 10
-6.49106
 20
0.556885
 11
-6.49408
 21
0.558395
  0
LINE
  8
0
 10
-6.49408
 20
0.558395
 11
-6.49704
 21
0.560013
  0
LINE
  8
0
 10
-6.49704
 20
0.560013
 11
-6.49994
 21
0.561768
  0
LINE
  8
0
 10
-6.49994
 20
0.561768
 11
-6.50275
 21
0.563644
  0
LINE
  8
0
 10
-6.50275
 20
0.563644
 11
-6.50549
 21
0.565628
  0
LINE
  8
0
 10
-6.50549
 20
0.565628
 11
-6.50813
 21
0.567734
  0
LINE
  8
0
 10
-6.50813
 20
0.567734
 11
-6.5107
 21
0.569931
  0
LINE
  8
0
 10
-6.5107
 20
0.569931
 11
-6.51315
 21
0.57225
  0
LINE
  8
0
 10
-6.51315
 20
0.57225
 11
-6.51552
 21
0.574661
  0
LINE
  8
0
 10
-6.51552
 20
0.574661
 11
-6.51779
 21
0.577179
  0
LINE
  8
0
 10
-6.51779
 20
0.577179
 11
-6.51994
 21
0.579788
  0
LINE
  8
0
 10
-6.51994
 20
0.579788
 11
-6.52199
 21
0.582474
  0
LINE
  8
0
 10
-6.52199
 20
0.582474
 11
-6.52391
 21
0.585251
  0
LINE
  8
0
 10
-6.52391
 20
0.585251
 11
-6.52573
 21
0.588104
  0
LINE
  8
0
 10
-6.52573
 20
0.588104
 11
-6.52742
 21
0.591034
  0
LINE
  8
0
 10
-6.52742
 20
0.591034
 11
-6.52898
 21
0.594025
  0
LINE
  8
0
 10
-6.52898
 20
0.594025
 11
-6.53043
 21
0.597092
  0
LINE
  8
0
 10
-6.53043
 20
0.597092
 11
-6.53172
 21
0.600204
  0
LINE
  8
0
 10
-6.53172
 20
0.600204
 11
-6.53291
 21
0.603378
  0
LINE
  8
0
 10
-6.53291
 20
0.603378
 11
-6.53395
 21
0.606583
  0
LINE
  8
0
 10
-6.53395
 20
0.606583
 11
-6.53487
 21
0.609848
  0
LINE
  8
0
 10
-6.53487
 20
0.609848
 11
-6.53563
 21
0.613129
  0
LINE
  8
0
 10
-6.53563
 20
0.613129
 11
-6.53627
 21
0.616455
  0
LINE
  8
0
 10
-6.53627
 20
0.616455
 11
-6.53676
 21
0.619797
  0
LINE
  8
0
 10
-6.53676
 20
0.619797
 11
-6.53711
 21
0.623154
  0
LINE
  8
0
 10
-6.53711
 20
0.623154
 11
-6.53732
 21
0.626541
  0
LINE
  8
0
 10
-6.53732
 20
0.626541
 11
-6.5374
 21
0.629913
  0
LINE
  8
0
 10
-6.5374
 20
0.629913
 11
-6.53732
 21
0.633301
  0
LINE
  8
0
 10
-6.53732
 20
0.633301
 11
-6.53711
 21
0.636673
  0
LINE
  8
0
 10
-6.53711
 20
0.636673
 11
-6.53676
 21
0.64003
  0
LINE
  8
0
 10
-6.53676
 20
0.64003
 11
-6.53627
 21
0.643372
  0
LINE
  8
0
 10
-6.53627
 20
0.643372
 11
-6.53563
 21
0.646698
  0
LINE
  8
0
 10
-6.53563
 20
0.646698
 11
-6.53487
 21
0.649979
  0
LINE
  8
0
 10
-6.53487
 20
0.649979
 11
-6.53395
 21
0.653244
  0
LINE
  8
0
 10
-6.53395
 20
0.653244
 11
-6.53291
 21
0.656464
  0
LINE
  8
0
 10
-6.53291
 20
0.656464
 11
-6.53172
 21
0.659622
  0
LINE
  8
0
 10
-6.53172
 20
0.659622
 11
-6.53043
 21
0.662735
  0
LINE
  8
0
 10
-6.53043
 20
0.662735
 11
-6.52898
 21
0.665802
  0
LINE
  8
0
 10
-6.52898
 20
0.665802
 11
-6.52742
 21
0.668793
  0
LINE
  8
0
 10
-6.52742
 20
0.668793
 11
-6.52573
 21
0.671722
  0
LINE
  8
0
 10
-6.52573
 20
0.671722
 11
-6.52391
 21
0.674576
  0
LINE
  8
0
 10
-6.52391
 20
0.674576
 11
-6.52199
 21
0.677353
  0
LINE
  8
0
 10
-6.52199
 20
0.677353
 11
-6.51994
 21
0.680038
  0
LINE
  8
0
 10
-6.51994
 20
0.680038
 11
-6.51779
 21
0.682648
  0
LINE
  8
0
 10
-6.51779
 20
0.682648
 11
-6.51552
 21
0.685165
  0
LINE
  8
0
 10
-6.51552
 20
0.685165
 11
-6.51315
 21
0.687576
  0
LINE
  8
0
 10
-6.51315
 20
0.687576
 11
-6.5107
 21
0.689896
  0
LINE
  8
0
 10
-6.5107
 20
0.689896
 11
-6.50813
 21
0.692108
  0
LINE
  8
0
 10
-6.50813
 20
0.692108
 11
-6.50549
 21
0.694199
  0
LINE
  8
0
 10
-6.50549
 20
0.694199
 11
-6.50275
 21
0.696182
  0
LINE
  8
0
 10
-6.50275
 20
0.696182
 11
-6.49994
 21
0.698059
  0
LINE
  8
0
 10
-6.49994
 20
0.698059
 11
-6.49704
 21
0.699814
  0
LINE
  8
0
 10
-6.49704
 20
0.699814
 11
-6.49408
 21
0.701431
  0
LINE
  8
0
 10
-6.49408
 20
0.701431
 11
-6.49106
 21
0.702942
  0
LINE
  8
0
 10
-6.49106
 20
0.702942
 11
-6.48796
 21
0.704315
  0
LINE
  8
0
 10
-6.48796
 20
0.704315
 11
-6.48482
 21
0.705566
  0
LINE
  8
0
 10
-6.48482
 20
0.705566
 11
-6.48163
 21
0.706665
  0
LINE
  8
0
 10
-6.48163
 20
0.706665
 11
-6.47839
 21
0.707657
  0
LINE
  8
0
 10
-6.47839
 20
0.707657
 11
-6.47511
 21
0.708496
  0
LINE
  8
0
 10
-6.47511
 20
0.708496
 11
-6.47182
 21
0.709198
  0
LINE
  8
0
 10
-6.47182
 20
0.709198
 11
-6.46848
 21
0.709763
  0
LINE
  8
0
 10
-6.46848
 20
0.709763
 11
-6.46512
 21
0.710175
  0
LINE
  8
0
 10
-6.46512
 20
0.710175
 11
-6.46176
 21
0.710464
  0
LINE
  8
0
 10
-6.46176
 20
0.710464
 11
-6.45837
 21
0.710602
  0
LINE
  8
0
 10
-6.45837
 20
0.710602
 11
-6.455
 21
0.710602
  0
LINE
  8
0
 10
-6.455
 20
0.710602
 11
-6.45161
 21
0.710464
  0
LINE
  8
0
 10
-6.45161
 20
0.710464
 11
-6.44826
 21
0.710175
  0
LINE
  8
0
 10
-6.44826
 20
0.710175
 11
-6.4449
 21
0.709763
  0
LINE
  8
0
 10
-6.4449
 20
0.709763
 11
-6.44156
 21
0.709198
  0
LINE
  8
0
 10
-6.44156
 20
0.709198
 11
-6.43826
 21
0.708496
  0
LINE
  8
0
 10
-6.43826
 20
0.708496
 11
-6.43498
 21
0.707657
  0
LINE
  8
0
 10
-6.43498
 20
0.707657
 11
-6.43175
 21
0.706665
  0
LINE
  8
0
 10
-6.43175
 20
0.706665
 11
-6.42856
 21
0.705566
  0
LINE
  8
0
 10
-6.42856
 20
0.705566
 11
-6.42542
 21
0.704315
  0
LINE
  8
0
 10
-6.42542
 20
0.704315
 11
-6.42232
 21
0.702942
  0
LINE
  8
0
 10
-6.42232
 20
0.702942
 11
-6.4193
 21
0.701431
  0
LINE
  8
0
 10
-6.4193
 20
0.701431
 11
-6.41634
 21
0.699814
  0
LINE
  8
0
 10
-6.41634
 20
0.699814
 11
-6.41344
 21
0.698059
  0
LINE
  8
0
 10
-6.41344
 20
0.698059
 11
-6.41063
 21
0.696182
  0
LINE
  8
0
 10
-6.41063
 20
0.696182
 11
-6.4079
 21
0.694199
  0
LINE
  8
0
 10
-6.4079
 20
0.694199
 11
-6.40524
 21
0.692108
  0
LINE
  8
0
 10
-6.40524
 20
0.692108
 11
-6.40268
 21
0.689896
  0
LINE
  8
0
 10
-6.40268
 20
0.689896
 11
-6.40022
 21
0.687576
  0
LINE
  8
0
 10
-6.40022
 20
0.687576
 11
-6.39786
 21
0.685165
  0
LINE
  8
0
 10
-6.39786
 20
0.685165
 11
-6.3956
 21
0.682648
  0
LINE
  8
0
 10
-6.3956
 20
0.682648
 11
-6.39343
 21
0.680038
  0
LINE
  8
0
 10
-6.39343
 20
0.680038
 11
-6.39139
 21
0.677353
  0
LINE
  8
0
 10
-6.39139
 20
0.677353
 11
-6.38947
 21
0.674576
  0
LINE
  8
0
 10
-6.38947
 20
0.674576
 11
-6.38765
 21
0.671722
  0
LINE
  8
0
 10
-6.38765
 20
0.671722
 11
-6.38597
 21
0.668793
  0
LINE
  8
0
 10
-6.38597
 20
0.668793
 11
-6.3844
 21
0.665802
  0
LINE
  8
0
 10
-6.3844
 20
0.665802
 11
-6.38297
 21
0.662735
  0
LINE
  8
0
 10
-6.38297
 20
0.662735
 11
-6.38165
 21
0.659622
  0
LINE
  8
0
 10
-6.38165
 20
0.659622
 11
-6.38046
 21
0.656464
  0
LINE
  8
0
 10
-6.38046
 20
0.656464
 11
-6.37943
 21
0.653244
  0
LINE
  8
0
 10
-6.37943
 20
0.653244
 11
-6.37851
 21
0.649979
  0
LINE
  8
0
 10
-6.37851
 20
0.649979
 11
-6.37775
 21
0.646698
  0
LINE
  8
0
 10
-6.37775
 20
0.646698
 11
-6.37711
 21
0.643372
  0
LINE
  8
0
 10
-6.37711
 20
0.643372
 11
-6.37662
 21
0.64003
  0
LINE
  8
0
 10
-6.37662
 20
0.64003
 11
-6.37627
 21
0.636673
  0
LINE
  8
0
 10
-6.37627
 20
0.636673
 11
-6.37605
 21
0.633301
  0
LINE
  8
0
 10
-6.37605
 20
0.633301
 11
-6.37598
 21
0.629913
  0
LINE
  8
0
 10
-6.37598
 20
0.629913
 11
-6.37605
 21
0.626541
  0
LINE
  8
0
 10
-6.37605
 20
0.626541
 11
-6.37627
 21
0.623154
  0
LINE
  8
0
 10
-6.37627
 20
0.623154
 11
-6.37662
 21
0.619797
  0
LINE
  8
0
 10
-6.37662
 20
0.619797
 11
-6.37711
 21
0.616455
  0
LINE
  8
0
 10
-6.37711
 20
0.616455
 11
-6.37775
 21
0.613129
  0
LINE
  8
0
 10
-6.37775
 20
0.613129
 11
-6.37851
 21
0.609848
  0
LINE
  8
0
 10
-6.37851
 20
0.609848
 11
-6.37943
 21
0.606583
  0
LINE
  8
0
 10
-6.37943
 20
0.606583
 11
-6.38046
 21
0.603378
  0
LINE
  8
0
 10
-6.38046
 20
0.603378
 11
-6.38165
 21
0.600204
  0
LINE
  8
0
 10
-6.38165
 20
0.600204
 11
-6.38297
 21
0.597092
  0
LINE
  8
0
 10
-6.38297
 20
0.597092
 11
-6.3844
 21
0.594025
  0
LINE
  8
0
 10
-6.3844
 20
0.594025
 11
-6.38597
 21
0.591034
  0
LINE
  8
0
 10
-6.38597
 20
0.591034
 11
-6.38765
 21
0.588104
  0
LINE
  8
0
 10
-6.38765
 20
0.588104
 11
-6.38947
 21
0.585251
  0
LINE
  8
0
 10
-6.38947
 20
0.585251
 11
-6.39139
 21
0.582474
  0
LINE
  8
0
 10
-6.39139
 20
0.582474
 11
-6.39343
 21
0.579788
  0
LINE
  8
0
 10
-6.39343
 20
0.579788
 11
-6.3956
 21
0.577179
  0
LINE
  8
0
 10
-6.3956
 20
0.577179
 11
-6.39786
 21
0.574661
  0
LINE
  8
0
 10
-6.39786
 20
0.574661
 11
-6.40022
 21
0.57225
  0
LINE
  8
0
 10
-6.40022
 20
0.57225
 11
-6.40268
 21
0.569931
  0
LINE
  8
0
 10
-6.40268
 20
0.569931
 11
-6.40524
 21
0.567734
  0
LINE
  8
0
 10
-6.40524
 20
0.567734
 11
-6.4079
 21
0.565628
  0
LINE
  8
0
 10
-6.4079
 20
0.565628
 11
-6.41063
 21
0.563644
  0
LINE
  8
0
 10
-6.41063
 20
0.563644
 11
-6.41344
 21
0.561768
  0
LINE
  8
0
 10
-6.41344
 20
0.561768
 11
-6.41634
 21
0.560013
  0
LINE
  8
0
 10
-6.41634
 20
0.560013
 11
-6.4193
 21
0.558395
  0
LINE
  8
0
 10
-6.4193
 20
0.558395
 11
-6.42232
 21
0.556885
  0
LINE
  8
0
 10
-6.42232
 20
0.556885
 11
-6.42542
 21
0.555511
  0
LINE
  8
0
 10
-6.42542
 20
0.555511
 11
-6.42856
 21
0.55426
  0
LINE
  8
0
 10
-6.42856
 20
0.55426
 11
-6.43175
 21
0.553162
  0
LINE
  8
0
 10
-6.43175
 20
0.553162
 11
-6.43498
 21
0.552185
  0
LINE
  8
0
 10
-6.43498
 20
0.552185
 11
-6.43826
 21
0.551331
  0
LINE
  8
0
 10
-6.43826
 20
0.551331
 11
-6.44156
 21
0.550629
  0
LINE
  8
0
 10
-6.44156
 20
0.550629
 11
-6.4449
 21
0.550064
  0
LINE
  8
0
 10
-6.4449
 20
0.550064
 11
-6.44826
 21
0.549652
  0
LINE
  8
0
 10
-6.44826
 20
0.549652
 11
-6.45161
 21
0.549362
  0
LINE
  8
0
 10
-6.45161
 20
0.549362
 11
-6.455
 21
0.549225
  0
LINE
  8
0
 10
-6.455
 20
0.549225
 11
-6.45837
 21
0.549225
  0
LINE
  8
0
 10
-7.71822
 20
0.549225
 11
-7.7216
 21
0.549362
  0
LINE
  8
0
 10
-7.7216
 20
0.549362
 11
-7.72498
 21
0.549652
  0
LINE
  8
0
 10
-7.72498
 20
0.549652
 11
-7.72832
 21
0.550064
  0
LINE
  8
0
 10
-7.72832
 20
0.550064
 11
-7.73166
 21
0.550629
  0
LINE
  8
0
 10
-7.73166
 20
0.550629
 11
-7.73495
 21
0.551331
  0
LINE
  8
0
 10
-7.73495
 20
0.551331
 11
-7.73824
 21
0.552185
  0
LINE
  8
0
 10
-7.73824
 20
0.552185
 11
-7.74147
 21
0.553162
  0
LINE
  8
0
 10
-7.74147
 20
0.553162
 11
-7.74466
 21
0.55426
  0
LINE
  8
0
 10
-7.74466
 20
0.55426
 11
-7.7478
 21
0.555511
  0
LINE
  8
0
 10
-7.7478
 20
0.555511
 11
-7.7509
 21
0.556885
  0
LINE
  8
0
 10
-7.7509
 20
0.556885
 11
-7.75392
 21
0.558395
  0
LINE
  8
0
 10
-7.75392
 20
0.558395
 11
-7.75688
 21
0.560013
  0
LINE
  8
0
 10
-7.75688
 20
0.560013
 11
-7.75978
 21
0.561768
  0
LINE
  8
0
 10
-7.75978
 20
0.561768
 11
-7.76259
 21
0.563644
  0
LINE
  8
0
 10
-7.76259
 20
0.563644
 11
-7.76534
 21
0.565628
  0
LINE
  8
0
 10
-7.76534
 20
0.565628
 11
-7.76797
 21
0.567734
  0
LINE
  8
0
 10
-7.76797
 20
0.567734
 11
-7.77054
 21
0.569931
  0
LINE
  8
0
 10
-7.77054
 20
0.569931
 11
-7.77299
 21
0.57225
  0
LINE
  8
0
 10
-7.77299
 20
0.57225
 11
-7.77536
 21
0.574661
  0
LINE
  8
0
 10
-7.77536
 20
0.574661
 11
-7.77763
 21
0.577179
  0
LINE
  8
0
 10
-7.77763
 20
0.577179
 11
-7.77979
 21
0.579788
  0
LINE
  8
0
 10
-7.77979
 20
0.579788
 11
-7.78183
 21
0.582474
  0
LINE
  8
0
 10
-7.78183
 20
0.582474
 11
-7.78375
 21
0.585251
  0
LINE
  8
0
 10
-7.78375
 20
0.585251
 11
-7.78557
 21
0.588104
  0
LINE
  8
0
 10
-7.78557
 20
0.588104
 11
-7.78726
 21
0.591034
  0
LINE
  8
0
 10
-7.78726
 20
0.591034
 11
-7.78882
 21
0.594025
  0
LINE
  8
0
 10
-7.78882
 20
0.594025
 11
-7.79027
 21
0.597092
  0
LINE
  8
0
 10
-7.79027
 20
0.597092
 11
-7.79158
 21
0.600204
  0
LINE
  8
0
 10
-7.79158
 20
0.600204
 11
-7.79276
 21
0.603378
  0
LINE
  8
0
 10
-7.79276
 20
0.603378
 11
-7.79379
 21
0.606583
  0
LINE
  8
0
 10
-7.79379
 20
0.606583
 11
-7.79471
 21
0.609848
  0
LINE
  8
0
 10
-7.79471
 20
0.609848
 11
-7.79547
 21
0.613129
  0
LINE
  8
0
 10
-7.79547
 20
0.613129
 11
-7.79611
 21
0.616455
  0
LINE
  8
0
 10
-7.79611
 20
0.616455
 11
-7.7966
 21
0.619797
  0
LINE
  8
0
 10
-7.7966
 20
0.619797
 11
-7.79695
 21
0.623154
  0
LINE
  8
0
 10
-7.79695
 20
0.623154
 11
-7.79716
 21
0.626541
  0
LINE
  8
0
 10
-7.79716
 20
0.626541
 11
-7.79724
 21
0.629913
  0
LINE
  8
0
 10
-7.79724
 20
0.629913
 11
-7.79716
 21
0.633301
  0
LINE
  8
0
 10
-7.79716
 20
0.633301
 11
-7.79695
 21
0.636673
  0
LINE
  8
0
 10
-7.79695
 20
0.636673
 11
-7.7966
 21
0.64003
  0
LINE
  8
0
 10
-7.7966
 20
0.64003
 11
-7.79611
 21
0.643372
  0
LINE
  8
0
 10
-7.79611
 20
0.643372
 11
-7.79547
 21
0.646698
  0
LINE
  8
0
 10
-7.79547
 20
0.646698
 11
-7.79471
 21
0.649979
  0
LINE
  8
0
 10
-7.79471
 20
0.649979
 11
-7.79379
 21
0.653244
  0
LINE
  8
0
 10
-7.79379
 20
0.653244
 11
-7.79276
 21
0.656464
  0
LINE
  8
0
 10
-7.79276
 20
0.656464
 11
-7.79158
 21
0.659622
  0
LINE
  8
0
 10
-7.79158
 20
0.659622
 11
-7.79027
 21
0.662735
  0
LINE
  8
0
 10
-7.79027
 20
0.662735
 11
-7.78882
 21
0.665802
  0
LINE
  8
0
 10
-7.78882
 20
0.665802
 11
-7.78726
 21
0.668793
  0
LINE
  8
0
 10
-7.78726
 20
0.668793
 11
-7.78557
 21
0.671722
  0
LINE
  8
0
 10
-7.78557
 20
0.671722
 11
-7.78375
 21
0.674576
  0
LINE
  8
0
 10
-7.78375
 20
0.674576
 11
-7.78183
 21
0.677353
  0
LINE
  8
0
 10
-7.78183
 20
0.677353
 11
-7.77979
 21
0.680038
  0
LINE
  8
0
 10
-7.77979
 20
0.680038
 11
-7.77763
 21
0.682648
  0
LINE
  8
0
 10
-7.77763
 20
0.682648
 11
-7.77536
 21
0.685165
  0
LINE
  8
0
 10
-7.77536
 20
0.685165
 11
-7.77299
 21
0.687576
  0
LINE
  8
0
 10
-7.77299
 20
0.687576
 11
-7.77054
 21
0.689896
  0
LINE
  8
0
 10
-7.77054
 20
0.689896
 11
-7.76797
 21
0.692108
  0
LINE
  8
0
 10
-7.76797
 20
0.692108
 11
-7.76534
 21
0.694199
  0
LINE
  8
0
 10
-7.76534
 20
0.694199
 11
-7.76259
 21
0.696182
  0
LINE
  8
0
 10
-7.76259
 20
0.696182
 11
-7.75978
 21
0.698059
  0
LINE
  8
0
 10
-7.75978
 20
0.698059
 11
-7.75688
 21
0.699814
  0
LINE
  8
0
 10
-7.75688
 20
0.699814
 11
-7.75392
 21
0.701431
  0
LINE
  8
0
 10
-7.75392
 20
0.701431
 11
-7.7509
 21
0.702942
  0
LINE
  8
0
 10
-7.7509
 20
0.702942
 11
-7.7478
 21
0.704315
  0
LINE
  8
0
 10
-7.7478
 20
0.704315
 11
-7.74466
 21
0.705566
  0
LINE
  8
0
 10
-7.74466
 20
0.705566
 11
-7.74147
 21
0.706665
  0
LINE
  8
0
 10
-7.74147
 20
0.706665
 11
-7.73824
 21
0.707657
  0
LINE
  8
0
 10
-7.73824
 20
0.707657
 11
-7.73495
 21
0.708496
  0
LINE
  8
0
 10
-7.73495
 20
0.708496
 11
-7.73166
 21
0.709198
  0
LINE
  8
0
 10
-7.73166
 20
0.709198
 11
-7.72832
 21
0.709763
  0
LINE
  8
0
 10
-7.72832
 20
0.709763
 11
-7.72498
 21
0.710175
  0
LINE
  8
0
 10
-7.72498
 20
0.710175
 11
-7.7216
 21
0.710464
  0
LINE
  8
0
 10
-7.7216
 20
0.710464
 11
-7.71822
 21
0.710602
  0
LINE
  8
0
 10
-7.71822
 20
0.710602
 11
-7.71484
 21
0.710602
  0
LINE
  8
0
 10
-7.71484
 20
0.710602
 11
-7.71147
 21
0.710464
  0
LINE
  8
0
 10
-7.71147
 20
0.710464
 11
-7.7081
 21
0.710175
  0
LINE
  8
0
 10
-7.7081
 20
0.710175
 11
-7.70474
 21
0.709763
  0
LINE
  8
0
 10
-7.70474
 20
0.709763
 11
-7.70142
 21
0.709198
  0
LINE
  8
0
 10
-7.70142
 20
0.709198
 11
-7.6981
 21
0.708496
  0
LINE
  8
0
 10
-7.6981
 20
0.708496
 11
-7.69482
 21
0.707657
  0
LINE
  8
0
 10
-7.69482
 20
0.707657
 11
-7.69159
 21
0.706665
  0
LINE
  8
0
 10
-7.69159
 20
0.706665
 11
-7.6884
 21
0.705566
  0
LINE
  8
0
 10
-7.6884
 20
0.705566
 11
-7.68526
 21
0.704315
  0
LINE
  8
0
 10
-7.68526
 20
0.704315
 11
-7.68217
 21
0.702942
  0
LINE
  8
0
 10
-7.68217
 20
0.702942
 11
-7.67914
 21
0.701431
  0
LINE
  8
0
 10
-7.67914
 20
0.701431
 11
-7.67618
 21
0.699814
  0
LINE
  8
0
 10
-7.67618
 20
0.699814
 11
-7.67328
 21
0.698059
  0
LINE
  8
0
 10
-7.67328
 20
0.698059
 11
-7.67047
 21
0.696182
  0
LINE
  8
0
 10
-7.67047
 20
0.696182
 11
-7.66774
 21
0.694199
  0
LINE
  8
0
 10
-7.66774
 20
0.694199
 11
-7.66508
 21
0.692108
  0
LINE
  8
0
 10
-7.66508
 20
0.692108
 11
-7.66252
 21
0.689896
  0
LINE
  8
0
 10
-7.66252
 20
0.689896
 11
-7.66006
 21
0.687576
  0
LINE
  8
0
 10
-7.66006
 20
0.687576
 11
-7.6577
 21
0.685165
  0
LINE
  8
0
 10
-7.6577
 20
0.685165
 11
-7.65544
 21
0.682648
  0
LINE
  8
0
 10
-7.65544
 20
0.682648
 11
-7.65327
 21
0.680038
  0
LINE
  8
0
 10
-7.65327
 20
0.680038
 11
-7.65123
 21
0.677353
  0
LINE
  8
0
 10
-7.65123
 20
0.677353
 11
-7.64931
 21
0.674576
  0
LINE
  8
0
 10
-7.64931
 20
0.674576
 11
-7.64749
 21
0.671722
  0
LINE
  8
0
 10
-7.64749
 20
0.671722
 11
-7.64581
 21
0.668793
  0
LINE
  8
0
 10
-7.64581
 20
0.668793
 11
-7.64424
 21
0.665802
  0
LINE
  8
0
 10
-7.64424
 20
0.665802
 11
-7.64281
 21
0.662735
  0
LINE
  8
0
 10
-7.64281
 20
0.662735
 11
-7.64149
 21
0.659622
  0
LINE
  8
0
 10
-7.64149
 20
0.659622
 11
-7.64032
 21
0.656464
  0
LINE
  8
0
 10
-7.64032
 20
0.656464
 11
-7.63927
 21
0.653244
  0
LINE
  8
0
 10
-7.63927
 20
0.653244
 11
-7.63835
 21
0.649979
  0
LINE
  8
0
 10
-7.63835
 20
0.649979
 11
-7.63759
 21
0.646698
  0
LINE
  8
0
 10
-7.63759
 20
0.646698
 11
-7.63695
 21
0.643372
  0
LINE
  8
0
 10
-7.63695
 20
0.643372
 11
-7.63646
 21
0.64003
  0
LINE
  8
0
 10
-7.63646
 20
0.64003
 11
-7.63611
 21
0.636673
  0
LINE
  8
0
 10
-7.63611
 20
0.636673
 11
-7.63589
 21
0.633301
  0
LINE
  8
0
 10
-7.63589
 20
0.633301
 11
-7.63582
 21
0.629913
  0
LINE
  8
0
 10
-7.63582
 20
0.629913
 11
-7.63589
 21
0.626541
  0
LINE
  8
0
 10
-7.63589
 20
0.626541
 11
-7.63611
 21
0.623154
  0
LINE
  8
0
 10
-7.63611
 20
0.623154
 11
-7.63646
 21
0.619797
  0
LINE
  8
0
 10
-7.63646
 20
0.619797
 11
-7.63695
 21
0.616455
  0
LINE
  8
0
 10
-7.63695
 20
0.616455
 11
-7.63759
 21
0.613129
  0
LINE
  8
0
 10
-7.63759
 20
0.613129
 11
-7.63835
 21
0.609848
  0
LINE
  8
0
 10
-7.63835
 20
0.609848
 11
-7.63927
 21
0.606583
  0
LINE
  8
0
 10
-7.63927
 20
0.606583
 11
-7.64032
 21
0.603378
  0
LINE
  8
0
 10
-7.64032
 20
0.603378
 11
-7.64149
 21
0.600204
  0
LINE
  8
0
 10
-7.64149
 20
0.600204
 11
-7.64281
 21
0.597092
  0
LINE
  8
0
 10
-7.64281
 20
0.597092
 11
-7.64424
 21
0.594025
  0
LINE
  8
0
 10
-7.64424
 20
0.594025
 11
-7.64581
 21
0.591034
  0
LINE
  8
0
 10
-7.64581
 20
0.591034
 11
-7.64749
 21
0.588104
  0
LINE
  8
0
 10
-7.64749
 20
0.588104
 11
-7.64931
 21
0.585251
  0
LINE
  8
0
 10
-7.64931
 20
0.585251
 11
-7.65123
 21
0.582474
  0
LINE
  8
0
 10
-7.65123
 20
0.582474
 11
-7.65327
 21
0.579788
  0
LINE
  8
0
 10
-7.65327
 20
0.579788
 11
-7.65544
 21
0.577179
  0
LINE
  8
0
 10
-7.65544
 20
0.577179
 11
-7.6577
 21
0.574661
  0
LINE
  8
0
 10
-7.6577
 20
0.574661
 11
-7.66006
 21
0.57225
  0
LINE
  8
0
 10
-7.66006
 20
0.57225
 11
-7.66252
 21
0.569931
  0
LINE
  8
0
 10
-7.66252
 20
0.569931
 11
-7.66508
 21
0.567734
  0
LINE
  8
0
 10
-7.66508
 20
0.567734
 11
-7.66774
 21
0.565628
  0
LINE
  8
0
 10
-7.66774
 20
0.565628
 11
-7.67047
 21
0.563644
  0
LINE
  8
0
 10
-7.67047
 20
0.563644
 11
-7.67328
 21
0.561768
  0
LINE
  8
0
 10
-7.67328
 20
0.561768
 11
-7.67618
 21
0.560013
  0
LINE
  8
0
 10
-7.67618
 20
0.560013
 11
-7.67914
 21
0.558395
  0
LINE
  8
0
 10
-7.67914
 20
0.558395
 11
-7.68217
 21
0.556885
  0
LINE
  8
0
 10
-7.68217
 20
0.556885
 11
-7.68526
 21
0.555511
  0
LINE
  8
0
 10
-7.68526
 20
0.555511
 11
-7.6884
 21
0.55426
  0
LINE
  8
0
 10
-7.6884
 20
0.55426
 11
-7.69159
 21
0.553162
  0
LINE
  8
0
 10
-7.69159
 20
0.553162
 11
-7.69482
 21
0.552185
  0
LINE
  8
0
 10
-7.69482
 20
0.552185
 11
-7.6981
 21
0.551331
  0
LINE
  8
0
 10
-7.6981
 20
0.551331
 11
-7.70142
 21
0.550629
  0
LINE
  8
0
 10
-7.70142
 20
0.550629
 11
-7.70474
 21
0.550064
  0
LINE
  8
0
 10
-7.70474
 20
0.550064
 11
-7.7081
 21
0.549652
  0
LINE
  8
0
 10
-7.7081
 20
0.549652
 11
-7.71147
 21
0.549362
  0
LINE
  8
0
 10
-7.71147
 20
0.549362
 11
-7.71484
 21
0.549225
  0
LINE
  8
0
 10
-7.71484
 20
0.549225
 11
-7.71822
 21
0.549225
  0
LINE
  8
0
 10
6.455
 20
0.549225
 11
6.45161
 21
0.549362
  0
LINE
  8
0
 10
6.45161
 20
0.549362
 11
6.44826
 21
0.549652
  0
LINE
  8
0
 10
6.44826
 20
0.549652
 11
6.4449
 21
0.550064
  0
LINE
  8
0
 10
6.4449
 20
0.550064
 11
6.44156
 21
0.550629
  0
LINE
  8
0
 10
6.44156
 20
0.550629
 11
6.43826
 21
0.551331
  0
LINE
  8
0
 10
6.43826
 20
0.551331
 11
6.43498
 21
0.552185
  0
LINE
  8
0
 10
6.43498
 20
0.552185
 11
6.43175
 21
0.553162
  0
LINE
  8
0
 10
6.43175
 20
0.553162
 11
6.42856
 21
0.55426
  0
LINE
  8
0
 10
6.42856
 20
0.55426
 11
6.42542
 21
0.555511
  0
LINE
  8
0
 10
6.42542
 20
0.555511
 11
6.42232
 21
0.556885
  0
LINE
  8
0
 10
6.42232
 20
0.556885
 11
6.4193
 21
0.558395
  0
LINE
  8
0
 10
6.4193
 20
0.558395
 11
6.41634
 21
0.560013
  0
LINE
  8
0
 10
6.41634
 20
0.560013
 11
6.41344
 21
0.561768
  0
LINE
  8
0
 10
6.41344
 20
0.561768
 11
6.41063
 21
0.563644
  0
LINE
  8
0
 10
6.41063
 20
0.563644
 11
6.4079
 21
0.565628
  0
LINE
  8
0
 10
6.4079
 20
0.565628
 11
6.40524
 21
0.567734
  0
LINE
  8
0
 10
6.40524
 20
0.567734
 11
6.40268
 21
0.569931
  0
LINE
  8
0
 10
6.40268
 20
0.569931
 11
6.40022
 21
0.57225
  0
LINE
  8
0
 10
6.40022
 20
0.57225
 11
6.39786
 21
0.574661
  0
LINE
  8
0
 10
6.39786
 20
0.574661
 11
6.3956
 21
0.577179
  0
LINE
  8
0
 10
6.3956
 20
0.577179
 11
6.39343
 21
0.579788
  0
LINE
  8
0
 10
6.39343
 20
0.579788
 11
6.39139
 21
0.582474
  0
LINE
  8
0
 10
6.39139
 20
0.582474
 11
6.38947
 21
0.585251
  0
LINE
  8
0
 10
6.38947
 20
0.585251
 11
6.38765
 21
0.588104
  0
LINE
  8
0
 10
6.38765
 20
0.588104
 11
6.38597
 21
0.591034
  0
LINE
  8
0
 10
6.38597
 20
0.591034
 11
6.3844
 21
0.594025
  0
LINE
  8
0
 10
6.3844
 20
0.594025
 11
6.38297
 21
0.597092
  0
LINE
  8
0
 10
6.38297
 20
0.597092
 11
6.38165
 21
0.600204
  0
LINE
  8
0
 10
6.38165
 20
0.600204
 11
6.38046
 21
0.603378
  0
LINE
  8
0
 10
6.38046
 20
0.603378
 11
6.37943
 21
0.606583
  0
LINE
  8
0
 10
6.37943
 20
0.606583
 11
6.37851
 21
0.609848
  0
LINE
  8
0
 10
6.37851
 20
0.609848
 11
6.37775
 21
0.613129
  0
LINE
  8
0
 10
6.37775
 20
0.613129
 11
6.37711
 21
0.616455
  0
LINE
  8
0
 10
6.37711
 20
0.616455
 11
6.37662
 21
0.619797
  0
LINE
  8
0
 10
6.37662
 20
0.619797
 11
6.37627
 21
0.623154
  0
LINE
  8
0
 10
6.37627
 20
0.623154
 11
6.37605
 21
0.626541
  0
LINE
  8
0
 10
6.37605
 20
0.626541
 11
6.37598
 21
0.629913
  0
LINE
  8
0
 10
6.37598
 20
0.629913
 11
6.37605
 21
0.633301
  0
LINE
  8
0
 10
6.37605
 20
0.633301
 11
6.37627
 21
0.636673
  0
LINE
  8
0
 10
6.37627
 20
0.636673
 11
6.37662
 21
0.64003
  0
LINE
  8
0
 10
6.37662
 20
0.64003
 11
6.37711
 21
0.643372
  0
LINE
  8
0
 10
6.37711
 20
0.643372
 11
6.37775
 21
0.646698
  0
LINE
  8
0
 10
6.37775
 20
0.646698
 11
6.37851
 21
0.649979
  0
LINE
  8
0
 10
6.37851
 20
0.649979
 11
6.37943
 21
0.653244
  0
LINE
  8
0
 10
6.37943
 20
0.653244
 11
6.38046
 21
0.656464
  0
LINE
  8
0
 10
6.38046
 20
0.656464
 11
6.38165
 21
0.659622
  0
LINE
  8
0
 10
6.38165
 20
0.659622
 11
6.38297
 21
0.662735
  0
LINE
  8
0
 10
6.38297
 20
0.662735
 11
6.3844
 21
0.665802
  0
LINE
  8
0
 10
6.3844
 20
0.665802
 11
6.38597
 21
0.668793
  0
LINE
  8
0
 10
6.38597
 20
0.668793
 11
6.38765
 21
0.671722
  0
LINE
  8
0
 10
6.38765
 20
0.671722
 11
6.38947
 21
0.674576
  0
LINE
  8
0
 10
6.38947
 20
0.674576
 11
6.39139
 21
0.677353
  0
LINE
  8
0
 10
6.39139
 20
0.677353
 11
6.39343
 21
0.680038
  0
LINE
  8
0
 10
6.39343
 20
0.680038
 11
6.3956
 21
0.682648
  0
LINE
  8
0
 10
6.3956
 20
0.682648
 11
6.39786
 21
0.685165
  0
LINE
  8
0
 10
6.39786
 20
0.685165
 11
6.40022
 21
0.687576
  0
LINE
  8
0
 10
6.40022
 20
0.687576
 11
6.40268
 21
0.689896
  0
LINE
  8
0
 10
6.40268
 20
0.689896
 11
6.40524
 21
0.692108
  0
LINE
  8
0
 10
6.40524
 20
0.692108
 11
6.4079
 21
0.694199
  0
LINE
  8
0
 10
6.4079
 20
0.694199
 11
6.41063
 21
0.696182
  0
LINE
  8
0
 10
6.41063
 20
0.696182
 11
6.41344
 21
0.698059
  0
LINE
  8
0
 10
6.41344
 20
0.698059
 11
6.41634
 21
0.699814
  0
LINE
  8
0
 10
6.41634
 20
0.699814
 11
6.4193
 21
0.701431
  0
LINE
  8
0
 10
6.4193
 20
0.701431
 11
6.42232
 21
0.702942
  0
LINE
  8
0
 10
6.42232
 20
0.702942
 11
6.42542
 21
0.704315
  0
LINE
  8
0
 10
6.42542
 20
0.704315
 11
6.42856
 21
0.705566
  0
LINE
  8
0
 10
6.42856
 20
0.705566
 11
6.43175
 21
0.706665
  0
LINE
  8
0
 10
6.43175
 20
0.706665
 11
6.43498
 21
0.707657
  0
LINE
  8
0
 10
6.43498
 20
0.707657
 11
6.43826
 21
0.708496
  0
LINE
  8
0
 10
6.43826
 20
0.708496
 11
6.44156
 21
0.709198
  0
LINE
  8
0
 10
6.44156
 20
0.709198
 11
6.4449
 21
0.709763
  0
LINE
  8
0
 10
6.4449
 20
0.709763
 11
6.44826
 21
0.710175
  0
LINE
  8
0
 10
6.44826
 20
0.710175
 11
6.45161
 21
0.710464
  0
LINE
  8
0
 10
6.45161
 20
0.710464
 11
6.455
 21
0.710602
  0
LINE
  8
0
 10
6.455
 20
0.710602
 11
6.45837
 21
0.710602
  0
LINE
  8
0
 10
6.45837
 20
0.710602
 11
6.46176
 21
0.710464
  0
LINE
  8
0
 10
6.46176
 20
0.710464
 11
6.46512
 21
0.710175
  0
LINE
  8
0
 10
6.46512
 20
0.710175
 11
6.46848
 21
0.709763
  0
LINE
  8
0
 10
6.46848
 20
0.709763
 11
6.47182
 21
0.709198
  0
LINE
  8
0
 10
6.47182
 20
0.709198
 11
6.47511
 21
0.708496
  0
LINE
  8
0
 10
6.47511
 20
0.708496
 11
6.47839
 21
0.707657
  0
LINE
  8
0
 10
6.47839
 20
0.707657
 11
6.48163
 21
0.706665
  0
LINE
  8
0
 10
6.48163
 20
0.706665
 11
6.48482
 21
0.705566
  0
LINE
  8
0
 10
6.48482
 20
0.705566
 11
6.48796
 21
0.704315
  0
LINE
  8
0
 10
6.48796
 20
0.704315
 11
6.49106
 21
0.702942
  0
LINE
  8
0
 10
6.49106
 20
0.702942
 11
6.49408
 21
0.701431
  0
LINE
  8
0
 10
6.49408
 20
0.701431
 11
6.49704
 21
0.699814
  0
LINE
  8
0
 10
6.49704
 20
0.699814
 11
6.49994
 21
0.698059
  0
LINE
  8
0
 10
6.49994
 20
0.698059
 11
6.50275
 21
0.696182
  0
LINE
  8
0
 10
6.50275
 20
0.696182
 11
6.50549
 21
0.694199
  0
LINE
  8
0
 10
6.50549
 20
0.694199
 11
6.50813
 21
0.692108
  0
LINE
  8
0
 10
6.50813
 20
0.692108
 11
6.5107
 21
0.689896
  0
LINE
  8
0
 10
6.5107
 20
0.689896
 11
6.51315
 21
0.687576
  0
LINE
  8
0
 10
6.51315
 20
0.687576
 11
6.51552
 21
0.685165
  0
LINE
  8
0
 10
6.51552
 20
0.685165
 11
6.51779
 21
0.682648
  0
LINE
  8
0
 10
6.51779
 20
0.682648
 11
6.51994
 21
0.680038
  0
LINE
  8
0
 10
6.51994
 20
0.680038
 11
6.52199
 21
0.677353
  0
LINE
  8
0
 10
6.52199
 20
0.677353
 11
6.52391
 21
0.674576
  0
LINE
  8
0
 10
6.52391
 20
0.674576
 11
6.52573
 21
0.671722
  0
LINE
  8
0
 10
6.52573
 20
0.671722
 11
6.52742
 21
0.668793
  0
LINE
  8
0
 10
6.52742
 20
0.668793
 11
6.52898
 21
0.665802
  0
LINE
  8
0
 10
6.52898
 20
0.665802
 11
6.53043
 21
0.662735
  0
LINE
  8
0
 10
6.53043
 20
0.662735
 11
6.53172
 21
0.659622
  0
LINE
  8
0
 10
6.53172
 20
0.659622
 11
6.53291
 21
0.656464
  0
LINE
  8
0
 10
6.53291
 20
0.656464
 11
6.53395
 21
0.653244
  0
LINE
  8
0
 10
6.53395
 20
0.653244
 11
6.53487
 21
0.649979
  0
LINE
  8
0
 10
6.53487
 20
0.649979
 11
6.53563
 21
0.646698
  0
LINE
  8
0
 10
6.53563
 20
0.646698
 11
6.53627
 21
0.643372
  0
LINE
  8
0
 10
6.53627
 20
0.643372
 11
6.53676
 21
0.64003
  0
LINE
  8
0
 10
6.53676
 20
0.64003
 11
6.53711
 21
0.636673
  0
LINE
  8
0
 10
6.53711
 20
0.636673
 11
6.53732
 21
0.633301
  0
LINE
  8
0
 10
6.53732
 20
0.633301
 11
6.5374
 21
0.629913
  0
LINE
  8
0
 10
6.5374
 20
0.629913
 11
6.53732
 21
0.626541
  0
LINE
  8
0
 10
6.53732
 20
0.626541
 11
6.53711
 21
0.623154
  0
LINE
  8
0
 10
6.53711
 20
0.623154
 11
6.53676
 21
0.619797
  0
LINE
  8
0
 10
6.53676
 20
0.619797
 11
6.53627
 21
0.616455
  0
LINE
  8
0
 10
6.53627
 20
0.616455
 11
6.53563
 21
0.613129
  0
LINE
  8
0
 10
6.53563
 20
0.613129
 11
6.53487
 21
0.609848
  0
LINE
  8
0
 10
6.53487
 20
0.609848
 11
6.53395
 21
0.606583
  0
LINE
  8
0
 10
6.53395
 20
0.606583
 11
6.53291
 21
0.603378
  0
LINE
  8
0
 10
6.53291
 20
0.603378
 11
6.53172
 21
0.600204
  0
LINE
  8
0
 10
6.53172
 20
0.600204
 11
6.53043
 21
0.597092
  0
LINE
  8
0
 10
6.53043
 20
0.597092
 11
6.52898
 21
0.594025
  0
LINE
  8
0
 10
6.52898
 20
0.594025
 11
6.52742
 21
0.591034
  0
LINE
  8
0
 10
6.52742
 20
0.591034
 11
6.52573
 21
0.588104
  0
LINE
  8
0
 10
6.52573
 20
0.588104
 11
6.52391
 21
0.585251
  0
LINE
  8
0
 10
6.52391
 20
0.585251
 11
6.52199
 21
0.582474
  0
LINE
  8
0
 10
6.52199
 20
0.582474
 11
6.51994
 21
0.579788
  0
LINE
  8
0
 10
6.51994
 20
0.579788
 11
6.51779
 21
0.577179
  0
LINE
  8
0
 10
6.51779
 20
0.577179
 11
6.51552
 21
0.574661
  0
LINE
  8
0
 10
6.51552
 20
0.574661
 11
6.51315
 21
0.57225
  0
LINE
  8
0
 10
6.51315
 20
0.57225
 11
6.5107
 21
0.569931
  0
LINE
  8
0
 10
6.5107
 20
0.569931
 11
6.50813
 21
0.567734
  0
LINE
  8
0
 10
6.50813
 20
0.567734
 11
6.50549
 21
0.565628
  0
LINE
  8
0
 10
6.50549
 20
0.565628
 11
6.50275
 21
0.563644
  0
LINE
  8
0
 10
6.50275
 20
0.563644
 11
6.49994
 21
0.561768
  0
LINE
  8
0
 10
6.49994
 20
0.561768
 11
6.49704
 21
0.560013
  0
LINE
  8
0
 10
6.49704
 20
0.560013
 11
6.49408
 21
0.558395
  0
LINE
  8
0
 10
6.49408
 20
0.558395
 11
6.49106
 21
0.556885
  0
LINE
  8
0
 10
6.49106
 20
0.556885
 11
6.48796
 21
0.555511
  0
LINE
  8
0
 10
6.48796
 20
0.555511
 11
6.48482
 21
0.55426
  0
LINE
  8
0
 10
6.48482
 20
0.55426
 11
6.48163
 21
0.553162
  0
LINE
  8
0
 10
6.48163
 20
0.553162
 11
6.47839
 21
0.552185
  0
LINE
  8
0
 10
6.47839
 20
0.552185
 11
6.47511
 21
0.551331
  0
LINE
  8
0
 10
6.47511
 20
0.551331
 11
6.47182
 21
0.550629
  0
LINE
  8
0
 10
6.47182
 20
0.550629
 11
6.46848
 21
0.550064
  0
LINE
  8
0
 10
6.46848
 20
0.550064
 11
6.46512
 21
0.549652
  0
LINE
  8
0
 10
6.46512
 20
0.549652
 11
6.46176
 21
0.549362
  0
LINE
  8
0
 10
6.46176
 20
0.549362
 11
6.45837
 21
0.549225
  0
LINE
  8
0
 10
6.45837
 20
0.549225
 11
6.455
 21
0.549225
  0
LINE
  8
0
 10
7.71484
 20
0.234268
 11
7.71147
 21
0.234406
  0
LINE
  8
0
 10
7.71147
 20
0.234406
 11
7.7081
 21
0.23468
  0
LINE
  8
0
 10
7.7081
 20
0.23468
 11
7.70474
 21
0.235107
  0
LINE
  8
0
 10
7.70474
 20
0.235107
 11
7.70142
 21
0.235672
  0
LINE
  8
0
 10
7.70142
 20
0.235672
 11
7.6981
 21
0.236374
  0
LINE
  8
0
 10
7.6981
 20
0.236374
 11
7.69482
 21
0.237213
  0
LINE
  8
0
 10
7.69482
 20
0.237213
 11
7.69159
 21
0.23819
  0
LINE
  8
0
 10
7.69159
 20
0.23819
 11
7.6884
 21
0.239304
  0
LINE
  8
0
 10
7.6884
 20
0.239304
 11
7.68526
 21
0.240555
  0
LINE
  8
0
 10
7.68526
 20
0.240555
 11
7.68217
 21
0.241928
  0
LINE
  8
0
 10
7.68217
 20
0.241928
 11
7.67914
 21
0.243423
  0
LINE
  8
0
 10
7.67914
 20
0.243423
 11
7.67618
 21
0.245056
  0
LINE
  8
0
 10
7.67618
 20
0.245056
 11
7.67328
 21
0.246811
  0
LINE
  8
0
 10
7.67328
 20
0.246811
 11
7.67047
 21
0.248672
  0
LINE
  8
0
 10
7.67047
 20
0.248672
 11
7.66774
 21
0.250671
  0
LINE
  8
0
 10
7.66774
 20
0.250671
 11
7.66508
 21
0.252762
  0
LINE
  8
0
 10
7.66508
 20
0.252762
 11
7.66252
 21
0.254974
  0
LINE
  8
0
 10
7.66252
 20
0.254974
 11
7.66006
 21
0.257294
  0
LINE
  8
0
 10
7.66006
 20
0.257294
 11
7.6577
 21
0.259705
  0
LINE
  8
0
 10
7.6577
 20
0.259705
 11
7.65544
 21
0.262222
  0
LINE
  8
0
 10
7.65544
 20
0.262222
 11
7.65327
 21
0.264816
  0
LINE
  8
0
 10
7.65327
 20
0.264816
 11
7.65123
 21
0.267517
  0
LINE
  8
0
 10
7.65123
 20
0.267517
 11
7.64931
 21
0.270294
  0
LINE
  8
0
 10
7.64931
 20
0.270294
 11
7.64749
 21
0.273148
  0
LINE
  8
0
 10
7.64749
 20
0.273148
 11
7.64581
 21
0.276077
  0
LINE
  8
0
 10
7.64581
 20
0.276077
 11
7.64424
 21
0.279068
  0
LINE
  8
0
 10
7.64424
 20
0.279068
 11
7.64281
 21
0.28212
  0
LINE
  8
0
 10
7.64281
 20
0.28212
 11
7.64149
 21
0.285248
  0
LINE
  8
0
 10
7.64149
 20
0.285248
 11
7.64032
 21
0.288406
  0
LINE
  8
0
 10
7.64032
 20
0.288406
 11
7.63927
 21
0.291626
  0
LINE
  8
0
 10
7.63927
 20
0.291626
 11
7.63835
 21
0.294876
  0
LINE
  8
0
 10
7.63835
 20
0.294876
 11
7.63759
 21
0.298172
  0
LINE
  8
0
 10
7.63759
 20
0.298172
 11
7.63695
 21
0.301498
  0
LINE
  8
0
 10
7.63695
 20
0.301498
 11
7.63646
 21
0.30484
  0
LINE
  8
0
 10
7.63646
 20
0.30484
 11
7.63611
 21
0.308197
  0
LINE
  8
0
 10
7.63611
 20
0.308197
 11
7.63589
 21
0.311569
  0
LINE
  8
0
 10
7.63589
 20
0.311569
 11
7.63582
 21
0.314957
  0
LINE
  8
0
 10
7.63582
 20
0.314957
 11
7.63589
 21
0.318329
  0
LINE
  8
0
 10
7.63589
 20
0.318329
 11
7.63611
 21
0.321701
  0
LINE
  8
0
 10
7.63611
 20
0.321701
 11
7.63646
 21
0.325073
  0
LINE
  8
0
 10
7.63646
 20
0.325073
 11
7.63695
 21
0.328415
  0
LINE
  8
0
 10
7.63695
 20
0.328415
 11
7.63759
 21
0.331726
  0
LINE
  8
0
 10
7.63759
 20
0.331726
 11
7.63835
 21
0.335022
  0
LINE
  8
0
 10
7.63835
 20
0.335022
 11
7.63927
 21
0.338287
  0
LINE
  8
0
 10
7.63927
 20
0.338287
 11
7.64032
 21
0.341492
  0
LINE
  8
0
 10
7.64032
 20
0.341492
 11
7.64149
 21
0.344666
  0
LINE
  8
0
 10
7.64149
 20
0.344666
 11
7.64281
 21
0.347778
  0
LINE
  8
0
 10
7.64281
 20
0.347778
 11
7.64424
 21
0.350845
  0
LINE
  8
0
 10
7.64424
 20
0.350845
 11
7.64581
 21
0.353836
  0
LINE
  8
0
 10
7.64581
 20
0.353836
 11
7.64749
 21
0.356766
  0
LINE
  8
0
 10
7.64749
 20
0.356766
 11
7.64931
 21
0.359619
  0
LINE
  8
0
 10
7.64931
 20
0.359619
 11
7.65123
 21
0.362396
  0
LINE
  8
0
 10
7.65123
 20
0.362396
 11
7.65327
 21
0.365082
  0
LINE
  8
0
 10
7.65327
 20
0.365082
 11
7.65544
 21
0.367691
  0
LINE
  8
0
 10
7.65544
 20
0.367691
 11
7.6577
 21
0.370209
  0
LINE
  8
0
 10
7.6577
 20
0.370209
 11
7.66006
 21
0.37262
  0
LINE
  8
0
 10
7.66006
 20
0.37262
 11
7.66252
 21
0.374939
  0
LINE
  8
0
 10
7.66252
 20
0.374939
 11
7.66508
 21
0.377136
  0
LINE
  8
0
 10
7.66508
 20
0.377136
 11
7.66774
 21
0.379242
  0
LINE
  8
0
 10
7.66774
 20
0.379242
 11
7.67047
 21
0.381226
  0
LINE
  8
0
 10
7.67047
 20
0.381226
 11
7.67328
 21
0.383102
  0
LINE
  8
0
 10
7.67328
 20
0.383102
 11
7.67618
 21
0.384842
  0
LINE
  8
0
 10
7.67618
 20
0.384842
 11
7.67914
 21
0.386475
  0
LINE
  8
0
 10
7.67914
 20
0.386475
 11
7.68217
 21
0.387985
  0
LINE
  8
0
 10
7.68217
 20
0.387985
 11
7.68526
 21
0.389359
  0
LINE
  8
0
 10
7.68526
 20
0.389359
 11
7.6884
 21
0.390594
  0
LINE
  8
0
 10
7.6884
 20
0.390594
 11
7.69159
 21
0.391708
  0
LINE
  8
0
 10
7.69159
 20
0.391708
 11
7.69482
 21
0.392685
  0
LINE
  8
0
 10
7.69482
 20
0.392685
 11
7.6981
 21
0.393524
  0
LINE
  8
0
 10
7.6981
 20
0.393524
 11
7.70142
 21
0.394226
  0
LINE
  8
0
 10
7.70142
 20
0.394226
 11
7.70474
 21
0.394791
  0
LINE
  8
0
 10
7.70474
 20
0.394791
 11
7.7081
 21
0.395218
  0
LINE
  8
0
 10
7.7081
 20
0.395218
 11
7.71147
 21
0.395508
  0
LINE
  8
0
 10
7.71147
 20
0.395508
 11
7.71484
 21
0.395645
  0
LINE
  8
0
 10
7.71484
 20
0.395645
 11
7.71822
 21
0.395645
  0
LINE
  8
0
 10
7.71822
 20
0.395645
 11
7.7216
 21
0.395508
  0
LINE
  8
0
 10
7.7216
 20
0.395508
 11
7.72498
 21
0.395218
  0
LINE
  8
0
 10
7.72498
 20
0.395218
 11
7.72832
 21
0.394791
  0
LINE
  8
0
 10
7.72832
 20
0.394791
 11
7.73166
 21
0.394226
  0
LINE
  8
0
 10
7.73166
 20
0.394226
 11
7.73495
 21
0.393524
  0
LINE
  8
0
 10
7.73495
 20
0.393524
 11
7.73824
 21
0.392685
  0
LINE
  8
0
 10
7.73824
 20
0.392685
 11
7.74147
 21
0.391708
  0
LINE
  8
0
 10
7.74147
 20
0.391708
 11
7.74466
 21
0.390594
  0
LINE
  8
0
 10
7.74466
 20
0.390594
 11
7.7478
 21
0.389359
  0
LINE
  8
0
 10
7.7478
 20
0.389359
 11
7.7509
 21
0.387985
  0
LINE
  8
0
 10
7.7509
 20
0.387985
 11
7.75392
 21
0.386475
  0
LINE
  8
0
 10
7.75392
 20
0.386475
 11
7.75688
 21
0.384842
  0
LINE
  8
0
 10
7.75688
 20
0.384842
 11
7.75978
 21
0.383102
  0
LINE
  8
0
 10
7.75978
 20
0.383102
 11
7.76259
 21
0.381226
  0
LINE
  8
0
 10
7.76259
 20
0.381226
 11
7.76534
 21
0.379242
  0
LINE
  8
0
 10
7.76534
 20
0.379242
 11
7.76797
 21
0.377136
  0
LINE
  8
0
 10
7.76797
 20
0.377136
 11
7.77054
 21
0.374939
  0
LINE
  8
0
 10
7.77054
 20
0.374939
 11
7.77299
 21
0.37262
  0
LINE
  8
0
 10
7.77299
 20
0.37262
 11
7.77536
 21
0.370209
  0
LINE
  8
0
 10
7.77536
 20
0.370209
 11
7.77763
 21
0.367691
  0
LINE
  8
0
 10
7.77763
 20
0.367691
 11
7.77979
 21
0.365082
  0
LINE
  8
0
 10
7.77979
 20
0.365082
 11
7.78183
 21
0.362396
  0
LINE
  8
0
 10
7.78183
 20
0.362396
 11
7.78375
 21
0.359619
  0
LINE
  8
0
 10
7.78375
 20
0.359619
 11
7.78557
 21
0.356766
  0
LINE
  8
0
 10
7.78557
 20
0.356766
 11
7.78726
 21
0.353836
  0
LINE
  8
0
 10
7.78726
 20
0.353836
 11
7.78882
 21
0.350845
  0
LINE
  8
0
 10
7.78882
 20
0.350845
 11
7.79027
 21
0.347778
  0
LINE
  8
0
 10
7.79027
 20
0.347778
 11
7.79158
 21
0.344666
  0
LINE
  8
0
 10
7.79158
 20
0.344666
 11
7.79276
 21
0.341492
  0
LINE
  8
0
 10
7.79276
 20
0.341492
 11
7.79379
 21
0.338287
  0
LINE
  8
0
 10
7.79379
 20
0.338287
 11
7.79471
 21
0.335022
  0
LINE
  8
0
 10
7.79471
 20
0.335022
 11
7.79547
 21
0.331726
  0
LINE
  8
0
 10
7.79547
 20
0.331726
 11
7.79611
 21
0.328415
  0
LINE
  8
0
 10
7.79611
 20
0.328415
 11
7.7966
 21
0.325073
  0
LINE
  8
0
 10
7.7966
 20
0.325073
 11
7.79695
 21
0.321701
  0
LINE
  8
0
 10
7.79695
 20
0.321701
 11
7.79716
 21
0.318329
  0
LINE
  8
0
 10
7.79716
 20
0.318329
 11
7.79724
 21
0.314957
  0
LINE
  8
0
 10
7.79724
 20
0.314957
 11
7.79716
 21
0.311569
  0
LINE
  8
0
 10
7.79716
 20
0.311569
 11
7.79695
 21
0.308197
  0
LINE
  8
0
 10
7.79695
 20
0.308197
 11
7.7966
 21
0.30484
  0
LINE
  8
0
 10
7.7966
 20
0.30484
 11
7.79611
 21
0.301498
  0
LINE
  8
0
 10
7.79611
 20
0.301498
 11
7.79547
 21
0.298172
  0
LINE
  8
0
 10
7.79547
 20
0.298172
 11
7.79471
 21
0.294876
  0
LINE
  8
0
 10
7.79471
 20
0.294876
 11
7.79379
 21
0.291626
  0
LINE
  8
0
 10
7.79379
 20
0.291626
 11
7.79276
 21
0.288406
  0
LINE
  8
0
 10
7.79276
 20
0.288406
 11
7.79158
 21
0.285248
  0
LINE
  8
0
 10
7.79158
 20
0.285248
 11
7.79027
 21
0.28212
  0
LINE
  8
0
 10
7.79027
 20
0.28212
 11
7.78882
 21
0.279068
  0
LINE
  8
0
 10
7.78882
 20
0.279068
 11
7.78726
 21
0.276077
  0
LINE
  8
0
 10
7.78726
 20
0.276077
 11
7.78557
 21
0.273148
  0
LINE
  8
0
 10
7.78557
 20
0.273148
 11
7.78375
 21
0.270294
  0
LINE
  8
0
 10
7.78375
 20
0.270294
 11
7.78183
 21
0.267517
  0
LINE
  8
0
 10
7.78183
 20
0.267517
 11
7.77979
 21
0.264816
  0
LINE
  8
0
 10
7.77979
 20
0.264816
 11
7.77763
 21
0.262222
  0
LINE
  8
0
 10
7.77763
 20
0.262222
 11
7.77536
 21
0.259705
  0
LINE
  8
0
 10
7.77536
 20
0.259705
 11
7.77299
 21
0.257294
  0
LINE
  8
0
 10
7.77299
 20
0.257294
 11
7.77054
 21
0.254974
  0
LINE
  8
0
 10
7.77054
 20
0.254974
 11
7.76797
 21
0.252762
  0
LINE
  8
0
 10
7.76797
 20
0.252762
 11
7.76534
 21
0.250671
  0
LINE
  8
0
 10
7.76534
 20
0.250671
 11
7.76259
 21
0.248672
  0
LINE
  8
0
 10
7.76259
 20
0.248672
 11
7.75978
 21
0.246811
  0
LINE
  8
0
 10
7.75978
 20
0.246811
 11
7.75688
 21
0.245056
  0
LINE
  8
0
 10
7.75688
 20
0.245056
 11
7.75392
 21
0.243423
  0
LINE
  8
0
 10
7.75392
 20
0.243423
 11
7.7509
 21
0.241928
  0
LINE
  8
0
 10
7.7509
 20
0.241928
 11
7.7478
 21
0.240555
  0
LINE
  8
0
 10
7.7478
 20
0.240555
 11
7.74466
 21
0.239304
  0
LINE
  8
0
 10
7.74466
 20
0.239304
 11
7.74147
 21
0.23819
  0
LINE
  8
0
 10
7.74147
 20
0.23819
 11
7.73824
 21
0.237213
  0
LINE
  8
0
 10
7.73824
 20
0.237213
 11
7.73495
 21
0.236374
  0
LINE
  8
0
 10
7.73495
 20
0.236374
 11
7.73166
 21
0.235672
  0
LINE
  8
0
 10
7.73166
 20
0.235672
 11
7.72832
 21
0.235107
  0
LINE
  8
0
 10
7.72832
 20
0.235107
 11
7.72498
 21
0.23468
  0
LINE
  8
0
 10
7.72498
 20
0.23468
 11
7.7216
 21
0.234406
  0
LINE
  8
0
 10
7.7216
 20
0.234406
 11
7.71822
 21
0.234268
  0
LINE
  8
0
 10
7.71822
 20
0.234268
 11
7.71484
 21
0.234268
  0
LINE
  8
0
 10
-6.45837
 20
0.234268
 11
-6.46176
 21
0.234406
  0
LINE
  8
0
 10
-6.46176
 20
0.234406
 11
-6.46512
 21
0.23468
  0
LINE
  8
0
 10
-6.46512
 20
0.23468
 11
-6.46848
 21
0.235107
  0
LINE
  8
0
 10
-6.46848
 20
0.235107
 11
-6.47182
 21
0.235672
  0
LINE
  8
0
 10
-6.47182
 20
0.235672
 11
-6.47511
 21
0.236374
  0
LINE
  8
0
 10
-6.47511
 20
0.236374
 11
-6.47839
 21
0.237213
  0
LINE
  8
0
 10
-6.47839
 20
0.237213
 11
-6.48163
 21
0.23819
  0
LINE
  8
0
 10
-6.48163
 20
0.23819
 11
-6.48482
 21
0.239304
  0
LINE
  8
0
 10
-6.48482
 20
0.239304
 11
-6.48796
 21
0.240555
  0
LINE
  8
0
 10
-6.48796
 20
0.240555
 11
-6.49106
 21
0.241928
  0
LINE
  8
0
 10
-6.49106
 20
0.241928
 11
-6.49408
 21
0.243423
  0
LINE
  8
0
 10
-6.49408
 20
0.243423
 11
-6.49704
 21
0.245056
  0
LINE
  8
0
 10
-6.49704
 20
0.245056
 11
-6.49994
 21
0.246811
  0
LINE
  8
0
 10
-6.49994
 20
0.246811
 11
-6.50275
 21
0.248672
  0
LINE
  8
0
 10
-6.50275
 20
0.248672
 11
-6.50549
 21
0.250671
  0
LINE
  8
0
 10
-6.50549
 20
0.250671
 11
-6.50813
 21
0.252762
  0
LINE
  8
0
 10
-6.50813
 20
0.252762
 11
-6.5107
 21
0.254974
  0
LINE
  8
0
 10
-6.5107
 20
0.254974
 11
-6.51315
 21
0.257294
  0
LINE
  8
0
 10
-6.51315
 20
0.257294
 11
-6.51552
 21
0.259705
  0
LINE
  8
0
 10
-6.51552
 20
0.259705
 11
-6.51779
 21
0.262222
  0
LINE
  8
0
 10
-6.51779
 20
0.262222
 11
-6.51994
 21
0.264816
  0
LINE
  8
0
 10
-6.51994
 20
0.264816
 11
-6.52199
 21
0.267517
  0
LINE
  8
0
 10
-6.52199
 20
0.267517
 11
-6.52391
 21
0.270294
  0
LINE
  8
0
 10
-6.52391
 20
0.270294
 11
-6.52573
 21
0.273148
  0
LINE
  8
0
 10
-6.52573
 20
0.273148
 11
-6.52742
 21
0.276077
  0
LINE
  8
0
 10
-6.52742
 20
0.276077
 11
-6.52898
 21
0.279068
  0
LINE
  8
0
 10
-6.52898
 20
0.279068
 11
-6.53043
 21
0.28212
  0
LINE
  8
0
 10
-6.53043
 20
0.28212
 11
-6.53172
 21
0.285248
  0
LINE
  8
0
 10
-6.53172
 20
0.285248
 11
-6.53291
 21
0.288406
  0
LINE
  8
0
 10
-6.53291
 20
0.288406
 11
-6.53395
 21
0.291626
  0
LINE
  8
0
 10
-6.53395
 20
0.291626
 11
-6.53487
 21
0.294876
  0
LINE
  8
0
 10
-6.53487
 20
0.294876
 11
-6.53563
 21
0.298172
  0
LINE
  8
0
 10
-6.53563
 20
0.298172
 11
-6.53627
 21
0.301498
  0
LINE
  8
0
 10
-6.53627
 20
0.301498
 11
-6.53676
 21
0.30484
  0
LINE
  8
0
 10
-6.53676
 20
0.30484
 11
-6.53711
 21
0.308197
  0
LINE
  8
0
 10
-6.53711
 20
0.308197
 11
-6.53732
 21
0.311569
  0
LINE
  8
0
 10
-6.53732
 20
0.311569
 11
-6.5374
 21
0.314957
  0
LINE
  8
0
 10
-6.5374
 20
0.314957
 11
-6.53732
 21
0.318329
  0
LINE
  8
0
 10
-6.53732
 20
0.318329
 11
-6.53711
 21
0.321701
  0
LINE
  8
0
 10
-6.53711
 20
0.321701
 11
-6.53676
 21
0.325073
  0
LINE
  8
0
 10
-6.53676
 20
0.325073
 11
-6.53627
 21
0.328415
  0
LINE
  8
0
 10
-6.53627
 20
0.328415
 11
-6.53563
 21
0.331726
  0
LINE
  8
0
 10
-6.53563
 20
0.331726
 11
-6.53487
 21
0.335022
  0
LINE
  8
0
 10
-6.53487
 20
0.335022
 11
-6.53395
 21
0.338287
  0
LINE
  8
0
 10
-6.53395
 20
0.338287
 11
-6.53291
 21
0.341492
  0
LINE
  8
0
 10
-6.53291
 20
0.341492
 11
-6.53172
 21
0.344666
  0
LINE
  8
0
 10
-6.53172
 20
0.344666
 11
-6.53043
 21
0.347778
  0
LINE
  8
0
 10
-6.53043
 20
0.347778
 11
-6.52898
 21
0.350845
  0
LINE
  8
0
 10
-6.52898
 20
0.350845
 11
-6.52742
 21
0.353836
  0
LINE
  8
0
 10
-6.52742
 20
0.353836
 11
-6.52573
 21
0.356766
  0
LINE
  8
0
 10
-6.52573
 20
0.356766
 11
-6.52391
 21
0.359619
  0
LINE
  8
0
 10
-6.52391
 20
0.359619
 11
-6.52199
 21
0.362396
  0
LINE
  8
0
 10
-6.52199
 20
0.362396
 11
-6.51994
 21
0.365082
  0
LINE
  8
0
 10
-6.51994
 20
0.365082
 11
-6.51779
 21
0.367691
  0
LINE
  8
0
 10
-6.51779
 20
0.367691
 11
-6.51552
 21
0.370209
  0
LINE
  8
0
 10
-6.51552
 20
0.370209
 11
-6.51315
 21
0.37262
  0
LINE
  8
0
 10
-6.51315
 20
0.37262
 11
-6.5107
 21
0.374939
  0
LINE
  8
0
 10
-6.5107
 20
0.374939
 11
-6.50813
 21
0.377136
  0
LINE
  8
0
 10
-6.50813
 20
0.377136
 11
-6.50549
 21
0.379242
  0
LINE
  8
0
 10
-6.50549
 20
0.379242
 11
-6.50275
 21
0.381226
  0
LINE
  8
0
 10
-6.50275
 20
0.381226
 11
-6.49994
 21
0.383102
  0
LINE
  8
0
 10
-6.49994
 20
0.383102
 11
-6.49704
 21
0.384842
  0
LINE
  8
0
 10
-6.49704
 20
0.384842
 11
-6.49408
 21
0.386475
  0
LINE
  8
0
 10
-6.49408
 20
0.386475
 11
-6.49106
 21
0.387985
  0
LINE
  8
0
 10
-6.49106
 20
0.387985
 11
-6.48796
 21
0.389359
  0
LINE
  8
0
 10
-6.48796
 20
0.389359
 11
-6.48482
 21
0.390594
  0
LINE
  8
0
 10
-6.48482
 20
0.390594
 11
-6.48163
 21
0.391708
  0
LINE
  8
0
 10
-6.48163
 20
0.391708
 11
-6.47839
 21
0.392685
  0
LINE
  8
0
 10
-6.47839
 20
0.392685
 11
-6.47511
 21
0.393524
  0
LINE
  8
0
 10
-6.47511
 20
0.393524
 11
-6.47182
 21
0.394226
  0
LINE
  8
0
 10
-6.47182
 20
0.394226
 11
-6.46848
 21
0.394791
  0
LINE
  8
0
 10
-6.46848
 20
0.394791
 11
-6.46512
 21
0.395218
  0
LINE
  8
0
 10
-6.46512
 20
0.395218
 11
-6.46176
 21
0.395508
  0
LINE
  8
0
 10
-6.46176
 20
0.395508
 11
-6.45837
 21
0.395645
  0
LINE
  8
0
 10
-6.45837
 20
0.395645
 11
-6.455
 21
0.395645
  0
LINE
  8
0
 10
-6.455
 20
0.395645
 11
-6.45161
 21
0.395508
  0
LINE
  8
0
 10
-6.45161
 20
0.395508
 11
-6.44826
 21
0.395218
  0
LINE
  8
0
 10
-6.44826
 20
0.395218
 11
-6.4449
 21
0.394791
  0
LINE
  8
0
 10
-6.4449
 20
0.394791
 11
-6.44156
 21
0.394226
  0
LINE
  8
0
 10
-6.44156
 20
0.394226
 11
-6.43826
 21
0.393524
  0
LINE
  8
0
 10
-6.43826
 20
0.393524
 11
-6.43498
 21
0.392685
  0
LINE
  8
0
 10
-6.43498
 20
0.392685
 11
-6.43175
 21
0.391708
  0
LINE
  8
0
 10
-6.43175
 20
0.391708
 11
-6.42856
 21
0.390594
  0
LINE
  8
0
 10
-6.42856
 20
0.390594
 11
-6.42542
 21
0.389359
  0
LINE
  8
0
 10
-6.42542
 20
0.389359
 11
-6.42232
 21
0.387985
  0
LINE
  8
0
 10
-6.42232
 20
0.387985
 11
-6.4193
 21
0.386475
  0
LINE
  8
0
 10
-6.4193
 20
0.386475
 11
-6.41634
 21
0.384842
  0
LINE
  8
0
 10
-6.41634
 20
0.384842
 11
-6.41344
 21
0.383102
  0
LINE
  8
0
 10
-6.41344
 20
0.383102
 11
-6.41063
 21
0.381226
  0
LINE
  8
0
 10
-6.41063
 20
0.381226
 11
-6.4079
 21
0.379242
  0
LINE
  8
0
 10
-6.4079
 20
0.379242
 11
-6.40524
 21
0.377136
  0
LINE
  8
0
 10
-6.40524
 20
0.377136
 11
-6.40268
 21
0.374939
  0
LINE
  8
0
 10
-6.40268
 20
0.374939
 11
-6.40022
 21
0.37262
  0
LINE
  8
0
 10
-6.40022
 20
0.37262
 11
-6.39786
 21
0.370209
  0
LINE
  8
0
 10
-6.39786
 20
0.370209
 11
-6.3956
 21
0.367691
  0
LINE
  8
0
 10
-6.3956
 20
0.367691
 11
-6.39343
 21
0.365082
  0
LINE
  8
0
 10
-6.39343
 20
0.365082
 11
-6.39139
 21
0.362396
  0
LINE
  8
0
 10
-6.39139
 20
0.362396
 11
-6.38947
 21
0.359619
  0
LINE
  8
0
 10
-6.38947
 20
0.359619
 11
-6.38765
 21
0.356766
  0
LINE
  8
0
 10
-6.38765
 20
0.356766
 11
-6.38597
 21
0.353836
  0
LINE
  8
0
 10
-6.38597
 20
0.353836
 11
-6.3844
 21
0.350845
  0
LINE
  8
0
 10
-6.3844
 20
0.350845
 11
-6.38297
 21
0.347778
  0
LINE
  8
0
 10
-6.38297
 20
0.347778
 11
-6.38165
 21
0.344666
  0
LINE
  8
0
 10
-6.38165
 20
0.344666
 11
-6.38046
 21
0.341492
  0
LINE
  8
0
 10
-6.38046
 20
0.341492
 11
-6.37943
 21
0.338287
  0
LINE
  8
0
 10
-6.37943
 20
0.338287
 11
-6.37851
 21
0.335022
  0
LINE
  8
0
 10
-6.37851
 20
0.335022
 11
-6.37775
 21
0.331726
  0
LINE
  8
0
 10
-6.37775
 20
0.331726
 11
-6.37711
 21
0.328415
  0
LINE
  8
0
 10
-6.37711
 20
0.328415
 11
-6.37662
 21
0.325073
  0
LINE
  8
0
 10
-6.37662
 20
0.325073
 11
-6.37627
 21
0.321701
  0
LINE
  8
0
 10
-6.37627
 20
0.321701
 11
-6.37605
 21
0.318329
  0
LINE
  8
0
 10
-6.37605
 20
0.318329
 11
-6.37598
 21
0.314957
  0
LINE
  8
0
 10
-6.37598
 20
0.314957
 11
-6.37605
 21
0.311569
  0
LINE
  8
0
 10
-6.37605
 20
0.311569
 11
-6.37627
 21
0.308197
  0
LINE
  8
0
 10
-6.37627
 20
0.308197
 11
-6.37662
 21
0.30484
  0
LINE
  8
0
 10
-6.37662
 20
0.30484
 11
-6.37711
 21
0.301498
  0
LINE
  8
0
 10
-6.37711
 20
0.301498
 11
-6.37775
 21
0.298172
  0
LINE
  8
0
 10
-6.37775
 20
0.298172
 11
-6.37851
 21
0.294876
  0
LINE
  8
0
 10
-6.37851
 20
0.294876
 11
-6.37943
 21
0.291626
  0
LINE
  8
0
 10
-6.37943
 20
0.291626
 11
-6.38046
 21
0.288406
  0
LINE
  8
0
 10
-6.38046
 20
0.288406
 11
-6.38165
 21
0.285248
  0
LINE
  8
0
 10
-6.38165
 20
0.285248
 11
-6.38297
 21
0.28212
  0
LINE
  8
0
 10
-6.38297
 20
0.28212
 11
-6.3844
 21
0.279068
  0
LINE
  8
0
 10
-6.3844
 20
0.279068
 11
-6.38597
 21
0.276077
  0
LINE
  8
0
 10
-6.38597
 20
0.276077
 11
-6.38765
 21
0.273148
  0
LINE
  8
0
 10
-6.38765
 20
0.273148
 11
-6.38947
 21
0.270294
  0
LINE
  8
0
 10
-6.38947
 20
0.270294
 11
-6.39139
 21
0.267517
  0
LINE
  8
0
 10
-6.39139
 20
0.267517
 11
-6.39343
 21
0.264816
  0
LINE
  8
0
 10
-6.39343
 20
0.264816
 11
-6.3956
 21
0.262222
  0
LINE
  8
0
 10
-6.3956
 20
0.262222
 11
-6.39786
 21
0.259705
  0
LINE
  8
0
 10
-6.39786
 20
0.259705
 11
-6.40022
 21
0.257294
  0
LINE
  8
0
 10
-6.40022
 20
0.257294
 11
-6.40268
 21
0.254974
  0
LINE
  8
0
 10
-6.40268
 20
0.254974
 11
-6.40524
 21
0.252762
  0
LINE
  8
0
 10
-6.40524
 20
0.252762
 11
-6.4079
 21
0.250671
  0
LINE
  8
0
 10
-6.4079
 20
0.250671
 11
-6.41063
 21
0.248672
  0
LINE
  8
0
 10
-6.41063
 20
0.248672
 11
-6.41344
 21
0.246811
  0
LINE
  8
0
 10
-6.41344
 20
0.246811
 11
-6.41634
 21
0.245056
  0
LINE
  8
0
 10
-6.41634
 20
0.245056
 11
-6.4193
 21
0.243423
  0
LINE
  8
0
 10
-6.4193
 20
0.243423
 11
-6.42232
 21
0.241928
  0
LINE
  8
0
 10
-6.42232
 20
0.241928
 11
-6.42542
 21
0.240555
  0
LINE
  8
0
 10
-6.42542
 20
0.240555
 11
-6.42856
 21
0.239304
  0
LINE
  8
0
 10
-6.42856
 20
0.239304
 11
-6.43175
 21
0.23819
  0
LINE
  8
0
 10
-6.43175
 20
0.23819
 11
-6.43498
 21
0.237213
  0
LINE
  8
0
 10
-6.43498
 20
0.237213
 11
-6.43826
 21
0.236374
  0
LINE
  8
0
 10
-6.43826
 20
0.236374
 11
-6.44156
 21
0.235672
  0
LINE
  8
0
 10
-6.44156
 20
0.235672
 11
-6.4449
 21
0.235107
  0
LINE
  8
0
 10
-6.4449
 20
0.235107
 11
-6.44826
 21
0.23468
  0
LINE
  8
0
 10
-6.44826
 20
0.23468
 11
-6.45161
 21
0.234406
  0
LINE
  8
0
 10
-6.45161
 20
0.234406
 11
-6.455
 21
0.234268
  0
LINE
  8
0
 10
-6.455
 20
0.234268
 11
-6.45837
 21
0.234268
  0
LINE
  8
0
 10
-7.71822
 20
0.234268
 11
-7.7216
 21
0.234406
  0
LINE
  8
0
 10
-7.7216
 20
0.234406
 11
-7.72498
 21
0.23468
  0
LINE
  8
0
 10
-7.72498
 20
0.23468
 11
-7.72832
 21
0.235107
  0
LINE
  8
0
 10
-7.72832
 20
0.235107
 11
-7.73166
 21
0.235672
  0
LINE
  8
0
 10
-7.73166
 20
0.235672
 11
-7.73495
 21
0.236374
  0
LINE
  8
0
 10
-7.73495
 20
0.236374
 11
-7.73824
 21
0.237213
  0
LINE
  8
0
 10
-7.73824
 20
0.237213
 11
-7.74147
 21
0.23819
  0
LINE
  8
0
 10
-7.74147
 20
0.23819
 11
-7.74466
 21
0.239304
  0
LINE
  8
0
 10
-7.74466
 20
0.239304
 11
-7.7478
 21
0.240555
  0
LINE
  8
0
 10
-7.7478
 20
0.240555
 11
-7.7509
 21
0.241928
  0
LINE
  8
0
 10
-7.7509
 20
0.241928
 11
-7.75392
 21
0.243423
  0
LINE
  8
0
 10
-7.75392
 20
0.243423
 11
-7.75688
 21
0.245056
  0
LINE
  8
0
 10
-7.75688
 20
0.245056
 11
-7.75978
 21
0.246811
  0
LINE
  8
0
 10
-7.75978
 20
0.246811
 11
-7.76259
 21
0.248672
  0
LINE
  8
0
 10
-7.76259
 20
0.248672
 11
-7.76534
 21
0.250671
  0
LINE
  8
0
 10
-7.76534
 20
0.250671
 11
-7.76797
 21
0.252762
  0
LINE
  8
0
 10
-7.76797
 20
0.252762
 11
-7.77054
 21
0.254974
  0
LINE
  8
0
 10
-7.77054
 20
0.254974
 11
-7.77299
 21
0.257294
  0
LINE
  8
0
 10
-7.77299
 20
0.257294
 11
-7.77536
 21
0.259705
  0
LINE
  8
0
 10
-7.77536
 20
0.259705
 11
-7.77763
 21
0.262222
  0
LINE
  8
0
 10
-7.77763
 20
0.262222
 11
-7.77979
 21
0.264816
  0
LINE
  8
0
 10
-7.77979
 20
0.264816
 11
-7.78183
 21
0.267517
  0
LINE
  8
0
 10
-7.78183
 20
0.267517
 11
-7.78375
 21
0.270294
  0
LINE
  8
0
 10
-7.78375
 20
0.270294
 11
-7.78557
 21
0.273148
  0
LINE
  8
0
 10
-7.78557
 20
0.273148
 11
-7.78726
 21
0.276077
  0
LINE
  8
0
 10
-7.78726
 20
0.276077
 11
-7.78882
 21
0.279068
  0
LINE
  8
0
 10
-7.78882
 20
0.279068
 11
-7.79027
 21
0.28212
  0
LINE
  8
0
 10
-7.79027
 20
0.28212
 11
-7.79158
 21
0.285248
  0
LINE
  8
0
 10
-7.79158
 20
0.285248
 11
-7.79276
 21
0.288406
  0
LINE
  8
0
 10
-7.79276
 20
0.288406
 11
-7.79379
 21
0.291626
  0
LINE
  8
0
 10
-7.79379
 20
0.291626
 11
-7.79471
 21
0.294876
  0
LINE
  8
0
 10
-7.79471
 20
0.294876
 11
-7.79547
 21
0.298172
  0
LINE
  8
0
 10
-7.79547
 20
0.298172
 11
-7.79611
 21
0.301498
  0
LINE
  8
0
 10
-7.79611
 20
0.301498
 11
-7.7966
 21
0.30484
  0
LINE
  8
0
 10
-7.7966
 20
0.30484
 11
-7.79695
 21
0.308197
  0
LINE
  8
0
 10
-7.79695
 20
0.308197
 11
-7.79716
 21
0.311569
  0
LINE
  8
0
 10
-7.79716
 20
0.311569
 11
-7.79724
 21
0.314957
  0
LINE
  8
0
 10
-7.79724
 20
0.314957
 11
-7.79716
 21
0.318329
  0
LINE
  8
0
 10
-7.79716
 20
0.318329
 11
-7.79695
 21
0.321701
  0
LINE
  8
0
 10
-7.79695
 20
0.321701
 11
-7.7966
 21
0.325073
  0
LINE
  8
0
 10
-7.7966
 20
0.325073
 11
-7.79611
 21
0.328415
  0
LINE
  8
0
 10
-7.79611
 20
0.328415
 11
-7.79547
 21
0.331726
  0
LINE
  8
0
 10
-7.79547
 20
0.331726
 11
-7.79471
 21
0.335022
  0
LINE
  8
0
 10
-7.79471
 20
0.335022
 11
-7.79379
 21
0.338287
  0
LINE
  8
0
 10
-7.79379
 20
0.338287
 11
-7.79276
 21
0.341492
  0
LINE
  8
0
 10
-7.79276
 20
0.341492
 11
-7.79158
 21
0.344666
  0
LINE
  8
0
 10
-7.79158
 20
0.344666
 11
-7.79027
 21
0.347778
  0
LINE
  8
0
 10
-7.79027
 20
0.347778
 11
-7.78882
 21
0.350845
  0
LINE
  8
0
 10
-7.78882
 20
0.350845
 11
-7.78726
 21
0.353836
  0
LINE
  8
0
 10
-7.78726
 20
0.353836
 11
-7.78557
 21
0.356766
  0
LINE
  8
0
 10
-7.78557
 20
0.356766
 11
-7.78375
 21
0.359619
  0
LINE
  8
0
 10
-7.78375
 20
0.359619
 11
-7.78183
 21
0.362396
  0
LINE
  8
0
 10
-7.78183
 20
0.362396
 11
-7.77979
 21
0.365082
  0
LINE
  8
0
 10
-7.77979
 20
0.365082
 11
-7.77763
 21
0.367691
  0
LINE
  8
0
 10
-7.77763
 20
0.367691
 11
-7.77536
 21
0.370209
  0
LINE
  8
0
 10
-7.77536
 20
0.370209
 11
-7.77299
 21
0.37262
  0
LINE
  8
0
 10
-7.77299
 20
0.37262
 11
-7.77054
 21
0.374939
  0
LINE
  8
0
 10
-7.77054
 20
0.374939
 11
-7.76797
 21
0.377136
  0
LINE
  8
0
 10
-7.76797
 20
0.377136
 11
-7.76534
 21
0.379242
  0
LINE
  8
0
 10
-7.76534
 20
0.379242
 11
-7.76259
 21
0.381226
  0
LINE
  8
0
 10
-7.76259
 20
0.381226
 11
-7.75978
 21
0.383102
  0
LINE
  8
0
 10
-7.75978
 20
0.383102
 11
-7.75688
 21
0.384842
  0
LINE
  8
0
 10
-7.75688
 20
0.384842
 11
-7.75392
 21
0.386475
  0
LINE
  8
0
 10
-7.75392
 20
0.386475
 11
-7.7509
 21
0.387985
  0
LINE
  8
0
 10
-7.7509
 20
0.387985
 11
-7.7478
 21
0.389359
  0
LINE
  8
0
 10
-7.7478
 20
0.389359
 11
-7.74466
 21
0.390594
  0
LINE
  8
0
 10
-7.74466
 20
0.390594
 11
-7.74147
 21
0.391708
  0
LINE
  8
0
 10
-7.74147
 20
0.391708
 11
-7.73824
 21
0.392685
  0
LINE
  8
0
 10
-7.73824
 20
0.392685
 11
-7.73495
 21
0.393524
  0
LINE
  8
0
 10
-7.73495
 20
0.393524
 11
-7.73166
 21
0.394226
  0
LINE
  8
0
 10
-7.73166
 20
0.394226
 11
-7.72832
 21
0.394791
  0
LINE
  8
0
 10
-7.72832
 20
0.394791
 11
-7.72498
 21
0.395218
  0
LINE
  8
0
 10
-7.72498
 20
0.395218
 11
-7.7216
 21
0.395508
  0
LINE
  8
0
 10
-7.7216
 20
0.395508
 11
-7.71822
 21
0.395645
  0
LINE
  8
0
 10
-7.71822
 20
0.395645
 11
-7.71484
 21
0.395645
  0
LINE
  8
0
 10
-7.71484
 20
0.395645
 11
-7.71147
 21
0.395508
  0
LINE
  8
0
 10
-7.71147
 20
0.395508
 11
-7.7081
 21
0.395218
  0
LINE
  8
0
 10
-7.7081
 20
0.395218
 11
-7.70474
 21
0.394791
  0
LINE
  8
0
 10
-7.70474
 20
0.394791
 11
-7.70142
 21
0.394226
  0
LINE
  8
0
 10
-7.70142
 20
0.394226
 11
-7.6981
 21
0.393524
  0
LINE
  8
0
 10
-7.6981
 20
0.393524
 11
-7.69482
 21
0.392685
  0
LINE
  8
0
 10
-7.69482
 20
0.392685
 11
-7.69159
 21
0.391708
  0
LINE
  8
0
 10
-7.69159
 20
0.391708
 11
-7.6884
 21
0.390594
  0
LINE
  8
0
 10
-7.6884
 20
0.390594
 11
-7.68526
 21
0.389359
  0
LINE
  8
0
 10
-7.68526
 20
0.389359
 11
-7.68217
 21
0.387985
  0
LINE
  8
0
 10
-7.68217
 20
0.387985
 11
-7.67914
 21
0.386475
  0
LINE
  8
0
 10
-7.67914
 20
0.386475
 11
-7.67618
 21
0.384842
  0
LINE
  8
0
 10
-7.67618
 20
0.384842
 11
-7.67328
 21
0.383102
  0
LINE
  8
0
 10
-7.67328
 20
0.383102
 11
-7.67047
 21
0.381226
  0
LINE
  8
0
 10
-7.67047
 20
0.381226
 11
-7.66774
 21
0.379242
  0
LINE
  8
0
 10
-7.66774
 20
0.379242
 11
-7.66508
 21
0.377136
  0
LINE
  8
0
 10
-7.66508
 20
0.377136
 11
-7.66252
 21
0.374939
  0
LINE
  8
0
 10
-7.66252
 20
0.374939
 11
-7.66006
 21
0.37262
  0
LINE
  8
0
 10
-7.66006
 20
0.37262
 11
-7.6577
 21
0.370209
  0
LINE
  8
0
 10
-7.6577
 20
0.370209
 11
-7.65544
 21
0.367691
  0
LINE
  8
0
 10
-7.65544
 20
0.367691
 11
-7.65327
 21
0.365082
  0
LINE
  8
0
 10
-7.65327
 20
0.365082
 11
-7.65123
 21
0.362396
  0
LINE
  8
0
 10
-7.65123
 20
0.362396
 11
-7.64931
 21
0.359619
  0
LINE
  8
0
 10
-7.64931
 20
0.359619
 11
-7.64749
 21
0.356766
  0
LINE
  8
0
 10
-7.64749
 20
0.356766
 11
-7.64581
 21
0.353836
  0
LINE
  8
0
 10
-7.64581
 20
0.353836
 11
-7.64424
 21
0.350845
  0
LINE
  8
0
 10
-7.64424
 20
0.350845
 11
-7.64281
 21
0.347778
  0
LINE
  8
0
 10
-7.64281
 20
0.347778
 11
-7.64149
 21
0.344666
  0
LINE
  8
0
 10
-7.64149
 20
0.344666
 11
-7.64032
 21
0.341492
  0
LINE
  8
0
 10
-7.64032
 20
0.341492
 11
-7.63927
 21
0.338287
  0
LINE
  8
0
 10
-7.63927
 20
0.338287
 11
-7.63835
 21
0.335022
  0
LINE
  8
0
 10
-7.63835
 20
0.335022
 11
-7.63759
 21
0.331726
  0
LINE
  8
0
 10
-7.63759
 20
0.331726
 11
-7.63695
 21
0.328415
  0
LINE
  8
0
 10
-7.63695
 20
0.328415
 11
-7.63646
 21
0.325073
  0
LINE
  8
0
 10
-7.63646
 20
0.325073
 11
-7.63611
 21
0.321701
  0
LINE
  8
0
 10
-7.63611
 20
0.321701
 11
-7.63589
 21
0.318329
  0
LINE
  8
0
 10
-7.63589
 20
0.318329
 11
-7.63582
 21
0.314957
  0
LINE
  8
0
 10
-7.63582
 20
0.314957
 11
-7.63589
 21
0.311569
  0
LINE
  8
0
 10
-7.63589
 20
0.311569
 11
-7.63611
 21
0.308197
  0
LINE
  8
0
 10
-7.63611
 20
0.308197
 11
-7.63646
 21
0.30484
  0
LINE
  8
0
 10
-7.63646
 20
0.30484
 11
-7.63695
 21
0.301498
  0
LINE
  8
0
 10
-7.63695
 20
0.301498
 11
-7.63759
 21
0.298172
  0
LINE
  8
0
 10
-7.63759
 20
0.298172
 11
-7.63835
 21
0.294876
  0
LINE
  8
0
 10
-7.63835
 20
0.294876
 11
-7.63927
 21
0.291626
  0
LINE
  8
0
 10
-7.63927
 20
0.291626
 11
-7.64032
 21
0.288406
  0
LINE
  8
0
 10
-7.64032
 20
0.288406
 11
-7.64149
 21
0.285248
  0
LINE
  8
0
 10
-7.64149
 20
0.285248
 11
-7.64281
 21
0.28212
  0
LINE
  8
0
 10
-7.64281
 20
0.28212
 11
-7.64424
 21
0.279068
  0
LINE
  8
0
 10
-7.64424
 20
0.279068
 11
-7.64581
 21
0.276077
  0
LINE
  8
0
 10
-7.64581
 20
0.276077
 11
-7.64749
 21
0.273148
  0
LINE
  8
0
 10
-7.64749
 20
0.273148
 11
-7.64931
 21
0.270294
  0
LINE
  8
0
 10
-7.64931
 20
0.270294
 11
-7.65123
 21
0.267517
  0
LINE
  8
0
 10
-7.65123
 20
0.267517
 11
-7.65327
 21
0.264816
  0
LINE
  8
0
 10
-7.65327
 20
0.264816
 11
-7.65544
 21
0.262222
  0
LINE
  8
0
 10
-7.65544
 20
0.262222
 11
-7.6577
 21
0.259705
  0
LINE
  8
0
 10
-7.6577
 20
0.259705
 11
-7.66006
 21
0.257294
  0
LINE
  8
0
 10
-7.66006
 20
0.257294
 11
-7.66252
 21
0.254974
  0
LINE
  8
0
 10
-7.66252
 20
0.254974
 11
-7.66508
 21
0.252762
  0
LINE
  8
0
 10
-7.66508
 20
0.252762
 11
-7.66774
 21
0.250671
  0
LINE
  8
0
 10
-7.66774
 20
0.250671
 11
-7.67047
 21
0.248672
  0
LINE
  8
0
 10
-7.67047
 20
0.248672
 11
-7.67328
 21
0.246811
  0
LINE
  8
0
 10
-7.67328
 20
0.246811
 11
-7.67618
 21
0.245056
  0
LINE
  8
0
 10
-7.67618
 20
0.245056
 11
-7.67914
 21
0.243423
  0
LINE
  8
0
 10
-7.67914
 20
0.243423
 11
-7.68217
 21
0.241928
  0
LINE
  8
0
 10
-7.68217
 20
0.241928
 11
-7.68526
 21
0.240555
  0
LINE
  8
0
 10
-7.68526
 20
0.240555
 11
-7.6884
 21
0.239304
  0
LINE
  8
0
 10
-7.6884
 20
0.239304
 11
-7.69159
 21
0.23819
  0
LINE
  8
0
 10
-7.69159
 20
0.23819
 11
-7.69482
 21
0.237213
  0
LINE
  8
0
 10
-7.69482
 20
0.237213
 11
-7.6981
 21
0.236374
  0
LINE
  8
0
 10
-7.6981
 20
0.236374
 11
-7.70142
 21
0.235672
  0
LINE
  8
0
 10
-7.70142
 20
0.235672
 11
-7.70474
 21
0.235107
  0
LINE
  8
0
 10
-7.70474
 20
0.235107
 11
-7.7081
 21
0.23468
  0
LINE
  8
0
 10
-7.7081
 20
0.23468
 11
-7.71147
 21
0.234406
  0
LINE
  8
0
 10
-7.71147
 20
0.234406
 11
-7.71484
 21
0.234268
  0
LINE
  8
0
 10
-7.71484
 20
0.234268
 11
-7.71822
 21
0.234268
  0
LINE
  8
0
 10
6.455
 20
0.234268
 11
6.45161
 21
0.234406
  0
LINE
  8
0
 10
6.45161
 20
0.234406
 11
6.44826
 21
0.23468
  0
LINE
  8
0
 10
6.44826
 20
0.23468
 11
6.4449
 21
0.235107
  0
LINE
  8
0
 10
6.4449
 20
0.235107
 11
6.44156
 21
0.235672
  0
LINE
  8
0
 10
6.44156
 20
0.235672
 11
6.43826
 21
0.236374
  0
LINE
  8
0
 10
6.43826
 20
0.236374
 11
6.43498
 21
0.237213
  0
LINE
  8
0
 10
6.43498
 20
0.237213
 11
6.43175
 21
0.23819
  0
LINE
  8
0
 10
6.43175
 20
0.23819
 11
6.42856
 21
0.239304
  0
LINE
  8
0
 10
6.42856
 20
0.239304
 11
6.42542
 21
0.240555
  0
LINE
  8
0
 10
6.42542
 20
0.240555
 11
6.42232
 21
0.241928
  0
LINE
  8
0
 10
6.42232
 20
0.241928
 11
6.4193
 21
0.243423
  0
LINE
  8
0
 10
6.4193
 20
0.243423
 11
6.41634
 21
0.245056
  0
LINE
  8
0
 10
6.41634
 20
0.245056
 11
6.41344
 21
0.246811
  0
LINE
  8
0
 10
6.41344
 20
0.246811
 11
6.41063
 21
0.248672
  0
LINE
  8
0
 10
6.41063
 20
0.248672
 11
6.4079
 21
0.250671
  0
LINE
  8
0
 10
6.4079
 20
0.250671
 11
6.40524
 21
0.252762
  0
LINE
  8
0
 10
6.40524
 20
0.252762
 11
6.40268
 21
0.254974
  0
LINE
  8
0
 10
6.40268
 20
0.254974
 11
6.40022
 21
0.257294
  0
LINE
  8
0
 10
6.40022
 20
0.257294
 11
6.39786
 21
0.259705
  0
LINE
  8
0
 10
6.39786
 20
0.259705
 11
6.3956
 21
0.262222
  0
LINE
  8
0
 10
6.3956
 20
0.262222
 11
6.39343
 21
0.264816
  0
LINE
  8
0
 10
6.39343
 20
0.264816
 11
6.39139
 21
0.267517
  0
LINE
  8
0
 10
6.39139
 20
0.267517
 11
6.38947
 21
0.270294
  0
LINE
  8
0
 10
6.38947
 20
0.270294
 11
6.38765
 21
0.273148
  0
LINE
  8
0
 10
6.38765
 20
0.273148
 11
6.38597
 21
0.276077
  0
LINE
  8
0
 10
6.38597
 20
0.276077
 11
6.3844
 21
0.279068
  0
LINE
  8
0
 10
6.3844
 20
0.279068
 11
6.38297
 21
0.28212
  0
LINE
  8
0
 10
6.38297
 20
0.28212
 11
6.38165
 21
0.285248
  0
LINE
  8
0
 10
6.38165
 20
0.285248
 11
6.38046
 21
0.288406
  0
LINE
  8
0
 10
6.38046
 20
0.288406
 11
6.37943
 21
0.291626
  0
LINE
  8
0
 10
6.37943
 20
0.291626
 11
6.37851
 21
0.294876
  0
LINE
  8
0
 10
6.37851
 20
0.294876
 11
6.37775
 21
0.298172
  0
LINE
  8
0
 10
6.37775
 20
0.298172
 11
6.37711
 21
0.301498
  0
LINE
  8
0
 10
6.37711
 20
0.301498
 11
6.37662
 21
0.30484
  0
LINE
  8
0
 10
6.37662
 20
0.30484
 11
6.37627
 21
0.308197
  0
LINE
  8
0
 10
6.37627
 20
0.308197
 11
6.37605
 21
0.311569
  0
LINE
  8
0
 10
6.37605
 20
0.311569
 11
6.37598
 21
0.314957
  0
LINE
  8
0
 10
6.37598
 20
0.314957
 11
6.37605
 21
0.318329
  0
LINE
  8
0
 10
6.37605
 20
0.318329
 11
6.37627
 21
0.321701
  0
LINE
  8
0
 10
6.37627
 20
0.321701
 11
6.37662
 21
0.325073
  0
LINE
  8
0
 10
6.37662
 20
0.325073
 11
6.37711
 21
0.328415
  0
LINE
  8
0
 10
6.37711
 20
0.328415
 11
6.37775
 21
0.331726
  0
LINE
  8
0
 10
6.37775
 20
0.331726
 11
6.37851
 21
0.335022
  0
LINE
  8
0
 10
6.37851
 20
0.335022
 11
6.37943
 21
0.338287
  0
LINE
  8
0
 10
6.37943
 20
0.338287
 11
6.38046
 21
0.341492
  0
LINE
  8
0
 10
6.38046
 20
0.341492
 11
6.38165
 21
0.344666
  0
LINE
  8
0
 10
6.38165
 20
0.344666
 11
6.38297
 21
0.347778
  0
LINE
  8
0
 10
6.38297
 20
0.347778
 11
6.3844
 21
0.350845
  0
LINE
  8
0
 10
6.3844
 20
0.350845
 11
6.38597
 21
0.353836
  0
LINE
  8
0
 10
6.38597
 20
0.353836
 11
6.38765
 21
0.356766
  0
LINE
  8
0
 10
6.38765
 20
0.356766
 11
6.38947
 21
0.359619
  0
LINE
  8
0
 10
6.38947
 20
0.359619
 11
6.39139
 21
0.362396
  0
LINE
  8
0
 10
6.39139
 20
0.362396
 11
6.39343
 21
0.365082
  0
LINE
  8
0
 10
6.39343
 20
0.365082
 11
6.3956
 21
0.367691
  0
LINE
  8
0
 10
6.3956
 20
0.367691
 11
6.39786
 21
0.370209
  0
LINE
  8
0
 10
6.39786
 20
0.370209
 11
6.40022
 21
0.37262
  0
LINE
  8
0
 10
6.40022
 20
0.37262
 11
6.40268
 21
0.374939
  0
LINE
  8
0
 10
6.40268
 20
0.374939
 11
6.40524
 21
0.377136
  0
LINE
  8
0
 10
6.40524
 20
0.377136
 11
6.4079
 21
0.379242
  0
LINE
  8
0
 10
6.4079
 20
0.379242
 11
6.41063
 21
0.381226
  0
LINE
  8
0
 10
6.41063
 20
0.381226
 11
6.41344
 21
0.383102
  0
LINE
  8
0
 10
6.41344
 20
0.383102
 11
6.41634
 21
0.384842
  0
LINE
  8
0
 10
6.41634
 20
0.384842
 11
6.4193
 21
0.386475
  0
LINE
  8
0
 10
6.4193
 20
0.386475
 11
6.42232
 21
0.387985
  0
LINE
  8
0
 10
6.42232
 20
0.387985
 11
6.42542
 21
0.389359
  0
LINE
  8
0
 10
6.42542
 20
0.389359
 11
6.42856
 21
0.390594
  0
LINE
  8
0
 10
6.42856
 20
0.390594
 11
6.43175
 21
0.391708
  0
LINE
  8
0
 10
6.43175
 20
0.391708
 11
6.43498
 21
0.392685
  0
LINE
  8
0
 10
6.43498
 20
0.392685
 11
6.43826
 21
0.393524
  0
LINE
  8
0
 10
6.43826
 20
0.393524
 11
6.44156
 21
0.394226
  0
LINE
  8
0
 10
6.44156
 20
0.394226
 11
6.4449
 21
0.394791
  0
LINE
  8
0
 10
6.4449
 20
0.394791
 11
6.44826
 21
0.395218
  0
LINE
  8
0
 10
6.44826
 20
0.395218
 11
6.45161
 21
0.395508
  0
LINE
  8
0
 10
6.45161
 20
0.395508
 11
6.455
 21
0.395645
  0
LINE
  8
0
 10
6.455
 20
0.395645
 11
6.45837
 21
0.395645
  0
LINE
  8
0
 10
6.45837
 20
0.395645
 11
6.46176
 21
0.395508
  0
LINE
  8
0
 10
6.46176
 20
0.395508
 11
6.46512
 21
0.395218
  0
LINE
  8
0
 10
6.46512
 20
0.395218
 11
6.46848
 21
0.394791
  0
LINE
  8
0
 10
6.46848
 20
0.394791
 11
6.47182
 21
0.394226
  0
LINE
  8
0
 10
6.47182
 20
0.394226
 11
6.47511
 21
0.393524
  0
LINE
  8
0
 10
6.47511
 20
0.393524
 11
6.47839
 21
0.392685
  0
LINE
  8
0
 10
6.47839
 20
0.392685
 11
6.48163
 21
0.391708
  0
LINE
  8
0
 10
6.48163
 20
0.391708
 11
6.48482
 21
0.390594
  0
LINE
  8
0
 10
6.48482
 20
0.390594
 11
6.48796
 21
0.389359
  0
LINE
  8
0
 10
6.48796
 20
0.389359
 11
6.49106
 21
0.387985
  0
LINE
  8
0
 10
6.49106
 20
0.387985
 11
6.49408
 21
0.386475
  0
LINE
  8
0
 10
6.49408
 20
0.386475
 11
6.49704
 21
0.384842
  0
LINE
  8
0
 10
6.49704
 20
0.384842
 11
6.49994
 21
0.383102
  0
LINE
  8
0
 10
6.49994
 20
0.383102
 11
6.50275
 21
0.381226
  0
LINE
  8
0
 10
6.50275
 20
0.381226
 11
6.50549
 21
0.379242
  0
LINE
  8
0
 10
6.50549
 20
0.379242
 11
6.50813
 21
0.377136
  0
LINE
  8
0
 10
6.50813
 20
0.377136
 11
6.5107
 21
0.374939
  0
LINE
  8
0
 10
6.5107
 20
0.374939
 11
6.51315
 21
0.37262
  0
LINE
  8
0
 10
6.51315
 20
0.37262
 11
6.51552
 21
0.370209
  0
LINE
  8
0
 10
6.51552
 20
0.370209
 11
6.51779
 21
0.367691
  0
LINE
  8
0
 10
6.51779
 20
0.367691
 11
6.51994
 21
0.365082
  0
LINE
  8
0
 10
6.51994
 20
0.365082
 11
6.52199
 21
0.362396
  0
LINE
  8
0
 10
6.52199
 20
0.362396
 11
6.52391
 21
0.359619
  0
LINE
  8
0
 10
6.52391
 20
0.359619
 11
6.52573
 21
0.356766
  0
LINE
  8
0
 10
6.52573
 20
0.356766
 11
6.52742
 21
0.353836
  0
LINE
  8
0
 10
6.52742
 20
0.353836
 11
6.52898
 21
0.350845
  0
LINE
  8
0
 10
6.52898
 20
0.350845
 11
6.53043
 21
0.347778
  0
LINE
  8
0
 10
6.53043
 20
0.347778
 11
6.53172
 21
0.344666
  0
LINE
  8
0
 10
6.53172
 20
0.344666
 11
6.53291
 21
0.341492
  0
LINE
  8
0
 10
6.53291
 20
0.341492
 11
6.53395
 21
0.338287
  0
LINE
  8
0
 10
6.53395
 20
0.338287
 11
6.53487
 21
0.335022
  0
LINE
  8
0
 10
6.53487
 20
0.335022
 11
6.53563
 21
0.331726
  0
LINE
  8
0
 10
6.53563
 20
0.331726
 11
6.53627
 21
0.328415
  0
LINE
  8
0
 10
6.53627
 20
0.328415
 11
6.53676
 21
0.325073
  0
LINE
  8
0
 10
6.53676
 20
0.325073
 11
6.53711
 21
0.321701
  0
LINE
  8
0
 10
6.53711
 20
0.321701
 11
6.53732
 21
0.318329
  0
LINE
  8
0
 10
6.53732
 20
0.318329
 11
6.5374
 21
0.314957
  0
LINE
  8
0
 10
6.5374
 20
0.314957
 11
6.53732
 21
0.311569
  0
LINE
  8
0
 10
6.53732
 20
0.311569
 11
6.53711
 21
0.308197
  0
LINE
  8
0
 10
6.53711
 20
0.308197
 11
6.53676
 21
0.30484
  0
LINE
  8
0
 10
6.53676
 20
0.30484
 11
6.53627
 21
0.301498
  0
LINE
  8
0
 10
6.53627
 20
0.301498
 11
6.53563
 21
0.298172
  0
LINE
  8
0
 10
6.53563
 20
0.298172
 11
6.53487
 21
0.294876
  0
LINE
  8
0
 10
6.53487
 20
0.294876
 11
6.53395
 21
0.291626
  0
LINE
  8
0
 10
6.53395
 20
0.291626
 11
6.53291
 21
0.288406
  0
LINE
  8
0
 10
6.53291
 20
0.288406
 11
6.53172
 21
0.285248
  0
LINE
  8
0
 10
6.53172
 20
0.285248
 11
6.53043
 21
0.28212
  0
LINE
  8
0
 10
6.53043
 20
0.28212
 11
6.52898
 21
0.279068
  0
LINE
  8
0
 10
6.52898
 20
0.279068
 11
6.52742
 21
0.276077
  0
LINE
  8
0
 10
6.52742
 20
0.276077
 11
6.52573
 21
0.273148
  0
LINE
  8
0
 10
6.52573
 20
0.273148
 11
6.52391
 21
0.270294
  0
LINE
  8
0
 10
6.52391
 20
0.270294
 11
6.52199
 21
0.267517
  0
LINE
  8
0
 10
6.52199
 20
0.267517
 11
6.51994
 21
0.264816
  0
LINE
  8
0
 10
6.51994
 20
0.264816
 11
6.51779
 21
0.262222
  0
LINE
  8
0
 10
6.51779
 20
0.262222
 11
6.51552
 21
0.259705
  0
LINE
  8
0
 10
6.51552
 20
0.259705
 11
6.51315
 21
0.257294
  0
LINE
  8
0
 10
6.51315
 20
0.257294
 11
6.5107
 21
0.254974
  0
LINE
  8
0
 10
6.5107
 20
0.254974
 11
6.50813
 21
0.252762
  0
LINE
  8
0
 10
6.50813
 20
0.252762
 11
6.50549
 21
0.250671
  0
LINE
  8
0
 10
6.50549
 20
0.250671
 11
6.50275
 21
0.248672
  0
LINE
  8
0
 10
6.50275
 20
0.248672
 11
6.49994
 21
0.246811
  0
LINE
  8
0
 10
6.49994
 20
0.246811
 11
6.49704
 21
0.245056
  0
LINE
  8
0
 10
6.49704
 20
0.245056
 11
6.49408
 21
0.243423
  0
LINE
  8
0
 10
6.49408
 20
0.243423
 11
6.49106
 21
0.241928
  0
LINE
  8
0
 10
6.49106
 20
0.241928
 11
6.48796
 21
0.240555
  0
LINE
  8
0
 10
6.48796
 20
0.240555
 11
6.48482
 21
0.239304
  0
LINE
  8
0
 10
6.48482
 20
0.239304
 11
6.48163
 21
0.23819
  0
LINE
  8
0
 10
6.48163
 20
0.23819
 11
6.47839
 21
0.237213
  0
LINE
  8
0
 10
6.47839
 20
0.237213
 11
6.47511
 21
0.236374
  0
LINE
  8
0
 10
6.47511
 20
0.236374
 11
6.47182
 21
0.235672
  0
LINE
  8
0
 10
6.47182
 20
0.235672
 11
6.46848
 21
0.235107
  0
LINE
  8
0
 10
6.46848
 20
0.235107
 11
6.46512
 21
0.23468
  0
LINE
  8
0
 10
6.46512
 20
0.23468
 11
6.46176
 21
0.234406
  0
LINE
  8
0
 10
6.46176
 20
0.234406
 11
6.45837
 21
0.234268
  0
LINE
  8
0
 10
6.45837
 20
0.234268
 11
6.455
 21
0.234268
  0
LINE
  8
0
 10
7.71484
 20
-0.0806885
 11
7.71147
 21
-0.0805359
  0
LINE
  8
0
 10
7.71147
 20
-0.0805359
 11
7.7081
 21
-0.0802612
  0
LINE
  8
0
 10
7.7081
 20
-0.0802612
 11
7.70474
 21
-0.079834
  0
LINE
  8
0
 10
7.70474
 20
-0.079834
 11
7.70142
 21
-0.0792694
  0
LINE
  8
0
 10
7.70142
 20
-0.0792694
 11
7.6981
 21
-0.0785675
  0
LINE
  8
0
 10
7.6981
 20
-0.0785675
 11
7.69482
 21
-0.0777283
  0
LINE
  8
0
 10
7.69482
 20
-0.0777283
 11
7.69159
 21
-0.0767517
  0
LINE
  8
0
 10
7.69159
 20
-0.0767517
 11
7.6884
 21
-0.0756378
  0
LINE
  8
0
 10
7.6884
 20
-0.0756378
 11
7.68526
 21
-0.0744019
  0
LINE
  8
0
 10
7.68526
 20
-0.0744019
 11
7.68217
 21
-0.0730133
  0
LINE
  8
0
 10
7.68217
 20
-0.0730133
 11
7.67914
 21
-0.0715179
  0
LINE
  8
0
 10
7.67914
 20
-0.0715179
 11
7.67618
 21
-0.0698853
  0
LINE
  8
0
 10
7.67618
 20
-0.0698853
 11
7.67328
 21
-0.0681305
  0
LINE
  8
0
 10
7.67328
 20
-0.0681305
 11
7.67047
 21
-0.0662689
  0
LINE
  8
0
 10
7.67047
 20
-0.0662689
 11
7.66774
 21
-0.0642853
  0
LINE
  8
0
 10
7.66774
 20
-0.0642853
 11
7.66508
 21
-0.0621796
  0
LINE
  8
0
 10
7.66508
 20
-0.0621796
 11
7.66252
 21
-0.059967
  0
LINE
  8
0
 10
7.66252
 20
-0.059967
 11
7.66006
 21
-0.057663
  0
LINE
  8
0
 10
7.66006
 20
-0.057663
 11
7.6577
 21
-0.0552368
  0
LINE
  8
0
 10
7.6577
 20
-0.0552368
 11
7.65544
 21
-0.0527344
  0
LINE
  8
0
 10
7.65544
 20
-0.0527344
 11
7.65327
 21
-0.0501251
  0
LINE
  8
0
 10
7.65327
 20
-0.0501251
 11
7.65123
 21
-0.0474243
  0
LINE
  8
0
 10
7.65123
 20
-0.0474243
 11
7.64931
 21
-0.0446625
  0
LINE
  8
0
 10
7.64931
 20
-0.0446625
 11
7.64749
 21
-0.0418091
  0
LINE
  8
0
 10
7.64749
 20
-0.0418091
 11
7.64581
 21
-0.0388794
  0
LINE
  8
0
 10
7.64581
 20
-0.0388794
 11
7.64424
 21
-0.0358734
  0
LINE
  8
0
 10
7.64424
 20
-0.0358734
 11
7.64281
 21
-0.0328217
  0
LINE
  8
0
 10
7.64281
 20
-0.0328217
 11
7.64149
 21
-0.0297089
  0
LINE
  8
0
 10
7.64149
 20
-0.0297089
 11
7.64032
 21
-0.026535
  0
LINE
  8
0
 10
7.64032
 20
-0.026535
 11
7.63927
 21
-0.0233154
  0
LINE
  8
0
 10
7.63927
 20
-0.0233154
 11
7.63835
 21
-0.0200653
  0
LINE
  8
0
 10
7.63835
 20
-0.0200653
 11
7.63759
 21
-0.0167694
  0
LINE
  8
0
 10
7.63759
 20
-0.0167694
 11
7.63695
 21
-0.0134583
  0
LINE
  8
0
 10
7.63695
 20
-0.0134583
 11
7.63646
 21
-0.0101013
  0
LINE
  8
0
 10
7.63646
 20
-0.0101013
 11
7.63611
 21
-0.00674438
  0
LINE
  8
0
 10
7.63611
 20
-0.00674438
 11
7.63589
 21
-0.00337219
  0
LINE
  8
0
 10
7.63589
 20
-0.00337219
 11
7.63582
 21
0
  0
LINE
  8
0
 10
7.63582
 20
0
 11
7.63589
 21
0.00337219
  0
LINE
  8
0
 10
7.63589
 20
0.00337219
 11
7.63611
 21
0.00674438
  0
LINE
  8
0
 10
7.63611
 20
0.00674438
 11
7.63646
 21
0.0101013
  0
LINE
  8
0
 10
7.63646
 20
0.0101013
 11
7.63695
 21
0.0134583
  0
LINE
  8
0
 10
7.63695
 20
0.0134583
 11
7.63759
 21
0.0167694
  0
LINE
  8
0
 10
7.63759
 20
0.0167694
 11
7.63835
 21
0.0200653
  0
LINE
  8
0
 10
7.63835
 20
0.0200653
 11
7.63927
 21
0.0233154
  0
LINE
  8
0
 10
7.63927
 20
0.0233154
 11
7.64032
 21
0.026535
  0
LINE
  8
0
 10
7.64032
 20
0.026535
 11
7.64149
 21
0.0297089
  0
LINE
  8
0
 10
7.64149
 20
0.0297089
 11
7.64281
 21
0.0328217
  0
LINE
  8
0
 10
7.64281
 20
0.0328217
 11
7.64424
 21
0.0358734
  0
LINE
  8
0
 10
7.64424
 20
0.0358734
 11
7.64581
 21
0.0388794
  0
LINE
  8
0
 10
7.64581
 20
0.0388794
 11
7.64749
 21
0.0418091
  0
LINE
  8
0
 10
7.64749
 20
0.0418091
 11
7.64931
 21
0.0446625
  0
LINE
  8
0
 10
7.64931
 20
0.0446625
 11
7.65123
 21
0.0474243
  0
LINE
  8
0
 10
7.65123
 20
0.0474243
 11
7.65327
 21
0.0501251
  0
LINE
  8
0
 10
7.65327
 20
0.0501251
 11
7.65544
 21
0.0527344
  0
LINE
  8
0
 10
7.65544
 20
0.0527344
 11
7.6577
 21
0.0552368
  0
LINE
  8
0
 10
7.6577
 20
0.0552368
 11
7.66006
 21
0.057663
  0
LINE
  8
0
 10
7.66006
 20
0.057663
 11
7.66252
 21
0.059967
  0
LINE
  8
0
 10
7.66252
 20
0.059967
 11
7.66508
 21
0.0621796
  0
LINE
  8
0
 10
7.66508
 20
0.0621796
 11
7.66774
 21
0.0642853
  0
LINE
  8
0
 10
7.66774
 20
0.0642853
 11
7.67047
 21
0.0662689
  0
LINE
  8
0
 10
7.67047
 20
0.0662689
 11
7.67328
 21
0.0681305
  0
LINE
  8
0
 10
7.67328
 20
0.0681305
 11
7.67618
 21
0.0698853
  0
LINE
  8
0
 10
7.67618
 20
0.0698853
 11
7.67914
 21
0.0715179
  0
LINE
  8
0
 10
7.67914
 20
0.0715179
 11
7.68217
 21
0.0730133
  0
LINE
  8
0
 10
7.68217
 20
0.0730133
 11
7.68526
 21
0.0744019
  0
LINE
  8
0
 10
7.68526
 20
0.0744019
 11
7.6884
 21
0.0756378
  0
LINE
  8
0
 10
7.6884
 20
0.0756378
 11
7.69159
 21
0.0767517
  0
LINE
  8
0
 10
7.69159
 20
0.0767517
 11
7.69482
 21
0.0777283
  0
LINE
  8
0
 10
7.69482
 20
0.0777283
 11
7.6981
 21
0.0785675
  0
LINE
  8
0
 10
7.6981
 20
0.0785675
 11
7.70142
 21
0.0792694
  0
LINE
  8
0
 10
7.70142
 20
0.0792694
 11
7.70474
 21
0.079834
  0
LINE
  8
0
 10
7.70474
 20
0.079834
 11
7.7081
 21
0.0802612
  0
LINE
  8
0
 10
7.7081
 20
0.0802612
 11
7.71147
 21
0.0805359
  0
LINE
  8
0
 10
7.71147
 20
0.0805359
 11
7.71484
 21
0.0806885
  0
LINE
  8
0
 10
7.71484
 20
0.0806885
 11
7.71822
 21
0.0806885
  0
LINE
  8
0
 10
7.71822
 20
0.0806885
 11
7.7216
 21
0.0805359
  0
LINE
  8
0
 10
7.7216
 20
0.0805359
 11
7.72498
 21
0.0802612
  0
LINE
  8
0
 10
7.72498
 20
0.0802612
 11
7.72832
 21
0.079834
  0
LINE
  8
0
 10
7.72832
 20
0.079834
 11
7.73166
 21
0.0792694
  0
LINE
  8
0
 10
7.73166
 20
0.0792694
 11
7.73495
 21
0.0785675
  0
LINE
  8
0
 10
7.73495
 20
0.0785675
 11
7.73824
 21
0.0777283
  0
LINE
  8
0
 10
7.73824
 20
0.0777283
 11
7.74147
 21
0.0767517
  0
LINE
  8
0
 10
7.74147
 20
0.0767517
 11
7.74466
 21
0.0756378
  0
LINE
  8
0
 10
7.74466
 20
0.0756378
 11
7.7478
 21
0.0744019
  0
LINE
  8
0
 10
7.7478
 20
0.0744019
 11
7.7509
 21
0.0730133
  0
LINE
  8
0
 10
7.7509
 20
0.0730133
 11
7.75392
 21
0.0715179
  0
LINE
  8
0
 10
7.75392
 20
0.0715179
 11
7.75688
 21
0.0698853
  0
LINE
  8
0
 10
7.75688
 20
0.0698853
 11
7.75978
 21
0.0681305
  0
LINE
  8
0
 10
7.75978
 20
0.0681305
 11
7.76259
 21
0.0662689
  0
LINE
  8
0
 10
7.76259
 20
0.0662689
 11
7.76534
 21
0.0642853
  0
LINE
  8
0
 10
7.76534
 20
0.0642853
 11
7.76797
 21
0.0621796
  0
LINE
  8
0
 10
7.76797
 20
0.0621796
 11
7.77054
 21
0.059967
  0
LINE
  8
0
 10
7.77054
 20
0.059967
 11
7.77299
 21
0.057663
  0
LINE
  8
0
 10
7.77299
 20
0.057663
 11
7.77536
 21
0.0552368
  0
LINE
  8
0
 10
7.77536
 20
0.0552368
 11
7.77763
 21
0.0527344
  0
LINE
  8
0
 10
7.77763
 20
0.0527344
 11
7.77979
 21
0.0501251
  0
LINE
  8
0
 10
7.77979
 20
0.0501251
 11
7.78183
 21
0.0474243
  0
LINE
  8
0
 10
7.78183
 20
0.0474243
 11
7.78375
 21
0.0446625
  0
LINE
  8
0
 10
7.78375
 20
0.0446625
 11
7.78557
 21
0.0418091
  0
LINE
  8
0
 10
7.78557
 20
0.0418091
 11
7.78726
 21
0.0388794
  0
LINE
  8
0
 10
7.78726
 20
0.0388794
 11
7.78882
 21
0.0358734
  0
LINE
  8
0
 10
7.78882
 20
0.0358734
 11
7.79027
 21
0.0328217
  0
LINE
  8
0
 10
7.79027
 20
0.0328217
 11
7.79158
 21
0.0297089
  0
LINE
  8
0
 10
7.79158
 20
0.0297089
 11
7.79276
 21
0.026535
  0
LINE
  8
0
 10
7.79276
 20
0.026535
 11
7.79379
 21
0.0233154
  0
LINE
  8
0
 10
7.79379
 20
0.0233154
 11
7.79471
 21
0.0200653
  0
LINE
  8
0
 10
7.79471
 20
0.0200653
 11
7.79547
 21
0.0167694
  0
LINE
  8
0
 10
7.79547
 20
0.0167694
 11
7.79611
 21
0.0134583
  0
LINE
  8
0
 10
7.79611
 20
0.0134583
 11
7.7966
 21
0.0101013
  0
LINE
  8
0
 10
7.7966
 20
0.0101013
 11
7.79695
 21
0.00674438
  0
LINE
  8
0
 10
7.79695
 20
0.00674438
 11
7.79716
 21
0.00337219
  0
LINE
  8
0
 10
7.79716
 20
0.00337219
 11
7.79724
 21
0
  0
LINE
  8
0
 10
7.79724
 20
0
 11
7.79716
 21
-0.00337219
  0
LINE
  8
0
 10
7.79716
 20
-0.00337219
 11
7.79695
 21
-0.00674438
  0
LINE
  8
0
 10
7.79695
 20
-0.00674438
 11
7.7966
 21
-0.0101013
  0
LINE
  8
0
 10
7.7966
 20
-0.0101013
 11
7.79611
 21
-0.0134583
  0
LINE
  8
0
 10
7.79611
 20
-0.0134583
 11
7.79547
 21
-0.0167694
  0
LINE
  8
0
 10
7.79547
 20
-0.0167694
 11
7.79471
 21
-0.0200653
  0
LINE
  8
0
 10
7.79471
 20
-0.0200653
 11
7.79379
 21
-0.0233154
  0
LINE
  8
0
 10
7.79379
 20
-0.0233154
 11
7.79276
 21
-0.026535
  0
LINE
  8
0
 10
7.79276
 20
-0.026535
 11
7.79158
 21
-0.0297089
  0
LINE
  8
0
 10
7.79158
 20
-0.0297089
 11
7.79027
 21
-0.0328217
  0
LINE
  8
0
 10
7.79027
 20
-0.0328217
 11
7.78882
 21
-0.0358734
  0
LINE
  8
0
 10
7.78882
 20
-0.0358734
 11
7.78726
 21
-0.0388794
  0
LINE
  8
0
 10
7.78726
 20
-0.0388794
 11
7.78557
 21
-0.0418091
  0
LINE
  8
0
 10
7.78557
 20
-0.0418091
 11
7.78375
 21
-0.0446625
  0
LINE
  8
0
 10
7.78375
 20
-0.0446625
 11
7.78183
 21
-0.0474243
  0
LINE
  8
0
 10
7.78183
 20
-0.0474243
 11
7.77979
 21
-0.0501251
  0
LINE
  8
0
 10
7.77979
 20
-0.0501251
 11
7.77763
 21
-0.0527344
  0
LINE
  8
0
 10
7.77763
 20
-0.0527344
 11
7.77536
 21
-0.0552368
  0
LINE
  8
0
 10
7.77536
 20
-0.0552368
 11
7.77299
 21
-0.057663
  0
LINE
  8
0
 10
7.77299
 20
-0.057663
 11
7.77054
 21
-0.059967
  0
LINE
  8
0
 10
7.77054
 20
-0.059967
 11
7.76797
 21
-0.0621796
  0
LINE
  8
0
 10
7.76797
 20
-0.0621796
 11
7.76534
 21
-0.0642853
  0
LINE
  8
0
 10
7.76534
 20
-0.0642853
 11
7.76259
 21
-0.0662689
  0
LINE
  8
0
 10
7.76259
 20
-0.0662689
 11
7.75978
 21
-0.0681305
  0
LINE
  8
0
 10
7.75978
 20
-0.0681305
 11
7.75688
 21
-0.0698853
  0
LINE
  8
0
 10
7.75688
 20
-0.0698853
 11
7.75392
 21
-0.0715179
  0
LINE
  8
0
 10
7.75392
 20
-0.0715179
 11
7.7509
 21
-0.0730133
  0
LINE
  8
0
 10
7.7509
 20
-0.0730133
 11
7.7478
 21
-0.0744019
  0
LINE
  8
0
 10
7.7478
 20
-0.0744019
 11
7.74466
 21
-0.0756378
  0
LINE
  8
0
 10
7.74466
 20
-0.0756378
 11
7.74147
 21
-0.0767517
  0
LINE
  8
0
 10
7.74147
 20
-0.0767517
 11
7.73824
 21
-0.0777283
  0
LINE
  8
0
 10
7.73824
 20
-0.0777283
 11
7.73495
 21
-0.0785675
  0
LINE
  8
0
 10
7.73495
 20
-0.0785675
 11
7.73166
 21
-0.0792694
  0
LINE
  8
0
 10
7.73166
 20
-0.0792694
 11
7.72832
 21
-0.079834
  0
LINE
  8
0
 10
7.72832
 20
-0.079834
 11
7.72498
 21
-0.0802612
  0
LINE
  8
0
 10
7.72498
 20
-0.0802612
 11
7.7216
 21
-0.0805359
  0
LINE
  8
0
 10
7.7216
 20
-0.0805359
 11
7.71822
 21
-0.0806885
  0
LINE
  8
0
 10
7.71822
 20
-0.0806885
 11
7.71484
 21
-0.0806885
  0
LINE
  8
0
 10
-6.45837
 20
-0.0806885
 11
-6.46176
 21
-0.0805359
  0
LINE
  8
0
 10
-6.46176
 20
-0.0805359
 11
-6.46512
 21
-0.0802612
  0
LINE
  8
0
 10
-6.46512
 20
-0.0802612
 11
-6.46848
 21
-0.079834
  0
LINE
  8
0
 10
-6.46848
 20
-0.079834
 11
-6.47182
 21
-0.0792694
  0
LINE
  8
0
 10
-6.47182
 20
-0.0792694
 11
-6.47511
 21
-0.0785675
  0
LINE
  8
0
 10
-6.47511
 20
-0.0785675
 11
-6.47839
 21
-0.0777283
  0
LINE
  8
0
 10
-6.47839
 20
-0.0777283
 11
-6.48163
 21
-0.0767517
  0
LINE
  8
0
 10
-6.48163
 20
-0.0767517
 11
-6.48482
 21
-0.0756378
  0
LINE
  8
0
 10
-6.48482
 20
-0.0756378
 11
-6.48796
 21
-0.0744019
  0
LINE
  8
0
 10
-6.48796
 20
-0.0744019
 11
-6.49106
 21
-0.0730133
  0
LINE
  8
0
 10
-6.49106
 20
-0.0730133
 11
-6.49408
 21
-0.0715179
  0
LINE
  8
0
 10
-6.49408
 20
-0.0715179
 11
-6.49704
 21
-0.0698853
  0
LINE
  8
0
 10
-6.49704
 20
-0.0698853
 11
-6.49994
 21
-0.0681305
  0
LINE
  8
0
 10
-6.49994
 20
-0.0681305
 11
-6.50275
 21
-0.0662689
  0
LINE
  8
0
 10
-6.50275
 20
-0.0662689
 11
-6.50549
 21
-0.0642853
  0
LINE
  8
0
 10
-6.50549
 20
-0.0642853
 11
-6.50813
 21
-0.0621796
  0
LINE
  8
0
 10
-6.50813
 20
-0.0621796
 11
-6.5107
 21
-0.059967
  0
LINE
  8
0
 10
-6.5107
 20
-0.059967
 11
-6.51315
 21
-0.057663
  0
LINE
  8
0
 10
-6.51315
 20
-0.057663
 11
-6.51552
 21
-0.0552368
  0
LINE
  8
0
 10
-6.51552
 20
-0.0552368
 11
-6.51779
 21
-0.0527344
  0
LINE
  8
0
 10
-6.51779
 20
-0.0527344
 11
-6.51994
 21
-0.0501251
  0
LINE
  8
0
 10
-6.51994
 20
-0.0501251
 11
-6.52199
 21
-0.0474243
  0
LINE
  8
0
 10
-6.52199
 20
-0.0474243
 11
-6.52391
 21
-0.0446625
  0
LINE
  8
0
 10
-6.52391
 20
-0.0446625
 11
-6.52573
 21
-0.0418091
  0
LINE
  8
0
 10
-6.52573
 20
-0.0418091
 11
-6.52742
 21
-0.0388794
  0
LINE
  8
0
 10
-6.52742
 20
-0.0388794
 11
-6.52898
 21
-0.0358734
  0
LINE
  8
0
 10
-6.52898
 20
-0.0358734
 11
-6.53043
 21
-0.0328217
  0
LINE
  8
0
 10
-6.53043
 20
-0.0328217
 11
-6.53172
 21
-0.0297089
  0
LINE
  8
0
 10
-6.53172
 20
-0.0297089
 11
-6.53291
 21
-0.026535
  0
LINE
  8
0
 10
-6.53291
 20
-0.026535
 11
-6.53395
 21
-0.0233154
  0
LINE
  8
0
 10
-6.53395
 20
-0.0233154
 11
-6.53487
 21
-0.0200653
  0
LINE
  8
0
 10
-6.53487
 20
-0.0200653
 11
-6.53563
 21
-0.0167694
  0
LINE
  8
0
 10
-6.53563
 20
-0.0167694
 11
-6.53627
 21
-0.0134583
  0
LINE
  8
0
 10
-6.53627
 20
-0.0134583
 11
-6.53676
 21
-0.0101013
  0
LINE
  8
0
 10
-6.53676
 20
-0.0101013
 11
-6.53711
 21
-0.00674438
  0
LINE
  8
0
 10
-6.53711
 20
-0.00674438
 11
-6.53732
 21
-0.00337219
  0
LINE
  8
0
 10
-6.53732
 20
-0.00337219
 11
-6.5374
 21
0
  0
LINE
  8
0
 10
-6.5374
 20
0
 11
-6.53732
 21
0.00337219
  0
LINE
  8
0
 10
-6.53732
 20
0.00337219
 11
-6.53711
 21
0.00674438
  0
LINE
  8
0
 10
-6.53711
 20
0.00674438
 11
-6.53676
 21
0.0101013
  0
LINE
  8
0
 10
-6.53676
 20
0.0101013
 11
-6.53627
 21
0.0134583
  0
LINE
  8
0
 10
-6.53627
 20
0.0134583
 11
-6.53563
 21
0.0167694
  0
LINE
  8
0
 10
-6.53563
 20
0.0167694
 11
-6.53487
 21
0.0200653
  0
LINE
  8
0
 10
-6.53487
 20
0.0200653
 11
-6.53395
 21
0.0233154
  0
LINE
  8
0
 10
-6.53395
 20
0.0233154
 11
-6.53291
 21
0.026535
  0
LINE
  8
0
 10
-6.53291
 20
0.026535
 11
-6.53172
 21
0.0297089
  0
LINE
  8
0
 10
-6.53172
 20
0.0297089
 11
-6.53043
 21
0.0328217
  0
LINE
  8
0
 10
-6.53043
 20
0.0328217
 11
-6.52898
 21
0.0358734
  0
LINE
  8
0
 10
-6.52898
 20
0.0358734
 11
-6.52742
 21
0.0388794
  0
LINE
  8
0
 10
-6.52742
 20
0.0388794
 11
-6.52573
 21
0.0418091
  0
LINE
  8
0
 10
-6.52573
 20
0.0418091
 11
-6.52391
 21
0.0446625
  0
LINE
  8
0
 10
-6.52391
 20
0.0446625
 11
-6.52199
 21
0.0474243
  0
LINE
  8
0
 10
-6.52199
 20
0.0474243
 11
-6.51994
 21
0.0501251
  0
LINE
  8
0
 10
-6.51994
 20
0.0501251
 11
-6.51779
 21
0.0527344
  0
LINE
  8
0
 10
-6.51779
 20
0.0527344
 11
-6.51552
 21
0.0552368
  0
LINE
  8
0
 10
-6.51552
 20
0.0552368
 11
-6.51315
 21
0.057663
  0
LINE
  8
0
 10
-6.51315
 20
0.057663
 11
-6.5107
 21
0.059967
  0
LINE
  8
0
 10
-6.5107
 20
0.059967
 11
-6.50813
 21
0.0621796
  0
LINE
  8
0
 10
-6.50813
 20
0.0621796
 11
-6.50549
 21
0.0642853
  0
LINE
  8
0
 10
-6.50549
 20
0.0642853
 11
-6.50275
 21
0.0662689
  0
LINE
  8
0
 10
-6.50275
 20
0.0662689
 11
-6.49994
 21
0.0681305
  0
LINE
  8
0
 10
-6.49994
 20
0.0681305
 11
-6.49704
 21
0.0698853
  0
LINE
  8
0
 10
-6.49704
 20
0.0698853
 11
-6.49408
 21
0.0715179
  0
LINE
  8
0
 10
-6.49408
 20
0.0715179
 11
-6.49106
 21
0.0730133
  0
LINE
  8
0
 10
-6.49106
 20
0.0730133
 11
-6.48796
 21
0.0744019
  0
LINE
  8
0
 10
-6.48796
 20
0.0744019
 11
-6.48482
 21
0.0756378
  0
LINE
  8
0
 10
-6.48482
 20
0.0756378
 11
-6.48163
 21
0.0767517
  0
LINE
  8
0
 10
-6.48163
 20
0.0767517
 11
-6.47839
 21
0.0777283
  0
LINE
  8
0
 10
-6.47839
 20
0.0777283
 11
-6.47511
 21
0.0785675
  0
LINE
  8
0
 10
-6.47511
 20
0.0785675
 11
-6.47182
 21
0.0792694
  0
LINE
  8
0
 10
-6.47182
 20
0.0792694
 11
-6.46848
 21
0.079834
  0
LINE
  8
0
 10
-6.46848
 20
0.079834
 11
-6.46512
 21
0.0802612
  0
LINE
  8
0
 10
-6.46512
 20
0.0802612
 11
-6.46176
 21
0.0805359
  0
LINE
  8
0
 10
-6.46176
 20
0.0805359
 11
-6.45837
 21
0.0806885
  0
LINE
  8
0
 10
-6.45837
 20
0.0806885
 11
-6.455
 21
0.0806885
  0
LINE
  8
0
 10
-6.455
 20
0.0806885
 11
-6.45161
 21
0.0805359
  0
LINE
  8
0
 10
-6.45161
 20
0.0805359
 11
-6.44826
 21
0.0802612
  0
LINE
  8
0
 10
-6.44826
 20
0.0802612
 11
-6.4449
 21
0.079834
  0
LINE
  8
0
 10
-6.4449
 20
0.079834
 11
-6.44156
 21
0.0792694
  0
LINE
  8
0
 10
-6.44156
 20
0.0792694
 11
-6.43826
 21
0.0785675
  0
LINE
  8
0
 10
-6.43826
 20
0.0785675
 11
-6.43498
 21
0.0777283
  0
LINE
  8
0
 10
-6.43498
 20
0.0777283
 11
-6.43175
 21
0.0767517
  0
LINE
  8
0
 10
-6.43175
 20
0.0767517
 11
-6.42856
 21
0.0756378
  0
LINE
  8
0
 10
-6.42856
 20
0.0756378
 11
-6.42542
 21
0.0744019
  0
LINE
  8
0
 10
-6.42542
 20
0.0744019
 11
-6.42232
 21
0.0730133
  0
LINE
  8
0
 10
-6.42232
 20
0.0730133
 11
-6.4193
 21
0.0715179
  0
LINE
  8
0
 10
-6.4193
 20
0.0715179
 11
-6.41634
 21
0.0698853
  0
LINE
  8
0
 10
-6.41634
 20
0.0698853
 11
-6.41344
 21
0.0681305
  0
LINE
  8
0
 10
-6.41344
 20
0.0681305
 11
-6.41063
 21
0.0662689
  0
LINE
  8
0
 10
-6.41063
 20
0.0662689
 11
-6.4079
 21
0.0642853
  0
LINE
  8
0
 10
-6.4079
 20
0.0642853
 11
-6.40524
 21
0.0621796
  0
LINE
  8
0
 10
-6.40524
 20
0.0621796
 11
-6.40268
 21
0.059967
  0
LINE
  8
0
 10
-6.40268
 20
0.059967
 11
-6.40022
 21
0.057663
  0
LINE
  8
0
 10
-6.40022
 20
0.057663
 11
-6.39786
 21
0.0552368
  0
LINE
  8
0
 10
-6.39786
 20
0.0552368
 11
-6.3956
 21
0.0527344
  0
LINE
  8
0
 10
-6.3956
 20
0.0527344
 11
-6.39343
 21
0.0501251
  0
LINE
  8
0
 10
-6.39343
 20
0.0501251
 11
-6.39139
 21
0.0474243
  0
LINE
  8
0
 10
-6.39139
 20
0.0474243
 11
-6.38947
 21
0.0446625
  0
LINE
  8
0
 10
-6.38947
 20
0.0446625
 11
-6.38765
 21
0.0418091
  0
LINE
  8
0
 10
-6.38765
 20
0.0418091
 11
-6.38597
 21
0.0388794
  0
LINE
  8
0
 10
-6.38597
 20
0.0388794
 11
-6.3844
 21
0.0358734
  0
LINE
  8
0
 10
-6.3844
 20
0.0358734
 11
-6.38297
 21
0.0328217
  0
LINE
  8
0
 10
-6.38297
 20
0.0328217
 11
-6.38165
 21
0.0297089
  0
LINE
  8
0
 10
-6.38165
 20
0.0297089
 11
-6.38046
 21
0.026535
  0
LINE
  8
0
 10
-6.38046
 20
0.026535
 11
-6.37943
 21
0.0233154
  0
LINE
  8
0
 10
-6.37943
 20
0.0233154
 11
-6.37851
 21
0.0200653
  0
LINE
  8
0
 10
-6.37851
 20
0.0200653
 11
-6.37775
 21
0.0167694
  0
LINE
  8
0
 10
-6.37775
 20
0.0167694
 11
-6.37711
 21
0.0134583
  0
LINE
  8
0
 10
-6.37711
 20
0.0134583
 11
-6.37662
 21
0.0101013
  0
LINE
  8
0
 10
-6.37662
 20
0.0101013
 11
-6.37627
 21
0.00674438
  0
LINE
  8
0
 10
-6.37627
 20
0.00674438
 11
-6.37605
 21
0.00337219
  0
LINE
  8
0
 10
-6.37605
 20
0.00337219
 11
-6.37598
 21
0
  0
LINE
  8
0
 10
-6.37598
 20
0
 11
-6.37605
 21
-0.00337219
  0
LINE
  8
0
 10
-6.37605
 20
-0.00337219
 11
-6.37627
 21
-0.00674438
  0
LINE
  8
0
 10
-6.37627
 20
-0.00674438
 11
-6.37662
 21
-0.0101013
  0
LINE
  8
0
 10
-6.37662
 20
-0.0101013
 11
-6.37711
 21
-0.0134583
  0
LINE
  8
0
 10
-6.37711
 20
-0.0134583
 11
-6.37775
 21
-0.0167694
  0
LINE
  8
0
 10
-6.37775
 20
-0.0167694
 11
-6.37851
 21
-0.0200653
  0
LINE
  8
0
 10
-6.37851
 20
-0.0200653
 11
-6.37943
 21
-0.0233154
  0
LINE
  8
0
 10
-6.37943
 20
-0.0233154
 11
-6.38046
 21
-0.026535
  0
LINE
  8
0
 10
-6.38046
 20
-0.026535
 11
-6.38165
 21
-0.0297089
  0
LINE
  8
0
 10
-6.38165
 20
-0.0297089
 11
-6.38297
 21
-0.0328217
  0
LINE
  8
0
 10
-6.38297
 20
-0.0328217
 11
-6.3844
 21
-0.0358734
  0
LINE
  8
0
 10
-6.3844
 20
-0.0358734
 11
-6.38597
 21
-0.0388794
  0
LINE
  8
0
 10
-6.38597
 20
-0.0388794
 11
-6.38765
 21
-0.0418091
  0
LINE
  8
0
 10
-6.38765
 20
-0.0418091
 11
-6.38947
 21
-0.0446625
  0
LINE
  8
0
 10
-6.38947
 20
-0.0446625
 11
-6.39139
 21
-0.0474243
  0
LINE
  8
0
 10
-6.39139
 20
-0.0474243
 11
-6.39343
 21
-0.0501251
  0
LINE
  8
0
 10
-6.39343
 20
-0.0501251
 11
-6.3956
 21
-0.0527344
  0
LINE
  8
0
 10
-6.3956
 20
-0.0527344
 11
-6.39786
 21
-0.0552368
  0
LINE
  8
0
 10
-6.39786
 20
-0.0552368
 11
-6.40022
 21
-0.057663
  0
LINE
  8
0
 10
-6.40022
 20
-0.057663
 11
-6.40268
 21
-0.059967
  0
LINE
  8
0
 10
-6.40268
 20
-0.059967
 11
-6.40524
 21
-0.0621796
  0
LINE
  8
0
 10
-6.40524
 20
-0.0621796
 11
-6.4079
 21
-0.0642853
  0
LINE
  8
0
 10
-6.4079
 20
-0.0642853
 11
-6.41063
 21
-0.0662689
  0
LINE
  8
0
 10
-6.41063
 20
-0.0662689
 11
-6.41344
 21
-0.0681305
  0
LINE
  8
0
 10
-6.41344
 20
-0.0681305
 11
-6.41634
 21
-0.0698853
  0
LINE
  8
0
 10
-6.41634
 20
-0.0698853
 11
-6.4193
 21
-0.0715179
  0
LINE
  8
0
 10
-6.4193
 20
-0.0715179
 11
-6.42232
 21
-0.0730133
  0
LINE
  8
0
 10
-6.42232
 20
-0.0730133
 11
-6.42542
 21
-0.0744019
  0
LINE
  8
0
 10
-6.42542
 20
-0.0744019
 11
-6.42856
 21
-0.0756378
  0
LINE
  8
0
 10
-6.42856
 20
-0.0756378
 11
-6.43175
 21
-0.0767517
  0
LINE
  8
0
 10
-6.43175
 20
-0.0767517
 11
-6.43498
 21
-0.0777283
  0
LINE
  8
0
 10
-6.43498
 20
-0.0777283
 11
-6.43826
 21
-0.0785675
  0
LINE
  8
0
 10
-6.43826
 20
-0.0785675
 11
-6.44156
 21
-0.0792694
  0
LINE
  8
0
 10
-6.44156
 20
-0.0792694
 11
-6.4449
 21
-0.079834
  0
LINE
  8
0
 10
-6.4449
 20
-0.079834
 11
-6.44826
 21
-0.0802612
  0
LINE
  8
0
 10
-6.44826
 20
-0.0802612
 11
-6.45161
 21
-0.0805359
  0
LINE
  8
0
 10
-6.45161
 20
-0.0805359
 11
-6.455
 21
-0.0806885
  0
LINE
  8
0
 10
-6.455
 20
-0.0806885
 11
-6.45837
 21
-0.0806885
  0
LINE
  8
0
 10
6.455
 20
-0.0806885
 11
6.45161
 21
-0.0805359
  0
LINE
  8
0
 10
6.45161
 20
-0.0805359
 11
6.44826
 21
-0.0802612
  0
LINE
  8
0
 10
6.44826
 20
-0.0802612
 11
6.4449
 21
-0.079834
  0
LINE
  8
0
 10
6.4449
 20
-0.079834
 11
6.44156
 21
-0.0792694
  0
LINE
  8
0
 10
6.44156
 20
-0.0792694
 11
6.43826
 21
-0.0785675
  0
LINE
  8
0
 10
6.43826
 20
-0.0785675
 11
6.43498
 21
-0.0777283
  0
LINE
  8
0
 10
6.43498
 20
-0.0777283
 11
6.43175
 21
-0.0767517
  0
LINE
  8
0
 10
6.43175
 20
-0.0767517
 11
6.42856
 21
-0.0756378
  0
LINE
  8
0
 10
6.42856
 20
-0.0756378
 11
6.42542
 21
-0.0744019
  0
LINE
  8
0
 10
6.42542
 20
-0.0744019
 11
6.42232
 21
-0.0730133
  0
LINE
  8
0
 10
6.42232
 20
-0.0730133
 11
6.4193
 21
-0.0715179
  0
LINE
  8
0
 10
6.4193
 20
-0.0715179
 11
6.41634
 21
-0.0698853
  0
LINE
  8
0
 10
6.41634
 20
-0.0698853
 11
6.41344
 21
-0.0681305
  0
LINE
  8
0
 10
6.41344
 20
-0.0681305
 11
6.41063
 21
-0.0662689
  0
LINE
  8
0
 10
6.41063
 20
-0.0662689
 11
6.4079
 21
-0.0642853
  0
LINE
  8
0
 10
6.4079
 20
-0.0642853
 11
6.40524
 21
-0.0621796
  0
LINE
  8
0
 10
6.40524
 20
-0.0621796
 11
6.40268
 21
-0.059967
  0
LINE
  8
0
 10
6.40268
 20
-0.059967
 11
6.40022
 21
-0.057663
  0
LINE
  8
0
 10
6.40022
 20
-0.057663
 11
6.39786
 21
-0.0552368
  0
LINE
  8
0
 10
6.39786
 20
-0.0552368
 11
6.3956
 21
-0.0527344
  0
LINE
  8
0
 10
6.3956
 20
-0.0527344
 11
6.39343
 21
-0.0501251
  0
LINE
  8
0
 10
6.39343
 20
-0.0501251
 11
6.39139
 21
-0.0474243
  0
LINE
  8
0
 10
6.39139
 20
-0.0474243
 11
6.38947
 21
-0.0446625
  0
LINE
  8
0
 10
6.38947
 20
-0.0446625
 11
6.38765
 21
-0.0418091
  0
LINE
  8
0
 10
6.38765
 20
-0.0418091
 11
6.38597
 21
-0.0388794
  0
LINE
  8
0
 10
6.38597
 20
-0.0388794
 11
6.3844
 21
-0.0358734
  0
LINE
  8
0
 10
6.3844
 20
-0.0358734
 11
6.38297
 21
-0.0328217
  0
LINE
  8
0
 10
6.38297
 20
-0.0328217
 11
6.38165
 21
-0.0297089
  0
LINE
  8
0
 10
6.38165
 20
-0.0297089
 11
6.38046
 21
-0.026535
  0
LINE
  8
0
 10
6.38046
 20
-0.026535
 11
6.37943
 21
-0.0233154
  0
LINE
  8
0
 10
6.37943
 20
-0.0233154
 11
6.37851
 21
-0.0200653
  0
LINE
  8
0
 10
6.37851
 20
-0.0200653
 11
6.37775
 21
-0.0167694
  0
LINE
  8
0
 10
6.37775
 20
-0.0167694
 11
6.37711
 21
-0.0134583
  0
LINE
  8
0
 10
6.37711
 20
-0.0134583
 11
6.37662
 21
-0.0101013
  0
LINE
  8
0
 10
6.37662
 20
-0.0101013
 11
6.37627
 21
-0.00674438
  0
LINE
  8
0
 10
6.37627
 20
-0.00674438
 11
6.37605
 21
-0.00337219
  0
LINE
  8
0
 10
6.37605
 20
-0.00337219
 11
6.37598
 21
0
  0
LINE
  8
0
 10
6.37598
 20
0
 11
6.37605
 21
0.00337219
  0
LINE
  8
0
 10
6.37605
 20
0.00337219
 11
6.37627
 21
0.00674438
  0
LINE
  8
0
 10
6.37627
 20
0.00674438
 11
6.37662
 21
0.0101013
  0
LINE
  8
0
 10
6.37662
 20
0.0101013
 11
6.37711
 21
0.0134583
  0
LINE
  8
0
 10
6.37711
 20
0.0134583
 11
6.37775
 21
0.0167694
  0
LINE
  8
0
 10
6.37775
 20
0.0167694
 11
6.37851
 21
0.0200653
  0
LINE
  8
0
 10
6.37851
 20
0.0200653
 11
6.37943
 21
0.0233154
  0
LINE
  8
0
 10
6.37943
 20
0.0233154
 11
6.38046
 21
0.026535
  0
LINE
  8
0
 10
6.38046
 20
0.026535
 11
6.38165
 21
0.0297089
  0
LINE
  8
0
 10
6.38165
 20
0.0297089
 11
6.38297
 21
0.0328217
  0
LINE
  8
0
 10
6.38297
 20
0.0328217
 11
6.3844
 21
0.0358734
  0
LINE
  8
0
 10
6.3844
 20
0.0358734
 11
6.38597
 21
0.0388794
  0
LINE
  8
0
 10
6.38597
 20
0.0388794
 11
6.38765
 21
0.0418091
  0
LINE
  8
0
 10
6.38765
 20
0.0418091
 11
6.38947
 21
0.0446625
  0
LINE
  8
0
 10
6.38947
 20
0.0446625
 11
6.39139
 21
0.0474243
  0
LINE
  8
0
 10
6.39139
 20
0.0474243
 11
6.39343
 21
0.0501251
  0
LINE
  8
0
 10
6.39343
 20
0.0501251
 11
6.3956
 21
0.0527344
  0
LINE
  8
0
 10
6.3956
 20
0.0527344
 11
6.39786
 21
0.0552368
  0
LINE
  8
0
 10
6.39786
 20
0.0552368
 11
6.40022
 21
0.057663
  0
LINE
  8
0
 10
6.40022
 20
0.057663
 11
6.40268
 21
0.059967
  0
LINE
  8
0
 10
6.40268
 20
0.059967
 11
6.40524
 21
0.0621796
  0
LINE
  8
0
 10
6.40524
 20
0.0621796
 11
6.4079
 21
0.0642853
  0
LINE
  8
0
 10
6.4079
 20
0.0642853
 11
6.41063
 21
0.0662689
  0
LINE
  8
0
 10
6.41063
 20
0.0662689
 11
6.41344
 21
0.0681305
  0
LINE
  8
0
 10
6.41344
 20
0.0681305
 11
6.41634
 21
0.0698853
  0
LINE
  8
0
 10
6.41634
 20
0.0698853
 11
6.4193
 21
0.0715179
  0
LINE
  8
0
 10
6.4193
 20
0.0715179
 11
6.42232
 21
0.0730133
  0
LINE
  8
0
 10
6.42232
 20
0.0730133
 11
6.42542
 21
0.0744019
  0
LINE
  8
0
 10
6.42542
 20
0.0744019
 11
6.42856
 21
0.0756378
  0
LINE
  8
0
 10
6.42856
 20
0.0756378
 11
6.43175
 21
0.0767517
  0
LINE
  8
0
 10
6.43175
 20
0.0767517
 11
6.43498
 21
0.0777283
  0
LINE
  8
0
 10
6.43498
 20
0.0777283
 11
6.43826
 21
0.0785675
  0
LINE
  8
0
 10
6.43826
 20
0.0785675
 11
6.44156
 21
0.0792694
  0
LINE
  8
0
 10
6.44156
 20
0.0792694
 11
6.4449
 21
0.079834
  0
LINE
  8
0
 10
6.4449
 20
0.079834
 11
6.44826
 21
0.0802612
  0
LINE
  8
0
 10
6.44826
 20
0.0802612
 11
6.45161
 21
0.0805359
  0
LINE
  8
0
 10
6.45161
 20
0.0805359
 11
6.455
 21
0.0806885
  0
LINE
  8
0
 10
6.455
 20
0.0806885
 11
6.45837
 21
0.0806885
  0
LINE
  8
0
 10
6.45837
 20
0.0806885
 11
6.46176
 21
0.0805359
  0
LINE
  8
0
 10
6.46176
 20
0.0805359
 11
6.46512
 21
0.0802612
  0
LINE
  8
0
 10
6.46512
 20
0.0802612
 11
6.46848
 21
0.079834
  0
LINE
  8
0
 10
6.46848
 20
0.079834
 11
6.47182
 21
0.0792694
  0
LINE
  8
0
 10
6.47182
 20
0.0792694
 11
6.47511
 21
0.0785675
  0
LINE
  8
0
 10
6.47511
 20
0.0785675
 11
6.47839
 21
0.0777283
  0
LINE
  8
0
 10
6.47839
 20
0.0777283
 11
6.48163
 21
0.0767517
  0
LINE
  8
0
 10
6.48163
 20
0.0767517
 11
6.48482
 21
0.0756378
  0
LINE
  8
0
 10
6.48482
 20
0.0756378
 11
6.48796
 21
0.0744019
  0
LINE
  8
0
 10
6.48796
 20
0.0744019
 11
6.49106
 21
0.0730133
  0
LINE
  8
0
 10
6.49106
 20
0.0730133
 11
6.49408
 21
0.0715179
  0
LINE
  8
0
 10
6.49408
 20
0.0715179
 11
6.49704
 21
0.0698853
  0
LINE
  8
0
 10
6.49704
 20
0.0698853
 11
6.49994
 21
0.0681305
  0
LINE
  8
0
 10
6.49994
 20
0.0681305
 11
6.50275
 21
0.0662689
  0
LINE
  8
0
 10
6.50275
 20
0.0662689
 11
6.50549
 21
0.0642853
  0
LINE
  8
0
 10
6.50549
 20
0.0642853
 11
6.50813
 21
0.0621796
  0
LINE
  8
0
 10
6.50813
 20
0.0621796
 11
6.5107
 21
0.059967
  0
LINE
  8
0
 10
6.5107
 20
0.059967
 11
6.51315
 21
0.057663
  0
LINE
  8
0
 10
6.51315
 20
0.057663
 11
6.51552
 21
0.0552368
  0
LINE
  8
0
 10
6.51552
 20
0.0552368
 11
6.51779
 21
0.0527344
  0
LINE
  8
0
 10
6.51779
 20
0.0527344
 11
6.51994
 21
0.0501251
  0
LINE
  8
0
 10
6.51994
 20
0.0501251
 11
6.52199
 21
0.0474243
  0
LINE
  8
0
 10
6.52199
 20
0.0474243
 11
6.52391
 21
0.0446625
  0
LINE
  8
0
 10
6.52391
 20
0.0446625
 11
6.52573
 21
0.0418091
  0
LINE
  8
0
 10
6.52573
 20
0.0418091
 11
6.52742
 21
0.0388794
  0
LINE
  8
0
 10
6.52742
 20
0.0388794
 11
6.52898
 21
0.0358734
  0
LINE
  8
0
 10
6.52898
 20
0.0358734
 11
6.53043
 21
0.0328217
  0
LINE
  8
0
 10
6.53043
 20
0.0328217
 11
6.53172
 21
0.0297089
  0
LINE
  8
0
 10
6.53172
 20
0.0297089
 11
6.53291
 21
0.026535
  0
LINE
  8
0
 10
6.53291
 20
0.026535
 11
6.53395
 21
0.0233154
  0
LINE
  8
0
 10
6.53395
 20
0.0233154
 11
6.53487
 21
0.0200653
  0
LINE
  8
0
 10
6.53487
 20
0.0200653
 11
6.53563
 21
0.0167694
  0
LINE
  8
0
 10
6.53563
 20
0.0167694
 11
6.53627
 21
0.0134583
  0
LINE
  8
0
 10
6.53627
 20
0.0134583
 11
6.53676
 21
0.0101013
  0
LINE
  8
0
 10
6.53676
 20
0.0101013
 11
6.53711
 21
0.00674438
  0
LINE
  8
0
 10
6.53711
 20
0.00674438
 11
6.53732
 21
0.00337219
  0
LINE
  8
0
 10
6.53732
 20
0.00337219
 11
6.5374
 21
0
  0
LINE
  8
0
 10
6.5374
 20
0
 11
6.53732
 21
-0.00337219
  0
LINE
  8
0
 10
6.53732
 20
-0.00337219
 11
6.53711
 21
-0.00674438
  0
LINE
  8
0
 10
6.53711
 20
-0.00674438
 11
6.53676
 21
-0.0101013
  0
LINE
  8
0
 10
6.53676
 20
-0.0101013
 11
6.53627
 21
-0.0134583
  0
LINE
  8
0
 10
6.53627
 20
-0.0134583
 11
6.53563
 21
-0.0167694
  0
LINE
  8
0
 10
6.53563
 20
-0.0167694
 11
6.53487
 21
-0.0200653
  0
LINE
  8
0
 10
6.53487
 20
-0.0200653
 11
6.53395
 21
-0.0233154
  0
LINE
  8
0
 10
6.53395
 20
-0.0233154
 11
6.53291
 21
-0.026535
  0
LINE
  8
0
 10
6.53291
 20
-0.026535
 11
6.53172
 21
-0.0297089
  0
LINE
  8
0
 10
6.53172
 20
-0.0297089
 11
6.53043
 21
-0.0328217
  0
LINE
  8
0
 10
6.53043
 20
-0.0328217
 11
6.52898
 21
-0.0358734
  0
LINE
  8
0
 10
6.52898
 20
-0.0358734
 11
6.52742
 21
-0.0388794
  0
LINE
  8
0
 10
6.52742
 20
-0.0388794
 11
6.52573
 21
-0.0418091
  0
LINE
  8
0
 10
6.52573
 20
-0.0418091
 11
6.52391
 21
-0.0446625
  0
LINE
  8
0
 10
6.52391
 20
-0.0446625
 11
6.52199
 21
-0.0474243
  0
LINE
  8
0
 10
6.52199
 20
-0.0474243
 11
6.51994
 21
-0.0501251
  0
LINE
  8
0
 10
6.51994
 20
-0.0501251
 11
6.51779
 21
-0.0527344
  0
LINE
  8
0
 10
6.51779
 20
-0.0527344
 11
6.51552
 21
-0.0552368
  0
LINE
  8
0
 10
6.51552
 20
-0.0552368
 11
6.51315
 21
-0.057663
  0
LINE
  8
0
 10
6.51315
 20
-0.057663
 11
6.5107
 21
-0.059967
  0
LINE
  8
0
 10
6.5107
 20
-0.059967
 11
6.50813
 21
-0.0621796
  0
LINE
  8
0
 10
6.50813
 20
-0.0621796
 11
6.50549
 21
-0.0642853
  0
LINE
  8
0
 10
6.50549
 20
-0.0642853
 11
6.50275
 21
-0.0662689
  0
LINE
  8
0
 10
6.50275
 20
-0.0662689
 11
6.49994
 21
-0.0681305
  0
LINE
  8
0
 10
6.49994
 20
-0.0681305
 11
6.49704
 21
-0.0698853
  0
LINE
  8
0
 10
6.49704
 20
-0.0698853
 11
6.49408
 21
-0.0715179
  0
LINE
  8
0
 10
6.49408
 20
-0.0715179
 11
6.49106
 21
-0.0730133
  0
LINE
  8
0
 10
6.49106
 20
-0.0730133
 11
6.48796
 21
-0.0744019
  0
LINE
  8
0
 10
6.48796
 20
-0.0744019
 11
6.48482
 21
-0.0756378
  0
LINE
  8
0
 10
6.48482
 20
-0.0756378
 11
6.48163
 21
-0.0767517
  0
LINE
  8
0
 10
6.48163
 20
-0.0767517
 11
6.47839
 21
-0.0777283
  0
LINE
  8
0
 10
6.47839
 20
-0.0777283
 11
6.47511
 21
-0.0785675
  0
LINE
  8
0
 10
6.47511
 20
-0.0785675
 11
6.47182
 21
-0.0792694
  0
LINE
  8
0
 10
6.47182
 20
-0.0792694
 11
6.46848
 21
-0.079834
  0
LINE
  8
0
 10
6.46848
 20
-0.079834
 11
6.46512
 21
-0.0802612
  0
LINE
  8
0
 10
6.46512
 20
-0.0802612
 11
6.46176
 21
-0.0805359
  0
LINE
  8
0
 10
6.46176
 20
-0.0805359
 11
6.45837
 21
-0.0806885
  0
LINE
  8
0
 10
6.45837
 20
-0.0806885
 11
6.455
 21
-0.0806885
  0
LINE
  8
0
 10
-7.71822
 20
-0.0806885
 11
-7.7216
 21
-0.0805359
  0
LINE
  8
0
 10
-7.7216
 20
-0.0805359
 11
-7.72498
 21
-0.0802612
  0
LINE
  8
0
 10
-7.72498
 20
-0.0802612
 11
-7.72832
 21
-0.079834
  0
LINE
  8
0
 10
-7.72832
 20
-0.079834
 11
-7.73166
 21
-0.0792694
  0
LINE
  8
0
 10
-7.73166
 20
-0.0792694
 11
-7.73495
 21
-0.0785675
  0
LINE
  8
0
 10
-7.73495
 20
-0.0785675
 11
-7.73824
 21
-0.0777283
  0
LINE
  8
0
 10
-7.73824
 20
-0.0777283
 11
-7.74147
 21
-0.0767517
  0
LINE
  8
0
 10
-7.74147
 20
-0.0767517
 11
-7.74466
 21
-0.0756378
  0
LINE
  8
0
 10
-7.74466
 20
-0.0756378
 11
-7.7478
 21
-0.0744019
  0
LINE
  8
0
 10
-7.7478
 20
-0.0744019
 11
-7.7509
 21
-0.0730133
  0
LINE
  8
0
 10
-7.7509
 20
-0.0730133
 11
-7.75392
 21
-0.0715179
  0
LINE
  8
0
 10
-7.75392
 20
-0.0715179
 11
-7.75688
 21
-0.0698853
  0
LINE
  8
0
 10
-7.75688
 20
-0.0698853
 11
-7.75978
 21
-0.0681305
  0
LINE
  8
0
 10
-7.75978
 20
-0.0681305
 11
-7.76259
 21
-0.0662689
  0
LINE
  8
0
 10
-7.76259
 20
-0.0662689
 11
-7.76534
 21
-0.0642853
  0
LINE
  8
0
 10
-7.76534
 20
-0.0642853
 11
-7.76797
 21
-0.0621796
  0
LINE
  8
0
 10
-7.76797
 20
-0.0621796
 11
-7.77054
 21
-0.059967
  0
LINE
  8
0
 10
-7.77054
 20
-0.059967
 11
-7.77299
 21
-0.057663
  0
LINE
  8
0
 10
-7.77299
 20
-0.057663
 11
-7.77536
 21
-0.0552368
  0
LINE
  8
0
 10
-7.77536
 20
-0.0552368
 11
-7.77763
 21
-0.0527344
  0
LINE
  8
0
 10
-7.77763
 20
-0.0527344
 11
-7.77979
 21
-0.0501251
  0
LINE
  8
0
 10
-7.77979
 20
-0.0501251
 11
-7.78183
 21
-0.0474243
  0
LINE
  8
0
 10
-7.78183
 20
-0.0474243
 11
-7.78375
 21
-0.0446625
  0
LINE
  8
0
 10
-7.78375
 20
-0.0446625
 11
-7.78557
 21
-0.0418091
  0
LINE
  8
0
 10
-7.78557
 20
-0.0418091
 11
-7.78726
 21
-0.0388794
  0
LINE
  8
0
 10
-7.78726
 20
-0.0388794
 11
-7.78882
 21
-0.0358734
  0
LINE
  8
0
 10
-7.78882
 20
-0.0358734
 11
-7.79027
 21
-0.0328217
  0
LINE
  8
0
 10
-7.79027
 20
-0.0328217
 11
-7.79158
 21
-0.0297089
  0
LINE
  8
0
 10
-7.79158
 20
-0.0297089
 11
-7.79276
 21
-0.026535
  0
LINE
  8
0
 10
-7.79276
 20
-0.026535
 11
-7.79379
 21
-0.0233154
  0
LINE
  8
0
 10
-7.79379
 20
-0.0233154
 11
-7.79471
 21
-0.0200653
  0
LINE
  8
0
 10
-7.79471
 20
-0.0200653
 11
-7.79547
 21
-0.0167694
  0
LINE
  8
0
 10
-7.79547
 20
-0.0167694
 11
-7.79611
 21
-0.0134583
  0
LINE
  8
0
 10
-7.79611
 20
-0.0134583
 11
-7.7966
 21
-0.0101013
  0
LINE
  8
0
 10
-7.7966
 20
-0.0101013
 11
-7.79695
 21
-0.00674438
  0
LINE
  8
0
 10
-7.79695
 20
-0.00674438
 11
-7.79716
 21
-0.00337219
  0
LINE
  8
0
 10
-7.79716
 20
-0.00337219
 11
-7.79724
 21
0
  0
LINE
  8
0
 10
-7.79724
 20
0
 11
-7.79716
 21
0.00337219
  0
LINE
  8
0
 10
-7.79716
 20
0.00337219
 11
-7.79695
 21
0.00674438
  0
LINE
  8
0
 10
-7.79695
 20
0.00674438
 11
-7.7966
 21
0.0101013
  0
LINE
  8
0
 10
-7.7966
 20
0.0101013
 11
-7.79611
 21
0.0134583
  0
LINE
  8
0
 10
-7.79611
 20
0.0134583
 11
-7.79547
 21
0.0167694
  0
LINE
  8
0
 10
-7.79547
 20
0.0167694
 11
-7.79471
 21
0.0200653
  0
LINE
  8
0
 10
-7.79471
 20
0.0200653
 11
-7.79379
 21
0.0233154
  0
LINE
  8
0
 10
-7.79379
 20
0.0233154
 11
-7.79276
 21
0.026535
  0
LINE
  8
0
 10
-7.79276
 20
0.026535
 11
-7.79158
 21
0.0297089
  0
LINE
  8
0
 10
-7.79158
 20
0.0297089
 11
-7.79027
 21
0.0328217
  0
LINE
  8
0
 10
-7.79027
 20
0.0328217
 11
-7.78882
 21
0.0358734
  0
LINE
  8
0
 10
-7.78882
 20
0.0358734
 11
-7.78726
 21
0.0388794
  0
LINE
  8
0
 10
-7.78726
 20
0.0388794
 11
-7.78557
 21
0.0418091
  0
LINE
  8
0
 10
-7.78557
 20
0.0418091
 11
-7.78375
 21
0.0446625
  0
LINE
  8
0
 10
-7.78375
 20
0.0446625
 11
-7.78183
 21
0.0474243
  0
LINE
  8
0
 10
-7.78183
 20
0.0474243
 11
-7.77979
 21
0.0501251
  0
LINE
  8
0
 10
-7.77979
 20
0.0501251
 11
-7.77763
 21
0.0527344
  0
LINE
  8
0
 10
-7.77763
 20
0.0527344
 11
-7.77536
 21
0.0552368
  0
LINE
  8
0
 10
-7.77536
 20
0.0552368
 11
-7.77299
 21
0.057663
  0
LINE
  8
0
 10
-7.77299
 20
0.057663
 11
-7.77054
 21
0.059967
  0
LINE
  8
0
 10
-7.77054
 20
0.059967
 11
-7.76797
 21
0.0621796
  0
LINE
  8
0
 10
-7.76797
 20
0.0621796
 11
-7.76534
 21
0.0642853
  0
LINE
  8
0
 10
-7.76534
 20
0.0642853
 11
-7.76259
 21
0.0662689
  0
LINE
  8
0
 10
-7.76259
 20
0.0662689
 11
-7.75978
 21
0.0681305
  0
LINE
  8
0
 10
-7.75978
 20
0.0681305
 11
-7.75688
 21
0.0698853
  0
LINE
  8
0
 10
-7.75688
 20
0.0698853
 11
-7.75392
 21
0.0715179
  0
LINE
  8
0
 10
-7.75392
 20
0.0715179
 11
-7.7509
 21
0.0730133
  0
LINE
  8
0
 10
-7.7509
 20
0.0730133
 11
-7.7478
 21
0.0744019
  0
LINE
  8
0
 10
-7.7478
 20
0.0744019
 11
-7.74466
 21
0.0756378
  0
LINE
  8
0
 10
-7.74466
 20
0.0756378
 11
-7.74147
 21
0.0767517
  0
LINE
  8
0
 10
-7.74147
 20
0.0767517
 11
-7.73824
 21
0.0777283
  0
LINE
  8
0
 10
-7.73824
 20
0.0777283
 11
-7.73495
 21
0.0785675
  0
LINE
  8
0
 10
-7.73495
 20
0.0785675
 11
-7.73166
 21
0.0792694
  0
LINE
  8
0
 10
-7.73166
 20
0.0792694
 11
-7.72832
 21
0.079834
  0
LINE
  8
0
 10
-7.72832
 20
0.079834
 11
-7.72498
 21
0.0802612
  0
LINE
  8
0
 10
-7.72498
 20
0.0802612
 11
-7.7216
 21
0.0805359
  0
LINE
  8
0
 10
-7.7216
 20
0.0805359
 11
-7.71822
 21
0.0806885
  0
LINE
  8
0
 10
-7.71822
 20
0.0806885
 11
-7.71484
 21
0.0806885
  0
LINE
  8
0
 10
-7.71484
 20
0.0806885
 11
-7.71147
 21
0.0805359
  0
LINE
  8
0
 10
-7.71147
 20
0.0805359
 11
-7.7081
 21
0.0802612
  0
LINE
  8
0
 10
-7.7081
 20
0.0802612
 11
-7.70474
 21
0.079834
  0
LINE
  8
0
 10
-7.70474
 20
0.079834
 11
-7.70142
 21
0.0792694
  0
LINE
  8
0
 10
-7.70142
 20
0.0792694
 11
-7.6981
 21
0.0785675
  0
LINE
  8
0
 10
-7.6981
 20
0.0785675
 11
-7.69482
 21
0.0777283
  0
LINE
  8
0
 10
-7.69482
 20
0.0777283
 11
-7.69159
 21
0.0767517
  0
LINE
  8
0
 10
-7.69159
 20
0.0767517
 11
-7.6884
 21
0.0756378
  0
LINE
  8
0
 10
-7.6884
 20
0.0756378
 11
-7.68526
 21
0.0744019
  0
LINE
  8
0
 10
-7.68526
 20
0.0744019
 11
-7.68217
 21
0.0730133
  0
LINE
  8
0
 10
-7.68217
 20
0.0730133
 11
-7.67914
 21
0.0715179
  0
LINE
  8
0
 10
-7.67914
 20
0.0715179
 11
-7.67618
 21
0.0698853
  0
LINE
  8
0
 10
-7.67618
 20
0.0698853
 11
-7.67328
 21
0.0681305
  0
LINE
  8
0
 10
-7.67328
 20
0.0681305
 11
-7.67047
 21
0.0662689
  0
LINE
  8
0
 10
-7.67047
 20
0.0662689
 11
-7.66774
 21
0.0642853
  0
LINE
  8
0
 10
-7.66774
 20
0.0642853
 11
-7.66508
 21
0.0621796
  0
LINE
  8
0
 10
-7.66508
 20
0.0621796
 11
-7.66252
 21
0.059967
  0
LINE
  8
0
 10
-7.66252
 20
0.059967
 11
-7.66006
 21
0.057663
  0
LINE
  8
0
 10
-7.66006
 20
0.057663
 11
-7.6577
 21
0.0552368
  0
LINE
  8
0
 10
-7.6577
 20
0.0552368
 11
-7.65544
 21
0.0527344
  0
LINE
  8
0
 10
-7.65544
 20
0.0527344
 11
-7.65327
 21
0.0501251
  0
LINE
  8
0
 10
-7.65327
 20
0.0501251
 11
-7.65123
 21
0.0474243
  0
LINE
  8
0
 10
-7.65123
 20
0.0474243
 11
-7.64931
 21
0.0446625
  0
LINE
  8
0
 10
-7.64931
 20
0.0446625
 11
-7.64749
 21
0.0418091
  0
LINE
  8
0
 10
-7.64749
 20
0.0418091
 11
-7.64581
 21
0.0388794
  0
LINE
  8
0
 10
-7.64581
 20
0.0388794
 11
-7.64424
 21
0.0358734
  0
LINE
  8
0
 10
-7.64424
 20
0.0358734
 11
-7.64281
 21
0.0328217
  0
LINE
  8
0
 10
-7.64281
 20
0.0328217
 11
-7.64149
 21
0.0297089
  0
LINE
  8
0
 10
-7.64149
 20
0.0297089
 11
-7.64032
 21
0.026535
  0
LINE
  8
0
 10
-7.64032
 20
0.026535
 11
-7.63927
 21
0.0233154
  0
LINE
  8
0
 10
-7.63927
 20
0.0233154
 11
-7.63835
 21
0.0200653
  0
LINE
  8
0
 10
-7.63835
 20
0.0200653
 11
-7.63759
 21
0.0167694
  0
LINE
  8
0
 10
-7.63759
 20
0.0167694
 11
-7.63695
 21
0.0134583
  0
LINE
  8
0
 10
-7.63695
 20
0.0134583
 11
-7.63646
 21
0.0101013
  0
LINE
  8
0
 10
-7.63646
 20
0.0101013
 11
-7.63611
 21
0.00674438
  0
LINE
  8
0
 10
-7.63611
 20
0.00674438
 11
-7.63589
 21
0.00337219
  0
LINE
  8
0
 10
-7.63589
 20
0.00337219
 11
-7.63582
 21
0
  0
LINE
  8
0
 10
-7.63582
 20
0
 11
-7.63589
 21
-0.00337219
  0
LINE
  8
0
 10
-7.63589
 20
-0.00337219
 11
-7.63611
 21
-0.00674438
  0
LINE
  8
0
 10
-7.63611
 20
-0.00674438
 11
-7.63646
 21
-0.0101013
  0
LINE
  8
0
 10
-7.63646
 20
-0.0101013
 11
-7.63695
 21
-0.0134583
  0
LINE
  8
0
 10
-7.63695
 20
-0.0134583
 11
-7.63759
 21
-0.0167694
  0
LINE
  8
0
 10
-7.63759
 20
-0.0167694
 11
-7.63835
 21
-0.0200653
  0
LINE
  8
0
 10
-7.63835
 20
-0.0200653
 11
-7.63927
 21
-0.0233154
  0
LINE
  8
0
 10
-7.63927
 20
-0.0233154
 11
-7.64032
 21
-0.026535
  0
LINE
  8
0
 10
-7.64032
 20
-0.026535
 11
-7.64149
 21
-0.0297089
  0
LINE
  8
0
 10
-7.64149
 20
-0.0297089
 11
-7.64281
 21
-0.0328217
  0
LINE
  8
0
 10
-7.64281
 20
-0.0328217
 11
-7.64424
 21
-0.0358734
  0
LINE
  8
0
 10
-7.64424
 20
-0.0358734
 11
-7.64581
 21
-0.0388794
  0
LINE
  8
0
 10
-7.64581
 20
-0.0388794
 11
-7.64749
 21
-0.0418091
  0
LINE
  8
0
 10
-7.64749
 20
-0.0418091
 11
-7.64931
 21
-0.0446625
  0
LINE
  8
0
 10
-7.64931
 20
-0.0446625
 11
-7.65123
 21
-0.0474243
  0
LINE
  8
0
 10
-7.65123
 20
-0.0474243
 11
-7.65327
 21
-0.0501251
  0
LINE
  8
0
 10
-7.65327
 20
-0.0501251
 11
-7.65544
 21
-0.0527344
  0
LINE
  8
0
 10
-7.65544
 20
-0.0527344
 11
-7.6577
 21
-0.0552368
  0
LINE
  8
0
 10
-7.6577
 20
-0.0552368
 11
-7.66006
 21
-0.057663
  0
LINE
  8
0
 10
-7.66006
 20
-0.057663
 11
-7.66252
 21
-0.059967
  0
LINE
  8
0
 10
-7.66252
 20
-0.059967
 11
-7.66508
 21
-0.0621796
  0
LINE
  8
0
 10
-7.66508
 20
-0.0621796
 11
-7.66774
 21
-0.0642853
  0
LINE
  8
0
 10
-7.66774
 20
-0.0642853
 11
-7.67047
 21
-0.0662689
  0
LINE
  8
0
 10
-7.67047
 20
-0.0662689
 11
-7.67328
 21
-0.0681305
  0
LINE
  8
0
 10
-7.67328
 20
-0.0681305
 11
-7.67618
 21
-0.0698853
  0
LINE
  8
0
 10
-7.67618
 20
-0.0698853
 11
-7.67914
 21
-0.0715179
  0
LINE
  8
0
 10
-7.67914
 20
-0.0715179
 11
-7.68217
 21
-0.0730133
  0
LINE
  8
0
 10
-7.68217
 20
-0.0730133
 11
-7.68526
 21
-0.0744019
  0
LINE
  8
0
 10
-7.68526
 20
-0.0744019
 11
-7.6884
 21
-0.0756378
  0
LINE
  8
0
 10
-7.6884
 20
-0.0756378
 11
-7.69159
 21
-0.0767517
  0
LINE
  8
0
 10
-7.69159
 20
-0.0767517
 11
-7.69482
 21
-0.0777283
  0
LINE
  8
0
 10
-7.69482
 20
-0.0777283
 11
-7.6981
 21
-0.0785675
  0
LINE
  8
0
 10
-7.6981
 20
-0.0785675
 11
-7.70142
 21
-0.0792694
  0
LINE
  8
0
 10
-7.70142
 20
-0.0792694
 11
-7.70474
 21
-0.079834
  0
LINE
  8
0
 10
-7.70474
 20
-0.079834
 11
-7.7081
 21
-0.0802612
  0
LINE
  8
0
 10
-7.7081
 20
-0.0802612
 11
-7.71147
 21
-0.0805359
  0
LINE
  8
0
 10
-7.71147
 20
-0.0805359
 11
-7.71484
 21
-0.0806885
  0
LINE
  8
0
 10
-7.71484
 20
-0.0806885
 11
-7.71822
 21
-0.0806885
  0
LINE
  8
0
 10
-7.71822
 20
-0.395645
 11
-7.7216
 21
-0.395508
  0
LINE
  8
0
 10
-7.7216
 20
-0.395508
 11
-7.72498
 21
-0.395218
  0
LINE
  8
0
 10
-7.72498
 20
-0.395218
 11
-7.72832
 21
-0.394791
  0
LINE
  8
0
 10
-7.72832
 20
-0.394791
 11
-7.73166
 21
-0.394226
  0
LINE
  8
0
 10
-7.73166
 20
-0.394226
 11
-7.73495
 21
-0.393524
  0
LINE
  8
0
 10
-7.73495
 20
-0.393524
 11
-7.73824
 21
-0.392685
  0
LINE
  8
0
 10
-7.73824
 20
-0.392685
 11
-7.74147
 21
-0.391708
  0
LINE
  8
0
 10
-7.74147
 20
-0.391708
 11
-7.74466
 21
-0.390594
  0
LINE
  8
0
 10
-7.74466
 20
-0.390594
 11
-7.7478
 21
-0.389359
  0
LINE
  8
0
 10
-7.7478
 20
-0.389359
 11
-7.7509
 21
-0.387985
  0
LINE
  8
0
 10
-7.7509
 20
-0.387985
 11
-7.75392
 21
-0.386475
  0
LINE
  8
0
 10
-7.75392
 20
-0.386475
 11
-7.75688
 21
-0.384842
  0
LINE
  8
0
 10
-7.75688
 20
-0.384842
 11
-7.75978
 21
-0.383102
  0
LINE
  8
0
 10
-7.75978
 20
-0.383102
 11
-7.76259
 21
-0.381226
  0
LINE
  8
0
 10
-7.76259
 20
-0.381226
 11
-7.76534
 21
-0.379242
  0
LINE
  8
0
 10
-7.76534
 20
-0.379242
 11
-7.76797
 21
-0.377136
  0
LINE
  8
0
 10
-7.76797
 20
-0.377136
 11
-7.77054
 21
-0.374939
  0
LINE
  8
0
 10
-7.77054
 20
-0.374939
 11
-7.77299
 21
-0.37262
  0
LINE
  8
0
 10
-7.77299
 20
-0.37262
 11
-7.77536
 21
-0.370209
  0
LINE
  8
0
 10
-7.77536
 20
-0.370209
 11
-7.77763
 21
-0.367691
  0
LINE
  8
0
 10
-7.77763
 20
-0.367691
 11
-7.77979
 21
-0.365082
  0
LINE
  8
0
 10
-7.77979
 20
-0.365082
 11
-7.78183
 21
-0.362396
  0
LINE
  8
0
 10
-7.78183
 20
-0.362396
 11
-7.78375
 21
-0.359619
  0
LINE
  8
0
 10
-7.78375
 20
-0.359619
 11
-7.78557
 21
-0.356766
  0
LINE
  8
0
 10
-7.78557
 20
-0.356766
 11
-7.78726
 21
-0.353836
  0
LINE
  8
0
 10
-7.78726
 20
-0.353836
 11
-7.78882
 21
-0.350845
  0
LINE
  8
0
 10
-7.78882
 20
-0.350845
 11
-7.79027
 21
-0.347778
  0
LINE
  8
0
 10
-7.79027
 20
-0.347778
 11
-7.79158
 21
-0.344666
  0
LINE
  8
0
 10
-7.79158
 20
-0.344666
 11
-7.79276
 21
-0.341492
  0
LINE
  8
0
 10
-7.79276
 20
-0.341492
 11
-7.79379
 21
-0.338287
  0
LINE
  8
0
 10
-7.79379
 20
-0.338287
 11
-7.79471
 21
-0.335022
  0
LINE
  8
0
 10
-7.79471
 20
-0.335022
 11
-7.79547
 21
-0.331726
  0
LINE
  8
0
 10
-7.79547
 20
-0.331726
 11
-7.79611
 21
-0.328415
  0
LINE
  8
0
 10
-7.79611
 20
-0.328415
 11
-7.7966
 21
-0.325073
  0
LINE
  8
0
 10
-7.7966
 20
-0.325073
 11
-7.79695
 21
-0.321701
  0
LINE
  8
0
 10
-7.79695
 20
-0.321701
 11
-7.79716
 21
-0.318329
  0
LINE
  8
0
 10
-7.79716
 20
-0.318329
 11
-7.79724
 21
-0.314957
  0
LINE
  8
0
 10
-7.79724
 20
-0.314957
 11
-7.79716
 21
-0.311569
  0
LINE
  8
0
 10
-7.79716
 20
-0.311569
 11
-7.79695
 21
-0.308197
  0
LINE
  8
0
 10
-7.79695
 20
-0.308197
 11
-7.7966
 21
-0.30484
  0
LINE
  8
0
 10
-7.7966
 20
-0.30484
 11
-7.79611
 21
-0.301498
  0
LINE
  8
0
 10
-7.79611
 20
-0.301498
 11
-7.79547
 21
-0.298172
  0
LINE
  8
0
 10
-7.79547
 20
-0.298172
 11
-7.79471
 21
-0.294876
  0
LINE
  8
0
 10
-7.79471
 20
-0.294876
 11
-7.79379
 21
-0.291626
  0
LINE
  8
0
 10
-7.79379
 20
-0.291626
 11
-7.79276
 21
-0.288406
  0
LINE
  8
0
 10
-7.79276
 20
-0.288406
 11
-7.79158
 21
-0.285248
  0
LINE
  8
0
 10
-7.79158
 20
-0.285248
 11
-7.79027
 21
-0.28212
  0
LINE
  8
0
 10
-7.79027
 20
-0.28212
 11
-7.78882
 21
-0.279068
  0
LINE
  8
0
 10
-7.78882
 20
-0.279068
 11
-7.78726
 21
-0.276077
  0
LINE
  8
0
 10
-7.78726
 20
-0.276077
 11
-7.78557
 21
-0.273148
  0
LINE
  8
0
 10
-7.78557
 20
-0.273148
 11
-7.78375
 21
-0.270294
  0
LINE
  8
0
 10
-7.78375
 20
-0.270294
 11
-7.78183
 21
-0.267517
  0
LINE
  8
0
 10
-7.78183
 20
-0.267517
 11
-7.77979
 21
-0.264816
  0
LINE
  8
0
 10
-7.77979
 20
-0.264816
 11
-7.77763
 21
-0.262222
  0
LINE
  8
0
 10
-7.77763
 20
-0.262222
 11
-7.77536
 21
-0.259705
  0
LINE
  8
0
 10
-7.77536
 20
-0.259705
 11
-7.77299
 21
-0.257294
  0
LINE
  8
0
 10
-7.77299
 20
-0.257294
 11
-7.77054
 21
-0.254974
  0
LINE
  8
0
 10
-7.77054
 20
-0.254974
 11
-7.76797
 21
-0.252762
  0
LINE
  8
0
 10
-7.76797
 20
-0.252762
 11
-7.76534
 21
-0.250671
  0
LINE
  8
0
 10
-7.76534
 20
-0.250671
 11
-7.76259
 21
-0.248672
  0
LINE
  8
0
 10
-7.76259
 20
-0.248672
 11
-7.75978
 21
-0.246811
  0
LINE
  8
0
 10
-7.75978
 20
-0.246811
 11
-7.75688
 21
-0.245056
  0
LINE
  8
0
 10
-7.75688
 20
-0.245056
 11
-7.75392
 21
-0.243423
  0
LINE
  8
0
 10
-7.75392
 20
-0.243423
 11
-7.7509
 21
-0.241928
  0
LINE
  8
0
 10
-7.7509
 20
-0.241928
 11
-7.7478
 21
-0.240555
  0
LINE
  8
0
 10
-7.7478
 20
-0.240555
 11
-7.74466
 21
-0.239304
  0
LINE
  8
0
 10
-7.74466
 20
-0.239304
 11
-7.74147
 21
-0.23819
  0
LINE
  8
0
 10
-7.74147
 20
-0.23819
 11
-7.73824
 21
-0.237213
  0
LINE
  8
0
 10
-7.73824
 20
-0.237213
 11
-7.73495
 21
-0.236374
  0
LINE
  8
0
 10
-7.73495
 20
-0.236374
 11
-7.73166
 21
-0.235672
  0
LINE
  8
0
 10
-7.73166
 20
-0.235672
 11
-7.72832
 21
-0.235107
  0
LINE
  8
0
 10
-7.72832
 20
-0.235107
 11
-7.72498
 21
-0.23468
  0
LINE
  8
0
 10
-7.72498
 20
-0.23468
 11
-7.7216
 21
-0.234406
  0
LINE
  8
0
 10
-7.7216
 20
-0.234406
 11
-7.71822
 21
-0.234268
  0
LINE
  8
0
 10
-7.71822
 20
-0.234268
 11
-7.71484
 21
-0.234268
  0
LINE
  8
0
 10
-7.71484
 20
-0.234268
 11
-7.71147
 21
-0.234406
  0
LINE
  8
0
 10
-7.71147
 20
-0.234406
 11
-7.7081
 21
-0.23468
  0
LINE
  8
0
 10
-7.7081
 20
-0.23468
 11
-7.70474
 21
-0.235107
  0
LINE
  8
0
 10
-7.70474
 20
-0.235107
 11
-7.70142
 21
-0.235672
  0
LINE
  8
0
 10
-7.70142
 20
-0.235672
 11
-7.6981
 21
-0.236374
  0
LINE
  8
0
 10
-7.6981
 20
-0.236374
 11
-7.69482
 21
-0.237213
  0
LINE
  8
0
 10
-7.69482
 20
-0.237213
 11
-7.69159
 21
-0.23819
  0
LINE
  8
0
 10
-7.69159
 20
-0.23819
 11
-7.6884
 21
-0.239304
  0
LINE
  8
0
 10
-7.6884
 20
-0.239304
 11
-7.68526
 21
-0.240555
  0
LINE
  8
0
 10
-7.68526
 20
-0.240555
 11
-7.68217
 21
-0.241928
  0
LINE
  8
0
 10
-7.68217
 20
-0.241928
 11
-7.67914
 21
-0.243423
  0
LINE
  8
0
 10
-7.67914
 20
-0.243423
 11
-7.67618
 21
-0.245056
  0
LINE
  8
0
 10
-7.67618
 20
-0.245056
 11
-7.67328
 21
-0.246811
  0
LINE
  8
0
 10
-7.67328
 20
-0.246811
 11
-7.67047
 21
-0.248672
  0
LINE
  8
0
 10
-7.67047
 20
-0.248672
 11
-7.66774
 21
-0.250671
  0
LINE
  8
0
 10
-7.66774
 20
-0.250671
 11
-7.66508
 21
-0.252762
  0
LINE
  8
0
 10
-7.66508
 20
-0.252762
 11
-7.66252
 21
-0.254974
  0
LINE
  8
0
 10
-7.66252
 20
-0.254974
 11
-7.66006
 21
-0.257294
  0
LINE
  8
0
 10
-7.66006
 20
-0.257294
 11
-7.6577
 21
-0.259705
  0
LINE
  8
0
 10
-7.6577
 20
-0.259705
 11
-7.65544
 21
-0.262222
  0
LINE
  8
0
 10
-7.65544
 20
-0.262222
 11
-7.65327
 21
-0.264816
  0
LINE
  8
0
 10
-7.65327
 20
-0.264816
 11
-7.65123
 21
-0.267517
  0
LINE
  8
0
 10
-7.65123
 20
-0.267517
 11
-7.64931
 21
-0.270294
  0
LINE
  8
0
 10
-7.64931
 20
-0.270294
 11
-7.64749
 21
-0.273148
  0
LINE
  8
0
 10
-7.64749
 20
-0.273148
 11
-7.64581
 21
-0.276077
  0
LINE
  8
0
 10
-7.64581
 20
-0.276077
 11
-7.64424
 21
-0.279068
  0
LINE
  8
0
 10
-7.64424
 20
-0.279068
 11
-7.64281
 21
-0.28212
  0
LINE
  8
0
 10
-7.64281
 20
-0.28212
 11
-7.64149
 21
-0.285248
  0
LINE
  8
0
 10
-7.64149
 20
-0.285248
 11
-7.64032
 21
-0.288406
  0
LINE
  8
0
 10
-7.64032
 20
-0.288406
 11
-7.63927
 21
-0.291626
  0
LINE
  8
0
 10
-7.63927
 20
-0.291626
 11
-7.63835
 21
-0.294876
  0
LINE
  8
0
 10
-7.63835
 20
-0.294876
 11
-7.63759
 21
-0.298172
  0
LINE
  8
0
 10
-7.63759
 20
-0.298172
 11
-7.63695
 21
-0.301498
  0
LINE
  8
0
 10
-7.63695
 20
-0.301498
 11
-7.63646
 21
-0.30484
  0
LINE
  8
0
 10
-7.63646
 20
-0.30484
 11
-7.63611
 21
-0.308197
  0
LINE
  8
0
 10
-7.63611
 20
-0.308197
 11
-7.63589
 21
-0.311569
  0
LINE
  8
0
 10
-7.63589
 20
-0.311569
 11
-7.63582
 21
-0.314957
  0
LINE
  8
0
 10
-7.63582
 20
-0.314957
 11
-7.63589
 21
-0.318329
  0
LINE
  8
0
 10
-7.63589
 20
-0.318329
 11
-7.63611
 21
-0.321701
  0
LINE
  8
0
 10
-7.63611
 20
-0.321701
 11
-7.63646
 21
-0.325073
  0
LINE
  8
0
 10
-7.63646
 20
-0.325073
 11
-7.63695
 21
-0.328415
  0
LINE
  8
0
 10
-7.63695
 20
-0.328415
 11
-7.63759
 21
-0.331726
  0
LINE
  8
0
 10
-7.63759
 20
-0.331726
 11
-7.63835
 21
-0.335022
  0
LINE
  8
0
 10
-7.63835
 20
-0.335022
 11
-7.63927
 21
-0.338287
  0
LINE
  8
0
 10
-7.63927
 20
-0.338287
 11
-7.64032
 21
-0.341492
  0
LINE
  8
0
 10
-7.64032
 20
-0.341492
 11
-7.64149
 21
-0.344666
  0
LINE
  8
0
 10
-7.64149
 20
-0.344666
 11
-7.64281
 21
-0.347778
  0
LINE
  8
0
 10
-7.64281
 20
-0.347778
 11
-7.64424
 21
-0.350845
  0
LINE
  8
0
 10
-7.64424
 20
-0.350845
 11
-7.64581
 21
-0.353836
  0
LINE
  8
0
 10
-7.64581
 20
-0.353836
 11
-7.64749
 21
-0.356766
  0
LINE
  8
0
 10
-7.64749
 20
-0.356766
 11
-7.64931
 21
-0.359619
  0
LINE
  8
0
 10
-7.64931
 20
-0.359619
 11
-7.65123
 21
-0.362396
  0
LINE
  8
0
 10
-7.65123
 20
-0.362396
 11
-7.65327
 21
-0.365082
  0
LINE
  8
0
 10
-7.65327
 20
-0.365082
 11
-7.65544
 21
-0.367691
  0
LINE
  8
0
 10
-7.65544
 20
-0.367691
 11
-7.6577
 21
-0.370209
  0
LINE
  8
0
 10
-7.6577
 20
-0.370209
 11
-7.66006
 21
-0.37262
  0
LINE
  8
0
 10
-7.66006
 20
-0.37262
 11
-7.66252
 21
-0.374939
  0
LINE
  8
0
 10
-7.66252
 20
-0.374939
 11
-7.66508
 21
-0.377136
  0
LINE
  8
0
 10
-7.66508
 20
-0.377136
 11
-7.66774
 21
-0.379242
  0
LINE
  8
0
 10
-7.66774
 20
-0.379242
 11
-7.67047
 21
-0.381226
  0
LINE
  8
0
 10
-7.67047
 20
-0.381226
 11
-7.67328
 21
-0.383102
  0
LINE
  8
0
 10
-7.67328
 20
-0.383102
 11
-7.67618
 21
-0.384842
  0
LINE
  8
0
 10
-7.67618
 20
-0.384842
 11
-7.67914
 21
-0.386475
  0
LINE
  8
0
 10
-7.67914
 20
-0.386475
 11
-7.68217
 21
-0.387985
  0
LINE
  8
0
 10
-7.68217
 20
-0.387985
 11
-7.68526
 21
-0.389359
  0
LINE
  8
0
 10
-7.68526
 20
-0.389359
 11
-7.6884
 21
-0.390594
  0
LINE
  8
0
 10
-7.6884
 20
-0.390594
 11
-7.69159
 21
-0.391708
  0
LINE
  8
0
 10
-7.69159
 20
-0.391708
 11
-7.69482
 21
-0.392685
  0
LINE
  8
0
 10
-7.69482
 20
-0.392685
 11
-7.6981
 21
-0.393524
  0
LINE
  8
0
 10
-7.6981
 20
-0.393524
 11
-7.70142
 21
-0.394226
  0
LINE
  8
0
 10
-7.70142
 20
-0.394226
 11
-7.70474
 21
-0.394791
  0
LINE
  8
0
 10
-7.70474
 20
-0.394791
 11
-7.7081
 21
-0.395218
  0
LINE
  8
0
 10
-7.7081
 20
-0.395218
 11
-7.71147
 21
-0.395508
  0
LINE
  8
0
 10
-7.71147
 20
-0.395508
 11
-7.71484
 21
-0.395645
  0
LINE
  8
0
 10
-7.71484
 20
-0.395645
 11
-7.71822
 21
-0.395645
  0
LINE
  8
0
 10
7.71484
 20
-0.395645
 11
7.71147
 21
-0.395508
  0
LINE
  8
0
 10
7.71147
 20
-0.395508
 11
7.7081
 21
-0.395218
  0
LINE
  8
0
 10
7.7081
 20
-0.395218
 11
7.70474
 21
-0.394791
  0
LINE
  8
0
 10
7.70474
 20
-0.394791
 11
7.70142
 21
-0.394226
  0
LINE
  8
0
 10
7.70142
 20
-0.394226
 11
7.6981
 21
-0.393524
  0
LINE
  8
0
 10
7.6981
 20
-0.393524
 11
7.69482
 21
-0.392685
  0
LINE
  8
0
 10
7.69482
 20
-0.392685
 11
7.69159
 21
-0.391708
  0
LINE
  8
0
 10
7.69159
 20
-0.391708
 11
7.6884
 21
-0.390594
  0
LINE
  8
0
 10
7.6884
 20
-0.390594
 11
7.68526
 21
-0.389359
  0
LINE
  8
0
 10
7.68526
 20
-0.389359
 11
7.68217
 21
-0.387985
  0
LINE
  8
0
 10
7.68217
 20
-0.387985
 11
7.67914
 21
-0.386475
  0
LINE
  8
0
 10
7.67914
 20
-0.386475
 11
7.67618
 21
-0.384842
  0
LINE
  8
0
 10
7.67618
 20
-0.384842
 11
7.67328
 21
-0.383102
  0
LINE
  8
0
 10
7.67328
 20
-0.383102
 11
7.67047
 21
-0.381226
  0
LINE
  8
0
 10
7.67047
 20
-0.381226
 11
7.66774
 21
-0.379242
  0
LINE
  8
0
 10
7.66774
 20
-0.379242
 11
7.66508
 21
-0.377136
  0
LINE
  8
0
 10
7.66508
 20
-0.377136
 11
7.66252
 21
-0.374939
  0
LINE
  8
0
 10
7.66252
 20
-0.374939
 11
7.66006
 21
-0.37262
  0
LINE
  8
0
 10
7.66006
 20
-0.37262
 11
7.6577
 21
-0.370209
  0
LINE
  8
0
 10
7.6577
 20
-0.370209
 11
7.65544
 21
-0.367691
  0
LINE
  8
0
 10
7.65544
 20
-0.367691
 11
7.65327
 21
-0.365082
  0
LINE
  8
0
 10
7.65327
 20
-0.365082
 11
7.65123
 21
-0.362396
  0
LINE
  8
0
 10
7.65123
 20
-0.362396
 11
7.64931
 21
-0.359619
  0
LINE
  8
0
 10
7.64931
 20
-0.359619
 11
7.64749
 21
-0.356766
  0
LINE
  8
0
 10
7.64749
 20
-0.356766
 11
7.64581
 21
-0.353836
  0
LINE
  8
0
 10
7.64581
 20
-0.353836
 11
7.64424
 21
-0.350845
  0
LINE
  8
0
 10
7.64424
 20
-0.350845
 11
7.64281
 21
-0.347778
  0
LINE
  8
0
 10
7.64281
 20
-0.347778
 11
7.64149
 21
-0.344666
  0
LINE
  8
0
 10
7.64149
 20
-0.344666
 11
7.64032
 21
-0.341492
  0
LINE
  8
0
 10
7.64032
 20
-0.341492
 11
7.63927
 21
-0.338287
  0
LINE
  8
0
 10
7.63927
 20
-0.338287
 11
7.63835
 21
-0.335022
  0
LINE
  8
0
 10
7.63835
 20
-0.335022
 11
7.63759
 21
-0.331726
  0
LINE
  8
0
 10
7.63759
 20
-0.331726
 11
7.63695
 21
-0.328415
  0
LINE
  8
0
 10
7.63695
 20
-0.328415
 11
7.63646
 21
-0.325073
  0
LINE
  8
0
 10
7.63646
 20
-0.325073
 11
7.63611
 21
-0.321701
  0
LINE
  8
0
 10
7.63611
 20
-0.321701
 11
7.63589
 21
-0.318329
  0
LINE
  8
0
 10
7.63589
 20
-0.318329
 11
7.63582
 21
-0.314957
  0
LINE
  8
0
 10
7.63582
 20
-0.314957
 11
7.63589
 21
-0.311569
  0
LINE
  8
0
 10
7.63589
 20
-0.311569
 11
7.63611
 21
-0.308197
  0
LINE
  8
0
 10
7.63611
 20
-0.308197
 11
7.63646
 21
-0.30484
  0
LINE
  8
0
 10
7.63646
 20
-0.30484
 11
7.63695
 21
-0.301498
  0
LINE
  8
0
 10
7.63695
 20
-0.301498
 11
7.63759
 21
-0.298172
  0
LINE
  8
0
 10
7.63759
 20
-0.298172
 11
7.63835
 21
-0.294876
  0
LINE
  8
0
 10
7.63835
 20
-0.294876
 11
7.63927
 21
-0.291626
  0
LINE
  8
0
 10
7.63927
 20
-0.291626
 11
7.64032
 21
-0.288406
  0
LINE
  8
0
 10
7.64032
 20
-0.288406
 11
7.64149
 21
-0.285248
  0
LINE
  8
0
 10
7.64149
 20
-0.285248
 11
7.64281
 21
-0.28212
  0
LINE
  8
0
 10
7.64281
 20
-0.28212
 11
7.64424
 21
-0.279068
  0
LINE
  8
0
 10
7.64424
 20
-0.279068
 11
7.64581
 21
-0.276077
  0
LINE
  8
0
 10
7.64581
 20
-0.276077
 11
7.64749
 21
-0.273148
  0
LINE
  8
0
 10
7.64749
 20
-0.273148
 11
7.64931
 21
-0.270294
  0
LINE
  8
0
 10
7.64931
 20
-0.270294
 11
7.65123
 21
-0.267517
  0
LINE
  8
0
 10
7.65123
 20
-0.267517
 11
7.65327
 21
-0.264816
  0
LINE
  8
0
 10
7.65327
 20
-0.264816
 11
7.65544
 21
-0.262222
  0
LINE
  8
0
 10
7.65544
 20
-0.262222
 11
7.6577
 21
-0.259705
  0
LINE
  8
0
 10
7.6577
 20
-0.259705
 11
7.66006
 21
-0.257294
  0
LINE
  8
0
 10
7.66006
 20
-0.257294
 11
7.66252
 21
-0.254974
  0
LINE
  8
0
 10
7.66252
 20
-0.254974
 11
7.66508
 21
-0.252762
  0
LINE
  8
0
 10
7.66508
 20
-0.252762
 11
7.66774
 21
-0.250671
  0
LINE
  8
0
 10
7.66774
 20
-0.250671
 11
7.67047
 21
-0.248672
  0
LINE
  8
0
 10
7.67047
 20
-0.248672
 11
7.67328
 21
-0.246811
  0
LINE
  8
0
 10
7.67328
 20
-0.246811
 11
7.67618
 21
-0.245056
  0
LINE
  8
0
 10
7.67618
 20
-0.245056
 11
7.67914
 21
-0.243423
  0
LINE
  8
0
 10
7.67914
 20
-0.243423
 11
7.68217
 21
-0.241928
  0
LINE
  8
0
 10
7.68217
 20
-0.241928
 11
7.68526
 21
-0.240555
  0
LINE
  8
0
 10
7.68526
 20
-0.240555
 11
7.6884
 21
-0.239304
  0
LINE
  8
0
 10
7.6884
 20
-0.239304
 11
7.69159
 21
-0.23819
  0
LINE
  8
0
 10
7.69159
 20
-0.23819
 11
7.69482
 21
-0.237213
  0
LINE
  8
0
 10
7.69482
 20
-0.237213
 11
7.6981
 21
-0.236374
  0
LINE
  8
0
 10
7.6981
 20
-0.236374
 11
7.70142
 21
-0.235672
  0
LINE
  8
0
 10
7.70142
 20
-0.235672
 11
7.70474
 21
-0.235107
  0
LINE
  8
0
 10
7.70474
 20
-0.235107
 11
7.7081
 21
-0.23468
  0
LINE
  8
0
 10
7.7081
 20
-0.23468
 11
7.71147
 21
-0.234406
  0
LINE
  8
0
 10
7.71147
 20
-0.234406
 11
7.71484
 21
-0.234268
  0
LINE
  8
0
 10
7.71484
 20
-0.234268
 11
7.71822
 21
-0.234268
  0
LINE
  8
0
 10
7.71822
 20
-0.234268
 11
7.7216
 21
-0.234406
  0
LINE
  8
0
 10
7.7216
 20
-0.234406
 11
7.72498
 21
-0.23468
  0
LINE
  8
0
 10
7.72498
 20
-0.23468
 11
7.72832
 21
-0.235107
  0
LINE
  8
0
 10
7.72832
 20
-0.235107
 11
7.73166
 21
-0.235672
  0
LINE
  8
0
 10
7.73166
 20
-0.235672
 11
7.73495
 21
-0.236374
  0
LINE
  8
0
 10
7.73495
 20
-0.236374
 11
7.73824
 21
-0.237213
  0
LINE
  8
0
 10
7.73824
 20
-0.237213
 11
7.74147
 21
-0.23819
  0
LINE
  8
0
 10
7.74147
 20
-0.23819
 11
7.74466
 21
-0.239304
  0
LINE
  8
0
 10
7.74466
 20
-0.239304
 11
7.7478
 21
-0.240555
  0
LINE
  8
0
 10
7.7478
 20
-0.240555
 11
7.7509
 21
-0.241928
  0
LINE
  8
0
 10
7.7509
 20
-0.241928
 11
7.75392
 21
-0.243423
  0
LINE
  8
0
 10
7.75392
 20
-0.243423
 11
7.75688
 21
-0.245056
  0
LINE
  8
0
 10
7.75688
 20
-0.245056
 11
7.75978
 21
-0.246811
  0
LINE
  8
0
 10
7.75978
 20
-0.246811
 11
7.76259
 21
-0.248672
  0
LINE
  8
0
 10
7.76259
 20
-0.248672
 11
7.76534
 21
-0.250671
  0
LINE
  8
0
 10
7.76534
 20
-0.250671
 11
7.76797
 21
-0.252762
  0
LINE
  8
0
 10
7.76797
 20
-0.252762
 11
7.77054
 21
-0.254974
  0
LINE
  8
0
 10
7.77054
 20
-0.254974
 11
7.77299
 21
-0.257294
  0
LINE
  8
0
 10
7.77299
 20
-0.257294
 11
7.77536
 21
-0.259705
  0
LINE
  8
0
 10
7.77536
 20
-0.259705
 11
7.77763
 21
-0.262222
  0
LINE
  8
0
 10
7.77763
 20
-0.262222
 11
7.77979
 21
-0.264816
  0
LINE
  8
0
 10
7.77979
 20
-0.264816
 11
7.78183
 21
-0.267517
  0
LINE
  8
0
 10
7.78183
 20
-0.267517
 11
7.78375
 21
-0.270294
  0
LINE
  8
0
 10
7.78375
 20
-0.270294
 11
7.78557
 21
-0.273148
  0
LINE
  8
0
 10
7.78557
 20
-0.273148
 11
7.78726
 21
-0.276077
  0
LINE
  8
0
 10
7.78726
 20
-0.276077
 11
7.78882
 21
-0.279068
  0
LINE
  8
0
 10
7.78882
 20
-0.279068
 11
7.79027
 21
-0.28212
  0
LINE
  8
0
 10
7.79027
 20
-0.28212
 11
7.79158
 21
-0.285248
  0
LINE
  8
0
 10
7.79158
 20
-0.285248
 11
7.79276
 21
-0.288406
  0
LINE
  8
0
 10
7.79276
 20
-0.288406
 11
7.79379
 21
-0.291626
  0
LINE
  8
0
 10
7.79379
 20
-0.291626
 11
7.79471
 21
-0.294876
  0
LINE
  8
0
 10
7.79471
 20
-0.294876
 11
7.79547
 21
-0.298172
  0
LINE
  8
0
 10
7.79547
 20
-0.298172
 11
7.79611
 21
-0.301498
  0
LINE
  8
0
 10
7.79611
 20
-0.301498
 11
7.7966
 21
-0.30484
  0
LINE
  8
0
 10
7.7966
 20
-0.30484
 11
7.79695
 21
-0.308197
  0
LINE
  8
0
 10
7.79695
 20
-0.308197
 11
7.79716
 21
-0.311569
  0
LINE
  8
0
 10
7.79716
 20
-0.311569
 11
7.79724
 21
-0.314957
  0
LINE
  8
0
 10
7.79724
 20
-0.314957
 11
7.79716
 21
-0.318329
  0
LINE
  8
0
 10
7.79716
 20
-0.318329
 11
7.79695
 21
-0.321701
  0
LINE
  8
0
 10
7.79695
 20
-0.321701
 11
7.7966
 21
-0.325073
  0
LINE
  8
0
 10
7.7966
 20
-0.325073
 11
7.79611
 21
-0.328415
  0
LINE
  8
0
 10
7.79611
 20
-0.328415
 11
7.79547
 21
-0.331726
  0
LINE
  8
0
 10
7.79547
 20
-0.331726
 11
7.79471
 21
-0.335022
  0
LINE
  8
0
 10
7.79471
 20
-0.335022
 11
7.79379
 21
-0.338287
  0
LINE
  8
0
 10
7.79379
 20
-0.338287
 11
7.79276
 21
-0.341492
  0
LINE
  8
0
 10
7.79276
 20
-0.341492
 11
7.79158
 21
-0.344666
  0
LINE
  8
0
 10
7.79158
 20
-0.344666
 11
7.79027
 21
-0.347778
  0
LINE
  8
0
 10
7.79027
 20
-0.347778
 11
7.78882
 21
-0.350845
  0
LINE
  8
0
 10
7.78882
 20
-0.350845
 11
7.78726
 21
-0.353836
  0
LINE
  8
0
 10
7.78726
 20
-0.353836
 11
7.78557
 21
-0.356766
  0
LINE
  8
0
 10
7.78557
 20
-0.356766
 11
7.78375
 21
-0.359619
  0
LINE
  8
0
 10
7.78375
 20
-0.359619
 11
7.78183
 21
-0.362396
  0
LINE
  8
0
 10
7.78183
 20
-0.362396
 11
7.77979
 21
-0.365082
  0
LINE
  8
0
 10
7.77979
 20
-0.365082
 11
7.77763
 21
-0.367691
  0
LINE
  8
0
 10
7.77763
 20
-0.367691
 11
7.77536
 21
-0.370209
  0
LINE
  8
0
 10
7.77536
 20
-0.370209
 11
7.77299
 21
-0.37262
  0
LINE
  8
0
 10
7.77299
 20
-0.37262
 11
7.77054
 21
-0.374939
  0
LINE
  8
0
 10
7.77054
 20
-0.374939
 11
7.76797
 21
-0.377136
  0
LINE
  8
0
 10
7.76797
 20
-0.377136
 11
7.76534
 21
-0.379242
  0
LINE
  8
0
 10
7.76534
 20
-0.379242
 11
7.76259
 21
-0.381226
  0
LINE
  8
0
 10
7.76259
 20
-0.381226
 11
7.75978
 21
-0.383102
  0
LINE
  8
0
 10
7.75978
 20
-0.383102
 11
7.75688
 21
-0.384842
  0
LINE
  8
0
 10
7.75688
 20
-0.384842
 11
7.75392
 21
-0.386475
  0
LINE
  8
0
 10
7.75392
 20
-0.386475
 11
7.7509
 21
-0.387985
  0
LINE
  8
0
 10
7.7509
 20
-0.387985
 11
7.7478
 21
-0.389359
  0
LINE
  8
0
 10
7.7478
 20
-0.389359
 11
7.74466
 21
-0.390594
  0
LINE
  8
0
 10
7.74466
 20
-0.390594
 11
7.74147
 21
-0.391708
  0
LINE
  8
0
 10
7.74147
 20
-0.391708
 11
7.73824
 21
-0.392685
  0
LINE
  8
0
 10
7.73824
 20
-0.392685
 11
7.73495
 21
-0.393524
  0
LINE
  8
0
 10
7.73495
 20
-0.393524
 11
7.73166
 21
-0.394226
  0
LINE
  8
0
 10
7.73166
 20
-0.394226
 11
7.72832
 21
-0.394791
  0
LINE
  8
0
 10
7.72832
 20
-0.394791
 11
7.72498
 21
-0.395218
  0
LINE
  8
0
 10
7.72498
 20
-0.395218
 11
7.7216
 21
-0.395508
  0
LINE
  8
0
 10
7.7216
 20
-0.395508
 11
7.71822
 21
-0.395645
  0
LINE
  8
0
 10
7.71822
 20
-0.395645
 11
7.71484
 21
-0.395645
  0
LINE
  8
0
 10
6.455
 20
-0.395645
 11
6.45161
 21
-0.395508
  0
LINE
  8
0
 10
6.45161
 20
-0.395508
 11
6.44826
 21
-0.395218
  0
LINE
  8
0
 10
6.44826
 20
-0.395218
 11
6.4449
 21
-0.394791
  0
LINE
  8
0
 10
6.4449
 20
-0.394791
 11
6.44156
 21
-0.394226
  0
LINE
  8
0
 10
6.44156
 20
-0.394226
 11
6.43826
 21
-0.393524
  0
LINE
  8
0
 10
6.43826
 20
-0.393524
 11
6.43498
 21
-0.392685
  0
LINE
  8
0
 10
6.43498
 20
-0.392685
 11
6.43175
 21
-0.391708
  0
LINE
  8
0
 10
6.43175
 20
-0.391708
 11
6.42856
 21
-0.390594
  0
LINE
  8
0
 10
6.42856
 20
-0.390594
 11
6.42542
 21
-0.389359
  0
LINE
  8
0
 10
6.42542
 20
-0.389359
 11
6.42232
 21
-0.387985
  0
LINE
  8
0
 10
6.42232
 20
-0.387985
 11
6.4193
 21
-0.386475
  0
LINE
  8
0
 10
6.4193
 20
-0.386475
 11
6.41634
 21
-0.384842
  0
LINE
  8
0
 10
6.41634
 20
-0.384842
 11
6.41344
 21
-0.383102
  0
LINE
  8
0
 10
6.41344
 20
-0.383102
 11
6.41063
 21
-0.381226
  0
LINE
  8
0
 10
6.41063
 20
-0.381226
 11
6.4079
 21
-0.379242
  0
LINE
  8
0
 10
6.4079
 20
-0.379242
 11
6.40524
 21
-0.377136
  0
LINE
  8
0
 10
6.40524
 20
-0.377136
 11
6.40268
 21
-0.374939
  0
LINE
  8
0
 10
6.40268
 20
-0.374939
 11
6.40022
 21
-0.37262
  0
LINE
  8
0
 10
6.40022
 20
-0.37262
 11
6.39786
 21
-0.370209
  0
LINE
  8
0
 10
6.39786
 20
-0.370209
 11
6.3956
 21
-0.367691
  0
LINE
  8
0
 10
6.3956
 20
-0.367691
 11
6.39343
 21
-0.365082
  0
LINE
  8
0
 10
6.39343
 20
-0.365082
 11
6.39139
 21
-0.362396
  0
LINE
  8
0
 10
6.39139
 20
-0.362396
 11
6.38947
 21
-0.359619
  0
LINE
  8
0
 10
6.38947
 20
-0.359619
 11
6.38765
 21
-0.356766
  0
LINE
  8
0
 10
6.38765
 20
-0.356766
 11
6.38597
 21
-0.353836
  0
LINE
  8
0
 10
6.38597
 20
-0.353836
 11
6.3844
 21
-0.350845
  0
LINE
  8
0
 10
6.3844
 20
-0.350845
 11
6.38297
 21
-0.347778
  0
LINE
  8
0
 10
6.38297
 20
-0.347778
 11
6.38165
 21
-0.344666
  0
LINE
  8
0
 10
6.38165
 20
-0.344666
 11
6.38046
 21
-0.341492
  0
LINE
  8
0
 10
6.38046
 20
-0.341492
 11
6.37943
 21
-0.338287
  0
LINE
  8
0
 10
6.37943
 20
-0.338287
 11
6.37851
 21
-0.335022
  0
LINE
  8
0
 10
6.37851
 20
-0.335022
 11
6.37775
 21
-0.331726
  0
LINE
  8
0
 10
6.37775
 20
-0.331726
 11
6.37711
 21
-0.328415
  0
LINE
  8
0
 10
6.37711
 20
-0.328415
 11
6.37662
 21
-0.325073
  0
LINE
  8
0
 10
6.37662
 20
-0.325073
 11
6.37627
 21
-0.321701
  0
LINE
  8
0
 10
6.37627
 20
-0.321701
 11
6.37605
 21
-0.318329
  0
LINE
  8
0
 10
6.37605
 20
-0.318329
 11
6.37598
 21
-0.314957
  0
LINE
  8
0
 10
6.37598
 20
-0.314957
 11
6.37605
 21
-0.311569
  0
LINE
  8
0
 10
6.37605
 20
-0.311569
 11
6.37627
 21
-0.308197
  0
LINE
  8
0
 10
6.37627
 20
-0.308197
 11
6.37662
 21
-0.30484
  0
LINE
  8
0
 10
6.37662
 20
-0.30484
 11
6.37711
 21
-0.301498
  0
LINE
  8
0
 10
6.37711
 20
-0.301498
 11
6.37775
 21
-0.298172
  0
LINE
  8
0
 10
6.37775
 20
-0.298172
 11
6.37851
 21
-0.294876
  0
LINE
  8
0
 10
6.37851
 20
-0.294876
 11
6.37943
 21
-0.291626
  0
LINE
  8
0
 10
6.37943
 20
-0.291626
 11
6.38046
 21
-0.288406
  0
LINE
  8
0
 10
6.38046
 20
-0.288406
 11
6.38165
 21
-0.285248
  0
LINE
  8
0
 10
6.38165
 20
-0.285248
 11
6.38297
 21
-0.28212
  0
LINE
  8
0
 10
6.38297
 20
-0.28212
 11
6.3844
 21
-0.279068
  0
LINE
  8
0
 10
6.3844
 20
-0.279068
 11
6.38597
 21
-0.276077
  0
LINE
  8
0
 10
6.38597
 20
-0.276077
 11
6.38765
 21
-0.273148
  0
LINE
  8
0
 10
6.38765
 20
-0.273148
 11
6.38947
 21
-0.270294
  0
LINE
  8
0
 10
6.38947
 20
-0.270294
 11
6.39139
 21
-0.267517
  0
LINE
  8
0
 10
6.39139
 20
-0.267517
 11
6.39343
 21
-0.264816
  0
LINE
  8
0
 10
6.39343
 20
-0.264816
 11
6.3956
 21
-0.262222
  0
LINE
  8
0
 10
6.3956
 20
-0.262222
 11
6.39786
 21
-0.259705
  0
LINE
  8
0
 10
6.39786
 20
-0.259705
 11
6.40022
 21
-0.257294
  0
LINE
  8
0
 10
6.40022
 20
-0.257294
 11
6.40268
 21
-0.254974
  0
LINE
  8
0
 10
6.40268
 20
-0.254974
 11
6.40524
 21
-0.252762
  0
LINE
  8
0
 10
6.40524
 20
-0.252762
 11
6.4079
 21
-0.250671
  0
LINE
  8
0
 10
6.4079
 20
-0.250671
 11
6.41063
 21
-0.248672
  0
LINE
  8
0
 10
6.41063
 20
-0.248672
 11
6.41344
 21
-0.246811
  0
LINE
  8
0
 10
6.41344
 20
-0.246811
 11
6.41634
 21
-0.245056
  0
LINE
  8
0
 10
6.41634
 20
-0.245056
 11
6.4193
 21
-0.243423
  0
LINE
  8
0
 10
6.4193
 20
-0.243423
 11
6.42232
 21
-0.241928
  0
LINE
  8
0
 10
6.42232
 20
-0.241928
 11
6.42542
 21
-0.240555
  0
LINE
  8
0
 10
6.42542
 20
-0.240555
 11
6.42856
 21
-0.239304
  0
LINE
  8
0
 10
6.42856
 20
-0.239304
 11
6.43175
 21
-0.23819
  0
LINE
  8
0
 10
6.43175
 20
-0.23819
 11
6.43498
 21
-0.237213
  0
LINE
  8
0
 10
6.43498
 20
-0.237213
 11
6.43826
 21
-0.236374
  0
LINE
  8
0
 10
6.43826
 20
-0.236374
 11
6.44156
 21
-0.235672
  0
LINE
  8
0
 10
6.44156
 20
-0.235672
 11
6.4449
 21
-0.235107
  0
LINE
  8
0
 10
6.4449
 20
-0.235107
 11
6.44826
 21
-0.23468
  0
LINE
  8
0
 10
6.44826
 20
-0.23468
 11
6.45161
 21
-0.234406
  0
LINE
  8
0
 10
6.45161
 20
-0.234406
 11
6.455
 21
-0.234268
  0
LINE
  8
0
 10
6.455
 20
-0.234268
 11
6.45837
 21
-0.234268
  0
LINE
  8
0
 10
6.45837
 20
-0.234268
 11
6.46176
 21
-0.234406
  0
LINE
  8
0
 10
6.46176
 20
-0.234406
 11
6.46512
 21
-0.23468
  0
LINE
  8
0
 10
6.46512
 20
-0.23468
 11
6.46848
 21
-0.235107
  0
LINE
  8
0
 10
6.46848
 20
-0.235107
 11
6.47182
 21
-0.235672
  0
LINE
  8
0
 10
6.47182
 20
-0.235672
 11
6.47511
 21
-0.236374
  0
LINE
  8
0
 10
6.47511
 20
-0.236374
 11
6.47839
 21
-0.237213
  0
LINE
  8
0
 10
6.47839
 20
-0.237213
 11
6.48163
 21
-0.23819
  0
LINE
  8
0
 10
6.48163
 20
-0.23819
 11
6.48482
 21
-0.239304
  0
LINE
  8
0
 10
6.48482
 20
-0.239304
 11
6.48796
 21
-0.240555
  0
LINE
  8
0
 10
6.48796
 20
-0.240555
 11
6.49106
 21
-0.241928
  0
LINE
  8
0
 10
6.49106
 20
-0.241928
 11
6.49408
 21
-0.243423
  0
LINE
  8
0
 10
6.49408
 20
-0.243423
 11
6.49704
 21
-0.245056
  0
LINE
  8
0
 10
6.49704
 20
-0.245056
 11
6.49994
 21
-0.246811
  0
LINE
  8
0
 10
6.49994
 20
-0.246811
 11
6.50275
 21
-0.248672
  0
LINE
  8
0
 10
6.50275
 20
-0.248672
 11
6.50549
 21
-0.250671
  0
LINE
  8
0
 10
6.50549
 20
-0.250671
 11
6.50813
 21
-0.252762
  0
LINE
  8
0
 10
6.50813
 20
-0.252762
 11
6.5107
 21
-0.254974
  0
LINE
  8
0
 10
6.5107
 20
-0.254974
 11
6.51315
 21
-0.257294
  0
LINE
  8
0
 10
6.51315
 20
-0.257294
 11
6.51552
 21
-0.259705
  0
LINE
  8
0
 10
6.51552
 20
-0.259705
 11
6.51779
 21
-0.262222
  0
LINE
  8
0
 10
6.51779
 20
-0.262222
 11
6.51994
 21
-0.264816
  0
LINE
  8
0
 10
6.51994
 20
-0.264816
 11
6.52199
 21
-0.267517
  0
LINE
  8
0
 10
6.52199
 20
-0.267517
 11
6.52391
 21
-0.270294
  0
LINE
  8
0
 10
6.52391
 20
-0.270294
 11
6.52573
 21
-0.273148
  0
LINE
  8
0
 10
6.52573
 20
-0.273148
 11
6.52742
 21
-0.276077
  0
LINE
  8
0
 10
6.52742
 20
-0.276077
 11
6.52898
 21
-0.279068
  0
LINE
  8
0
 10
6.52898
 20
-0.279068
 11
6.53043
 21
-0.28212
  0
LINE
  8
0
 10
6.53043
 20
-0.28212
 11
6.53172
 21
-0.285248
  0
LINE
  8
0
 10
6.53172
 20
-0.285248
 11
6.53291
 21
-0.288406
  0
LINE
  8
0
 10
6.53291
 20
-0.288406
 11
6.53395
 21
-0.291626
  0
LINE
  8
0
 10
6.53395
 20
-0.291626
 11
6.53487
 21
-0.294876
  0
LINE
  8
0
 10
6.53487
 20
-0.294876
 11
6.53563
 21
-0.298172
  0
LINE
  8
0
 10
6.53563
 20
-0.298172
 11
6.53627
 21
-0.301498
  0
LINE
  8
0
 10
6.53627
 20
-0.301498
 11
6.53676
 21
-0.30484
  0
LINE
  8
0
 10
6.53676
 20
-0.30484
 11
6.53711
 21
-0.308197
  0
LINE
  8
0
 10
6.53711
 20
-0.308197
 11
6.53732
 21
-0.311569
  0
LINE
  8
0
 10
6.53732
 20
-0.311569
 11
6.5374
 21
-0.314957
  0
LINE
  8
0
 10
6.5374
 20
-0.314957
 11
6.53732
 21
-0.318329
  0
LINE
  8
0
 10
6.53732
 20
-0.318329
 11
6.53711
 21
-0.321701
  0
LINE
  8
0
 10
6.53711
 20
-0.321701
 11
6.53676
 21
-0.325073
  0
LINE
  8
0
 10
6.53676
 20
-0.325073
 11
6.53627
 21
-0.328415
  0
LINE
  8
0
 10
6.53627
 20
-0.328415
 11
6.53563
 21
-0.331726
  0
LINE
  8
0
 10
6.53563
 20
-0.331726
 11
6.53487
 21
-0.335022
  0
LINE
  8
0
 10
6.53487
 20
-0.335022
 11
6.53395
 21
-0.338287
  0
LINE
  8
0
 10
6.53395
 20
-0.338287
 11
6.53291
 21
-0.341492
  0
LINE
  8
0
 10
6.53291
 20
-0.341492
 11
6.53172
 21
-0.344666
  0
LINE
  8
0
 10
6.53172
 20
-0.344666
 11
6.53043
 21
-0.347778
  0
LINE
  8
0
 10
6.53043
 20
-0.347778
 11
6.52898
 21
-0.350845
  0
LINE
  8
0
 10
6.52898
 20
-0.350845
 11
6.52742
 21
-0.353836
  0
LINE
  8
0
 10
6.52742
 20
-0.353836
 11
6.52573
 21
-0.356766
  0
LINE
  8
0
 10
6.52573
 20
-0.356766
 11
6.52391
 21
-0.359619
  0
LINE
  8
0
 10
6.52391
 20
-0.359619
 11
6.52199
 21
-0.362396
  0
LINE
  8
0
 10
6.52199
 20
-0.362396
 11
6.51994
 21
-0.365082
  0
LINE
  8
0
 10
6.51994
 20
-0.365082
 11
6.51779
 21
-0.367691
  0
LINE
  8
0
 10
6.51779
 20
-0.367691
 11
6.51552
 21
-0.370209
  0
LINE
  8
0
 10
6.51552
 20
-0.370209
 11
6.51315
 21
-0.37262
  0
LINE
  8
0
 10
6.51315
 20
-0.37262
 11
6.5107
 21
-0.374939
  0
LINE
  8
0
 10
6.5107
 20
-0.374939
 11
6.50813
 21
-0.377136
  0
LINE
  8
0
 10
6.50813
 20
-0.377136
 11
6.50549
 21
-0.379242
  0
LINE
  8
0
 10
6.50549
 20
-0.379242
 11
6.50275
 21
-0.381226
  0
LINE
  8
0
 10
6.50275
 20
-0.381226
 11
6.49994
 21
-0.383102
  0
LINE
  8
0
 10
6.49994
 20
-0.383102
 11
6.49704
 21
-0.384842
  0
LINE
  8
0
 10
6.49704
 20
-0.384842
 11
6.49408
 21
-0.386475
  0
LINE
  8
0
 10
6.49408
 20
-0.386475
 11
6.49106
 21
-0.387985
  0
LINE
  8
0
 10
6.49106
 20
-0.387985
 11
6.48796
 21
-0.389359
  0
LINE
  8
0
 10
6.48796
 20
-0.389359
 11
6.48482
 21
-0.390594
  0
LINE
  8
0
 10
6.48482
 20
-0.390594
 11
6.48163
 21
-0.391708
  0
LINE
  8
0
 10
6.48163
 20
-0.391708
 11
6.47839
 21
-0.392685
  0
LINE
  8
0
 10
6.47839
 20
-0.392685
 11
6.47511
 21
-0.393524
  0
LINE
  8
0
 10
6.47511
 20
-0.393524
 11
6.47182
 21
-0.394226
  0
LINE
  8
0
 10
6.47182
 20
-0.394226
 11
6.46848
 21
-0.394791
  0
LINE
  8
0
 10
6.46848
 20
-0.394791
 11
6.46512
 21
-0.395218
  0
LINE
  8
0
 10
6.46512
 20
-0.395218
 11
6.46176
 21
-0.395508
  0
LINE
  8
0
 10
6.46176
 20
-0.395508
 11
6.45837
 21
-0.395645
  0
LINE
  8
0
 10
6.45837
 20
-0.395645
 11
6.455
 21
-0.395645
  0
LINE
  8
0
 10
-6.45837
 20
-0.395645
 11
-6.46176
 21
-0.395508
  0
LINE
  8
0
 10
-6.46176
 20
-0.395508
 11
-6.46512
 21
-0.395218
  0
LINE
  8
0
 10
-6.46512
 20
-0.395218
 11
-6.46848
 21
-0.394791
  0
LINE
  8
0
 10
-6.46848
 20
-0.394791
 11
-6.47182
 21
-0.394226
  0
LINE
  8
0
 10
-6.47182
 20
-0.394226
 11
-6.47511
 21
-0.393524
  0
LINE
  8
0
 10
-6.47511
 20
-0.393524
 11
-6.47839
 21
-0.392685
  0
LINE
  8
0
 10
-6.47839
 20
-0.392685
 11
-6.48163
 21
-0.391708
  0
LINE
  8
0
 10
-6.48163
 20
-0.391708
 11
-6.48482
 21
-0.390594
  0
LINE
  8
0
 10
-6.48482
 20
-0.390594
 11
-6.48796
 21
-0.389359
  0
LINE
  8
0
 10
-6.48796
 20
-0.389359
 11
-6.49106
 21
-0.387985
  0
LINE
  8
0
 10
-6.49106
 20
-0.387985
 11
-6.49408
 21
-0.386475
  0
LINE
  8
0
 10
-6.49408
 20
-0.386475
 11
-6.49704
 21
-0.384842
  0
LINE
  8
0
 10
-6.49704
 20
-0.384842
 11
-6.49994
 21
-0.383102
  0
LINE
  8
0
 10
-6.49994
 20
-0.383102
 11
-6.50275
 21
-0.381226
  0
LINE
  8
0
 10
-6.50275
 20
-0.381226
 11
-6.50549
 21
-0.379242
  0
LINE
  8
0
 10
-6.50549
 20
-0.379242
 11
-6.50813
 21
-0.377136
  0
LINE
  8
0
 10
-6.50813
 20
-0.377136
 11
-6.5107
 21
-0.374939
  0
LINE
  8
0
 10
-6.5107
 20
-0.374939
 11
-6.51315
 21
-0.37262
  0
LINE
  8
0
 10
-6.51315
 20
-0.37262
 11
-6.51552
 21
-0.370209
  0
LINE
  8
0
 10
-6.51552
 20
-0.370209
 11
-6.51779
 21
-0.367691
  0
LINE
  8
0
 10
-6.51779
 20
-0.367691
 11
-6.51994
 21
-0.365082
  0
LINE
  8
0
 10
-6.51994
 20
-0.365082
 11
-6.52199
 21
-0.362396
  0
LINE
  8
0
 10
-6.52199
 20
-0.362396
 11
-6.52391
 21
-0.359619
  0
LINE
  8
0
 10
-6.52391
 20
-0.359619
 11
-6.52573
 21
-0.356766
  0
LINE
  8
0
 10
-6.52573
 20
-0.356766
 11
-6.52742
 21
-0.353836
  0
LINE
  8
0
 10
-6.52742
 20
-0.353836
 11
-6.52898
 21
-0.350845
  0
LINE
  8
0
 10
-6.52898
 20
-0.350845
 11
-6.53043
 21
-0.347778
  0
LINE
  8
0
 10
-6.53043
 20
-0.347778
 11
-6.53172
 21
-0.344666
  0
LINE
  8
0
 10
-6.53172
 20
-0.344666
 11
-6.53291
 21
-0.341492
  0
LINE
  8
0
 10
-6.53291
 20
-0.341492
 11
-6.53395
 21
-0.338287
  0
LINE
  8
0
 10
-6.53395
 20
-0.338287
 11
-6.53487
 21
-0.335022
  0
LINE
  8
0
 10
-6.53487
 20
-0.335022
 11
-6.53563
 21
-0.331726
  0
LINE
  8
0
 10
-6.53563
 20
-0.331726
 11
-6.53627
 21
-0.328415
  0
LINE
  8
0
 10
-6.53627
 20
-0.328415
 11
-6.53676
 21
-0.325073
  0
LINE
  8
0
 10
-6.53676
 20
-0.325073
 11
-6.53711
 21
-0.321701
  0
LINE
  8
0
 10
-6.53711
 20
-0.321701
 11
-6.53732
 21
-0.318329
  0
LINE
  8
0
 10
-6.53732
 20
-0.318329
 11
-6.5374
 21
-0.314957
  0
LINE
  8
0
 10
-6.5374
 20
-0.314957
 11
-6.53732
 21
-0.311569
  0
LINE
  8
0
 10
-6.53732
 20
-0.311569
 11
-6.53711
 21
-0.308197
  0
LINE
  8
0
 10
-6.53711
 20
-0.308197
 11
-6.53676
 21
-0.30484
  0
LINE
  8
0
 10
-6.53676
 20
-0.30484
 11
-6.53627
 21
-0.301498
  0
LINE
  8
0
 10
-6.53627
 20
-0.301498
 11
-6.53563
 21
-0.298172
  0
LINE
  8
0
 10
-6.53563
 20
-0.298172
 11
-6.53487
 21
-0.294876
  0
LINE
  8
0
 10
-6.53487
 20
-0.294876
 11
-6.53395
 21
-0.291626
  0
LINE
  8
0
 10
-6.53395
 20
-0.291626
 11
-6.53291
 21
-0.288406
  0
LINE
  8
0
 10
-6.53291
 20
-0.288406
 11
-6.53172
 21
-0.285248
  0
LINE
  8
0
 10
-6.53172
 20
-0.285248
 11
-6.53043
 21
-0.28212
  0
LINE
  8
0
 10
-6.53043
 20
-0.28212
 11
-6.52898
 21
-0.279068
  0
LINE
  8
0
 10
-6.52898
 20
-0.279068
 11
-6.52742
 21
-0.276077
  0
LINE
  8
0
 10
-6.52742
 20
-0.276077
 11
-6.52573
 21
-0.273148
  0
LINE
  8
0
 10
-6.52573
 20
-0.273148
 11
-6.52391
 21
-0.270294
  0
LINE
  8
0
 10
-6.52391
 20
-0.270294
 11
-6.52199
 21
-0.267517
  0
LINE
  8
0
 10
-6.52199
 20
-0.267517
 11
-6.51994
 21
-0.264816
  0
LINE
  8
0
 10
-6.51994
 20
-0.264816
 11
-6.51779
 21
-0.262222
  0
LINE
  8
0
 10
-6.51779
 20
-0.262222
 11
-6.51552
 21
-0.259705
  0
LINE
  8
0
 10
-6.51552
 20
-0.259705
 11
-6.51315
 21
-0.257294
  0
LINE
  8
0
 10
-6.51315
 20
-0.257294
 11
-6.5107
 21
-0.254974
  0
LINE
  8
0
 10
-6.5107
 20
-0.254974
 11
-6.50813
 21
-0.252762
  0
LINE
  8
0
 10
-6.50813
 20
-0.252762
 11
-6.50549
 21
-0.250671
  0
LINE
  8
0
 10
-6.50549
 20
-0.250671
 11
-6.50275
 21
-0.248672
  0
LINE
  8
0
 10
-6.50275
 20
-0.248672
 11
-6.49994
 21
-0.246811
  0
LINE
  8
0
 10
-6.49994
 20
-0.246811
 11
-6.49704
 21
-0.245056
  0
LINE
  8
0
 10
-6.49704
 20
-0.245056
 11
-6.49408
 21
-0.243423
  0
LINE
  8
0
 10
-6.49408
 20
-0.243423
 11
-6.49106
 21
-0.241928
  0
LINE
  8
0
 10
-6.49106
 20
-0.241928
 11
-6.48796
 21
-0.240555
  0
LINE
  8
0
 10
-6.48796
 20
-0.240555
 11
-6.48482
 21
-0.239304
  0
LINE
  8
0
 10
-6.48482
 20
-0.239304
 11
-6.48163
 21
-0.23819
  0
LINE
  8
0
 10
-6.48163
 20
-0.23819
 11
-6.47839
 21
-0.237213
  0
LINE
  8
0
 10
-6.47839
 20
-0.237213
 11
-6.47511
 21
-0.236374
  0
LINE
  8
0
 10
-6.47511
 20
-0.236374
 11
-6.47182
 21
-0.235672
  0
LINE
  8
0
 10
-6.47182
 20
-0.235672
 11
-6.46848
 21
-0.235107
  0
LINE
  8
0
 10
-6.46848
 20
-0.235107
 11
-6.46512
 21
-0.23468
  0
LINE
  8
0
 10
-6.46512
 20
-0.23468
 11
-6.46176
 21
-0.234406
  0
LINE
  8
0
 10
-6.46176
 20
-0.234406
 11
-6.45837
 21
-0.234268
  0
LINE
  8
0
 10
-6.45837
 20
-0.234268
 11
-6.455
 21
-0.234268
  0
LINE
  8
0
 10
-6.455
 20
-0.234268
 11
-6.45161
 21
-0.234406
  0
LINE
  8
0
 10
-6.45161
 20
-0.234406
 11
-6.44826
 21
-0.23468
  0
LINE
  8
0
 10
-6.44826
 20
-0.23468
 11
-6.4449
 21
-0.235107
  0
LINE
  8
0
 10
-6.4449
 20
-0.235107
 11
-6.44156
 21
-0.235672
  0
LINE
  8
0
 10
-6.44156
 20
-0.235672
 11
-6.43826
 21
-0.236374
  0
LINE
  8
0
 10
-6.43826
 20
-0.236374
 11
-6.43498
 21
-0.237213
  0
LINE
  8
0
 10
-6.43498
 20
-0.237213
 11
-6.43175
 21
-0.23819
  0
LINE
  8
0
 10
-6.43175
 20
-0.23819
 11
-6.42856
 21
-0.239304
  0
LINE
  8
0
 10
-6.42856
 20
-0.239304
 11
-6.42542
 21
-0.240555
  0
LINE
  8
0
 10
-6.42542
 20
-0.240555
 11
-6.42232
 21
-0.241928
  0
LINE
  8
0
 10
-6.42232
 20
-0.241928
 11
-6.4193
 21
-0.243423
  0
LINE
  8
0
 10
-6.4193
 20
-0.243423
 11
-6.41634
 21
-0.245056
  0
LINE
  8
0
 10
-6.41634
 20
-0.245056
 11
-6.41344
 21
-0.246811
  0
LINE
  8
0
 10
-6.41344
 20
-0.246811
 11
-6.41063
 21
-0.248672
  0
LINE
  8
0
 10
-6.41063
 20
-0.248672
 11
-6.4079
 21
-0.250671
  0
LINE
  8
0
 10
-6.4079
 20
-0.250671
 11
-6.40524
 21
-0.252762
  0
LINE
  8
0
 10
-6.40524
 20
-0.252762
 11
-6.40268
 21
-0.254974
  0
LINE
  8
0
 10
-6.40268
 20
-0.254974
 11
-6.40022
 21
-0.257294
  0
LINE
  8
0
 10
-6.40022
 20
-0.257294
 11
-6.39786
 21
-0.259705
  0
LINE
  8
0
 10
-6.39786
 20
-0.259705
 11
-6.3956
 21
-0.262222
  0
LINE
  8
0
 10
-6.3956
 20
-0.262222
 11
-6.39343
 21
-0.264816
  0
LINE
  8
0
 10
-6.39343
 20
-0.264816
 11
-6.39139
 21
-0.267517
  0
LINE
  8
0
 10
-6.39139
 20
-0.267517
 11
-6.38947
 21
-0.270294
  0
LINE
  8
0
 10
-6.38947
 20
-0.270294
 11
-6.38765
 21
-0.273148
  0
LINE
  8
0
 10
-6.38765
 20
-0.273148
 11
-6.38597
 21
-0.276077
  0
LINE
  8
0
 10
-6.38597
 20
-0.276077
 11
-6.3844
 21
-0.279068
  0
LINE
  8
0
 10
-6.3844
 20
-0.279068
 11
-6.38297
 21
-0.28212
  0
LINE
  8
0
 10
-6.38297
 20
-0.28212
 11
-6.38165
 21
-0.285248
  0
LINE
  8
0
 10
-6.38165
 20
-0.285248
 11
-6.38046
 21
-0.288406
  0
LINE
  8
0
 10
-6.38046
 20
-0.288406
 11
-6.37943
 21
-0.291626
  0
LINE
  8
0
 10
-6.37943
 20
-0.291626
 11
-6.37851
 21
-0.294876
  0
LINE
  8
0
 10
-6.37851
 20
-0.294876
 11
-6.37775
 21
-0.298172
  0
LINE
  8
0
 10
-6.37775
 20
-0.298172
 11
-6.37711
 21
-0.301498
  0
LINE
  8
0
 10
-6.37711
 20
-0.301498
 11
-6.37662
 21
-0.30484
  0
LINE
  8
0
 10
-6.37662
 20
-0.30484
 11
-6.37627
 21
-0.308197
  0
LINE
  8
0
 10
-6.37627
 20
-0.308197
 11
-6.37605
 21
-0.311569
  0
LINE
  8
0
 10
-6.37605
 20
-0.311569
 11
-6.37598
 21
-0.314957
  0
LINE
  8
0
 10
-6.37598
 20
-0.314957
 11
-6.37605
 21
-0.318329
  0
LINE
  8
0
 10
-6.37605
 20
-0.318329
 11
-6.37627
 21
-0.321701
  0
LINE
  8
0
 10
-6.37627
 20
-0.321701
 11
-6.37662
 21
-0.325073
  0
LINE
  8
0
 10
-6.37662
 20
-0.325073
 11
-6.37711
 21
-0.328415
  0
LINE
  8
0
 10
-6.37711
 20
-0.328415
 11
-6.37775
 21
-0.331726
  0
LINE
  8
0
 10
-6.37775
 20
-0.331726
 11
-6.37851
 21
-0.335022
  0
LINE
  8
0
 10
-6.37851
 20
-0.335022
 11
-6.37943
 21
-0.338287
  0
LINE
  8
0
 10
-6.37943
 20
-0.338287
 11
-6.38046
 21
-0.341492
  0
LINE
  8
0
 10
-6.38046
 20
-0.341492
 11
-6.38165
 21
-0.344666
  0
LINE
  8
0
 10
-6.38165
 20
-0.344666
 11
-6.38297
 21
-0.347778
  0
LINE
  8
0
 10
-6.38297
 20
-0.347778
 11
-6.3844
 21
-0.350845
  0
LINE
  8
0
 10
-6.3844
 20
-0.350845
 11
-6.38597
 21
-0.353836
  0
LINE
  8
0
 10
-6.38597
 20
-0.353836
 11
-6.38765
 21
-0.356766
  0
LINE
  8
0
 10
-6.38765
 20
-0.356766
 11
-6.38947
 21
-0.359619
  0
LINE
  8
0
 10
-6.38947
 20
-0.359619
 11
-6.39139
 21
-0.362396
  0
LINE
  8
0
 10
-6.39139
 20
-0.362396
 11
-6.39343
 21
-0.365082
  0
LINE
  8
0
 10
-6.39343
 20
-0.365082
 11
-6.3956
 21
-0.367691
  0
LINE
  8
0
 10
-6.3956
 20
-0.367691
 11
-6.39786
 21
-0.370209
  0
LINE
  8
0
 10
-6.39786
 20
-0.370209
 11
-6.40022
 21
-0.37262
  0
LINE
  8
0
 10
-6.40022
 20
-0.37262
 11
-6.40268
 21
-0.374939
  0
LINE
  8
0
 10
-6.40268
 20
-0.374939
 11
-6.40524
 21
-0.377136
  0
LINE
  8
0
 10
-6.40524
 20
-0.377136
 11
-6.4079
 21
-0.379242
  0
LINE
  8
0
 10
-6.4079
 20
-0.379242
 11
-6.41063
 21
-0.381226
  0
LINE
  8
0
 10
-6.41063
 20
-0.381226
 11
-6.41344
 21
-0.383102
  0
LINE
  8
0
 10
-6.41344
 20
-0.383102
 11
-6.41634
 21
-0.384842
  0
LINE
  8
0
 10
-6.41634
 20
-0.384842
 11
-6.4193
 21
-0.386475
  0
LINE
  8
0
 10
-6.4193
 20
-0.386475
 11
-6.42232
 21
-0.387985
  0
LINE
  8
0
 10
-6.42232
 20
-0.387985
 11
-6.42542
 21
-0.389359
  0
LINE
  8
0
 10
-6.42542
 20
-0.389359
 11
-6.42856
 21
-0.390594
  0
LINE
  8
0
 10
-6.42856
 20
-0.390594
 11
-6.43175
 21
-0.391708
  0
LINE
  8
0
 10
-6.43175
 20
-0.391708
 11
-6.43498
 21
-0.392685
  0
LINE
  8
0
 10
-6.43498
 20
-0.392685
 11
-6.43826
 21
-0.393524
  0
LINE
  8
0
 10
-6.43826
 20
-0.393524
 11
-6.44156
 21
-0.394226
  0
LINE
  8
0
 10
-6.44156
 20
-0.394226
 11
-6.4449
 21
-0.394791
  0
LINE
  8
0
 10
-6.4449
 20
-0.394791
 11
-6.44826
 21
-0.395218
  0
LINE
  8
0
 10
-6.44826
 20
-0.395218
 11
-6.45161
 21
-0.395508
  0
LINE
  8
0
 10
-6.45161
 20
-0.395508
 11
-6.455
 21
-0.395645
  0
LINE
  8
0
 10
-6.455
 20
-0.395645
 11
-6.45837
 21
-0.395645
  0
LINE
  8
0
 10
7.71484
 20
-0.710602
 11
7.71147
 21
-0.710464
  0
LINE
  8
0
 10
7.71147
 20
-0.710464
 11
7.7081
 21
-0.710175
  0
LINE
  8
0
 10
7.7081
 20
-0.710175
 11
7.70474
 21
-0.709763
  0
LINE
  8
0
 10
7.70474
 20
-0.709763
 11
7.70142
 21
-0.709198
  0
LINE
  8
0
 10
7.70142
 20
-0.709198
 11
7.6981
 21
-0.708496
  0
LINE
  8
0
 10
7.6981
 20
-0.708496
 11
7.69482
 21
-0.707657
  0
LINE
  8
0
 10
7.69482
 20
-0.707657
 11
7.69159
 21
-0.706665
  0
LINE
  8
0
 10
7.69159
 20
-0.706665
 11
7.6884
 21
-0.705566
  0
LINE
  8
0
 10
7.6884
 20
-0.705566
 11
7.68526
 21
-0.704315
  0
LINE
  8
0
 10
7.68526
 20
-0.704315
 11
7.68217
 21
-0.702942
  0
LINE
  8
0
 10
7.68217
 20
-0.702942
 11
7.67914
 21
-0.701431
  0
LINE
  8
0
 10
7.67914
 20
-0.701431
 11
7.67618
 21
-0.699814
  0
LINE
  8
0
 10
7.67618
 20
-0.699814
 11
7.67328
 21
-0.698059
  0
LINE
  8
0
 10
7.67328
 20
-0.698059
 11
7.67047
 21
-0.696182
  0
LINE
  8
0
 10
7.67047
 20
-0.696182
 11
7.66774
 21
-0.694199
  0
LINE
  8
0
 10
7.66774
 20
-0.694199
 11
7.66508
 21
-0.692108
  0
LINE
  8
0
 10
7.66508
 20
-0.692108
 11
7.66252
 21
-0.689896
  0
LINE
  8
0
 10
7.66252
 20
-0.689896
 11
7.66006
 21
-0.687576
  0
LINE
  8
0
 10
7.66006
 20
-0.687576
 11
7.6577
 21
-0.685165
  0
LINE
  8
0
 10
7.6577
 20
-0.685165
 11
7.65544
 21
-0.682648
  0
LINE
  8
0
 10
7.65544
 20
-0.682648
 11
7.65327
 21
-0.680038
  0
LINE
  8
0
 10
7.65327
 20
-0.680038
 11
7.65123
 21
-0.677353
  0
LINE
  8
0
 10
7.65123
 20
-0.677353
 11
7.64931
 21
-0.674576
  0
LINE
  8
0
 10
7.64931
 20
-0.674576
 11
7.64749
 21
-0.671722
  0
LINE
  8
0
 10
7.64749
 20
-0.671722
 11
7.64581
 21
-0.668793
  0
LINE
  8
0
 10
7.64581
 20
-0.668793
 11
7.64424
 21
-0.665802
  0
LINE
  8
0
 10
7.64424
 20
-0.665802
 11
7.64281
 21
-0.662735
  0
LINE
  8
0
 10
7.64281
 20
-0.662735
 11
7.64149
 21
-0.659622
  0
LINE
  8
0
 10
7.64149
 20
-0.659622
 11
7.64032
 21
-0.656464
  0
LINE
  8
0
 10
7.64032
 20
-0.656464
 11
7.63927
 21
-0.653244
  0
LINE
  8
0
 10
7.63927
 20
-0.653244
 11
7.63835
 21
-0.649979
  0
LINE
  8
0
 10
7.63835
 20
-0.649979
 11
7.63759
 21
-0.646698
  0
LINE
  8
0
 10
7.63759
 20
-0.646698
 11
7.63695
 21
-0.643372
  0
LINE
  8
0
 10
7.63695
 20
-0.643372
 11
7.63646
 21
-0.64003
  0
LINE
  8
0
 10
7.63646
 20
-0.64003
 11
7.63611
 21
-0.636673
  0
LINE
  8
0
 10
7.63611
 20
-0.636673
 11
7.63589
 21
-0.633301
  0
LINE
  8
0
 10
7.63589
 20
-0.633301
 11
7.63582
 21
-0.629913
  0
LINE
  8
0
 10
7.63582
 20
-0.629913
 11
7.63589
 21
-0.626541
  0
LINE
  8
0
 10
7.63589
 20
-0.626541
 11
7.63611
 21
-0.623154
  0
LINE
  8
0
 10
7.63611
 20
-0.623154
 11
7.63646
 21
-0.619797
  0
LINE
  8
0
 10
7.63646
 20
-0.619797
 11
7.63695
 21
-0.616455
  0
LINE
  8
0
 10
7.63695
 20
-0.616455
 11
7.63759
 21
-0.613129
  0
LINE
  8
0
 10
7.63759
 20
-0.613129
 11
7.63835
 21
-0.609848
  0
LINE
  8
0
 10
7.63835
 20
-0.609848
 11
7.63927
 21
-0.606583
  0
LINE
  8
0
 10
7.63927
 20
-0.606583
 11
7.64032
 21
-0.603378
  0
LINE
  8
0
 10
7.64032
 20
-0.603378
 11
7.64149
 21
-0.600204
  0
LINE
  8
0
 10
7.64149
 20
-0.600204
 11
7.64281
 21
-0.597092
  0
LINE
  8
0
 10
7.64281
 20
-0.597092
 11
7.64424
 21
-0.594025
  0
LINE
  8
0
 10
7.64424
 20
-0.594025
 11
7.64581
 21
-0.591034
  0
LINE
  8
0
 10
7.64581
 20
-0.591034
 11
7.64749
 21
-0.588104
  0
LINE
  8
0
 10
7.64749
 20
-0.588104
 11
7.64931
 21
-0.585251
  0
LINE
  8
0
 10
7.64931
 20
-0.585251
 11
7.65123
 21
-0.582474
  0
LINE
  8
0
 10
7.65123
 20
-0.582474
 11
7.65327
 21
-0.579788
  0
LINE
  8
0
 10
7.65327
 20
-0.579788
 11
7.65544
 21
-0.577179
  0
LINE
  8
0
 10
7.65544
 20
-0.577179
 11
7.6577
 21
-0.574661
  0
LINE
  8
0
 10
7.6577
 20
-0.574661
 11
7.66006
 21
-0.57225
  0
LINE
  8
0
 10
7.66006
 20
-0.57225
 11
7.66252
 21
-0.569931
  0
LINE
  8
0
 10
7.66252
 20
-0.569931
 11
7.66508
 21
-0.567734
  0
LINE
  8
0
 10
7.66508
 20
-0.567734
 11
7.66774
 21
-0.565628
  0
LINE
  8
0
 10
7.66774
 20
-0.565628
 11
7.67047
 21
-0.563644
  0
LINE
  8
0
 10
7.67047
 20
-0.563644
 11
7.67328
 21
-0.561768
  0
LINE
  8
0
 10
7.67328
 20
-0.561768
 11
7.67618
 21
-0.560013
  0
LINE
  8
0
 10
7.67618
 20
-0.560013
 11
7.67914
 21
-0.558395
  0
LINE
  8
0
 10
7.67914
 20
-0.558395
 11
7.68217
 21
-0.556885
  0
LINE
  8
0
 10
7.68217
 20
-0.556885
 11
7.68526
 21
-0.555511
  0
LINE
  8
0
 10
7.68526
 20
-0.555511
 11
7.6884
 21
-0.55426
  0
LINE
  8
0
 10
7.6884
 20
-0.55426
 11
7.69159
 21
-0.553162
  0
LINE
  8
0
 10
7.69159
 20
-0.553162
 11
7.69482
 21
-0.552185
  0
LINE
  8
0
 10
7.69482
 20
-0.552185
 11
7.6981
 21
-0.551331
  0
LINE
  8
0
 10
7.6981
 20
-0.551331
 11
7.70142
 21
-0.550629
  0
LINE
  8
0
 10
7.70142
 20
-0.550629
 11
7.70474
 21
-0.550064
  0
LINE
  8
0
 10
7.70474
 20
-0.550064
 11
7.7081
 21
-0.549652
  0
LINE
  8
0
 10
7.7081
 20
-0.549652
 11
7.71147
 21
-0.549362
  0
LINE
  8
0
 10
7.71147
 20
-0.549362
 11
7.71484
 21
-0.549225
  0
LINE
  8
0
 10
7.71484
 20
-0.549225
 11
7.71822
 21
-0.549225
  0
LINE
  8
0
 10
7.71822
 20
-0.549225
 11
7.7216
 21
-0.549362
  0
LINE
  8
0
 10
7.7216
 20
-0.549362
 11
7.72498
 21
-0.549652
  0
LINE
  8
0
 10
7.72498
 20
-0.549652
 11
7.72832
 21
-0.550064
  0
LINE
  8
0
 10
7.72832
 20
-0.550064
 11
7.73166
 21
-0.550629
  0
LINE
  8
0
 10
7.73166
 20
-0.550629
 11
7.73495
 21
-0.551331
  0
LINE
  8
0
 10
7.73495
 20
-0.551331
 11
7.73824
 21
-0.552185
  0
LINE
  8
0
 10
7.73824
 20
-0.552185
 11
7.74147
 21
-0.553162
  0
LINE
  8
0
 10
7.74147
 20
-0.553162
 11
7.74466
 21
-0.55426
  0
LINE
  8
0
 10
7.74466
 20
-0.55426
 11
7.7478
 21
-0.555511
  0
LINE
  8
0
 10
7.7478
 20
-0.555511
 11
7.7509
 21
-0.556885
  0
LINE
  8
0
 10
7.7509
 20
-0.556885
 11
7.75392
 21
-0.558395
  0
LINE
  8
0
 10
7.75392
 20
-0.558395
 11
7.75688
 21
-0.560013
  0
LINE
  8
0
 10
7.75688
 20
-0.560013
 11
7.75978
 21
-0.561768
  0
LINE
  8
0
 10
7.75978
 20
-0.561768
 11
7.76259
 21
-0.563644
  0
LINE
  8
0
 10
7.76259
 20
-0.563644
 11
7.76534
 21
-0.565628
  0
LINE
  8
0
 10
7.76534
 20
-0.565628
 11
7.76797
 21
-0.567734
  0
LINE
  8
0
 10
7.76797
 20
-0.567734
 11
7.77054
 21
-0.569931
  0
LINE
  8
0
 10
7.77054
 20
-0.569931
 11
7.77299
 21
-0.57225
  0
LINE
  8
0
 10
7.77299
 20
-0.57225
 11
7.77536
 21
-0.574661
  0
LINE
  8
0
 10
7.77536
 20
-0.574661
 11
7.77763
 21
-0.577179
  0
LINE
  8
0
 10
7.77763
 20
-0.577179
 11
7.77979
 21
-0.579788
  0
LINE
  8
0
 10
7.77979
 20
-0.579788
 11
7.78183
 21
-0.582474
  0
LINE
  8
0
 10
7.78183
 20
-0.582474
 11
7.78375
 21
-0.585251
  0
LINE
  8
0
 10
7.78375
 20
-0.585251
 11
7.78557
 21
-0.588104
  0
LINE
  8
0
 10
7.78557
 20
-0.588104
 11
7.78726
 21
-0.591034
  0
LINE
  8
0
 10
7.78726
 20
-0.591034
 11
7.78882
 21
-0.594025
  0
LINE
  8
0
 10
7.78882
 20
-0.594025
 11
7.79027
 21
-0.597092
  0
LINE
  8
0
 10
7.79027
 20
-0.597092
 11
7.79158
 21
-0.600204
  0
LINE
  8
0
 10
7.79158
 20
-0.600204
 11
7.79276
 21
-0.603378
  0
LINE
  8
0
 10
7.79276
 20
-0.603378
 11
7.79379
 21
-0.606583
  0
LINE
  8
0
 10
7.79379
 20
-0.606583
 11
7.79471
 21
-0.609848
  0
LINE
  8
0
 10
7.79471
 20
-0.609848
 11
7.79547
 21
-0.613129
  0
LINE
  8
0
 10
7.79547
 20
-0.613129
 11
7.79611
 21
-0.616455
  0
LINE
  8
0
 10
7.79611
 20
-0.616455
 11
7.7966
 21
-0.619797
  0
LINE
  8
0
 10
7.7966
 20
-0.619797
 11
7.79695
 21
-0.623154
  0
LINE
  8
0
 10
7.79695
 20
-0.623154
 11
7.79716
 21
-0.626541
  0
LINE
  8
0
 10
7.79716
 20
-0.626541
 11
7.79724
 21
-0.629913
  0
LINE
  8
0
 10
7.79724
 20
-0.629913
 11
7.79716
 21
-0.633301
  0
LINE
  8
0
 10
7.79716
 20
-0.633301
 11
7.79695
 21
-0.636673
  0
LINE
  8
0
 10
7.79695
 20
-0.636673
 11
7.7966
 21
-0.64003
  0
LINE
  8
0
 10
7.7966
 20
-0.64003
 11
7.79611
 21
-0.643372
  0
LINE
  8
0
 10
7.79611
 20
-0.643372
 11
7.79547
 21
-0.646698
  0
LINE
  8
0
 10
7.79547
 20
-0.646698
 11
7.79471
 21
-0.649979
  0
LINE
  8
0
 10
7.79471
 20
-0.649979
 11
7.79379
 21
-0.653244
  0
LINE
  8
0
 10
7.79379
 20
-0.653244
 11
7.79276
 21
-0.656464
  0
LINE
  8
0
 10
7.79276
 20
-0.656464
 11
7.79158
 21
-0.659622
  0
LINE
  8
0
 10
7.79158
 20
-0.659622
 11
7.79027
 21
-0.662735
  0
LINE
  8
0
 10
7.79027
 20
-0.662735
 11
7.78882
 21
-0.665802
  0
LINE
  8
0
 10
7.78882
 20
-0.665802
 11
7.78726
 21
-0.668793
  0
LINE
  8
0
 10
7.78726
 20
-0.668793
 11
7.78557
 21
-0.671722
  0
LINE
  8
0
 10
7.78557
 20
-0.671722
 11
7.78375
 21
-0.674576
  0
LINE
  8
0
 10
7.78375
 20
-0.674576
 11
7.78183
 21
-0.677353
  0
LINE
  8
0
 10
7.78183
 20
-0.677353
 11
7.77979
 21
-0.680038
  0
LINE
  8
0
 10
7.77979
 20
-0.680038
 11
7.77763
 21
-0.682648
  0
LINE
  8
0
 10
7.77763
 20
-0.682648
 11
7.77536
 21
-0.685165
  0
LINE
  8
0
 10
7.77536
 20
-0.685165
 11
7.77299
 21
-0.687576
  0
LINE
  8
0
 10
7.77299
 20
-0.687576
 11
7.77054
 21
-0.689896
  0
LINE
  8
0
 10
7.77054
 20
-0.689896
 11
7.76797
 21
-0.692108
  0
LINE
  8
0
 10
7.76797
 20
-0.692108
 11
7.76534
 21
-0.694199
  0
LINE
  8
0
 10
7.76534
 20
-0.694199
 11
7.76259
 21
-0.696182
  0
LINE
  8
0
 10
7.76259
 20
-0.696182
 11
7.75978
 21
-0.698059
  0
LINE
  8
0
 10
7.75978
 20
-0.698059
 11
7.75688
 21
-0.699814
  0
LINE
  8
0
 10
7.75688
 20
-0.699814
 11
7.75392
 21
-0.701431
  0
LINE
  8
0
 10
7.75392
 20
-0.701431
 11
7.7509
 21
-0.702942
  0
LINE
  8
0
 10
7.7509
 20
-0.702942
 11
7.7478
 21
-0.704315
  0
LINE
  8
0
 10
7.7478
 20
-0.704315
 11
7.74466
 21
-0.705566
  0
LINE
  8
0
 10
7.74466
 20
-0.705566
 11
7.74147
 21
-0.706665
  0
LINE
  8
0
 10
7.74147
 20
-0.706665
 11
7.73824
 21
-0.707657
  0
LINE
  8
0
 10
7.73824
 20
-0.707657
 11
7.73495
 21
-0.708496
  0
LINE
  8
0
 10
7.73495
 20
-0.708496
 11
7.73166
 21
-0.709198
  0
LINE
  8
0
 10
7.73166
 20
-0.709198
 11
7.72832
 21
-0.709763
  0
LINE
  8
0
 10
7.72832
 20
-0.709763
 11
7.72498
 21
-0.710175
  0
LINE
  8
0
 10
7.72498
 20
-0.710175
 11
7.7216
 21
-0.710464
  0
LINE
  8
0
 10
7.7216
 20
-0.710464
 11
7.71822
 21
-0.710602
  0
LINE
  8
0
 10
7.71822
 20
-0.710602
 11
7.71484
 21
-0.710602
  0
LINE
  8
0
 10
-7.71822
 20
-0.710602
 11
-7.7216
 21
-0.710464
  0
LINE
  8
0
 10
-7.7216
 20
-0.710464
 11
-7.72498
 21
-0.710175
  0
LINE
  8
0
 10
-7.72498
 20
-0.710175
 11
-7.72832
 21
-0.709763
  0
LINE
  8
0
 10
-7.72832
 20
-0.709763
 11
-7.73166
 21
-0.709198
  0
LINE
  8
0
 10
-7.73166
 20
-0.709198
 11
-7.73495
 21
-0.708496
  0
LINE
  8
0
 10
-7.73495
 20
-0.708496
 11
-7.73824
 21
-0.707657
  0
LINE
  8
0
 10
-7.73824
 20
-0.707657
 11
-7.74147
 21
-0.706665
  0
LINE
  8
0
 10
-7.74147
 20
-0.706665
 11
-7.74466
 21
-0.705566
  0
LINE
  8
0
 10
-7.74466
 20
-0.705566
 11
-7.7478
 21
-0.704315
  0
LINE
  8
0
 10
-7.7478
 20
-0.704315
 11
-7.7509
 21
-0.702942
  0
LINE
  8
0
 10
-7.7509
 20
-0.702942
 11
-7.75392
 21
-0.701431
  0
LINE
  8
0
 10
-7.75392
 20
-0.701431
 11
-7.75688
 21
-0.699814
  0
LINE
  8
0
 10
-7.75688
 20
-0.699814
 11
-7.75978
 21
-0.698059
  0
LINE
  8
0
 10
-7.75978
 20
-0.698059
 11
-7.76259
 21
-0.696182
  0
LINE
  8
0
 10
-7.76259
 20
-0.696182
 11
-7.76534
 21
-0.694199
  0
LINE
  8
0
 10
-7.76534
 20
-0.694199
 11
-7.76797
 21
-0.692108
  0
LINE
  8
0
 10
-7.76797
 20
-0.692108
 11
-7.77054
 21
-0.689896
  0
LINE
  8
0
 10
-7.77054
 20
-0.689896
 11
-7.77299
 21
-0.687576
  0
LINE
  8
0
 10
-7.77299
 20
-0.687576
 11
-7.77536
 21
-0.685165
  0
LINE
  8
0
 10
-7.77536
 20
-0.685165
 11
-7.77763
 21
-0.682648
  0
LINE
  8
0
 10
-7.77763
 20
-0.682648
 11
-7.77979
 21
-0.680038
  0
LINE
  8
0
 10
-7.77979
 20
-0.680038
 11
-7.78183
 21
-0.677353
  0
LINE
  8
0
 10
-7.78183
 20
-0.677353
 11
-7.78375
 21
-0.674576
  0
LINE
  8
0
 10
-7.78375
 20
-0.674576
 11
-7.78557
 21
-0.671722
  0
LINE
  8
0
 10
-7.78557
 20
-0.671722
 11
-7.78726
 21
-0.668793
  0
LINE
  8
0
 10
-7.78726
 20
-0.668793
 11
-7.78882
 21
-0.665802
  0
LINE
  8
0
 10
-7.78882
 20
-0.665802
 11
-7.79027
 21
-0.662735
  0
LINE
  8
0
 10
-7.79027
 20
-0.662735
 11
-7.79158
 21
-0.659622
  0
LINE
  8
0
 10
-7.79158
 20
-0.659622
 11
-7.79276
 21
-0.656464
  0
LINE
  8
0
 10
-7.79276
 20
-0.656464
 11
-7.79379
 21
-0.653244
  0
LINE
  8
0
 10
-7.79379
 20
-0.653244
 11
-7.79471
 21
-0.649979
  0
LINE
  8
0
 10
-7.79471
 20
-0.649979
 11
-7.79547
 21
-0.646698
  0
LINE
  8
0
 10
-7.79547
 20
-0.646698
 11
-7.79611
 21
-0.643372
  0
LINE
  8
0
 10
-7.79611
 20
-0.643372
 11
-7.7966
 21
-0.64003
  0
LINE
  8
0
 10
-7.7966
 20
-0.64003
 11
-7.79695
 21
-0.636673
  0
LINE
  8
0
 10
-7.79695
 20
-0.636673
 11
-7.79716
 21
-0.633301
  0
LINE
  8
0
 10
-7.79716
 20
-0.633301
 11
-7.79724
 21
-0.629913
  0
LINE
  8
0
 10
-7.79724
 20
-0.629913
 11
-7.79716
 21
-0.626541
  0
LINE
  8
0
 10
-7.79716
 20
-0.626541
 11
-7.79695
 21
-0.623154
  0
LINE
  8
0
 10
-7.79695
 20
-0.623154
 11
-7.7966
 21
-0.619797
  0
LINE
  8
0
 10
-7.7966
 20
-0.619797
 11
-7.79611
 21
-0.616455
  0
LINE
  8
0
 10
-7.79611
 20
-0.616455
 11
-7.79547
 21
-0.613129
  0
LINE
  8
0
 10
-7.79547
 20
-0.613129
 11
-7.79471
 21
-0.609848
  0
LINE
  8
0
 10
-7.79471
 20
-0.609848
 11
-7.79379
 21
-0.606583
  0
LINE
  8
0
 10
-7.79379
 20
-0.606583
 11
-7.79276
 21
-0.603378
  0
LINE
  8
0
 10
-7.79276
 20
-0.603378
 11
-7.79158
 21
-0.600204
  0
LINE
  8
0
 10
-7.79158
 20
-0.600204
 11
-7.79027
 21
-0.597092
  0
LINE
  8
0
 10
-7.79027
 20
-0.597092
 11
-7.78882
 21
-0.594025
  0
LINE
  8
0
 10
-7.78882
 20
-0.594025
 11
-7.78726
 21
-0.591034
  0
LINE
  8
0
 10
-7.78726
 20
-0.591034
 11
-7.78557
 21
-0.588104
  0
LINE
  8
0
 10
-7.78557
 20
-0.588104
 11
-7.78375
 21
-0.585251
  0
LINE
  8
0
 10
-7.78375
 20
-0.585251
 11
-7.78183
 21
-0.582474
  0
LINE
  8
0
 10
-7.78183
 20
-0.582474
 11
-7.77979
 21
-0.579788
  0
LINE
  8
0
 10
-7.77979
 20
-0.579788
 11
-7.77763
 21
-0.577179
  0
LINE
  8
0
 10
-7.77763
 20
-0.577179
 11
-7.77536
 21
-0.574661
  0
LINE
  8
0
 10
-7.77536
 20
-0.574661
 11
-7.77299
 21
-0.57225
  0
LINE
  8
0
 10
-7.77299
 20
-0.57225
 11
-7.77054
 21
-0.569931
  0
LINE
  8
0
 10
-7.77054
 20
-0.569931
 11
-7.76797
 21
-0.567734
  0
LINE
  8
0
 10
-7.76797
 20
-0.567734
 11
-7.76534
 21
-0.565628
  0
LINE
  8
0
 10
-7.76534
 20
-0.565628
 11
-7.76259
 21
-0.563644
  0
LINE
  8
0
 10
-7.76259
 20
-0.563644
 11
-7.75978
 21
-0.561768
  0
LINE
  8
0
 10
-7.75978
 20
-0.561768
 11
-7.75688
 21
-0.560013
  0
LINE
  8
0
 10
-7.75688
 20
-0.560013
 11
-7.75392
 21
-0.558395
  0
LINE
  8
0
 10
-7.75392
 20
-0.558395
 11
-7.7509
 21
-0.556885
  0
LINE
  8
0
 10
-7.7509
 20
-0.556885
 11
-7.7478
 21
-0.555511
  0
LINE
  8
0
 10
-7.7478
 20
-0.555511
 11
-7.74466
 21
-0.55426
  0
LINE
  8
0
 10
-7.74466
 20
-0.55426
 11
-7.74147
 21
-0.553162
  0
LINE
  8
0
 10
-7.74147
 20
-0.553162
 11
-7.73824
 21
-0.552185
  0
LINE
  8
0
 10
-7.73824
 20
-0.552185
 11
-7.73495
 21
-0.551331
  0
LINE
  8
0
 10
-7.73495
 20
-0.551331
 11
-7.73166
 21
-0.550629
  0
LINE
  8
0
 10
-7.73166
 20
-0.550629
 11
-7.72832
 21
-0.550064
  0
LINE
  8
0
 10
-7.72832
 20
-0.550064
 11
-7.72498
 21
-0.549652
  0
LINE
  8
0
 10
-7.72498
 20
-0.549652
 11
-7.7216
 21
-0.549362
  0
LINE
  8
0
 10
-7.7216
 20
-0.549362
 11
-7.71822
 21
-0.549225
  0
LINE
  8
0
 10
-7.71822
 20
-0.549225
 11
-7.71484
 21
-0.549225
  0
LINE
  8
0
 10
-7.71484
 20
-0.549225
 11
-7.71147
 21
-0.549362
  0
LINE
  8
0
 10
-7.71147
 20
-0.549362
 11
-7.7081
 21
-0.549652
  0
LINE
  8
0
 10
-7.7081
 20
-0.549652
 11
-7.70474
 21
-0.550064
  0
LINE
  8
0
 10
-7.70474
 20
-0.550064
 11
-7.70142
 21
-0.550629
  0
LINE
  8
0
 10
-7.70142
 20
-0.550629
 11
-7.6981
 21
-0.551331
  0
LINE
  8
0
 10
-7.6981
 20
-0.551331
 11
-7.69482
 21
-0.552185
  0
LINE
  8
0
 10
-7.69482
 20
-0.552185
 11
-7.69159
 21
-0.553162
  0
LINE
  8
0
 10
-7.69159
 20
-0.553162
 11
-7.6884
 21
-0.55426
  0
LINE
  8
0
 10
-7.6884
 20
-0.55426
 11
-7.68526
 21
-0.555511
  0
LINE
  8
0
 10
-7.68526
 20
-0.555511
 11
-7.68217
 21
-0.556885
  0
LINE
  8
0
 10
-7.68217
 20
-0.556885
 11
-7.67914
 21
-0.558395
  0
LINE
  8
0
 10
-7.67914
 20
-0.558395
 11
-7.67618
 21
-0.560013
  0
LINE
  8
0
 10
-7.67618
 20
-0.560013
 11
-7.67328
 21
-0.561768
  0
LINE
  8
0
 10
-7.67328
 20
-0.561768
 11
-7.67047
 21
-0.563644
  0
LINE
  8
0
 10
-7.67047
 20
-0.563644
 11
-7.66774
 21
-0.565628
  0
LINE
  8
0
 10
-7.66774
 20
-0.565628
 11
-7.66508
 21
-0.567734
  0
LINE
  8
0
 10
-7.66508
 20
-0.567734
 11
-7.66252
 21
-0.569931
  0
LINE
  8
0
 10
-7.66252
 20
-0.569931
 11
-7.66006
 21
-0.57225
  0
LINE
  8
0
 10
-7.66006
 20
-0.57225
 11
-7.6577
 21
-0.574661
  0
LINE
  8
0
 10
-7.6577
 20
-0.574661
 11
-7.65544
 21
-0.577179
  0
LINE
  8
0
 10
-7.65544
 20
-0.577179
 11
-7.65327
 21
-0.579788
  0
LINE
  8
0
 10
-7.65327
 20
-0.579788
 11
-7.65123
 21
-0.582474
  0
LINE
  8
0
 10
-7.65123
 20
-0.582474
 11
-7.64931
 21
-0.585251
  0
LINE
  8
0
 10
-7.64931
 20
-0.585251
 11
-7.64749
 21
-0.588104
  0
LINE
  8
0
 10
-7.64749
 20
-0.588104
 11
-7.64581
 21
-0.591034
  0
LINE
  8
0
 10
-7.64581
 20
-0.591034
 11
-7.64424
 21
-0.594025
  0
LINE
  8
0
 10
-7.64424
 20
-0.594025
 11
-7.64281
 21
-0.597092
  0
LINE
  8
0
 10
-7.64281
 20
-0.597092
 11
-7.64149
 21
-0.600204
  0
LINE
  8
0
 10
-7.64149
 20
-0.600204
 11
-7.64032
 21
-0.603378
  0
LINE
  8
0
 10
-7.64032
 20
-0.603378
 11
-7.63927
 21
-0.606583
  0
LINE
  8
0
 10
-7.63927
 20
-0.606583
 11
-7.63835
 21
-0.609848
  0
LINE
  8
0
 10
-7.63835
 20
-0.609848
 11
-7.63759
 21
-0.613129
  0
LINE
  8
0
 10
-7.63759
 20
-0.613129
 11
-7.63695
 21
-0.616455
  0
LINE
  8
0
 10
-7.63695
 20
-0.616455
 11
-7.63646
 21
-0.619797
  0
LINE
  8
0
 10
-7.63646
 20
-0.619797
 11
-7.63611
 21
-0.623154
  0
LINE
  8
0
 10
-7.63611
 20
-0.623154
 11
-7.63589
 21
-0.626541
  0
LINE
  8
0
 10
-7.63589
 20
-0.626541
 11
-7.63582
 21
-0.629913
  0
LINE
  8
0
 10
-7.63582
 20
-0.629913
 11
-7.63589
 21
-0.633301
  0
LINE
  8
0
 10
-7.63589
 20
-0.633301
 11
-7.63611
 21
-0.636673
  0
LINE
  8
0
 10
-7.63611
 20
-0.636673
 11
-7.63646
 21
-0.64003
  0
LINE
  8
0
 10
-7.63646
 20
-0.64003
 11
-7.63695
 21
-0.643372
  0
LINE
  8
0
 10
-7.63695
 20
-0.643372
 11
-7.63759
 21
-0.646698
  0
LINE
  8
0
 10
-7.63759
 20
-0.646698
 11
-7.63835
 21
-0.649979
  0
LINE
  8
0
 10
-7.63835
 20
-0.649979
 11
-7.63927
 21
-0.653244
  0
LINE
  8
0
 10
-7.63927
 20
-0.653244
 11
-7.64032
 21
-0.656464
  0
LINE
  8
0
 10
-7.64032
 20
-0.656464
 11
-7.64149
 21
-0.659622
  0
LINE
  8
0
 10
-7.64149
 20
-0.659622
 11
-7.64281
 21
-0.662735
  0
LINE
  8
0
 10
-7.64281
 20
-0.662735
 11
-7.64424
 21
-0.665802
  0
LINE
  8
0
 10
-7.64424
 20
-0.665802
 11
-7.64581
 21
-0.668793
  0
LINE
  8
0
 10
-7.64581
 20
-0.668793
 11
-7.64749
 21
-0.671722
  0
LINE
  8
0
 10
-7.64749
 20
-0.671722
 11
-7.64931
 21
-0.674576
  0
LINE
  8
0
 10
-7.64931
 20
-0.674576
 11
-7.65123
 21
-0.677353
  0
LINE
  8
0
 10
-7.65123
 20
-0.677353
 11
-7.65327
 21
-0.680038
  0
LINE
  8
0
 10
-7.65327
 20
-0.680038
 11
-7.65544
 21
-0.682648
  0
LINE
  8
0
 10
-7.65544
 20
-0.682648
 11
-7.6577
 21
-0.685165
  0
LINE
  8
0
 10
-7.6577
 20
-0.685165
 11
-7.66006
 21
-0.687576
  0
LINE
  8
0
 10
-7.66006
 20
-0.687576
 11
-7.66252
 21
-0.689896
  0
LINE
  8
0
 10
-7.66252
 20
-0.689896
 11
-7.66508
 21
-0.692108
  0
LINE
  8
0
 10
-7.66508
 20
-0.692108
 11
-7.66774
 21
-0.694199
  0
LINE
  8
0
 10
-7.66774
 20
-0.694199
 11
-7.67047
 21
-0.696182
  0
LINE
  8
0
 10
-7.67047
 20
-0.696182
 11
-7.67328
 21
-0.698059
  0
LINE
  8
0
 10
-7.67328
 20
-0.698059
 11
-7.67618
 21
-0.699814
  0
LINE
  8
0
 10
-7.67618
 20
-0.699814
 11
-7.67914
 21
-0.701431
  0
LINE
  8
0
 10
-7.67914
 20
-0.701431
 11
-7.68217
 21
-0.702942
  0
LINE
  8
0
 10
-7.68217
 20
-0.702942
 11
-7.68526
 21
-0.704315
  0
LINE
  8
0
 10
-7.68526
 20
-0.704315
 11
-7.6884
 21
-0.705566
  0
LINE
  8
0
 10
-7.6884
 20
-0.705566
 11
-7.69159
 21
-0.706665
  0
LINE
  8
0
 10
-7.69159
 20
-0.706665
 11
-7.69482
 21
-0.707657
  0
LINE
  8
0
 10
-7.69482
 20
-0.707657
 11
-7.6981
 21
-0.708496
  0
LINE
  8
0
 10
-7.6981
 20
-0.708496
 11
-7.70142
 21
-0.709198
  0
LINE
  8
0
 10
-7.70142
 20
-0.709198
 11
-7.70474
 21
-0.709763
  0
LINE
  8
0
 10
-7.70474
 20
-0.709763
 11
-7.7081
 21
-0.710175
  0
LINE
  8
0
 10
-7.7081
 20
-0.710175
 11
-7.71147
 21
-0.710464
  0
LINE
  8
0
 10
-7.71147
 20
-0.710464
 11
-7.71484
 21
-0.710602
  0
LINE
  8
0
 10
-7.71484
 20
-0.710602
 11
-7.71822
 21
-0.710602
  0
LINE
  8
0
 10
6.455
 20
-0.710602
 11
6.45161
 21
-0.710464
  0
LINE
  8
0
 10
6.45161
 20
-0.710464
 11
6.44826
 21
-0.710175
  0
LINE
  8
0
 10
6.44826
 20
-0.710175
 11
6.4449
 21
-0.709763
  0
LINE
  8
0
 10
6.4449
 20
-0.709763
 11
6.44156
 21
-0.709198
  0
LINE
  8
0
 10
6.44156
 20
-0.709198
 11
6.43826
 21
-0.708496
  0
LINE
  8
0
 10
6.43826
 20
-0.708496
 11
6.43498
 21
-0.707657
  0
LINE
  8
0
 10
6.43498
 20
-0.707657
 11
6.43175
 21
-0.706665
  0
LINE
  8
0
 10
6.43175
 20
-0.706665
 11
6.42856
 21
-0.705566
  0
LINE
  8
0
 10
6.42856
 20
-0.705566
 11
6.42542
 21
-0.704315
  0
LINE
  8
0
 10
6.42542
 20
-0.704315
 11
6.42232
 21
-0.702942
  0
LINE
  8
0
 10
6.42232
 20
-0.702942
 11
6.4193
 21
-0.701431
  0
LINE
  8
0
 10
6.4193
 20
-0.701431
 11
6.41634
 21
-0.699814
  0
LINE
  8
0
 10
6.41634
 20
-0.699814
 11
6.41344
 21
-0.698059
  0
LINE
  8
0
 10
6.41344
 20
-0.698059
 11
6.41063
 21
-0.696182
  0
LINE
  8
0
 10
6.41063
 20
-0.696182
 11
6.4079
 21
-0.694199
  0
LINE
  8
0
 10
6.4079
 20
-0.694199
 11
6.40524
 21
-0.692108
  0
LINE
  8
0
 10
6.40524
 20
-0.692108
 11
6.40268
 21
-0.689896
  0
LINE
  8
0
 10
6.40268
 20
-0.689896
 11
6.40022
 21
-0.687576
  0
LINE
  8
0
 10
6.40022
 20
-0.687576
 11
6.39786
 21
-0.685165
  0
LINE
  8
0
 10
6.39786
 20
-0.685165
 11
6.3956
 21
-0.682648
  0
LINE
  8
0
 10
6.3956
 20
-0.682648
 11
6.39343
 21
-0.680038
  0
LINE
  8
0
 10
6.39343
 20
-0.680038
 11
6.39139
 21
-0.677353
  0
LINE
  8
0
 10
6.39139
 20
-0.677353
 11
6.38947
 21
-0.674576
  0
LINE
  8
0
 10
6.38947
 20
-0.674576
 11
6.38765
 21
-0.671722
  0
LINE
  8
0
 10
6.38765
 20
-0.671722
 11
6.38597
 21
-0.668793
  0
LINE
  8
0
 10
6.38597
 20
-0.668793
 11
6.3844
 21
-0.665802
  0
LINE
  8
0
 10
6.3844
 20
-0.665802
 11
6.38297
 21
-0.662735
  0
LINE
  8
0
 10
6.38297
 20
-0.662735
 11
6.38165
 21
-0.659622
  0
LINE
  8
0
 10
6.38165
 20
-0.659622
 11
6.38046
 21
-0.656464
  0
LINE
  8
0
 10
6.38046
 20
-0.656464
 11
6.37943
 21
-0.653244
  0
LINE
  8
0
 10
6.37943
 20
-0.653244
 11
6.37851
 21
-0.649979
  0
LINE
  8
0
 10
6.37851
 20
-0.649979
 11
6.37775
 21
-0.646698
  0
LINE
  8
0
 10
6.37775
 20
-0.646698
 11
6.37711
 21
-0.643372
  0
LINE
  8
0
 10
6.37711
 20
-0.643372
 11
6.37662
 21
-0.64003
  0
LINE
  8
0
 10
6.37662
 20
-0.64003
 11
6.37627
 21
-0.636673
  0
LINE
  8
0
 10
6.37627
 20
-0.636673
 11
6.37605
 21
-0.633301
  0
LINE
  8
0
 10
6.37605
 20
-0.633301
 11
6.37598
 21
-0.629913
  0
LINE
  8
0
 10
6.37598
 20
-0.629913
 11
6.37605
 21
-0.626541
  0
LINE
  8
0
 10
6.37605
 20
-0.626541
 11
6.37627
 21
-0.623154
  0
LINE
  8
0
 10
6.37627
 20
-0.623154
 11
6.37662
 21
-0.619797
  0
LINE
  8
0
 10
6.37662
 20
-0.619797
 11
6.37711
 21
-0.616455
  0
LINE
  8
0
 10
6.37711
 20
-0.616455
 11
6.37775
 21
-0.613129
  0
LINE
  8
0
 10
6.37775
 20
-0.613129
 11
6.37851
 21
-0.609848
  0
LINE
  8
0
 10
6.37851
 20
-0.609848
 11
6.37943
 21
-0.606583
  0
LINE
  8
0
 10
6.37943
 20
-0.606583
 11
6.38046
 21
-0.603378
  0
LINE
  8
0
 10
6.38046
 20
-0.603378
 11
6.38165
 21
-0.600204
  0
LINE
  8
0
 10
6.38165
 20
-0.600204
 11
6.38297
 21
-0.597092
  0
LINE
  8
0
 10
6.38297
 20
-0.597092
 11
6.3844
 21
-0.594025
  0
LINE
  8
0
 10
6.3844
 20
-0.594025
 11
6.38597
 21
-0.591034
  0
LINE
  8
0
 10
6.38597
 20
-0.591034
 11
6.38765
 21
-0.588104
  0
LINE
  8
0
 10
6.38765
 20
-0.588104
 11
6.38947
 21
-0.585251
  0
LINE
  8
0
 10
6.38947
 20
-0.585251
 11
6.39139
 21
-0.582474
  0
LINE
  8
0
 10
6.39139
 20
-0.582474
 11
6.39343
 21
-0.579788
  0
LINE
  8
0
 10
6.39343
 20
-0.579788
 11
6.3956
 21
-0.577179
  0
LINE
  8
0
 10
6.3956
 20
-0.577179
 11
6.39786
 21
-0.574661
  0
LINE
  8
0
 10
6.39786
 20
-0.574661
 11
6.40022
 21
-0.57225
  0
LINE
  8
0
 10
6.40022
 20
-0.57225
 11
6.40268
 21
-0.569931
  0
LINE
  8
0
 10
6.40268
 20
-0.569931
 11
6.40524
 21
-0.567734
  0
LINE
  8
0
 10
6.40524
 20
-0.567734
 11
6.4079
 21
-0.565628
  0
LINE
  8
0
 10
6.4079
 20
-0.565628
 11
6.41063
 21
-0.563644
  0
LINE
  8
0
 10
6.41063
 20
-0.563644
 11
6.41344
 21
-0.561768
  0
LINE
  8
0
 10
6.41344
 20
-0.561768
 11
6.41634
 21
-0.560013
  0
LINE
  8
0
 10
6.41634
 20
-0.560013
 11
6.4193
 21
-0.558395
  0
LINE
  8
0
 10
6.4193
 20
-0.558395
 11
6.42232
 21
-0.556885
  0
LINE
  8
0
 10
6.42232
 20
-0.556885
 11
6.42542
 21
-0.555511
  0
LINE
  8
0
 10
6.42542
 20
-0.555511
 11
6.42856
 21
-0.55426
  0
LINE
  8
0
 10
6.42856
 20
-0.55426
 11
6.43175
 21
-0.553162
  0
LINE
  8
0
 10
6.43175
 20
-0.553162
 11
6.43498
 21
-0.552185
  0
LINE
  8
0
 10
6.43498
 20
-0.552185
 11
6.43826
 21
-0.551331
  0
LINE
  8
0
 10
6.43826
 20
-0.551331
 11
6.44156
 21
-0.550629
  0
LINE
  8
0
 10
6.44156
 20
-0.550629
 11
6.4449
 21
-0.550064
  0
LINE
  8
0
 10
6.4449
 20
-0.550064
 11
6.44826
 21
-0.549652
  0
LINE
  8
0
 10
6.44826
 20
-0.549652
 11
6.45161
 21
-0.549362
  0
LINE
  8
0
 10
6.45161
 20
-0.549362
 11
6.455
 21
-0.549225
  0
LINE
  8
0
 10
6.455
 20
-0.549225
 11
6.45837
 21
-0.549225
  0
LINE
  8
0
 10
6.45837
 20
-0.549225
 11
6.46176
 21
-0.549362
  0
LINE
  8
0
 10
6.46176
 20
-0.549362
 11
6.46512
 21
-0.549652
  0
LINE
  8
0
 10
6.46512
 20
-0.549652
 11
6.46848
 21
-0.550064
  0
LINE
  8
0
 10
6.46848
 20
-0.550064
 11
6.47182
 21
-0.550629
  0
LINE
  8
0
 10
6.47182
 20
-0.550629
 11
6.47511
 21
-0.551331
  0
LINE
  8
0
 10
6.47511
 20
-0.551331
 11
6.47839
 21
-0.552185
  0
LINE
  8
0
 10
6.47839
 20
-0.552185
 11
6.48163
 21
-0.553162
  0
LINE
  8
0
 10
6.48163
 20
-0.553162
 11
6.48482
 21
-0.55426
  0
LINE
  8
0
 10
6.48482
 20
-0.55426
 11
6.48796
 21
-0.555511
  0
LINE
  8
0
 10
6.48796
 20
-0.555511
 11
6.49106
 21
-0.556885
  0
LINE
  8
0
 10
6.49106
 20
-0.556885
 11
6.49408
 21
-0.558395
  0
LINE
  8
0
 10
6.49408
 20
-0.558395
 11
6.49704
 21
-0.560013
  0
LINE
  8
0
 10
6.49704
 20
-0.560013
 11
6.49994
 21
-0.561768
  0
LINE
  8
0
 10
6.49994
 20
-0.561768
 11
6.50275
 21
-0.563644
  0
LINE
  8
0
 10
6.50275
 20
-0.563644
 11
6.50549
 21
-0.565628
  0
LINE
  8
0
 10
6.50549
 20
-0.565628
 11
6.50813
 21
-0.567734
  0
LINE
  8
0
 10
6.50813
 20
-0.567734
 11
6.5107
 21
-0.569931
  0
LINE
  8
0
 10
6.5107
 20
-0.569931
 11
6.51315
 21
-0.57225
  0
LINE
  8
0
 10
6.51315
 20
-0.57225
 11
6.51552
 21
-0.574661
  0
LINE
  8
0
 10
6.51552
 20
-0.574661
 11
6.51779
 21
-0.577179
  0
LINE
  8
0
 10
6.51779
 20
-0.577179
 11
6.51994
 21
-0.579788
  0
LINE
  8
0
 10
6.51994
 20
-0.579788
 11
6.52199
 21
-0.582474
  0
LINE
  8
0
 10
6.52199
 20
-0.582474
 11
6.52391
 21
-0.585251
  0
LINE
  8
0
 10
6.52391
 20
-0.585251
 11
6.52573
 21
-0.588104
  0
LINE
  8
0
 10
6.52573
 20
-0.588104
 11
6.52742
 21
-0.591034
  0
LINE
  8
0
 10
6.52742
 20
-0.591034
 11
6.52898
 21
-0.594025
  0
LINE
  8
0
 10
6.52898
 20
-0.594025
 11
6.53043
 21
-0.597092
  0
LINE
  8
0
 10
6.53043
 20
-0.597092
 11
6.53172
 21
-0.600204
  0
LINE
  8
0
 10
6.53172
 20
-0.600204
 11
6.53291
 21
-0.603378
  0
LINE
  8
0
 10
6.53291
 20
-0.603378
 11
6.53395
 21
-0.606583
  0
LINE
  8
0
 10
6.53395
 20
-0.606583
 11
6.53487
 21
-0.609848
  0
LINE
  8
0
 10
6.53487
 20
-0.609848
 11
6.53563
 21
-0.613129
  0
LINE
  8
0
 10
6.53563
 20
-0.613129
 11
6.53627
 21
-0.616455
  0
LINE
  8
0
 10
6.53627
 20
-0.616455
 11
6.53676
 21
-0.619797
  0
LINE
  8
0
 10
6.53676
 20
-0.619797
 11
6.53711
 21
-0.623154
  0
LINE
  8
0
 10
6.53711
 20
-0.623154
 11
6.53732
 21
-0.626541
  0
LINE
  8
0
 10
6.53732
 20
-0.626541
 11
6.5374
 21
-0.629913
  0
LINE
  8
0
 10
6.5374
 20
-0.629913
 11
6.53732
 21
-0.633301
  0
LINE
  8
0
 10
6.53732
 20
-0.633301
 11
6.53711
 21
-0.636673
  0
LINE
  8
0
 10
6.53711
 20
-0.636673
 11
6.53676
 21
-0.64003
  0
LINE
  8
0
 10
6.53676
 20
-0.64003
 11
6.53627
 21
-0.643372
  0
LINE
  8
0
 10
6.53627
 20
-0.643372
 11
6.53563
 21
-0.646698
  0
LINE
  8
0
 10
6.53563
 20
-0.646698
 11
6.53487
 21
-0.649979
  0
LINE
  8
0
 10
6.53487
 20
-0.649979
 11
6.53395
 21
-0.653244
  0
LINE
  8
0
 10
6.53395
 20
-0.653244
 11
6.53291
 21
-0.656464
  0
LINE
  8
0
 10
6.53291
 20
-0.656464
 11
6.53172
 21
-0.659622
  0
LINE
  8
0
 10
6.53172
 20
-0.659622
 11
6.53043
 21
-0.662735
  0
LINE
  8
0
 10
6.53043
 20
-0.662735
 11
6.52898
 21
-0.665802
  0
LINE
  8
0
 10
6.52898
 20
-0.665802
 11
6.52742
 21
-0.668793
  0
LINE
  8
0
 10
6.52742
 20
-0.668793
 11
6.52573
 21
-0.671722
  0
LINE
  8
0
 10
6.52573
 20
-0.671722
 11
6.52391
 21
-0.674576
  0
LINE
  8
0
 10
6.52391
 20
-0.674576
 11
6.52199
 21
-0.677353
  0
LINE
  8
0
 10
6.52199
 20
-0.677353
 11
6.51994
 21
-0.680038
  0
LINE
  8
0
 10
6.51994
 20
-0.680038
 11
6.51779
 21
-0.682648
  0
LINE
  8
0
 10
6.51779
 20
-0.682648
 11
6.51552
 21
-0.685165
  0
LINE
  8
0
 10
6.51552
 20
-0.685165
 11
6.51315
 21
-0.687576
  0
LINE
  8
0
 10
6.51315
 20
-0.687576
 11
6.5107
 21
-0.689896
  0
LINE
  8
0
 10
6.5107
 20
-0.689896
 11
6.50813
 21
-0.692108
  0
LINE
  8
0
 10
6.50813
 20
-0.692108
 11
6.50549
 21
-0.694199
  0
LINE
  8
0
 10
6.50549
 20
-0.694199
 11
6.50275
 21
-0.696182
  0
LINE
  8
0
 10
6.50275
 20
-0.696182
 11
6.49994
 21
-0.698059
  0
LINE
  8
0
 10
6.49994
 20
-0.698059
 11
6.49704
 21
-0.699814
  0
LINE
  8
0
 10
6.49704
 20
-0.699814
 11
6.49408
 21
-0.701431
  0
LINE
  8
0
 10
6.49408
 20
-0.701431
 11
6.49106
 21
-0.702942
  0
LINE
  8
0
 10
6.49106
 20
-0.702942
 11
6.48796
 21
-0.704315
  0
LINE
  8
0
 10
6.48796
 20
-0.704315
 11
6.48482
 21
-0.705566
  0
LINE
  8
0
 10
6.48482
 20
-0.705566
 11
6.48163
 21
-0.706665
  0
LINE
  8
0
 10
6.48163
 20
-0.706665
 11
6.47839
 21
-0.707657
  0
LINE
  8
0
 10
6.47839
 20
-0.707657
 11
6.47511
 21
-0.708496
  0
LINE
  8
0
 10
6.47511
 20
-0.708496
 11
6.47182
 21
-0.709198
  0
LINE
  8
0
 10
6.47182
 20
-0.709198
 11
6.46848
 21
-0.709763
  0
LINE
  8
0
 10
6.46848
 20
-0.709763
 11
6.46512
 21
-0.710175
  0
LINE
  8
0
 10
6.46512
 20
-0.710175
 11
6.46176
 21
-0.710464
  0
LINE
  8
0
 10
6.46176
 20
-0.710464
 11
6.45837
 21
-0.710602
  0
LINE
  8
0
 10
6.45837
 20
-0.710602
 11
6.455
 21
-0.710602
  0
LINE
  8
0
 10
-6.45837
 20
-0.710602
 11
-6.46176
 21
-0.710464
  0
LINE
  8
0
 10
-6.46176
 20
-0.710464
 11
-6.46512
 21
-0.710175
  0
LINE
  8
0
 10
-6.46512
 20
-0.710175
 11
-6.46848
 21
-0.709763
  0
LINE
  8
0
 10
-6.46848
 20
-0.709763
 11
-6.47182
 21
-0.709198
  0
LINE
  8
0
 10
-6.47182
 20
-0.709198
 11
-6.47511
 21
-0.708496
  0
LINE
  8
0
 10
-6.47511
 20
-0.708496
 11
-6.47839
 21
-0.707657
  0
LINE
  8
0
 10
-6.47839
 20
-0.707657
 11
-6.48163
 21
-0.706665
  0
LINE
  8
0
 10
-6.48163
 20
-0.706665
 11
-6.48482
 21
-0.705566
  0
LINE
  8
0
 10
-6.48482
 20
-0.705566
 11
-6.48796
 21
-0.704315
  0
LINE
  8
0
 10
-6.48796
 20
-0.704315
 11
-6.49106
 21
-0.702942
  0
LINE
  8
0
 10
-6.49106
 20
-0.702942
 11
-6.49408
 21
-0.701431
  0
LINE
  8
0
 10
-6.49408
 20
-0.701431
 11
-6.49704
 21
-0.699814
  0
LINE
  8
0
 10
-6.49704
 20
-0.699814
 11
-6.49994
 21
-0.698059
  0
LINE
  8
0
 10
-6.49994
 20
-0.698059
 11
-6.50275
 21
-0.696182
  0
LINE
  8
0
 10
-6.50275
 20
-0.696182
 11
-6.50549
 21
-0.694199
  0
LINE
  8
0
 10
-6.50549
 20
-0.694199
 11
-6.50813
 21
-0.692108
  0
LINE
  8
0
 10
-6.50813
 20
-0.692108
 11
-6.5107
 21
-0.689896
  0
LINE
  8
0
 10
-6.5107
 20
-0.689896
 11
-6.51315
 21
-0.687576
  0
LINE
  8
0
 10
-6.51315
 20
-0.687576
 11
-6.51552
 21
-0.685165
  0
LINE
  8
0
 10
-6.51552
 20
-0.685165
 11
-6.51779
 21
-0.682648
  0
LINE
  8
0
 10
-6.51779
 20
-0.682648
 11
-6.51994
 21
-0.680038
  0
LINE
  8
0
 10
-6.51994
 20
-0.680038
 11
-6.52199
 21
-0.677353
  0
LINE
  8
0
 10
-6.52199
 20
-0.677353
 11
-6.52391
 21
-0.674576
  0
LINE
  8
0
 10
-6.52391
 20
-0.674576
 11
-6.52573
 21
-0.671722
  0
LINE
  8
0
 10
-6.52573
 20
-0.671722
 11
-6.52742
 21
-0.668793
  0
LINE
  8
0
 10
-6.52742
 20
-0.668793
 11
-6.52898
 21
-0.665802
  0
LINE
  8
0
 10
-6.52898
 20
-0.665802
 11
-6.53043
 21
-0.662735
  0
LINE
  8
0
 10
-6.53043
 20
-0.662735
 11
-6.53172
 21
-0.659622
  0
LINE
  8
0
 10
-6.53172
 20
-0.659622
 11
-6.53291
 21
-0.656464
  0
LINE
  8
0
 10
-6.53291
 20
-0.656464
 11
-6.53395
 21
-0.653244
  0
LINE
  8
0
 10
-6.53395
 20
-0.653244
 11
-6.53487
 21
-0.649979
  0
LINE
  8
0
 10
-6.53487
 20
-0.649979
 11
-6.53563
 21
-0.646698
  0
LINE
  8
0
 10
-6.53563
 20
-0.646698
 11
-6.53627
 21
-0.643372
  0
LINE
  8
0
 10
-6.53627
 20
-0.643372
 11
-6.53676
 21
-0.64003
  0
LINE
  8
0
 10
-6.53676
 20
-0.64003
 11
-6.53711
 21
-0.636673
  0
LINE
  8
0
 10
-6.53711
 20
-0.636673
 11
-6.53732
 21
-0.633301
  0
LINE
  8
0
 10
-6.53732
 20
-0.633301
 11
-6.5374
 21
-0.629913
  0
LINE
  8
0
 10
-6.5374
 20
-0.629913
 11
-6.53732
 21
-0.626541
  0
LINE
  8
0
 10
-6.53732
 20
-0.626541
 11
-6.53711
 21
-0.623154
  0
LINE
  8
0
 10
-6.53711
 20
-0.623154
 11
-6.53676
 21
-0.619797
  0
LINE
  8
0
 10
-6.53676
 20
-0.619797
 11
-6.53627
 21
-0.616455
  0
LINE
  8
0
 10
-6.53627
 20
-0.616455
 11
-6.53563
 21
-0.613129
  0
LINE
  8
0
 10
-6.53563
 20
-0.613129
 11
-6.53487
 21
-0.609848
  0
LINE
  8
0
 10
-6.53487
 20
-0.609848
 11
-6.53395
 21
-0.606583
  0
LINE
  8
0
 10
-6.53395
 20
-0.606583
 11
-6.53291
 21
-0.603378
  0
LINE
  8
0
 10
-6.53291
 20
-0.603378
 11
-6.53172
 21
-0.600204
  0
LINE
  8
0
 10
-6.53172
 20
-0.600204
 11
-6.53043
 21
-0.597092
  0
LINE
  8
0
 10
-6.53043
 20
-0.597092
 11
-6.52898
 21
-0.594025
  0
LINE
  8
0
 10
-6.52898
 20
-0.594025
 11
-6.52742
 21
-0.591034
  0
LINE
  8
0
 10
-6.52742
 20
-0.591034
 11
-6.52573
 21
-0.588104
  0
LINE
  8
0
 10
-6.52573
 20
-0.588104
 11
-6.52391
 21
-0.585251
  0
LINE
  8
0
 10
-6.52391
 20
-0.585251
 11
-6.52199
 21
-0.582474
  0
LINE
  8
0
 10
-6.52199
 20
-0.582474
 11
-6.51994
 21
-0.579788
  0
LINE
  8
0
 10
-6.51994
 20
-0.579788
 11
-6.51779
 21
-0.577179
  0
LINE
  8
0
 10
-6.51779
 20
-0.577179
 11
-6.51552
 21
-0.574661
  0
LINE
  8
0
 10
-6.51552
 20
-0.574661
 11
-6.51315
 21
-0.57225
  0
LINE
  8
0
 10
-6.51315
 20
-0.57225
 11
-6.5107
 21
-0.569931
  0
LINE
  8
0
 10
-6.5107
 20
-0.569931
 11
-6.50813
 21
-0.567734
  0
LINE
  8
0
 10
-6.50813
 20
-0.567734
 11
-6.50549
 21
-0.565628
  0
LINE
  8
0
 10
-6.50549
 20
-0.565628
 11
-6.50275
 21
-0.563644
  0
LINE
  8
0
 10
-6.50275
 20
-0.563644
 11
-6.49994
 21
-0.561768
  0
LINE
  8
0
 10
-6.49994
 20
-0.561768
 11
-6.49704
 21
-0.560013
  0
LINE
  8
0
 10
-6.49704
 20
-0.560013
 11
-6.49408
 21
-0.558395
  0
LINE
  8
0
 10
-6.49408
 20
-0.558395
 11
-6.49106
 21
-0.556885
  0
LINE
  8
0
 10
-6.49106
 20
-0.556885
 11
-6.48796
 21
-0.555511
  0
LINE
  8
0
 10
-6.48796
 20
-0.555511
 11
-6.48482
 21
-0.55426
  0
LINE
  8
0
 10
-6.48482
 20
-0.55426
 11
-6.48163
 21
-0.553162
  0
LINE
  8
0
 10
-6.48163
 20
-0.553162
 11
-6.47839
 21
-0.552185
  0
LINE
  8
0
 10
-6.47839
 20
-0.552185
 11
-6.47511
 21
-0.551331
  0
LINE
  8
0
 10
-6.47511
 20
-0.551331
 11
-6.47182
 21
-0.550629
  0
LINE
  8
0
 10
-6.47182
 20
-0.550629
 11
-6.46848
 21
-0.550064
  0
LINE
  8
0
 10
-6.46848
 20
-0.550064
 11
-6.46512
 21
-0.549652
  0
LINE
  8
0
 10
-6.46512
 20
-0.549652
 11
-6.46176
 21
-0.549362
  0
LINE
  8
0
 10
-6.46176
 20
-0.549362
 11
-6.45837
 21
-0.549225
  0
LINE
  8
0
 10
-6.45837
 20
-0.549225
 11
-6.455
 21
-0.549225
  0
LINE
  8
0
 10
-6.455
 20
-0.549225
 11
-6.45161
 21
-0.549362
  0
LINE
  8
0
 10
-6.45161
 20
-0.549362
 11
-6.44826
 21
-0.549652
  0
LINE
  8
0
 10
-6.44826
 20
-0.549652
 11
-6.4449
 21
-0.550064
  0
LINE
  8
0
 10
-6.4449
 20
-0.550064
 11
-6.44156
 21
-0.550629
  0
LINE
  8
0
 10
-6.44156
 20
-0.550629
 11
-6.43826
 21
-0.551331
  0
LINE
  8
0
 10
-6.43826
 20
-0.551331
 11
-6.43498
 21
-0.552185
  0
LINE
  8
0
 10
-6.43498
 20
-0.552185
 11
-6.43175
 21
-0.553162
  0
LINE
  8
0
 10
-6.43175
 20
-0.553162
 11
-6.42856
 21
-0.55426
  0
LINE
  8
0
 10
-6.42856
 20
-0.55426
 11
-6.42542
 21
-0.555511
  0
LINE
  8
0
 10
-6.42542
 20
-0.555511
 11
-6.42232
 21
-0.556885
  0
LINE
  8
0
 10
-6.42232
 20
-0.556885
 11
-6.4193
 21
-0.558395
  0
LINE
  8
0
 10
-6.4193
 20
-0.558395
 11
-6.41634
 21
-0.560013
  0
LINE
  8
0
 10
-6.41634
 20
-0.560013
 11
-6.41344
 21
-0.561768
  0
LINE
  8
0
 10
-6.41344
 20
-0.561768
 11
-6.41063
 21
-0.563644
  0
LINE
  8
0
 10
-6.41063
 20
-0.563644
 11
-6.4079
 21
-0.565628
  0
LINE
  8
0
 10
-6.4079
 20
-0.565628
 11
-6.40524
 21
-0.567734
  0
LINE
  8
0
 10
-6.40524
 20
-0.567734
 11
-6.40268
 21
-0.569931
  0
LINE
  8
0
 10
-6.40268
 20
-0.569931
 11
-6.40022
 21
-0.57225
  0
LINE
  8
0
 10
-6.40022
 20
-0.57225
 11
-6.39786
 21
-0.574661
  0
LINE
  8
0
 10
-6.39786
 20
-0.574661
 11
-6.3956
 21
-0.577179
  0
LINE
  8
0
 10
-6.3956
 20
-0.577179
 11
-6.39343
 21
-0.579788
  0
LINE
  8
0
 10
-6.39343
 20
-0.579788
 11
-6.39139
 21
-0.582474
  0
LINE
  8
0
 10
-6.39139
 20
-0.582474
 11
-6.38947
 21
-0.585251
  0
LINE
  8
0
 10
-6.38947
 20
-0.585251
 11
-6.38765
 21
-0.588104
  0
LINE
  8
0
 10
-6.38765
 20
-0.588104
 11
-6.38597
 21
-0.591034
  0
LINE
  8
0
 10
-6.38597
 20
-0.591034
 11
-6.3844
 21
-0.594025
  0
LINE
  8
0
 10
-6.3844
 20
-0.594025
 11
-6.38297
 21
-0.597092
  0
LINE
  8
0
 10
-6.38297
 20
-0.597092
 11
-6.38165
 21
-0.600204
  0
LINE
  8
0
 10
-6.38165
 20
-0.600204
 11
-6.38046
 21
-0.603378
  0
LINE
  8
0
 10
-6.38046
 20
-0.603378
 11
-6.37943
 21
-0.606583
  0
LINE
  8
0
 10
-6.37943
 20
-0.606583
 11
-6.37851
 21
-0.609848
  0
LINE
  8
0
 10
-6.37851
 20
-0.609848
 11
-6.37775
 21
-0.613129
  0
LINE
  8
0
 10
-6.37775
 20
-0.613129
 11
-6.37711
 21
-0.616455
  0
LINE
  8
0
 10
-6.37711
 20
-0.616455
 11
-6.37662
 21
-0.619797
  0
LINE
  8
0
 10
-6.37662
 20
-0.619797
 11
-6.37627
 21
-0.623154
  0
LINE
  8
0
 10
-6.37627
 20
-0.623154
 11
-6.37605
 21
-0.626541
  0
LINE
  8
0
 10
-6.37605
 20
-0.626541
 11
-6.37598
 21
-0.629913
  0
LINE
  8
0
 10
-6.37598
 20
-0.629913
 11
-6.37605
 21
-0.633301
  0
LINE
  8
0
 10
-6.37605
 20
-0.633301
 11
-6.37627
 21
-0.636673
  0
LINE
  8
0
 10
-6.37627
 20
-0.636673
 11
-6.37662
 21
-0.64003
  0
LINE
  8
0
 10
-6.37662
 20
-0.64003
 11
-6.37711
 21
-0.643372
  0
LINE
  8
0
 10
-6.37711
 20
-0.643372
 11
-6.37775
 21
-0.646698
  0
LINE
  8
0
 10
-6.37775
 20
-0.646698
 11
-6.37851
 21
-0.649979
  0
LINE
  8
0
 10
-6.37851
 20
-0.649979
 11
-6.37943
 21
-0.653244
  0
LINE
  8
0
 10
-6.37943
 20
-0.653244
 11
-6.38046
 21
-0.656464
  0
LINE
  8
0
 10
-6.38046
 20
-0.656464
 11
-6.38165
 21
-0.659622
  0
LINE
  8
0
 10
-6.38165
 20
-0.659622
 11
-6.38297
 21
-0.662735
  0
LINE
  8
0
 10
-6.38297
 20
-0.662735
 11
-6.3844
 21
-0.665802
  0
LINE
  8
0
 10
-6.3844
 20
-0.665802
 11
-6.38597
 21
-0.668793
  0
LINE
  8
0
 10
-6.38597
 20
-0.668793
 11
-6.38765
 21
-0.671722
  0
LINE
  8
0
 10
-6.38765
 20
-0.671722
 11
-6.38947
 21
-0.674576
  0
LINE
  8
0
 10
-6.38947
 20
-0.674576
 11
-6.39139
 21
-0.677353
  0
LINE
  8
0
 10
-6.39139
 20
-0.677353
 11
-6.39343
 21
-0.680038
  0
LINE
  8
0
 10
-6.39343
 20
-0.680038
 11
-6.3956
 21
-0.682648
  0
LINE
  8
0
 10
-6.3956
 20
-0.682648
 11
-6.39786
 21
-0.685165
  0
LINE
  8
0
 10
-6.39786
 20
-0.685165
 11
-6.40022
 21
-0.687576
  0
LINE
  8
0
 10
-6.40022
 20
-0.687576
 11
-6.40268
 21
-0.689896
  0
LINE
  8
0
 10
-6.40268
 20
-0.689896
 11
-6.40524
 21
-0.692108
  0
LINE
  8
0
 10
-6.40524
 20
-0.692108
 11
-6.4079
 21
-0.694199
  0
LINE
  8
0
 10
-6.4079
 20
-0.694199
 11
-6.41063
 21
-0.696182
  0
LINE
  8
0
 10
-6.41063
 20
-0.696182
 11
-6.41344
 21
-0.698059
  0
LINE
  8
0
 10
-6.41344
 20
-0.698059
 11
-6.41634
 21
-0.699814
  0
LINE
  8
0
 10
-6.41634
 20
-0.699814
 11
-6.4193
 21
-0.701431
  0
LINE
  8
0
 10
-6.4193
 20
-0.701431
 11
-6.42232
 21
-0.702942
  0
LINE
  8
0
 10
-6.42232
 20
-0.702942
 11
-6.42542
 21
-0.704315
  0
LINE
  8
0
 10
-6.42542
 20
-0.704315
 11
-6.42856
 21
-0.705566
  0
LINE
  8
0
 10
-6.42856
 20
-0.705566
 11
-6.43175
 21
-0.706665
  0
LINE
  8
0
 10
-6.43175
 20
-0.706665
 11
-6.43498
 21
-0.707657
  0
LINE
  8
0
 10
-6.43498
 20
-0.707657
 11
-6.43826
 21
-0.708496
  0
LINE
  8
0
 10
-6.43826
 20
-0.708496
 11
-6.44156
 21
-0.709198
  0
LINE
  8
0
 10
-6.44156
 20
-0.709198
 11
-6.4449
 21
-0.709763
  0
LINE
  8
0
 10
-6.4449
 20
-0.709763
 11
-6.44826
 21
-0.710175
  0
LINE
  8
0
 10
-6.44826
 20
-0.710175
 11
-6.45161
 21
-0.710464
  0
LINE
  8
0
 10
-6.45161
 20
-0.710464
 11
-6.455
 21
-0.710602
  0
LINE
  8
0
 10
-6.455
 20
-0.710602
 11
-6.45837
 21
-0.710602
  0
LINE
  8
0
 10
6.455
 20
-1.02556
 11
6.45161
 21
-1.02542
  0
LINE
  8
0
 10
6.45161
 20
-1.02542
 11
6.44826
 21
-1.02515
  0
LINE
  8
0
 10
6.44826
 20
-1.02515
 11
6.4449
 21
-1.02472
  0
LINE
  8
0
 10
6.4449
 20
-1.02472
 11
6.44156
 21
-1.02415
  0
LINE
  8
0
 10
6.44156
 20
-1.02415
 11
6.43826
 21
-1.02345
  0
LINE
  8
0
 10
6.43826
 20
-1.02345
 11
6.43498
 21
-1.02261
  0
LINE
  8
0
 10
6.43498
 20
-1.02261
 11
6.43175
 21
-1.02164
  0
LINE
  8
0
 10
6.43175
 20
-1.02164
 11
6.42856
 21
-1.02052
  0
LINE
  8
0
 10
6.42856
 20
-1.02052
 11
6.42542
 21
-1.01927
  0
LINE
  8
0
 10
6.42542
 20
-1.01927
 11
6.42232
 21
-1.0179
  0
LINE
  8
0
 10
6.42232
 20
-1.0179
 11
6.4193
 21
-1.0164
  0
LINE
  8
0
 10
6.4193
 20
-1.0164
 11
6.41634
 21
-1.01477
  0
LINE
  8
0
 10
6.41634
 20
-1.01477
 11
6.41344
 21
-1.01302
  0
LINE
  8
0
 10
6.41344
 20
-1.01302
 11
6.41063
 21
-1.01115
  0
LINE
  8
0
 10
6.41063
 20
-1.01115
 11
6.4079
 21
-1.00916
  0
LINE
  8
0
 10
6.4079
 20
-1.00916
 11
6.40524
 21
-1.00706
  0
LINE
  8
0
 10
6.40524
 20
-1.00706
 11
6.40268
 21
-1.00485
  0
LINE
  8
0
 10
6.40268
 20
-1.00485
 11
6.40022
 21
-1.00253
  0
LINE
  8
0
 10
6.40022
 20
-1.00253
 11
6.39786
 21
-1.00012
  0
LINE
  8
0
 10
6.39786
 20
-1.00012
 11
6.3956
 21
-0.997604
  0
LINE
  8
0
 10
6.3956
 20
-0.997604
 11
6.39343
 21
-0.99501
  0
LINE
  8
0
 10
6.39343
 20
-0.99501
 11
6.39139
 21
-0.99231
  0
LINE
  8
0
 10
6.39139
 20
-0.99231
 11
6.38947
 21
-0.989532
  0
LINE
  8
0
 10
6.38947
 20
-0.989532
 11
6.38765
 21
-0.986679
  0
LINE
  8
0
 10
6.38765
 20
-0.986679
 11
6.38597
 21
-0.983749
  0
LINE
  8
0
 10
6.38597
 20
-0.983749
 11
6.3844
 21
-0.980759
  0
LINE
  8
0
 10
6.3844
 20
-0.980759
 11
6.38297
 21
-0.977707
  0
LINE
  8
0
 10
6.38297
 20
-0.977707
 11
6.38165
 21
-0.974579
  0
LINE
  8
0
 10
6.38165
 20
-0.974579
 11
6.38046
 21
-0.97142
  0
LINE
  8
0
 10
6.38046
 20
-0.97142
 11
6.37943
 21
-0.968201
  0
LINE
  8
0
 10
6.37943
 20
-0.968201
 11
6.37851
 21
-0.964951
  0
LINE
  8
0
 10
6.37851
 20
-0.964951
 11
6.37775
 21
-0.961655
  0
LINE
  8
0
 10
6.37775
 20
-0.961655
 11
6.37711
 21
-0.958328
  0
LINE
  8
0
 10
6.37711
 20
-0.958328
 11
6.37662
 21
-0.954987
  0
LINE
  8
0
 10
6.37662
 20
-0.954987
 11
6.37627
 21
-0.95163
  0
LINE
  8
0
 10
6.37627
 20
-0.95163
 11
6.37605
 21
-0.948257
  0
LINE
  8
0
 10
6.37605
 20
-0.948257
 11
6.37598
 21
-0.94487
  0
LINE
  8
0
 10
6.37598
 20
-0.94487
 11
6.37605
 21
-0.941498
  0
LINE
  8
0
 10
6.37605
 20
-0.941498
 11
6.37627
 21
-0.938126
  0
LINE
  8
0
 10
6.37627
 20
-0.938126
 11
6.37662
 21
-0.934753
  0
LINE
  8
0
 10
6.37662
 20
-0.934753
 11
6.37711
 21
-0.931412
  0
LINE
  8
0
 10
6.37711
 20
-0.931412
 11
6.37775
 21
-0.928101
  0
LINE
  8
0
 10
6.37775
 20
-0.928101
 11
6.37851
 21
-0.924805
  0
LINE
  8
0
 10
6.37851
 20
-0.924805
 11
6.37943
 21
-0.921539
  0
LINE
  8
0
 10
6.37943
 20
-0.921539
 11
6.38046
 21
-0.918335
  0
LINE
  8
0
 10
6.38046
 20
-0.918335
 11
6.38165
 21
-0.915161
  0
LINE
  8
0
 10
6.38165
 20
-0.915161
 11
6.38297
 21
-0.912048
  0
LINE
  8
0
 10
6.38297
 20
-0.912048
 11
6.3844
 21
-0.908981
  0
LINE
  8
0
 10
6.3844
 20
-0.908981
 11
6.38597
 21
-0.905991
  0
LINE
  8
0
 10
6.38597
 20
-0.905991
 11
6.38765
 21
-0.903061
  0
LINE
  8
0
 10
6.38765
 20
-0.903061
 11
6.38947
 21
-0.900208
  0
LINE
  8
0
 10
6.38947
 20
-0.900208
 11
6.39139
 21
-0.89743
  0
LINE
  8
0
 10
6.39139
 20
-0.89743
 11
6.39343
 21
-0.894745
  0
LINE
  8
0
 10
6.39343
 20
-0.894745
 11
6.3956
 21
-0.892136
  0
LINE
  8
0
 10
6.3956
 20
-0.892136
 11
6.39786
 21
-0.889618
  0
LINE
  8
0
 10
6.39786
 20
-0.889618
 11
6.40022
 21
-0.887207
  0
LINE
  8
0
 10
6.40022
 20
-0.887207
 11
6.40268
 21
-0.884903
  0
LINE
  8
0
 10
6.40268
 20
-0.884903
 11
6.40524
 21
-0.88269
  0
LINE
  8
0
 10
6.40524
 20
-0.88269
 11
6.4079
 21
-0.880585
  0
LINE
  8
0
 10
6.4079
 20
-0.880585
 11
6.41063
 21
-0.878601
  0
LINE
  8
0
 10
6.41063
 20
-0.878601
 11
6.41344
 21
-0.876724
  0
LINE
  8
0
 10
6.41344
 20
-0.876724
 11
6.41634
 21
-0.874985
  0
LINE
  8
0
 10
6.41634
 20
-0.874985
 11
6.4193
 21
-0.873352
  0
LINE
  8
0
 10
6.4193
 20
-0.873352
 11
6.42232
 21
-0.871841
  0
LINE
  8
0
 10
6.42232
 20
-0.871841
 11
6.42542
 21
-0.870468
  0
LINE
  8
0
 10
6.42542
 20
-0.870468
 11
6.42856
 21
-0.869232
  0
LINE
  8
0
 10
6.42856
 20
-0.869232
 11
6.43175
 21
-0.868118
  0
LINE
  8
0
 10
6.43175
 20
-0.868118
 11
6.43498
 21
-0.867142
  0
LINE
  8
0
 10
6.43498
 20
-0.867142
 11
6.43826
 21
-0.866302
  0
LINE
  8
0
 10
6.43826
 20
-0.866302
 11
6.44156
 21
-0.865601
  0
LINE
  8
0
 10
6.44156
 20
-0.865601
 11
6.4449
 21
-0.865036
  0
LINE
  8
0
 10
6.4449
 20
-0.865036
 11
6.44826
 21
-0.864609
  0
LINE
  8
0
 10
6.44826
 20
-0.864609
 11
6.45161
 21
-0.864319
  0
LINE
  8
0
 10
6.45161
 20
-0.864319
 11
6.455
 21
-0.864182
  0
LINE
  8
0
 10
6.455
 20
-0.864182
 11
6.45837
 21
-0.864182
  0
LINE
  8
0
 10
6.45837
 20
-0.864182
 11
6.46176
 21
-0.864319
  0
LINE
  8
0
 10
6.46176
 20
-0.864319
 11
6.46512
 21
-0.864609
  0
LINE
  8
0
 10
6.46512
 20
-0.864609
 11
6.46848
 21
-0.865036
  0
LINE
  8
0
 10
6.46848
 20
-0.865036
 11
6.47182
 21
-0.865601
  0
LINE
  8
0
 10
6.47182
 20
-0.865601
 11
6.47511
 21
-0.866302
  0
LINE
  8
0
 10
6.47511
 20
-0.866302
 11
6.47839
 21
-0.867142
  0
LINE
  8
0
 10
6.47839
 20
-0.867142
 11
6.48163
 21
-0.868118
  0
LINE
  8
0
 10
6.48163
 20
-0.868118
 11
6.48482
 21
-0.869232
  0
LINE
  8
0
 10
6.48482
 20
-0.869232
 11
6.48796
 21
-0.870468
  0
LINE
  8
0
 10
6.48796
 20
-0.870468
 11
6.49106
 21
-0.871841
  0
LINE
  8
0
 10
6.49106
 20
-0.871841
 11
6.49408
 21
-0.873352
  0
LINE
  8
0
 10
6.49408
 20
-0.873352
 11
6.49704
 21
-0.874985
  0
LINE
  8
0
 10
6.49704
 20
-0.874985
 11
6.49994
 21
-0.876724
  0
LINE
  8
0
 10
6.49994
 20
-0.876724
 11
6.50275
 21
-0.878601
  0
LINE
  8
0
 10
6.50275
 20
-0.878601
 11
6.50549
 21
-0.880585
  0
LINE
  8
0
 10
6.50549
 20
-0.880585
 11
6.50813
 21
-0.88269
  0
LINE
  8
0
 10
6.50813
 20
-0.88269
 11
6.5107
 21
-0.884903
  0
LINE
  8
0
 10
6.5107
 20
-0.884903
 11
6.51315
 21
-0.887207
  0
LINE
  8
0
 10
6.51315
 20
-0.887207
 11
6.51552
 21
-0.889618
  0
LINE
  8
0
 10
6.51552
 20
-0.889618
 11
6.51779
 21
-0.892136
  0
LINE
  8
0
 10
6.51779
 20
-0.892136
 11
6.51994
 21
-0.894745
  0
LINE
  8
0
 10
6.51994
 20
-0.894745
 11
6.52199
 21
-0.89743
  0
LINE
  8
0
 10
6.52199
 20
-0.89743
 11
6.52391
 21
-0.900208
  0
LINE
  8
0
 10
6.52391
 20
-0.900208
 11
6.52573
 21
-0.903061
  0
LINE
  8
0
 10
6.52573
 20
-0.903061
 11
6.52742
 21
-0.905991
  0
LINE
  8
0
 10
6.52742
 20
-0.905991
 11
6.52898
 21
-0.908981
  0
LINE
  8
0
 10
6.52898
 20
-0.908981
 11
6.53043
 21
-0.912048
  0
LINE
  8
0
 10
6.53043
 20
-0.912048
 11
6.53172
 21
-0.915161
  0
LINE
  8
0
 10
6.53172
 20
-0.915161
 11
6.53291
 21
-0.918335
  0
LINE
  8
0
 10
6.53291
 20
-0.918335
 11
6.53395
 21
-0.921539
  0
LINE
  8
0
 10
6.53395
 20
-0.921539
 11
6.53487
 21
-0.924805
  0
LINE
  8
0
 10
6.53487
 20
-0.924805
 11
6.53563
 21
-0.928101
  0
LINE
  8
0
 10
6.53563
 20
-0.928101
 11
6.53627
 21
-0.931412
  0
LINE
  8
0
 10
6.53627
 20
-0.931412
 11
6.53676
 21
-0.934753
  0
LINE
  8
0
 10
6.53676
 20
-0.934753
 11
6.53711
 21
-0.938126
  0
LINE
  8
0
 10
6.53711
 20
-0.938126
 11
6.53732
 21
-0.941498
  0
LINE
  8
0
 10
6.53732
 20
-0.941498
 11
6.5374
 21
-0.94487
  0
LINE
  8
0
 10
6.5374
 20
-0.94487
 11
6.53732
 21
-0.948257
  0
LINE
  8
0
 10
6.53732
 20
-0.948257
 11
6.53711
 21
-0.95163
  0
LINE
  8
0
 10
6.53711
 20
-0.95163
 11
6.53676
 21
-0.954987
  0
LINE
  8
0
 10
6.53676
 20
-0.954987
 11
6.53627
 21
-0.958328
  0
LINE
  8
0
 10
6.53627
 20
-0.958328
 11
6.53563
 21
-0.961655
  0
LINE
  8
0
 10
6.53563
 20
-0.961655
 11
6.53487
 21
-0.964951
  0
LINE
  8
0
 10
6.53487
 20
-0.964951
 11
6.53395
 21
-0.968201
  0
LINE
  8
0
 10
6.53395
 20
-0.968201
 11
6.53291
 21
-0.97142
  0
LINE
  8
0
 10
6.53291
 20
-0.97142
 11
6.53172
 21
-0.974579
  0
LINE
  8
0
 10
6.53172
 20
-0.974579
 11
6.53043
 21
-0.977707
  0
LINE
  8
0
 10
6.53043
 20
-0.977707
 11
6.52898
 21
-0.980759
  0
LINE
  8
0
 10
6.52898
 20
-0.980759
 11
6.52742
 21
-0.983749
  0
LINE
  8
0
 10
6.52742
 20
-0.983749
 11
6.52573
 21
-0.986679
  0
LINE
  8
0
 10
6.52573
 20
-0.986679
 11
6.52391
 21
-0.989532
  0
LINE
  8
0
 10
6.52391
 20
-0.989532
 11
6.52199
 21
-0.99231
  0
LINE
  8
0
 10
6.52199
 20
-0.99231
 11
6.51994
 21
-0.99501
  0
LINE
  8
0
 10
6.51994
 20
-0.99501
 11
6.51779
 21
-0.997604
  0
LINE
  8
0
 10
6.51779
 20
-0.997604
 11
6.51552
 21
-1.00012
  0
LINE
  8
0
 10
6.51552
 20
-1.00012
 11
6.51315
 21
-1.00253
  0
LINE
  8
0
 10
6.51315
 20
-1.00253
 11
6.5107
 21
-1.00485
  0
LINE
  8
0
 10
6.5107
 20
-1.00485
 11
6.50813
 21
-1.00706
  0
LINE
  8
0
 10
6.50813
 20
-1.00706
 11
6.50549
 21
-1.00916
  0
LINE
  8
0
 10
6.50549
 20
-1.00916
 11
6.50275
 21
-1.01115
  0
LINE
  8
0
 10
6.50275
 20
-1.01115
 11
6.49994
 21
-1.01302
  0
LINE
  8
0
 10
6.49994
 20
-1.01302
 11
6.49704
 21
-1.01477
  0
LINE
  8
0
 10
6.49704
 20
-1.01477
 11
6.49408
 21
-1.0164
  0
LINE
  8
0
 10
6.49408
 20
-1.0164
 11
6.49106
 21
-1.0179
  0
LINE
  8
0
 10
6.49106
 20
-1.0179
 11
6.48796
 21
-1.01927
  0
LINE
  8
0
 10
6.48796
 20
-1.01927
 11
6.48482
 21
-1.02052
  0
LINE
  8
0
 10
6.48482
 20
-1.02052
 11
6.48163
 21
-1.02164
  0
LINE
  8
0
 10
6.48163
 20
-1.02164
 11
6.47839
 21
-1.02261
  0
LINE
  8
0
 10
6.47839
 20
-1.02261
 11
6.47511
 21
-1.02345
  0
LINE
  8
0
 10
6.47511
 20
-1.02345
 11
6.47182
 21
-1.02415
  0
LINE
  8
0
 10
6.47182
 20
-1.02415
 11
6.46848
 21
-1.02472
  0
LINE
  8
0
 10
6.46848
 20
-1.02472
 11
6.46512
 21
-1.02515
  0
LINE
  8
0
 10
6.46512
 20
-1.02515
 11
6.46176
 21
-1.02542
  0
LINE
  8
0
 10
6.46176
 20
-1.02542
 11
6.45837
 21
-1.02556
  0
LINE
  8
0
 10
6.45837
 20
-1.02556
 11
6.455
 21
-1.02556
  0
LINE
  8
0
 10
-6.45837
 20
-1.02556
 11
-6.46176
 21
-1.02542
  0
LINE
  8
0
 10
-6.46176
 20
-1.02542
 11
-6.46512
 21
-1.02515
  0
LINE
  8
0
 10
-6.46512
 20
-1.02515
 11
-6.46848
 21
-1.02472
  0
LINE
  8
0
 10
-6.46848
 20
-1.02472
 11
-6.47182
 21
-1.02415
  0
LINE
  8
0
 10
-6.47182
 20
-1.02415
 11
-6.47511
 21
-1.02345
  0
LINE
  8
0
 10
-6.47511
 20
-1.02345
 11
-6.47839
 21
-1.02261
  0
LINE
  8
0
 10
-6.47839
 20
-1.02261
 11
-6.48163
 21
-1.02164
  0
LINE
  8
0
 10
-6.48163
 20
-1.02164
 11
-6.48482
 21
-1.02052
  0
LINE
  8
0
 10
-6.48482
 20
-1.02052
 11
-6.48796
 21
-1.01927
  0
LINE
  8
0
 10
-6.48796
 20
-1.01927
 11
-6.49106
 21
-1.0179
  0
LINE
  8
0
 10
-6.49106
 20
-1.0179
 11
-6.49408
 21
-1.0164
  0
LINE
  8
0
 10
-6.49408
 20
-1.0164
 11
-6.49704
 21
-1.01477
  0
LINE
  8
0
 10
-6.49704
 20
-1.01477
 11
-6.49994
 21
-1.01302
  0
LINE
  8
0
 10
-6.49994
 20
-1.01302
 11
-6.50275
 21
-1.01115
  0
LINE
  8
0
 10
-6.50275
 20
-1.01115
 11
-6.50549
 21
-1.00916
  0
LINE
  8
0
 10
-6.50549
 20
-1.00916
 11
-6.50813
 21
-1.00706
  0
LINE
  8
0
 10
-6.50813
 20
-1.00706
 11
-6.5107
 21
-1.00485
  0
LINE
  8
0
 10
-6.5107
 20
-1.00485
 11
-6.51315
 21
-1.00253
  0
LINE
  8
0
 10
-6.51315
 20
-1.00253
 11
-6.51552
 21
-1.00012
  0
LINE
  8
0
 10
-6.51552
 20
-1.00012
 11
-6.51779
 21
-0.997604
  0
LINE
  8
0
 10
-6.51779
 20
-0.997604
 11
-6.51994
 21
-0.99501
  0
LINE
  8
0
 10
-6.51994
 20
-0.99501
 11
-6.52199
 21
-0.99231
  0
LINE
  8
0
 10
-6.52199
 20
-0.99231
 11
-6.52391
 21
-0.989532
  0
LINE
  8
0
 10
-6.52391
 20
-0.989532
 11
-6.52573
 21
-0.986679
  0
LINE
  8
0
 10
-6.52573
 20
-0.986679
 11
-6.52742
 21
-0.983749
  0
LINE
  8
0
 10
-6.52742
 20
-0.983749
 11
-6.52898
 21
-0.980759
  0
LINE
  8
0
 10
-6.52898
 20
-0.980759
 11
-6.53043
 21
-0.977707
  0
LINE
  8
0
 10
-6.53043
 20
-0.977707
 11
-6.53172
 21
-0.974579
  0
LINE
  8
0
 10
-6.53172
 20
-0.974579
 11
-6.53291
 21
-0.97142
  0
LINE
  8
0
 10
-6.53291
 20
-0.97142
 11
-6.53395
 21
-0.968201
  0
LINE
  8
0
 10
-6.53395
 20
-0.968201
 11
-6.53487
 21
-0.964951
  0
LINE
  8
0
 10
-6.53487
 20
-0.964951
 11
-6.53563
 21
-0.961655
  0
LINE
  8
0
 10
-6.53563
 20
-0.961655
 11
-6.53627
 21
-0.958328
  0
LINE
  8
0
 10
-6.53627
 20
-0.958328
 11
-6.53676
 21
-0.954987
  0
LINE
  8
0
 10
-6.53676
 20
-0.954987
 11
-6.53711
 21
-0.95163
  0
LINE
  8
0
 10
-6.53711
 20
-0.95163
 11
-6.53732
 21
-0.948257
  0
LINE
  8
0
 10
-6.53732
 20
-0.948257
 11
-6.5374
 21
-0.94487
  0
LINE
  8
0
 10
-6.5374
 20
-0.94487
 11
-6.53732
 21
-0.941498
  0
LINE
  8
0
 10
-6.53732
 20
-0.941498
 11
-6.53711
 21
-0.938126
  0
LINE
  8
0
 10
-6.53711
 20
-0.938126
 11
-6.53676
 21
-0.934753
  0
LINE
  8
0
 10
-6.53676
 20
-0.934753
 11
-6.53627
 21
-0.931412
  0
LINE
  8
0
 10
-6.53627
 20
-0.931412
 11
-6.53563
 21
-0.928101
  0
LINE
  8
0
 10
-6.53563
 20
-0.928101
 11
-6.53487
 21
-0.924805
  0
LINE
  8
0
 10
-6.53487
 20
-0.924805
 11
-6.53395
 21
-0.921539
  0
LINE
  8
0
 10
-6.53395
 20
-0.921539
 11
-6.53291
 21
-0.918335
  0
LINE
  8
0
 10
-6.53291
 20
-0.918335
 11
-6.53172
 21
-0.915161
  0
LINE
  8
0
 10
-6.53172
 20
-0.915161
 11
-6.53043
 21
-0.912048
  0
LINE
  8
0
 10
-6.53043
 20
-0.912048
 11
-6.52898
 21
-0.908981
  0
LINE
  8
0
 10
-6.52898
 20
-0.908981
 11
-6.52742
 21
-0.905991
  0
LINE
  8
0
 10
-6.52742
 20
-0.905991
 11
-6.52573
 21
-0.903061
  0
LINE
  8
0
 10
-6.52573
 20
-0.903061
 11
-6.52391
 21
-0.900208
  0
LINE
  8
0
 10
-6.52391
 20
-0.900208
 11
-6.52199
 21
-0.89743
  0
LINE
  8
0
 10
-6.52199
 20
-0.89743
 11
-6.51994
 21
-0.894745
  0
LINE
  8
0
 10
-6.51994
 20
-0.894745
 11
-6.51779
 21
-0.892136
  0
LINE
  8
0
 10
-6.51779
 20
-0.892136
 11
-6.51552
 21
-0.889618
  0
LINE
  8
0
 10
-6.51552
 20
-0.889618
 11
-6.51315
 21
-0.887207
  0
LINE
  8
0
 10
-6.51315
 20
-0.887207
 11
-6.5107
 21
-0.884903
  0
LINE
  8
0
 10
-6.5107
 20
-0.884903
 11
-6.50813
 21
-0.88269
  0
LINE
  8
0
 10
-6.50813
 20
-0.88269
 11
-6.50549
 21
-0.880585
  0
LINE
  8
0
 10
-6.50549
 20
-0.880585
 11
-6.50275
 21
-0.878601
  0
LINE
  8
0
 10
-6.50275
 20
-0.878601
 11
-6.49994
 21
-0.876724
  0
LINE
  8
0
 10
-6.49994
 20
-0.876724
 11
-6.49704
 21
-0.874985
  0
LINE
  8
0
 10
-6.49704
 20
-0.874985
 11
-6.49408
 21
-0.873352
  0
LINE
  8
0
 10
-6.49408
 20
-0.873352
 11
-6.49106
 21
-0.871841
  0
LINE
  8
0
 10
-6.49106
 20
-0.871841
 11
-6.48796
 21
-0.870468
  0
LINE
  8
0
 10
-6.48796
 20
-0.870468
 11
-6.48482
 21
-0.869232
  0
LINE
  8
0
 10
-6.48482
 20
-0.869232
 11
-6.48163
 21
-0.868118
  0
LINE
  8
0
 10
-6.48163
 20
-0.868118
 11
-6.47839
 21
-0.867142
  0
LINE
  8
0
 10
-6.47839
 20
-0.867142
 11
-6.47511
 21
-0.866302
  0
LINE
  8
0
 10
-6.47511
 20
-0.866302
 11
-6.47182
 21
-0.865601
  0
LINE
  8
0
 10
-6.47182
 20
-0.865601
 11
-6.46848
 21
-0.865036
  0
LINE
  8
0
 10
-6.46848
 20
-0.865036
 11
-6.46512
 21
-0.864609
  0
LINE
  8
0
 10
-6.46512
 20
-0.864609
 11
-6.46176
 21
-0.864319
  0
LINE
  8
0
 10
-6.46176
 20
-0.864319
 11
-6.45837
 21
-0.864182
  0
LINE
  8
0
 10
-6.45837
 20
-0.864182
 11
-6.455
 21
-0.864182
  0
LINE
  8
0
 10
-6.455
 20
-0.864182
 11
-6.45161
 21
-0.864319
  0
LINE
  8
0
 10
-6.45161
 20
-0.864319
 11
-6.44826
 21
-0.864609
  0
LINE
  8
0
 10
-6.44826
 20
-0.864609
 11
-6.4449
 21
-0.865036
  0
LINE
  8
0
 10
-6.4449
 20
-0.865036
 11
-6.44156
 21
-0.865601
  0
LINE
  8
0
 10
-6.44156
 20
-0.865601
 11
-6.43826
 21
-0.866302
  0
LINE
  8
0
 10
-6.43826
 20
-0.866302
 11
-6.43498
 21
-0.867142
  0
LINE
  8
0
 10
-6.43498
 20
-0.867142
 11
-6.43175
 21
-0.868118
  0
LINE
  8
0
 10
-6.43175
 20
-0.868118
 11
-6.42856
 21
-0.869232
  0
LINE
  8
0
 10
-6.42856
 20
-0.869232
 11
-6.42542
 21
-0.870468
  0
LINE
  8
0
 10
-6.42542
 20
-0.870468
 11
-6.42232
 21
-0.871841
  0
LINE
  8
0
 10
-6.42232
 20
-0.871841
 11
-6.4193
 21
-0.873352
  0
LINE
  8
0
 10
-6.4193
 20
-0.873352
 11
-6.41634
 21
-0.874985
  0
LINE
  8
0
 10
-6.41634
 20
-0.874985
 11
-6.41344
 21
-0.876724
  0
LINE
  8
0
 10
-6.41344
 20
-0.876724
 11
-6.41063
 21
-0.878601
  0
LINE
  8
0
 10
-6.41063
 20
-0.878601
 11
-6.4079
 21
-0.880585
  0
LINE
  8
0
 10
-6.4079
 20
-0.880585
 11
-6.40524
 21
-0.88269
  0
LINE
  8
0
 10
-6.40524
 20
-0.88269
 11
-6.40268
 21
-0.884903
  0
LINE
  8
0
 10
-6.40268
 20
-0.884903
 11
-6.40022
 21
-0.887207
  0
LINE
  8
0
 10
-6.40022
 20
-0.887207
 11
-6.39786
 21
-0.889618
  0
LINE
  8
0
 10
-6.39786
 20
-0.889618
 11
-6.3956
 21
-0.892136
  0
LINE
  8
0
 10
-6.3956
 20
-0.892136
 11
-6.39343
 21
-0.894745
  0
LINE
  8
0
 10
-6.39343
 20
-0.894745
 11
-6.39139
 21
-0.89743
  0
LINE
  8
0
 10
-6.39139
 20
-0.89743
 11
-6.38947
 21
-0.900208
  0
LINE
  8
0
 10
-6.38947
 20
-0.900208
 11
-6.38765
 21
-0.903061
  0
LINE
  8
0
 10
-6.38765
 20
-0.903061
 11
-6.38597
 21
-0.905991
  0
LINE
  8
0
 10
-6.38597
 20
-0.905991
 11
-6.3844
 21
-0.908981
  0
LINE
  8
0
 10
-6.3844
 20
-0.908981
 11
-6.38297
 21
-0.912048
  0
LINE
  8
0
 10
-6.38297
 20
-0.912048
 11
-6.38165
 21
-0.915161
  0
LINE
  8
0
 10
-6.38165
 20
-0.915161
 11
-6.38046
 21
-0.918335
  0
LINE
  8
0
 10
-6.38046
 20
-0.918335
 11
-6.37943
 21
-0.921539
  0
LINE
  8
0
 10
-6.37943
 20
-0.921539
 11
-6.37851
 21
-0.924805
  0
LINE
  8
0
 10
-6.37851
 20
-0.924805
 11
-6.37775
 21
-0.928101
  0
LINE
  8
0
 10
-6.37775
 20
-0.928101
 11
-6.37711
 21
-0.931412
  0
LINE
  8
0
 10
-6.37711
 20
-0.931412
 11
-6.37662
 21
-0.934753
  0
LINE
  8
0
 10
-6.37662
 20
-0.934753
 11
-6.37627
 21
-0.938126
  0
LINE
  8
0
 10
-6.37627
 20
-0.938126
 11
-6.37605
 21
-0.941498
  0
LINE
  8
0
 10
-6.37605
 20
-0.941498
 11
-6.37598
 21
-0.94487
  0
LINE
  8
0
 10
-6.37598
 20
-0.94487
 11
-6.37605
 21
-0.948257
  0
LINE
  8
0
 10
-6.37605
 20
-0.948257
 11
-6.37627
 21
-0.95163
  0
LINE
  8
0
 10
-6.37627
 20
-0.95163
 11
-6.37662
 21
-0.954987
  0
LINE
  8
0
 10
-6.37662
 20
-0.954987
 11
-6.37711
 21
-0.958328
  0
LINE
  8
0
 10
-6.37711
 20
-0.958328
 11
-6.37775
 21
-0.961655
  0
LINE
  8
0
 10
-6.37775
 20
-0.961655
 11
-6.37851
 21
-0.964951
  0
LINE
  8
0
 10
-6.37851
 20
-0.964951
 11
-6.37943
 21
-0.968201
  0
LINE
  8
0
 10
-6.37943
 20
-0.968201
 11
-6.38046
 21
-0.97142
  0
LINE
  8
0
 10
-6.38046
 20
-0.97142
 11
-6.38165
 21
-0.974579
  0
LINE
  8
0
 10
-6.38165
 20
-0.974579
 11
-6.38297
 21
-0.977707
  0
LINE
  8
0
 10
-6.38297
 20
-0.977707
 11
-6.3844
 21
-0.980759
  0
LINE
  8
0
 10
-6.3844
 20
-0.980759
 11
-6.38597
 21
-0.983749
  0
LINE
  8
0
 10
-6.38597
 20
-0.983749
 11
-6.38765
 21
-0.986679
  0
LINE
  8
0
 10
-6.38765
 20
-0.986679
 11
-6.38947
 21
-0.989532
  0
LINE
  8
0
 10
-6.38947
 20
-0.989532
 11
-6.39139
 21
-0.99231
  0
LINE
  8
0
 10
-6.39139
 20
-0.99231
 11
-6.39343
 21
-0.99501
  0
LINE
  8
0
 10
-6.39343
 20
-0.99501
 11
-6.3956
 21
-0.997604
  0
LINE
  8
0
 10
-6.3956
 20
-0.997604
 11
-6.39786
 21
-1.00012
  0
LINE
  8
0
 10
-6.39786
 20
-1.00012
 11
-6.40022
 21
-1.00253
  0
LINE
  8
0
 10
-6.40022
 20
-1.00253
 11
-6.40268
 21
-1.00485
  0
LINE
  8
0
 10
-6.40268
 20
-1.00485
 11
-6.40524
 21
-1.00706
  0
LINE
  8
0
 10
-6.40524
 20
-1.00706
 11
-6.4079
 21
-1.00916
  0
LINE
  8
0
 10
-6.4079
 20
-1.00916
 11
-6.41063
 21
-1.01115
  0
LINE
  8
0
 10
-6.41063
 20
-1.01115
 11
-6.41344
 21
-1.01302
  0
LINE
  8
0
 10
-6.41344
 20
-1.01302
 11
-6.41634
 21
-1.01477
  0
LINE
  8
0
 10
-6.41634
 20
-1.01477
 11
-6.4193
 21
-1.0164
  0
LINE
  8
0
 10
-6.4193
 20
-1.0164
 11
-6.42232
 21
-1.0179
  0
LINE
  8
0
 10
-6.42232
 20
-1.0179
 11
-6.42542
 21
-1.01927
  0
LINE
  8
0
 10
-6.42542
 20
-1.01927
 11
-6.42856
 21
-1.02052
  0
LINE
  8
0
 10
-6.42856
 20
-1.02052
 11
-6.43175
 21
-1.02164
  0
LINE
  8
0
 10
-6.43175
 20
-1.02164
 11
-6.43498
 21
-1.02261
  0
LINE
  8
0
 10
-6.43498
 20
-1.02261
 11
-6.43826
 21
-1.02345
  0
LINE
  8
0
 10
-6.43826
 20
-1.02345
 11
-6.44156
 21
-1.02415
  0
LINE
  8
0
 10
-6.44156
 20
-1.02415
 11
-6.4449
 21
-1.02472
  0
LINE
  8
0
 10
-6.4449
 20
-1.02472
 11
-6.44826
 21
-1.02515
  0
LINE
  8
0
 10
-6.44826
 20
-1.02515
 11
-6.45161
 21
-1.02542
  0
LINE
  8
0
 10
-6.45161
 20
-1.02542
 11
-6.455
 21
-1.02556
  0
LINE
  8
0
 10
-6.455
 20
-1.02556
 11
-6.45837
 21
-1.02556
  0
LINE
  8
0
 10
7.71484
 20
-1.02556
 11
7.71147
 21
-1.02542
  0
LINE
  8
0
 10
7.71147
 20
-1.02542
 11
7.7081
 21
-1.02515
  0
LINE
  8
0
 10
7.7081
 20
-1.02515
 11
7.70474
 21
-1.02472
  0
LINE
  8
0
 10
7.70474
 20
-1.02472
 11
7.70142
 21
-1.02415
  0
LINE
  8
0
 10
7.70142
 20
-1.02415
 11
7.6981
 21
-1.02345
  0
LINE
  8
0
 10
7.6981
 20
-1.02345
 11
7.69482
 21
-1.02261
  0
LINE
  8
0
 10
7.69482
 20
-1.02261
 11
7.69159
 21
-1.02164
  0
LINE
  8
0
 10
7.69159
 20
-1.02164
 11
7.6884
 21
-1.02052
  0
LINE
  8
0
 10
7.6884
 20
-1.02052
 11
7.68526
 21
-1.01927
  0
LINE
  8
0
 10
7.68526
 20
-1.01927
 11
7.68217
 21
-1.0179
  0
LINE
  8
0
 10
7.68217
 20
-1.0179
 11
7.67914
 21
-1.0164
  0
LINE
  8
0
 10
7.67914
 20
-1.0164
 11
7.67618
 21
-1.01477
  0
LINE
  8
0
 10
7.67618
 20
-1.01477
 11
7.67328
 21
-1.01302
  0
LINE
  8
0
 10
7.67328
 20
-1.01302
 11
7.67047
 21
-1.01115
  0
LINE
  8
0
 10
7.67047
 20
-1.01115
 11
7.66774
 21
-1.00916
  0
LINE
  8
0
 10
7.66774
 20
-1.00916
 11
7.66508
 21
-1.00706
  0
LINE
  8
0
 10
7.66508
 20
-1.00706
 11
7.66252
 21
-1.00485
  0
LINE
  8
0
 10
7.66252
 20
-1.00485
 11
7.66006
 21
-1.00253
  0
LINE
  8
0
 10
7.66006
 20
-1.00253
 11
7.6577
 21
-1.00012
  0
LINE
  8
0
 10
7.6577
 20
-1.00012
 11
7.65544
 21
-0.997604
  0
LINE
  8
0
 10
7.65544
 20
-0.997604
 11
7.65327
 21
-0.99501
  0
LINE
  8
0
 10
7.65327
 20
-0.99501
 11
7.65123
 21
-0.99231
  0
LINE
  8
0
 10
7.65123
 20
-0.99231
 11
7.64931
 21
-0.989532
  0
LINE
  8
0
 10
7.64931
 20
-0.989532
 11
7.64749
 21
-0.986679
  0
LINE
  8
0
 10
7.64749
 20
-0.986679
 11
7.64581
 21
-0.983749
  0
LINE
  8
0
 10
7.64581
 20
-0.983749
 11
7.64424
 21
-0.980759
  0
LINE
  8
0
 10
7.64424
 20
-0.980759
 11
7.64281
 21
-0.977707
  0
LINE
  8
0
 10
7.64281
 20
-0.977707
 11
7.64149
 21
-0.974579
  0
LINE
  8
0
 10
7.64149
 20
-0.974579
 11
7.64032
 21
-0.97142
  0
LINE
  8
0
 10
7.64032
 20
-0.97142
 11
7.63927
 21
-0.968201
  0
LINE
  8
0
 10
7.63927
 20
-0.968201
 11
7.63835
 21
-0.964951
  0
LINE
  8
0
 10
7.63835
 20
-0.964951
 11
7.63759
 21
-0.961655
  0
LINE
  8
0
 10
7.63759
 20
-0.961655
 11
7.63695
 21
-0.958328
  0
LINE
  8
0
 10
7.63695
 20
-0.958328
 11
7.63646
 21
-0.954987
  0
LINE
  8
0
 10
7.63646
 20
-0.954987
 11
7.63611
 21
-0.95163
  0
LINE
  8
0
 10
7.63611
 20
-0.95163
 11
7.63589
 21
-0.948257
  0
LINE
  8
0
 10
7.63589
 20
-0.948257
 11
7.63582
 21
-0.94487
  0
LINE
  8
0
 10
7.63582
 20
-0.94487
 11
7.63589
 21
-0.941498
  0
LINE
  8
0
 10
7.63589
 20
-0.941498
 11
7.63611
 21
-0.938126
  0
LINE
  8
0
 10
7.63611
 20
-0.938126
 11
7.63646
 21
-0.934753
  0
LINE
  8
0
 10
7.63646
 20
-0.934753
 11
7.63695
 21
-0.931412
  0
LINE
  8
0
 10
7.63695
 20
-0.931412
 11
7.63759
 21
-0.928101
  0
LINE
  8
0
 10
7.63759
 20
-0.928101
 11
7.63835
 21
-0.924805
  0
LINE
  8
0
 10
7.63835
 20
-0.924805
 11
7.63927
 21
-0.921539
  0
LINE
  8
0
 10
7.63927
 20
-0.921539
 11
7.64032
 21
-0.918335
  0
LINE
  8
0
 10
7.64032
 20
-0.918335
 11
7.64149
 21
-0.915161
  0
LINE
  8
0
 10
7.64149
 20
-0.915161
 11
7.64281
 21
-0.912048
  0
LINE
  8
0
 10
7.64281
 20
-0.912048
 11
7.64424
 21
-0.908981
  0
LINE
  8
0
 10
7.64424
 20
-0.908981
 11
7.64581
 21
-0.905991
  0
LINE
  8
0
 10
7.64581
 20
-0.905991
 11
7.64749
 21
-0.903061
  0
LINE
  8
0
 10
7.64749
 20
-0.903061
 11
7.64931
 21
-0.900208
  0
LINE
  8
0
 10
7.64931
 20
-0.900208
 11
7.65123
 21
-0.89743
  0
LINE
  8
0
 10
7.65123
 20
-0.89743
 11
7.65327
 21
-0.894745
  0
LINE
  8
0
 10
7.65327
 20
-0.894745
 11
7.65544
 21
-0.892136
  0
LINE
  8
0
 10
7.65544
 20
-0.892136
 11
7.6577
 21
-0.889618
  0
LINE
  8
0
 10
7.6577
 20
-0.889618
 11
7.66006
 21
-0.887207
  0
LINE
  8
0
 10
7.66006
 20
-0.887207
 11
7.66252
 21
-0.884903
  0
LINE
  8
0
 10
7.66252
 20
-0.884903
 11
7.66508
 21
-0.88269
  0
LINE
  8
0
 10
7.66508
 20
-0.88269
 11
7.66774
 21
-0.880585
  0
LINE
  8
0
 10
7.66774
 20
-0.880585
 11
7.67047
 21
-0.878601
  0
LINE
  8
0
 10
7.67047
 20
-0.878601
 11
7.67328
 21
-0.876724
  0
LINE
  8
0
 10
7.67328
 20
-0.876724
 11
7.67618
 21
-0.874985
  0
LINE
  8
0
 10
7.67618
 20
-0.874985
 11
7.67914
 21
-0.873352
  0
LINE
  8
0
 10
7.67914
 20
-0.873352
 11
7.68217
 21
-0.871841
  0
LINE
  8
0
 10
7.68217
 20
-0.871841
 11
7.68526
 21
-0.870468
  0
LINE
  8
0
 10
7.68526
 20
-0.870468
 11
7.6884
 21
-0.869232
  0
LINE
  8
0
 10
7.6884
 20
-0.869232
 11
7.69159
 21
-0.868118
  0
LINE
  8
0
 10
7.69159
 20
-0.868118
 11
7.69482
 21
-0.867142
  0
LINE
  8
0
 10
7.69482
 20
-0.867142
 11
7.6981
 21
-0.866302
  0
LINE
  8
0
 10
7.6981
 20
-0.866302
 11
7.70142
 21
-0.865601
  0
LINE
  8
0
 10
7.70142
 20
-0.865601
 11
7.70474
 21
-0.865036
  0
LINE
  8
0
 10
7.70474
 20
-0.865036
 11
7.7081
 21
-0.864609
  0
LINE
  8
0
 10
7.7081
 20
-0.864609
 11
7.71147
 21
-0.864319
  0
LINE
  8
0
 10
7.71147
 20
-0.864319
 11
7.71484
 21
-0.864182
  0
LINE
  8
0
 10
7.71484
 20
-0.864182
 11
7.71822
 21
-0.864182
  0
LINE
  8
0
 10
7.71822
 20
-0.864182
 11
7.7216
 21
-0.864319
  0
LINE
  8
0
 10
7.7216
 20
-0.864319
 11
7.72498
 21
-0.864609
  0
LINE
  8
0
 10
7.72498
 20
-0.864609
 11
7.72832
 21
-0.865036
  0
LINE
  8
0
 10
7.72832
 20
-0.865036
 11
7.73166
 21
-0.865601
  0
LINE
  8
0
 10
7.73166
 20
-0.865601
 11
7.73495
 21
-0.866302
  0
LINE
  8
0
 10
7.73495
 20
-0.866302
 11
7.73824
 21
-0.867142
  0
LINE
  8
0
 10
7.73824
 20
-0.867142
 11
7.74147
 21
-0.868118
  0
LINE
  8
0
 10
7.74147
 20
-0.868118
 11
7.74466
 21
-0.869232
  0
LINE
  8
0
 10
7.74466
 20
-0.869232
 11
7.7478
 21
-0.870468
  0
LINE
  8
0
 10
7.7478
 20
-0.870468
 11
7.7509
 21
-0.871841
  0
LINE
  8
0
 10
7.7509
 20
-0.871841
 11
7.75392
 21
-0.873352
  0
LINE
  8
0
 10
7.75392
 20
-0.873352
 11
7.75688
 21
-0.874985
  0
LINE
  8
0
 10
7.75688
 20
-0.874985
 11
7.75978
 21
-0.876724
  0
LINE
  8
0
 10
7.75978
 20
-0.876724
 11
7.76259
 21
-0.878601
  0
LINE
  8
0
 10
7.76259
 20
-0.878601
 11
7.76534
 21
-0.880585
  0
LINE
  8
0
 10
7.76534
 20
-0.880585
 11
7.76797
 21
-0.88269
  0
LINE
  8
0
 10
7.76797
 20
-0.88269
 11
7.77054
 21
-0.884903
  0
LINE
  8
0
 10
7.77054
 20
-0.884903
 11
7.77299
 21
-0.887207
  0
LINE
  8
0
 10
7.77299
 20
-0.887207
 11
7.77536
 21
-0.889618
  0
LINE
  8
0
 10
7.77536
 20
-0.889618
 11
7.77763
 21
-0.892136
  0
LINE
  8
0
 10
7.77763
 20
-0.892136
 11
7.77979
 21
-0.894745
  0
LINE
  8
0
 10
7.77979
 20
-0.894745
 11
7.78183
 21
-0.89743
  0
LINE
  8
0
 10
7.78183
 20
-0.89743
 11
7.78375
 21
-0.900208
  0
LINE
  8
0
 10
7.78375
 20
-0.900208
 11
7.78557
 21
-0.903061
  0
LINE
  8
0
 10
7.78557
 20
-0.903061
 11
7.78726
 21
-0.905991
  0
LINE
  8
0
 10
7.78726
 20
-0.905991
 11
7.78882
 21
-0.908981
  0
LINE
  8
0
 10
7.78882
 20
-0.908981
 11
7.79027
 21
-0.912048
  0
LINE
  8
0
 10
7.79027
 20
-0.912048
 11
7.79158
 21
-0.915161
  0
LINE
  8
0
 10
7.79158
 20
-0.915161
 11
7.79276
 21
-0.918335
  0
LINE
  8
0
 10
7.79276
 20
-0.918335
 11
7.79379
 21
-0.921539
  0
LINE
  8
0
 10
7.79379
 20
-0.921539
 11
7.79471
 21
-0.924805
  0
LINE
  8
0
 10
7.79471
 20
-0.924805
 11
7.79547
 21
-0.928101
  0
LINE
  8
0
 10
7.79547
 20
-0.928101
 11
7.79611
 21
-0.931412
  0
LINE
  8
0
 10
7.79611
 20
-0.931412
 11
7.7966
 21
-0.934753
  0
LINE
  8
0
 10
7.7966
 20
-0.934753
 11
7.79695
 21
-0.938126
  0
LINE
  8
0
 10
7.79695
 20
-0.938126
 11
7.79716
 21
-0.941498
  0
LINE
  8
0
 10
7.79716
 20
-0.941498
 11
7.79724
 21
-0.94487
  0
LINE
  8
0
 10
7.79724
 20
-0.94487
 11
7.79716
 21
-0.948257
  0
LINE
  8
0
 10
7.79716
 20
-0.948257
 11
7.79695
 21
-0.95163
  0
LINE
  8
0
 10
7.79695
 20
-0.95163
 11
7.7966
 21
-0.954987
  0
LINE
  8
0
 10
7.7966
 20
-0.954987
 11
7.79611
 21
-0.958328
  0
LINE
  8
0
 10
7.79611
 20
-0.958328
 11
7.79547
 21
-0.961655
  0
LINE
  8
0
 10
7.79547
 20
-0.961655
 11
7.79471
 21
-0.964951
  0
LINE
  8
0
 10
7.79471
 20
-0.964951
 11
7.79379
 21
-0.968201
  0
LINE
  8
0
 10
7.79379
 20
-0.968201
 11
7.79276
 21
-0.97142
  0
LINE
  8
0
 10
7.79276
 20
-0.97142
 11
7.79158
 21
-0.974579
  0
LINE
  8
0
 10
7.79158
 20
-0.974579
 11
7.79027
 21
-0.977707
  0
LINE
  8
0
 10
7.79027
 20
-0.977707
 11
7.78882
 21
-0.980759
  0
LINE
  8
0
 10
7.78882
 20
-0.980759
 11
7.78726
 21
-0.983749
  0
LINE
  8
0
 10
7.78726
 20
-0.983749
 11
7.78557
 21
-0.986679
  0
LINE
  8
0
 10
7.78557
 20
-0.986679
 11
7.78375
 21
-0.989532
  0
LINE
  8
0
 10
7.78375
 20
-0.989532
 11
7.78183
 21
-0.99231
  0
LINE
  8
0
 10
7.78183
 20
-0.99231
 11
7.77979
 21
-0.99501
  0
LINE
  8
0
 10
7.77979
 20
-0.99501
 11
7.77763
 21
-0.997604
  0
LINE
  8
0
 10
7.77763
 20
-0.997604
 11
7.77536
 21
-1.00012
  0
LINE
  8
0
 10
7.77536
 20
-1.00012
 11
7.77299
 21
-1.00253
  0
LINE
  8
0
 10
7.77299
 20
-1.00253
 11
7.77054
 21
-1.00485
  0
LINE
  8
0
 10
7.77054
 20
-1.00485
 11
7.76797
 21
-1.00706
  0
LINE
  8
0
 10
7.76797
 20
-1.00706
 11
7.76534
 21
-1.00916
  0
LINE
  8
0
 10
7.76534
 20
-1.00916
 11
7.76259
 21
-1.01115
  0
LINE
  8
0
 10
7.76259
 20
-1.01115
 11
7.75978
 21
-1.01302
  0
LINE
  8
0
 10
7.75978
 20
-1.01302
 11
7.75688
 21
-1.01477
  0
LINE
  8
0
 10
7.75688
 20
-1.01477
 11
7.75392
 21
-1.0164
  0
LINE
  8
0
 10
7.75392
 20
-1.0164
 11
7.7509
 21
-1.0179
  0
LINE
  8
0
 10
7.7509
 20
-1.0179
 11
7.7478
 21
-1.01927
  0
LINE
  8
0
 10
7.7478
 20
-1.01927
 11
7.74466
 21
-1.02052
  0
LINE
  8
0
 10
7.74466
 20
-1.02052
 11
7.74147
 21
-1.02164
  0
LINE
  8
0
 10
7.74147
 20
-1.02164
 11
7.73824
 21
-1.02261
  0
LINE
  8
0
 10
7.73824
 20
-1.02261
 11
7.73495
 21
-1.02345
  0
LINE
  8
0
 10
7.73495
 20
-1.02345
 11
7.73166
 21
-1.02415
  0
LINE
  8
0
 10
7.73166
 20
-1.02415
 11
7.72832
 21
-1.02472
  0
LINE
  8
0
 10
7.72832
 20
-1.02472
 11
7.72498
 21
-1.02515
  0
LINE
  8
0
 10
7.72498
 20
-1.02515
 11
7.7216
 21
-1.02542
  0
LINE
  8
0
 10
7.7216
 20
-1.02542
 11
7.71822
 21
-1.02556
  0
LINE
  8
0
 10
7.71822
 20
-1.02556
 11
7.71484
 21
-1.02556
  0
LINE
  8
0
 10
-7.71822
 20
-1.02556
 11
-7.7216
 21
-1.02542
  0
LINE
  8
0
 10
-7.7216
 20
-1.02542
 11
-7.72498
 21
-1.02515
  0
LINE
  8
0
 10
-7.72498
 20
-1.02515
 11
-7.72832
 21
-1.02472
  0
LINE
  8
0
 10
-7.72832
 20
-1.02472
 11
-7.73166
 21
-1.02415
  0
LINE
  8
0
 10
-7.73166
 20
-1.02415
 11
-7.73495
 21
-1.02345
  0
LINE
  8
0
 10
-7.73495
 20
-1.02345
 11
-7.73824
 21
-1.02261
  0
LINE
  8
0
 10
-7.73824
 20
-1.02261
 11
-7.74147
 21
-1.02164
  0
LINE
  8
0
 10
-7.74147
 20
-1.02164
 11
-7.74466
 21
-1.02052
  0
LINE
  8
0
 10
-7.74466
 20
-1.02052
 11
-7.7478
 21
-1.01927
  0
LINE
  8
0
 10
-7.7478
 20
-1.01927
 11
-7.7509
 21
-1.0179
  0
LINE
  8
0
 10
-7.7509
 20
-1.0179
 11
-7.75392
 21
-1.0164
  0
LINE
  8
0
 10
-7.75392
 20
-1.0164
 11
-7.75688
 21
-1.01477
  0
LINE
  8
0
 10
-7.75688
 20
-1.01477
 11
-7.75978
 21
-1.01302
  0
LINE
  8
0
 10
-7.75978
 20
-1.01302
 11
-7.76259
 21
-1.01115
  0
LINE
  8
0
 10
-7.76259
 20
-1.01115
 11
-7.76534
 21
-1.00916
  0
LINE
  8
0
 10
-7.76534
 20
-1.00916
 11
-7.76797
 21
-1.00706
  0
LINE
  8
0
 10
-7.76797
 20
-1.00706
 11
-7.77054
 21
-1.00485
  0
LINE
  8
0
 10
-7.77054
 20
-1.00485
 11
-7.77299
 21
-1.00253
  0
LINE
  8
0
 10
-7.77299
 20
-1.00253
 11
-7.77536
 21
-1.00012
  0
LINE
  8
0
 10
-7.77536
 20
-1.00012
 11
-7.77763
 21
-0.997604
  0
LINE
  8
0
 10
-7.77763
 20
-0.997604
 11
-7.77979
 21
-0.99501
  0
LINE
  8
0
 10
-7.77979
 20
-0.99501
 11
-7.78183
 21
-0.99231
  0
LINE
  8
0
 10
-7.78183
 20
-0.99231
 11
-7.78375
 21
-0.989532
  0
LINE
  8
0
 10
-7.78375
 20
-0.989532
 11
-7.78557
 21
-0.986679
  0
LINE
  8
0
 10
-7.78557
 20
-0.986679
 11
-7.78726
 21
-0.983749
  0
LINE
  8
0
 10
-7.78726
 20
-0.983749
 11
-7.78882
 21
-0.980759
  0
LINE
  8
0
 10
-7.78882
 20
-0.980759
 11
-7.79027
 21
-0.977707
  0
LINE
  8
0
 10
-7.79027
 20
-0.977707
 11
-7.79158
 21
-0.974579
  0
LINE
  8
0
 10
-7.79158
 20
-0.974579
 11
-7.79276
 21
-0.97142
  0
LINE
  8
0
 10
-7.79276
 20
-0.97142
 11
-7.79379
 21
-0.968201
  0
LINE
  8
0
 10
-7.79379
 20
-0.968201
 11
-7.79471
 21
-0.964951
  0
LINE
  8
0
 10
-7.79471
 20
-0.964951
 11
-7.79547
 21
-0.961655
  0
LINE
  8
0
 10
-7.79547
 20
-0.961655
 11
-7.79611
 21
-0.958328
  0
LINE
  8
0
 10
-7.79611
 20
-0.958328
 11
-7.7966
 21
-0.954987
  0
LINE
  8
0
 10
-7.7966
 20
-0.954987
 11
-7.79695
 21
-0.95163
  0
LINE
  8
0
 10
-7.79695
 20
-0.95163
 11
-7.79716
 21
-0.948257
  0
LINE
  8
0
 10
-7.79716
 20
-0.948257
 11
-7.79724
 21
-0.94487
  0
LINE
  8
0
 10
-7.79724
 20
-0.94487
 11
-7.79716
 21
-0.941498
  0
LINE
  8
0
 10
-7.79716
 20
-0.941498
 11
-7.79695
 21
-0.938126
  0
LINE
  8
0
 10
-7.79695
 20
-0.938126
 11
-7.7966
 21
-0.934753
  0
LINE
  8
0
 10
-7.7966
 20
-0.934753
 11
-7.79611
 21
-0.931412
  0
LINE
  8
0
 10
-7.79611
 20
-0.931412
 11
-7.79547
 21
-0.928101
  0
LINE
  8
0
 10
-7.79547
 20
-0.928101
 11
-7.79471
 21
-0.924805
  0
LINE
  8
0
 10
-7.79471
 20
-0.924805
 11
-7.79379
 21
-0.921539
  0
LINE
  8
0
 10
-7.79379
 20
-0.921539
 11
-7.79276
 21
-0.918335
  0
LINE
  8
0
 10
-7.79276
 20
-0.918335
 11
-7.79158
 21
-0.915161
  0
LINE
  8
0
 10
-7.79158
 20
-0.915161
 11
-7.79027
 21
-0.912048
  0
LINE
  8
0
 10
-7.79027
 20
-0.912048
 11
-7.78882
 21
-0.908981
  0
LINE
  8
0
 10
-7.78882
 20
-0.908981
 11
-7.78726
 21
-0.905991
  0
LINE
  8
0
 10
-7.78726
 20
-0.905991
 11
-7.78557
 21
-0.903061
  0
LINE
  8
0
 10
-7.78557
 20
-0.903061
 11
-7.78375
 21
-0.900208
  0
LINE
  8
0
 10
-7.78375
 20
-0.900208
 11
-7.78183
 21
-0.89743
  0
LINE
  8
0
 10
-7.78183
 20
-0.89743
 11
-7.77979
 21
-0.894745
  0
LINE
  8
0
 10
-7.77979
 20
-0.894745
 11
-7.77763
 21
-0.892136
  0
LINE
  8
0
 10
-7.77763
 20
-0.892136
 11
-7.77536
 21
-0.889618
  0
LINE
  8
0
 10
-7.77536
 20
-0.889618
 11
-7.77299
 21
-0.887207
  0
LINE
  8
0
 10
-7.77299
 20
-0.887207
 11
-7.77054
 21
-0.884903
  0
LINE
  8
0
 10
-7.77054
 20
-0.884903
 11
-7.76797
 21
-0.88269
  0
LINE
  8
0
 10
-7.76797
 20
-0.88269
 11
-7.76534
 21
-0.880585
  0
LINE
  8
0
 10
-7.76534
 20
-0.880585
 11
-7.76259
 21
-0.878601
  0
LINE
  8
0
 10
-7.76259
 20
-0.878601
 11
-7.75978
 21
-0.876724
  0
LINE
  8
0
 10
-7.75978
 20
-0.876724
 11
-7.75688
 21
-0.874985
  0
LINE
  8
0
 10
-7.75688
 20
-0.874985
 11
-7.75392
 21
-0.873352
  0
LINE
  8
0
 10
-7.75392
 20
-0.873352
 11
-7.7509
 21
-0.871841
  0
LINE
  8
0
 10
-7.7509
 20
-0.871841
 11
-7.7478
 21
-0.870468
  0
LINE
  8
0
 10
-7.7478
 20
-0.870468
 11
-7.74466
 21
-0.869232
  0
LINE
  8
0
 10
-7.74466
 20
-0.869232
 11
-7.74147
 21
-0.868118
  0
LINE
  8
0
 10
-7.74147
 20
-0.868118
 11
-7.73824
 21
-0.867142
  0
LINE
  8
0
 10
-7.73824
 20
-0.867142
 11
-7.73495
 21
-0.866302
  0
LINE
  8
0
 10
-7.73495
 20
-0.866302
 11
-7.73166
 21
-0.865601
  0
LINE
  8
0
 10
-7.73166
 20
-0.865601
 11
-7.72832
 21
-0.865036
  0
LINE
  8
0
 10
-7.72832
 20
-0.865036
 11
-7.72498
 21
-0.864609
  0
LINE
  8
0
 10
-7.72498
 20
-0.864609
 11
-7.7216
 21
-0.864319
  0
LINE
  8
0
 10
-7.7216
 20
-0.864319
 11
-7.71822
 21
-0.864182
  0
LINE
  8
0
 10
-7.71822
 20
-0.864182
 11
-7.71484
 21
-0.864182
  0
LINE
  8
0
 10
-7.71484
 20
-0.864182
 11
-7.71147
 21
-0.864319
  0
LINE
  8
0
 10
-7.71147
 20
-0.864319
 11
-7.7081
 21
-0.864609
  0
LINE
  8
0
 10
-7.7081
 20
-0.864609
 11
-7.70474
 21
-0.865036
  0
LINE
  8
0
 10
-7.70474
 20
-0.865036
 11
-7.70142
 21
-0.865601
  0
LINE
  8
0
 10
-7.70142
 20
-0.865601
 11
-7.6981
 21
-0.866302
  0
LINE
  8
0
 10
-7.6981
 20
-0.866302
 11
-7.69482
 21
-0.867142
  0
LINE
  8
0
 10
-7.69482
 20
-0.867142
 11
-7.69159
 21
-0.868118
  0
LINE
  8
0
 10
-7.69159
 20
-0.868118
 11
-7.6884
 21
-0.869232
  0
LINE
  8
0
 10
-7.6884
 20
-0.869232
 11
-7.68526
 21
-0.870468
  0
LINE
  8
0
 10
-7.68526
 20
-0.870468
 11
-7.68217
 21
-0.871841
  0
LINE
  8
0
 10
-7.68217
 20
-0.871841
 11
-7.67914
 21
-0.873352
  0
LINE
  8
0
 10
-7.67914
 20
-0.873352
 11
-7.67618
 21
-0.874985
  0
LINE
  8
0
 10
-7.67618
 20
-0.874985
 11
-7.67328
 21
-0.876724
  0
LINE
  8
0
 10
-7.67328
 20
-0.876724
 11
-7.67047
 21
-0.878601
  0
LINE
  8
0
 10
-7.67047
 20
-0.878601
 11
-7.66774
 21
-0.880585
  0
LINE
  8
0
 10
-7.66774
 20
-0.880585
 11
-7.66508
 21
-0.88269
  0
LINE
  8
0
 10
-7.66508
 20
-0.88269
 11
-7.66252
 21
-0.884903
  0
LINE
  8
0
 10
-7.66252
 20
-0.884903
 11
-7.66006
 21
-0.887207
  0
LINE
  8
0
 10
-7.66006
 20
-0.887207
 11
-7.6577
 21
-0.889618
  0
LINE
  8
0
 10
-7.6577
 20
-0.889618
 11
-7.65544
 21
-0.892136
  0
LINE
  8
0
 10
-7.65544
 20
-0.892136
 11
-7.65327
 21
-0.894745
  0
LINE
  8
0
 10
-7.65327
 20
-0.894745
 11
-7.65123
 21
-0.89743
  0
LINE
  8
0
 10
-7.65123
 20
-0.89743
 11
-7.64931
 21
-0.900208
  0
LINE
  8
0
 10
-7.64931
 20
-0.900208
 11
-7.64749
 21
-0.903061
  0
LINE
  8
0
 10
-7.64749
 20
-0.903061
 11
-7.64581
 21
-0.905991
  0
LINE
  8
0
 10
-7.64581
 20
-0.905991
 11
-7.64424
 21
-0.908981
  0
LINE
  8
0
 10
-7.64424
 20
-0.908981
 11
-7.64281
 21
-0.912048
  0
LINE
  8
0
 10
-7.64281
 20
-0.912048
 11
-7.64149
 21
-0.915161
  0
LINE
  8
0
 10
-7.64149
 20
-0.915161
 11
-7.64032
 21
-0.918335
  0
LINE
  8
0
 10
-7.64032
 20
-0.918335
 11
-7.63927
 21
-0.921539
  0
LINE
  8
0
 10
-7.63927
 20
-0.921539
 11
-7.63835
 21
-0.924805
  0
LINE
  8
0
 10
-7.63835
 20
-0.924805
 11
-7.63759
 21
-0.928101
  0
LINE
  8
0
 10
-7.63759
 20
-0.928101
 11
-7.63695
 21
-0.931412
  0
LINE
  8
0
 10
-7.63695
 20
-0.931412
 11
-7.63646
 21
-0.934753
  0
LINE
  8
0
 10
-7.63646
 20
-0.934753
 11
-7.63611
 21
-0.938126
  0
LINE
  8
0
 10
-7.63611
 20
-0.938126
 11
-7.63589
 21
-0.941498
  0
LINE
  8
0
 10
-7.63589
 20
-0.941498
 11
-7.63582
 21
-0.94487
  0
LINE
  8
0
 10
-7.63582
 20
-0.94487
 11
-7.63589
 21
-0.948257
  0
LINE
  8
0
 10
-7.63589
 20
-0.948257
 11
-7.63611
 21
-0.95163
  0
LINE
  8
0
 10
-7.63611
 20
-0.95163
 11
-7.63646
 21
-0.954987
  0
LINE
  8
0
 10
-7.63646
 20
-0.954987
 11
-7.63695
 21
-0.958328
  0
LINE
  8
0
 10
-7.63695
 20
-0.958328
 11
-7.63759
 21
-0.961655
  0
LINE
  8
0
 10
-7.63759
 20
-0.961655
 11
-7.63835
 21
-0.964951
  0
LINE
  8
0
 10
-7.63835
 20
-0.964951
 11
-7.63927
 21
-0.968201
  0
LINE
  8
0
 10
-7.63927
 20
-0.968201
 11
-7.64032
 21
-0.97142
  0
LINE
  8
0
 10
-7.64032
 20
-0.97142
 11
-7.64149
 21
-0.974579
  0
LINE
  8
0
 10
-7.64149
 20
-0.974579
 11
-7.64281
 21
-0.977707
  0
LINE
  8
0
 10
-7.64281
 20
-0.977707
 11
-7.64424
 21
-0.980759
  0
LINE
  8
0
 10
-7.64424
 20
-0.980759
 11
-7.64581
 21
-0.983749
  0
LINE
  8
0
 10
-7.64581
 20
-0.983749
 11
-7.64749
 21
-0.986679
  0
LINE
  8
0
 10
-7.64749
 20
-0.986679
 11
-7.64931
 21
-0.989532
  0
LINE
  8
0
 10
-7.64931
 20
-0.989532
 11
-7.65123
 21
-0.99231
  0
LINE
  8
0
 10
-7.65123
 20
-0.99231
 11
-7.65327
 21
-0.99501
  0
LINE
  8
0
 10
-7.65327
 20
-0.99501
 11
-7.65544
 21
-0.997604
  0
LINE
  8
0
 10
-7.65544
 20
-0.997604
 11
-7.6577
 21
-1.00012
  0
LINE
  8
0
 10
-7.6577
 20
-1.00012
 11
-7.66006
 21
-1.00253
  0
LINE
  8
0
 10
-7.66006
 20
-1.00253
 11
-7.66252
 21
-1.00485
  0
LINE
  8
0
 10
-7.66252
 20
-1.00485
 11
-7.66508
 21
-1.00706
  0
LINE
  8
0
 10
-7.66508
 20
-1.00706
 11
-7.66774
 21
-1.00916
  0
LINE
  8
0
 10
-7.66774
 20
-1.00916
 11
-7.67047
 21
-1.01115
  0
LINE
  8
0
 10
-7.67047
 20
-1.01115
 11
-7.67328
 21
-1.01302
  0
LINE
  8
0
 10
-7.67328
 20
-1.01302
 11
-7.67618
 21
-1.01477
  0
LINE
  8
0
 10
-7.67618
 20
-1.01477
 11
-7.67914
 21
-1.0164
  0
LINE
  8
0
 10
-7.67914
 20
-1.0164
 11
-7.68217
 21
-1.0179
  0
LINE
  8
0
 10
-7.68217
 20
-1.0179
 11
-7.68526
 21
-1.01927
  0
LINE
  8
0
 10
-7.68526
 20
-1.01927
 11
-7.6884
 21
-1.02052
  0
LINE
  8
0
 10
-7.6884
 20
-1.02052
 11
-7.69159
 21
-1.02164
  0
LINE
  8
0
 10
-7.69159
 20
-1.02164
 11
-7.69482
 21
-1.02261
  0
LINE
  8
0
 10
-7.69482
 20
-1.02261
 11
-7.6981
 21
-1.02345
  0
LINE
  8
0
 10
-7.6981
 20
-1.02345
 11
-7.70142
 21
-1.02415
  0
LINE
  8
0
 10
-7.70142
 20
-1.02415
 11
-7.70474
 21
-1.02472
  0
LINE
  8
0
 10
-7.70474
 20
-1.02472
 11
-7.7081
 21
-1.02515
  0
LINE
  8
0
 10
-7.7081
 20
-1.02515
 11
-7.71147
 21
-1.02542
  0
LINE
  8
0
 10
-7.71147
 20
-1.02542
 11
-7.71484
 21
-1.02556
  0
LINE
  8
0
 10
-7.71484
 20
-1.02556
 11
-7.71822
 21
-1.02556
  0
LINE
  8
0
 10
6.455
 20
-1.34053
 11
6.45161
 21
-1.34038
  0
LINE
  8
0
 10
6.45161
 20
-1.34038
 11
6.44826
 21
-1.3401
  0
LINE
  8
0
 10
6.44826
 20
-1.3401
 11
6.4449
 21
-1.33968
  0
LINE
  8
0
 10
6.4449
 20
-1.33968
 11
6.44156
 21
-1.33911
  0
LINE
  8
0
 10
6.44156
 20
-1.33911
 11
6.43826
 21
-1.33841
  0
LINE
  8
0
 10
6.43826
 20
-1.33841
 11
6.43498
 21
-1.33757
  0
LINE
  8
0
 10
6.43498
 20
-1.33757
 11
6.43175
 21
-1.33659
  0
LINE
  8
0
 10
6.43175
 20
-1.33659
 11
6.42856
 21
-1.33548
  0
LINE
  8
0
 10
6.42856
 20
-1.33548
 11
6.42542
 21
-1.33424
  0
LINE
  8
0
 10
6.42542
 20
-1.33424
 11
6.42232
 21
-1.33286
  0
LINE
  8
0
 10
6.42232
 20
-1.33286
 11
6.4193
 21
-1.33136
  0
LINE
  8
0
 10
6.4193
 20
-1.33136
 11
6.41634
 21
-1.32973
  0
LINE
  8
0
 10
6.41634
 20
-1.32973
 11
6.41344
 21
-1.32797
  0
LINE
  8
0
 10
6.41344
 20
-1.32797
 11
6.41063
 21
-1.32611
  0
LINE
  8
0
 10
6.41063
 20
-1.32611
 11
6.4079
 21
-1.32413
  0
LINE
  8
0
 10
6.4079
 20
-1.32413
 11
6.40524
 21
-1.32202
  0
LINE
  8
0
 10
6.40524
 20
-1.32202
 11
6.40268
 21
-1.31981
  0
LINE
  8
0
 10
6.40268
 20
-1.31981
 11
6.40022
 21
-1.3175
  0
LINE
  8
0
 10
6.40022
 20
-1.3175
 11
6.39786
 21
-1.31508
  0
LINE
  8
0
 10
6.39786
 20
-1.31508
 11
6.3956
 21
-1.31258
  0
LINE
  8
0
 10
6.3956
 20
-1.31258
 11
6.39343
 21
-1.30997
  0
LINE
  8
0
 10
6.39343
 20
-1.30997
 11
6.39139
 21
-1.30728
  0
LINE
  8
0
 10
6.39139
 20
-1.30728
 11
6.38947
 21
-1.3045
  0
LINE
  8
0
 10
6.38947
 20
-1.3045
 11
6.38765
 21
-1.30165
  0
LINE
  8
0
 10
6.38765
 20
-1.30165
 11
6.38597
 21
-1.29872
  0
LINE
  8
0
 10
6.38597
 20
-1.29872
 11
6.3844
 21
-1.29572
  0
LINE
  8
0
 10
6.3844
 20
-1.29572
 11
6.38297
 21
-1.29266
  0
LINE
  8
0
 10
6.38297
 20
-1.29266
 11
6.38165
 21
-1.28955
  0
LINE
  8
0
 10
6.38165
 20
-1.28955
 11
6.38046
 21
-1.28638
  0
LINE
  8
0
 10
6.38046
 20
-1.28638
 11
6.37943
 21
-1.28316
  0
LINE
  8
0
 10
6.37943
 20
-1.28316
 11
6.37851
 21
-1.27991
  0
LINE
  8
0
 10
6.37851
 20
-1.27991
 11
6.37775
 21
-1.27661
  0
LINE
  8
0
 10
6.37775
 20
-1.27661
 11
6.37711
 21
-1.2733
  0
LINE
  8
0
 10
6.37711
 20
-1.2733
 11
6.37662
 21
-1.26994
  0
LINE
  8
0
 10
6.37662
 20
-1.26994
 11
6.37627
 21
-1.26659
  0
LINE
  8
0
 10
6.37627
 20
-1.26659
 11
6.37605
 21
-1.26321
  0
LINE
  8
0
 10
6.37605
 20
-1.26321
 11
6.37598
 21
-1.25984
  0
LINE
  8
0
 10
6.37598
 20
-1.25984
 11
6.37605
 21
-1.25645
  0
LINE
  8
0
 10
6.37605
 20
-1.25645
 11
6.37627
 21
-1.25308
  0
LINE
  8
0
 10
6.37627
 20
-1.25308
 11
6.37662
 21
-1.24973
  0
LINE
  8
0
 10
6.37662
 20
-1.24973
 11
6.37711
 21
-1.24637
  0
LINE
  8
0
 10
6.37711
 20
-1.24637
 11
6.37775
 21
-1.24306
  0
LINE
  8
0
 10
6.37775
 20
-1.24306
 11
6.37851
 21
-1.23976
  0
LINE
  8
0
 10
6.37851
 20
-1.23976
 11
6.37943
 21
-1.23651
  0
LINE
  8
0
 10
6.37943
 20
-1.23651
 11
6.38046
 21
-1.23329
  0
LINE
  8
0
 10
6.38046
 20
-1.23329
 11
6.38165
 21
-1.23012
  0
LINE
  8
0
 10
6.38165
 20
-1.23012
 11
6.38297
 21
-1.22701
  0
LINE
  8
0
 10
6.38297
 20
-1.22701
 11
6.3844
 21
-1.22395
  0
LINE
  8
0
 10
6.3844
 20
-1.22395
 11
6.38597
 21
-1.22095
  0
LINE
  8
0
 10
6.38597
 20
-1.22095
 11
6.38765
 21
-1.21803
  0
LINE
  8
0
 10
6.38765
 20
-1.21803
 11
6.38947
 21
-1.21516
  0
LINE
  8
0
 10
6.38947
 20
-1.21516
 11
6.39139
 21
-1.2124
  0
LINE
  8
0
 10
6.39139
 20
-1.2124
 11
6.39343
 21
-1.2097
  0
LINE
  8
0
 10
6.39343
 20
-1.2097
 11
6.3956
 21
-1.20709
  0
LINE
  8
0
 10
6.3956
 20
-1.20709
 11
6.39786
 21
-1.20459
  0
LINE
  8
0
 10
6.39786
 20
-1.20459
 11
6.40022
 21
-1.20216
  0
LINE
  8
0
 10
6.40022
 20
-1.20216
 11
6.40268
 21
-1.19986
  0
LINE
  8
0
 10
6.40268
 20
-1.19986
 11
6.40524
 21
-1.19765
  0
LINE
  8
0
 10
6.40524
 20
-1.19765
 11
6.4079
 21
-1.19554
  0
LINE
  8
0
 10
6.4079
 20
-1.19554
 11
6.41063
 21
-1.19356
  0
LINE
  8
0
 10
6.41063
 20
-1.19356
 11
6.41344
 21
-1.1917
  0
LINE
  8
0
 10
6.41344
 20
-1.1917
 11
6.41634
 21
-1.18994
  0
LINE
  8
0
 10
6.41634
 20
-1.18994
 11
6.4193
 21
-1.18831
  0
LINE
  8
0
 10
6.4193
 20
-1.18831
 11
6.42232
 21
-1.18681
  0
LINE
  8
0
 10
6.42232
 20
-1.18681
 11
6.42542
 21
-1.18542
  0
LINE
  8
0
 10
6.42542
 20
-1.18542
 11
6.42856
 21
-1.18419
  0
LINE
  8
0
 10
6.42856
 20
-1.18419
 11
6.43175
 21
-1.18307
  0
LINE
  8
0
 10
6.43175
 20
-1.18307
 11
6.43498
 21
-1.1821
  0
LINE
  8
0
 10
6.43498
 20
-1.1821
 11
6.43826
 21
-1.18126
  0
LINE
  8
0
 10
6.43826
 20
-1.18126
 11
6.44156
 21
-1.18056
  0
LINE
  8
0
 10
6.44156
 20
-1.18056
 11
6.4449
 21
-1.17999
  0
LINE
  8
0
 10
6.4449
 20
-1.17999
 11
6.44826
 21
-1.17957
  0
LINE
  8
0
 10
6.44826
 20
-1.17957
 11
6.45161
 21
-1.17929
  0
LINE
  8
0
 10
6.45161
 20
-1.17929
 11
6.455
 21
-1.17914
  0
LINE
  8
0
 10
6.455
 20
-1.17914
 11
6.45837
 21
-1.17914
  0
LINE
  8
0
 10
6.45837
 20
-1.17914
 11
6.46176
 21
-1.17929
  0
LINE
  8
0
 10
6.46176
 20
-1.17929
 11
6.46512
 21
-1.17957
  0
LINE
  8
0
 10
6.46512
 20
-1.17957
 11
6.46848
 21
-1.17999
  0
LINE
  8
0
 10
6.46848
 20
-1.17999
 11
6.47182
 21
-1.18056
  0
LINE
  8
0
 10
6.47182
 20
-1.18056
 11
6.47511
 21
-1.18126
  0
LINE
  8
0
 10
6.47511
 20
-1.18126
 11
6.47839
 21
-1.1821
  0
LINE
  8
0
 10
6.47839
 20
-1.1821
 11
6.48163
 21
-1.18307
  0
LINE
  8
0
 10
6.48163
 20
-1.18307
 11
6.48482
 21
-1.18419
  0
LINE
  8
0
 10
6.48482
 20
-1.18419
 11
6.48796
 21
-1.18542
  0
LINE
  8
0
 10
6.48796
 20
-1.18542
 11
6.49106
 21
-1.18681
  0
LINE
  8
0
 10
6.49106
 20
-1.18681
 11
6.49408
 21
-1.18831
  0
LINE
  8
0
 10
6.49408
 20
-1.18831
 11
6.49704
 21
-1.18994
  0
LINE
  8
0
 10
6.49704
 20
-1.18994
 11
6.49994
 21
-1.1917
  0
LINE
  8
0
 10
6.49994
 20
-1.1917
 11
6.50275
 21
-1.19356
  0
LINE
  8
0
 10
6.50275
 20
-1.19356
 11
6.50549
 21
-1.19554
  0
LINE
  8
0
 10
6.50549
 20
-1.19554
 11
6.50813
 21
-1.19765
  0
LINE
  8
0
 10
6.50813
 20
-1.19765
 11
6.5107
 21
-1.19986
  0
LINE
  8
0
 10
6.5107
 20
-1.19986
 11
6.51315
 21
-1.20216
  0
LINE
  8
0
 10
6.51315
 20
-1.20216
 11
6.51552
 21
-1.20459
  0
LINE
  8
0
 10
6.51552
 20
-1.20459
 11
6.51779
 21
-1.20709
  0
LINE
  8
0
 10
6.51779
 20
-1.20709
 11
6.51994
 21
-1.2097
  0
LINE
  8
0
 10
6.51994
 20
-1.2097
 11
6.52199
 21
-1.2124
  0
LINE
  8
0
 10
6.52199
 20
-1.2124
 11
6.52391
 21
-1.21516
  0
LINE
  8
0
 10
6.52391
 20
-1.21516
 11
6.52573
 21
-1.21803
  0
LINE
  8
0
 10
6.52573
 20
-1.21803
 11
6.52742
 21
-1.22095
  0
LINE
  8
0
 10
6.52742
 20
-1.22095
 11
6.52898
 21
-1.22395
  0
LINE
  8
0
 10
6.52898
 20
-1.22395
 11
6.53043
 21
-1.22701
  0
LINE
  8
0
 10
6.53043
 20
-1.22701
 11
6.53172
 21
-1.23012
  0
LINE
  8
0
 10
6.53172
 20
-1.23012
 11
6.53291
 21
-1.23329
  0
LINE
  8
0
 10
6.53291
 20
-1.23329
 11
6.53395
 21
-1.23651
  0
LINE
  8
0
 10
6.53395
 20
-1.23651
 11
6.53487
 21
-1.23976
  0
LINE
  8
0
 10
6.53487
 20
-1.23976
 11
6.53563
 21
-1.24306
  0
LINE
  8
0
 10
6.53563
 20
-1.24306
 11
6.53627
 21
-1.24637
  0
LINE
  8
0
 10
6.53627
 20
-1.24637
 11
6.53676
 21
-1.24973
  0
LINE
  8
0
 10
6.53676
 20
-1.24973
 11
6.53711
 21
-1.25308
  0
LINE
  8
0
 10
6.53711
 20
-1.25308
 11
6.53732
 21
-1.25645
  0
LINE
  8
0
 10
6.53732
 20
-1.25645
 11
6.5374
 21
-1.25984
  0
LINE
  8
0
 10
6.5374
 20
-1.25984
 11
6.53732
 21
-1.26321
  0
LINE
  8
0
 10
6.53732
 20
-1.26321
 11
6.53711
 21
-1.26659
  0
LINE
  8
0
 10
6.53711
 20
-1.26659
 11
6.53676
 21
-1.26994
  0
LINE
  8
0
 10
6.53676
 20
-1.26994
 11
6.53627
 21
-1.2733
  0
LINE
  8
0
 10
6.53627
 20
-1.2733
 11
6.53563
 21
-1.27661
  0
LINE
  8
0
 10
6.53563
 20
-1.27661
 11
6.53487
 21
-1.27991
  0
LINE
  8
0
 10
6.53487
 20
-1.27991
 11
6.53395
 21
-1.28316
  0
LINE
  8
0
 10
6.53395
 20
-1.28316
 11
6.53291
 21
-1.28638
  0
LINE
  8
0
 10
6.53291
 20
-1.28638
 11
6.53172
 21
-1.28955
  0
LINE
  8
0
 10
6.53172
 20
-1.28955
 11
6.53043
 21
-1.29266
  0
LINE
  8
0
 10
6.53043
 20
-1.29266
 11
6.52898
 21
-1.29572
  0
LINE
  8
0
 10
6.52898
 20
-1.29572
 11
6.52742
 21
-1.29872
  0
LINE
  8
0
 10
6.52742
 20
-1.29872
 11
6.52573
 21
-1.30165
  0
LINE
  8
0
 10
6.52573
 20
-1.30165
 11
6.52391
 21
-1.3045
  0
LINE
  8
0
 10
6.52391
 20
-1.3045
 11
6.52199
 21
-1.30728
  0
LINE
  8
0
 10
6.52199
 20
-1.30728
 11
6.51994
 21
-1.30997
  0
LINE
  8
0
 10
6.51994
 20
-1.30997
 11
6.51779
 21
-1.31258
  0
LINE
  8
0
 10
6.51779
 20
-1.31258
 11
6.51552
 21
-1.31508
  0
LINE
  8
0
 10
6.51552
 20
-1.31508
 11
6.51315
 21
-1.3175
  0
LINE
  8
0
 10
6.51315
 20
-1.3175
 11
6.5107
 21
-1.31981
  0
LINE
  8
0
 10
6.5107
 20
-1.31981
 11
6.50813
 21
-1.32202
  0
LINE
  8
0
 10
6.50813
 20
-1.32202
 11
6.50549
 21
-1.32413
  0
LINE
  8
0
 10
6.50549
 20
-1.32413
 11
6.50275
 21
-1.32611
  0
LINE
  8
0
 10
6.50275
 20
-1.32611
 11
6.49994
 21
-1.32797
  0
LINE
  8
0
 10
6.49994
 20
-1.32797
 11
6.49704
 21
-1.32973
  0
LINE
  8
0
 10
6.49704
 20
-1.32973
 11
6.49408
 21
-1.33136
  0
LINE
  8
0
 10
6.49408
 20
-1.33136
 11
6.49106
 21
-1.33286
  0
LINE
  8
0
 10
6.49106
 20
-1.33286
 11
6.48796
 21
-1.33424
  0
LINE
  8
0
 10
6.48796
 20
-1.33424
 11
6.48482
 21
-1.33548
  0
LINE
  8
0
 10
6.48482
 20
-1.33548
 11
6.48163
 21
-1.33659
  0
LINE
  8
0
 10
6.48163
 20
-1.33659
 11
6.47839
 21
-1.33757
  0
LINE
  8
0
 10
6.47839
 20
-1.33757
 11
6.47511
 21
-1.33841
  0
LINE
  8
0
 10
6.47511
 20
-1.33841
 11
6.47182
 21
-1.33911
  0
LINE
  8
0
 10
6.47182
 20
-1.33911
 11
6.46848
 21
-1.33968
  0
LINE
  8
0
 10
6.46848
 20
-1.33968
 11
6.46512
 21
-1.3401
  0
LINE
  8
0
 10
6.46512
 20
-1.3401
 11
6.46176
 21
-1.34038
  0
LINE
  8
0
 10
6.46176
 20
-1.34038
 11
6.45837
 21
-1.34053
  0
LINE
  8
0
 10
6.45837
 20
-1.34053
 11
6.455
 21
-1.34053
  0
LINE
  8
0
 10
-7.71822
 20
-1.34053
 11
-7.7216
 21
-1.34038
  0
LINE
  8
0
 10
-7.7216
 20
-1.34038
 11
-7.72498
 21
-1.3401
  0
LINE
  8
0
 10
-7.72498
 20
-1.3401
 11
-7.72832
 21
-1.33968
  0
LINE
  8
0
 10
-7.72832
 20
-1.33968
 11
-7.73166
 21
-1.33911
  0
LINE
  8
0
 10
-7.73166
 20
-1.33911
 11
-7.73495
 21
-1.33841
  0
LINE
  8
0
 10
-7.73495
 20
-1.33841
 11
-7.73824
 21
-1.33757
  0
LINE
  8
0
 10
-7.73824
 20
-1.33757
 11
-7.74147
 21
-1.33659
  0
LINE
  8
0
 10
-7.74147
 20
-1.33659
 11
-7.74466
 21
-1.33548
  0
LINE
  8
0
 10
-7.74466
 20
-1.33548
 11
-7.7478
 21
-1.33424
  0
LINE
  8
0
 10
-7.7478
 20
-1.33424
 11
-7.7509
 21
-1.33286
  0
LINE
  8
0
 10
-7.7509
 20
-1.33286
 11
-7.75392
 21
-1.33136
  0
LINE
  8
0
 10
-7.75392
 20
-1.33136
 11
-7.75688
 21
-1.32973
  0
LINE
  8
0
 10
-7.75688
 20
-1.32973
 11
-7.75978
 21
-1.32797
  0
LINE
  8
0
 10
-7.75978
 20
-1.32797
 11
-7.76259
 21
-1.32611
  0
LINE
  8
0
 10
-7.76259
 20
-1.32611
 11
-7.76534
 21
-1.32413
  0
LINE
  8
0
 10
-7.76534
 20
-1.32413
 11
-7.76797
 21
-1.32202
  0
LINE
  8
0
 10
-7.76797
 20
-1.32202
 11
-7.77054
 21
-1.31981
  0
LINE
  8
0
 10
-7.77054
 20
-1.31981
 11
-7.77299
 21
-1.3175
  0
LINE
  8
0
 10
-7.77299
 20
-1.3175
 11
-7.77536
 21
-1.31508
  0
LINE
  8
0
 10
-7.77536
 20
-1.31508
 11
-7.77763
 21
-1.31258
  0
LINE
  8
0
 10
-7.77763
 20
-1.31258
 11
-7.77979
 21
-1.30997
  0
LINE
  8
0
 10
-7.77979
 20
-1.30997
 11
-7.78183
 21
-1.30728
  0
LINE
  8
0
 10
-7.78183
 20
-1.30728
 11
-7.78375
 21
-1.3045
  0
LINE
  8
0
 10
-7.78375
 20
-1.3045
 11
-7.78557
 21
-1.30165
  0
LINE
  8
0
 10
-7.78557
 20
-1.30165
 11
-7.78726
 21
-1.29872
  0
LINE
  8
0
 10
-7.78726
 20
-1.29872
 11
-7.78882
 21
-1.29572
  0
LINE
  8
0
 10
-7.78882
 20
-1.29572
 11
-7.79027
 21
-1.29266
  0
LINE
  8
0
 10
-7.79027
 20
-1.29266
 11
-7.79158
 21
-1.28955
  0
LINE
  8
0
 10
-7.79158
 20
-1.28955
 11
-7.79276
 21
-1.28638
  0
LINE
  8
0
 10
-7.79276
 20
-1.28638
 11
-7.79379
 21
-1.28316
  0
LINE
  8
0
 10
-7.79379
 20
-1.28316
 11
-7.79471
 21
-1.27991
  0
LINE
  8
0
 10
-7.79471
 20
-1.27991
 11
-7.79547
 21
-1.27661
  0
LINE
  8
0
 10
-7.79547
 20
-1.27661
 11
-7.79611
 21
-1.2733
  0
LINE
  8
0
 10
-7.79611
 20
-1.2733
 11
-7.7966
 21
-1.26994
  0
LINE
  8
0
 10
-7.7966
 20
-1.26994
 11
-7.79695
 21
-1.26659
  0
LINE
  8
0
 10
-7.79695
 20
-1.26659
 11
-7.79716
 21
-1.26321
  0
LINE
  8
0
 10
-7.79716
 20
-1.26321
 11
-7.79724
 21
-1.25984
  0
LINE
  8
0
 10
-7.79724
 20
-1.25984
 11
-7.79716
 21
-1.25645
  0
LINE
  8
0
 10
-7.79716
 20
-1.25645
 11
-7.79695
 21
-1.25308
  0
LINE
  8
0
 10
-7.79695
 20
-1.25308
 11
-7.7966
 21
-1.24973
  0
LINE
  8
0
 10
-7.7966
 20
-1.24973
 11
-7.79611
 21
-1.24637
  0
LINE
  8
0
 10
-7.79611
 20
-1.24637
 11
-7.79547
 21
-1.24306
  0
LINE
  8
0
 10
-7.79547
 20
-1.24306
 11
-7.79471
 21
-1.23976
  0
LINE
  8
0
 10
-7.79471
 20
-1.23976
 11
-7.79379
 21
-1.23651
  0
LINE
  8
0
 10
-7.79379
 20
-1.23651
 11
-7.79276
 21
-1.23329
  0
LINE
  8
0
 10
-7.79276
 20
-1.23329
 11
-7.79158
 21
-1.23012
  0
LINE
  8
0
 10
-7.79158
 20
-1.23012
 11
-7.79027
 21
-1.22701
  0
LINE
  8
0
 10
-7.79027
 20
-1.22701
 11
-7.78882
 21
-1.22395
  0
LINE
  8
0
 10
-7.78882
 20
-1.22395
 11
-7.78726
 21
-1.22095
  0
LINE
  8
0
 10
-7.78726
 20
-1.22095
 11
-7.78557
 21
-1.21803
  0
LINE
  8
0
 10
-7.78557
 20
-1.21803
 11
-7.78375
 21
-1.21516
  0
LINE
  8
0
 10
-7.78375
 20
-1.21516
 11
-7.78183
 21
-1.2124
  0
LINE
  8
0
 10
-7.78183
 20
-1.2124
 11
-7.77979
 21
-1.2097
  0
LINE
  8
0
 10
-7.77979
 20
-1.2097
 11
-7.77763
 21
-1.20709
  0
LINE
  8
0
 10
-7.77763
 20
-1.20709
 11
-7.77536
 21
-1.20459
  0
LINE
  8
0
 10
-7.77536
 20
-1.20459
 11
-7.77299
 21
-1.20216
  0
LINE
  8
0
 10
-7.77299
 20
-1.20216
 11
-7.77054
 21
-1.19986
  0
LINE
  8
0
 10
-7.77054
 20
-1.19986
 11
-7.76797
 21
-1.19765
  0
LINE
  8
0
 10
-7.76797
 20
-1.19765
 11
-7.76534
 21
-1.19554
  0
LINE
  8
0
 10
-7.76534
 20
-1.19554
 11
-7.76259
 21
-1.19356
  0
LINE
  8
0
 10
-7.76259
 20
-1.19356
 11
-7.75978
 21
-1.1917
  0
LINE
  8
0
 10
-7.75978
 20
-1.1917
 11
-7.75688
 21
-1.18994
  0
LINE
  8
0
 10
-7.75688
 20
-1.18994
 11
-7.75392
 21
-1.18831
  0
LINE
  8
0
 10
-7.75392
 20
-1.18831
 11
-7.7509
 21
-1.18681
  0
LINE
  8
0
 10
-7.7509
 20
-1.18681
 11
-7.7478
 21
-1.18542
  0
LINE
  8
0
 10
-7.7478
 20
-1.18542
 11
-7.74466
 21
-1.18419
  0
LINE
  8
0
 10
-7.74466
 20
-1.18419
 11
-7.74147
 21
-1.18307
  0
LINE
  8
0
 10
-7.74147
 20
-1.18307
 11
-7.73824
 21
-1.1821
  0
LINE
  8
0
 10
-7.73824
 20
-1.1821
 11
-7.73495
 21
-1.18126
  0
LINE
  8
0
 10
-7.73495
 20
-1.18126
 11
-7.73166
 21
-1.18056
  0
LINE
  8
0
 10
-7.73166
 20
-1.18056
 11
-7.72832
 21
-1.17999
  0
LINE
  8
0
 10
-7.72832
 20
-1.17999
 11
-7.72498
 21
-1.17957
  0
LINE
  8
0
 10
-7.72498
 20
-1.17957
 11
-7.7216
 21
-1.17929
  0
LINE
  8
0
 10
-7.7216
 20
-1.17929
 11
-7.71822
 21
-1.17914
  0
LINE
  8
0
 10
-7.71822
 20
-1.17914
 11
-7.71484
 21
-1.17914
  0
LINE
  8
0
 10
-7.71484
 20
-1.17914
 11
-7.71147
 21
-1.17929
  0
LINE
  8
0
 10
-7.71147
 20
-1.17929
 11
-7.7081
 21
-1.17957
  0
LINE
  8
0
 10
-7.7081
 20
-1.17957
 11
-7.70474
 21
-1.17999
  0
LINE
  8
0
 10
-7.70474
 20
-1.17999
 11
-7.70142
 21
-1.18056
  0
LINE
  8
0
 10
-7.70142
 20
-1.18056
 11
-7.6981
 21
-1.18126
  0
LINE
  8
0
 10
-7.6981
 20
-1.18126
 11
-7.69482
 21
-1.1821
  0
LINE
  8
0
 10
-7.69482
 20
-1.1821
 11
-7.69159
 21
-1.18307
  0
LINE
  8
0
 10
-7.69159
 20
-1.18307
 11
-7.6884
 21
-1.18419
  0
LINE
  8
0
 10
-7.6884
 20
-1.18419
 11
-7.68526
 21
-1.18542
  0
LINE
  8
0
 10
-7.68526
 20
-1.18542
 11
-7.68217
 21
-1.18681
  0
LINE
  8
0
 10
-7.68217
 20
-1.18681
 11
-7.67914
 21
-1.18831
  0
LINE
  8
0
 10
-7.67914
 20
-1.18831
 11
-7.67618
 21
-1.18994
  0
LINE
  8
0
 10
-7.67618
 20
-1.18994
 11
-7.67328
 21
-1.1917
  0
LINE
  8
0
 10
-7.67328
 20
-1.1917
 11
-7.67047
 21
-1.19356
  0
LINE
  8
0
 10
-7.67047
 20
-1.19356
 11
-7.66774
 21
-1.19554
  0
LINE
  8
0
 10
-7.66774
 20
-1.19554
 11
-7.66508
 21
-1.19765
  0
LINE
  8
0
 10
-7.66508
 20
-1.19765
 11
-7.66252
 21
-1.19986
  0
LINE
  8
0
 10
-7.66252
 20
-1.19986
 11
-7.66006
 21
-1.20216
  0
LINE
  8
0
 10
-7.66006
 20
-1.20216
 11
-7.6577
 21
-1.20459
  0
LINE
  8
0
 10
-7.6577
 20
-1.20459
 11
-7.65544
 21
-1.20709
  0
LINE
  8
0
 10
-7.65544
 20
-1.20709
 11
-7.65327
 21
-1.2097
  0
LINE
  8
0
 10
-7.65327
 20
-1.2097
 11
-7.65123
 21
-1.2124
  0
LINE
  8
0
 10
-7.65123
 20
-1.2124
 11
-7.64931
 21
-1.21516
  0
LINE
  8
0
 10
-7.64931
 20
-1.21516
 11
-7.64749
 21
-1.21803
  0
LINE
  8
0
 10
-7.64749
 20
-1.21803
 11
-7.64581
 21
-1.22095
  0
LINE
  8
0
 10
-7.64581
 20
-1.22095
 11
-7.64424
 21
-1.22395
  0
LINE
  8
0
 10
-7.64424
 20
-1.22395
 11
-7.64281
 21
-1.22701
  0
LINE
  8
0
 10
-7.64281
 20
-1.22701
 11
-7.64149
 21
-1.23012
  0
LINE
  8
0
 10
-7.64149
 20
-1.23012
 11
-7.64032
 21
-1.23329
  0
LINE
  8
0
 10
-7.64032
 20
-1.23329
 11
-7.63927
 21
-1.23651
  0
LINE
  8
0
 10
-7.63927
 20
-1.23651
 11
-7.63835
 21
-1.23976
  0
LINE
  8
0
 10
-7.63835
 20
-1.23976
 11
-7.63759
 21
-1.24306
  0
LINE
  8
0
 10
-7.63759
 20
-1.24306
 11
-7.63695
 21
-1.24637
  0
LINE
  8
0
 10
-7.63695
 20
-1.24637
 11
-7.63646
 21
-1.24973
  0
LINE
  8
0
 10
-7.63646
 20
-1.24973
 11
-7.63611
 21
-1.25308
  0
LINE
  8
0
 10
-7.63611
 20
-1.25308
 11
-7.63589
 21
-1.25645
  0
LINE
  8
0
 10
-7.63589
 20
-1.25645
 11
-7.63582
 21
-1.25984
  0
LINE
  8
0
 10
-7.63582
 20
-1.25984
 11
-7.63589
 21
-1.26321
  0
LINE
  8
0
 10
-7.63589
 20
-1.26321
 11
-7.63611
 21
-1.26659
  0
LINE
  8
0
 10
-7.63611
 20
-1.26659
 11
-7.63646
 21
-1.26994
  0
LINE
  8
0
 10
-7.63646
 20
-1.26994
 11
-7.63695
 21
-1.2733
  0
LINE
  8
0
 10
-7.63695
 20
-1.2733
 11
-7.63759
 21
-1.27661
  0
LINE
  8
0
 10
-7.63759
 20
-1.27661
 11
-7.63835
 21
-1.27991
  0
LINE
  8
0
 10
-7.63835
 20
-1.27991
 11
-7.63927
 21
-1.28316
  0
LINE
  8
0
 10
-7.63927
 20
-1.28316
 11
-7.64032
 21
-1.28638
  0
LINE
  8
0
 10
-7.64032
 20
-1.28638
 11
-7.64149
 21
-1.28955
  0
LINE
  8
0
 10
-7.64149
 20
-1.28955
 11
-7.64281
 21
-1.29266
  0
LINE
  8
0
 10
-7.64281
 20
-1.29266
 11
-7.64424
 21
-1.29572
  0
LINE
  8
0
 10
-7.64424
 20
-1.29572
 11
-7.64581
 21
-1.29872
  0
LINE
  8
0
 10
-7.64581
 20
-1.29872
 11
-7.64749
 21
-1.30165
  0
LINE
  8
0
 10
-7.64749
 20
-1.30165
 11
-7.64931
 21
-1.3045
  0
LINE
  8
0
 10
-7.64931
 20
-1.3045
 11
-7.65123
 21
-1.30728
  0
LINE
  8
0
 10
-7.65123
 20
-1.30728
 11
-7.65327
 21
-1.30997
  0
LINE
  8
0
 10
-7.65327
 20
-1.30997
 11
-7.65544
 21
-1.31258
  0
LINE
  8
0
 10
-7.65544
 20
-1.31258
 11
-7.6577
 21
-1.31508
  0
LINE
  8
0
 10
-7.6577
 20
-1.31508
 11
-7.66006
 21
-1.3175
  0
LINE
  8
0
 10
-7.66006
 20
-1.3175
 11
-7.66252
 21
-1.31981
  0
LINE
  8
0
 10
-7.66252
 20
-1.31981
 11
-7.66508
 21
-1.32202
  0
LINE
  8
0
 10
-7.66508
 20
-1.32202
 11
-7.66774
 21
-1.32413
  0
LINE
  8
0
 10
-7.66774
 20
-1.32413
 11
-7.67047
 21
-1.32611
  0
LINE
  8
0
 10
-7.67047
 20
-1.32611
 11
-7.67328
 21
-1.32797
  0
LINE
  8
0
 10
-7.67328
 20
-1.32797
 11
-7.67618
 21
-1.32973
  0
LINE
  8
0
 10
-7.67618
 20
-1.32973
 11
-7.67914
 21
-1.33136
  0
LINE
  8
0
 10
-7.67914
 20
-1.33136
 11
-7.68217
 21
-1.33286
  0
LINE
  8
0
 10
-7.68217
 20
-1.33286
 11
-7.68526
 21
-1.33424
  0
LINE
  8
0
 10
-7.68526
 20
-1.33424
 11
-7.6884
 21
-1.33548
  0
LINE
  8
0
 10
-7.6884
 20
-1.33548
 11
-7.69159
 21
-1.33659
  0
LINE
  8
0
 10
-7.69159
 20
-1.33659
 11
-7.69482
 21
-1.33757
  0
LINE
  8
0
 10
-7.69482
 20
-1.33757
 11
-7.6981
 21
-1.33841
  0
LINE
  8
0
 10
-7.6981
 20
-1.33841
 11
-7.70142
 21
-1.33911
  0
LINE
  8
0
 10
-7.70142
 20
-1.33911
 11
-7.70474
 21
-1.33968
  0
LINE
  8
0
 10
-7.70474
 20
-1.33968
 11
-7.7081
 21
-1.3401
  0
LINE
  8
0
 10
-7.7081
 20
-1.3401
 11
-7.71147
 21
-1.34038
  0
LINE
  8
0
 10
-7.71147
 20
-1.34038
 11
-7.71484
 21
-1.34053
  0
LINE
  8
0
 10
-7.71484
 20
-1.34053
 11
-7.71822
 21
-1.34053
  0
LINE
  8
0
 10
-6.45837
 20
-1.34053
 11
-6.46176
 21
-1.34038
  0
LINE
  8
0
 10
-6.46176
 20
-1.34038
 11
-6.46512
 21
-1.3401
  0
LINE
  8
0
 10
-6.46512
 20
-1.3401
 11
-6.46848
 21
-1.33968
  0
LINE
  8
0
 10
-6.46848
 20
-1.33968
 11
-6.47182
 21
-1.33911
  0
LINE
  8
0
 10
-6.47182
 20
-1.33911
 11
-6.47511
 21
-1.33841
  0
LINE
  8
0
 10
-6.47511
 20
-1.33841
 11
-6.47839
 21
-1.33757
  0
LINE
  8
0
 10
-6.47839
 20
-1.33757
 11
-6.48163
 21
-1.33659
  0
LINE
  8
0
 10
-6.48163
 20
-1.33659
 11
-6.48482
 21
-1.33548
  0
LINE
  8
0
 10
-6.48482
 20
-1.33548
 11
-6.48796
 21
-1.33424
  0
LINE
  8
0
 10
-6.48796
 20
-1.33424
 11
-6.49106
 21
-1.33286
  0
LINE
  8
0
 10
-6.49106
 20
-1.33286
 11
-6.49408
 21
-1.33136
  0
LINE
  8
0
 10
-6.49408
 20
-1.33136
 11
-6.49704
 21
-1.32973
  0
LINE
  8
0
 10
-6.49704
 20
-1.32973
 11
-6.49994
 21
-1.32797
  0
LINE
  8
0
 10
-6.49994
 20
-1.32797
 11
-6.50275
 21
-1.32611
  0
LINE
  8
0
 10
-6.50275
 20
-1.32611
 11
-6.50549
 21
-1.32413
  0
LINE
  8
0
 10
-6.50549
 20
-1.32413
 11
-6.50813
 21
-1.32202
  0
LINE
  8
0
 10
-6.50813
 20
-1.32202
 11
-6.5107
 21
-1.31981
  0
LINE
  8
0
 10
-6.5107
 20
-1.31981
 11
-6.51315
 21
-1.3175
  0
LINE
  8
0
 10
-6.51315
 20
-1.3175
 11
-6.51552
 21
-1.31508
  0
LINE
  8
0
 10
-6.51552
 20
-1.31508
 11
-6.51779
 21
-1.31258
  0
LINE
  8
0
 10
-6.51779
 20
-1.31258
 11
-6.51994
 21
-1.30997
  0
LINE
  8
0
 10
-6.51994
 20
-1.30997
 11
-6.52199
 21
-1.30728
  0
LINE
  8
0
 10
-6.52199
 20
-1.30728
 11
-6.52391
 21
-1.3045
  0
LINE
  8
0
 10
-6.52391
 20
-1.3045
 11
-6.52573
 21
-1.30165
  0
LINE
  8
0
 10
-6.52573
 20
-1.30165
 11
-6.52742
 21
-1.29872
  0
LINE
  8
0
 10
-6.52742
 20
-1.29872
 11
-6.52898
 21
-1.29572
  0
LINE
  8
0
 10
-6.52898
 20
-1.29572
 11
-6.53043
 21
-1.29266
  0
LINE
  8
0
 10
-6.53043
 20
-1.29266
 11
-6.53172
 21
-1.28955
  0
LINE
  8
0
 10
-6.53172
 20
-1.28955
 11
-6.53291
 21
-1.28638
  0
LINE
  8
0
 10
-6.53291
 20
-1.28638
 11
-6.53395
 21
-1.28316
  0
LINE
  8
0
 10
-6.53395
 20
-1.28316
 11
-6.53487
 21
-1.27991
  0
LINE
  8
0
 10
-6.53487
 20
-1.27991
 11
-6.53563
 21
-1.27661
  0
LINE
  8
0
 10
-6.53563
 20
-1.27661
 11
-6.53627
 21
-1.2733
  0
LINE
  8
0
 10
-6.53627
 20
-1.2733
 11
-6.53676
 21
-1.26994
  0
LINE
  8
0
 10
-6.53676
 20
-1.26994
 11
-6.53711
 21
-1.26659
  0
LINE
  8
0
 10
-6.53711
 20
-1.26659
 11
-6.53732
 21
-1.26321
  0
LINE
  8
0
 10
-6.53732
 20
-1.26321
 11
-6.5374
 21
-1.25984
  0
LINE
  8
0
 10
-6.5374
 20
-1.25984
 11
-6.53732
 21
-1.25645
  0
LINE
  8
0
 10
-6.53732
 20
-1.25645
 11
-6.53711
 21
-1.25308
  0
LINE
  8
0
 10
-6.53711
 20
-1.25308
 11
-6.53676
 21
-1.24973
  0
LINE
  8
0
 10
-6.53676
 20
-1.24973
 11
-6.53627
 21
-1.24637
  0
LINE
  8
0
 10
-6.53627
 20
-1.24637
 11
-6.53563
 21
-1.24306
  0
LINE
  8
0
 10
-6.53563
 20
-1.24306
 11
-6.53487
 21
-1.23976
  0
LINE
  8
0
 10
-6.53487
 20
-1.23976
 11
-6.53395
 21
-1.23651
  0
LINE
  8
0
 10
-6.53395
 20
-1.23651
 11
-6.53291
 21
-1.23329
  0
LINE
  8
0
 10
-6.53291
 20
-1.23329
 11
-6.53172
 21
-1.23012
  0
LINE
  8
0
 10
-6.53172
 20
-1.23012
 11
-6.53043
 21
-1.22701
  0
LINE
  8
0
 10
-6.53043
 20
-1.22701
 11
-6.52898
 21
-1.22395
  0
LINE
  8
0
 10
-6.52898
 20
-1.22395
 11
-6.52742
 21
-1.22095
  0
LINE
  8
0
 10
-6.52742
 20
-1.22095
 11
-6.52573
 21
-1.21803
  0
LINE
  8
0
 10
-6.52573
 20
-1.21803
 11
-6.52391
 21
-1.21516
  0
LINE
  8
0
 10
-6.52391
 20
-1.21516
 11
-6.52199
 21
-1.2124
  0
LINE
  8
0
 10
-6.52199
 20
-1.2124
 11
-6.51994
 21
-1.2097
  0
LINE
  8
0
 10
-6.51994
 20
-1.2097
 11
-6.51779
 21
-1.20709
  0
LINE
  8
0
 10
-6.51779
 20
-1.20709
 11
-6.51552
 21
-1.20459
  0
LINE
  8
0
 10
-6.51552
 20
-1.20459
 11
-6.51315
 21
-1.20216
  0
LINE
  8
0
 10
-6.51315
 20
-1.20216
 11
-6.5107
 21
-1.19986
  0
LINE
  8
0
 10
-6.5107
 20
-1.19986
 11
-6.50813
 21
-1.19765
  0
LINE
  8
0
 10
-6.50813
 20
-1.19765
 11
-6.50549
 21
-1.19554
  0
LINE
  8
0
 10
-6.50549
 20
-1.19554
 11
-6.50275
 21
-1.19356
  0
LINE
  8
0
 10
-6.50275
 20
-1.19356
 11
-6.49994
 21
-1.1917
  0
LINE
  8
0
 10
-6.49994
 20
-1.1917
 11
-6.49704
 21
-1.18994
  0
LINE
  8
0
 10
-6.49704
 20
-1.18994
 11
-6.49408
 21
-1.18831
  0
LINE
  8
0
 10
-6.49408
 20
-1.18831
 11
-6.49106
 21
-1.18681
  0
LINE
  8
0
 10
-6.49106
 20
-1.18681
 11
-6.48796
 21
-1.18542
  0
LINE
  8
0
 10
-6.48796
 20
-1.18542
 11
-6.48482
 21
-1.18419
  0
LINE
  8
0
 10
-6.48482
 20
-1.18419
 11
-6.48163
 21
-1.18307
  0
LINE
  8
0
 10
-6.48163
 20
-1.18307
 11
-6.47839
 21
-1.1821
  0
LINE
  8
0
 10
-6.47839
 20
-1.1821
 11
-6.47511
 21
-1.18126
  0
LINE
  8
0
 10
-6.47511
 20
-1.18126
 11
-6.47182
 21
-1.18056
  0
LINE
  8
0
 10
-6.47182
 20
-1.18056
 11
-6.46848
 21
-1.17999
  0
LINE
  8
0
 10
-6.46848
 20
-1.17999
 11
-6.46512
 21
-1.17957
  0
LINE
  8
0
 10
-6.46512
 20
-1.17957
 11
-6.46176
 21
-1.17929
  0
LINE
  8
0
 10
-6.46176
 20
-1.17929
 11
-6.45837
 21
-1.17914
  0
LINE
  8
0
 10
-6.45837
 20
-1.17914
 11
-6.455
 21
-1.17914
  0
LINE
  8
0
 10
-6.455
 20
-1.17914
 11
-6.45161
 21
-1.17929
  0
LINE
  8
0
 10
-6.45161
 20
-1.17929
 11
-6.44826
 21
-1.17957
  0
LINE
  8
0
 10
-6.44826
 20
-1.17957
 11
-6.4449
 21
-1.17999
  0
LINE
  8
0
 10
-6.4449
 20
-1.17999
 11
-6.44156
 21
-1.18056
  0
LINE
  8
0
 10
-6.44156
 20
-1.18056
 11
-6.43826
 21
-1.18126
  0
LINE
  8
0
 10
-6.43826
 20
-1.18126
 11
-6.43498
 21
-1.1821
  0
LINE
  8
0
 10
-6.43498
 20
-1.1821
 11
-6.43175
 21
-1.18307
  0
LINE
  8
0
 10
-6.43175
 20
-1.18307
 11
-6.42856
 21
-1.18419
  0
LINE
  8
0
 10
-6.42856
 20
-1.18419
 11
-6.42542
 21
-1.18542
  0
LINE
  8
0
 10
-6.42542
 20
-1.18542
 11
-6.42232
 21
-1.18681
  0
LINE
  8
0
 10
-6.42232
 20
-1.18681
 11
-6.4193
 21
-1.18831
  0
LINE
  8
0
 10
-6.4193
 20
-1.18831
 11
-6.41634
 21
-1.18994
  0
LINE
  8
0
 10
-6.41634
 20
-1.18994
 11
-6.41344
 21
-1.1917
  0
LINE
  8
0
 10
-6.41344
 20
-1.1917
 11
-6.41063
 21
-1.19356
  0
LINE
  8
0
 10
-6.41063
 20
-1.19356
 11
-6.4079
 21
-1.19554
  0
LINE
  8
0
 10
-6.4079
 20
-1.19554
 11
-6.40524
 21
-1.19765
  0
LINE
  8
0
 10
-6.40524
 20
-1.19765
 11
-6.40268
 21
-1.19986
  0
LINE
  8
0
 10
-6.40268
 20
-1.19986
 11
-6.40022
 21
-1.20216
  0
LINE
  8
0
 10
-6.40022
 20
-1.20216
 11
-6.39786
 21
-1.20459
  0
LINE
  8
0
 10
-6.39786
 20
-1.20459
 11
-6.3956
 21
-1.20709
  0
LINE
  8
0
 10
-6.3956
 20
-1.20709
 11
-6.39343
 21
-1.2097
  0
LINE
  8
0
 10
-6.39343
 20
-1.2097
 11
-6.39139
 21
-1.2124
  0
LINE
  8
0
 10
-6.39139
 20
-1.2124
 11
-6.38947
 21
-1.21516
  0
LINE
  8
0
 10
-6.38947
 20
-1.21516
 11
-6.38765
 21
-1.21803
  0
LINE
  8
0
 10
-6.38765
 20
-1.21803
 11
-6.38597
 21
-1.22095
  0
LINE
  8
0
 10
-6.38597
 20
-1.22095
 11
-6.3844
 21
-1.22395
  0
LINE
  8
0
 10
-6.3844
 20
-1.22395
 11
-6.38297
 21
-1.22701
  0
LINE
  8
0
 10
-6.38297
 20
-1.22701
 11
-6.38165
 21
-1.23012
  0
LINE
  8
0
 10
-6.38165
 20
-1.23012
 11
-6.38046
 21
-1.23329
  0
LINE
  8
0
 10
-6.38046
 20
-1.23329
 11
-6.37943
 21
-1.23651
  0
LINE
  8
0
 10
-6.37943
 20
-1.23651
 11
-6.37851
 21
-1.23976
  0
LINE
  8
0
 10
-6.37851
 20
-1.23976
 11
-6.37775
 21
-1.24306
  0
LINE
  8
0
 10
-6.37775
 20
-1.24306
 11
-6.37711
 21
-1.24637
  0
LINE
  8
0
 10
-6.37711
 20
-1.24637
 11
-6.37662
 21
-1.24973
  0
LINE
  8
0
 10
-6.37662
 20
-1.24973
 11
-6.37627
 21
-1.25308
  0
LINE
  8
0
 10
-6.37627
 20
-1.25308
 11
-6.37605
 21
-1.25645
  0
LINE
  8
0
 10
-6.37605
 20
-1.25645
 11
-6.37598
 21
-1.25984
  0
LINE
  8
0
 10
-6.37598
 20
-1.25984
 11
-6.37605
 21
-1.26321
  0
LINE
  8
0
 10
-6.37605
 20
-1.26321
 11
-6.37627
 21
-1.26659
  0
LINE
  8
0
 10
-6.37627
 20
-1.26659
 11
-6.37662
 21
-1.26994
  0
LINE
  8
0
 10
-6.37662
 20
-1.26994
 11
-6.37711
 21
-1.2733
  0
LINE
  8
0
 10
-6.37711
 20
-1.2733
 11
-6.37775
 21
-1.27661
  0
LINE
  8
0
 10
-6.37775
 20
-1.27661
 11
-6.37851
 21
-1.27991
  0
LINE
  8
0
 10
-6.37851
 20
-1.27991
 11
-6.37943
 21
-1.28316
  0
LINE
  8
0
 10
-6.37943
 20
-1.28316
 11
-6.38046
 21
-1.28638
  0
LINE
  8
0
 10
-6.38046
 20
-1.28638
 11
-6.38165
 21
-1.28955
  0
LINE
  8
0
 10
-6.38165
 20
-1.28955
 11
-6.38297
 21
-1.29266
  0
LINE
  8
0
 10
-6.38297
 20
-1.29266
 11
-6.3844
 21
-1.29572
  0
LINE
  8
0
 10
-6.3844
 20
-1.29572
 11
-6.38597
 21
-1.29872
  0
LINE
  8
0
 10
-6.38597
 20
-1.29872
 11
-6.38765
 21
-1.30165
  0
LINE
  8
0
 10
-6.38765
 20
-1.30165
 11
-6.38947
 21
-1.3045
  0
LINE
  8
0
 10
-6.38947
 20
-1.3045
 11
-6.39139
 21
-1.30728
  0
LINE
  8
0
 10
-6.39139
 20
-1.30728
 11
-6.39343
 21
-1.30997
  0
LINE
  8
0
 10
-6.39343
 20
-1.30997
 11
-6.3956
 21
-1.31258
  0
LINE
  8
0
 10
-6.3956
 20
-1.31258
 11
-6.39786
 21
-1.31508
  0
LINE
  8
0
 10
-6.39786
 20
-1.31508
 11
-6.40022
 21
-1.3175
  0
LINE
  8
0
 10
-6.40022
 20
-1.3175
 11
-6.40268
 21
-1.31981
  0
LINE
  8
0
 10
-6.40268
 20
-1.31981
 11
-6.40524
 21
-1.32202
  0
LINE
  8
0
 10
-6.40524
 20
-1.32202
 11
-6.4079
 21
-1.32413
  0
LINE
  8
0
 10
-6.4079
 20
-1.32413
 11
-6.41063
 21
-1.32611
  0
LINE
  8
0
 10
-6.41063
 20
-1.32611
 11
-6.41344
 21
-1.32797
  0
LINE
  8
0
 10
-6.41344
 20
-1.32797
 11
-6.41634
 21
-1.32973
  0
LINE
  8
0
 10
-6.41634
 20
-1.32973
 11
-6.4193
 21
-1.33136
  0
LINE
  8
0
 10
-6.4193
 20
-1.33136
 11
-6.42232
 21
-1.33286
  0
LINE
  8
0
 10
-6.42232
 20
-1.33286
 11
-6.42542
 21
-1.33424
  0
LINE
  8
0
 10
-6.42542
 20
-1.33424
 11
-6.42856
 21
-1.33548
  0
LINE
  8
0
 10
-6.42856
 20
-1.33548
 11
-6.43175
 21
-1.33659
  0
LINE
  8
0
 10
-6.43175
 20
-1.33659
 11
-6.43498
 21
-1.33757
  0
LINE
  8
0
 10
-6.43498
 20
-1.33757
 11
-6.43826
 21
-1.33841
  0
LINE
  8
0
 10
-6.43826
 20
-1.33841
 11
-6.44156
 21
-1.33911
  0
LINE
  8
0
 10
-6.44156
 20
-1.33911
 11
-6.4449
 21
-1.33968
  0
LINE
  8
0
 10
-6.4449
 20
-1.33968
 11
-6.44826
 21
-1.3401
  0
LINE
  8
0
 10
-6.44826
 20
-1.3401
 11
-6.45161
 21
-1.34038
  0
LINE
  8
0
 10
-6.45161
 20
-1.34038
 11
-6.455
 21
-1.34053
  0
LINE
  8
0
 10
-6.455
 20
-1.34053
 11
-6.45837
 21
-1.34053
  0
LINE
  8
0
 10
7.71484
 20
-1.34053
 11
7.71147
 21
-1.34038
  0
LINE
  8
0
 10
7.71147
 20
-1.34038
 11
7.7081
 21
-1.3401
  0
LINE
  8
0
 10
7.7081
 20
-1.3401
 11
7.70474
 21
-1.33968
  0
LINE
  8
0
 10
7.70474
 20
-1.33968
 11
7.70142
 21
-1.33911
  0
LINE
  8
0
 10
7.70142
 20
-1.33911
 11
7.6981
 21
-1.33841
  0
LINE
  8
0
 10
7.6981
 20
-1.33841
 11
7.69482
 21
-1.33757
  0
LINE
  8
0
 10
7.69482
 20
-1.33757
 11
7.69159
 21
-1.33659
  0
LINE
  8
0
 10
7.69159
 20
-1.33659
 11
7.6884
 21
-1.33548
  0
LINE
  8
0
 10
7.6884
 20
-1.33548
 11
7.68526
 21
-1.33424
  0
LINE
  8
0
 10
7.68526
 20
-1.33424
 11
7.68217
 21
-1.33286
  0
LINE
  8
0
 10
7.68217
 20
-1.33286
 11
7.67914
 21
-1.33136
  0
LINE
  8
0
 10
7.67914
 20
-1.33136
 11
7.67618
 21
-1.32973
  0
LINE
  8
0
 10
7.67618
 20
-1.32973
 11
7.67328
 21
-1.32797
  0
LINE
  8
0
 10
7.67328
 20
-1.32797
 11
7.67047
 21
-1.32611
  0
LINE
  8
0
 10
7.67047
 20
-1.32611
 11
7.66774
 21
-1.32413
  0
LINE
  8
0
 10
7.66774
 20
-1.32413
 11
7.66508
 21
-1.32202
  0
LINE
  8
0
 10
7.66508
 20
-1.32202
 11
7.66252
 21
-1.31981
  0
LINE
  8
0
 10
7.66252
 20
-1.31981
 11
7.66006
 21
-1.3175
  0
LINE
  8
0
 10
7.66006
 20
-1.3175
 11
7.6577
 21
-1.31508
  0
LINE
  8
0
 10
7.6577
 20
-1.31508
 11
7.65544
 21
-1.31258
  0
LINE
  8
0
 10
7.65544
 20
-1.31258
 11
7.65327
 21
-1.30997
  0
LINE
  8
0
 10
7.65327
 20
-1.30997
 11
7.65123
 21
-1.30728
  0
LINE
  8
0
 10
7.65123
 20
-1.30728
 11
7.64931
 21
-1.3045
  0
LINE
  8
0
 10
7.64931
 20
-1.3045
 11
7.64749
 21
-1.30165
  0
LINE
  8
0
 10
7.64749
 20
-1.30165
 11
7.64581
 21
-1.29872
  0
LINE
  8
0
 10
7.64581
 20
-1.29872
 11
7.64424
 21
-1.29572
  0
LINE
  8
0
 10
7.64424
 20
-1.29572
 11
7.64281
 21
-1.29266
  0
LINE
  8
0
 10
7.64281
 20
-1.29266
 11
7.64149
 21
-1.28955
  0
LINE
  8
0
 10
7.64149
 20
-1.28955
 11
7.64032
 21
-1.28638
  0
LINE
  8
0
 10
7.64032
 20
-1.28638
 11
7.63927
 21
-1.28316
  0
LINE
  8
0
 10
7.63927
 20
-1.28316
 11
7.63835
 21
-1.27991
  0
LINE
  8
0
 10
7.63835
 20
-1.27991
 11
7.63759
 21
-1.27661
  0
LINE
  8
0
 10
7.63759
 20
-1.27661
 11
7.63695
 21
-1.2733
  0
LINE
  8
0
 10
7.63695
 20
-1.2733
 11
7.63646
 21
-1.26994
  0
LINE
  8
0
 10
7.63646
 20
-1.26994
 11
7.63611
 21
-1.26659
  0
LINE
  8
0
 10
7.63611
 20
-1.26659
 11
7.63589
 21
-1.26321
  0
LINE
  8
0
 10
7.63589
 20
-1.26321
 11
7.63582
 21
-1.25984
  0
LINE
  8
0
 10
7.63582
 20
-1.25984
 11
7.63589
 21
-1.25645
  0
LINE
  8
0
 10
7.63589
 20
-1.25645
 11
7.63611
 21
-1.25308
  0
LINE
  8
0
 10
7.63611
 20
-1.25308
 11
7.63646
 21
-1.24973
  0
LINE
  8
0
 10
7.63646
 20
-1.24973
 11
7.63695
 21
-1.24637
  0
LINE
  8
0
 10
7.63695
 20
-1.24637
 11
7.63759
 21
-1.24306
  0
LINE
  8
0
 10
7.63759
 20
-1.24306
 11
7.63835
 21
-1.23976
  0
LINE
  8
0
 10
7.63835
 20
-1.23976
 11
7.63927
 21
-1.23651
  0
LINE
  8
0
 10
7.63927
 20
-1.23651
 11
7.64032
 21
-1.23329
  0
LINE
  8
0
 10
7.64032
 20
-1.23329
 11
7.64149
 21
-1.23012
  0
LINE
  8
0
 10
7.64149
 20
-1.23012
 11
7.64281
 21
-1.22701
  0
LINE
  8
0
 10
7.64281
 20
-1.22701
 11
7.64424
 21
-1.22395
  0
LINE
  8
0
 10
7.64424
 20
-1.22395
 11
7.64581
 21
-1.22095
  0
LINE
  8
0
 10
7.64581
 20
-1.22095
 11
7.64749
 21
-1.21803
  0
LINE
  8
0
 10
7.64749
 20
-1.21803
 11
7.64931
 21
-1.21516
  0
LINE
  8
0
 10
7.64931
 20
-1.21516
 11
7.65123
 21
-1.2124
  0
LINE
  8
0
 10
7.65123
 20
-1.2124
 11
7.65327
 21
-1.2097
  0
LINE
  8
0
 10
7.65327
 20
-1.2097
 11
7.65544
 21
-1.20709
  0
LINE
  8
0
 10
7.65544
 20
-1.20709
 11
7.6577
 21
-1.20459
  0
LINE
  8
0
 10
7.6577
 20
-1.20459
 11
7.66006
 21
-1.20216
  0
LINE
  8
0
 10
7.66006
 20
-1.20216
 11
7.66252
 21
-1.19986
  0
LINE
  8
0
 10
7.66252
 20
-1.19986
 11
7.66508
 21
-1.19765
  0
LINE
  8
0
 10
7.66508
 20
-1.19765
 11
7.66774
 21
-1.19554
  0
LINE
  8
0
 10
7.66774
 20
-1.19554
 11
7.67047
 21
-1.19356
  0
LINE
  8
0
 10
7.67047
 20
-1.19356
 11
7.67328
 21
-1.1917
  0
LINE
  8
0
 10
7.67328
 20
-1.1917
 11
7.67618
 21
-1.18994
  0
LINE
  8
0
 10
7.67618
 20
-1.18994
 11
7.67914
 21
-1.18831
  0
LINE
  8
0
 10
7.67914
 20
-1.18831
 11
7.68217
 21
-1.18681
  0
LINE
  8
0
 10
7.68217
 20
-1.18681
 11
7.68526
 21
-1.18542
  0
LINE
  8
0
 10
7.68526
 20
-1.18542
 11
7.6884
 21
-1.18419
  0
LINE
  8
0
 10
7.6884
 20
-1.18419
 11
7.69159
 21
-1.18307
  0
LINE
  8
0
 10
7.69159
 20
-1.18307
 11
7.69482
 21
-1.1821
  0
LINE
  8
0
 10
7.69482
 20
-1.1821
 11
7.6981
 21
-1.18126
  0
LINE
  8
0
 10
7.6981
 20
-1.18126
 11
7.70142
 21
-1.18056
  0
LINE
  8
0
 10
7.70142
 20
-1.18056
 11
7.70474
 21
-1.17999
  0
LINE
  8
0
 10
7.70474
 20
-1.17999
 11
7.7081
 21
-1.17957
  0
LINE
  8
0
 10
7.7081
 20
-1.17957
 11
7.71147
 21
-1.17929
  0
LINE
  8
0
 10
7.71147
 20
-1.17929
 11
7.71484
 21
-1.17914
  0
LINE
  8
0
 10
7.71484
 20
-1.17914
 11
7.71822
 21
-1.17914
  0
LINE
  8
0
 10
7.71822
 20
-1.17914
 11
7.7216
 21
-1.17929
  0
LINE
  8
0
 10
7.7216
 20
-1.17929
 11
7.72498
 21
-1.17957
  0
LINE
  8
0
 10
7.72498
 20
-1.17957
 11
7.72832
 21
-1.17999
  0
LINE
  8
0
 10
7.72832
 20
-1.17999
 11
7.73166
 21
-1.18056
  0
LINE
  8
0
 10
7.73166
 20
-1.18056
 11
7.73495
 21
-1.18126
  0
LINE
  8
0
 10
7.73495
 20
-1.18126
 11
7.73824
 21
-1.1821
  0
LINE
  8
0
 10
7.73824
 20
-1.1821
 11
7.74147
 21
-1.18307
  0
LINE
  8
0
 10
7.74147
 20
-1.18307
 11
7.74466
 21
-1.18419
  0
LINE
  8
0
 10
7.74466
 20
-1.18419
 11
7.7478
 21
-1.18542
  0
LINE
  8
0
 10
7.7478
 20
-1.18542
 11
7.7509
 21
-1.18681
  0
LINE
  8
0
 10
7.7509
 20
-1.18681
 11
7.75392
 21
-1.18831
  0
LINE
  8
0
 10
7.75392
 20
-1.18831
 11
7.75688
 21
-1.18994
  0
LINE
  8
0
 10
7.75688
 20
-1.18994
 11
7.75978
 21
-1.1917
  0
LINE
  8
0
 10
7.75978
 20
-1.1917
 11
7.76259
 21
-1.19356
  0
LINE
  8
0
 10
7.76259
 20
-1.19356
 11
7.76534
 21
-1.19554
  0
LINE
  8
0
 10
7.76534
 20
-1.19554
 11
7.76797
 21
-1.19765
  0
LINE
  8
0
 10
7.76797
 20
-1.19765
 11
7.77054
 21
-1.19986
  0
LINE
  8
0
 10
7.77054
 20
-1.19986
 11
7.77299
 21
-1.20216
  0
LINE
  8
0
 10
7.77299
 20
-1.20216
 11
7.77536
 21
-1.20459
  0
LINE
  8
0
 10
7.77536
 20
-1.20459
 11
7.77763
 21
-1.20709
  0
LINE
  8
0
 10
7.77763
 20
-1.20709
 11
7.77979
 21
-1.2097
  0
LINE
  8
0
 10
7.77979
 20
-1.2097
 11
7.78183
 21
-1.2124
  0
LINE
  8
0
 10
7.78183
 20
-1.2124
 11
7.78375
 21
-1.21516
  0
LINE
  8
0
 10
7.78375
 20
-1.21516
 11
7.78557
 21
-1.21803
  0
LINE
  8
0
 10
7.78557
 20
-1.21803
 11
7.78726
 21
-1.22095
  0
LINE
  8
0
 10
7.78726
 20
-1.22095
 11
7.78882
 21
-1.22395
  0
LINE
  8
0
 10
7.78882
 20
-1.22395
 11
7.79027
 21
-1.22701
  0
LINE
  8
0
 10
7.79027
 20
-1.22701
 11
7.79158
 21
-1.23012
  0
LINE
  8
0
 10
7.79158
 20
-1.23012
 11
7.79276
 21
-1.23329
  0
LINE
  8
0
 10
7.79276
 20
-1.23329
 11
7.79379
 21
-1.23651
  0
LINE
  8
0
 10
7.79379
 20
-1.23651
 11
7.79471
 21
-1.23976
  0
LINE
  8
0
 10
7.79471
 20
-1.23976
 11
7.79547
 21
-1.24306
  0
LINE
  8
0
 10
7.79547
 20
-1.24306
 11
7.79611
 21
-1.24637
  0
LINE
  8
0
 10
7.79611
 20
-1.24637
 11
7.7966
 21
-1.24973
  0
LINE
  8
0
 10
7.7966
 20
-1.24973
 11
7.79695
 21
-1.25308
  0
LINE
  8
0
 10
7.79695
 20
-1.25308
 11
7.79716
 21
-1.25645
  0
LINE
  8
0
 10
7.79716
 20
-1.25645
 11
7.79724
 21
-1.25984
  0
LINE
  8
0
 10
7.79724
 20
-1.25984
 11
7.79716
 21
-1.26321
  0
LINE
  8
0
 10
7.79716
 20
-1.26321
 11
7.79695
 21
-1.26659
  0
LINE
  8
0
 10
7.79695
 20
-1.26659
 11
7.7966
 21
-1.26994
  0
LINE
  8
0
 10
7.7966
 20
-1.26994
 11
7.79611
 21
-1.2733
  0
LINE
  8
0
 10
7.79611
 20
-1.2733
 11
7.79547
 21
-1.27661
  0
LINE
  8
0
 10
7.79547
 20
-1.27661
 11
7.79471
 21
-1.27991
  0
LINE
  8
0
 10
7.79471
 20
-1.27991
 11
7.79379
 21
-1.28316
  0
LINE
  8
0
 10
7.79379
 20
-1.28316
 11
7.79276
 21
-1.28638
  0
LINE
  8
0
 10
7.79276
 20
-1.28638
 11
7.79158
 21
-1.28955
  0
LINE
  8
0
 10
7.79158
 20
-1.28955
 11
7.79027
 21
-1.29266
  0
LINE
  8
0
 10
7.79027
 20
-1.29266
 11
7.78882
 21
-1.29572
  0
LINE
  8
0
 10
7.78882
 20
-1.29572
 11
7.78726
 21
-1.29872
  0
LINE
  8
0
 10
7.78726
 20
-1.29872
 11
7.78557
 21
-1.30165
  0
LINE
  8
0
 10
7.78557
 20
-1.30165
 11
7.78375
 21
-1.3045
  0
LINE
  8
0
 10
7.78375
 20
-1.3045
 11
7.78183
 21
-1.30728
  0
LINE
  8
0
 10
7.78183
 20
-1.30728
 11
7.77979
 21
-1.30997
  0
LINE
  8
0
 10
7.77979
 20
-1.30997
 11
7.77763
 21
-1.31258
  0
LINE
  8
0
 10
7.77763
 20
-1.31258
 11
7.77536
 21
-1.31508
  0
LINE
  8
0
 10
7.77536
 20
-1.31508
 11
7.77299
 21
-1.3175
  0
LINE
  8
0
 10
7.77299
 20
-1.3175
 11
7.77054
 21
-1.31981
  0
LINE
  8
0
 10
7.77054
 20
-1.31981
 11
7.76797
 21
-1.32202
  0
LINE
  8
0
 10
7.76797
 20
-1.32202
 11
7.76534
 21
-1.32413
  0
LINE
  8
0
 10
7.76534
 20
-1.32413
 11
7.76259
 21
-1.32611
  0
LINE
  8
0
 10
7.76259
 20
-1.32611
 11
7.75978
 21
-1.32797
  0
LINE
  8
0
 10
7.75978
 20
-1.32797
 11
7.75688
 21
-1.32973
  0
LINE
  8
0
 10
7.75688
 20
-1.32973
 11
7.75392
 21
-1.33136
  0
LINE
  8
0
 10
7.75392
 20
-1.33136
 11
7.7509
 21
-1.33286
  0
LINE
  8
0
 10
7.7509
 20
-1.33286
 11
7.7478
 21
-1.33424
  0
LINE
  8
0
 10
7.7478
 20
-1.33424
 11
7.74466
 21
-1.33548
  0
LINE
  8
0
 10
7.74466
 20
-1.33548
 11
7.74147
 21
-1.33659
  0
LINE
  8
0
 10
7.74147
 20
-1.33659
 11
7.73824
 21
-1.33757
  0
LINE
  8
0
 10
7.73824
 20
-1.33757
 11
7.73495
 21
-1.33841
  0
LINE
  8
0
 10
7.73495
 20
-1.33841
 11
7.73166
 21
-1.33911
  0
LINE
  8
0
 10
7.73166
 20
-1.33911
 11
7.72832
 21
-1.33968
  0
LINE
  8
0
 10
7.72832
 20
-1.33968
 11
7.72498
 21
-1.3401
  0
LINE
  8
0
 10
7.72498
 20
-1.3401
 11
7.7216
 21
-1.34038
  0
LINE
  8
0
 10
7.7216
 20
-1.34038
 11
7.71822
 21
-1.34053
  0
LINE
  8
0
 10
7.71822
 20
-1.34053
 11
7.71484
 21
-1.34053
  0
LINE
  8
0
 10
2.59767
 20
-2.70319
 11
2.59348
 21
-2.70287
  0
LINE
  8
0
 10
2.59348
 20
-2.70287
 11
2.58929
 21
-2.70239
  0
LINE
  8
0
 10
2.58929
 20
-2.70239
 11
2.58514
 21
-2.70174
  0
LINE
  8
0
 10
2.58514
 20
-2.70174
 11
2.58102
 21
-2.7009
  0
LINE
  8
0
 10
2.58102
 20
-2.7009
 11
2.57693
 21
-2.69991
  0
LINE
  8
0
 10
2.57693
 20
-2.69991
 11
2.57291
 21
-2.69873
  0
LINE
  8
0
 10
2.57291
 20
-2.69873
 11
2.56892
 21
-2.69739
  0
LINE
  8
0
 10
2.56892
 20
-2.69739
 11
2.56499
 21
-2.69588
  0
LINE
  8
0
 10
2.56499
 20
-2.69588
 11
2.56113
 21
-2.69421
  0
LINE
  8
0
 10
2.56113
 20
-2.69421
 11
2.55734
 21
-2.69238
  0
LINE
  8
0
 10
2.55734
 20
-2.69238
 11
2.55363
 21
-2.69038
  0
LINE
  8
0
 10
2.55363
 20
-2.69038
 11
2.55002
 21
-2.68825
  0
LINE
  8
0
 10
2.55002
 20
-2.68825
 11
2.54649
 21
-2.68596
  0
LINE
  8
0
 10
2.54649
 20
-2.68596
 11
2.54306
 21
-2.68352
  0
LINE
  8
0
 10
2.54306
 20
-2.68352
 11
2.53975
 21
-2.68094
  0
LINE
  8
0
 10
2.53975
 20
-2.68094
 11
2.53653
 21
-2.67824
  0
LINE
  8
0
 10
2.53653
 20
-2.67824
 11
2.53343
 21
-2.67538
  0
LINE
  8
0
 10
2.53343
 20
-2.67538
 11
2.53047
 21
-2.67241
  0
LINE
  8
0
 10
2.53047
 20
-2.67241
 11
2.52762
 21
-2.66931
  0
LINE
  8
0
 10
2.52762
 20
-2.66931
 11
2.5249
 21
-2.66611
  0
LINE
  8
0
 10
2.5249
 20
-2.66611
 11
2.52232
 21
-2.66278
  0
LINE
  8
0
 10
2.52232
 20
-2.66278
 11
2.5199
 21
-2.65935
  0
LINE
  8
0
 10
2.5199
 20
-2.65935
 11
2.51759
 21
-2.65582
  0
LINE
  8
0
 10
2.51759
 20
-2.65582
 11
2.51546
 21
-2.65221
  0
LINE
  8
0
 10
2.51546
 20
-2.65221
 11
2.51347
 21
-2.6485
  0
LINE
  8
0
 10
2.51347
 20
-2.6485
 11
2.51164
 21
-2.64471
  0
LINE
  8
0
 10
2.51164
 20
-2.64471
 11
2.50998
 21
-2.64085
  0
LINE
  8
0
 10
2.50998
 20
-2.64085
 11
2.50847
 21
-2.63693
  0
LINE
  8
0
 10
2.50847
 20
-2.63693
 11
2.50713
 21
-2.63295
  0
LINE
  8
0
 10
2.50713
 20
-2.63295
 11
2.50595
 21
-2.62891
  0
LINE
  8
0
 10
2.50595
 20
-2.62891
 11
2.50494
 21
-2.62483
  0
LINE
  8
0
 10
2.50494
 20
-2.62483
 11
2.50412
 21
-2.6207
  0
LINE
  8
0
 10
2.50412
 20
-2.6207
 11
2.50346
 21
-2.61655
  0
LINE
  8
0
 10
2.50346
 20
-2.61655
 11
2.50298
 21
-2.61237
  0
LINE
  8
0
 10
2.50298
 20
-2.61237
 11
2.50267
 21
-2.60818
  0
LINE
  8
0
 10
2.50267
 20
-2.60818
 11
2.50253
 21
-2.60397
  0
LINE
  8
0
 10
2.50253
 20
-2.60397
 11
2.50258
 21
-2.59978
  0
LINE
  8
0
 10
2.50258
 20
-2.59978
 11
2.50281
 21
-2.59557
  0
LINE
  8
0
 10
2.50281
 20
-2.59557
 11
2.50319
 21
-2.59138
  0
LINE
  8
0
 10
2.50319
 20
-2.59138
 11
2.50377
 21
-2.58722
  0
LINE
  8
0
 10
2.50377
 20
-2.58722
 11
2.50452
 21
-2.58308
  0
LINE
  8
0
 10
2.50452
 20
-2.58308
 11
2.50543
 21
-2.57898
  0
LINE
  8
0
 10
2.50543
 20
-2.57898
 11
2.50652
 21
-2.57492
  0
LINE
  8
0
 10
2.50652
 20
-2.57492
 11
2.50778
 21
-2.57091
  0
LINE
  8
0
 10
2.50778
 20
-2.57091
 11
2.5092
 21
-2.56694
  0
LINE
  8
0
 10
2.5092
 20
-2.56694
 11
2.51079
 21
-2.56305
  0
LINE
  8
0
 10
2.51079
 20
-2.56305
 11
2.51254
 21
-2.55923
  0
LINE
  8
0
 10
2.51254
 20
-2.55923
 11
2.51445
 21
-2.55548
  0
LINE
  8
0
 10
2.51445
 20
-2.55548
 11
2.51651
 21
-2.55182
  0
LINE
  8
0
 10
2.51651
 20
-2.55182
 11
2.51872
 21
-2.54825
  0
LINE
  8
0
 10
2.51872
 20
-2.54825
 11
2.52109
 21
-2.54477
  0
LINE
  8
0
 10
2.52109
 20
-2.54477
 11
2.52361
 21
-2.5414
  0
LINE
  8
0
 10
2.52361
 20
-2.5414
 11
2.52625
 21
-2.53813
  0
LINE
  8
0
 10
2.52625
 20
-2.53813
 11
2.52902
 21
-2.53497
  0
LINE
  8
0
 10
2.52902
 20
-2.53497
 11
2.53194
 21
-2.53194
  0
LINE
  8
0
 10
2.53194
 20
-2.53194
 11
2.53497
 21
-2.52902
  0
LINE
  8
0
 10
2.53497
 20
-2.52902
 11
2.53813
 21
-2.52625
  0
LINE
  8
0
 10
2.53813
 20
-2.52625
 11
2.5414
 21
-2.52361
  0
LINE
  8
0
 10
2.5414
 20
-2.52361
 11
2.54477
 21
-2.52109
  0
LINE
  8
0
 10
2.54477
 20
-2.52109
 11
2.54825
 21
-2.51872
  0
LINE
  8
0
 10
2.54825
 20
-2.51872
 11
2.55182
 21
-2.51651
  0
LINE
  8
0
 10
2.55182
 20
-2.51651
 11
2.55548
 21
-2.51445
  0
LINE
  8
0
 10
2.55548
 20
-2.51445
 11
2.55923
 21
-2.51254
  0
LINE
  8
0
 10
2.55923
 20
-2.51254
 11
2.56305
 21
-2.51079
  0
LINE
  8
0
 10
2.56305
 20
-2.51079
 11
2.56694
 21
-2.5092
  0
LINE
  8
0
 10
2.56694
 20
-2.5092
 11
2.57091
 21
-2.50778
  0
LINE
  8
0
 10
2.57091
 20
-2.50778
 11
2.57492
 21
-2.50652
  0
LINE
  8
0
 10
2.57492
 20
-2.50652
 11
2.57898
 21
-2.50543
  0
LINE
  8
0
 10
2.57898
 20
-2.50543
 11
2.58308
 21
-2.50452
  0
LINE
  8
0
 10
2.58308
 20
-2.50452
 11
2.58722
 21
-2.50377
  0
LINE
  8
0
 10
2.58722
 20
-2.50377
 11
2.59138
 21
-2.50319
  0
LINE
  8
0
 10
2.59138
 20
-2.50319
 11
2.59557
 21
-2.50281
  0
LINE
  8
0
 10
2.59557
 20
-2.50281
 11
2.59978
 21
-2.50258
  0
LINE
  8
0
 10
2.59978
 20
-2.50258
 11
2.60397
 21
-2.50253
  0
LINE
  8
0
 10
2.60397
 20
-2.50253
 11
2.60818
 21
-2.50267
  0
LINE
  8
0
 10
2.60818
 20
-2.50267
 11
2.61237
 21
-2.50298
  0
LINE
  8
0
 10
2.61237
 20
-2.50298
 11
2.61655
 21
-2.50346
  0
LINE
  8
0
 10
2.61655
 20
-2.50346
 11
2.6207
 21
-2.50412
  0
LINE
  8
0
 10
2.6207
 20
-2.50412
 11
2.62483
 21
-2.50494
  0
LINE
  8
0
 10
2.62483
 20
-2.50494
 11
2.62891
 21
-2.50595
  0
LINE
  8
0
 10
2.62891
 20
-2.50595
 11
2.63295
 21
-2.50713
  0
LINE
  8
0
 10
2.63295
 20
-2.50713
 11
2.63693
 21
-2.50847
  0
LINE
  8
0
 10
2.63693
 20
-2.50847
 11
2.64085
 21
-2.50998
  0
LINE
  8
0
 10
2.64085
 20
-2.50998
 11
2.64471
 21
-2.51164
  0
LINE
  8
0
 10
2.64471
 20
-2.51164
 11
2.6485
 21
-2.51347
  0
LINE
  8
0
 10
2.6485
 20
-2.51347
 11
2.65221
 21
-2.51546
  0
LINE
  8
0
 10
2.65221
 20
-2.51546
 11
2.65582
 21
-2.51759
  0
LINE
  8
0
 10
2.65582
 20
-2.51759
 11
2.65935
 21
-2.5199
  0
LINE
  8
0
 10
2.65935
 20
-2.5199
 11
2.66278
 21
-2.52232
  0
LINE
  8
0
 10
2.66278
 20
-2.52232
 11
2.66611
 21
-2.5249
  0
LINE
  8
0
 10
2.66611
 20
-2.5249
 11
2.66931
 21
-2.52762
  0
LINE
  8
0
 10
2.66931
 20
-2.52762
 11
2.67241
 21
-2.53047
  0
LINE
  8
0
 10
2.67241
 20
-2.53047
 11
2.67538
 21
-2.53343
  0
LINE
  8
0
 10
2.67538
 20
-2.53343
 11
2.67824
 21
-2.53653
  0
LINE
  8
0
 10
2.67824
 20
-2.53653
 11
2.68094
 21
-2.53975
  0
LINE
  8
0
 10
2.68094
 20
-2.53975
 11
2.68352
 21
-2.54306
  0
LINE
  8
0
 10
2.68352
 20
-2.54306
 11
2.68596
 21
-2.54649
  0
LINE
  8
0
 10
2.68596
 20
-2.54649
 11
2.68825
 21
-2.55002
  0
LINE
  8
0
 10
2.68825
 20
-2.55002
 11
2.69038
 21
-2.55363
  0
LINE
  8
0
 10
2.69038
 20
-2.55363
 11
2.69238
 21
-2.55734
  0
LINE
  8
0
 10
2.69238
 20
-2.55734
 11
2.69421
 21
-2.56113
  0
LINE
  8
0
 10
2.69421
 20
-2.56113
 11
2.69588
 21
-2.56499
  0
LINE
  8
0
 10
2.69588
 20
-2.56499
 11
2.69739
 21
-2.56892
  0
LINE
  8
0
 10
2.69739
 20
-2.56892
 11
2.69873
 21
-2.57291
  0
LINE
  8
0
 10
2.69873
 20
-2.57291
 11
2.69991
 21
-2.57693
  0
LINE
  8
0
 10
2.69991
 20
-2.57693
 11
2.7009
 21
-2.58102
  0
LINE
  8
0
 10
2.7009
 20
-2.58102
 11
2.70174
 21
-2.58514
  0
LINE
  8
0
 10
2.70174
 20
-2.58514
 11
2.70239
 21
-2.58929
  0
LINE
  8
0
 10
2.70239
 20
-2.58929
 11
2.70287
 21
-2.59348
  0
LINE
  8
0
 10
2.70287
 20
-2.59348
 11
2.70319
 21
-2.59767
  0
LINE
  8
0
 10
2.70319
 20
-2.59767
 11
2.70331
 21
-2.60187
  0
LINE
  8
0
 10
2.70331
 20
-2.60187
 11
2.70326
 21
-2.60608
  0
LINE
  8
0
 10
2.70326
 20
-2.60608
 11
2.70305
 21
-2.61028
  0
LINE
  8
0
 10
2.70305
 20
-2.61028
 11
2.70265
 21
-2.61446
  0
LINE
  8
0
 10
2.70265
 20
-2.61446
 11
2.70209
 21
-2.61864
  0
LINE
  8
0
 10
2.70209
 20
-2.61864
 11
2.70134
 21
-2.62277
  0
LINE
  8
0
 10
2.70134
 20
-2.62277
 11
2.70042
 21
-2.62688
  0
LINE
  8
0
 10
2.70042
 20
-2.62688
 11
2.69933
 21
-2.63094
  0
LINE
  8
0
 10
2.69933
 20
-2.63094
 11
2.69807
 21
-2.63495
  0
LINE
  8
0
 10
2.69807
 20
-2.63495
 11
2.69666
 21
-2.6389
  0
LINE
  8
0
 10
2.69666
 20
-2.6389
 11
2.69507
 21
-2.64279
  0
LINE
  8
0
 10
2.69507
 20
-2.64279
 11
2.69331
 21
-2.64662
  0
LINE
  8
0
 10
2.69331
 20
-2.64662
 11
2.69141
 21
-2.65036
  0
LINE
  8
0
 10
2.69141
 20
-2.65036
 11
2.68933
 21
-2.65402
  0
LINE
  8
0
 10
2.68933
 20
-2.65402
 11
2.68712
 21
-2.65761
  0
LINE
  8
0
 10
2.68712
 20
-2.65761
 11
2.68475
 21
-2.66109
  0
LINE
  8
0
 10
2.68475
 20
-2.66109
 11
2.68225
 21
-2.66446
  0
LINE
  8
0
 10
2.68225
 20
-2.66446
 11
2.67961
 21
-2.66772
  0
LINE
  8
0
 10
2.67961
 20
-2.66772
 11
2.67682
 21
-2.67088
  0
LINE
  8
0
 10
2.67682
 20
-2.67088
 11
2.67392
 21
-2.67392
  0
LINE
  8
0
 10
2.67392
 20
-2.67392
 11
2.67088
 21
-2.67682
  0
LINE
  8
0
 10
2.67088
 20
-2.67682
 11
2.66772
 21
-2.67961
  0
LINE
  8
0
 10
2.66772
 20
-2.67961
 11
2.66446
 21
-2.68225
  0
LINE
  8
0
 10
2.66446
 20
-2.68225
 11
2.66109
 21
-2.68475
  0
LINE
  8
0
 10
2.66109
 20
-2.68475
 11
2.65761
 21
-2.68712
  0
LINE
  8
0
 10
2.65761
 20
-2.68712
 11
2.65402
 21
-2.68933
  0
LINE
  8
0
 10
2.65402
 20
-2.68933
 11
2.65036
 21
-2.69141
  0
LINE
  8
0
 10
2.65036
 20
-2.69141
 11
2.64662
 21
-2.69331
  0
LINE
  8
0
 10
2.64662
 20
-2.69331
 11
2.64279
 21
-2.69507
  0
LINE
  8
0
 10
2.64279
 20
-2.69507
 11
2.6389
 21
-2.69666
  0
LINE
  8
0
 10
2.6389
 20
-2.69666
 11
2.63495
 21
-2.69807
  0
LINE
  8
0
 10
2.63495
 20
-2.69807
 11
2.63094
 21
-2.69933
  0
LINE
  8
0
 10
2.63094
 20
-2.69933
 11
2.62688
 21
-2.70042
  0
LINE
  8
0
 10
2.62688
 20
-2.70042
 11
2.62277
 21
-2.70134
  0
LINE
  8
0
 10
2.62277
 20
-2.70134
 11
2.61864
 21
-2.70209
  0
LINE
  8
0
 10
2.61864
 20
-2.70209
 11
2.61446
 21
-2.70265
  0
LINE
  8
0
 10
2.61446
 20
-2.70265
 11
2.61028
 21
-2.70305
  0
LINE
  8
0
 10
2.61028
 20
-2.70305
 11
2.60608
 21
-2.70326
  0
LINE
  8
0
 10
2.60608
 20
-2.70326
 11
2.60187
 21
-2.70331
  0
LINE
  8
0
 10
2.60187
 20
-2.70331
 11
2.59767
 21
-2.70319
  0
LINE
  8
0
 10
-2.60608
 20
-2.70326
 11
-2.61028
 21
-2.70305
  0
LINE
  8
0
 10
-2.61028
 20
-2.70305
 11
-2.61446
 21
-2.70265
  0
LINE
  8
0
 10
-2.61446
 20
-2.70265
 11
-2.61864
 21
-2.70209
  0
LINE
  8
0
 10
-2.61864
 20
-2.70209
 11
-2.62277
 21
-2.70134
  0
LINE
  8
0
 10
-2.62277
 20
-2.70134
 11
-2.62688
 21
-2.70042
  0
LINE
  8
0
 10
-2.62688
 20
-2.70042
 11
-2.63094
 21
-2.69933
  0
LINE
  8
0
 10
-2.63094
 20
-2.69933
 11
-2.63495
 21
-2.69807
  0
LINE
  8
0
 10
-2.63495
 20
-2.69807
 11
-2.6389
 21
-2.69666
  0
LINE
  8
0
 10
-2.6389
 20
-2.69666
 11
-2.64279
 21
-2.69507
  0
LINE
  8
0
 10
-2.64279
 20
-2.69507
 11
-2.64662
 21
-2.69331
  0
LINE
  8
0
 10
-2.64662
 20
-2.69331
 11
-2.65036
 21
-2.69141
  0
LINE
  8
0
 10
-2.65036
 20
-2.69141
 11
-2.65402
 21
-2.68933
  0
LINE
  8
0
 10
-2.65402
 20
-2.68933
 11
-2.65761
 21
-2.68712
  0
LINE
  8
0
 10
-2.65761
 20
-2.68712
 11
-2.66109
 21
-2.68475
  0
LINE
  8
0
 10
-2.66109
 20
-2.68475
 11
-2.66446
 21
-2.68225
  0
LINE
  8
0
 10
-2.66446
 20
-2.68225
 11
-2.66772
 21
-2.67961
  0
LINE
  8
0
 10
-2.66772
 20
-2.67961
 11
-2.67088
 21
-2.67682
  0
LINE
  8
0
 10
-2.67088
 20
-2.67682
 11
-2.67392
 21
-2.67392
  0
LINE
  8
0
 10
-2.67392
 20
-2.67392
 11
-2.67682
 21
-2.67088
  0
LINE
  8
0
 10
-2.67682
 20
-2.67088
 11
-2.67961
 21
-2.66772
  0
LINE
  8
0
 10
-2.67961
 20
-2.66772
 11
-2.68225
 21
-2.66446
  0
LINE
  8
0
 10
-2.68225
 20
-2.66446
 11
-2.68475
 21
-2.66109
  0
LINE
  8
0
 10
-2.68475
 20
-2.66109
 11
-2.68712
 21
-2.65761
  0
LINE
  8
0
 10
-2.68712
 20
-2.65761
 11
-2.68933
 21
-2.65402
  0
LINE
  8
0
 10
-2.68933
 20
-2.65402
 11
-2.69141
 21
-2.65036
  0
LINE
  8
0
 10
-2.69141
 20
-2.65036
 11
-2.69331
 21
-2.64662
  0
LINE
  8
0
 10
-2.69331
 20
-2.64662
 11
-2.69507
 21
-2.64279
  0
LINE
  8
0
 10
-2.69507
 20
-2.64279
 11
-2.69666
 21
-2.6389
  0
LINE
  8
0
 10
-2.69666
 20
-2.6389
 11
-2.69807
 21
-2.63495
  0
LINE
  8
0
 10
-2.69807
 20
-2.63495
 11
-2.69933
 21
-2.63094
  0
LINE
  8
0
 10
-2.69933
 20
-2.63094
 11
-2.70042
 21
-2.62688
  0
LINE
  8
0
 10
-2.70042
 20
-2.62688
 11
-2.70134
 21
-2.62277
  0
LINE
  8
0
 10
-2.70134
 20
-2.62277
 11
-2.70209
 21
-2.61864
  0
LINE
  8
0
 10
-2.70209
 20
-2.61864
 11
-2.70265
 21
-2.61446
  0
LINE
  8
0
 10
-2.70265
 20
-2.61446
 11
-2.70305
 21
-2.61028
  0
LINE
  8
0
 10
-2.70305
 20
-2.61028
 11
-2.70326
 21
-2.60608
  0
LINE
  8
0
 10
-2.70326
 20
-2.60608
 11
-2.70331
 21
-2.60187
  0
LINE
  8
0
 10
-2.70331
 20
-2.60187
 11
-2.70319
 21
-2.59767
  0
LINE
  8
0
 10
-2.70319
 20
-2.59767
 11
-2.70287
 21
-2.59348
  0
LINE
  8
0
 10
-2.70287
 20
-2.59348
 11
-2.70239
 21
-2.58929
  0
LINE
  8
0
 10
-2.70239
 20
-2.58929
 11
-2.70174
 21
-2.58514
  0
LINE
  8
0
 10
-2.70174
 20
-2.58514
 11
-2.7009
 21
-2.58102
  0
LINE
  8
0
 10
-2.7009
 20
-2.58102
 11
-2.69991
 21
-2.57693
  0
LINE
  8
0
 10
-2.69991
 20
-2.57693
 11
-2.69873
 21
-2.57291
  0
LINE
  8
0
 10
-2.69873
 20
-2.57291
 11
-2.69739
 21
-2.56892
  0
LINE
  8
0
 10
-2.69739
 20
-2.56892
 11
-2.69588
 21
-2.56499
  0
LINE
  8
0
 10
-2.69588
 20
-2.56499
 11
-2.69421
 21
-2.56113
  0
LINE
  8
0
 10
-2.69421
 20
-2.56113
 11
-2.69238
 21
-2.55734
  0
LINE
  8
0
 10
-2.69238
 20
-2.55734
 11
-2.69038
 21
-2.55363
  0
LINE
  8
0
 10
-2.69038
 20
-2.55363
 11
-2.68825
 21
-2.55002
  0
LINE
  8
0
 10
-2.68825
 20
-2.55002
 11
-2.68596
 21
-2.54649
  0
LINE
  8
0
 10
-2.68596
 20
-2.54649
 11
-2.68352
 21
-2.54306
  0
LINE
  8
0
 10
-2.68352
 20
-2.54306
 11
-2.68094
 21
-2.53975
  0
LINE
  8
0
 10
-2.68094
 20
-2.53975
 11
-2.67824
 21
-2.53653
  0
LINE
  8
0
 10
-2.67824
 20
-2.53653
 11
-2.67538
 21
-2.53343
  0
LINE
  8
0
 10
-2.67538
 20
-2.53343
 11
-2.67241
 21
-2.53047
  0
LINE
  8
0
 10
-2.67241
 20
-2.53047
 11
-2.66931
 21
-2.52762
  0
LINE
  8
0
 10
-2.66931
 20
-2.52762
 11
-2.66611
 21
-2.5249
  0
LINE
  8
0
 10
-2.66611
 20
-2.5249
 11
-2.66278
 21
-2.52232
  0
LINE
  8
0
 10
-2.66278
 20
-2.52232
 11
-2.65935
 21
-2.5199
  0
LINE
  8
0
 10
-2.65935
 20
-2.5199
 11
-2.65582
 21
-2.51759
  0
LINE
  8
0
 10
-2.65582
 20
-2.51759
 11
-2.65221
 21
-2.51546
  0
LINE
  8
0
 10
-2.65221
 20
-2.51546
 11
-2.6485
 21
-2.51347
  0
LINE
  8
0
 10
-2.6485
 20
-2.51347
 11
-2.64471
 21
-2.51164
  0
LINE
  8
0
 10
-2.64471
 20
-2.51164
 11
-2.64085
 21
-2.50998
  0
LINE
  8
0
 10
-2.64085
 20
-2.50998
 11
-2.63693
 21
-2.50847
  0
LINE
  8
0
 10
-2.63693
 20
-2.50847
 11
-2.63295
 21
-2.50713
  0
LINE
  8
0
 10
-2.63295
 20
-2.50713
 11
-2.62891
 21
-2.50595
  0
LINE
  8
0
 10
-2.62891
 20
-2.50595
 11
-2.62483
 21
-2.50494
  0
LINE
  8
0
 10
-2.62483
 20
-2.50494
 11
-2.6207
 21
-2.50412
  0
LINE
  8
0
 10
-2.6207
 20
-2.50412
 11
-2.61655
 21
-2.50346
  0
LINE
  8
0
 10
-2.61655
 20
-2.50346
 11
-2.61237
 21
-2.50298
  0
LINE
  8
0
 10
-2.61237
 20
-2.50298
 11
-2.60818
 21
-2.50267
  0
LINE
  8
0
 10
-2.60818
 20
-2.50267
 11
-2.60397
 21
-2.50253
  0
LINE
  8
0
 10
-2.60397
 20
-2.50253
 11
-2.59978
 21
-2.50258
  0
LINE
  8
0
 10
-2.59978
 20
-2.50258
 11
-2.59557
 21
-2.50281
  0
LINE
  8
0
 10
-2.59557
 20
-2.50281
 11
-2.59138
 21
-2.50319
  0
LINE
  8
0
 10
-2.59138
 20
-2.50319
 11
-2.58722
 21
-2.50377
  0
LINE
  8
0
 10
-2.58722
 20
-2.50377
 11
-2.58308
 21
-2.50452
  0
LINE
  8
0
 10
-2.58308
 20
-2.50452
 11
-2.57898
 21
-2.50543
  0
LINE
  8
0
 10
-2.57898
 20
-2.50543
 11
-2.57492
 21
-2.50652
  0
LINE
  8
0
 10
-2.57492
 20
-2.50652
 11
-2.57091
 21
-2.50778
  0
LINE
  8
0
 10
-2.57091
 20
-2.50778
 11
-2.56694
 21
-2.5092
  0
LINE
  8
0
 10
-2.56694
 20
-2.5092
 11
-2.56305
 21
-2.51079
  0
LINE
  8
0
 10
-2.56305
 20
-2.51079
 11
-2.55923
 21
-2.51254
  0
LINE
  8
0
 10
-2.55923
 20
-2.51254
 11
-2.55548
 21
-2.51445
  0
LINE
  8
0
 10
-2.55548
 20
-2.51445
 11
-2.55182
 21
-2.51651
  0
LINE
  8
0
 10
-2.55182
 20
-2.51651
 11
-2.54825
 21
-2.51872
  0
LINE
  8
0
 10
-2.54825
 20
-2.51872
 11
-2.54477
 21
-2.52109
  0
LINE
  8
0
 10
-2.54477
 20
-2.52109
 11
-2.5414
 21
-2.52361
  0
LINE
  8
0
 10
-2.5414
 20
-2.52361
 11
-2.53813
 21
-2.52625
  0
LINE
  8
0
 10
-2.53813
 20
-2.52625
 11
-2.53497
 21
-2.52902
  0
LINE
  8
0
 10
-2.53497
 20
-2.52902
 11
-2.53194
 21
-2.53194
  0
LINE
  8
0
 10
-2.53194
 20
-2.53194
 11
-2.52902
 21
-2.53497
  0
LINE
  8
0
 10
-2.52902
 20
-2.53497
 11
-2.52625
 21
-2.53813
  0
LINE
  8
0
 10
-2.52625
 20
-2.53813
 11
-2.52361
 21
-2.5414
  0
LINE
  8
0
 10
-2.52361
 20
-2.5414
 11
-2.52109
 21
-2.54477
  0
LINE
  8
0
 10
-2.52109
 20
-2.54477
 11
-2.51872
 21
-2.54825
  0
LINE
  8
0
 10
-2.51872
 20
-2.54825
 11
-2.51651
 21
-2.55182
  0
LINE
  8
0
 10
-2.51651
 20
-2.55182
 11
-2.51445
 21
-2.55548
  0
LINE
  8
0
 10
-2.51445
 20
-2.55548
 11
-2.51254
 21
-2.55923
  0
LINE
  8
0
 10
-2.51254
 20
-2.55923
 11
-2.51079
 21
-2.56305
  0
LINE
  8
0
 10
-2.51079
 20
-2.56305
 11
-2.5092
 21
-2.56694
  0
LINE
  8
0
 10
-2.5092
 20
-2.56694
 11
-2.50778
 21
-2.57091
  0
LINE
  8
0
 10
-2.50778
 20
-2.57091
 11
-2.50652
 21
-2.57492
  0
LINE
  8
0
 10
-2.50652
 20
-2.57492
 11
-2.50543
 21
-2.57898
  0
LINE
  8
0
 10
-2.50543
 20
-2.57898
 11
-2.50452
 21
-2.58308
  0
LINE
  8
0
 10
-2.50452
 20
-2.58308
 11
-2.50377
 21
-2.58722
  0
LINE
  8
0
 10
-2.50377
 20
-2.58722
 11
-2.50319
 21
-2.59138
  0
LINE
  8
0
 10
-2.50319
 20
-2.59138
 11
-2.50281
 21
-2.59557
  0
LINE
  8
0
 10
-2.50281
 20
-2.59557
 11
-2.50258
 21
-2.59978
  0
LINE
  8
0
 10
-2.50258
 20
-2.59978
 11
-2.50253
 21
-2.60397
  0
LINE
  8
0
 10
-2.50253
 20
-2.60397
 11
-2.50267
 21
-2.60818
  0
LINE
  8
0
 10
-2.50267
 20
-2.60818
 11
-2.50298
 21
-2.61237
  0
LINE
  8
0
 10
-2.50298
 20
-2.61237
 11
-2.50346
 21
-2.61655
  0
LINE
  8
0
 10
-2.50346
 20
-2.61655
 11
-2.50412
 21
-2.6207
  0
LINE
  8
0
 10
-2.50412
 20
-2.6207
 11
-2.50494
 21
-2.62483
  0
LINE
  8
0
 10
-2.50494
 20
-2.62483
 11
-2.50595
 21
-2.62891
  0
LINE
  8
0
 10
-2.50595
 20
-2.62891
 11
-2.50713
 21
-2.63295
  0
LINE
  8
0
 10
-2.50713
 20
-2.63295
 11
-2.50847
 21
-2.63693
  0
LINE
  8
0
 10
-2.50847
 20
-2.63693
 11
-2.50998
 21
-2.64085
  0
LINE
  8
0
 10
-2.50998
 20
-2.64085
 11
-2.51164
 21
-2.64471
  0
LINE
  8
0
 10
-2.51164
 20
-2.64471
 11
-2.51347
 21
-2.6485
  0
LINE
  8
0
 10
-2.51347
 20
-2.6485
 11
-2.51546
 21
-2.65221
  0
LINE
  8
0
 10
-2.51546
 20
-2.65221
 11
-2.51759
 21
-2.65582
  0
LINE
  8
0
 10
-2.51759
 20
-2.65582
 11
-2.5199
 21
-2.65935
  0
LINE
  8
0
 10
-2.5199
 20
-2.65935
 11
-2.52232
 21
-2.66278
  0
LINE
  8
0
 10
-2.52232
 20
-2.66278
 11
-2.5249
 21
-2.66611
  0
LINE
  8
0
 10
-2.5249
 20
-2.66611
 11
-2.52762
 21
-2.66931
  0
LINE
  8
0
 10
-2.52762
 20
-2.66931
 11
-2.53047
 21
-2.67241
  0
LINE
  8
0
 10
-2.53047
 20
-2.67241
 11
-2.53343
 21
-2.67538
  0
LINE
  8
0
 10
-2.53343
 20
-2.67538
 11
-2.53653
 21
-2.67824
  0
LINE
  8
0
 10
-2.53653
 20
-2.67824
 11
-2.53975
 21
-2.68094
  0
LINE
  8
0
 10
-2.53975
 20
-2.68094
 11
-2.54306
 21
-2.68352
  0
LINE
  8
0
 10
-2.54306
 20
-2.68352
 11
-2.54649
 21
-2.68596
  0
LINE
  8
0
 10
-2.54649
 20
-2.68596
 11
-2.55002
 21
-2.68825
  0
LINE
  8
0
 10
-2.55002
 20
-2.68825
 11
-2.55363
 21
-2.69038
  0
LINE
  8
0
 10
-2.55363
 20
-2.69038
 11
-2.55734
 21
-2.69238
  0
LINE
  8
0
 10
-2.55734
 20
-2.69238
 11
-2.56113
 21
-2.69421
  0
LINE
  8
0
 10
-2.56113
 20
-2.69421
 11
-2.56499
 21
-2.69588
  0
LINE
  8
0
 10
-2.56499
 20
-2.69588
 11
-2.56892
 21
-2.69739
  0
LINE
  8
0
 10
-2.56892
 20
-2.69739
 11
-2.57291
 21
-2.69873
  0
LINE
  8
0
 10
-2.57291
 20
-2.69873
 11
-2.57693
 21
-2.69991
  0
LINE
  8
0
 10
-2.57693
 20
-2.69991
 11
-2.58102
 21
-2.7009
  0
LINE
  8
0
 10
-2.58102
 20
-2.7009
 11
-2.58514
 21
-2.70174
  0
LINE
  8
0
 10
-2.58514
 20
-2.70174
 11
-2.58929
 21
-2.70239
  0
LINE
  8
0
 10
-2.58929
 20
-2.70239
 11
-2.59348
 21
-2.70287
  0
LINE
  8
0
 10
-2.59348
 20
-2.70287
 11
-2.59767
 21
-2.70319
  0
LINE
  8
0
 10
-2.59767
 20
-2.70319
 11
-2.60187
 21
-2.70331
  0
LINE
  8
0
 10
-2.60187
 20
-2.70331
 11
-2.60608
 21
-2.70326
  0
ENDSEC
  0
SECTION
  2
OBJECTS
  0
DICTIONARY
  0
ENDSEC
  0
EOF
