  0
SECTION
  2
BLOCKS
  0
ENDSEC
  0
SECTION
  2
ENTITIES
  0
LINE
  8
0
 10
85.1498
 20
-190.486
 11
87.807
 21
-190.374
  0
LINE
  8
0
 10
87.807
 20
-190.374
 11
90.4573
 21
-190.152
  0
LINE
  8
0
 10
90.4573
 20
-190.152
 11
93.0963
 21
-189.819
  0
LINE
  8
0
 10
93.0963
 20
-189.819
 11
95.7186
 21
-189.375
  0
LINE
  8
0
 10
95.7186
 20
-189.375
 11
98.32
 21
-188.822
  0
LINE
  8
0
 10
98.32
 20
-188.822
 11
100.896
 21
-188.161
  0
LINE
  8
0
 10
100.896
 20
-188.161
 11
103.443
 21
-187.392
  0
LINE
  8
0
 10
103.443
 20
-187.392
 11
105.954
 21
-186.517
  0
LINE
  8
0
 10
105.954
 20
-186.517
 11
108.427
 21
-185.538
  0
LINE
  8
0
 10
108.427
 20
-185.538
 11
110.857
 21
-184.456
  0
LINE
  8
0
 10
110.857
 20
-184.456
 11
113.239
 21
-183.274
  0
LINE
  8
0
 10
113.239
 20
-183.274
 11
115.57
 21
-181.992
  0
LINE
  8
0
 10
115.57
 20
-181.992
 11
117.845
 21
-180.615
  0
LINE
  8
0
 10
117.845
 20
-180.615
 11
120.06
 21
-179.143
  0
LINE
  8
0
 10
120.06
 20
-179.143
 11
122.212
 21
-177.579
  0
LINE
  8
0
 10
122.212
 20
-177.579
 11
124.296
 21
-175.927
  0
LINE
  8
0
 10
124.296
 20
-175.927
 11
126.31
 21
-174.189
  0
LINE
  8
0
 10
126.31
 20
-174.189
 11
128.248
 21
-172.369
  0
LINE
  8
0
 10
128.248
 20
-172.369
 11
130.11
 21
-170.469
  0
LINE
  8
0
 10
130.11
 20
-170.469
 11
131.889
 21
-168.492
  0
LINE
  8
0
 10
131.889
 20
-168.492
 11
133.584
 21
-166.443
  0
LINE
  8
0
 10
133.584
 20
-166.443
 11
135.193
 21
-164.324
  0
LINE
  8
0
 10
135.193
 20
-164.324
 11
136.71
 21
-162.14
  0
LINE
  8
0
 10
136.71
 20
-162.14
 11
138.135
 21
-159.895
  0
LINE
  8
0
 10
138.135
 20
-159.895
 11
139.465
 21
-157.591
  0
LINE
  8
0
 10
139.465
 20
-157.591
 11
140.698
 21
-155.234
  0
LINE
  8
0
 10
140.698
 20
-155.234
 11
141.83
 21
-152.827
  0
LINE
  8
0
 10
141.83
 20
-152.827
 11
142.861
 21
-150.376
  0
LINE
  8
0
 10
142.861
 20
-150.376
 11
143.788
 21
-147.883
  0
LINE
  8
0
 10
143.788
 20
-147.883
 11
144.61
 21
-145.353
  0
LINE
  8
0
 10
144.61
 20
-145.353
 11
145.325
 21
-142.792
  0
LINE
  8
0
 10
145.325
 20
-142.792
 11
145.932
 21
-140.202
  0
LINE
  8
0
 10
145.932
 20
-140.202
 11
146.431
 21
-137.59
  0
LINE
  8
0
 10
146.431
 20
-137.59
 11
146.819
 21
-134.958
  0
LINE
  8
0
 10
146.819
 20
-134.958
 11
147.097
 21
-132.313
  0
LINE
  8
0
 10
147.097
 20
-132.313
 11
147.264
 21
-129.659
  0
LINE
  8
0
 10
147.264
 20
-129.659
 11
147.32
 21
-127
  0
LINE
  8
0
 10
147.32
 20
-127
 11
147.574
 21
-38.1
  0
LINE
  8
0
 10
147.574
 20
-38.1
 11
147.574
 21
38.1
  0
LINE
  8
0
 10
147.574
 20
38.1
 11
123.35
 21
150.262
  0
LINE
  8
0
 10
123.35
 20
150.262
 11
122.864
 21
152.333
  0
LINE
  8
0
 10
122.864
 20
152.333
 11
122.292
 21
154.382
  0
LINE
  8
0
 10
122.292
 20
154.382
 11
121.634
 21
156.406
  0
LINE
  8
0
 10
121.634
 20
156.406
 11
120.893
 21
158.4
  0
LINE
  8
0
 10
120.893
 20
158.4
 11
120.068
 21
160.362
  0
LINE
  8
0
 10
120.068
 20
160.362
 11
119.162
 21
162.287
  0
LINE
  8
0
 10
119.162
 20
162.287
 11
118.176
 21
164.173
  0
LINE
  8
0
 10
118.176
 20
164.173
 11
117.112
 21
166.015
  0
LINE
  8
0
 10
117.112
 20
166.015
 11
115.972
 21
167.812
  0
LINE
  8
0
 10
115.972
 20
167.812
 11
114.758
 21
169.559
  0
LINE
  8
0
 10
114.758
 20
169.559
 11
113.471
 21
171.254
  0
LINE
  8
0
 10
113.471
 20
171.254
 11
112.115
 21
172.894
  0
LINE
  8
0
 10
112.115
 20
172.894
 11
110.691
 21
174.475
  0
LINE
  8
0
 10
110.691
 20
174.475
 11
109.203
 21
175.995
  0
LINE
  8
0
 10
109.203
 20
175.995
 11
107.652
 21
177.452
  0
LINE
  8
0
 10
107.652
 20
177.452
 11
106.041
 21
178.842
  0
LINE
  8
0
 10
106.041
 20
178.842
 11
104.373
 21
180.163
  0
LINE
  8
0
 10
104.373
 20
180.163
 11
102.652
 21
181.414
  0
LINE
  8
0
 10
102.652
 20
181.414
 11
100.88
 21
182.592
  0
LINE
  8
0
 10
100.88
 20
182.592
 11
99.0598
 21
183.694
  0
LINE
  8
0
 10
99.0598
 20
183.694
 11
97.1952
 21
184.719
  0
LINE
  8
0
 10
97.1952
 20
184.719
 11
95.2895
 21
185.665
  0
LINE
  8
0
 10
95.2895
 20
185.665
 11
93.3455
 21
186.53
  0
LINE
  8
0
 10
93.3455
 20
186.53
 11
91.3673
 21
187.314
  0
LINE
  8
0
 10
91.3673
 20
187.314
 11
89.3577
 21
188.013
  0
LINE
  8
0
 10
89.3577
 20
188.013
 11
87.321
 21
188.628
  0
LINE
  8
0
 10
87.321
 20
188.628
 11
85.2599
 21
189.157
  0
LINE
  8
0
 10
85.2599
 20
189.157
 11
83.1786
 21
189.6
  0
LINE
  8
0
 10
83.1786
 20
189.6
 11
81.0807
 21
189.955
  0
LINE
  8
0
 10
81.0807
 20
189.955
 11
78.97
 21
190.221
  0
LINE
  8
0
 10
78.97
 20
190.221
 11
76.8496
 21
190.4
  0
LINE
  8
0
 10
76.8496
 20
190.4
 11
74.7237
 21
190.489
  0
LINE
  8
0
 10
74.7237
 20
190.489
 11
7.48675
 21
190.498
  0
LINE
  8
0
 10
7.48675
 20
190.498
 11
7.22126
 21
190.487
  0
LINE
  8
0
 10
7.22126
 20
190.487
 11
6.95616
 21
190.465
  0
LINE
  8
0
 10
6.95616
 20
190.465
 11
6.69223
 21
190.432
  0
LINE
  8
0
 10
6.69223
 20
190.432
 11
6.42984
 21
190.387
  0
LINE
  8
0
 10
6.42984
 20
190.387
 11
6.16978
 21
190.332
  0
LINE
  8
0
 10
6.16978
 20
190.332
 11
5.91204
 21
190.266
  0
LINE
  8
0
 10
5.91204
 20
190.266
 11
5.65741
 21
190.189
  0
LINE
  8
0
 10
5.65741
 20
190.189
 11
5.40626
 21
190.102
  0
LINE
  8
0
 10
5.40626
 20
190.102
 11
5.15899
 21
190.004
  0
LINE
  8
0
 10
5.15899
 20
190.004
 11
4.91598
 21
189.895
  0
LINE
  8
0
 10
4.91598
 20
189.895
 11
4.67801
 21
189.777
  0
LINE
  8
0
 10
4.67801
 20
189.777
 11
4.44469
 21
189.649
  0
LINE
  8
0
 10
4.44469
 20
189.649
 11
4.21718
 21
189.511
  0
LINE
  8
0
 10
4.21718
 20
189.511
 11
3.99588
 21
189.364
  0
LINE
  8
0
 10
3.99588
 20
189.364
 11
3.78078
 21
189.208
  0
LINE
  8
0
 10
3.78078
 20
189.208
 11
3.57226
 21
189.043
  0
LINE
  8
0
 10
3.57226
 20
189.043
 11
3.37072
 21
188.869
  0
LINE
  8
0
 10
3.37072
 20
188.869
 11
3.17694
 21
188.687
  0
LINE
  8
0
 10
3.17694
 20
188.687
 11
2.9909
 21
188.497
  0
LINE
  8
0
 10
2.9909
 20
188.497
 11
2.81301
 21
188.299
  0
LINE
  8
0
 10
2.81301
 20
188.299
 11
2.64325
 21
188.094
  0
LINE
  8
0
 10
2.64325
 20
188.094
 11
2.48241
 21
187.882
  0
LINE
  8
0
 10
2.48241
 20
187.882
 11
2.33087
 21
187.664
  0
LINE
  8
0
 10
2.33087
 20
187.664
 11
2.18824
 21
187.439
  0
LINE
  8
0
 10
2.18824
 20
187.439
 11
2.0553
 21
187.209
  0
LINE
  8
0
 10
2.0553
 20
187.209
 11
1.93205
 21
186.973
  0
LINE
  8
0
 10
1.93205
 20
186.973
 11
1.81888
 21
186.732
  0
LINE
  8
0
 10
1.81888
 20
186.732
 11
1.71579
 21
186.487
  0
LINE
  8
0
 10
1.71579
 20
186.487
 11
1.62316
 21
186.238
  0
LINE
  8
0
 10
1.62316
 20
186.238
 11
1.54099
 21
185.985
  0
LINE
  8
0
 10
1.54099
 20
185.985
 11
1.46929
 21
185.729
  0
LINE
  8
0
 10
1.46929
 20
185.729
 11
1.40844
 21
185.47
  0
LINE
  8
0
 10
1.40844
 20
185.47
 11
1.35883
 21
185.209
  0
LINE
  8
0
 10
1.35883
 20
185.209
 11
1.31969
 21
184.946
  0
LINE
  8
0
 10
1.31969
 20
184.946
 11
1.29217
 21
184.681
  0
LINE
  8
0
 10
1.29217
 20
184.681
 11
1.2755
 21
184.416
  0
LINE
  8
0
 10
1.2755
 20
184.416
 11
1.26969
 21
184.15
  0
LINE
  8
0
 10
1.26969
 20
184.15
 11
1.26969
 21
-184.15
  0
LINE
  8
0
 10
1.26969
 20
-184.15
 11
1.2755
 21
-184.416
  0
LINE
  8
0
 10
1.2755
 20
-184.416
 11
1.29217
 21
-184.681
  0
LINE
  8
0
 10
1.29217
 20
-184.681
 11
1.31969
 21
-184.946
  0
LINE
  8
0
 10
1.31969
 20
-184.946
 11
1.35883
 21
-185.209
  0
LINE
  8
0
 10
1.35883
 20
-185.209
 11
1.40844
 21
-185.47
  0
LINE
  8
0
 10
1.40844
 20
-185.47
 11
1.46929
 21
-185.729
  0
LINE
  8
0
 10
1.46929
 20
-185.729
 11
1.54099
 21
-185.985
  0
LINE
  8
0
 10
1.54099
 20
-185.985
 11
1.62316
 21
-186.238
  0
LINE
  8
0
 10
1.62316
 20
-186.238
 11
1.71579
 21
-186.487
  0
LINE
  8
0
 10
1.71579
 20
-186.487
 11
1.81888
 21
-186.732
  0
LINE
  8
0
 10
1.81888
 20
-186.732
 11
1.93205
 21
-186.973
  0
LINE
  8
0
 10
1.93205
 20
-186.973
 11
2.0553
 21
-187.209
  0
LINE
  8
0
 10
2.0553
 20
-187.209
 11
2.18824
 21
-187.439
  0
LINE
  8
0
 10
2.18824
 20
-187.439
 11
2.33087
 21
-187.664
  0
LINE
  8
0
 10
2.33087
 20
-187.664
 11
2.48241
 21
-187.882
  0
LINE
  8
0
 10
2.48241
 20
-187.882
 11
2.64325
 21
-188.094
  0
LINE
  8
0
 10
2.64325
 20
-188.094
 11
2.81301
 21
-188.299
  0
LINE
  8
0
 10
2.81301
 20
-188.299
 11
2.9909
 21
-188.497
  0
LINE
  8
0
 10
2.9909
 20
-188.497
 11
3.17694
 21
-188.687
  0
LINE
  8
0
 10
3.17694
 20
-188.687
 11
3.37072
 21
-188.869
  0
LINE
  8
0
 10
3.37072
 20
-188.869
 11
3.57226
 21
-189.043
  0
LINE
  8
0
 10
3.57226
 20
-189.043
 11
3.78078
 21
-189.208
  0
LINE
  8
0
 10
3.78078
 20
-189.208
 11
3.99588
 21
-189.364
  0
LINE
  8
0
 10
3.99588
 20
-189.364
 11
4.21718
 21
-189.511
  0
LINE
  8
0
 10
4.21718
 20
-189.511
 11
4.44469
 21
-189.649
  0
LINE
  8
0
 10
4.44469
 20
-189.649
 11
4.67801
 21
-189.777
  0
LINE
  8
0
 10
4.67801
 20
-189.777
 11
4.91598
 21
-189.895
  0
LINE
  8
0
 10
4.91598
 20
-189.895
 11
5.15899
 21
-190.004
  0
LINE
  8
0
 10
5.15899
 20
-190.004
 11
5.40626
 21
-190.102
  0
LINE
  8
0
 10
5.40626
 20
-190.102
 11
5.65741
 21
-190.189
  0
LINE
  8
0
 10
5.65741
 20
-190.189
 11
5.91204
 21
-190.266
  0
LINE
  8
0
 10
5.91204
 20
-190.266
 11
6.16978
 21
-190.332
  0
LINE
  8
0
 10
6.16978
 20
-190.332
 11
6.42984
 21
-190.387
  0
LINE
  8
0
 10
6.42984
 20
-190.387
 11
6.69223
 21
-190.432
  0
LINE
  8
0
 10
6.69223
 20
-190.432
 11
6.95616
 21
-190.465
  0
LINE
  8
0
 10
6.95616
 20
-190.465
 11
7.22126
 21
-190.487
  0
LINE
  8
0
 10
7.22126
 20
-190.487
 11
7.48675
 21
-190.498
  0
LINE
  8
0
 10
7.48675
 20
-190.498
 11
85.1498
 21
-190.486
  0
LINE
  8
0
 10
12.657
 20
183.95
 11
12.5709
 21
183.954
  0
LINE
  8
0
 10
12.5709
 20
183.954
 11
12.4857
 21
183.961
  0
LINE
  8
0
 10
12.4857
 20
183.961
 11
12.4004
 21
183.972
  0
LINE
  8
0
 10
12.4004
 20
183.972
 11
12.3155
 21
183.986
  0
LINE
  8
0
 10
12.3155
 20
183.986
 11
12.2318
 21
184.004
  0
LINE
  8
0
 10
12.2318
 20
184.004
 11
12.1485
 21
184.025
  0
LINE
  8
0
 10
12.1485
 20
184.025
 11
12.0663
 21
184.05
  0
LINE
  8
0
 10
12.0663
 20
184.05
 11
11.9853
 21
184.078
  0
LINE
  8
0
 10
11.9853
 20
184.078
 11
11.9055
 21
184.11
  0
LINE
  8
0
 10
11.9055
 20
184.11
 11
11.8268
 21
184.145
  0
LINE
  8
0
 10
11.8268
 20
184.145
 11
11.7501
 21
184.183
  0
LINE
  8
0
 10
11.7501
 20
184.183
 11
11.6749
 21
184.224
  0
LINE
  8
0
 10
11.6749
 20
184.224
 11
11.6012
 21
184.269
  0
LINE
  8
0
 10
11.6012
 20
184.269
 11
11.5299
 21
184.316
  0
LINE
  8
0
 10
11.5299
 20
184.316
 11
11.4605
 21
184.367
  0
LINE
  8
0
 10
11.4605
 20
184.367
 11
11.3931
 21
184.42
  0
LINE
  8
0
 10
11.3931
 20
184.42
 11
11.328
 21
184.476
  0
LINE
  8
0
 10
11.328
 20
184.476
 11
11.2656
 21
184.535
  0
LINE
  8
0
 10
11.2656
 20
184.535
 11
11.2055
 21
184.596
  0
LINE
  8
0
 10
11.2055
 20
184.596
 11
11.1482
 21
184.66
  0
LINE
  8
0
 10
11.1482
 20
184.66
 11
11.0931
 21
184.726
  0
LINE
  8
0
 10
11.0931
 20
184.726
 11
11.0412
 21
184.795
  0
LINE
  8
0
 10
11.0412
 20
184.795
 11
10.9924
 21
184.865
  0
LINE
  8
0
 10
10.9924
 20
184.865
 11
10.9462
 21
184.938
  0
LINE
  8
0
 10
10.9462
 20
184.938
 11
10.9032
 21
185.012
  0
LINE
  8
0
 10
10.9032
 20
185.012
 11
10.8637
 21
185.088
  0
LINE
  8
0
 10
10.8637
 20
185.088
 11
10.8272
 21
185.166
  0
LINE
  8
0
 10
10.8272
 20
185.166
 11
10.7939
 21
185.245
  0
LINE
  8
0
 10
10.7939
 20
185.245
 11
10.7637
 21
185.326
  0
LINE
  8
0
 10
10.7637
 20
185.326
 11
10.7373
 21
185.407
  0
LINE
  8
0
 10
10.7373
 20
185.407
 11
10.7141
 21
185.49
  0
LINE
  8
0
 10
10.7141
 20
185.49
 11
10.6947
 21
185.574
  0
LINE
  8
0
 10
10.6947
 20
185.574
 11
10.6784
 21
185.658
  0
LINE
  8
0
 10
10.6784
 20
185.658
 11
10.666
 21
185.743
  0
LINE
  8
0
 10
10.666
 20
185.743
 11
10.6571
 21
185.828
  0
LINE
  8
0
 10
10.6571
 20
185.828
 11
10.6517
 21
185.914
  0
LINE
  8
0
 10
10.6517
 20
185.914
 11
10.6497
 21
186
  0
LINE
  8
0
 10
10.6497
 20
186
 11
10.6517
 21
186.086
  0
LINE
  8
0
 10
10.6517
 20
186.086
 11
10.6571
 21
186.171
  0
LINE
  8
0
 10
10.6571
 20
186.171
 11
10.666
 21
186.257
  0
LINE
  8
0
 10
10.666
 20
186.257
 11
10.6784
 21
186.342
  0
LINE
  8
0
 10
10.6784
 20
186.342
 11
10.6947
 21
186.426
  0
LINE
  8
0
 10
10.6947
 20
186.426
 11
10.7141
 21
186.51
  0
LINE
  8
0
 10
10.7141
 20
186.51
 11
10.7373
 21
186.592
  0
LINE
  8
0
 10
10.7373
 20
186.592
 11
10.7637
 21
186.674
  0
LINE
  8
0
 10
10.7637
 20
186.674
 11
10.7939
 21
186.754
  0
LINE
  8
0
 10
10.7939
 20
186.754
 11
10.8272
 21
186.834
  0
LINE
  8
0
 10
10.8272
 20
186.834
 11
10.8637
 21
186.911
  0
LINE
  8
0
 10
10.8637
 20
186.911
 11
10.9032
 21
186.987
  0
LINE
  8
0
 10
10.9032
 20
186.987
 11
10.9462
 21
187.062
  0
LINE
  8
0
 10
10.9462
 20
187.062
 11
10.9924
 21
187.134
  0
LINE
  8
0
 10
10.9924
 20
187.134
 11
11.0412
 21
187.205
  0
LINE
  8
0
 10
11.0412
 20
187.205
 11
11.0931
 21
187.273
  0
LINE
  8
0
 10
11.0931
 20
187.273
 11
11.1482
 21
187.339
  0
LINE
  8
0
 10
11.1482
 20
187.339
 11
11.2055
 21
187.403
  0
LINE
  8
0
 10
11.2055
 20
187.403
 11
11.2656
 21
187.465
  0
LINE
  8
0
 10
11.2656
 20
187.465
 11
11.328
 21
187.523
  0
LINE
  8
0
 10
11.328
 20
187.523
 11
11.3931
 21
187.579
  0
LINE
  8
0
 10
11.3931
 20
187.579
 11
11.4605
 21
187.633
  0
LINE
  8
0
 10
11.4605
 20
187.633
 11
11.5299
 21
187.683
  0
LINE
  8
0
 10
11.5299
 20
187.683
 11
11.6012
 21
187.731
  0
LINE
  8
0
 10
11.6012
 20
187.731
 11
11.6749
 21
187.775
  0
LINE
  8
0
 10
11.6749
 20
187.775
 11
11.7501
 21
187.816
  0
LINE
  8
0
 10
11.7501
 20
187.816
 11
11.8268
 21
187.855
  0
LINE
  8
0
 10
11.8268
 20
187.855
 11
11.9055
 21
187.89
  0
LINE
  8
0
 10
11.9055
 20
187.89
 11
11.9853
 21
187.921
  0
LINE
  8
0
 10
11.9853
 20
187.921
 11
12.0663
 21
187.949
  0
LINE
  8
0
 10
12.0663
 20
187.949
 11
12.1485
 21
187.974
  0
LINE
  8
0
 10
12.1485
 20
187.974
 11
12.2318
 21
187.996
  0
LINE
  8
0
 10
12.2318
 20
187.996
 11
12.3155
 21
188.013
  0
LINE
  8
0
 10
12.3155
 20
188.013
 11
12.4004
 21
188.028
  0
LINE
  8
0
 10
12.4004
 20
188.028
 11
12.4857
 21
188.039
  0
LINE
  8
0
 10
12.4857
 20
188.039
 11
12.5709
 21
188.046
  0
LINE
  8
0
 10
12.5709
 20
188.046
 11
12.657
 21
188.049
  0
LINE
  8
0
 10
12.657
 20
188.049
 11
12.7426
 21
188.049
  0
LINE
  8
0
 10
12.7426
 20
188.049
 11
12.8287
 21
188.046
  0
LINE
  8
0
 10
12.8287
 20
188.046
 11
12.9139
 21
188.039
  0
LINE
  8
0
 10
12.9139
 20
188.039
 11
12.9992
 21
188.028
  0
LINE
  8
0
 10
12.9992
 20
188.028
 11
13.0841
 21
188.013
  0
LINE
  8
0
 10
13.0841
 20
188.013
 11
13.1678
 21
187.996
  0
LINE
  8
0
 10
13.1678
 20
187.996
 11
13.2511
 21
187.974
  0
LINE
  8
0
 10
13.2511
 20
187.974
 11
13.3333
 21
187.949
  0
LINE
  8
0
 10
13.3333
 20
187.949
 11
13.4143
 21
187.921
  0
LINE
  8
0
 10
13.4143
 20
187.921
 11
13.4941
 21
187.89
  0
LINE
  8
0
 10
13.4941
 20
187.89
 11
13.5728
 21
187.855
  0
LINE
  8
0
 10
13.5728
 20
187.855
 11
13.6496
 21
187.816
  0
LINE
  8
0
 10
13.6496
 20
187.816
 11
13.7247
 21
187.775
  0
LINE
  8
0
 10
13.7247
 20
187.775
 11
13.7984
 21
187.731
  0
LINE
  8
0
 10
13.7984
 20
187.731
 11
13.8697
 21
187.683
  0
LINE
  8
0
 10
13.8697
 20
187.683
 11
13.9391
 21
187.633
  0
LINE
  8
0
 10
13.9391
 20
187.633
 11
14.0065
 21
187.579
  0
LINE
  8
0
 10
14.0065
 20
187.579
 11
14.0716
 21
187.523
  0
LINE
  8
0
 10
14.0716
 20
187.523
 11
14.134
 21
187.465
  0
LINE
  8
0
 10
14.134
 20
187.465
 11
14.1941
 21
187.403
  0
LINE
  8
0
 10
14.1941
 20
187.403
 11
14.2518
 21
187.339
  0
LINE
  8
0
 10
14.2518
 20
187.339
 11
14.3065
 21
187.273
  0
LINE
  8
0
 10
14.3065
 20
187.273
 11
14.3584
 21
187.205
  0
LINE
  8
0
 10
14.3584
 20
187.205
 11
14.4073
 21
187.134
  0
LINE
  8
0
 10
14.4073
 20
187.134
 11
14.4534
 21
187.062
  0
LINE
  8
0
 10
14.4534
 20
187.062
 11
14.4964
 21
186.987
  0
LINE
  8
0
 10
14.4964
 20
186.987
 11
14.5359
 21
186.911
  0
LINE
  8
0
 10
14.5359
 20
186.911
 11
14.5728
 21
186.834
  0
LINE
  8
0
 10
14.5728
 20
186.834
 11
14.6057
 21
186.754
  0
LINE
  8
0
 10
14.6057
 20
186.754
 11
14.6359
 21
186.674
  0
LINE
  8
0
 10
14.6359
 20
186.674
 11
14.6623
 21
186.592
  0
LINE
  8
0
 10
14.6623
 20
186.592
 11
14.6855
 21
186.51
  0
LINE
  8
0
 10
14.6855
 20
186.51
 11
14.7049
 21
186.426
  0
LINE
  8
0
 10
14.7049
 20
186.426
 11
14.7212
 21
186.342
  0
LINE
  8
0
 10
14.7212
 20
186.342
 11
14.7336
 21
186.257
  0
LINE
  8
0
 10
14.7336
 20
186.257
 11
14.7425
 21
186.171
  0
LINE
  8
0
 10
14.7425
 20
186.171
 11
14.7479
 21
186.086
  0
LINE
  8
0
 10
14.7479
 20
186.086
 11
14.7499
 21
186
  0
LINE
  8
0
 10
14.7499
 20
186
 11
14.7479
 21
185.914
  0
LINE
  8
0
 10
14.7479
 20
185.914
 11
14.7425
 21
185.828
  0
LINE
  8
0
 10
14.7425
 20
185.828
 11
14.7336
 21
185.743
  0
LINE
  8
0
 10
14.7336
 20
185.743
 11
14.7212
 21
185.658
  0
LINE
  8
0
 10
14.7212
 20
185.658
 11
14.7049
 21
185.574
  0
LINE
  8
0
 10
14.7049
 20
185.574
 11
14.6855
 21
185.49
  0
LINE
  8
0
 10
14.6855
 20
185.49
 11
14.6623
 21
185.407
  0
LINE
  8
0
 10
14.6623
 20
185.407
 11
14.6359
 21
185.326
  0
LINE
  8
0
 10
14.6359
 20
185.326
 11
14.6057
 21
185.245
  0
LINE
  8
0
 10
14.6057
 20
185.245
 11
14.5728
 21
185.166
  0
LINE
  8
0
 10
14.5728
 20
185.166
 11
14.5359
 21
185.088
  0
LINE
  8
0
 10
14.5359
 20
185.088
 11
14.4964
 21
185.012
  0
LINE
  8
0
 10
14.4964
 20
185.012
 11
14.4534
 21
184.938
  0
LINE
  8
0
 10
14.4534
 20
184.938
 11
14.4073
 21
184.865
  0
LINE
  8
0
 10
14.4073
 20
184.865
 11
14.3584
 21
184.795
  0
LINE
  8
0
 10
14.3584
 20
184.795
 11
14.3065
 21
184.726
  0
LINE
  8
0
 10
14.3065
 20
184.726
 11
14.2518
 21
184.66
  0
LINE
  8
0
 10
14.2518
 20
184.66
 11
14.1941
 21
184.596
  0
LINE
  8
0
 10
14.1941
 20
184.596
 11
14.134
 21
184.535
  0
LINE
  8
0
 10
14.134
 20
184.535
 11
14.0716
 21
184.476
  0
LINE
  8
0
 10
14.0716
 20
184.476
 11
14.0065
 21
184.42
  0
LINE
  8
0
 10
14.0065
 20
184.42
 11
13.9391
 21
184.367
  0
LINE
  8
0
 10
13.9391
 20
184.367
 11
13.8697
 21
184.316
  0
LINE
  8
0
 10
13.8697
 20
184.316
 11
13.7984
 21
184.269
  0
LINE
  8
0
 10
13.7984
 20
184.269
 11
13.7247
 21
184.224
  0
LINE
  8
0
 10
13.7247
 20
184.224
 11
13.6496
 21
184.183
  0
LINE
  8
0
 10
13.6496
 20
184.183
 11
13.5728
 21
184.145
  0
LINE
  8
0
 10
13.5728
 20
184.145
 11
13.4941
 21
184.11
  0
LINE
  8
0
 10
13.4941
 20
184.11
 11
13.4143
 21
184.078
  0
LINE
  8
0
 10
13.4143
 20
184.078
 11
13.3333
 21
184.05
  0
LINE
  8
0
 10
13.3333
 20
184.05
 11
13.2511
 21
184.025
  0
LINE
  8
0
 10
13.2511
 20
184.025
 11
13.1678
 21
184.004
  0
LINE
  8
0
 10
13.1678
 20
184.004
 11
13.0841
 21
183.986
  0
LINE
  8
0
 10
13.0841
 20
183.986
 11
12.9992
 21
183.972
  0
LINE
  8
0
 10
12.9992
 20
183.972
 11
12.9139
 21
183.961
  0
LINE
  8
0
 10
12.9139
 20
183.961
 11
12.8287
 21
183.954
  0
LINE
  8
0
 10
12.8287
 20
183.954
 11
12.7426
 21
183.95
  0
LINE
  8
0
 10
12.7426
 20
183.95
 11
12.657
 21
183.95
  0
LINE
  8
0
 10
28.6568
 20
183.95
 11
28.5711
 21
183.954
  0
LINE
  8
0
 10
28.5711
 20
183.954
 11
28.4855
 21
183.961
  0
LINE
  8
0
 10
28.4855
 20
183.961
 11
28.4002
 21
183.972
  0
LINE
  8
0
 10
28.4002
 20
183.972
 11
28.3157
 21
183.986
  0
LINE
  8
0
 10
28.3157
 20
183.986
 11
28.2316
 21
184.004
  0
LINE
  8
0
 10
28.2316
 20
184.004
 11
28.1487
 21
184.025
  0
LINE
  8
0
 10
28.1487
 20
184.025
 11
28.0665
 21
184.05
  0
LINE
  8
0
 10
28.0665
 20
184.05
 11
27.9851
 21
184.078
  0
LINE
  8
0
 10
27.9851
 20
184.078
 11
27.9053
 21
184.11
  0
LINE
  8
0
 10
27.9053
 20
184.11
 11
27.827
 21
184.145
  0
LINE
  8
0
 10
27.827
 20
184.145
 11
27.7499
 21
184.183
  0
LINE
  8
0
 10
27.7499
 20
184.183
 11
27.6747
 21
184.224
  0
LINE
  8
0
 10
27.6747
 20
184.224
 11
27.6014
 21
184.269
  0
LINE
  8
0
 10
27.6014
 20
184.269
 11
27.5297
 21
184.316
  0
LINE
  8
0
 10
27.5297
 20
184.316
 11
27.4603
 21
184.367
  0
LINE
  8
0
 10
27.4603
 20
184.367
 11
27.3929
 21
184.42
  0
LINE
  8
0
 10
27.3929
 20
184.42
 11
27.3282
 21
184.476
  0
LINE
  8
0
 10
27.3282
 20
184.476
 11
27.2654
 21
184.535
  0
LINE
  8
0
 10
27.2654
 20
184.535
 11
27.2053
 21
184.596
  0
LINE
  8
0
 10
27.2053
 20
184.596
 11
27.148
 21
184.66
  0
LINE
  8
0
 10
27.148
 20
184.66
 11
27.0933
 21
184.726
  0
LINE
  8
0
 10
27.0933
 20
184.726
 11
27.0414
 21
184.795
  0
LINE
  8
0
 10
27.0414
 20
184.795
 11
26.9922
 21
184.865
  0
LINE
  8
0
 10
26.9922
 20
184.865
 11
26.9464
 21
184.938
  0
LINE
  8
0
 10
26.9464
 20
184.938
 11
26.9034
 21
185.012
  0
LINE
  8
0
 10
26.9034
 20
185.012
 11
26.8635
 21
185.088
  0
LINE
  8
0
 10
26.8635
 20
185.088
 11
26.827
 21
185.166
  0
LINE
  8
0
 10
26.827
 20
185.166
 11
26.7937
 21
185.245
  0
LINE
  8
0
 10
26.7937
 20
185.245
 11
26.7639
 21
185.326
  0
LINE
  8
0
 10
26.7639
 20
185.326
 11
26.7371
 21
185.407
  0
LINE
  8
0
 10
26.7371
 20
185.407
 11
26.7143
 21
185.49
  0
LINE
  8
0
 10
26.7143
 20
185.49
 11
26.6945
 21
185.574
  0
LINE
  8
0
 10
26.6945
 20
185.574
 11
26.6786
 21
185.658
  0
LINE
  8
0
 10
26.6786
 20
185.658
 11
26.6658
 21
185.743
  0
LINE
  8
0
 10
26.6658
 20
185.743
 11
26.6569
 21
185.828
  0
LINE
  8
0
 10
26.6569
 20
185.828
 11
26.6515
 21
185.914
  0
LINE
  8
0
 10
26.6515
 20
185.914
 11
26.6499
 21
186
  0
LINE
  8
0
 10
26.6499
 20
186
 11
26.6515
 21
186.086
  0
LINE
  8
0
 10
26.6515
 20
186.086
 11
26.6569
 21
186.171
  0
LINE
  8
0
 10
26.6569
 20
186.171
 11
26.6658
 21
186.257
  0
LINE
  8
0
 10
26.6658
 20
186.257
 11
26.6786
 21
186.342
  0
LINE
  8
0
 10
26.6786
 20
186.342
 11
26.6945
 21
186.426
  0
LINE
  8
0
 10
26.6945
 20
186.426
 11
26.7143
 21
186.51
  0
LINE
  8
0
 10
26.7143
 20
186.51
 11
26.7371
 21
186.592
  0
LINE
  8
0
 10
26.7371
 20
186.592
 11
26.7639
 21
186.674
  0
LINE
  8
0
 10
26.7639
 20
186.674
 11
26.7937
 21
186.754
  0
LINE
  8
0
 10
26.7937
 20
186.754
 11
26.827
 21
186.834
  0
LINE
  8
0
 10
26.827
 20
186.834
 11
26.8635
 21
186.911
  0
LINE
  8
0
 10
26.8635
 20
186.911
 11
26.9034
 21
186.987
  0
LINE
  8
0
 10
26.9034
 20
186.987
 11
26.9464
 21
187.062
  0
LINE
  8
0
 10
26.9464
 20
187.062
 11
26.9922
 21
187.134
  0
LINE
  8
0
 10
26.9922
 20
187.134
 11
27.0414
 21
187.205
  0
LINE
  8
0
 10
27.0414
 20
187.205
 11
27.0933
 21
187.273
  0
LINE
  8
0
 10
27.0933
 20
187.273
 11
27.148
 21
187.339
  0
LINE
  8
0
 10
27.148
 20
187.339
 11
27.2053
 21
187.403
  0
LINE
  8
0
 10
27.2053
 20
187.403
 11
27.2654
 21
187.465
  0
LINE
  8
0
 10
27.2654
 20
187.465
 11
27.3282
 21
187.523
  0
LINE
  8
0
 10
27.3282
 20
187.523
 11
27.3929
 21
187.579
  0
LINE
  8
0
 10
27.3929
 20
187.579
 11
27.4603
 21
187.633
  0
LINE
  8
0
 10
27.4603
 20
187.633
 11
27.5297
 21
187.683
  0
LINE
  8
0
 10
27.5297
 20
187.683
 11
27.6014
 21
187.731
  0
LINE
  8
0
 10
27.6014
 20
187.731
 11
27.6747
 21
187.775
  0
LINE
  8
0
 10
27.6747
 20
187.775
 11
27.7499
 21
187.816
  0
LINE
  8
0
 10
27.7499
 20
187.816
 11
27.827
 21
187.855
  0
LINE
  8
0
 10
27.827
 20
187.855
 11
27.9053
 21
187.89
  0
LINE
  8
0
 10
27.9053
 20
187.89
 11
27.9851
 21
187.921
  0
LINE
  8
0
 10
27.9851
 20
187.921
 11
28.0665
 21
187.949
  0
LINE
  8
0
 10
28.0665
 20
187.949
 11
28.1487
 21
187.974
  0
LINE
  8
0
 10
28.1487
 20
187.974
 11
28.2316
 21
187.996
  0
LINE
  8
0
 10
28.2316
 20
187.996
 11
28.3157
 21
188.013
  0
LINE
  8
0
 10
28.3157
 20
188.013
 11
28.4002
 21
188.028
  0
LINE
  8
0
 10
28.4002
 20
188.028
 11
28.4855
 21
188.039
  0
LINE
  8
0
 10
28.4855
 20
188.039
 11
28.5711
 21
188.046
  0
LINE
  8
0
 10
28.5711
 20
188.046
 11
28.6568
 21
188.049
  0
LINE
  8
0
 10
28.6568
 20
188.049
 11
28.7428
 21
188.049
  0
LINE
  8
0
 10
28.7428
 20
188.049
 11
28.8285
 21
188.046
  0
LINE
  8
0
 10
28.8285
 20
188.046
 11
28.9141
 21
188.039
  0
LINE
  8
0
 10
28.9141
 20
188.039
 11
28.9994
 21
188.028
  0
LINE
  8
0
 10
28.9994
 20
188.028
 11
29.0839
 21
188.013
  0
LINE
  8
0
 10
29.0839
 20
188.013
 11
29.168
 21
187.996
  0
LINE
  8
0
 10
29.168
 20
187.996
 11
29.2509
 21
187.974
  0
LINE
  8
0
 10
29.2509
 20
187.974
 11
29.3335
 21
187.949
  0
LINE
  8
0
 10
29.3335
 20
187.949
 11
29.4145
 21
187.921
  0
LINE
  8
0
 10
29.4145
 20
187.921
 11
29.4943
 21
187.89
  0
LINE
  8
0
 10
29.4943
 20
187.89
 11
29.5726
 21
187.855
  0
LINE
  8
0
 10
29.5726
 20
187.855
 11
29.6497
 21
187.816
  0
LINE
  8
0
 10
29.6497
 20
187.816
 11
29.7249
 21
187.775
  0
LINE
  8
0
 10
29.7249
 20
187.775
 11
29.7982
 21
187.731
  0
LINE
  8
0
 10
29.7982
 20
187.731
 11
29.8699
 21
187.683
  0
LINE
  8
0
 10
29.8699
 20
187.683
 11
29.9393
 21
187.633
  0
LINE
  8
0
 10
29.9393
 20
187.633
 11
30.0067
 21
187.579
  0
LINE
  8
0
 10
30.0067
 20
187.579
 11
30.0714
 21
187.523
  0
LINE
  8
0
 10
30.0714
 20
187.523
 11
30.1342
 21
187.465
  0
LINE
  8
0
 10
30.1342
 20
187.465
 11
30.1943
 21
187.403
  0
LINE
  8
0
 10
30.1943
 20
187.403
 11
30.2516
 21
187.339
  0
LINE
  8
0
 10
30.2516
 20
187.339
 11
30.3063
 21
187.273
  0
LINE
  8
0
 10
30.3063
 20
187.273
 11
30.3582
 21
187.205
  0
LINE
  8
0
 10
30.3582
 20
187.205
 11
30.4074
 21
187.134
  0
LINE
  8
0
 10
30.4074
 20
187.134
 11
30.4532
 21
187.062
  0
LINE
  8
0
 10
30.4532
 20
187.062
 11
30.4962
 21
186.987
  0
LINE
  8
0
 10
30.4962
 20
186.987
 11
30.5361
 21
186.911
  0
LINE
  8
0
 10
30.5361
 20
186.911
 11
30.5726
 21
186.834
  0
LINE
  8
0
 10
30.5726
 20
186.834
 11
30.6059
 21
186.754
  0
LINE
  8
0
 10
30.6059
 20
186.754
 11
30.6357
 21
186.674
  0
LINE
  8
0
 10
30.6357
 20
186.674
 11
30.6625
 21
186.592
  0
LINE
  8
0
 10
30.6625
 20
186.592
 11
30.6853
 21
186.51
  0
LINE
  8
0
 10
30.6853
 20
186.51
 11
30.7051
 21
186.426
  0
LINE
  8
0
 10
30.7051
 20
186.426
 11
30.721
 21
186.342
  0
LINE
  8
0
 10
30.721
 20
186.342
 11
30.7338
 21
186.257
  0
LINE
  8
0
 10
30.7338
 20
186.257
 11
30.7427
 21
186.171
  0
LINE
  8
0
 10
30.7427
 20
186.171
 11
30.7481
 21
186.086
  0
LINE
  8
0
 10
30.7481
 20
186.086
 11
30.7497
 21
186
  0
LINE
  8
0
 10
30.7497
 20
186
 11
30.7481
 21
185.914
  0
LINE
  8
0
 10
30.7481
 20
185.914
 11
30.7427
 21
185.828
  0
LINE
  8
0
 10
30.7427
 20
185.828
 11
30.7338
 21
185.743
  0
LINE
  8
0
 10
30.7338
 20
185.743
 11
30.721
 21
185.658
  0
LINE
  8
0
 10
30.721
 20
185.658
 11
30.7051
 21
185.574
  0
LINE
  8
0
 10
30.7051
 20
185.574
 11
30.6853
 21
185.49
  0
LINE
  8
0
 10
30.6853
 20
185.49
 11
30.6625
 21
185.407
  0
LINE
  8
0
 10
30.6625
 20
185.407
 11
30.6357
 21
185.326
  0
LINE
  8
0
 10
30.6357
 20
185.326
 11
30.6059
 21
185.245
  0
LINE
  8
0
 10
30.6059
 20
185.245
 11
30.5726
 21
185.166
  0
LINE
  8
0
 10
30.5726
 20
185.166
 11
30.5361
 21
185.088
  0
LINE
  8
0
 10
30.5361
 20
185.088
 11
30.4962
 21
185.012
  0
LINE
  8
0
 10
30.4962
 20
185.012
 11
30.4532
 21
184.938
  0
LINE
  8
0
 10
30.4532
 20
184.938
 11
30.4074
 21
184.865
  0
LINE
  8
0
 10
30.4074
 20
184.865
 11
30.3582
 21
184.795
  0
LINE
  8
0
 10
30.3582
 20
184.795
 11
30.3063
 21
184.726
  0
LINE
  8
0
 10
30.3063
 20
184.726
 11
30.2516
 21
184.66
  0
LINE
  8
0
 10
30.2516
 20
184.66
 11
30.1943
 21
184.596
  0
LINE
  8
0
 10
30.1943
 20
184.596
 11
30.1342
 21
184.535
  0
LINE
  8
0
 10
30.1342
 20
184.535
 11
30.0714
 21
184.476
  0
LINE
  8
0
 10
30.0714
 20
184.476
 11
30.0067
 21
184.42
  0
LINE
  8
0
 10
30.0067
 20
184.42
 11
29.9393
 21
184.367
  0
LINE
  8
0
 10
29.9393
 20
184.367
 11
29.8699
 21
184.316
  0
LINE
  8
0
 10
29.8699
 20
184.316
 11
29.7982
 21
184.269
  0
LINE
  8
0
 10
29.7982
 20
184.269
 11
29.7249
 21
184.224
  0
LINE
  8
0
 10
29.7249
 20
184.224
 11
29.6497
 21
184.183
  0
LINE
  8
0
 10
29.6497
 20
184.183
 11
29.5726
 21
184.145
  0
LINE
  8
0
 10
29.5726
 20
184.145
 11
29.4943
 21
184.11
  0
LINE
  8
0
 10
29.4943
 20
184.11
 11
29.4145
 21
184.078
  0
LINE
  8
0
 10
29.4145
 20
184.078
 11
29.3335
 21
184.05
  0
LINE
  8
0
 10
29.3335
 20
184.05
 11
29.2509
 21
184.025
  0
LINE
  8
0
 10
29.2509
 20
184.025
 11
29.168
 21
184.004
  0
LINE
  8
0
 10
29.168
 20
184.004
 11
29.0839
 21
183.986
  0
LINE
  8
0
 10
29.0839
 20
183.986
 11
28.9994
 21
183.972
  0
LINE
  8
0
 10
28.9994
 20
183.972
 11
28.9141
 21
183.961
  0
LINE
  8
0
 10
28.9141
 20
183.961
 11
28.8285
 21
183.954
  0
LINE
  8
0
 10
28.8285
 20
183.954
 11
28.7428
 21
183.95
  0
LINE
  8
0
 10
28.7428
 20
183.95
 11
28.6568
 21
183.95
  0
LINE
  8
0
 10
44.657
 20
183.95
 11
44.5709
 21
183.954
  0
LINE
  8
0
 10
44.5709
 20
183.954
 11
44.4857
 21
183.961
  0
LINE
  8
0
 10
44.4857
 20
183.961
 11
44.4004
 21
183.972
  0
LINE
  8
0
 10
44.4004
 20
183.972
 11
44.3155
 21
183.986
  0
LINE
  8
0
 10
44.3155
 20
183.986
 11
44.2318
 21
184.004
  0
LINE
  8
0
 10
44.2318
 20
184.004
 11
44.1485
 21
184.025
  0
LINE
  8
0
 10
44.1485
 20
184.025
 11
44.0663
 21
184.05
  0
LINE
  8
0
 10
44.0663
 20
184.05
 11
43.9853
 21
184.078
  0
LINE
  8
0
 10
43.9853
 20
184.078
 11
43.9055
 21
184.11
  0
LINE
  8
0
 10
43.9055
 20
184.11
 11
43.8268
 21
184.145
  0
LINE
  8
0
 10
43.8268
 20
184.145
 11
43.75
 21
184.183
  0
LINE
  8
0
 10
43.75
 20
184.183
 11
43.6749
 21
184.224
  0
LINE
  8
0
 10
43.6749
 20
184.224
 11
43.6012
 21
184.269
  0
LINE
  8
0
 10
43.6012
 20
184.269
 11
43.5299
 21
184.316
  0
LINE
  8
0
 10
43.5299
 20
184.316
 11
43.4605
 21
184.367
  0
LINE
  8
0
 10
43.4605
 20
184.367
 11
43.3931
 21
184.42
  0
LINE
  8
0
 10
43.3931
 20
184.42
 11
43.328
 21
184.476
  0
LINE
  8
0
 10
43.328
 20
184.476
 11
43.2656
 21
184.535
  0
LINE
  8
0
 10
43.2656
 20
184.535
 11
43.2055
 21
184.596
  0
LINE
  8
0
 10
43.2055
 20
184.596
 11
43.1481
 21
184.66
  0
LINE
  8
0
 10
43.1481
 20
184.66
 11
43.0931
 21
184.726
  0
LINE
  8
0
 10
43.0931
 20
184.726
 11
43.0412
 21
184.795
  0
LINE
  8
0
 10
43.0412
 20
184.795
 11
42.9923
 21
184.865
  0
LINE
  8
0
 10
42.9923
 20
184.865
 11
42.9462
 21
184.938
  0
LINE
  8
0
 10
42.9462
 20
184.938
 11
42.9032
 21
185.012
  0
LINE
  8
0
 10
42.9032
 20
185.012
 11
42.8637
 21
185.088
  0
LINE
  8
0
 10
42.8637
 20
185.088
 11
42.8268
 21
185.166
  0
LINE
  8
0
 10
42.8268
 20
185.166
 11
42.7939
 21
185.245
  0
LINE
  8
0
 10
42.7939
 20
185.245
 11
42.7637
 21
185.326
  0
LINE
  8
0
 10
42.7637
 20
185.326
 11
42.7373
 21
185.407
  0
LINE
  8
0
 10
42.7373
 20
185.407
 11
42.7141
 21
185.49
  0
LINE
  8
0
 10
42.7141
 20
185.49
 11
42.6947
 21
185.574
  0
LINE
  8
0
 10
42.6947
 20
185.574
 11
42.6784
 21
185.658
  0
LINE
  8
0
 10
42.6784
 20
185.658
 11
42.666
 21
185.743
  0
LINE
  8
0
 10
42.666
 20
185.743
 11
42.6571
 21
185.828
  0
LINE
  8
0
 10
42.6571
 20
185.828
 11
42.6517
 21
185.914
  0
LINE
  8
0
 10
42.6517
 20
185.914
 11
42.6497
 21
186
  0
LINE
  8
0
 10
42.6497
 20
186
 11
42.6517
 21
186.086
  0
LINE
  8
0
 10
42.6517
 20
186.086
 11
42.6571
 21
186.171
  0
LINE
  8
0
 10
42.6571
 20
186.171
 11
42.666
 21
186.257
  0
LINE
  8
0
 10
42.666
 20
186.257
 11
42.6784
 21
186.342
  0
LINE
  8
0
 10
42.6784
 20
186.342
 11
42.6947
 21
186.426
  0
LINE
  8
0
 10
42.6947
 20
186.426
 11
42.7141
 21
186.51
  0
LINE
  8
0
 10
42.7141
 20
186.51
 11
42.7373
 21
186.592
  0
LINE
  8
0
 10
42.7373
 20
186.592
 11
42.7637
 21
186.674
  0
LINE
  8
0
 10
42.7637
 20
186.674
 11
42.7939
 21
186.754
  0
LINE
  8
0
 10
42.7939
 20
186.754
 11
42.8268
 21
186.834
  0
LINE
  8
0
 10
42.8268
 20
186.834
 11
42.8637
 21
186.911
  0
LINE
  8
0
 10
42.8637
 20
186.911
 11
42.9032
 21
186.987
  0
LINE
  8
0
 10
42.9032
 20
186.987
 11
42.9462
 21
187.062
  0
LINE
  8
0
 10
42.9462
 20
187.062
 11
42.9923
 21
187.134
  0
LINE
  8
0
 10
42.9923
 20
187.134
 11
43.0412
 21
187.205
  0
LINE
  8
0
 10
43.0412
 20
187.205
 11
43.0931
 21
187.273
  0
LINE
  8
0
 10
43.0931
 20
187.273
 11
43.1481
 21
187.339
  0
LINE
  8
0
 10
43.1481
 20
187.339
 11
43.2055
 21
187.403
  0
LINE
  8
0
 10
43.2055
 20
187.403
 11
43.2656
 21
187.465
  0
LINE
  8
0
 10
43.2656
 20
187.465
 11
43.328
 21
187.523
  0
LINE
  8
0
 10
43.328
 20
187.523
 11
43.3931
 21
187.579
  0
LINE
  8
0
 10
43.3931
 20
187.579
 11
43.4605
 21
187.633
  0
LINE
  8
0
 10
43.4605
 20
187.633
 11
43.5299
 21
187.683
  0
LINE
  8
0
 10
43.5299
 20
187.683
 11
43.6012
 21
187.731
  0
LINE
  8
0
 10
43.6012
 20
187.731
 11
43.6749
 21
187.775
  0
LINE
  8
0
 10
43.6749
 20
187.775
 11
43.75
 21
187.816
  0
LINE
  8
0
 10
43.75
 20
187.816
 11
43.8268
 21
187.855
  0
LINE
  8
0
 10
43.8268
 20
187.855
 11
43.9055
 21
187.89
  0
LINE
  8
0
 10
43.9055
 20
187.89
 11
43.9853
 21
187.921
  0
LINE
  8
0
 10
43.9853
 20
187.921
 11
44.0663
 21
187.949
  0
LINE
  8
0
 10
44.0663
 20
187.949
 11
44.1485
 21
187.974
  0
LINE
  8
0
 10
44.1485
 20
187.974
 11
44.2318
 21
187.996
  0
LINE
  8
0
 10
44.2318
 20
187.996
 11
44.3155
 21
188.013
  0
LINE
  8
0
 10
44.3155
 20
188.013
 11
44.4004
 21
188.028
  0
LINE
  8
0
 10
44.4004
 20
188.028
 11
44.4857
 21
188.039
  0
LINE
  8
0
 10
44.4857
 20
188.039
 11
44.5709
 21
188.046
  0
LINE
  8
0
 10
44.5709
 20
188.046
 11
44.657
 21
188.049
  0
LINE
  8
0
 10
44.657
 20
188.049
 11
44.7426
 21
188.049
  0
LINE
  8
0
 10
44.7426
 20
188.049
 11
44.8287
 21
188.046
  0
LINE
  8
0
 10
44.8287
 20
188.046
 11
44.9139
 21
188.039
  0
LINE
  8
0
 10
44.9139
 20
188.039
 11
44.9992
 21
188.028
  0
LINE
  8
0
 10
44.9992
 20
188.028
 11
45.0841
 21
188.013
  0
LINE
  8
0
 10
45.0841
 20
188.013
 11
45.1678
 21
187.996
  0
LINE
  8
0
 10
45.1678
 20
187.996
 11
45.2511
 21
187.974
  0
LINE
  8
0
 10
45.2511
 20
187.974
 11
45.3333
 21
187.949
  0
LINE
  8
0
 10
45.3333
 20
187.949
 11
45.4143
 21
187.921
  0
LINE
  8
0
 10
45.4143
 20
187.921
 11
45.4941
 21
187.89
  0
LINE
  8
0
 10
45.4941
 20
187.89
 11
45.5728
 21
187.855
  0
LINE
  8
0
 10
45.5728
 20
187.855
 11
45.6495
 21
187.816
  0
LINE
  8
0
 10
45.6495
 20
187.816
 11
45.7247
 21
187.775
  0
LINE
  8
0
 10
45.7247
 20
187.775
 11
45.7984
 21
187.731
  0
LINE
  8
0
 10
45.7984
 20
187.731
 11
45.8697
 21
187.683
  0
LINE
  8
0
 10
45.8697
 20
187.683
 11
45.9391
 21
187.633
  0
LINE
  8
0
 10
45.9391
 20
187.633
 11
46.0065
 21
187.579
  0
LINE
  8
0
 10
46.0065
 20
187.579
 11
46.0716
 21
187.523
  0
LINE
  8
0
 10
46.0716
 20
187.523
 11
46.134
 21
187.465
  0
LINE
  8
0
 10
46.134
 20
187.465
 11
46.1941
 21
187.403
  0
LINE
  8
0
 10
46.1941
 20
187.403
 11
46.2518
 21
187.339
  0
LINE
  8
0
 10
46.2518
 20
187.339
 11
46.3065
 21
187.273
  0
LINE
  8
0
 10
46.3065
 20
187.273
 11
46.3584
 21
187.205
  0
LINE
  8
0
 10
46.3584
 20
187.205
 11
46.4072
 21
187.134
  0
LINE
  8
0
 10
46.4072
 20
187.134
 11
46.4534
 21
187.062
  0
LINE
  8
0
 10
46.4534
 20
187.062
 11
46.4964
 21
186.987
  0
LINE
  8
0
 10
46.4964
 20
186.987
 11
46.5359
 21
186.911
  0
LINE
  8
0
 10
46.5359
 20
186.911
 11
46.5727
 21
186.834
  0
LINE
  8
0
 10
46.5727
 20
186.834
 11
46.6057
 21
186.754
  0
LINE
  8
0
 10
46.6057
 20
186.754
 11
46.6359
 21
186.674
  0
LINE
  8
0
 10
46.6359
 20
186.674
 11
46.6623
 21
186.592
  0
LINE
  8
0
 10
46.6623
 20
186.592
 11
46.6855
 21
186.51
  0
LINE
  8
0
 10
46.6855
 20
186.51
 11
46.7049
 21
186.426
  0
LINE
  8
0
 10
46.7049
 20
186.426
 11
46.7212
 21
186.342
  0
LINE
  8
0
 10
46.7212
 20
186.342
 11
46.7336
 21
186.257
  0
LINE
  8
0
 10
46.7336
 20
186.257
 11
46.7425
 21
186.171
  0
LINE
  8
0
 10
46.7425
 20
186.171
 11
46.7479
 21
186.086
  0
LINE
  8
0
 10
46.7479
 20
186.086
 11
46.7499
 21
186
  0
LINE
  8
0
 10
46.7499
 20
186
 11
46.7479
 21
185.914
  0
LINE
  8
0
 10
46.7479
 20
185.914
 11
46.7425
 21
185.828
  0
LINE
  8
0
 10
46.7425
 20
185.828
 11
46.7336
 21
185.743
  0
LINE
  8
0
 10
46.7336
 20
185.743
 11
46.7212
 21
185.658
  0
LINE
  8
0
 10
46.7212
 20
185.658
 11
46.7049
 21
185.574
  0
LINE
  8
0
 10
46.7049
 20
185.574
 11
46.6855
 21
185.49
  0
LINE
  8
0
 10
46.6855
 20
185.49
 11
46.6623
 21
185.407
  0
LINE
  8
0
 10
46.6623
 20
185.407
 11
46.6359
 21
185.326
  0
LINE
  8
0
 10
46.6359
 20
185.326
 11
46.6057
 21
185.245
  0
LINE
  8
0
 10
46.6057
 20
185.245
 11
46.5727
 21
185.166
  0
LINE
  8
0
 10
46.5727
 20
185.166
 11
46.5359
 21
185.088
  0
LINE
  8
0
 10
46.5359
 20
185.088
 11
46.4964
 21
185.012
  0
LINE
  8
0
 10
46.4964
 20
185.012
 11
46.4534
 21
184.938
  0
LINE
  8
0
 10
46.4534
 20
184.938
 11
46.4072
 21
184.865
  0
LINE
  8
0
 10
46.4072
 20
184.865
 11
46.3584
 21
184.795
  0
LINE
  8
0
 10
46.3584
 20
184.795
 11
46.3065
 21
184.726
  0
LINE
  8
0
 10
46.3065
 20
184.726
 11
46.2518
 21
184.66
  0
LINE
  8
0
 10
46.2518
 20
184.66
 11
46.1941
 21
184.596
  0
LINE
  8
0
 10
46.1941
 20
184.596
 11
46.134
 21
184.535
  0
LINE
  8
0
 10
46.134
 20
184.535
 11
46.0716
 21
184.476
  0
LINE
  8
0
 10
46.0716
 20
184.476
 11
46.0065
 21
184.42
  0
LINE
  8
0
 10
46.0065
 20
184.42
 11
45.9391
 21
184.367
  0
LINE
  8
0
 10
45.9391
 20
184.367
 11
45.8697
 21
184.316
  0
LINE
  8
0
 10
45.8697
 20
184.316
 11
45.7984
 21
184.269
  0
LINE
  8
0
 10
45.7984
 20
184.269
 11
45.7247
 21
184.224
  0
LINE
  8
0
 10
45.7247
 20
184.224
 11
45.6495
 21
184.183
  0
LINE
  8
0
 10
45.6495
 20
184.183
 11
45.5728
 21
184.145
  0
LINE
  8
0
 10
45.5728
 20
184.145
 11
45.4941
 21
184.11
  0
LINE
  8
0
 10
45.4941
 20
184.11
 11
45.4143
 21
184.078
  0
LINE
  8
0
 10
45.4143
 20
184.078
 11
45.3333
 21
184.05
  0
LINE
  8
0
 10
45.3333
 20
184.05
 11
45.2511
 21
184.025
  0
LINE
  8
0
 10
45.2511
 20
184.025
 11
45.1678
 21
184.004
  0
LINE
  8
0
 10
45.1678
 20
184.004
 11
45.0841
 21
183.986
  0
LINE
  8
0
 10
45.0841
 20
183.986
 11
44.9992
 21
183.972
  0
LINE
  8
0
 10
44.9992
 20
183.972
 11
44.9139
 21
183.961
  0
LINE
  8
0
 10
44.9139
 20
183.961
 11
44.8287
 21
183.954
  0
LINE
  8
0
 10
44.8287
 20
183.954
 11
44.7426
 21
183.95
  0
LINE
  8
0
 10
44.7426
 20
183.95
 11
44.657
 21
183.95
  0
LINE
  8
0
 10
60.6568
 20
183.95
 11
60.5711
 21
183.954
  0
LINE
  8
0
 10
60.5711
 20
183.954
 11
60.4855
 21
183.961
  0
LINE
  8
0
 10
60.4855
 20
183.961
 11
60.4002
 21
183.972
  0
LINE
  8
0
 10
60.4002
 20
183.972
 11
60.3157
 21
183.986
  0
LINE
  8
0
 10
60.3157
 20
183.986
 11
60.2316
 21
184.004
  0
LINE
  8
0
 10
60.2316
 20
184.004
 11
60.1487
 21
184.025
  0
LINE
  8
0
 10
60.1487
 20
184.025
 11
60.0665
 21
184.05
  0
LINE
  8
0
 10
60.0665
 20
184.05
 11
59.9851
 21
184.078
  0
LINE
  8
0
 10
59.9851
 20
184.078
 11
59.9053
 21
184.11
  0
LINE
  8
0
 10
59.9053
 20
184.11
 11
59.827
 21
184.145
  0
LINE
  8
0
 10
59.827
 20
184.145
 11
59.7502
 21
184.183
  0
LINE
  8
0
 10
59.7502
 20
184.183
 11
59.6747
 21
184.224
  0
LINE
  8
0
 10
59.6747
 20
184.224
 11
59.6014
 21
184.269
  0
LINE
  8
0
 10
59.6014
 20
184.269
 11
59.5297
 21
184.316
  0
LINE
  8
0
 10
59.5297
 20
184.316
 11
59.4603
 21
184.367
  0
LINE
  8
0
 10
59.4603
 20
184.367
 11
59.3933
 21
184.42
  0
LINE
  8
0
 10
59.3933
 20
184.42
 11
59.3282
 21
184.476
  0
LINE
  8
0
 10
59.3282
 20
184.476
 11
59.2654
 21
184.535
  0
LINE
  8
0
 10
59.2654
 20
184.535
 11
59.2053
 21
184.596
  0
LINE
  8
0
 10
59.2053
 20
184.596
 11
59.1479
 21
184.66
  0
LINE
  8
0
 10
59.1479
 20
184.66
 11
59.0933
 21
184.726
  0
LINE
  8
0
 10
59.0933
 20
184.726
 11
59.0414
 21
184.795
  0
LINE
  8
0
 10
59.0414
 20
184.795
 11
58.9921
 21
184.865
  0
LINE
  8
0
 10
58.9921
 20
184.865
 11
58.9464
 21
184.938
  0
LINE
  8
0
 10
58.9464
 20
184.938
 11
58.9034
 21
185.012
  0
LINE
  8
0
 10
58.9034
 20
185.012
 11
58.8635
 21
185.088
  0
LINE
  8
0
 10
58.8635
 20
185.088
 11
58.827
 21
185.166
  0
LINE
  8
0
 10
58.827
 20
185.166
 11
58.7937
 21
185.245
  0
LINE
  8
0
 10
58.7937
 20
185.245
 11
58.7639
 21
185.326
  0
LINE
  8
0
 10
58.7639
 20
185.326
 11
58.7371
 21
185.407
  0
LINE
  8
0
 10
58.7371
 20
185.407
 11
58.7142
 21
185.49
  0
LINE
  8
0
 10
58.7142
 20
185.49
 11
58.6945
 21
185.574
  0
LINE
  8
0
 10
58.6945
 20
185.574
 11
58.6786
 21
185.658
  0
LINE
  8
0
 10
58.6786
 20
185.658
 11
58.6658
 21
185.743
  0
LINE
  8
0
 10
58.6658
 20
185.743
 11
58.6569
 21
185.828
  0
LINE
  8
0
 10
58.6569
 20
185.828
 11
58.6515
 21
185.914
  0
LINE
  8
0
 10
58.6515
 20
185.914
 11
58.6499
 21
186
  0
LINE
  8
0
 10
58.6499
 20
186
 11
58.6515
 21
186.086
  0
LINE
  8
0
 10
58.6515
 20
186.086
 11
58.6569
 21
186.171
  0
LINE
  8
0
 10
58.6569
 20
186.171
 11
58.6658
 21
186.257
  0
LINE
  8
0
 10
58.6658
 20
186.257
 11
58.6786
 21
186.342
  0
LINE
  8
0
 10
58.6786
 20
186.342
 11
58.6945
 21
186.426
  0
LINE
  8
0
 10
58.6945
 20
186.426
 11
58.7142
 21
186.51
  0
LINE
  8
0
 10
58.7142
 20
186.51
 11
58.7371
 21
186.592
  0
LINE
  8
0
 10
58.7371
 20
186.592
 11
58.7639
 21
186.674
  0
LINE
  8
0
 10
58.7639
 20
186.674
 11
58.7937
 21
186.754
  0
LINE
  8
0
 10
58.7937
 20
186.754
 11
58.827
 21
186.834
  0
LINE
  8
0
 10
58.827
 20
186.834
 11
58.8635
 21
186.911
  0
LINE
  8
0
 10
58.8635
 20
186.911
 11
58.9034
 21
186.987
  0
LINE
  8
0
 10
58.9034
 20
186.987
 11
58.9464
 21
187.062
  0
LINE
  8
0
 10
58.9464
 20
187.062
 11
58.9921
 21
187.134
  0
LINE
  8
0
 10
58.9921
 20
187.134
 11
59.0414
 21
187.205
  0
LINE
  8
0
 10
59.0414
 20
187.205
 11
59.0933
 21
187.273
  0
LINE
  8
0
 10
59.0933
 20
187.273
 11
59.1479
 21
187.339
  0
LINE
  8
0
 10
59.1479
 20
187.339
 11
59.2053
 21
187.403
  0
LINE
  8
0
 10
59.2053
 20
187.403
 11
59.2654
 21
187.465
  0
LINE
  8
0
 10
59.2654
 20
187.465
 11
59.3282
 21
187.523
  0
LINE
  8
0
 10
59.3282
 20
187.523
 11
59.3933
 21
187.579
  0
LINE
  8
0
 10
59.3933
 20
187.579
 11
59.4603
 21
187.633
  0
LINE
  8
0
 10
59.4603
 20
187.633
 11
59.5297
 21
187.683
  0
LINE
  8
0
 10
59.5297
 20
187.683
 11
59.6014
 21
187.731
  0
LINE
  8
0
 10
59.6014
 20
187.731
 11
59.6747
 21
187.775
  0
LINE
  8
0
 10
59.6747
 20
187.775
 11
59.7502
 21
187.816
  0
LINE
  8
0
 10
59.7502
 20
187.816
 11
59.827
 21
187.855
  0
LINE
  8
0
 10
59.827
 20
187.855
 11
59.9053
 21
187.89
  0
LINE
  8
0
 10
59.9053
 20
187.89
 11
59.9851
 21
187.921
  0
LINE
  8
0
 10
59.9851
 20
187.921
 11
60.0665
 21
187.949
  0
LINE
  8
0
 10
60.0665
 20
187.949
 11
60.1487
 21
187.974
  0
LINE
  8
0
 10
60.1487
 20
187.974
 11
60.2316
 21
187.996
  0
LINE
  8
0
 10
60.2316
 20
187.996
 11
60.3157
 21
188.013
  0
LINE
  8
0
 10
60.3157
 20
188.013
 11
60.4002
 21
188.028
  0
LINE
  8
0
 10
60.4002
 20
188.028
 11
60.4855
 21
188.039
  0
LINE
  8
0
 10
60.4855
 20
188.039
 11
60.5711
 21
188.046
  0
LINE
  8
0
 10
60.5711
 20
188.046
 11
60.6568
 21
188.049
  0
LINE
  8
0
 10
60.6568
 20
188.049
 11
60.7428
 21
188.049
  0
LINE
  8
0
 10
60.7428
 20
188.049
 11
60.8285
 21
188.046
  0
LINE
  8
0
 10
60.8285
 20
188.046
 11
60.9141
 21
188.039
  0
LINE
  8
0
 10
60.9141
 20
188.039
 11
60.9994
 21
188.028
  0
LINE
  8
0
 10
60.9994
 20
188.028
 11
61.0839
 21
188.013
  0
LINE
  8
0
 10
61.0839
 20
188.013
 11
61.168
 21
187.996
  0
LINE
  8
0
 10
61.168
 20
187.996
 11
61.2509
 21
187.974
  0
LINE
  8
0
 10
61.2509
 20
187.974
 11
61.3335
 21
187.949
  0
LINE
  8
0
 10
61.3335
 20
187.949
 11
61.4145
 21
187.921
  0
LINE
  8
0
 10
61.4145
 20
187.921
 11
61.4943
 21
187.89
  0
LINE
  8
0
 10
61.4943
 20
187.89
 11
61.5726
 21
187.855
  0
LINE
  8
0
 10
61.5726
 20
187.855
 11
61.6497
 21
187.816
  0
LINE
  8
0
 10
61.6497
 20
187.816
 11
61.7249
 21
187.775
  0
LINE
  8
0
 10
61.7249
 20
187.775
 11
61.7982
 21
187.731
  0
LINE
  8
0
 10
61.7982
 20
187.731
 11
61.8699
 21
187.683
  0
LINE
  8
0
 10
61.8699
 20
187.683
 11
61.9392
 21
187.633
  0
LINE
  8
0
 10
61.9392
 20
187.633
 11
62.0067
 21
187.579
  0
LINE
  8
0
 10
62.0067
 20
187.579
 11
62.0714
 21
187.523
  0
LINE
  8
0
 10
62.0714
 20
187.523
 11
62.1342
 21
187.465
  0
LINE
  8
0
 10
62.1342
 20
187.465
 11
62.1943
 21
187.403
  0
LINE
  8
0
 10
62.1943
 20
187.403
 11
62.2516
 21
187.339
  0
LINE
  8
0
 10
62.2516
 20
187.339
 11
62.3063
 21
187.273
  0
LINE
  8
0
 10
62.3063
 20
187.273
 11
62.3582
 21
187.205
  0
LINE
  8
0
 10
62.3582
 20
187.205
 11
62.4074
 21
187.134
  0
LINE
  8
0
 10
62.4074
 20
187.134
 11
62.4532
 21
187.062
  0
LINE
  8
0
 10
62.4532
 20
187.062
 11
62.4962
 21
186.987
  0
LINE
  8
0
 10
62.4962
 20
186.987
 11
62.5361
 21
186.911
  0
LINE
  8
0
 10
62.5361
 20
186.911
 11
62.5725
 21
186.834
  0
LINE
  8
0
 10
62.5725
 20
186.834
 11
62.6059
 21
186.754
  0
LINE
  8
0
 10
62.6059
 20
186.754
 11
62.6357
 21
186.674
  0
LINE
  8
0
 10
62.6357
 20
186.674
 11
62.6625
 21
186.592
  0
LINE
  8
0
 10
62.6625
 20
186.592
 11
62.6853
 21
186.51
  0
LINE
  8
0
 10
62.6853
 20
186.51
 11
62.7051
 21
186.426
  0
LINE
  8
0
 10
62.7051
 20
186.426
 11
62.721
 21
186.342
  0
LINE
  8
0
 10
62.721
 20
186.342
 11
62.7338
 21
186.257
  0
LINE
  8
0
 10
62.7338
 20
186.257
 11
62.7427
 21
186.171
  0
LINE
  8
0
 10
62.7427
 20
186.171
 11
62.7481
 21
186.086
  0
LINE
  8
0
 10
62.7481
 20
186.086
 11
62.7497
 21
186
  0
LINE
  8
0
 10
62.7497
 20
186
 11
62.7481
 21
185.914
  0
LINE
  8
0
 10
62.7481
 20
185.914
 11
62.7427
 21
185.828
  0
LINE
  8
0
 10
62.7427
 20
185.828
 11
62.7338
 21
185.743
  0
LINE
  8
0
 10
62.7338
 20
185.743
 11
62.721
 21
185.658
  0
LINE
  8
0
 10
62.721
 20
185.658
 11
62.7051
 21
185.574
  0
LINE
  8
0
 10
62.7051
 20
185.574
 11
62.6853
 21
185.49
  0
LINE
  8
0
 10
62.6853
 20
185.49
 11
62.6625
 21
185.407
  0
LINE
  8
0
 10
62.6625
 20
185.407
 11
62.6357
 21
185.326
  0
LINE
  8
0
 10
62.6357
 20
185.326
 11
62.6059
 21
185.245
  0
LINE
  8
0
 10
62.6059
 20
185.245
 11
62.5725
 21
185.166
  0
LINE
  8
0
 10
62.5725
 20
185.166
 11
62.5361
 21
185.088
  0
LINE
  8
0
 10
62.5361
 20
185.088
 11
62.4962
 21
185.012
  0
LINE
  8
0
 10
62.4962
 20
185.012
 11
62.4532
 21
184.938
  0
LINE
  8
0
 10
62.4532
 20
184.938
 11
62.4074
 21
184.865
  0
LINE
  8
0
 10
62.4074
 20
184.865
 11
62.3582
 21
184.795
  0
LINE
  8
0
 10
62.3582
 20
184.795
 11
62.3063
 21
184.726
  0
LINE
  8
0
 10
62.3063
 20
184.726
 11
62.2516
 21
184.66
  0
LINE
  8
0
 10
62.2516
 20
184.66
 11
62.1943
 21
184.596
  0
LINE
  8
0
 10
62.1943
 20
184.596
 11
62.1342
 21
184.535
  0
LINE
  8
0
 10
62.1342
 20
184.535
 11
62.0714
 21
184.476
  0
LINE
  8
0
 10
62.0714
 20
184.476
 11
62.0067
 21
184.42
  0
LINE
  8
0
 10
62.0067
 20
184.42
 11
61.9392
 21
184.367
  0
LINE
  8
0
 10
61.9392
 20
184.367
 11
61.8699
 21
184.316
  0
LINE
  8
0
 10
61.8699
 20
184.316
 11
61.7982
 21
184.269
  0
LINE
  8
0
 10
61.7982
 20
184.269
 11
61.7249
 21
184.224
  0
LINE
  8
0
 10
61.7249
 20
184.224
 11
61.6497
 21
184.183
  0
LINE
  8
0
 10
61.6497
 20
184.183
 11
61.5726
 21
184.145
  0
LINE
  8
0
 10
61.5726
 20
184.145
 11
61.4943
 21
184.11
  0
LINE
  8
0
 10
61.4943
 20
184.11
 11
61.4145
 21
184.078
  0
LINE
  8
0
 10
61.4145
 20
184.078
 11
61.3335
 21
184.05
  0
LINE
  8
0
 10
61.3335
 20
184.05
 11
61.2509
 21
184.025
  0
LINE
  8
0
 10
61.2509
 20
184.025
 11
61.168
 21
184.004
  0
LINE
  8
0
 10
61.168
 20
184.004
 11
61.0839
 21
183.986
  0
LINE
  8
0
 10
61.0839
 20
183.986
 11
60.9994
 21
183.972
  0
LINE
  8
0
 10
60.9994
 20
183.972
 11
60.9141
 21
183.961
  0
LINE
  8
0
 10
60.9141
 20
183.961
 11
60.8285
 21
183.954
  0
LINE
  8
0
 10
60.8285
 20
183.954
 11
60.7428
 21
183.95
  0
LINE
  8
0
 10
60.7428
 20
183.95
 11
60.6568
 21
183.95
  0
LINE
  8
0
 10
86.3168
 20
165.95
 11
86.2312
 21
165.954
  0
LINE
  8
0
 10
86.2312
 20
165.954
 11
86.1455
 21
165.961
  0
LINE
  8
0
 10
86.1455
 20
165.961
 11
86.0603
 21
165.972
  0
LINE
  8
0
 10
86.0603
 20
165.972
 11
85.9758
 21
165.986
  0
LINE
  8
0
 10
85.9758
 20
165.986
 11
85.8917
 21
166.004
  0
LINE
  8
0
 10
85.8917
 20
166.004
 11
85.8083
 21
166.025
  0
LINE
  8
0
 10
85.8083
 20
166.025
 11
85.7262
 21
166.05
  0
LINE
  8
0
 10
85.7262
 20
166.05
 11
85.6452
 21
166.078
  0
LINE
  8
0
 10
85.6452
 20
166.078
 11
85.5653
 21
166.11
  0
LINE
  8
0
 10
85.5653
 20
166.11
 11
85.487
 21
166.145
  0
LINE
  8
0
 10
85.487
 20
166.145
 11
85.4099
 21
166.183
  0
LINE
  8
0
 10
85.4099
 20
166.183
 11
85.3347
 21
166.224
  0
LINE
  8
0
 10
85.3347
 20
166.224
 11
85.2615
 21
166.269
  0
LINE
  8
0
 10
85.2615
 20
166.269
 11
85.1898
 21
166.317
  0
LINE
  8
0
 10
85.1898
 20
166.317
 11
85.1204
 21
166.367
  0
LINE
  8
0
 10
85.1204
 20
166.367
 11
85.0529
 21
166.42
  0
LINE
  8
0
 10
85.0529
 20
166.42
 11
84.9882
 21
166.476
  0
LINE
  8
0
 10
84.9882
 20
166.476
 11
84.9254
 21
166.535
  0
LINE
  8
0
 10
84.9254
 20
166.535
 11
84.8654
 21
166.596
  0
LINE
  8
0
 10
84.8654
 20
166.596
 11
84.808
 21
166.66
  0
LINE
  8
0
 10
84.808
 20
166.66
 11
84.7534
 21
166.726
  0
LINE
  8
0
 10
84.7534
 20
166.726
 11
84.7014
 21
166.795
  0
LINE
  8
0
 10
84.7014
 20
166.795
 11
84.6522
 21
166.865
  0
LINE
  8
0
 10
84.6522
 20
166.865
 11
84.6065
 21
166.938
  0
LINE
  8
0
 10
84.6065
 20
166.938
 11
84.5634
 21
167.012
  0
LINE
  8
0
 10
84.5634
 20
167.012
 11
84.5235
 21
167.088
  0
LINE
  8
0
 10
84.5235
 20
167.088
 11
84.4871
 21
167.166
  0
LINE
  8
0
 10
84.4871
 20
167.166
 11
84.4538
 21
167.245
  0
LINE
  8
0
 10
84.4538
 20
167.245
 11
84.4239
 21
167.325
  0
LINE
  8
0
 10
84.4239
 20
167.325
 11
84.3972
 21
167.407
  0
LINE
  8
0
 10
84.3972
 20
167.407
 11
84.3743
 21
167.49
  0
LINE
  8
0
 10
84.3743
 20
167.49
 11
84.3545
 21
167.573
  0
LINE
  8
0
 10
84.3545
 20
167.573
 11
84.3387
 21
167.658
  0
LINE
  8
0
 10
84.3387
 20
167.658
 11
84.3259
 21
167.743
  0
LINE
  8
0
 10
84.3259
 20
167.743
 11
84.3169
 21
167.828
  0
LINE
  8
0
 10
84.3169
 20
167.828
 11
84.3115
 21
167.914
  0
LINE
  8
0
 10
84.3115
 20
167.914
 11
84.31
 21
168
  0
LINE
  8
0
 10
84.31
 20
168
 11
84.3115
 21
168.085
  0
LINE
  8
0
 10
84.3115
 20
168.085
 11
84.3169
 21
168.172
  0
LINE
  8
0
 10
84.3169
 20
168.172
 11
84.3259
 21
168.257
  0
LINE
  8
0
 10
84.3259
 20
168.257
 11
84.3387
 21
168.342
  0
LINE
  8
0
 10
84.3387
 20
168.342
 11
84.3545
 21
168.426
  0
LINE
  8
0
 10
84.3545
 20
168.426
 11
84.3743
 21
168.509
  0
LINE
  8
0
 10
84.3743
 20
168.509
 11
84.3972
 21
168.592
  0
LINE
  8
0
 10
84.3972
 20
168.592
 11
84.4239
 21
168.674
  0
LINE
  8
0
 10
84.4239
 20
168.674
 11
84.4538
 21
168.754
  0
LINE
  8
0
 10
84.4538
 20
168.754
 11
84.4871
 21
168.833
  0
LINE
  8
0
 10
84.4871
 20
168.833
 11
84.5235
 21
168.911
  0
LINE
  8
0
 10
84.5235
 20
168.911
 11
84.5634
 21
168.987
  0
LINE
  8
0
 10
84.5634
 20
168.987
 11
84.6065
 21
169.062
  0
LINE
  8
0
 10
84.6065
 20
169.062
 11
84.6522
 21
169.134
  0
LINE
  8
0
 10
84.6522
 20
169.134
 11
84.7014
 21
169.205
  0
LINE
  8
0
 10
84.7014
 20
169.205
 11
84.7534
 21
169.273
  0
LINE
  8
0
 10
84.7534
 20
169.273
 11
84.808
 21
169.339
  0
LINE
  8
0
 10
84.808
 20
169.339
 11
84.8654
 21
169.403
  0
LINE
  8
0
 10
84.8654
 20
169.403
 11
84.9254
 21
169.464
  0
LINE
  8
0
 10
84.9254
 20
169.464
 11
84.9882
 21
169.523
  0
LINE
  8
0
 10
84.9882
 20
169.523
 11
85.0529
 21
169.579
  0
LINE
  8
0
 10
85.0529
 20
169.579
 11
85.1204
 21
169.633
  0
LINE
  8
0
 10
85.1204
 20
169.633
 11
85.1898
 21
169.683
  0
LINE
  8
0
 10
85.1898
 20
169.683
 11
85.2615
 21
169.731
  0
LINE
  8
0
 10
85.2615
 20
169.731
 11
85.3347
 21
169.775
  0
LINE
  8
0
 10
85.3347
 20
169.775
 11
85.4099
 21
169.816
  0
LINE
  8
0
 10
85.4099
 20
169.816
 11
85.487
 21
169.855
  0
LINE
  8
0
 10
85.487
 20
169.855
 11
85.5653
 21
169.89
  0
LINE
  8
0
 10
85.5653
 20
169.89
 11
85.6452
 21
169.921
  0
LINE
  8
0
 10
85.6452
 20
169.921
 11
85.7262
 21
169.949
  0
LINE
  8
0
 10
85.7262
 20
169.949
 11
85.8083
 21
169.974
  0
LINE
  8
0
 10
85.8083
 20
169.974
 11
85.8917
 21
169.996
  0
LINE
  8
0
 10
85.8917
 20
169.996
 11
85.9758
 21
170.014
  0
LINE
  8
0
 10
85.9758
 20
170.014
 11
86.0603
 21
170.028
  0
LINE
  8
0
 10
86.0603
 20
170.028
 11
86.1455
 21
170.038
  0
LINE
  8
0
 10
86.1455
 20
170.038
 11
86.2312
 21
170.046
  0
LINE
  8
0
 10
86.2312
 20
170.046
 11
86.3168
 21
170.049
  0
LINE
  8
0
 10
86.3168
 20
170.049
 11
86.4029
 21
170.049
  0
LINE
  8
0
 10
86.4029
 20
170.049
 11
86.4885
 21
170.046
  0
LINE
  8
0
 10
86.4885
 20
170.046
 11
86.5742
 21
170.038
  0
LINE
  8
0
 10
86.5742
 20
170.038
 11
86.6594
 21
170.028
  0
LINE
  8
0
 10
86.6594
 20
170.028
 11
86.7439
 21
170.014
  0
LINE
  8
0
 10
86.7439
 20
170.014
 11
86.828
 21
169.996
  0
LINE
  8
0
 10
86.828
 20
169.996
 11
86.911
 21
169.974
  0
LINE
  8
0
 10
86.911
 20
169.974
 11
86.9931
 21
169.949
  0
LINE
  8
0
 10
86.9931
 20
169.949
 11
87.0745
 21
169.921
  0
LINE
  8
0
 10
87.0745
 20
169.921
 11
87.1544
 21
169.89
  0
LINE
  8
0
 10
87.1544
 20
169.89
 11
87.2327
 21
169.855
  0
LINE
  8
0
 10
87.2327
 20
169.855
 11
87.3094
 21
169.816
  0
LINE
  8
0
 10
87.3094
 20
169.816
 11
87.385
 21
169.775
  0
LINE
  8
0
 10
87.385
 20
169.775
 11
87.4582
 21
169.731
  0
LINE
  8
0
 10
87.4582
 20
169.731
 11
87.5299
 21
169.683
  0
LINE
  8
0
 10
87.5299
 20
169.683
 11
87.5993
 21
169.633
  0
LINE
  8
0
 10
87.5993
 20
169.633
 11
87.6664
 21
169.579
  0
LINE
  8
0
 10
87.6664
 20
169.579
 11
87.7315
 21
169.523
  0
LINE
  8
0
 10
87.7315
 20
169.523
 11
87.7943
 21
169.464
  0
LINE
  8
0
 10
87.7943
 20
169.464
 11
87.8543
 21
169.403
  0
LINE
  8
0
 10
87.8543
 20
169.403
 11
87.9117
 21
169.339
  0
LINE
  8
0
 10
87.9117
 20
169.339
 11
87.9663
 21
169.273
  0
LINE
  8
0
 10
87.9663
 20
169.273
 11
88.0183
 21
169.205
  0
LINE
  8
0
 10
88.0183
 20
169.205
 11
88.0675
 21
169.134
  0
LINE
  8
0
 10
88.0675
 20
169.134
 11
88.1132
 21
169.062
  0
LINE
  8
0
 10
88.1132
 20
169.062
 11
88.1562
 21
168.987
  0
LINE
  8
0
 10
88.1562
 20
168.987
 11
88.1962
 21
168.911
  0
LINE
  8
0
 10
88.1962
 20
168.911
 11
88.2326
 21
168.833
  0
LINE
  8
0
 10
88.2326
 20
168.833
 11
88.2659
 21
168.754
  0
LINE
  8
0
 10
88.2659
 20
168.754
 11
88.2958
 21
168.674
  0
LINE
  8
0
 10
88.2958
 20
168.674
 11
88.3221
 21
168.592
  0
LINE
  8
0
 10
88.3221
 20
168.592
 11
88.3454
 21
168.509
  0
LINE
  8
0
 10
88.3454
 20
168.509
 11
88.3651
 21
168.426
  0
LINE
  8
0
 10
88.3651
 20
168.426
 11
88.381
 21
168.342
  0
LINE
  8
0
 10
88.381
 20
168.342
 11
88.3938
 21
168.257
  0
LINE
  8
0
 10
88.3938
 20
168.257
 11
88.4027
 21
168.172
  0
LINE
  8
0
 10
88.4027
 20
168.172
 11
88.4082
 21
168.085
  0
LINE
  8
0
 10
88.4082
 20
168.085
 11
88.4097
 21
168
  0
LINE
  8
0
 10
88.4097
 20
168
 11
88.4082
 21
167.914
  0
LINE
  8
0
 10
88.4082
 20
167.914
 11
88.4027
 21
167.828
  0
LINE
  8
0
 10
88.4027
 20
167.828
 11
88.3938
 21
167.743
  0
LINE
  8
0
 10
88.3938
 20
167.743
 11
88.381
 21
167.658
  0
LINE
  8
0
 10
88.381
 20
167.658
 11
88.3651
 21
167.573
  0
LINE
  8
0
 10
88.3651
 20
167.573
 11
88.3454
 21
167.49
  0
LINE
  8
0
 10
88.3454
 20
167.49
 11
88.3221
 21
167.407
  0
LINE
  8
0
 10
88.3221
 20
167.407
 11
88.2958
 21
167.325
  0
LINE
  8
0
 10
88.2958
 20
167.325
 11
88.2659
 21
167.245
  0
LINE
  8
0
 10
88.2659
 20
167.245
 11
88.2326
 21
167.166
  0
LINE
  8
0
 10
88.2326
 20
167.166
 11
88.1962
 21
167.088
  0
LINE
  8
0
 10
88.1962
 20
167.088
 11
88.1562
 21
167.012
  0
LINE
  8
0
 10
88.1562
 20
167.012
 11
88.1132
 21
166.938
  0
LINE
  8
0
 10
88.1132
 20
166.938
 11
88.0675
 21
166.865
  0
LINE
  8
0
 10
88.0675
 20
166.865
 11
88.0183
 21
166.795
  0
LINE
  8
0
 10
88.0183
 20
166.795
 11
87.9663
 21
166.726
  0
LINE
  8
0
 10
87.9663
 20
166.726
 11
87.9117
 21
166.66
  0
LINE
  8
0
 10
87.9117
 20
166.66
 11
87.8543
 21
166.596
  0
LINE
  8
0
 10
87.8543
 20
166.596
 11
87.7943
 21
166.535
  0
LINE
  8
0
 10
87.7943
 20
166.535
 11
87.7315
 21
166.476
  0
LINE
  8
0
 10
87.7315
 20
166.476
 11
87.6664
 21
166.42
  0
LINE
  8
0
 10
87.6664
 20
166.42
 11
87.5993
 21
166.367
  0
LINE
  8
0
 10
87.5993
 20
166.367
 11
87.5299
 21
166.317
  0
LINE
  8
0
 10
87.5299
 20
166.317
 11
87.4582
 21
166.269
  0
LINE
  8
0
 10
87.4582
 20
166.269
 11
87.385
 21
166.224
  0
LINE
  8
0
 10
87.385
 20
166.224
 11
87.3094
 21
166.183
  0
LINE
  8
0
 10
87.3094
 20
166.183
 11
87.2327
 21
166.145
  0
LINE
  8
0
 10
87.2327
 20
166.145
 11
87.1544
 21
166.11
  0
LINE
  8
0
 10
87.1544
 20
166.11
 11
87.0745
 21
166.078
  0
LINE
  8
0
 10
87.0745
 20
166.078
 11
86.9931
 21
166.05
  0
LINE
  8
0
 10
86.9931
 20
166.05
 11
86.911
 21
166.025
  0
LINE
  8
0
 10
86.911
 20
166.025
 11
86.828
 21
166.004
  0
LINE
  8
0
 10
86.828
 20
166.004
 11
86.7439
 21
165.986
  0
LINE
  8
0
 10
86.7439
 20
165.986
 11
86.6594
 21
165.972
  0
LINE
  8
0
 10
86.6594
 20
165.972
 11
86.5742
 21
165.961
  0
LINE
  8
0
 10
86.5742
 20
165.961
 11
86.4885
 21
165.954
  0
LINE
  8
0
 10
86.4885
 20
165.954
 11
86.4029
 21
165.95
  0
LINE
  8
0
 10
86.4029
 20
165.95
 11
86.3168
 21
165.95
  0
LINE
  8
0
 10
18.3938
 20
152.572
 11
18.3082
 21
152.577
  0
LINE
  8
0
 10
18.3082
 20
152.577
 11
18.2229
 21
152.586
  0
LINE
  8
0
 10
18.2229
 20
152.586
 11
18.138
 21
152.598
  0
LINE
  8
0
 10
18.138
 20
152.598
 11
18.0535
 21
152.615
  0
LINE
  8
0
 10
18.0535
 20
152.615
 11
17.9698
 21
152.634
  0
LINE
  8
0
 10
17.9698
 20
152.634
 11
17.8873
 21
152.657
  0
LINE
  8
0
 10
17.8873
 20
152.657
 11
17.8055
 21
152.684
  0
LINE
  8
0
 10
17.8055
 20
152.684
 11
17.7253
 21
152.714
  0
LINE
  8
0
 10
17.7253
 20
152.714
 11
17.6458
 21
152.747
  0
LINE
  8
0
 10
17.6458
 20
152.747
 11
17.5683
 21
152.784
  0
LINE
  8
0
 10
17.5683
 20
152.784
 11
17.4923
 21
152.823
  0
LINE
  8
0
 10
17.4923
 20
152.823
 11
17.4179
 21
152.866
  0
LINE
  8
0
 10
17.4179
 20
152.866
 11
17.3455
 21
152.912
  0
LINE
  8
0
 10
17.3455
 20
152.912
 11
17.2749
 21
152.961
  0
LINE
  8
0
 10
17.2749
 20
152.961
 11
17.2063
 21
153.013
  0
LINE
  8
0
 10
17.2063
 20
153.013
 11
17.1404
 21
153.068
  0
LINE
  8
0
 10
17.1404
 20
153.068
 11
17.0765
 21
153.126
  0
LINE
  8
0
 10
17.0765
 20
153.126
 11
17.0152
 21
153.186
  0
LINE
  8
0
 10
17.0152
 20
153.186
 11
16.9563
 21
153.248
  0
LINE
  8
0
 10
16.9563
 20
153.248
 11
16.9001
 21
153.313
  0
LINE
  8
0
 10
16.9001
 20
153.313
 11
16.847
 21
153.381
  0
LINE
  8
0
 10
16.847
 20
153.381
 11
16.7966
 21
153.45
  0
LINE
  8
0
 10
16.7966
 20
153.45
 11
16.749
 21
153.521
  0
LINE
  8
0
 10
16.749
 20
153.521
 11
16.7044
 21
153.595
  0
LINE
  8
0
 10
16.7044
 20
153.595
 11
16.6629
 21
153.67
  0
LINE
  8
0
 10
16.6629
 20
153.67
 11
16.625
 21
153.747
  0
LINE
  8
0
 10
16.625
 20
153.747
 11
16.5901
 21
153.825
  0
LINE
  8
0
 10
16.5901
 20
153.825
 11
16.5583
 21
153.905
  0
LINE
  8
0
 10
16.5583
 20
153.905
 11
16.53
 21
153.986
  0
LINE
  8
0
 10
16.53
 20
153.986
 11
16.5052
 21
154.069
  0
LINE
  8
0
 10
16.5052
 20
154.069
 11
16.4839
 21
154.152
  0
LINE
  8
0
 10
16.4839
 20
154.152
 11
16.466
 21
154.236
  0
LINE
  8
0
 10
16.466
 20
154.236
 11
16.4517
 21
154.32
  0
LINE
  8
0
 10
16.4517
 20
154.32
 11
16.4412
 21
154.406
  0
LINE
  8
0
 10
16.4412
 20
154.406
 11
16.4339
 21
154.491
  0
LINE
  8
0
 10
16.4339
 20
154.491
 11
16.4304
 21
154.577
  0
LINE
  8
0
 10
16.4304
 20
154.577
 11
16.4304
 21
154.663
  0
LINE
  8
0
 10
16.4304
 20
154.663
 11
16.4339
 21
154.749
  0
LINE
  8
0
 10
16.4339
 20
154.749
 11
16.4412
 21
154.834
  0
LINE
  8
0
 10
16.4412
 20
154.834
 11
16.4517
 21
154.919
  0
LINE
  8
0
 10
16.4517
 20
154.919
 11
16.466
 21
155.004
  0
LINE
  8
0
 10
16.466
 20
155.004
 11
16.4839
 21
155.088
  0
LINE
  8
0
 10
16.4839
 20
155.088
 11
16.5052
 21
155.171
  0
LINE
  8
0
 10
16.5052
 20
155.171
 11
16.53
 21
155.253
  0
LINE
  8
0
 10
16.53
 20
155.253
 11
16.5583
 21
155.334
  0
LINE
  8
0
 10
16.5583
 20
155.334
 11
16.5901
 21
155.414
  0
LINE
  8
0
 10
16.5901
 20
155.414
 11
16.625
 21
155.493
  0
LINE
  8
0
 10
16.625
 20
155.493
 11
16.6629
 21
155.57
  0
LINE
  8
0
 10
16.6629
 20
155.57
 11
16.7044
 21
155.645
  0
LINE
  8
0
 10
16.7044
 20
155.645
 11
16.749
 21
155.718
  0
LINE
  8
0
 10
16.749
 20
155.718
 11
16.7966
 21
155.79
  0
LINE
  8
0
 10
16.7966
 20
155.79
 11
16.847
 21
155.859
  0
LINE
  8
0
 10
16.847
 20
155.859
 11
16.9001
 21
155.927
  0
LINE
  8
0
 10
16.9001
 20
155.927
 11
16.9563
 21
155.992
  0
LINE
  8
0
 10
16.9563
 20
155.992
 11
17.0152
 21
156.054
  0
LINE
  8
0
 10
17.0152
 20
156.054
 11
17.0765
 21
156.114
  0
LINE
  8
0
 10
17.0765
 20
156.114
 11
17.1404
 21
156.171
  0
LINE
  8
0
 10
17.1404
 20
156.171
 11
17.2063
 21
156.227
  0
LINE
  8
0
 10
17.2063
 20
156.227
 11
17.2749
 21
156.278
  0
LINE
  8
0
 10
17.2749
 20
156.278
 11
17.3455
 21
156.327
  0
LINE
  8
0
 10
17.3455
 20
156.327
 11
17.4179
 21
156.373
  0
LINE
  8
0
 10
17.4179
 20
156.373
 11
17.4923
 21
156.416
  0
LINE
  8
0
 10
17.4923
 20
156.416
 11
17.5683
 21
156.456
  0
LINE
  8
0
 10
17.5683
 20
156.456
 11
17.6458
 21
156.493
  0
LINE
  8
0
 10
17.6458
 20
156.493
 11
17.7253
 21
156.526
  0
LINE
  8
0
 10
17.7253
 20
156.526
 11
17.8055
 21
156.556
  0
LINE
  8
0
 10
17.8055
 20
156.556
 11
17.8873
 21
156.582
  0
LINE
  8
0
 10
17.8873
 20
156.582
 11
17.9698
 21
156.606
  0
LINE
  8
0
 10
17.9698
 20
156.606
 11
18.0535
 21
156.625
  0
LINE
  8
0
 10
18.0535
 20
156.625
 11
18.138
 21
156.641
  0
LINE
  8
0
 10
18.138
 20
156.641
 11
18.2229
 21
156.654
  0
LINE
  8
0
 10
18.2229
 20
156.654
 11
18.3082
 21
156.663
  0
LINE
  8
0
 10
18.3082
 20
156.663
 11
18.3938
 21
156.668
  0
LINE
  8
0
 10
18.3938
 20
156.668
 11
18.4799
 21
156.67
  0
LINE
  8
0
 10
18.4799
 20
156.67
 11
18.5655
 21
156.668
  0
LINE
  8
0
 10
18.5655
 20
156.668
 11
18.6512
 21
156.663
  0
LINE
  8
0
 10
18.6512
 20
156.663
 11
18.7368
 21
156.654
  0
LINE
  8
0
 10
18.7368
 20
156.654
 11
18.8217
 21
156.641
  0
LINE
  8
0
 10
18.8217
 20
156.641
 11
18.9062
 21
156.625
  0
LINE
  8
0
 10
18.9062
 20
156.625
 11
18.9895
 21
156.606
  0
LINE
  8
0
 10
18.9895
 20
156.606
 11
19.0725
 21
156.582
  0
LINE
  8
0
 10
19.0725
 20
156.582
 11
19.1539
 21
156.556
  0
LINE
  8
0
 10
19.1539
 20
156.556
 11
19.2345
 21
156.526
  0
LINE
  8
0
 10
19.2345
 20
156.526
 11
19.3135
 21
156.493
  0
LINE
  8
0
 10
19.3135
 20
156.493
 11
19.3915
 21
156.456
  0
LINE
  8
0
 10
19.3915
 20
156.456
 11
19.4674
 21
156.416
  0
LINE
  8
0
 10
19.4674
 20
156.416
 11
19.5418
 21
156.373
  0
LINE
  8
0
 10
19.5418
 20
156.373
 11
19.6143
 21
156.327
  0
LINE
  8
0
 10
19.6143
 20
156.327
 11
19.6848
 21
156.278
  0
LINE
  8
0
 10
19.6848
 20
156.278
 11
19.7531
 21
156.227
  0
LINE
  8
0
 10
19.7531
 20
156.227
 11
19.8193
 21
156.171
  0
LINE
  8
0
 10
19.8193
 20
156.171
 11
19.8833
 21
156.114
  0
LINE
  8
0
 10
19.8833
 20
156.114
 11
19.9445
 21
156.054
  0
LINE
  8
0
 10
19.9445
 20
156.054
 11
20.0034
 21
155.992
  0
LINE
  8
0
 10
20.0034
 20
155.992
 11
20.0592
 21
155.927
  0
LINE
  8
0
 10
20.0592
 20
155.927
 11
20.1127
 21
155.859
  0
LINE
  8
0
 10
20.1127
 20
155.859
 11
20.1631
 21
155.79
  0
LINE
  8
0
 10
20.1631
 20
155.79
 11
20.2108
 21
155.718
  0
LINE
  8
0
 10
20.2108
 20
155.718
 11
20.2554
 21
155.645
  0
LINE
  8
0
 10
20.2554
 20
155.645
 11
20.2964
 21
155.57
  0
LINE
  8
0
 10
20.2964
 20
155.57
 11
20.3348
 21
155.493
  0
LINE
  8
0
 10
20.3348
 20
155.493
 11
20.3697
 21
155.414
  0
LINE
  8
0
 10
20.3697
 20
155.414
 11
20.4011
 21
155.334
  0
LINE
  8
0
 10
20.4011
 20
155.334
 11
20.4294
 21
155.253
  0
LINE
  8
0
 10
20.4294
 20
155.253
 11
20.4542
 21
155.171
  0
LINE
  8
0
 10
20.4542
 20
155.171
 11
20.4755
 21
155.088
  0
LINE
  8
0
 10
20.4755
 20
155.088
 11
20.4937
 21
155.004
  0
LINE
  8
0
 10
20.4937
 20
155.004
 11
20.5077
 21
154.919
  0
LINE
  8
0
 10
20.5077
 20
154.919
 11
20.5185
 21
154.834
  0
LINE
  8
0
 10
20.5185
 20
154.834
 11
20.5259
 21
154.749
  0
LINE
  8
0
 10
20.5259
 20
154.749
 11
20.5294
 21
154.663
  0
LINE
  8
0
 10
20.5294
 20
154.663
 11
20.5294
 21
154.577
  0
LINE
  8
0
 10
20.5294
 20
154.577
 11
20.5259
 21
154.491
  0
LINE
  8
0
 10
20.5259
 20
154.491
 11
20.5185
 21
154.406
  0
LINE
  8
0
 10
20.5185
 20
154.406
 11
20.5077
 21
154.32
  0
LINE
  8
0
 10
20.5077
 20
154.32
 11
20.4937
 21
154.236
  0
LINE
  8
0
 10
20.4937
 20
154.236
 11
20.4755
 21
154.152
  0
LINE
  8
0
 10
20.4755
 20
154.152
 11
20.4542
 21
154.069
  0
LINE
  8
0
 10
20.4542
 20
154.069
 11
20.4294
 21
153.986
  0
LINE
  8
0
 10
20.4294
 20
153.986
 11
20.4011
 21
153.905
  0
LINE
  8
0
 10
20.4011
 20
153.905
 11
20.3697
 21
153.825
  0
LINE
  8
0
 10
20.3697
 20
153.825
 11
20.3348
 21
153.747
  0
LINE
  8
0
 10
20.3348
 20
153.747
 11
20.2964
 21
153.67
  0
LINE
  8
0
 10
20.2964
 20
153.67
 11
20.2554
 21
153.595
  0
LINE
  8
0
 10
20.2554
 20
153.595
 11
20.2108
 21
153.521
  0
LINE
  8
0
 10
20.2108
 20
153.521
 11
20.1631
 21
153.45
  0
LINE
  8
0
 10
20.1631
 20
153.45
 11
20.1127
 21
153.381
  0
LINE
  8
0
 10
20.1127
 20
153.381
 11
20.0592
 21
153.313
  0
LINE
  8
0
 10
20.0592
 20
153.313
 11
20.0034
 21
153.248
  0
LINE
  8
0
 10
20.0034
 20
153.248
 11
19.9445
 21
153.186
  0
LINE
  8
0
 10
19.9445
 20
153.186
 11
19.8833
 21
153.126
  0
LINE
  8
0
 10
19.8833
 20
153.126
 11
19.8193
 21
153.068
  0
LINE
  8
0
 10
19.8193
 20
153.068
 11
19.7531
 21
153.013
  0
LINE
  8
0
 10
19.7531
 20
153.013
 11
19.6848
 21
152.961
  0
LINE
  8
0
 10
19.6848
 20
152.961
 11
19.6143
 21
152.912
  0
LINE
  8
0
 10
19.6143
 20
152.912
 11
19.5418
 21
152.866
  0
LINE
  8
0
 10
19.5418
 20
152.866
 11
19.4674
 21
152.823
  0
LINE
  8
0
 10
19.4674
 20
152.823
 11
19.3915
 21
152.784
  0
LINE
  8
0
 10
19.3915
 20
152.784
 11
19.3135
 21
152.747
  0
LINE
  8
0
 10
19.3135
 20
152.747
 11
19.2345
 21
152.714
  0
LINE
  8
0
 10
19.2345
 20
152.714
 11
19.1539
 21
152.684
  0
LINE
  8
0
 10
19.1539
 20
152.684
 11
19.0725
 21
152.657
  0
LINE
  8
0
 10
19.0725
 20
152.657
 11
18.9895
 21
152.634
  0
LINE
  8
0
 10
18.9895
 20
152.634
 11
18.9062
 21
152.615
  0
LINE
  8
0
 10
18.9062
 20
152.615
 11
18.8217
 21
152.598
  0
LINE
  8
0
 10
18.8217
 20
152.598
 11
18.7368
 21
152.586
  0
LINE
  8
0
 10
18.7368
 20
152.586
 11
18.6512
 21
152.577
  0
LINE
  8
0
 10
18.6512
 20
152.577
 11
18.5655
 21
152.572
  0
LINE
  8
0
 10
18.5655
 20
152.572
 11
18.4799
 21
152.57
  0
LINE
  8
0
 10
18.4799
 20
152.57
 11
18.3938
 21
152.572
  0
LINE
  8
0
 10
42.3939
 20
152.572
 11
42.3083
 21
152.577
  0
LINE
  8
0
 10
42.3083
 20
152.577
 11
42.223
 21
152.586
  0
LINE
  8
0
 10
42.223
 20
152.586
 11
42.1377
 21
152.598
  0
LINE
  8
0
 10
42.1377
 20
152.598
 11
42.0536
 21
152.615
  0
LINE
  8
0
 10
42.0536
 20
152.615
 11
41.9699
 21
152.634
  0
LINE
  8
0
 10
41.9699
 20
152.634
 11
41.8874
 21
152.657
  0
LINE
  8
0
 10
41.8874
 20
152.657
 11
41.8056
 21
152.684
  0
LINE
  8
0
 10
41.8056
 20
152.684
 11
41.725
 21
152.714
  0
LINE
  8
0
 10
41.725
 20
152.714
 11
41.6459
 21
152.747
  0
LINE
  8
0
 10
41.6459
 20
152.747
 11
41.5684
 21
152.784
  0
LINE
  8
0
 10
41.5684
 20
152.784
 11
41.492
 21
152.823
  0
LINE
  8
0
 10
41.492
 20
152.823
 11
41.418
 21
152.866
  0
LINE
  8
0
 10
41.418
 20
152.866
 11
41.3455
 21
152.912
  0
LINE
  8
0
 10
41.3455
 20
152.912
 11
41.275
 21
152.961
  0
LINE
  8
0
 10
41.275
 20
152.961
 11
41.2064
 21
153.013
  0
LINE
  8
0
 10
41.2064
 20
153.013
 11
41.1401
 21
153.068
  0
LINE
  8
0
 10
41.1401
 20
153.068
 11
41.0766
 21
153.126
  0
LINE
  8
0
 10
41.0766
 20
153.126
 11
41.0149
 21
153.186
  0
LINE
  8
0
 10
41.0149
 20
153.186
 11
40.9564
 21
153.248
  0
LINE
  8
0
 10
40.9564
 20
153.248
 11
40.9002
 21
153.313
  0
LINE
  8
0
 10
40.9002
 20
153.313
 11
40.8467
 21
153.381
  0
LINE
  8
0
 10
40.8467
 20
153.381
 11
40.7963
 21
153.45
  0
LINE
  8
0
 10
40.7963
 20
153.45
 11
40.7491
 21
153.521
  0
LINE
  8
0
 10
40.7491
 20
153.521
 11
40.7045
 21
153.595
  0
LINE
  8
0
 10
40.7045
 20
153.595
 11
40.663
 21
153.67
  0
LINE
  8
0
 10
40.663
 20
153.67
 11
40.625
 21
153.747
  0
LINE
  8
0
 10
40.625
 20
153.747
 11
40.5902
 21
153.825
  0
LINE
  8
0
 10
40.5902
 20
153.825
 11
40.5584
 21
153.905
  0
LINE
  8
0
 10
40.5584
 20
153.905
 11
40.5301
 21
153.986
  0
LINE
  8
0
 10
40.5301
 20
153.986
 11
40.5053
 21
154.069
  0
LINE
  8
0
 10
40.5053
 20
154.069
 11
40.484
 21
154.152
  0
LINE
  8
0
 10
40.484
 20
154.152
 11
40.4661
 21
154.236
  0
LINE
  8
0
 10
40.4661
 20
154.236
 11
40.4518
 21
154.32
  0
LINE
  8
0
 10
40.4518
 20
154.32
 11
40.4409
 21
154.406
  0
LINE
  8
0
 10
40.4409
 20
154.406
 11
40.434
 21
154.491
  0
LINE
  8
0
 10
40.434
 20
154.491
 11
40.4301
 21
154.577
  0
LINE
  8
0
 10
40.4301
 20
154.577
 11
40.4301
 21
154.663
  0
LINE
  8
0
 10
40.4301
 20
154.663
 11
40.434
 21
154.749
  0
LINE
  8
0
 10
40.434
 20
154.749
 11
40.4409
 21
154.834
  0
LINE
  8
0
 10
40.4409
 20
154.834
 11
40.4518
 21
154.919
  0
LINE
  8
0
 10
40.4518
 20
154.919
 11
40.4661
 21
155.004
  0
LINE
  8
0
 10
40.4661
 20
155.004
 11
40.484
 21
155.088
  0
LINE
  8
0
 10
40.484
 20
155.088
 11
40.5053
 21
155.171
  0
LINE
  8
0
 10
40.5053
 20
155.171
 11
40.5301
 21
155.253
  0
LINE
  8
0
 10
40.5301
 20
155.253
 11
40.5584
 21
155.334
  0
LINE
  8
0
 10
40.5584
 20
155.334
 11
40.5902
 21
155.414
  0
LINE
  8
0
 10
40.5902
 20
155.414
 11
40.625
 21
155.493
  0
LINE
  8
0
 10
40.625
 20
155.493
 11
40.663
 21
155.57
  0
LINE
  8
0
 10
40.663
 20
155.57
 11
40.7045
 21
155.645
  0
LINE
  8
0
 10
40.7045
 20
155.645
 11
40.7491
 21
155.718
  0
LINE
  8
0
 10
40.7491
 20
155.718
 11
40.7963
 21
155.79
  0
LINE
  8
0
 10
40.7963
 20
155.79
 11
40.8467
 21
155.859
  0
LINE
  8
0
 10
40.8467
 20
155.859
 11
40.9002
 21
155.927
  0
LINE
  8
0
 10
40.9002
 20
155.927
 11
40.9564
 21
155.992
  0
LINE
  8
0
 10
40.9564
 20
155.992
 11
41.0149
 21
156.054
  0
LINE
  8
0
 10
41.0149
 20
156.054
 11
41.0766
 21
156.114
  0
LINE
  8
0
 10
41.0766
 20
156.114
 11
41.1401
 21
156.171
  0
LINE
  8
0
 10
41.1401
 20
156.171
 11
41.2064
 21
156.227
  0
LINE
  8
0
 10
41.2064
 20
156.227
 11
41.275
 21
156.278
  0
LINE
  8
0
 10
41.275
 20
156.278
 11
41.3455
 21
156.327
  0
LINE
  8
0
 10
41.3455
 20
156.327
 11
41.418
 21
156.373
  0
LINE
  8
0
 10
41.418
 20
156.373
 11
41.492
 21
156.416
  0
LINE
  8
0
 10
41.492
 20
156.416
 11
41.5684
 21
156.456
  0
LINE
  8
0
 10
41.5684
 20
156.456
 11
41.6459
 21
156.493
  0
LINE
  8
0
 10
41.6459
 20
156.493
 11
41.725
 21
156.526
  0
LINE
  8
0
 10
41.725
 20
156.526
 11
41.8056
 21
156.556
  0
LINE
  8
0
 10
41.8056
 20
156.556
 11
41.8874
 21
156.582
  0
LINE
  8
0
 10
41.8874
 20
156.582
 11
41.9699
 21
156.606
  0
LINE
  8
0
 10
41.9699
 20
156.606
 11
42.0536
 21
156.625
  0
LINE
  8
0
 10
42.0536
 20
156.625
 11
42.1377
 21
156.641
  0
LINE
  8
0
 10
42.1377
 20
156.641
 11
42.223
 21
156.654
  0
LINE
  8
0
 10
42.223
 20
156.654
 11
42.3083
 21
156.663
  0
LINE
  8
0
 10
42.3083
 20
156.663
 11
42.3939
 21
156.668
  0
LINE
  8
0
 10
42.3939
 20
156.668
 11
42.48
 21
156.67
  0
LINE
  8
0
 10
42.48
 20
156.67
 11
42.5656
 21
156.668
  0
LINE
  8
0
 10
42.5656
 20
156.668
 11
42.6513
 21
156.663
  0
LINE
  8
0
 10
42.6513
 20
156.663
 11
42.7369
 21
156.654
  0
LINE
  8
0
 10
42.7369
 20
156.654
 11
42.8218
 21
156.641
  0
LINE
  8
0
 10
42.8218
 20
156.641
 11
42.9059
 21
156.625
  0
LINE
  8
0
 10
42.9059
 20
156.625
 11
42.9896
 21
156.606
  0
LINE
  8
0
 10
42.9896
 20
156.606
 11
43.0722
 21
156.582
  0
LINE
  8
0
 10
43.0722
 20
156.582
 11
43.154
 21
156.556
  0
LINE
  8
0
 10
43.154
 20
156.556
 11
43.2346
 21
156.526
  0
LINE
  8
0
 10
43.2346
 20
156.526
 11
43.3136
 21
156.493
  0
LINE
  8
0
 10
43.3136
 20
156.493
 11
43.3911
 21
156.456
  0
LINE
  8
0
 10
43.3911
 20
156.456
 11
43.4675
 21
156.416
  0
LINE
  8
0
 10
43.4675
 20
156.416
 11
43.5419
 21
156.373
  0
LINE
  8
0
 10
43.5419
 20
156.373
 11
43.6144
 21
156.327
  0
LINE
  8
0
 10
43.6144
 20
156.327
 11
43.6849
 21
156.278
  0
LINE
  8
0
 10
43.6849
 20
156.278
 11
43.7531
 21
156.227
  0
LINE
  8
0
 10
43.7531
 20
156.227
 11
43.8194
 21
156.171
  0
LINE
  8
0
 10
43.8194
 20
156.171
 11
43.883
 21
156.114
  0
LINE
  8
0
 10
43.883
 20
156.114
 11
43.9446
 21
156.054
  0
LINE
  8
0
 10
43.9446
 20
156.054
 11
44.0031
 21
155.992
  0
LINE
  8
0
 10
44.0031
 20
155.992
 11
44.0593
 21
155.927
  0
LINE
  8
0
 10
44.0593
 20
155.927
 11
44.1128
 21
155.859
  0
LINE
  8
0
 10
44.1128
 20
155.859
 11
44.1632
 21
155.79
  0
LINE
  8
0
 10
44.1632
 20
155.79
 11
44.2109
 21
155.718
  0
LINE
  8
0
 10
44.2109
 20
155.718
 11
44.2551
 21
155.645
  0
LINE
  8
0
 10
44.2551
 20
155.645
 11
44.2965
 21
155.57
  0
LINE
  8
0
 10
44.2965
 20
155.57
 11
44.3349
 21
155.493
  0
LINE
  8
0
 10
44.3349
 20
155.493
 11
44.3698
 21
155.414
  0
LINE
  8
0
 10
44.3698
 20
155.414
 11
44.4012
 21
155.334
  0
LINE
  8
0
 10
44.4012
 20
155.334
 11
44.4295
 21
155.253
  0
LINE
  8
0
 10
44.4295
 20
155.253
 11
44.4543
 21
155.171
  0
LINE
  8
0
 10
44.4543
 20
155.171
 11
44.4756
 21
155.088
  0
LINE
  8
0
 10
44.4756
 20
155.088
 11
44.4934
 21
155.004
  0
LINE
  8
0
 10
44.4934
 20
155.004
 11
44.5077
 21
154.919
  0
LINE
  8
0
 10
44.5077
 20
154.919
 11
44.5186
 21
154.834
  0
LINE
  8
0
 10
44.5186
 20
154.834
 11
44.5256
 21
154.749
  0
LINE
  8
0
 10
44.5256
 20
154.749
 11
44.5295
 21
154.663
  0
LINE
  8
0
 10
44.5295
 20
154.663
 11
44.5295
 21
154.577
  0
LINE
  8
0
 10
44.5295
 20
154.577
 11
44.5256
 21
154.491
  0
LINE
  8
0
 10
44.5256
 20
154.491
 11
44.5186
 21
154.406
  0
LINE
  8
0
 10
44.5186
 20
154.406
 11
44.5077
 21
154.32
  0
LINE
  8
0
 10
44.5077
 20
154.32
 11
44.4934
 21
154.236
  0
LINE
  8
0
 10
44.4934
 20
154.236
 11
44.4756
 21
154.152
  0
LINE
  8
0
 10
44.4756
 20
154.152
 11
44.4543
 21
154.069
  0
LINE
  8
0
 10
44.4543
 20
154.069
 11
44.4295
 21
153.986
  0
LINE
  8
0
 10
44.4295
 20
153.986
 11
44.4012
 21
153.905
  0
LINE
  8
0
 10
44.4012
 20
153.905
 11
44.3698
 21
153.825
  0
LINE
  8
0
 10
44.3698
 20
153.825
 11
44.3349
 21
153.747
  0
LINE
  8
0
 10
44.3349
 20
153.747
 11
44.2965
 21
153.67
  0
LINE
  8
0
 10
44.2965
 20
153.67
 11
44.2551
 21
153.595
  0
LINE
  8
0
 10
44.2551
 20
153.595
 11
44.2109
 21
153.521
  0
LINE
  8
0
 10
44.2109
 20
153.521
 11
44.1632
 21
153.45
  0
LINE
  8
0
 10
44.1632
 20
153.45
 11
44.1128
 21
153.381
  0
LINE
  8
0
 10
44.1128
 20
153.381
 11
44.0593
 21
153.313
  0
LINE
  8
0
 10
44.0593
 20
153.313
 11
44.0031
 21
153.248
  0
LINE
  8
0
 10
44.0031
 20
153.248
 11
43.9446
 21
153.186
  0
LINE
  8
0
 10
43.9446
 20
153.186
 11
43.883
 21
153.126
  0
LINE
  8
0
 10
43.883
 20
153.126
 11
43.8194
 21
153.068
  0
LINE
  8
0
 10
43.8194
 20
153.068
 11
43.7531
 21
153.013
  0
LINE
  8
0
 10
43.7531
 20
153.013
 11
43.6849
 21
152.961
  0
LINE
  8
0
 10
43.6849
 20
152.961
 11
43.6144
 21
152.912
  0
LINE
  8
0
 10
43.6144
 20
152.912
 11
43.5419
 21
152.866
  0
LINE
  8
0
 10
43.5419
 20
152.866
 11
43.4675
 21
152.823
  0
LINE
  8
0
 10
43.4675
 20
152.823
 11
43.3911
 21
152.784
  0
LINE
  8
0
 10
43.3911
 20
152.784
 11
43.3136
 21
152.747
  0
LINE
  8
0
 10
43.3136
 20
152.747
 11
43.2346
 21
152.714
  0
LINE
  8
0
 10
43.2346
 20
152.714
 11
43.154
 21
152.684
  0
LINE
  8
0
 10
43.154
 20
152.684
 11
43.0722
 21
152.657
  0
LINE
  8
0
 10
43.0722
 20
152.657
 11
42.9896
 21
152.634
  0
LINE
  8
0
 10
42.9896
 20
152.634
 11
42.9059
 21
152.615
  0
LINE
  8
0
 10
42.9059
 20
152.615
 11
42.8218
 21
152.598
  0
LINE
  8
0
 10
42.8218
 20
152.598
 11
42.7369
 21
152.586
  0
LINE
  8
0
 10
42.7369
 20
152.586
 11
42.6513
 21
152.577
  0
LINE
  8
0
 10
42.6513
 20
152.577
 11
42.5656
 21
152.572
  0
LINE
  8
0
 10
42.5656
 20
152.572
 11
42.48
 21
152.57
  0
LINE
  8
0
 10
42.48
 20
152.57
 11
42.3939
 21
152.572
  0
LINE
  8
0
 10
86.3168
 20
141.95
 11
86.2312
 21
141.954
  0
LINE
  8
0
 10
86.2312
 20
141.954
 11
86.1455
 21
141.961
  0
LINE
  8
0
 10
86.1455
 20
141.961
 11
86.0603
 21
141.972
  0
LINE
  8
0
 10
86.0603
 20
141.972
 11
85.9758
 21
141.986
  0
LINE
  8
0
 10
85.9758
 20
141.986
 11
85.8917
 21
142.004
  0
LINE
  8
0
 10
85.8917
 20
142.004
 11
85.8083
 21
142.025
  0
LINE
  8
0
 10
85.8083
 20
142.025
 11
85.7262
 21
142.05
  0
LINE
  8
0
 10
85.7262
 20
142.05
 11
85.6452
 21
142.079
  0
LINE
  8
0
 10
85.6452
 20
142.079
 11
85.5653
 21
142.11
  0
LINE
  8
0
 10
85.5653
 20
142.11
 11
85.487
 21
142.145
  0
LINE
  8
0
 10
85.487
 20
142.145
 11
85.4099
 21
142.183
  0
LINE
  8
0
 10
85.4099
 20
142.183
 11
85.3347
 21
142.224
  0
LINE
  8
0
 10
85.3347
 20
142.224
 11
85.2615
 21
142.269
  0
LINE
  8
0
 10
85.2615
 20
142.269
 11
85.1898
 21
142.317
  0
LINE
  8
0
 10
85.1898
 20
142.317
 11
85.1204
 21
142.367
  0
LINE
  8
0
 10
85.1204
 20
142.367
 11
85.0529
 21
142.42
  0
LINE
  8
0
 10
85.0529
 20
142.42
 11
84.9882
 21
142.476
  0
LINE
  8
0
 10
84.9882
 20
142.476
 11
84.9254
 21
142.535
  0
LINE
  8
0
 10
84.9254
 20
142.535
 11
84.8654
 21
142.596
  0
LINE
  8
0
 10
84.8654
 20
142.596
 11
84.808
 21
142.66
  0
LINE
  8
0
 10
84.808
 20
142.66
 11
84.7534
 21
142.727
  0
LINE
  8
0
 10
84.7534
 20
142.727
 11
84.7014
 21
142.795
  0
LINE
  8
0
 10
84.7014
 20
142.795
 11
84.6522
 21
142.865
  0
LINE
  8
0
 10
84.6522
 20
142.865
 11
84.6065
 21
142.938
  0
LINE
  8
0
 10
84.6065
 20
142.938
 11
84.5634
 21
143.012
  0
LINE
  8
0
 10
84.5634
 20
143.012
 11
84.5235
 21
143.088
  0
LINE
  8
0
 10
84.5235
 20
143.088
 11
84.4871
 21
143.166
  0
LINE
  8
0
 10
84.4871
 20
143.166
 11
84.4538
 21
143.245
  0
LINE
  8
0
 10
84.4538
 20
143.245
 11
84.4239
 21
143.326
  0
LINE
  8
0
 10
84.4239
 20
143.326
 11
84.3972
 21
143.407
  0
LINE
  8
0
 10
84.3972
 20
143.407
 11
84.3743
 21
143.49
  0
LINE
  8
0
 10
84.3743
 20
143.49
 11
84.3545
 21
143.573
  0
LINE
  8
0
 10
84.3545
 20
143.573
 11
84.3387
 21
143.658
  0
LINE
  8
0
 10
84.3387
 20
143.658
 11
84.3259
 21
143.743
  0
LINE
  8
0
 10
84.3259
 20
143.743
 11
84.3169
 21
143.828
  0
LINE
  8
0
 10
84.3169
 20
143.828
 11
84.3115
 21
143.914
  0
LINE
  8
0
 10
84.3115
 20
143.914
 11
84.31
 21
144
  0
LINE
  8
0
 10
84.31
 20
144
 11
84.3115
 21
144.086
  0
LINE
  8
0
 10
84.3115
 20
144.086
 11
84.3169
 21
144.171
  0
LINE
  8
0
 10
84.3169
 20
144.171
 11
84.3259
 21
144.257
  0
LINE
  8
0
 10
84.3259
 20
144.257
 11
84.3387
 21
144.342
  0
LINE
  8
0
 10
84.3387
 20
144.342
 11
84.3545
 21
144.426
  0
LINE
  8
0
 10
84.3545
 20
144.426
 11
84.3743
 21
144.51
  0
LINE
  8
0
 10
84.3743
 20
144.51
 11
84.3972
 21
144.592
  0
LINE
  8
0
 10
84.3972
 20
144.592
 11
84.4239
 21
144.674
  0
LINE
  8
0
 10
84.4239
 20
144.674
 11
84.4538
 21
144.754
  0
LINE
  8
0
 10
84.4538
 20
144.754
 11
84.4871
 21
144.834
  0
LINE
  8
0
 10
84.4871
 20
144.834
 11
84.5235
 21
144.911
  0
LINE
  8
0
 10
84.5235
 20
144.911
 11
84.5634
 21
144.987
  0
LINE
  8
0
 10
84.5634
 20
144.987
 11
84.6065
 21
145.062
  0
LINE
  8
0
 10
84.6065
 20
145.062
 11
84.6522
 21
145.134
  0
LINE
  8
0
 10
84.6522
 20
145.134
 11
84.7014
 21
145.205
  0
LINE
  8
0
 10
84.7014
 20
145.205
 11
84.7534
 21
145.273
  0
LINE
  8
0
 10
84.7534
 20
145.273
 11
84.808
 21
145.339
  0
LINE
  8
0
 10
84.808
 20
145.339
 11
84.8654
 21
145.403
  0
LINE
  8
0
 10
84.8654
 20
145.403
 11
84.9254
 21
145.464
  0
LINE
  8
0
 10
84.9254
 20
145.464
 11
84.9882
 21
145.523
  0
LINE
  8
0
 10
84.9882
 20
145.523
 11
85.0529
 21
145.579
  0
LINE
  8
0
 10
85.0529
 20
145.579
 11
85.1204
 21
145.633
  0
LINE
  8
0
 10
85.1204
 20
145.633
 11
85.1898
 21
145.683
  0
LINE
  8
0
 10
85.1898
 20
145.683
 11
85.2615
 21
145.731
  0
LINE
  8
0
 10
85.2615
 20
145.731
 11
85.3347
 21
145.775
  0
LINE
  8
0
 10
85.3347
 20
145.775
 11
85.4099
 21
145.817
  0
LINE
  8
0
 10
85.4099
 20
145.817
 11
85.487
 21
145.855
  0
LINE
  8
0
 10
85.487
 20
145.855
 11
85.5653
 21
145.89
  0
LINE
  8
0
 10
85.5653
 20
145.89
 11
85.6452
 21
145.921
  0
LINE
  8
0
 10
85.6452
 20
145.921
 11
85.7262
 21
145.95
  0
LINE
  8
0
 10
85.7262
 20
145.95
 11
85.8083
 21
145.974
  0
LINE
  8
0
 10
85.8083
 20
145.974
 11
85.8917
 21
145.996
  0
LINE
  8
0
 10
85.8917
 20
145.996
 11
85.9758
 21
146.014
  0
LINE
  8
0
 10
85.9758
 20
146.014
 11
86.0603
 21
146.028
  0
LINE
  8
0
 10
86.0603
 20
146.028
 11
86.1455
 21
146.039
  0
LINE
  8
0
 10
86.1455
 20
146.039
 11
86.2312
 21
146.046
  0
LINE
  8
0
 10
86.2312
 20
146.046
 11
86.3168
 21
146.049
  0
LINE
  8
0
 10
86.3168
 20
146.049
 11
86.4029
 21
146.049
  0
LINE
  8
0
 10
86.4029
 20
146.049
 11
86.4885
 21
146.046
  0
LINE
  8
0
 10
86.4885
 20
146.046
 11
86.5742
 21
146.039
  0
LINE
  8
0
 10
86.5742
 20
146.039
 11
86.6594
 21
146.028
  0
LINE
  8
0
 10
86.6594
 20
146.028
 11
86.7439
 21
146.014
  0
LINE
  8
0
 10
86.7439
 20
146.014
 11
86.828
 21
145.996
  0
LINE
  8
0
 10
86.828
 20
145.996
 11
86.911
 21
145.974
  0
LINE
  8
0
 10
86.911
 20
145.974
 11
86.9931
 21
145.95
  0
LINE
  8
0
 10
86.9931
 20
145.95
 11
87.0745
 21
145.921
  0
LINE
  8
0
 10
87.0745
 20
145.921
 11
87.1544
 21
145.89
  0
LINE
  8
0
 10
87.1544
 20
145.89
 11
87.2327
 21
145.855
  0
LINE
  8
0
 10
87.2327
 20
145.855
 11
87.3094
 21
145.817
  0
LINE
  8
0
 10
87.3094
 20
145.817
 11
87.385
 21
145.775
  0
LINE
  8
0
 10
87.385
 20
145.775
 11
87.4582
 21
145.731
  0
LINE
  8
0
 10
87.4582
 20
145.731
 11
87.5299
 21
145.683
  0
LINE
  8
0
 10
87.5299
 20
145.683
 11
87.5993
 21
145.633
  0
LINE
  8
0
 10
87.5993
 20
145.633
 11
87.6664
 21
145.579
  0
LINE
  8
0
 10
87.6664
 20
145.579
 11
87.7315
 21
145.523
  0
LINE
  8
0
 10
87.7315
 20
145.523
 11
87.7943
 21
145.464
  0
LINE
  8
0
 10
87.7943
 20
145.464
 11
87.8543
 21
145.403
  0
LINE
  8
0
 10
87.8543
 20
145.403
 11
87.9117
 21
145.339
  0
LINE
  8
0
 10
87.9117
 20
145.339
 11
87.9663
 21
145.273
  0
LINE
  8
0
 10
87.9663
 20
145.273
 11
88.0183
 21
145.205
  0
LINE
  8
0
 10
88.0183
 20
145.205
 11
88.0675
 21
145.134
  0
LINE
  8
0
 10
88.0675
 20
145.134
 11
88.1132
 21
145.062
  0
LINE
  8
0
 10
88.1132
 20
145.062
 11
88.1562
 21
144.987
  0
LINE
  8
0
 10
88.1562
 20
144.987
 11
88.1962
 21
144.911
  0
LINE
  8
0
 10
88.1962
 20
144.911
 11
88.2326
 21
144.834
  0
LINE
  8
0
 10
88.2326
 20
144.834
 11
88.2659
 21
144.754
  0
LINE
  8
0
 10
88.2659
 20
144.754
 11
88.2958
 21
144.674
  0
LINE
  8
0
 10
88.2958
 20
144.674
 11
88.3221
 21
144.592
  0
LINE
  8
0
 10
88.3221
 20
144.592
 11
88.3454
 21
144.51
  0
LINE
  8
0
 10
88.3454
 20
144.51
 11
88.3651
 21
144.426
  0
LINE
  8
0
 10
88.3651
 20
144.426
 11
88.381
 21
144.342
  0
LINE
  8
0
 10
88.381
 20
144.342
 11
88.3938
 21
144.257
  0
LINE
  8
0
 10
88.3938
 20
144.257
 11
88.4027
 21
144.171
  0
LINE
  8
0
 10
88.4027
 20
144.171
 11
88.4082
 21
144.086
  0
LINE
  8
0
 10
88.4082
 20
144.086
 11
88.4097
 21
144
  0
LINE
  8
0
 10
88.4097
 20
144
 11
88.4082
 21
143.914
  0
LINE
  8
0
 10
88.4082
 20
143.914
 11
88.4027
 21
143.828
  0
LINE
  8
0
 10
88.4027
 20
143.828
 11
88.3938
 21
143.743
  0
LINE
  8
0
 10
88.3938
 20
143.743
 11
88.381
 21
143.658
  0
LINE
  8
0
 10
88.381
 20
143.658
 11
88.3651
 21
143.573
  0
LINE
  8
0
 10
88.3651
 20
143.573
 11
88.3454
 21
143.49
  0
LINE
  8
0
 10
88.3454
 20
143.49
 11
88.3221
 21
143.407
  0
LINE
  8
0
 10
88.3221
 20
143.407
 11
88.2958
 21
143.326
  0
LINE
  8
0
 10
88.2958
 20
143.326
 11
88.2659
 21
143.245
  0
LINE
  8
0
 10
88.2659
 20
143.245
 11
88.2326
 21
143.166
  0
LINE
  8
0
 10
88.2326
 20
143.166
 11
88.1962
 21
143.088
  0
LINE
  8
0
 10
88.1962
 20
143.088
 11
88.1562
 21
143.012
  0
LINE
  8
0
 10
88.1562
 20
143.012
 11
88.1132
 21
142.938
  0
LINE
  8
0
 10
88.1132
 20
142.938
 11
88.0675
 21
142.865
  0
LINE
  8
0
 10
88.0675
 20
142.865
 11
88.0183
 21
142.795
  0
LINE
  8
0
 10
88.0183
 20
142.795
 11
87.9663
 21
142.727
  0
LINE
  8
0
 10
87.9663
 20
142.727
 11
87.9117
 21
142.66
  0
LINE
  8
0
 10
87.9117
 20
142.66
 11
87.8543
 21
142.596
  0
LINE
  8
0
 10
87.8543
 20
142.596
 11
87.7943
 21
142.535
  0
LINE
  8
0
 10
87.7943
 20
142.535
 11
87.7315
 21
142.476
  0
LINE
  8
0
 10
87.7315
 20
142.476
 11
87.6664
 21
142.42
  0
LINE
  8
0
 10
87.6664
 20
142.42
 11
87.5993
 21
142.367
  0
LINE
  8
0
 10
87.5993
 20
142.367
 11
87.5299
 21
142.317
  0
LINE
  8
0
 10
87.5299
 20
142.317
 11
87.4582
 21
142.269
  0
LINE
  8
0
 10
87.4582
 20
142.269
 11
87.385
 21
142.224
  0
LINE
  8
0
 10
87.385
 20
142.224
 11
87.3094
 21
142.183
  0
LINE
  8
0
 10
87.3094
 20
142.183
 11
87.2327
 21
142.145
  0
LINE
  8
0
 10
87.2327
 20
142.145
 11
87.1544
 21
142.11
  0
LINE
  8
0
 10
87.1544
 20
142.11
 11
87.0745
 21
142.079
  0
LINE
  8
0
 10
87.0745
 20
142.079
 11
86.9931
 21
142.05
  0
LINE
  8
0
 10
86.9931
 20
142.05
 11
86.911
 21
142.025
  0
LINE
  8
0
 10
86.911
 20
142.025
 11
86.828
 21
142.004
  0
LINE
  8
0
 10
86.828
 20
142.004
 11
86.7439
 21
141.986
  0
LINE
  8
0
 10
86.7439
 20
141.986
 11
86.6594
 21
141.972
  0
LINE
  8
0
 10
86.6594
 20
141.972
 11
86.5742
 21
141.961
  0
LINE
  8
0
 10
86.5742
 20
141.961
 11
86.4885
 21
141.954
  0
LINE
  8
0
 10
86.4885
 20
141.954
 11
86.4029
 21
141.95
  0
LINE
  8
0
 10
86.4029
 20
141.95
 11
86.3168
 21
141.95
  0
LINE
  8
0
 10
86.3168
 20
117.95
 11
86.2312
 21
117.954
  0
LINE
  8
0
 10
86.2312
 20
117.954
 11
86.1455
 21
117.961
  0
LINE
  8
0
 10
86.1455
 20
117.961
 11
86.0603
 21
117.972
  0
LINE
  8
0
 10
86.0603
 20
117.972
 11
85.9758
 21
117.986
  0
LINE
  8
0
 10
85.9758
 20
117.986
 11
85.8917
 21
118.004
  0
LINE
  8
0
 10
85.8917
 20
118.004
 11
85.8083
 21
118.025
  0
LINE
  8
0
 10
85.8083
 20
118.025
 11
85.7262
 21
118.05
  0
LINE
  8
0
 10
85.7262
 20
118.05
 11
85.6452
 21
118.078
  0
LINE
  8
0
 10
85.6452
 20
118.078
 11
85.5653
 21
118.11
  0
LINE
  8
0
 10
85.5653
 20
118.11
 11
85.487
 21
118.145
  0
LINE
  8
0
 10
85.487
 20
118.145
 11
85.4099
 21
118.183
  0
LINE
  8
0
 10
85.4099
 20
118.183
 11
85.3347
 21
118.225
  0
LINE
  8
0
 10
85.3347
 20
118.225
 11
85.2615
 21
118.269
  0
LINE
  8
0
 10
85.2615
 20
118.269
 11
85.1898
 21
118.316
  0
LINE
  8
0
 10
85.1898
 20
118.316
 11
85.1204
 21
118.367
  0
LINE
  8
0
 10
85.1204
 20
118.367
 11
85.0529
 21
118.42
  0
LINE
  8
0
 10
85.0529
 20
118.42
 11
84.9882
 21
118.476
  0
LINE
  8
0
 10
84.9882
 20
118.476
 11
84.9254
 21
118.535
  0
LINE
  8
0
 10
84.9254
 20
118.535
 11
84.8654
 21
118.597
  0
LINE
  8
0
 10
84.8654
 20
118.597
 11
84.808
 21
118.66
  0
LINE
  8
0
 10
84.808
 20
118.66
 11
84.7534
 21
118.726
  0
LINE
  8
0
 10
84.7534
 20
118.726
 11
84.7014
 21
118.795
  0
LINE
  8
0
 10
84.7014
 20
118.795
 11
84.6522
 21
118.865
  0
LINE
  8
0
 10
84.6522
 20
118.865
 11
84.6065
 21
118.938
  0
LINE
  8
0
 10
84.6065
 20
118.938
 11
84.5634
 21
119.012
  0
LINE
  8
0
 10
84.5634
 20
119.012
 11
84.5235
 21
119.088
  0
LINE
  8
0
 10
84.5235
 20
119.088
 11
84.4871
 21
119.166
  0
LINE
  8
0
 10
84.4871
 20
119.166
 11
84.4538
 21
119.245
  0
LINE
  8
0
 10
84.4538
 20
119.245
 11
84.4239
 21
119.326
  0
LINE
  8
0
 10
84.4239
 20
119.326
 11
84.3972
 21
119.407
  0
LINE
  8
0
 10
84.3972
 20
119.407
 11
84.3743
 21
119.49
  0
LINE
  8
0
 10
84.3743
 20
119.49
 11
84.3545
 21
119.574
  0
LINE
  8
0
 10
84.3545
 20
119.574
 11
84.3387
 21
119.658
  0
LINE
  8
0
 10
84.3387
 20
119.658
 11
84.3259
 21
119.743
  0
LINE
  8
0
 10
84.3259
 20
119.743
 11
84.3169
 21
119.828
  0
LINE
  8
0
 10
84.3169
 20
119.828
 11
84.3115
 21
119.914
  0
LINE
  8
0
 10
84.3115
 20
119.914
 11
84.31
 21
120
  0
LINE
  8
0
 10
84.31
 20
120
 11
84.3115
 21
120.086
  0
LINE
  8
0
 10
84.3115
 20
120.086
 11
84.3169
 21
120.171
  0
LINE
  8
0
 10
84.3169
 20
120.171
 11
84.3259
 21
120.257
  0
LINE
  8
0
 10
84.3259
 20
120.257
 11
84.3387
 21
120.341
  0
LINE
  8
0
 10
84.3387
 20
120.341
 11
84.3545
 21
120.426
  0
LINE
  8
0
 10
84.3545
 20
120.426
 11
84.3743
 21
120.51
  0
LINE
  8
0
 10
84.3743
 20
120.51
 11
84.3972
 21
120.592
  0
LINE
  8
0
 10
84.3972
 20
120.592
 11
84.4239
 21
120.674
  0
LINE
  8
0
 10
84.4239
 20
120.674
 11
84.4538
 21
120.755
  0
LINE
  8
0
 10
84.4538
 20
120.755
 11
84.4871
 21
120.834
  0
LINE
  8
0
 10
84.4871
 20
120.834
 11
84.5235
 21
120.911
  0
LINE
  8
0
 10
84.5235
 20
120.911
 11
84.5634
 21
120.988
  0
LINE
  8
0
 10
84.5634
 20
120.988
 11
84.6065
 21
121.062
  0
LINE
  8
0
 10
84.6065
 20
121.062
 11
84.6522
 21
121.134
  0
LINE
  8
0
 10
84.6522
 20
121.134
 11
84.7014
 21
121.205
  0
LINE
  8
0
 10
84.7014
 20
121.205
 11
84.7534
 21
121.273
  0
LINE
  8
0
 10
84.7534
 20
121.273
 11
84.808
 21
121.339
  0
LINE
  8
0
 10
84.808
 20
121.339
 11
84.8654
 21
121.403
  0
LINE
  8
0
 10
84.8654
 20
121.403
 11
84.9254
 21
121.464
  0
LINE
  8
0
 10
84.9254
 20
121.464
 11
84.9882
 21
121.523
  0
LINE
  8
0
 10
84.9882
 20
121.523
 11
85.0529
 21
121.579
  0
LINE
  8
0
 10
85.0529
 20
121.579
 11
85.1204
 21
121.633
  0
LINE
  8
0
 10
85.1204
 20
121.633
 11
85.1898
 21
121.683
  0
LINE
  8
0
 10
85.1898
 20
121.683
 11
85.2615
 21
121.731
  0
LINE
  8
0
 10
85.2615
 20
121.731
 11
85.3347
 21
121.775
  0
LINE
  8
0
 10
85.3347
 20
121.775
 11
85.4099
 21
121.817
  0
LINE
  8
0
 10
85.4099
 20
121.817
 11
85.487
 21
121.855
  0
LINE
  8
0
 10
85.487
 20
121.855
 11
85.5653
 21
121.889
  0
LINE
  8
0
 10
85.5653
 20
121.889
 11
85.6452
 21
121.921
  0
LINE
  8
0
 10
85.6452
 20
121.921
 11
85.7262
 21
121.95
  0
LINE
  8
0
 10
85.7262
 20
121.95
 11
85.8083
 21
121.974
  0
LINE
  8
0
 10
85.8083
 20
121.974
 11
85.8917
 21
121.996
  0
LINE
  8
0
 10
85.8917
 20
121.996
 11
85.9758
 21
122.013
  0
LINE
  8
0
 10
85.9758
 20
122.013
 11
86.0603
 21
122.028
  0
LINE
  8
0
 10
86.0603
 20
122.028
 11
86.1455
 21
122.039
  0
LINE
  8
0
 10
86.1455
 20
122.039
 11
86.2312
 21
122.046
  0
LINE
  8
0
 10
86.2312
 20
122.046
 11
86.3168
 21
122.05
  0
LINE
  8
0
 10
86.3168
 20
122.05
 11
86.4029
 21
122.05
  0
LINE
  8
0
 10
86.4029
 20
122.05
 11
86.4885
 21
122.046
  0
LINE
  8
0
 10
86.4885
 20
122.046
 11
86.5742
 21
122.039
  0
LINE
  8
0
 10
86.5742
 20
122.039
 11
86.6594
 21
122.028
  0
LINE
  8
0
 10
86.6594
 20
122.028
 11
86.7439
 21
122.013
  0
LINE
  8
0
 10
86.7439
 20
122.013
 11
86.828
 21
121.996
  0
LINE
  8
0
 10
86.828
 20
121.996
 11
86.911
 21
121.974
  0
LINE
  8
0
 10
86.911
 20
121.974
 11
86.9931
 21
121.95
  0
LINE
  8
0
 10
86.9931
 20
121.95
 11
87.0745
 21
121.921
  0
LINE
  8
0
 10
87.0745
 20
121.921
 11
87.1544
 21
121.889
  0
LINE
  8
0
 10
87.1544
 20
121.889
 11
87.2327
 21
121.855
  0
LINE
  8
0
 10
87.2327
 20
121.855
 11
87.3094
 21
121.817
  0
LINE
  8
0
 10
87.3094
 20
121.817
 11
87.385
 21
121.775
  0
LINE
  8
0
 10
87.385
 20
121.775
 11
87.4582
 21
121.731
  0
LINE
  8
0
 10
87.4582
 20
121.731
 11
87.5299
 21
121.683
  0
LINE
  8
0
 10
87.5299
 20
121.683
 11
87.5993
 21
121.633
  0
LINE
  8
0
 10
87.5993
 20
121.633
 11
87.6664
 21
121.579
  0
LINE
  8
0
 10
87.6664
 20
121.579
 11
87.7315
 21
121.523
  0
LINE
  8
0
 10
87.7315
 20
121.523
 11
87.7943
 21
121.464
  0
LINE
  8
0
 10
87.7943
 20
121.464
 11
87.8543
 21
121.403
  0
LINE
  8
0
 10
87.8543
 20
121.403
 11
87.9117
 21
121.339
  0
LINE
  8
0
 10
87.9117
 20
121.339
 11
87.9663
 21
121.273
  0
LINE
  8
0
 10
87.9663
 20
121.273
 11
88.0183
 21
121.205
  0
LINE
  8
0
 10
88.0183
 20
121.205
 11
88.0675
 21
121.134
  0
LINE
  8
0
 10
88.0675
 20
121.134
 11
88.1132
 21
121.062
  0
LINE
  8
0
 10
88.1132
 20
121.062
 11
88.1562
 21
120.988
  0
LINE
  8
0
 10
88.1562
 20
120.988
 11
88.1962
 21
120.911
  0
LINE
  8
0
 10
88.1962
 20
120.911
 11
88.2326
 21
120.834
  0
LINE
  8
0
 10
88.2326
 20
120.834
 11
88.2659
 21
120.755
  0
LINE
  8
0
 10
88.2659
 20
120.755
 11
88.2958
 21
120.674
  0
LINE
  8
0
 10
88.2958
 20
120.674
 11
88.3221
 21
120.592
  0
LINE
  8
0
 10
88.3221
 20
120.592
 11
88.3454
 21
120.51
  0
LINE
  8
0
 10
88.3454
 20
120.51
 11
88.3651
 21
120.426
  0
LINE
  8
0
 10
88.3651
 20
120.426
 11
88.381
 21
120.341
  0
LINE
  8
0
 10
88.381
 20
120.341
 11
88.3938
 21
120.257
  0
LINE
  8
0
 10
88.3938
 20
120.257
 11
88.4027
 21
120.171
  0
LINE
  8
0
 10
88.4027
 20
120.171
 11
88.4082
 21
120.086
  0
LINE
  8
0
 10
88.4082
 20
120.086
 11
88.4097
 21
120
  0
LINE
  8
0
 10
88.4097
 20
120
 11
88.4082
 21
119.914
  0
LINE
  8
0
 10
88.4082
 20
119.914
 11
88.4027
 21
119.828
  0
LINE
  8
0
 10
88.4027
 20
119.828
 11
88.3938
 21
119.743
  0
LINE
  8
0
 10
88.3938
 20
119.743
 11
88.381
 21
119.658
  0
LINE
  8
0
 10
88.381
 20
119.658
 11
88.3651
 21
119.574
  0
LINE
  8
0
 10
88.3651
 20
119.574
 11
88.3454
 21
119.49
  0
LINE
  8
0
 10
88.3454
 20
119.49
 11
88.3221
 21
119.407
  0
LINE
  8
0
 10
88.3221
 20
119.407
 11
88.2958
 21
119.326
  0
LINE
  8
0
 10
88.2958
 20
119.326
 11
88.2659
 21
119.245
  0
LINE
  8
0
 10
88.2659
 20
119.245
 11
88.2326
 21
119.166
  0
LINE
  8
0
 10
88.2326
 20
119.166
 11
88.1962
 21
119.088
  0
LINE
  8
0
 10
88.1962
 20
119.088
 11
88.1562
 21
119.012
  0
LINE
  8
0
 10
88.1562
 20
119.012
 11
88.1132
 21
118.938
  0
LINE
  8
0
 10
88.1132
 20
118.938
 11
88.0675
 21
118.865
  0
LINE
  8
0
 10
88.0675
 20
118.865
 11
88.0183
 21
118.795
  0
LINE
  8
0
 10
88.0183
 20
118.795
 11
87.9663
 21
118.726
  0
LINE
  8
0
 10
87.9663
 20
118.726
 11
87.9117
 21
118.66
  0
LINE
  8
0
 10
87.9117
 20
118.66
 11
87.8543
 21
118.597
  0
LINE
  8
0
 10
87.8543
 20
118.597
 11
87.7943
 21
118.535
  0
LINE
  8
0
 10
87.7943
 20
118.535
 11
87.7315
 21
118.476
  0
LINE
  8
0
 10
87.7315
 20
118.476
 11
87.6664
 21
118.42
  0
LINE
  8
0
 10
87.6664
 20
118.42
 11
87.5993
 21
118.367
  0
LINE
  8
0
 10
87.5993
 20
118.367
 11
87.5299
 21
118.316
  0
LINE
  8
0
 10
87.5299
 20
118.316
 11
87.4582
 21
118.269
  0
LINE
  8
0
 10
87.4582
 20
118.269
 11
87.385
 21
118.225
  0
LINE
  8
0
 10
87.385
 20
118.225
 11
87.3094
 21
118.183
  0
LINE
  8
0
 10
87.3094
 20
118.183
 11
87.2327
 21
118.145
  0
LINE
  8
0
 10
87.2327
 20
118.145
 11
87.1544
 21
118.11
  0
LINE
  8
0
 10
87.1544
 20
118.11
 11
87.0745
 21
118.078
  0
LINE
  8
0
 10
87.0745
 20
118.078
 11
86.9931
 21
118.05
  0
LINE
  8
0
 10
86.9931
 20
118.05
 11
86.911
 21
118.025
  0
LINE
  8
0
 10
86.911
 20
118.025
 11
86.828
 21
118.004
  0
LINE
  8
0
 10
86.828
 20
118.004
 11
86.7439
 21
117.986
  0
LINE
  8
0
 10
86.7439
 20
117.986
 11
86.6594
 21
117.972
  0
LINE
  8
0
 10
86.6594
 20
117.972
 11
86.5742
 21
117.961
  0
LINE
  8
0
 10
86.5742
 20
117.961
 11
86.4885
 21
117.954
  0
LINE
  8
0
 10
86.4885
 20
117.954
 11
86.4029
 21
117.95
  0
LINE
  8
0
 10
86.4029
 20
117.95
 11
86.3168
 21
117.95
  0
LINE
  8
0
 10
42.3939
 20
112.572
 11
42.3083
 21
112.577
  0
LINE
  8
0
 10
42.3083
 20
112.577
 11
42.223
 21
112.586
  0
LINE
  8
0
 10
42.223
 20
112.586
 11
42.1377
 21
112.599
  0
LINE
  8
0
 10
42.1377
 20
112.599
 11
42.0536
 21
112.614
  0
LINE
  8
0
 10
42.0536
 20
112.614
 11
41.9699
 21
112.634
  0
LINE
  8
0
 10
41.9699
 20
112.634
 11
41.8874
 21
112.657
  0
LINE
  8
0
 10
41.8874
 20
112.657
 11
41.8056
 21
112.684
  0
LINE
  8
0
 10
41.8056
 20
112.684
 11
41.725
 21
112.714
  0
LINE
  8
0
 10
41.725
 20
112.714
 11
41.6459
 21
112.747
  0
LINE
  8
0
 10
41.6459
 20
112.747
 11
41.5684
 21
112.784
  0
LINE
  8
0
 10
41.5684
 20
112.784
 11
41.492
 21
112.823
  0
LINE
  8
0
 10
41.492
 20
112.823
 11
41.418
 21
112.866
  0
LINE
  8
0
 10
41.418
 20
112.866
 11
41.3455
 21
112.912
  0
LINE
  8
0
 10
41.3455
 20
112.912
 11
41.275
 21
112.961
  0
LINE
  8
0
 10
41.275
 20
112.961
 11
41.2064
 21
113.013
  0
LINE
  8
0
 10
41.2064
 20
113.013
 11
41.1401
 21
113.068
  0
LINE
  8
0
 10
41.1401
 20
113.068
 11
41.0766
 21
113.125
  0
LINE
  8
0
 10
41.0766
 20
113.125
 11
41.0149
 21
113.185
  0
LINE
  8
0
 10
41.0149
 20
113.185
 11
40.9564
 21
113.248
  0
LINE
  8
0
 10
40.9564
 20
113.248
 11
40.9002
 21
113.313
  0
LINE
  8
0
 10
40.9002
 20
113.313
 11
40.8467
 21
113.38
  0
LINE
  8
0
 10
40.8467
 20
113.38
 11
40.7963
 21
113.45
  0
LINE
  8
0
 10
40.7963
 20
113.45
 11
40.7491
 21
113.521
  0
LINE
  8
0
 10
40.7491
 20
113.521
 11
40.7045
 21
113.595
  0
LINE
  8
0
 10
40.7045
 20
113.595
 11
40.663
 21
113.67
  0
LINE
  8
0
 10
40.663
 20
113.67
 11
40.625
 21
113.747
  0
LINE
  8
0
 10
40.625
 20
113.747
 11
40.5902
 21
113.826
  0
LINE
  8
0
 10
40.5902
 20
113.826
 11
40.5584
 21
113.905
  0
LINE
  8
0
 10
40.5584
 20
113.905
 11
40.5301
 21
113.986
  0
LINE
  8
0
 10
40.5301
 20
113.986
 11
40.5053
 21
114.069
  0
LINE
  8
0
 10
40.5053
 20
114.069
 11
40.484
 21
114.152
  0
LINE
  8
0
 10
40.484
 20
114.152
 11
40.4661
 21
114.236
  0
LINE
  8
0
 10
40.4661
 20
114.236
 11
40.4518
 21
114.321
  0
LINE
  8
0
 10
40.4518
 20
114.321
 11
40.4409
 21
114.405
  0
LINE
  8
0
 10
40.4409
 20
114.405
 11
40.434
 21
114.491
  0
LINE
  8
0
 10
40.434
 20
114.491
 11
40.4301
 21
114.577
  0
LINE
  8
0
 10
40.4301
 20
114.577
 11
40.4301
 21
114.663
  0
LINE
  8
0
 10
40.4301
 20
114.663
 11
40.434
 21
114.748
  0
LINE
  8
0
 10
40.434
 20
114.748
 11
40.4409
 21
114.834
  0
LINE
  8
0
 10
40.4409
 20
114.834
 11
40.4518
 21
114.919
  0
LINE
  8
0
 10
40.4518
 20
114.919
 11
40.4661
 21
115.004
  0
LINE
  8
0
 10
40.4661
 20
115.004
 11
40.484
 21
115.088
  0
LINE
  8
0
 10
40.484
 20
115.088
 11
40.5053
 21
115.171
  0
LINE
  8
0
 10
40.5053
 20
115.171
 11
40.5301
 21
115.253
  0
LINE
  8
0
 10
40.5301
 20
115.253
 11
40.5584
 21
115.334
  0
LINE
  8
0
 10
40.5584
 20
115.334
 11
40.5902
 21
115.414
  0
LINE
  8
0
 10
40.5902
 20
115.414
 11
40.625
 21
115.493
  0
LINE
  8
0
 10
40.625
 20
115.493
 11
40.663
 21
115.57
  0
LINE
  8
0
 10
40.663
 20
115.57
 11
40.7045
 21
115.645
  0
LINE
  8
0
 10
40.7045
 20
115.645
 11
40.7491
 21
115.718
  0
LINE
  8
0
 10
40.7491
 20
115.718
 11
40.7963
 21
115.79
  0
LINE
  8
0
 10
40.7963
 20
115.79
 11
40.8467
 21
115.859
  0
LINE
  8
0
 10
40.8467
 20
115.859
 11
40.9002
 21
115.927
  0
LINE
  8
0
 10
40.9002
 20
115.927
 11
40.9564
 21
115.991
  0
LINE
  8
0
 10
40.9564
 20
115.991
 11
41.0149
 21
116.054
  0
LINE
  8
0
 10
41.0149
 20
116.054
 11
41.0766
 21
116.114
  0
LINE
  8
0
 10
41.0766
 20
116.114
 11
41.1401
 21
116.172
  0
LINE
  8
0
 10
41.1401
 20
116.172
 11
41.2064
 21
116.226
  0
LINE
  8
0
 10
41.2064
 20
116.226
 11
41.275
 21
116.278
  0
LINE
  8
0
 10
41.275
 20
116.278
 11
41.3455
 21
116.327
  0
LINE
  8
0
 10
41.3455
 20
116.327
 11
41.418
 21
116.374
  0
LINE
  8
0
 10
41.418
 20
116.374
 11
41.492
 21
116.416
  0
LINE
  8
0
 10
41.492
 20
116.416
 11
41.5684
 21
116.456
  0
LINE
  8
0
 10
41.5684
 20
116.456
 11
41.6459
 21
116.493
  0
LINE
  8
0
 10
41.6459
 20
116.493
 11
41.725
 21
116.526
  0
LINE
  8
0
 10
41.725
 20
116.526
 11
41.8056
 21
116.556
  0
LINE
  8
0
 10
41.8056
 20
116.556
 11
41.8874
 21
116.582
  0
LINE
  8
0
 10
41.8874
 20
116.582
 11
41.9699
 21
116.605
  0
LINE
  8
0
 10
41.9699
 20
116.605
 11
42.0536
 21
116.625
  0
LINE
  8
0
 10
42.0536
 20
116.625
 11
42.1377
 21
116.641
  0
LINE
  8
0
 10
42.1377
 20
116.641
 11
42.223
 21
116.654
  0
LINE
  8
0
 10
42.223
 20
116.654
 11
42.3083
 21
116.663
  0
LINE
  8
0
 10
42.3083
 20
116.663
 11
42.3939
 21
116.668
  0
LINE
  8
0
 10
42.3939
 20
116.668
 11
42.48
 21
116.67
  0
LINE
  8
0
 10
42.48
 20
116.67
 11
42.5656
 21
116.668
  0
LINE
  8
0
 10
42.5656
 20
116.668
 11
42.6513
 21
116.663
  0
LINE
  8
0
 10
42.6513
 20
116.663
 11
42.7369
 21
116.654
  0
LINE
  8
0
 10
42.7369
 20
116.654
 11
42.8218
 21
116.641
  0
LINE
  8
0
 10
42.8218
 20
116.641
 11
42.9059
 21
116.625
  0
LINE
  8
0
 10
42.9059
 20
116.625
 11
42.9896
 21
116.605
  0
LINE
  8
0
 10
42.9896
 20
116.605
 11
43.0722
 21
116.582
  0
LINE
  8
0
 10
43.0722
 20
116.582
 11
43.154
 21
116.556
  0
LINE
  8
0
 10
43.154
 20
116.556
 11
43.2346
 21
116.526
  0
LINE
  8
0
 10
43.2346
 20
116.526
 11
43.3136
 21
116.493
  0
LINE
  8
0
 10
43.3136
 20
116.493
 11
43.3911
 21
116.456
  0
LINE
  8
0
 10
43.3911
 20
116.456
 11
43.4675
 21
116.416
  0
LINE
  8
0
 10
43.4675
 20
116.416
 11
43.5419
 21
116.374
  0
LINE
  8
0
 10
43.5419
 20
116.374
 11
43.6144
 21
116.327
  0
LINE
  8
0
 10
43.6144
 20
116.327
 11
43.6849
 21
116.278
  0
LINE
  8
0
 10
43.6849
 20
116.278
 11
43.7531
 21
116.226
  0
LINE
  8
0
 10
43.7531
 20
116.226
 11
43.8194
 21
116.172
  0
LINE
  8
0
 10
43.8194
 20
116.172
 11
43.883
 21
116.114
  0
LINE
  8
0
 10
43.883
 20
116.114
 11
43.9446
 21
116.054
  0
LINE
  8
0
 10
43.9446
 20
116.054
 11
44.0031
 21
115.991
  0
LINE
  8
0
 10
44.0031
 20
115.991
 11
44.0593
 21
115.927
  0
LINE
  8
0
 10
44.0593
 20
115.927
 11
44.1128
 21
115.859
  0
LINE
  8
0
 10
44.1128
 20
115.859
 11
44.1632
 21
115.79
  0
LINE
  8
0
 10
44.1632
 20
115.79
 11
44.2109
 21
115.718
  0
LINE
  8
0
 10
44.2109
 20
115.718
 11
44.2551
 21
115.645
  0
LINE
  8
0
 10
44.2551
 20
115.645
 11
44.2965
 21
115.57
  0
LINE
  8
0
 10
44.2965
 20
115.57
 11
44.3349
 21
115.493
  0
LINE
  8
0
 10
44.3349
 20
115.493
 11
44.3698
 21
115.414
  0
LINE
  8
0
 10
44.3698
 20
115.414
 11
44.4012
 21
115.334
  0
LINE
  8
0
 10
44.4012
 20
115.334
 11
44.4295
 21
115.253
  0
LINE
  8
0
 10
44.4295
 20
115.253
 11
44.4543
 21
115.171
  0
LINE
  8
0
 10
44.4543
 20
115.171
 11
44.4756
 21
115.088
  0
LINE
  8
0
 10
44.4756
 20
115.088
 11
44.4934
 21
115.004
  0
LINE
  8
0
 10
44.4934
 20
115.004
 11
44.5077
 21
114.919
  0
LINE
  8
0
 10
44.5077
 20
114.919
 11
44.5186
 21
114.834
  0
LINE
  8
0
 10
44.5186
 20
114.834
 11
44.5256
 21
114.748
  0
LINE
  8
0
 10
44.5256
 20
114.748
 11
44.5295
 21
114.663
  0
LINE
  8
0
 10
44.5295
 20
114.663
 11
44.5295
 21
114.577
  0
LINE
  8
0
 10
44.5295
 20
114.577
 11
44.5256
 21
114.491
  0
LINE
  8
0
 10
44.5256
 20
114.491
 11
44.5186
 21
114.405
  0
LINE
  8
0
 10
44.5186
 20
114.405
 11
44.5077
 21
114.321
  0
LINE
  8
0
 10
44.5077
 20
114.321
 11
44.4934
 21
114.236
  0
LINE
  8
0
 10
44.4934
 20
114.236
 11
44.4756
 21
114.152
  0
LINE
  8
0
 10
44.4756
 20
114.152
 11
44.4543
 21
114.069
  0
LINE
  8
0
 10
44.4543
 20
114.069
 11
44.4295
 21
113.986
  0
LINE
  8
0
 10
44.4295
 20
113.986
 11
44.4012
 21
113.905
  0
LINE
  8
0
 10
44.4012
 20
113.905
 11
44.3698
 21
113.826
  0
LINE
  8
0
 10
44.3698
 20
113.826
 11
44.3349
 21
113.747
  0
LINE
  8
0
 10
44.3349
 20
113.747
 11
44.2965
 21
113.67
  0
LINE
  8
0
 10
44.2965
 20
113.67
 11
44.2551
 21
113.595
  0
LINE
  8
0
 10
44.2551
 20
113.595
 11
44.2109
 21
113.521
  0
LINE
  8
0
 10
44.2109
 20
113.521
 11
44.1632
 21
113.45
  0
LINE
  8
0
 10
44.1632
 20
113.45
 11
44.1128
 21
113.38
  0
LINE
  8
0
 10
44.1128
 20
113.38
 11
44.0593
 21
113.313
  0
LINE
  8
0
 10
44.0593
 20
113.313
 11
44.0031
 21
113.248
  0
LINE
  8
0
 10
44.0031
 20
113.248
 11
43.9446
 21
113.185
  0
LINE
  8
0
 10
43.9446
 20
113.185
 11
43.883
 21
113.125
  0
LINE
  8
0
 10
43.883
 20
113.125
 11
43.8194
 21
113.068
  0
LINE
  8
0
 10
43.8194
 20
113.068
 11
43.7531
 21
113.013
  0
LINE
  8
0
 10
43.7531
 20
113.013
 11
43.6849
 21
112.961
  0
LINE
  8
0
 10
43.6849
 20
112.961
 11
43.6144
 21
112.912
  0
LINE
  8
0
 10
43.6144
 20
112.912
 11
43.5419
 21
112.866
  0
LINE
  8
0
 10
43.5419
 20
112.866
 11
43.4675
 21
112.823
  0
LINE
  8
0
 10
43.4675
 20
112.823
 11
43.3911
 21
112.784
  0
LINE
  8
0
 10
43.3911
 20
112.784
 11
43.3136
 21
112.747
  0
LINE
  8
0
 10
43.3136
 20
112.747
 11
43.2346
 21
112.714
  0
LINE
  8
0
 10
43.2346
 20
112.714
 11
43.154
 21
112.684
  0
LINE
  8
0
 10
43.154
 20
112.684
 11
43.0722
 21
112.657
  0
LINE
  8
0
 10
43.0722
 20
112.657
 11
42.9896
 21
112.634
  0
LINE
  8
0
 10
42.9896
 20
112.634
 11
42.9059
 21
112.614
  0
LINE
  8
0
 10
42.9059
 20
112.614
 11
42.8218
 21
112.599
  0
LINE
  8
0
 10
42.8218
 20
112.599
 11
42.7369
 21
112.586
  0
LINE
  8
0
 10
42.7369
 20
112.586
 11
42.6513
 21
112.577
  0
LINE
  8
0
 10
42.6513
 20
112.577
 11
42.5656
 21
112.572
  0
LINE
  8
0
 10
42.5656
 20
112.572
 11
42.48
 21
112.57
  0
LINE
  8
0
 10
42.48
 20
112.57
 11
42.3939
 21
112.572
  0
LINE
  8
0
 10
18.3938
 20
112.572
 11
18.3082
 21
112.577
  0
LINE
  8
0
 10
18.3082
 20
112.577
 11
18.2229
 21
112.586
  0
LINE
  8
0
 10
18.2229
 20
112.586
 11
18.138
 21
112.599
  0
LINE
  8
0
 10
18.138
 20
112.599
 11
18.0535
 21
112.614
  0
LINE
  8
0
 10
18.0535
 20
112.614
 11
17.9698
 21
112.634
  0
LINE
  8
0
 10
17.9698
 20
112.634
 11
17.8873
 21
112.657
  0
LINE
  8
0
 10
17.8873
 20
112.657
 11
17.8055
 21
112.684
  0
LINE
  8
0
 10
17.8055
 20
112.684
 11
17.7253
 21
112.714
  0
LINE
  8
0
 10
17.7253
 20
112.714
 11
17.6458
 21
112.747
  0
LINE
  8
0
 10
17.6458
 20
112.747
 11
17.5683
 21
112.784
  0
LINE
  8
0
 10
17.5683
 20
112.784
 11
17.4923
 21
112.823
  0
LINE
  8
0
 10
17.4923
 20
112.823
 11
17.4179
 21
112.866
  0
LINE
  8
0
 10
17.4179
 20
112.866
 11
17.3455
 21
112.912
  0
LINE
  8
0
 10
17.3455
 20
112.912
 11
17.2749
 21
112.961
  0
LINE
  8
0
 10
17.2749
 20
112.961
 11
17.2063
 21
113.013
  0
LINE
  8
0
 10
17.2063
 20
113.013
 11
17.1404
 21
113.068
  0
LINE
  8
0
 10
17.1404
 20
113.068
 11
17.0765
 21
113.125
  0
LINE
  8
0
 10
17.0765
 20
113.125
 11
17.0152
 21
113.185
  0
LINE
  8
0
 10
17.0152
 20
113.185
 11
16.9563
 21
113.248
  0
LINE
  8
0
 10
16.9563
 20
113.248
 11
16.9001
 21
113.313
  0
LINE
  8
0
 10
16.9001
 20
113.313
 11
16.847
 21
113.38
  0
LINE
  8
0
 10
16.847
 20
113.38
 11
16.7966
 21
113.45
  0
LINE
  8
0
 10
16.7966
 20
113.45
 11
16.749
 21
113.521
  0
LINE
  8
0
 10
16.749
 20
113.521
 11
16.7044
 21
113.595
  0
LINE
  8
0
 10
16.7044
 20
113.595
 11
16.6629
 21
113.67
  0
LINE
  8
0
 10
16.6629
 20
113.67
 11
16.625
 21
113.747
  0
LINE
  8
0
 10
16.625
 20
113.747
 11
16.5901
 21
113.826
  0
LINE
  8
0
 10
16.5901
 20
113.826
 11
16.5583
 21
113.905
  0
LINE
  8
0
 10
16.5583
 20
113.905
 11
16.53
 21
113.986
  0
LINE
  8
0
 10
16.53
 20
113.986
 11
16.5052
 21
114.069
  0
LINE
  8
0
 10
16.5052
 20
114.069
 11
16.4839
 21
114.152
  0
LINE
  8
0
 10
16.4839
 20
114.152
 11
16.466
 21
114.236
  0
LINE
  8
0
 10
16.466
 20
114.236
 11
16.4517
 21
114.321
  0
LINE
  8
0
 10
16.4517
 20
114.321
 11
16.4412
 21
114.405
  0
LINE
  8
0
 10
16.4412
 20
114.405
 11
16.4339
 21
114.491
  0
LINE
  8
0
 10
16.4339
 20
114.491
 11
16.4304
 21
114.577
  0
LINE
  8
0
 10
16.4304
 20
114.577
 11
16.4304
 21
114.663
  0
LINE
  8
0
 10
16.4304
 20
114.663
 11
16.4339
 21
114.748
  0
LINE
  8
0
 10
16.4339
 20
114.748
 11
16.4412
 21
114.834
  0
LINE
  8
0
 10
16.4412
 20
114.834
 11
16.4517
 21
114.919
  0
LINE
  8
0
 10
16.4517
 20
114.919
 11
16.466
 21
115.004
  0
LINE
  8
0
 10
16.466
 20
115.004
 11
16.4839
 21
115.088
  0
LINE
  8
0
 10
16.4839
 20
115.088
 11
16.5052
 21
115.171
  0
LINE
  8
0
 10
16.5052
 20
115.171
 11
16.53
 21
115.253
  0
LINE
  8
0
 10
16.53
 20
115.253
 11
16.5583
 21
115.334
  0
LINE
  8
0
 10
16.5583
 20
115.334
 11
16.5901
 21
115.414
  0
LINE
  8
0
 10
16.5901
 20
115.414
 11
16.625
 21
115.493
  0
LINE
  8
0
 10
16.625
 20
115.493
 11
16.6629
 21
115.57
  0
LINE
  8
0
 10
16.6629
 20
115.57
 11
16.7044
 21
115.645
  0
LINE
  8
0
 10
16.7044
 20
115.645
 11
16.749
 21
115.718
  0
LINE
  8
0
 10
16.749
 20
115.718
 11
16.7966
 21
115.79
  0
LINE
  8
0
 10
16.7966
 20
115.79
 11
16.847
 21
115.859
  0
LINE
  8
0
 10
16.847
 20
115.859
 11
16.9001
 21
115.927
  0
LINE
  8
0
 10
16.9001
 20
115.927
 11
16.9563
 21
115.991
  0
LINE
  8
0
 10
16.9563
 20
115.991
 11
17.0152
 21
116.054
  0
LINE
  8
0
 10
17.0152
 20
116.054
 11
17.0765
 21
116.114
  0
LINE
  8
0
 10
17.0765
 20
116.114
 11
17.1404
 21
116.172
  0
LINE
  8
0
 10
17.1404
 20
116.172
 11
17.2063
 21
116.226
  0
LINE
  8
0
 10
17.2063
 20
116.226
 11
17.2749
 21
116.278
  0
LINE
  8
0
 10
17.2749
 20
116.278
 11
17.3455
 21
116.327
  0
LINE
  8
0
 10
17.3455
 20
116.327
 11
17.4179
 21
116.374
  0
LINE
  8
0
 10
17.4179
 20
116.374
 11
17.4923
 21
116.416
  0
LINE
  8
0
 10
17.4923
 20
116.416
 11
17.5683
 21
116.456
  0
LINE
  8
0
 10
17.5683
 20
116.456
 11
17.6458
 21
116.493
  0
LINE
  8
0
 10
17.6458
 20
116.493
 11
17.7253
 21
116.526
  0
LINE
  8
0
 10
17.7253
 20
116.526
 11
17.8055
 21
116.556
  0
LINE
  8
0
 10
17.8055
 20
116.556
 11
17.8873
 21
116.582
  0
LINE
  8
0
 10
17.8873
 20
116.582
 11
17.9698
 21
116.605
  0
LINE
  8
0
 10
17.9698
 20
116.605
 11
18.0535
 21
116.625
  0
LINE
  8
0
 10
18.0535
 20
116.625
 11
18.138
 21
116.641
  0
LINE
  8
0
 10
18.138
 20
116.641
 11
18.2229
 21
116.654
  0
LINE
  8
0
 10
18.2229
 20
116.654
 11
18.3082
 21
116.663
  0
LINE
  8
0
 10
18.3082
 20
116.663
 11
18.3938
 21
116.668
  0
LINE
  8
0
 10
18.3938
 20
116.668
 11
18.4799
 21
116.67
  0
LINE
  8
0
 10
18.4799
 20
116.67
 11
18.5655
 21
116.668
  0
LINE
  8
0
 10
18.5655
 20
116.668
 11
18.6512
 21
116.663
  0
LINE
  8
0
 10
18.6512
 20
116.663
 11
18.7368
 21
116.654
  0
LINE
  8
0
 10
18.7368
 20
116.654
 11
18.8217
 21
116.641
  0
LINE
  8
0
 10
18.8217
 20
116.641
 11
18.9062
 21
116.625
  0
LINE
  8
0
 10
18.9062
 20
116.625
 11
18.9895
 21
116.605
  0
LINE
  8
0
 10
18.9895
 20
116.605
 11
19.0725
 21
116.582
  0
LINE
  8
0
 10
19.0725
 20
116.582
 11
19.1539
 21
116.556
  0
LINE
  8
0
 10
19.1539
 20
116.556
 11
19.2345
 21
116.526
  0
LINE
  8
0
 10
19.2345
 20
116.526
 11
19.3135
 21
116.493
  0
LINE
  8
0
 10
19.3135
 20
116.493
 11
19.3915
 21
116.456
  0
LINE
  8
0
 10
19.3915
 20
116.456
 11
19.4674
 21
116.416
  0
LINE
  8
0
 10
19.4674
 20
116.416
 11
19.5418
 21
116.374
  0
LINE
  8
0
 10
19.5418
 20
116.374
 11
19.6143
 21
116.327
  0
LINE
  8
0
 10
19.6143
 20
116.327
 11
19.6848
 21
116.278
  0
LINE
  8
0
 10
19.6848
 20
116.278
 11
19.7531
 21
116.226
  0
LINE
  8
0
 10
19.7531
 20
116.226
 11
19.8193
 21
116.172
  0
LINE
  8
0
 10
19.8193
 20
116.172
 11
19.8833
 21
116.114
  0
LINE
  8
0
 10
19.8833
 20
116.114
 11
19.9445
 21
116.054
  0
LINE
  8
0
 10
19.9445
 20
116.054
 11
20.0034
 21
115.991
  0
LINE
  8
0
 10
20.0034
 20
115.991
 11
20.0592
 21
115.927
  0
LINE
  8
0
 10
20.0592
 20
115.927
 11
20.1127
 21
115.859
  0
LINE
  8
0
 10
20.1127
 20
115.859
 11
20.1631
 21
115.79
  0
LINE
  8
0
 10
20.1631
 20
115.79
 11
20.2108
 21
115.718
  0
LINE
  8
0
 10
20.2108
 20
115.718
 11
20.2554
 21
115.645
  0
LINE
  8
0
 10
20.2554
 20
115.645
 11
20.2964
 21
115.57
  0
LINE
  8
0
 10
20.2964
 20
115.57
 11
20.3348
 21
115.493
  0
LINE
  8
0
 10
20.3348
 20
115.493
 11
20.3697
 21
115.414
  0
LINE
  8
0
 10
20.3697
 20
115.414
 11
20.4011
 21
115.334
  0
LINE
  8
0
 10
20.4011
 20
115.334
 11
20.4294
 21
115.253
  0
LINE
  8
0
 10
20.4294
 20
115.253
 11
20.4542
 21
115.171
  0
LINE
  8
0
 10
20.4542
 20
115.171
 11
20.4755
 21
115.088
  0
LINE
  8
0
 10
20.4755
 20
115.088
 11
20.4937
 21
115.004
  0
LINE
  8
0
 10
20.4937
 20
115.004
 11
20.5077
 21
114.919
  0
LINE
  8
0
 10
20.5077
 20
114.919
 11
20.5185
 21
114.834
  0
LINE
  8
0
 10
20.5185
 20
114.834
 11
20.5259
 21
114.748
  0
LINE
  8
0
 10
20.5259
 20
114.748
 11
20.5294
 21
114.663
  0
LINE
  8
0
 10
20.5294
 20
114.663
 11
20.5294
 21
114.577
  0
LINE
  8
0
 10
20.5294
 20
114.577
 11
20.5259
 21
114.491
  0
LINE
  8
0
 10
20.5259
 20
114.491
 11
20.5185
 21
114.405
  0
LINE
  8
0
 10
20.5185
 20
114.405
 11
20.5077
 21
114.321
  0
LINE
  8
0
 10
20.5077
 20
114.321
 11
20.4937
 21
114.236
  0
LINE
  8
0
 10
20.4937
 20
114.236
 11
20.4755
 21
114.152
  0
LINE
  8
0
 10
20.4755
 20
114.152
 11
20.4542
 21
114.069
  0
LINE
  8
0
 10
20.4542
 20
114.069
 11
20.4294
 21
113.986
  0
LINE
  8
0
 10
20.4294
 20
113.986
 11
20.4011
 21
113.905
  0
LINE
  8
0
 10
20.4011
 20
113.905
 11
20.3697
 21
113.826
  0
LINE
  8
0
 10
20.3697
 20
113.826
 11
20.3348
 21
113.747
  0
LINE
  8
0
 10
20.3348
 20
113.747
 11
20.2964
 21
113.67
  0
LINE
  8
0
 10
20.2964
 20
113.67
 11
20.2554
 21
113.595
  0
LINE
  8
0
 10
20.2554
 20
113.595
 11
20.2108
 21
113.521
  0
LINE
  8
0
 10
20.2108
 20
113.521
 11
20.1631
 21
113.45
  0
LINE
  8
0
 10
20.1631
 20
113.45
 11
20.1127
 21
113.38
  0
LINE
  8
0
 10
20.1127
 20
113.38
 11
20.0592
 21
113.313
  0
LINE
  8
0
 10
20.0592
 20
113.313
 11
20.0034
 21
113.248
  0
LINE
  8
0
 10
20.0034
 20
113.248
 11
19.9445
 21
113.185
  0
LINE
  8
0
 10
19.9445
 20
113.185
 11
19.8833
 21
113.125
  0
LINE
  8
0
 10
19.8833
 20
113.125
 11
19.8193
 21
113.068
  0
LINE
  8
0
 10
19.8193
 20
113.068
 11
19.7531
 21
113.013
  0
LINE
  8
0
 10
19.7531
 20
113.013
 11
19.6848
 21
112.961
  0
LINE
  8
0
 10
19.6848
 20
112.961
 11
19.6143
 21
112.912
  0
LINE
  8
0
 10
19.6143
 20
112.912
 11
19.5418
 21
112.866
  0
LINE
  8
0
 10
19.5418
 20
112.866
 11
19.4674
 21
112.823
  0
LINE
  8
0
 10
19.4674
 20
112.823
 11
19.3915
 21
112.784
  0
LINE
  8
0
 10
19.3915
 20
112.784
 11
19.3135
 21
112.747
  0
LINE
  8
0
 10
19.3135
 20
112.747
 11
19.2345
 21
112.714
  0
LINE
  8
0
 10
19.2345
 20
112.714
 11
19.1539
 21
112.684
  0
LINE
  8
0
 10
19.1539
 20
112.684
 11
19.0725
 21
112.657
  0
LINE
  8
0
 10
19.0725
 20
112.657
 11
18.9895
 21
112.634
  0
LINE
  8
0
 10
18.9895
 20
112.634
 11
18.9062
 21
112.614
  0
LINE
  8
0
 10
18.9062
 20
112.614
 11
18.8217
 21
112.599
  0
LINE
  8
0
 10
18.8217
 20
112.599
 11
18.7368
 21
112.586
  0
LINE
  8
0
 10
18.7368
 20
112.586
 11
18.6512
 21
112.577
  0
LINE
  8
0
 10
18.6512
 20
112.577
 11
18.5655
 21
112.572
  0
LINE
  8
0
 10
18.5655
 20
112.572
 11
18.4799
 21
112.57
  0
LINE
  8
0
 10
18.4799
 20
112.57
 11
18.3938
 21
112.572
  0
LINE
  8
0
 10
9.22696
 20
93.9501
 11
9.14091
 21
93.954
  0
LINE
  8
0
 10
9.14091
 20
93.954
 11
9.05565
 21
93.9609
  0
LINE
  8
0
 10
9.05565
 20
93.9609
 11
8.97038
 21
93.9718
  0
LINE
  8
0
 10
8.97038
 20
93.9718
 11
8.8855
 21
93.9861
  0
LINE
  8
0
 10
8.8855
 20
93.9861
 11
8.80179
 21
94.004
  0
LINE
  8
0
 10
8.80179
 20
94.004
 11
8.71846
 21
94.0253
  0
LINE
  8
0
 10
8.71846
 20
94.0253
 11
8.63629
 21
94.0501
  0
LINE
  8
0
 10
8.63629
 20
94.0501
 11
8.55529
 21
94.0784
  0
LINE
  8
0
 10
8.55529
 20
94.0784
 11
8.47545
 21
94.1101
  0
LINE
  8
0
 10
8.47545
 20
94.1101
 11
8.39677
 21
94.145
  0
LINE
  8
0
 10
8.39677
 20
94.145
 11
8.32003
 21
94.183
  0
LINE
  8
0
 10
8.32003
 20
94.183
 11
8.24485
 21
94.2245
  0
LINE
  8
0
 10
8.24485
 20
94.2245
 11
8.17121
 21
94.2691
  0
LINE
  8
0
 10
8.17121
 20
94.2691
 11
8.09989
 21
94.3163
  0
LINE
  8
0
 10
8.09989
 20
94.3163
 11
8.03052
 21
94.3671
  0
LINE
  8
0
 10
8.03052
 20
94.3671
 11
7.96308
 21
94.4202
  0
LINE
  8
0
 10
7.96308
 20
94.4202
 11
7.89797
 21
94.4764
  0
LINE
  8
0
 10
7.89797
 20
94.4764
 11
7.83557
 21
94.5353
  0
LINE
  8
0
 10
7.83557
 20
94.5353
 11
7.77549
 21
94.5966
  0
LINE
  8
0
 10
7.77549
 20
94.5966
 11
7.71813
 21
94.6601
  0
LINE
  8
0
 10
7.71813
 20
94.6601
 11
7.6631
 21
94.7264
  0
LINE
  8
0
 10
7.6631
 20
94.7264
 11
7.61116
 21
94.795
  0
LINE
  8
0
 10
7.61116
 20
94.795
 11
7.56233
 21
94.8655
  0
LINE
  8
0
 10
7.56233
 20
94.8655
 11
7.51621
 21
94.938
  0
LINE
  8
0
 10
7.51621
 20
94.938
 11
7.47319
 21
95.012
  0
LINE
  8
0
 10
7.47319
 20
95.012
 11
7.43365
 21
95.0884
  0
LINE
  8
0
 10
7.43365
 20
95.0884
 11
7.39722
 21
95.1659
  0
LINE
  8
0
 10
7.39722
 20
95.1659
 11
7.36389
 21
95.245
  0
LINE
  8
0
 10
7.36389
 20
95.245
 11
7.33366
 21
95.3256
  0
LINE
  8
0
 10
7.33366
 20
95.3256
 11
7.30731
 21
95.4074
  0
LINE
  8
0
 10
7.30731
 20
95.4074
 11
7.28405
 21
95.4899
  0
LINE
  8
0
 10
7.28405
 20
95.4899
 11
7.26467
 21
95.5736
  0
LINE
  8
0
 10
7.26467
 20
95.5736
 11
7.24839
 21
95.6581
  0
LINE
  8
0
 10
7.24839
 20
95.6581
 11
7.23599
 21
95.743
  0
LINE
  8
0
 10
7.23599
 20
95.743
 11
7.22708
 21
95.8283
  0
LINE
  8
0
 10
7.22708
 20
95.8283
 11
7.22165
 21
95.9139
  0
LINE
  8
0
 10
7.22165
 20
95.9139
 11
7.21971
 21
96
  0
LINE
  8
0
 10
7.21971
 20
96
 11
7.22165
 21
96.0856
  0
LINE
  8
0
 10
7.22165
 20
96.0856
 11
7.22708
 21
96.1713
  0
LINE
  8
0
 10
7.22708
 20
96.1713
 11
7.23599
 21
96.2569
  0
LINE
  8
0
 10
7.23599
 20
96.2569
 11
7.24839
 21
96.3418
  0
LINE
  8
0
 10
7.24839
 20
96.3418
 11
7.26467
 21
96.4259
  0
LINE
  8
0
 10
7.26467
 20
96.4259
 11
7.28405
 21
96.5096
  0
LINE
  8
0
 10
7.28405
 20
96.5096
 11
7.30731
 21
96.5922
  0
LINE
  8
0
 10
7.30731
 20
96.5922
 11
7.33366
 21
96.6739
  0
LINE
  8
0
 10
7.33366
 20
96.6739
 11
7.36389
 21
96.7546
  0
LINE
  8
0
 10
7.36389
 20
96.7546
 11
7.39722
 21
96.8336
  0
LINE
  8
0
 10
7.39722
 20
96.8336
 11
7.43365
 21
96.9111
  0
LINE
  8
0
 10
7.43365
 20
96.9111
 11
7.47319
 21
96.9875
  0
LINE
  8
0
 10
7.47319
 20
96.9875
 11
7.51621
 21
97.0619
  0
LINE
  8
0
 10
7.51621
 20
97.0619
 11
7.56233
 21
97.1344
  0
LINE
  8
0
 10
7.56233
 20
97.1344
 11
7.61116
 21
97.2049
  0
LINE
  8
0
 10
7.61116
 20
97.2049
 11
7.6631
 21
97.2731
  0
LINE
  8
0
 10
7.6631
 20
97.2731
 11
7.71813
 21
97.3394
  0
LINE
  8
0
 10
7.71813
 20
97.3394
 11
7.77549
 21
97.403
  0
LINE
  8
0
 10
7.77549
 20
97.403
 11
7.83557
 21
97.4646
  0
LINE
  8
0
 10
7.83557
 20
97.4646
 11
7.89797
 21
97.5231
  0
LINE
  8
0
 10
7.89797
 20
97.5231
 11
7.96308
 21
97.5793
  0
LINE
  8
0
 10
7.96308
 20
97.5793
 11
8.03052
 21
97.6328
  0
LINE
  8
0
 10
8.03052
 20
97.6328
 11
8.09989
 21
97.6832
  0
LINE
  8
0
 10
8.09989
 20
97.6832
 11
8.17121
 21
97.7309
  0
LINE
  8
0
 10
8.17121
 20
97.7309
 11
8.24485
 21
97.775
  0
LINE
  8
0
 10
8.24485
 20
97.775
 11
8.32003
 21
97.8165
  0
LINE
  8
0
 10
8.32003
 20
97.8165
 11
8.39677
 21
97.8549
  0
LINE
  8
0
 10
8.39677
 20
97.8549
 11
8.47545
 21
97.8898
  0
LINE
  8
0
 10
8.47545
 20
97.8898
 11
8.55529
 21
97.9212
  0
LINE
  8
0
 10
8.55529
 20
97.9212
 11
8.63629
 21
97.9494
  0
LINE
  8
0
 10
8.63629
 20
97.9494
 11
8.71846
 21
97.9743
  0
LINE
  8
0
 10
8.71846
 20
97.9743
 11
8.80179
 21
97.9956
  0
LINE
  8
0
 10
8.80179
 20
97.9956
 11
8.8855
 21
98.0134
  0
LINE
  8
0
 10
8.8855
 20
98.0134
 11
8.97038
 21
98.0277
  0
LINE
  8
0
 10
8.97038
 20
98.0277
 11
9.05565
 21
98.0386
  0
LINE
  8
0
 10
9.05565
 20
98.0386
 11
9.14091
 21
98.046
  0
LINE
  8
0
 10
9.14091
 20
98.046
 11
9.22696
 21
98.0494
  0
LINE
  8
0
 10
9.22696
 20
98.0494
 11
9.31261
 21
98.0494
  0
LINE
  8
0
 10
9.31261
 20
98.0494
 11
9.39865
 21
98.046
  0
LINE
  8
0
 10
9.39865
 20
98.046
 11
9.48392
 21
98.0386
  0
LINE
  8
0
 10
9.48392
 20
98.0386
 11
9.56918
 21
98.0277
  0
LINE
  8
0
 10
9.56918
 20
98.0277
 11
9.65406
 21
98.0134
  0
LINE
  8
0
 10
9.65406
 20
98.0134
 11
9.73778
 21
97.9956
  0
LINE
  8
0
 10
9.73778
 20
97.9956
 11
9.82111
 21
97.9743
  0
LINE
  8
0
 10
9.82111
 20
97.9743
 11
9.90327
 21
97.9494
  0
LINE
  8
0
 10
9.90327
 20
97.9494
 11
9.98427
 21
97.9212
  0
LINE
  8
0
 10
9.98427
 20
97.9212
 11
10.0641
 21
97.8898
  0
LINE
  8
0
 10
10.0641
 20
97.8898
 11
10.1428
 21
97.8549
  0
LINE
  8
0
 10
10.1428
 20
97.8549
 11
10.2195
 21
97.8165
  0
LINE
  8
0
 10
10.2195
 20
97.8165
 11
10.2947
 21
97.775
  0
LINE
  8
0
 10
10.2947
 20
97.775
 11
10.3684
 21
97.7309
  0
LINE
  8
0
 10
10.3684
 20
97.7309
 11
10.4397
 21
97.6832
  0
LINE
  8
0
 10
10.4397
 20
97.6832
 11
10.509
 21
97.6328
  0
LINE
  8
0
 10
10.509
 20
97.6328
 11
10.5765
 21
97.5793
  0
LINE
  8
0
 10
10.5765
 20
97.5793
 11
10.6416
 21
97.5231
  0
LINE
  8
0
 10
10.6416
 20
97.5231
 11
10.704
 21
97.4646
  0
LINE
  8
0
 10
10.704
 20
97.4646
 11
10.7641
 21
97.403
  0
LINE
  8
0
 10
10.7641
 20
97.403
 11
10.8218
 21
97.3394
  0
LINE
  8
0
 10
10.8218
 20
97.3394
 11
10.8765
 21
97.2731
  0
LINE
  8
0
 10
10.8765
 20
97.2731
 11
10.9284
 21
97.2049
  0
LINE
  8
0
 10
10.9284
 20
97.2049
 11
10.9772
 21
97.1344
  0
LINE
  8
0
 10
10.9772
 20
97.1344
 11
11.0234
 21
97.0619
  0
LINE
  8
0
 10
11.0234
 20
97.0619
 11
11.0664
 21
96.9875
  0
LINE
  8
0
 10
11.0664
 20
96.9875
 11
11.1059
 21
96.9111
  0
LINE
  8
0
 10
11.1059
 20
96.9111
 11
11.1427
 21
96.8336
  0
LINE
  8
0
 10
11.1427
 20
96.8336
 11
11.1757
 21
96.7546
  0
LINE
  8
0
 10
11.1757
 20
96.7546
 11
11.2059
 21
96.6739
  0
LINE
  8
0
 10
11.2059
 20
96.6739
 11
11.2323
 21
96.5922
  0
LINE
  8
0
 10
11.2323
 20
96.5922
 11
11.2555
 21
96.5096
  0
LINE
  8
0
 10
11.2555
 20
96.5096
 11
11.2749
 21
96.4259
  0
LINE
  8
0
 10
11.2749
 20
96.4259
 11
11.2912
 21
96.3418
  0
LINE
  8
0
 10
11.2912
 20
96.3418
 11
11.3036
 21
96.2569
  0
LINE
  8
0
 10
11.3036
 20
96.2569
 11
11.3125
 21
96.1713
  0
LINE
  8
0
 10
11.3125
 20
96.1713
 11
11.3179
 21
96.0856
  0
LINE
  8
0
 10
11.3179
 20
96.0856
 11
11.3199
 21
96
  0
LINE
  8
0
 10
11.3199
 20
96
 11
11.3179
 21
95.9139
  0
LINE
  8
0
 10
11.3179
 20
95.9139
 11
11.3125
 21
95.8283
  0
LINE
  8
0
 10
11.3125
 20
95.8283
 11
11.3036
 21
95.743
  0
LINE
  8
0
 10
11.3036
 20
95.743
 11
11.2912
 21
95.6581
  0
LINE
  8
0
 10
11.2912
 20
95.6581
 11
11.2749
 21
95.5736
  0
LINE
  8
0
 10
11.2749
 20
95.5736
 11
11.2555
 21
95.4899
  0
LINE
  8
0
 10
11.2555
 20
95.4899
 11
11.2323
 21
95.4074
  0
LINE
  8
0
 10
11.2323
 20
95.4074
 11
11.2059
 21
95.3256
  0
LINE
  8
0
 10
11.2059
 20
95.3256
 11
11.1757
 21
95.245
  0
LINE
  8
0
 10
11.1757
 20
95.245
 11
11.1427
 21
95.1659
  0
LINE
  8
0
 10
11.1427
 20
95.1659
 11
11.1059
 21
95.0884
  0
LINE
  8
0
 10
11.1059
 20
95.0884
 11
11.0664
 21
95.012
  0
LINE
  8
0
 10
11.0664
 20
95.012
 11
11.0234
 21
94.938
  0
LINE
  8
0
 10
11.0234
 20
94.938
 11
10.9772
 21
94.8655
  0
LINE
  8
0
 10
10.9772
 20
94.8655
 11
10.9284
 21
94.795
  0
LINE
  8
0
 10
10.9284
 20
94.795
 11
10.8765
 21
94.7264
  0
LINE
  8
0
 10
10.8765
 20
94.7264
 11
10.8218
 21
94.6601
  0
LINE
  8
0
 10
10.8218
 20
94.6601
 11
10.7641
 21
94.5966
  0
LINE
  8
0
 10
10.7641
 20
94.5966
 11
10.704
 21
94.5353
  0
LINE
  8
0
 10
10.704
 20
94.5353
 11
10.6416
 21
94.4764
  0
LINE
  8
0
 10
10.6416
 20
94.4764
 11
10.5765
 21
94.4202
  0
LINE
  8
0
 10
10.5765
 20
94.4202
 11
10.509
 21
94.3671
  0
LINE
  8
0
 10
10.509
 20
94.3671
 11
10.4397
 21
94.3163
  0
LINE
  8
0
 10
10.4397
 20
94.3163
 11
10.3684
 21
94.2691
  0
LINE
  8
0
 10
10.3684
 20
94.2691
 11
10.2947
 21
94.2245
  0
LINE
  8
0
 10
10.2947
 20
94.2245
 11
10.2195
 21
94.183
  0
LINE
  8
0
 10
10.2195
 20
94.183
 11
10.1428
 21
94.145
  0
LINE
  8
0
 10
10.1428
 20
94.145
 11
10.0641
 21
94.1101
  0
LINE
  8
0
 10
10.0641
 20
94.1101
 11
9.98427
 21
94.0784
  0
LINE
  8
0
 10
9.98427
 20
94.0784
 11
9.90327
 21
94.0501
  0
LINE
  8
0
 10
9.90327
 20
94.0501
 11
9.82111
 21
94.0253
  0
LINE
  8
0
 10
9.82111
 20
94.0253
 11
9.73778
 21
94.004
  0
LINE
  8
0
 10
9.73778
 20
94.004
 11
9.65406
 21
93.9861
  0
LINE
  8
0
 10
9.65406
 20
93.9861
 11
9.56918
 21
93.9718
  0
LINE
  8
0
 10
9.56918
 20
93.9718
 11
9.48392
 21
93.9609
  0
LINE
  8
0
 10
9.48392
 20
93.9609
 11
9.39865
 21
93.954
  0
LINE
  8
0
 10
9.39865
 20
93.954
 11
9.31261
 21
93.9501
  0
LINE
  8
0
 10
9.31261
 20
93.9501
 11
9.22696
 21
93.9501
  0
LINE
  8
0
 10
86.3168
 20
93.9501
 11
86.2312
 21
93.954
  0
LINE
  8
0
 10
86.2312
 20
93.954
 11
86.1455
 21
93.9609
  0
LINE
  8
0
 10
86.1455
 20
93.9609
 11
86.0603
 21
93.9718
  0
LINE
  8
0
 10
86.0603
 20
93.9718
 11
85.9758
 21
93.9861
  0
LINE
  8
0
 10
85.9758
 20
93.9861
 11
85.8917
 21
94.004
  0
LINE
  8
0
 10
85.8917
 20
94.004
 11
85.8083
 21
94.0253
  0
LINE
  8
0
 10
85.8083
 20
94.0253
 11
85.7262
 21
94.0501
  0
LINE
  8
0
 10
85.7262
 20
94.0501
 11
85.6452
 21
94.0784
  0
LINE
  8
0
 10
85.6452
 20
94.0784
 11
85.5653
 21
94.1101
  0
LINE
  8
0
 10
85.5653
 20
94.1101
 11
85.487
 21
94.145
  0
LINE
  8
0
 10
85.487
 20
94.145
 11
85.4099
 21
94.183
  0
LINE
  8
0
 10
85.4099
 20
94.183
 11
85.3347
 21
94.2245
  0
LINE
  8
0
 10
85.3347
 20
94.2245
 11
85.2615
 21
94.2691
  0
LINE
  8
0
 10
85.2615
 20
94.2691
 11
85.1898
 21
94.3163
  0
LINE
  8
0
 10
85.1898
 20
94.3163
 11
85.1204
 21
94.3671
  0
LINE
  8
0
 10
85.1204
 20
94.3671
 11
85.0529
 21
94.4202
  0
LINE
  8
0
 10
85.0529
 20
94.4202
 11
84.9882
 21
94.4764
  0
LINE
  8
0
 10
84.9882
 20
94.4764
 11
84.9254
 21
94.5353
  0
LINE
  8
0
 10
84.9254
 20
94.5353
 11
84.8654
 21
94.5966
  0
LINE
  8
0
 10
84.8654
 20
94.5966
 11
84.808
 21
94.6601
  0
LINE
  8
0
 10
84.808
 20
94.6601
 11
84.7534
 21
94.7264
  0
LINE
  8
0
 10
84.7534
 20
94.7264
 11
84.7014
 21
94.795
  0
LINE
  8
0
 10
84.7014
 20
94.795
 11
84.6522
 21
94.8655
  0
LINE
  8
0
 10
84.6522
 20
94.8655
 11
84.6065
 21
94.938
  0
LINE
  8
0
 10
84.6065
 20
94.938
 11
84.5634
 21
95.012
  0
LINE
  8
0
 10
84.5634
 20
95.012
 11
84.5235
 21
95.0884
  0
LINE
  8
0
 10
84.5235
 20
95.0884
 11
84.4871
 21
95.1659
  0
LINE
  8
0
 10
84.4871
 20
95.1659
 11
84.4538
 21
95.245
  0
LINE
  8
0
 10
84.4538
 20
95.245
 11
84.4239
 21
95.3256
  0
LINE
  8
0
 10
84.4239
 20
95.3256
 11
84.3972
 21
95.4074
  0
LINE
  8
0
 10
84.3972
 20
95.4074
 11
84.3743
 21
95.4899
  0
LINE
  8
0
 10
84.3743
 20
95.4899
 11
84.3545
 21
95.5736
  0
LINE
  8
0
 10
84.3545
 20
95.5736
 11
84.3387
 21
95.6581
  0
LINE
  8
0
 10
84.3387
 20
95.6581
 11
84.3259
 21
95.743
  0
LINE
  8
0
 10
84.3259
 20
95.743
 11
84.3169
 21
95.8283
  0
LINE
  8
0
 10
84.3169
 20
95.8283
 11
84.3115
 21
95.9139
  0
LINE
  8
0
 10
84.3115
 20
95.9139
 11
84.31
 21
96
  0
LINE
  8
0
 10
84.31
 20
96
 11
84.3115
 21
96.0856
  0
LINE
  8
0
 10
84.3115
 20
96.0856
 11
84.3169
 21
96.1713
  0
LINE
  8
0
 10
84.3169
 20
96.1713
 11
84.3259
 21
96.2569
  0
LINE
  8
0
 10
84.3259
 20
96.2569
 11
84.3387
 21
96.3418
  0
LINE
  8
0
 10
84.3387
 20
96.3418
 11
84.3545
 21
96.4259
  0
LINE
  8
0
 10
84.3545
 20
96.4259
 11
84.3743
 21
96.5096
  0
LINE
  8
0
 10
84.3743
 20
96.5096
 11
84.3972
 21
96.5922
  0
LINE
  8
0
 10
84.3972
 20
96.5922
 11
84.4239
 21
96.6739
  0
LINE
  8
0
 10
84.4239
 20
96.6739
 11
84.4538
 21
96.7546
  0
LINE
  8
0
 10
84.4538
 20
96.7546
 11
84.4871
 21
96.8336
  0
LINE
  8
0
 10
84.4871
 20
96.8336
 11
84.5235
 21
96.9111
  0
LINE
  8
0
 10
84.5235
 20
96.9111
 11
84.5634
 21
96.9875
  0
LINE
  8
0
 10
84.5634
 20
96.9875
 11
84.6065
 21
97.0619
  0
LINE
  8
0
 10
84.6065
 20
97.0619
 11
84.6522
 21
97.1344
  0
LINE
  8
0
 10
84.6522
 20
97.1344
 11
84.7014
 21
97.2049
  0
LINE
  8
0
 10
84.7014
 20
97.2049
 11
84.7534
 21
97.2731
  0
LINE
  8
0
 10
84.7534
 20
97.2731
 11
84.808
 21
97.3394
  0
LINE
  8
0
 10
84.808
 20
97.3394
 11
84.8654
 21
97.403
  0
LINE
  8
0
 10
84.8654
 20
97.403
 11
84.9254
 21
97.4646
  0
LINE
  8
0
 10
84.9254
 20
97.4646
 11
84.9882
 21
97.5231
  0
LINE
  8
0
 10
84.9882
 20
97.5231
 11
85.0529
 21
97.5793
  0
LINE
  8
0
 10
85.0529
 20
97.5793
 11
85.1204
 21
97.6328
  0
LINE
  8
0
 10
85.1204
 20
97.6328
 11
85.1898
 21
97.6832
  0
LINE
  8
0
 10
85.1898
 20
97.6832
 11
85.2615
 21
97.7309
  0
LINE
  8
0
 10
85.2615
 20
97.7309
 11
85.3347
 21
97.775
  0
LINE
  8
0
 10
85.3347
 20
97.775
 11
85.4099
 21
97.8165
  0
LINE
  8
0
 10
85.4099
 20
97.8165
 11
85.487
 21
97.8549
  0
LINE
  8
0
 10
85.487
 20
97.8549
 11
85.5653
 21
97.8898
  0
LINE
  8
0
 10
85.5653
 20
97.8898
 11
85.6452
 21
97.9212
  0
LINE
  8
0
 10
85.6452
 20
97.9212
 11
85.7262
 21
97.9494
  0
LINE
  8
0
 10
85.7262
 20
97.9494
 11
85.8083
 21
97.9743
  0
LINE
  8
0
 10
85.8083
 20
97.9743
 11
85.8917
 21
97.9956
  0
LINE
  8
0
 10
85.8917
 20
97.9956
 11
85.9758
 21
98.0134
  0
LINE
  8
0
 10
85.9758
 20
98.0134
 11
86.0603
 21
98.0277
  0
LINE
  8
0
 10
86.0603
 20
98.0277
 11
86.1455
 21
98.0386
  0
LINE
  8
0
 10
86.1455
 20
98.0386
 11
86.2312
 21
98.046
  0
LINE
  8
0
 10
86.2312
 20
98.046
 11
86.3168
 21
98.0494
  0
LINE
  8
0
 10
86.3168
 20
98.0494
 11
86.4029
 21
98.0494
  0
LINE
  8
0
 10
86.4029
 20
98.0494
 11
86.4885
 21
98.046
  0
LINE
  8
0
 10
86.4885
 20
98.046
 11
86.5742
 21
98.0386
  0
LINE
  8
0
 10
86.5742
 20
98.0386
 11
86.6594
 21
98.0277
  0
LINE
  8
0
 10
86.6594
 20
98.0277
 11
86.7439
 21
98.0134
  0
LINE
  8
0
 10
86.7439
 20
98.0134
 11
86.828
 21
97.9956
  0
LINE
  8
0
 10
86.828
 20
97.9956
 11
86.911
 21
97.9743
  0
LINE
  8
0
 10
86.911
 20
97.9743
 11
86.9931
 21
97.9494
  0
LINE
  8
0
 10
86.9931
 20
97.9494
 11
87.0745
 21
97.9212
  0
LINE
  8
0
 10
87.0745
 20
97.9212
 11
87.1544
 21
97.8898
  0
LINE
  8
0
 10
87.1544
 20
97.8898
 11
87.2327
 21
97.8549
  0
LINE
  8
0
 10
87.2327
 20
97.8549
 11
87.3094
 21
97.8165
  0
LINE
  8
0
 10
87.3094
 20
97.8165
 11
87.385
 21
97.775
  0
LINE
  8
0
 10
87.385
 20
97.775
 11
87.4582
 21
97.7309
  0
LINE
  8
0
 10
87.4582
 20
97.7309
 11
87.5299
 21
97.6832
  0
LINE
  8
0
 10
87.5299
 20
97.6832
 11
87.5993
 21
97.6328
  0
LINE
  8
0
 10
87.5993
 20
97.6328
 11
87.6664
 21
97.5793
  0
LINE
  8
0
 10
87.6664
 20
97.5793
 11
87.7315
 21
97.5231
  0
LINE
  8
0
 10
87.7315
 20
97.5231
 11
87.7943
 21
97.4646
  0
LINE
  8
0
 10
87.7943
 20
97.4646
 11
87.8543
 21
97.403
  0
LINE
  8
0
 10
87.8543
 20
97.403
 11
87.9117
 21
97.3394
  0
LINE
  8
0
 10
87.9117
 20
97.3394
 11
87.9663
 21
97.2731
  0
LINE
  8
0
 10
87.9663
 20
97.2731
 11
88.0183
 21
97.2049
  0
LINE
  8
0
 10
88.0183
 20
97.2049
 11
88.0675
 21
97.1344
  0
LINE
  8
0
 10
88.0675
 20
97.1344
 11
88.1132
 21
97.0619
  0
LINE
  8
0
 10
88.1132
 20
97.0619
 11
88.1562
 21
96.9875
  0
LINE
  8
0
 10
88.1562
 20
96.9875
 11
88.1962
 21
96.9111
  0
LINE
  8
0
 10
88.1962
 20
96.9111
 11
88.2326
 21
96.8336
  0
LINE
  8
0
 10
88.2326
 20
96.8336
 11
88.2659
 21
96.7546
  0
LINE
  8
0
 10
88.2659
 20
96.7546
 11
88.2958
 21
96.6739
  0
LINE
  8
0
 10
88.2958
 20
96.6739
 11
88.3221
 21
96.5922
  0
LINE
  8
0
 10
88.3221
 20
96.5922
 11
88.3454
 21
96.5096
  0
LINE
  8
0
 10
88.3454
 20
96.5096
 11
88.3651
 21
96.4259
  0
LINE
  8
0
 10
88.3651
 20
96.4259
 11
88.381
 21
96.3418
  0
LINE
  8
0
 10
88.381
 20
96.3418
 11
88.3938
 21
96.2569
  0
LINE
  8
0
 10
88.3938
 20
96.2569
 11
88.4027
 21
96.1713
  0
LINE
  8
0
 10
88.4027
 20
96.1713
 11
88.4082
 21
96.0856
  0
LINE
  8
0
 10
88.4082
 20
96.0856
 11
88.4097
 21
96
  0
LINE
  8
0
 10
88.4097
 20
96
 11
88.4082
 21
95.9139
  0
LINE
  8
0
 10
88.4082
 20
95.9139
 11
88.4027
 21
95.8283
  0
LINE
  8
0
 10
88.4027
 20
95.8283
 11
88.3938
 21
95.743
  0
LINE
  8
0
 10
88.3938
 20
95.743
 11
88.381
 21
95.6581
  0
LINE
  8
0
 10
88.381
 20
95.6581
 11
88.3651
 21
95.5736
  0
LINE
  8
0
 10
88.3651
 20
95.5736
 11
88.3454
 21
95.4899
  0
LINE
  8
0
 10
88.3454
 20
95.4899
 11
88.3221
 21
95.4074
  0
LINE
  8
0
 10
88.3221
 20
95.4074
 11
88.2958
 21
95.3256
  0
LINE
  8
0
 10
88.2958
 20
95.3256
 11
88.2659
 21
95.245
  0
LINE
  8
0
 10
88.2659
 20
95.245
 11
88.2326
 21
95.1659
  0
LINE
  8
0
 10
88.2326
 20
95.1659
 11
88.1962
 21
95.0884
  0
LINE
  8
0
 10
88.1962
 20
95.0884
 11
88.1562
 21
95.012
  0
LINE
  8
0
 10
88.1562
 20
95.012
 11
88.1132
 21
94.938
  0
LINE
  8
0
 10
88.1132
 20
94.938
 11
88.0675
 21
94.8655
  0
LINE
  8
0
 10
88.0675
 20
94.8655
 11
88.0183
 21
94.795
  0
LINE
  8
0
 10
88.0183
 20
94.795
 11
87.9663
 21
94.7264
  0
LINE
  8
0
 10
87.9663
 20
94.7264
 11
87.9117
 21
94.6601
  0
LINE
  8
0
 10
87.9117
 20
94.6601
 11
87.8543
 21
94.5966
  0
LINE
  8
0
 10
87.8543
 20
94.5966
 11
87.7943
 21
94.5353
  0
LINE
  8
0
 10
87.7943
 20
94.5353
 11
87.7315
 21
94.4764
  0
LINE
  8
0
 10
87.7315
 20
94.4764
 11
87.6664
 21
94.4202
  0
LINE
  8
0
 10
87.6664
 20
94.4202
 11
87.5993
 21
94.3671
  0
LINE
  8
0
 10
87.5993
 20
94.3671
 11
87.5299
 21
94.3163
  0
LINE
  8
0
 10
87.5299
 20
94.3163
 11
87.4582
 21
94.2691
  0
LINE
  8
0
 10
87.4582
 20
94.2691
 11
87.385
 21
94.2245
  0
LINE
  8
0
 10
87.385
 20
94.2245
 11
87.3094
 21
94.183
  0
LINE
  8
0
 10
87.3094
 20
94.183
 11
87.2327
 21
94.145
  0
LINE
  8
0
 10
87.2327
 20
94.145
 11
87.1544
 21
94.1101
  0
LINE
  8
0
 10
87.1544
 20
94.1101
 11
87.0745
 21
94.0784
  0
LINE
  8
0
 10
87.0745
 20
94.0784
 11
86.9931
 21
94.0501
  0
LINE
  8
0
 10
86.9931
 20
94.0501
 11
86.911
 21
94.0253
  0
LINE
  8
0
 10
86.911
 20
94.0253
 11
86.828
 21
94.004
  0
LINE
  8
0
 10
86.828
 20
94.004
 11
86.7439
 21
93.9861
  0
LINE
  8
0
 10
86.7439
 20
93.9861
 11
86.6594
 21
93.9718
  0
LINE
  8
0
 10
86.6594
 20
93.9718
 11
86.5742
 21
93.9609
  0
LINE
  8
0
 10
86.5742
 20
93.9609
 11
86.4885
 21
93.954
  0
LINE
  8
0
 10
86.4885
 20
93.954
 11
86.4029
 21
93.9501
  0
LINE
  8
0
 10
86.4029
 20
93.9501
 11
86.3168
 21
93.9501
  0
LINE
  8
0
 10
9.22696
 20
77.9503
 11
9.14091
 21
77.9538
  0
LINE
  8
0
 10
9.14091
 20
77.9538
 11
9.05565
 21
77.9611
  0
LINE
  8
0
 10
9.05565
 20
77.9611
 11
8.97038
 21
77.972
  0
LINE
  8
0
 10
8.97038
 20
77.972
 11
8.8855
 21
77.9859
  0
LINE
  8
0
 10
8.8855
 20
77.9859
 11
8.80179
 21
78.0042
  0
LINE
  8
0
 10
8.80179
 20
78.0042
 11
8.71846
 21
78.0255
  0
LINE
  8
0
 10
8.71846
 20
78.0255
 11
8.63629
 21
78.0503
  0
LINE
  8
0
 10
8.63629
 20
78.0503
 11
8.55529
 21
78.0782
  0
LINE
  8
0
 10
8.55529
 20
78.0782
 11
8.47545
 21
78.11
  0
LINE
  8
0
 10
8.47545
 20
78.11
 11
8.39677
 21
78.1448
  0
LINE
  8
0
 10
8.39677
 20
78.1448
 11
8.32003
 21
78.1832
  0
LINE
  8
0
 10
8.32003
 20
78.1832
 11
8.24485
 21
78.2243
  0
LINE
  8
0
 10
8.24485
 20
78.2243
 11
8.17121
 21
78.2689
  0
LINE
  8
0
 10
8.17121
 20
78.2689
 11
8.09989
 21
78.3165
  0
LINE
  8
0
 10
8.09989
 20
78.3165
 11
8.03052
 21
78.3669
  0
LINE
  8
0
 10
8.03052
 20
78.3669
 11
7.96308
 21
78.4204
  0
LINE
  8
0
 10
7.96308
 20
78.4204
 11
7.89797
 21
78.4762
  0
LINE
  8
0
 10
7.89797
 20
78.4762
 11
7.83557
 21
78.5351
  0
LINE
  8
0
 10
7.83557
 20
78.5351
 11
7.77549
 21
78.5964
  0
LINE
  8
0
 10
7.77549
 20
78.5964
 11
7.71813
 21
78.6603
  0
LINE
  8
0
 10
7.71813
 20
78.6603
 11
7.6631
 21
78.7266
  0
LINE
  8
0
 10
7.6631
 20
78.7266
 11
7.61116
 21
78.7948
  0
LINE
  8
0
 10
7.61116
 20
78.7948
 11
7.56233
 21
78.8653
  0
LINE
  8
0
 10
7.56233
 20
78.8653
 11
7.51621
 21
78.9378
  0
LINE
  8
0
 10
7.51621
 20
78.9378
 11
7.47319
 21
79.0122
  0
LINE
  8
0
 10
7.47319
 20
79.0122
 11
7.43365
 21
79.0882
  0
LINE
  8
0
 10
7.43365
 20
79.0882
 11
7.39722
 21
79.1661
  0
LINE
  8
0
 10
7.39722
 20
79.1661
 11
7.36389
 21
79.2452
  0
LINE
  8
0
 10
7.36389
 20
79.2452
 11
7.33366
 21
79.3258
  0
LINE
  8
0
 10
7.33366
 20
79.3258
 11
7.30731
 21
79.4072
  0
LINE
  8
0
 10
7.30731
 20
79.4072
 11
7.28405
 21
79.4901
  0
LINE
  8
0
 10
7.28405
 20
79.4901
 11
7.26467
 21
79.5734
  0
LINE
  8
0
 10
7.26467
 20
79.5734
 11
7.24839
 21
79.6579
  0
LINE
  8
0
 10
7.24839
 20
79.6579
 11
7.23599
 21
79.7428
  0
LINE
  8
0
 10
7.23599
 20
79.7428
 11
7.22708
 21
79.8281
  0
LINE
  8
0
 10
7.22708
 20
79.8281
 11
7.22165
 21
79.9141
  0
LINE
  8
0
 10
7.22165
 20
79.9141
 11
7.21971
 21
79.9998
  0
LINE
  8
0
 10
7.21971
 20
79.9998
 11
7.22165
 21
80.0858
  0
LINE
  8
0
 10
7.22165
 20
80.0858
 11
7.22708
 21
80.1715
  0
LINE
  8
0
 10
7.22708
 20
80.1715
 11
7.23599
 21
80.2567
  0
LINE
  8
0
 10
7.23599
 20
80.2567
 11
7.24839
 21
80.3416
  0
LINE
  8
0
 10
7.24839
 20
80.3416
 11
7.26467
 21
80.4261
  0
LINE
  8
0
 10
7.26467
 20
80.4261
 11
7.28405
 21
80.5098
  0
LINE
  8
0
 10
7.28405
 20
80.5098
 11
7.30731
 21
80.5924
  0
LINE
  8
0
 10
7.30731
 20
80.5924
 11
7.33366
 21
80.6741
  0
LINE
  8
0
 10
7.33366
 20
80.6741
 11
7.36389
 21
80.7544
  0
LINE
  8
0
 10
7.36389
 20
80.7544
 11
7.39722
 21
80.8334
  0
LINE
  8
0
 10
7.39722
 20
80.8334
 11
7.43365
 21
80.9113
  0
LINE
  8
0
 10
7.43365
 20
80.9113
 11
7.47319
 21
80.9873
  0
LINE
  8
0
 10
7.47319
 20
80.9873
 11
7.51621
 21
81.0617
  0
LINE
  8
0
 10
7.51621
 20
81.0617
 11
7.56233
 21
81.1342
  0
LINE
  8
0
 10
7.56233
 20
81.1342
 11
7.61116
 21
81.2047
  0
LINE
  8
0
 10
7.61116
 20
81.2047
 11
7.6631
 21
81.2733
  0
LINE
  8
0
 10
7.6631
 20
81.2733
 11
7.71813
 21
81.3392
  0
LINE
  8
0
 10
7.71813
 20
81.3392
 11
7.77549
 21
81.4032
  0
LINE
  8
0
 10
7.77549
 20
81.4032
 11
7.83557
 21
81.4644
  0
LINE
  8
0
 10
7.83557
 20
81.4644
 11
7.89797
 21
81.5233
  0
LINE
  8
0
 10
7.89797
 20
81.5233
 11
7.96308
 21
81.5795
  0
LINE
  8
0
 10
7.96308
 20
81.5795
 11
8.03052
 21
81.6326
  0
LINE
  8
0
 10
8.03052
 20
81.6326
 11
8.09989
 21
81.683
  0
LINE
  8
0
 10
8.09989
 20
81.683
 11
8.17121
 21
81.7307
  0
LINE
  8
0
 10
8.17121
 20
81.7307
 11
8.24485
 21
81.7752
  0
LINE
  8
0
 10
8.24485
 20
81.7752
 11
8.32003
 21
81.8167
  0
LINE
  8
0
 10
8.32003
 20
81.8167
 11
8.39677
 21
81.8547
  0
LINE
  8
0
 10
8.39677
 20
81.8547
 11
8.47545
 21
81.8896
  0
LINE
  8
0
 10
8.47545
 20
81.8896
 11
8.55529
 21
81.9214
  0
LINE
  8
0
 10
8.55529
 20
81.9214
 11
8.63629
 21
81.9496
  0
LINE
  8
0
 10
8.63629
 20
81.9496
 11
8.71846
 21
81.9745
  0
LINE
  8
0
 10
8.71846
 20
81.9745
 11
8.80179
 21
81.9958
  0
LINE
  8
0
 10
8.80179
 20
81.9958
 11
8.8855
 21
82.0136
  0
LINE
  8
0
 10
8.8855
 20
82.0136
 11
8.97038
 21
82.0279
  0
LINE
  8
0
 10
8.97038
 20
82.0279
 11
9.05565
 21
82.0384
  0
LINE
  8
0
 10
9.05565
 20
82.0384
 11
9.14091
 21
82.0458
  0
LINE
  8
0
 10
9.14091
 20
82.0458
 11
9.22696
 21
82.0493
  0
LINE
  8
0
 10
9.22696
 20
82.0493
 11
9.31261
 21
82.0493
  0
LINE
  8
0
 10
9.31261
 20
82.0493
 11
9.39865
 21
82.0458
  0
LINE
  8
0
 10
9.39865
 20
82.0458
 11
9.48392
 21
82.0384
  0
LINE
  8
0
 10
9.48392
 20
82.0384
 11
9.56918
 21
82.0279
  0
LINE
  8
0
 10
9.56918
 20
82.0279
 11
9.65406
 21
82.0136
  0
LINE
  8
0
 10
9.65406
 20
82.0136
 11
9.73778
 21
81.9958
  0
LINE
  8
0
 10
9.73778
 20
81.9958
 11
9.82111
 21
81.9745
  0
LINE
  8
0
 10
9.82111
 20
81.9745
 11
9.90327
 21
81.9496
  0
LINE
  8
0
 10
9.90327
 20
81.9496
 11
9.98427
 21
81.9214
  0
LINE
  8
0
 10
9.98427
 20
81.9214
 11
10.0641
 21
81.8896
  0
LINE
  8
0
 10
10.0641
 20
81.8896
 11
10.1428
 21
81.8547
  0
LINE
  8
0
 10
10.1428
 20
81.8547
 11
10.2195
 21
81.8167
  0
LINE
  8
0
 10
10.2195
 20
81.8167
 11
10.2947
 21
81.7752
  0
LINE
  8
0
 10
10.2947
 20
81.7752
 11
10.3684
 21
81.7307
  0
LINE
  8
0
 10
10.3684
 20
81.7307
 11
10.4397
 21
81.683
  0
LINE
  8
0
 10
10.4397
 20
81.683
 11
10.509
 21
81.6326
  0
LINE
  8
0
 10
10.509
 20
81.6326
 11
10.5765
 21
81.5795
  0
LINE
  8
0
 10
10.5765
 20
81.5795
 11
10.6416
 21
81.5233
  0
LINE
  8
0
 10
10.6416
 20
81.5233
 11
10.704
 21
81.4644
  0
LINE
  8
0
 10
10.704
 20
81.4644
 11
10.7641
 21
81.4032
  0
LINE
  8
0
 10
10.7641
 20
81.4032
 11
10.8218
 21
81.3392
  0
LINE
  8
0
 10
10.8218
 20
81.3392
 11
10.8765
 21
81.2733
  0
LINE
  8
0
 10
10.8765
 20
81.2733
 11
10.9284
 21
81.2047
  0
LINE
  8
0
 10
10.9284
 20
81.2047
 11
10.9772
 21
81.1342
  0
LINE
  8
0
 10
10.9772
 20
81.1342
 11
11.0234
 21
81.0617
  0
LINE
  8
0
 10
11.0234
 20
81.0617
 11
11.0664
 21
80.9873
  0
LINE
  8
0
 10
11.0664
 20
80.9873
 11
11.1059
 21
80.9113
  0
LINE
  8
0
 10
11.1059
 20
80.9113
 11
11.1427
 21
80.8334
  0
LINE
  8
0
 10
11.1427
 20
80.8334
 11
11.1757
 21
80.7544
  0
LINE
  8
0
 10
11.1757
 20
80.7544
 11
11.2059
 21
80.6741
  0
LINE
  8
0
 10
11.2059
 20
80.6741
 11
11.2323
 21
80.5924
  0
LINE
  8
0
 10
11.2323
 20
80.5924
 11
11.2555
 21
80.5098
  0
LINE
  8
0
 10
11.2555
 20
80.5098
 11
11.2749
 21
80.4261
  0
LINE
  8
0
 10
11.2749
 20
80.4261
 11
11.2912
 21
80.3416
  0
LINE
  8
0
 10
11.2912
 20
80.3416
 11
11.3036
 21
80.2567
  0
LINE
  8
0
 10
11.3036
 20
80.2567
 11
11.3125
 21
80.1715
  0
LINE
  8
0
 10
11.3125
 20
80.1715
 11
11.3179
 21
80.0858
  0
LINE
  8
0
 10
11.3179
 20
80.0858
 11
11.3199
 21
79.9998
  0
LINE
  8
0
 10
11.3199
 20
79.9998
 11
11.3179
 21
79.9141
  0
LINE
  8
0
 10
11.3179
 20
79.9141
 11
11.3125
 21
79.8281
  0
LINE
  8
0
 10
11.3125
 20
79.8281
 11
11.3036
 21
79.7428
  0
LINE
  8
0
 10
11.3036
 20
79.7428
 11
11.2912
 21
79.6579
  0
LINE
  8
0
 10
11.2912
 20
79.6579
 11
11.2749
 21
79.5734
  0
LINE
  8
0
 10
11.2749
 20
79.5734
 11
11.2555
 21
79.4901
  0
LINE
  8
0
 10
11.2555
 20
79.4901
 11
11.2323
 21
79.4072
  0
LINE
  8
0
 10
11.2323
 20
79.4072
 11
11.2059
 21
79.3258
  0
LINE
  8
0
 10
11.2059
 20
79.3258
 11
11.1757
 21
79.2452
  0
LINE
  8
0
 10
11.1757
 20
79.2452
 11
11.1427
 21
79.1661
  0
LINE
  8
0
 10
11.1427
 20
79.1661
 11
11.1059
 21
79.0882
  0
LINE
  8
0
 10
11.1059
 20
79.0882
 11
11.0664
 21
79.0122
  0
LINE
  8
0
 10
11.0664
 20
79.0122
 11
11.0234
 21
78.9378
  0
LINE
  8
0
 10
11.0234
 20
78.9378
 11
10.9772
 21
78.8653
  0
LINE
  8
0
 10
10.9772
 20
78.8653
 11
10.9284
 21
78.7948
  0
LINE
  8
0
 10
10.9284
 20
78.7948
 11
10.8765
 21
78.7266
  0
LINE
  8
0
 10
10.8765
 20
78.7266
 11
10.8218
 21
78.6603
  0
LINE
  8
0
 10
10.8218
 20
78.6603
 11
10.7641
 21
78.5964
  0
LINE
  8
0
 10
10.7641
 20
78.5964
 11
10.704
 21
78.5351
  0
LINE
  8
0
 10
10.704
 20
78.5351
 11
10.6416
 21
78.4762
  0
LINE
  8
0
 10
10.6416
 20
78.4762
 11
10.5765
 21
78.4204
  0
LINE
  8
0
 10
10.5765
 20
78.4204
 11
10.509
 21
78.3669
  0
LINE
  8
0
 10
10.509
 20
78.3669
 11
10.4397
 21
78.3165
  0
LINE
  8
0
 10
10.4397
 20
78.3165
 11
10.3684
 21
78.2689
  0
LINE
  8
0
 10
10.3684
 20
78.2689
 11
10.2947
 21
78.2243
  0
LINE
  8
0
 10
10.2947
 20
78.2243
 11
10.2195
 21
78.1832
  0
LINE
  8
0
 10
10.2195
 20
78.1832
 11
10.1428
 21
78.1448
  0
LINE
  8
0
 10
10.1428
 20
78.1448
 11
10.0641
 21
78.11
  0
LINE
  8
0
 10
10.0641
 20
78.11
 11
9.98427
 21
78.0782
  0
LINE
  8
0
 10
9.98427
 20
78.0782
 11
9.90327
 21
78.0503
  0
LINE
  8
0
 10
9.90327
 20
78.0503
 11
9.82111
 21
78.0255
  0
LINE
  8
0
 10
9.82111
 20
78.0255
 11
9.73778
 21
78.0042
  0
LINE
  8
0
 10
9.73778
 20
78.0042
 11
9.65406
 21
77.9859
  0
LINE
  8
0
 10
9.65406
 20
77.9859
 11
9.56918
 21
77.972
  0
LINE
  8
0
 10
9.56918
 20
77.972
 11
9.48392
 21
77.9611
  0
LINE
  8
0
 10
9.48392
 20
77.9611
 11
9.39865
 21
77.9538
  0
LINE
  8
0
 10
9.39865
 20
77.9538
 11
9.31261
 21
77.9503
  0
LINE
  8
0
 10
9.31261
 20
77.9503
 11
9.22696
 21
77.9503
  0
LINE
  8
0
 10
86.3168
 20
69.9504
 11
86.2312
 21
69.9539
  0
LINE
  8
0
 10
86.2312
 20
69.9539
 11
86.1455
 21
69.9608
  0
LINE
  8
0
 10
86.1455
 20
69.9608
 11
86.0603
 21
69.9717
  0
LINE
  8
0
 10
86.0603
 20
69.9717
 11
85.9758
 21
69.986
  0
LINE
  8
0
 10
85.9758
 20
69.986
 11
85.8917
 21
70.0039
  0
LINE
  8
0
 10
85.8917
 20
70.0039
 11
85.8083
 21
70.0252
  0
LINE
  8
0
 10
85.8083
 20
70.0252
 11
85.7262
 21
70.05
  0
LINE
  8
0
 10
85.7262
 20
70.05
 11
85.6452
 21
70.0783
  0
LINE
  8
0
 10
85.6452
 20
70.0783
 11
85.5653
 21
70.1101
  0
LINE
  8
0
 10
85.5653
 20
70.1101
 11
85.487
 21
70.1449
  0
LINE
  8
0
 10
85.487
 20
70.1449
 11
85.4099
 21
70.1829
  0
LINE
  8
0
 10
85.4099
 20
70.1829
 11
85.3347
 21
70.2244
  0
LINE
  8
0
 10
85.3347
 20
70.2244
 11
85.2615
 21
70.269
  0
LINE
  8
0
 10
85.2615
 20
70.269
 11
85.1898
 21
70.3166
  0
LINE
  8
0
 10
85.1898
 20
70.3166
 11
85.1204
 21
70.367
  0
LINE
  8
0
 10
85.1204
 20
70.367
 11
85.0529
 21
70.4201
  0
LINE
  8
0
 10
85.0529
 20
70.4201
 11
84.9882
 21
70.4763
  0
LINE
  8
0
 10
84.9882
 20
70.4763
 11
84.9254
 21
70.5352
  0
LINE
  8
0
 10
84.9254
 20
70.5352
 11
84.8654
 21
70.5965
  0
LINE
  8
0
 10
84.8654
 20
70.5965
 11
84.808
 21
70.6604
  0
LINE
  8
0
 10
84.808
 20
70.6604
 11
84.7534
 21
70.7263
  0
LINE
  8
0
 10
84.7534
 20
70.7263
 11
84.7014
 21
70.7949
  0
LINE
  8
0
 10
84.7014
 20
70.7949
 11
84.6522
 21
70.8654
  0
LINE
  8
0
 10
84.6522
 20
70.8654
 11
84.6065
 21
70.9379
  0
LINE
  8
0
 10
84.6065
 20
70.9379
 11
84.5634
 21
71.0123
  0
LINE
  8
0
 10
84.5634
 20
71.0123
 11
84.5235
 21
71.0883
  0
LINE
  8
0
 10
84.5235
 20
71.0883
 11
84.4871
 21
71.1658
  0
LINE
  8
0
 10
84.4871
 20
71.1658
 11
84.4538
 21
71.2453
  0
LINE
  8
0
 10
84.4538
 20
71.2453
 11
84.4239
 21
71.3255
  0
LINE
  8
0
 10
84.4239
 20
71.3255
 11
84.3972
 21
71.4073
  0
LINE
  8
0
 10
84.3972
 20
71.4073
 11
84.3743
 21
71.4898
  0
LINE
  8
0
 10
84.3743
 20
71.4898
 11
84.3545
 21
71.5735
  0
LINE
  8
0
 10
84.3545
 20
71.5735
 11
84.3387
 21
71.658
  0
LINE
  8
0
 10
84.3387
 20
71.658
 11
84.3259
 21
71.7429
  0
LINE
  8
0
 10
84.3259
 20
71.7429
 11
84.3169
 21
71.8282
  0
LINE
  8
0
 10
84.3169
 20
71.8282
 11
84.3115
 21
71.9138
  0
LINE
  8
0
 10
84.3115
 20
71.9138
 11
84.31
 21
71.9999
  0
LINE
  8
0
 10
84.31
 20
71.9999
 11
84.3115
 21
72.0855
  0
LINE
  8
0
 10
84.3115
 20
72.0855
 11
84.3169
 21
72.1712
  0
LINE
  8
0
 10
84.3169
 20
72.1712
 11
84.3259
 21
72.2568
  0
LINE
  8
0
 10
84.3259
 20
72.2568
 11
84.3387
 21
72.3417
  0
LINE
  8
0
 10
84.3387
 20
72.3417
 11
84.3545
 21
72.4262
  0
LINE
  8
0
 10
84.3545
 20
72.4262
 11
84.3743
 21
72.5095
  0
LINE
  8
0
 10
84.3743
 20
72.5095
 11
84.3972
 21
72.5925
  0
LINE
  8
0
 10
84.3972
 20
72.5925
 11
84.4239
 21
72.6739
  0
LINE
  8
0
 10
84.4239
 20
72.6739
 11
84.4538
 21
72.7545
  0
LINE
  8
0
 10
84.4538
 20
72.7545
 11
84.4871
 21
72.8335
  0
LINE
  8
0
 10
84.4871
 20
72.8335
 11
84.5235
 21
72.9114
  0
LINE
  8
0
 10
84.5235
 20
72.9114
 11
84.5634
 21
72.9874
  0
LINE
  8
0
 10
84.5634
 20
72.9874
 11
84.6065
 21
73.0618
  0
LINE
  8
0
 10
84.6065
 20
73.0618
 11
84.6522
 21
73.1343
  0
LINE
  8
0
 10
84.6522
 20
73.1343
 11
84.7014
 21
73.2048
  0
LINE
  8
0
 10
84.7014
 20
73.2048
 11
84.7534
 21
73.273
  0
LINE
  8
0
 10
84.7534
 20
73.273
 11
84.808
 21
73.3393
  0
LINE
  8
0
 10
84.808
 20
73.3393
 11
84.8654
 21
73.4033
  0
LINE
  8
0
 10
84.8654
 20
73.4033
 11
84.9254
 21
73.4645
  0
LINE
  8
0
 10
84.9254
 20
73.4645
 11
84.9882
 21
73.5234
  0
LINE
  8
0
 10
84.9882
 20
73.5234
 11
85.0529
 21
73.5792
  0
LINE
  8
0
 10
85.0529
 20
73.5792
 11
85.1204
 21
73.6327
  0
LINE
  8
0
 10
85.1204
 20
73.6327
 11
85.1898
 21
73.6831
  0
LINE
  8
0
 10
85.1898
 20
73.6831
 11
85.2615
 21
73.7308
  0
LINE
  8
0
 10
85.2615
 20
73.7308
 11
85.3347
 21
73.7753
  0
LINE
  8
0
 10
85.3347
 20
73.7753
 11
85.4099
 21
73.8164
  0
LINE
  8
0
 10
85.4099
 20
73.8164
 11
85.487
 21
73.8548
  0
LINE
  8
0
 10
85.487
 20
73.8548
 11
85.5653
 21
73.8897
  0
LINE
  8
0
 10
85.5653
 20
73.8897
 11
85.6452
 21
73.9211
  0
LINE
  8
0
 10
85.6452
 20
73.9211
 11
85.7262
 21
73.9494
  0
LINE
  8
0
 10
85.7262
 20
73.9494
 11
85.8083
 21
73.9742
  0
LINE
  8
0
 10
85.8083
 20
73.9742
 11
85.8917
 21
73.9955
  0
LINE
  8
0
 10
85.8917
 20
73.9955
 11
85.9758
 21
74.0133
  0
LINE
  8
0
 10
85.9758
 20
74.0133
 11
86.0603
 21
74.0277
  0
LINE
  8
0
 10
86.0603
 20
74.0277
 11
86.1455
 21
74.0385
  0
LINE
  8
0
 10
86.1455
 20
74.0385
 11
86.2312
 21
74.0459
  0
LINE
  8
0
 10
86.2312
 20
74.0459
 11
86.3168
 21
74.0494
  0
LINE
  8
0
 10
86.3168
 20
74.0494
 11
86.4029
 21
74.0494
  0
LINE
  8
0
 10
86.4029
 20
74.0494
 11
86.4885
 21
74.0459
  0
LINE
  8
0
 10
86.4885
 20
74.0459
 11
86.5742
 21
74.0385
  0
LINE
  8
0
 10
86.5742
 20
74.0385
 11
86.6594
 21
74.0277
  0
LINE
  8
0
 10
86.6594
 20
74.0277
 11
86.7439
 21
74.0133
  0
LINE
  8
0
 10
86.7439
 20
74.0133
 11
86.828
 21
73.9955
  0
LINE
  8
0
 10
86.828
 20
73.9955
 11
86.911
 21
73.9742
  0
LINE
  8
0
 10
86.911
 20
73.9742
 11
86.9931
 21
73.9494
  0
LINE
  8
0
 10
86.9931
 20
73.9494
 11
87.0745
 21
73.9211
  0
LINE
  8
0
 10
87.0745
 20
73.9211
 11
87.1544
 21
73.8897
  0
LINE
  8
0
 10
87.1544
 20
73.8897
 11
87.2327
 21
73.8548
  0
LINE
  8
0
 10
87.2327
 20
73.8548
 11
87.3094
 21
73.8164
  0
LINE
  8
0
 10
87.3094
 20
73.8164
 11
87.385
 21
73.7753
  0
LINE
  8
0
 10
87.385
 20
73.7753
 11
87.4582
 21
73.7308
  0
LINE
  8
0
 10
87.4582
 20
73.7308
 11
87.5299
 21
73.6831
  0
LINE
  8
0
 10
87.5299
 20
73.6831
 11
87.5993
 21
73.6327
  0
LINE
  8
0
 10
87.5993
 20
73.6327
 11
87.6664
 21
73.5792
  0
LINE
  8
0
 10
87.6664
 20
73.5792
 11
87.7315
 21
73.5234
  0
LINE
  8
0
 10
87.7315
 20
73.5234
 11
87.7943
 21
73.4645
  0
LINE
  8
0
 10
87.7943
 20
73.4645
 11
87.8543
 21
73.4033
  0
LINE
  8
0
 10
87.8543
 20
73.4033
 11
87.9117
 21
73.3393
  0
LINE
  8
0
 10
87.9117
 20
73.3393
 11
87.9663
 21
73.273
  0
LINE
  8
0
 10
87.9663
 20
73.273
 11
88.0183
 21
73.2048
  0
LINE
  8
0
 10
88.0183
 20
73.2048
 11
88.0675
 21
73.1343
  0
LINE
  8
0
 10
88.0675
 20
73.1343
 11
88.1132
 21
73.0618
  0
LINE
  8
0
 10
88.1132
 20
73.0618
 11
88.1562
 21
72.9874
  0
LINE
  8
0
 10
88.1562
 20
72.9874
 11
88.1962
 21
72.9114
  0
LINE
  8
0
 10
88.1962
 20
72.9114
 11
88.2326
 21
72.8335
  0
LINE
  8
0
 10
88.2326
 20
72.8335
 11
88.2659
 21
72.7545
  0
LINE
  8
0
 10
88.2659
 20
72.7545
 11
88.2958
 21
72.6739
  0
LINE
  8
0
 10
88.2958
 20
72.6739
 11
88.3221
 21
72.5925
  0
LINE
  8
0
 10
88.3221
 20
72.5925
 11
88.3454
 21
72.5095
  0
LINE
  8
0
 10
88.3454
 20
72.5095
 11
88.3651
 21
72.4262
  0
LINE
  8
0
 10
88.3651
 20
72.4262
 11
88.381
 21
72.3417
  0
LINE
  8
0
 10
88.381
 20
72.3417
 11
88.3938
 21
72.2568
  0
LINE
  8
0
 10
88.3938
 20
72.2568
 11
88.4027
 21
72.1712
  0
LINE
  8
0
 10
88.4027
 20
72.1712
 11
88.4082
 21
72.0855
  0
LINE
  8
0
 10
88.4082
 20
72.0855
 11
88.4097
 21
71.9999
  0
LINE
  8
0
 10
88.4097
 20
71.9999
 11
88.4082
 21
71.9138
  0
LINE
  8
0
 10
88.4082
 20
71.9138
 11
88.4027
 21
71.8282
  0
LINE
  8
0
 10
88.4027
 20
71.8282
 11
88.3938
 21
71.7429
  0
LINE
  8
0
 10
88.3938
 20
71.7429
 11
88.381
 21
71.658
  0
LINE
  8
0
 10
88.381
 20
71.658
 11
88.3651
 21
71.5735
  0
LINE
  8
0
 10
88.3651
 20
71.5735
 11
88.3454
 21
71.4898
  0
LINE
  8
0
 10
88.3454
 20
71.4898
 11
88.3221
 21
71.4073
  0
LINE
  8
0
 10
88.3221
 20
71.4073
 11
88.2958
 21
71.3255
  0
LINE
  8
0
 10
88.2958
 20
71.3255
 11
88.2659
 21
71.2453
  0
LINE
  8
0
 10
88.2659
 20
71.2453
 11
88.2326
 21
71.1658
  0
LINE
  8
0
 10
88.2326
 20
71.1658
 11
88.1962
 21
71.0883
  0
LINE
  8
0
 10
88.1962
 20
71.0883
 11
88.1562
 21
71.0123
  0
LINE
  8
0
 10
88.1562
 20
71.0123
 11
88.1132
 21
70.9379
  0
LINE
  8
0
 10
88.1132
 20
70.9379
 11
88.0675
 21
70.8654
  0
LINE
  8
0
 10
88.0675
 20
70.8654
 11
88.0183
 21
70.7949
  0
LINE
  8
0
 10
88.0183
 20
70.7949
 11
87.9663
 21
70.7263
  0
LINE
  8
0
 10
87.9663
 20
70.7263
 11
87.9117
 21
70.6604
  0
LINE
  8
0
 10
87.9117
 20
70.6604
 11
87.8543
 21
70.5965
  0
LINE
  8
0
 10
87.8543
 20
70.5965
 11
87.7943
 21
70.5352
  0
LINE
  8
0
 10
87.7943
 20
70.5352
 11
87.7315
 21
70.4763
  0
LINE
  8
0
 10
87.7315
 20
70.4763
 11
87.6664
 21
70.4201
  0
LINE
  8
0
 10
87.6664
 20
70.4201
 11
87.5993
 21
70.367
  0
LINE
  8
0
 10
87.5993
 20
70.367
 11
87.5299
 21
70.3166
  0
LINE
  8
0
 10
87.5299
 20
70.3166
 11
87.4582
 21
70.269
  0
LINE
  8
0
 10
87.4582
 20
70.269
 11
87.385
 21
70.2244
  0
LINE
  8
0
 10
87.385
 20
70.2244
 11
87.3094
 21
70.1829
  0
LINE
  8
0
 10
87.3094
 20
70.1829
 11
87.2327
 21
70.1449
  0
LINE
  8
0
 10
87.2327
 20
70.1449
 11
87.1544
 21
70.1101
  0
LINE
  8
0
 10
87.1544
 20
70.1101
 11
87.0745
 21
70.0783
  0
LINE
  8
0
 10
87.0745
 20
70.0783
 11
86.9931
 21
70.05
  0
LINE
  8
0
 10
86.9931
 20
70.05
 11
86.911
 21
70.0252
  0
LINE
  8
0
 10
86.911
 20
70.0252
 11
86.828
 21
70.0039
  0
LINE
  8
0
 10
86.828
 20
70.0039
 11
86.7439
 21
69.986
  0
LINE
  8
0
 10
86.7439
 20
69.986
 11
86.6594
 21
69.9717
  0
LINE
  8
0
 10
86.6594
 20
69.9717
 11
86.5742
 21
69.9608
  0
LINE
  8
0
 10
86.5742
 20
69.9608
 11
86.4885
 21
69.9539
  0
LINE
  8
0
 10
86.4885
 20
69.9539
 11
86.4029
 21
69.9504
  0
LINE
  8
0
 10
86.4029
 20
69.9504
 11
86.3168
 21
69.9504
  0
LINE
  8
0
 10
9.22696
 20
61.9501
 11
9.14091
 21
61.954
  0
LINE
  8
0
 10
9.14091
 20
61.954
 11
9.05565
 21
61.9609
  0
LINE
  8
0
 10
9.05565
 20
61.9609
 11
8.97038
 21
61.9718
  0
LINE
  8
0
 10
8.97038
 20
61.9718
 11
8.8855
 21
61.9861
  0
LINE
  8
0
 10
8.8855
 20
61.9861
 11
8.80179
 21
62.004
  0
LINE
  8
0
 10
8.80179
 20
62.004
 11
8.71846
 21
62.0253
  0
LINE
  8
0
 10
8.71846
 20
62.0253
 11
8.63629
 21
62.0501
  0
LINE
  8
0
 10
8.63629
 20
62.0501
 11
8.55529
 21
62.0784
  0
LINE
  8
0
 10
8.55529
 20
62.0784
 11
8.47545
 21
62.1102
  0
LINE
  8
0
 10
8.47545
 20
62.1102
 11
8.39677
 21
62.145
  0
LINE
  8
0
 10
8.39677
 20
62.145
 11
8.32003
 21
62.183
  0
LINE
  8
0
 10
8.32003
 20
62.183
 11
8.24485
 21
62.2245
  0
LINE
  8
0
 10
8.24485
 20
62.2245
 11
8.17121
 21
62.2691
  0
LINE
  8
0
 10
8.17121
 20
62.2691
 11
8.09989
 21
62.3164
  0
LINE
  8
0
 10
8.09989
 20
62.3164
 11
8.03052
 21
62.3667
  0
LINE
  8
0
 10
8.03052
 20
62.3667
 11
7.96308
 21
62.4202
  0
LINE
  8
0
 10
7.96308
 20
62.4202
 11
7.89797
 21
62.4764
  0
LINE
  8
0
 10
7.89797
 20
62.4764
 11
7.83557
 21
62.5349
  0
LINE
  8
0
 10
7.83557
 20
62.5349
 11
7.77549
 21
62.5966
  0
LINE
  8
0
 10
7.77549
 20
62.5966
 11
7.71813
 21
62.6601
  0
LINE
  8
0
 10
7.71813
 20
62.6601
 11
7.6631
 21
62.7264
  0
LINE
  8
0
 10
7.6631
 20
62.7264
 11
7.61116
 21
62.795
  0
LINE
  8
0
 10
7.61116
 20
62.795
 11
7.56233
 21
62.8655
  0
LINE
  8
0
 10
7.56233
 20
62.8655
 11
7.51621
 21
62.938
  0
LINE
  8
0
 10
7.51621
 20
62.938
 11
7.47319
 21
63.012
  0
LINE
  8
0
 10
7.47319
 20
63.012
 11
7.43365
 21
63.0884
  0
LINE
  8
0
 10
7.43365
 20
63.0884
 11
7.39722
 21
63.1659
  0
LINE
  8
0
 10
7.39722
 20
63.1659
 11
7.36389
 21
63.245
  0
LINE
  8
0
 10
7.36389
 20
63.245
 11
7.33366
 21
63.3256
  0
LINE
  8
0
 10
7.33366
 20
63.3256
 11
7.30731
 21
63.4074
  0
LINE
  8
0
 10
7.30731
 20
63.4074
 11
7.28405
 21
63.4899
  0
LINE
  8
0
 10
7.28405
 20
63.4899
 11
7.26467
 21
63.5736
  0
LINE
  8
0
 10
7.26467
 20
63.5736
 11
7.24839
 21
63.6577
  0
LINE
  8
0
 10
7.24839
 20
63.6577
 11
7.23599
 21
63.743
  0
LINE
  8
0
 10
7.23599
 20
63.743
 11
7.22708
 21
63.8283
  0
LINE
  8
0
 10
7.22708
 20
63.8283
 11
7.22165
 21
63.9139
  0
LINE
  8
0
 10
7.22165
 20
63.9139
 11
7.21971
 21
64
  0
LINE
  8
0
 10
7.21971
 20
64
 11
7.22165
 21
64.0856
  0
LINE
  8
0
 10
7.22165
 20
64.0856
 11
7.22708
 21
64.1713
  0
LINE
  8
0
 10
7.22708
 20
64.1713
 11
7.23599
 21
64.2569
  0
LINE
  8
0
 10
7.23599
 20
64.2569
 11
7.24839
 21
64.3418
  0
LINE
  8
0
 10
7.24839
 20
64.3418
 11
7.26467
 21
64.4259
  0
LINE
  8
0
 10
7.26467
 20
64.4259
 11
7.28405
 21
64.5096
  0
LINE
  8
0
 10
7.28405
 20
64.5096
 11
7.30731
 21
64.5922
  0
LINE
  8
0
 10
7.30731
 20
64.5922
 11
7.33366
 21
64.674
  0
LINE
  8
0
 10
7.33366
 20
64.674
 11
7.36389
 21
64.7546
  0
LINE
  8
0
 10
7.36389
 20
64.7546
 11
7.39722
 21
64.8336
  0
LINE
  8
0
 10
7.39722
 20
64.8336
 11
7.43365
 21
64.9112
  0
LINE
  8
0
 10
7.43365
 20
64.9112
 11
7.47319
 21
64.9875
  0
LINE
  8
0
 10
7.47319
 20
64.9875
 11
7.51621
 21
65.0619
  0
LINE
  8
0
 10
7.51621
 20
65.0619
 11
7.56233
 21
65.1344
  0
LINE
  8
0
 10
7.56233
 20
65.1344
 11
7.61116
 21
65.2049
  0
LINE
  8
0
 10
7.61116
 20
65.2049
 11
7.6631
 21
65.2731
  0
LINE
  8
0
 10
7.6631
 20
65.2731
 11
7.71813
 21
65.3394
  0
LINE
  8
0
 10
7.71813
 20
65.3394
 11
7.77549
 21
65.403
  0
LINE
  8
0
 10
7.77549
 20
65.403
 11
7.83557
 21
65.4646
  0
LINE
  8
0
 10
7.83557
 20
65.4646
 11
7.89797
 21
65.5231
  0
LINE
  8
0
 10
7.89797
 20
65.5231
 11
7.96308
 21
65.5793
  0
LINE
  8
0
 10
7.96308
 20
65.5793
 11
8.03052
 21
65.6328
  0
LINE
  8
0
 10
8.03052
 20
65.6328
 11
8.09989
 21
65.6832
  0
LINE
  8
0
 10
8.09989
 20
65.6832
 11
8.17121
 21
65.7309
  0
LINE
  8
0
 10
8.17121
 20
65.7309
 11
8.24485
 21
65.7751
  0
LINE
  8
0
 10
8.24485
 20
65.7751
 11
8.32003
 21
65.8165
  0
LINE
  8
0
 10
8.32003
 20
65.8165
 11
8.39677
 21
65.8549
  0
LINE
  8
0
 10
8.39677
 20
65.8549
 11
8.47545
 21
65.8898
  0
LINE
  8
0
 10
8.47545
 20
65.8898
 11
8.55529
 21
65.9212
  0
LINE
  8
0
 10
8.55529
 20
65.9212
 11
8.63629
 21
65.9495
  0
LINE
  8
0
 10
8.63629
 20
65.9495
 11
8.71846
 21
65.9743
  0
LINE
  8
0
 10
8.71846
 20
65.9743
 11
8.80179
 21
65.9956
  0
LINE
  8
0
 10
8.80179
 20
65.9956
 11
8.8855
 21
66.0134
  0
LINE
  8
0
 10
8.8855
 20
66.0134
 11
8.97038
 21
66.0278
  0
LINE
  8
0
 10
8.97038
 20
66.0278
 11
9.05565
 21
66.0386
  0
LINE
  8
0
 10
9.05565
 20
66.0386
 11
9.14091
 21
66.0456
  0
LINE
  8
0
 10
9.14091
 20
66.0456
 11
9.22696
 21
66.0495
  0
LINE
  8
0
 10
9.22696
 20
66.0495
 11
9.31261
 21
66.0495
  0
LINE
  8
0
 10
9.31261
 20
66.0495
 11
9.39865
 21
66.0456
  0
LINE
  8
0
 10
9.39865
 20
66.0456
 11
9.48392
 21
66.0386
  0
LINE
  8
0
 10
9.48392
 20
66.0386
 11
9.56918
 21
66.0278
  0
LINE
  8
0
 10
9.56918
 20
66.0278
 11
9.65406
 21
66.0134
  0
LINE
  8
0
 10
9.65406
 20
66.0134
 11
9.73778
 21
65.9956
  0
LINE
  8
0
 10
9.73778
 20
65.9956
 11
9.82111
 21
65.9743
  0
LINE
  8
0
 10
9.82111
 20
65.9743
 11
9.90327
 21
65.9495
  0
LINE
  8
0
 10
9.90327
 20
65.9495
 11
9.98427
 21
65.9212
  0
LINE
  8
0
 10
9.98427
 20
65.9212
 11
10.0641
 21
65.8898
  0
LINE
  8
0
 10
10.0641
 20
65.8898
 11
10.1428
 21
65.8549
  0
LINE
  8
0
 10
10.1428
 20
65.8549
 11
10.2195
 21
65.8165
  0
LINE
  8
0
 10
10.2195
 20
65.8165
 11
10.2947
 21
65.7751
  0
LINE
  8
0
 10
10.2947
 20
65.7751
 11
10.3684
 21
65.7309
  0
LINE
  8
0
 10
10.3684
 20
65.7309
 11
10.4397
 21
65.6832
  0
LINE
  8
0
 10
10.4397
 20
65.6832
 11
10.509
 21
65.6328
  0
LINE
  8
0
 10
10.509
 20
65.6328
 11
10.5765
 21
65.5793
  0
LINE
  8
0
 10
10.5765
 20
65.5793
 11
10.6416
 21
65.5231
  0
LINE
  8
0
 10
10.6416
 20
65.5231
 11
10.704
 21
65.4646
  0
LINE
  8
0
 10
10.704
 20
65.4646
 11
10.7641
 21
65.403
  0
LINE
  8
0
 10
10.7641
 20
65.403
 11
10.8218
 21
65.3394
  0
LINE
  8
0
 10
10.8218
 20
65.3394
 11
10.8765
 21
65.2731
  0
LINE
  8
0
 10
10.8765
 20
65.2731
 11
10.9284
 21
65.2049
  0
LINE
  8
0
 10
10.9284
 20
65.2049
 11
10.9772
 21
65.1344
  0
LINE
  8
0
 10
10.9772
 20
65.1344
 11
11.0234
 21
65.0619
  0
LINE
  8
0
 10
11.0234
 20
65.0619
 11
11.0664
 21
64.9875
  0
LINE
  8
0
 10
11.0664
 20
64.9875
 11
11.1059
 21
64.9112
  0
LINE
  8
0
 10
11.1059
 20
64.9112
 11
11.1427
 21
64.8336
  0
LINE
  8
0
 10
11.1427
 20
64.8336
 11
11.1757
 21
64.7546
  0
LINE
  8
0
 10
11.1757
 20
64.7546
 11
11.2059
 21
64.674
  0
LINE
  8
0
 10
11.2059
 20
64.674
 11
11.2323
 21
64.5922
  0
LINE
  8
0
 10
11.2323
 20
64.5922
 11
11.2555
 21
64.5096
  0
LINE
  8
0
 10
11.2555
 20
64.5096
 11
11.2749
 21
64.4259
  0
LINE
  8
0
 10
11.2749
 20
64.4259
 11
11.2912
 21
64.3418
  0
LINE
  8
0
 10
11.2912
 20
64.3418
 11
11.3036
 21
64.2569
  0
LINE
  8
0
 10
11.3036
 20
64.2569
 11
11.3125
 21
64.1713
  0
LINE
  8
0
 10
11.3125
 20
64.1713
 11
11.3179
 21
64.0856
  0
LINE
  8
0
 10
11.3179
 20
64.0856
 11
11.3199
 21
64
  0
LINE
  8
0
 10
11.3199
 20
64
 11
11.3179
 21
63.9139
  0
LINE
  8
0
 10
11.3179
 20
63.9139
 11
11.3125
 21
63.8283
  0
LINE
  8
0
 10
11.3125
 20
63.8283
 11
11.3036
 21
63.743
  0
LINE
  8
0
 10
11.3036
 20
63.743
 11
11.2912
 21
63.6577
  0
LINE
  8
0
 10
11.2912
 20
63.6577
 11
11.2749
 21
63.5736
  0
LINE
  8
0
 10
11.2749
 20
63.5736
 11
11.2555
 21
63.4899
  0
LINE
  8
0
 10
11.2555
 20
63.4899
 11
11.2323
 21
63.4074
  0
LINE
  8
0
 10
11.2323
 20
63.4074
 11
11.2059
 21
63.3256
  0
LINE
  8
0
 10
11.2059
 20
63.3256
 11
11.1757
 21
63.245
  0
LINE
  8
0
 10
11.1757
 20
63.245
 11
11.1427
 21
63.1659
  0
LINE
  8
0
 10
11.1427
 20
63.1659
 11
11.1059
 21
63.0884
  0
LINE
  8
0
 10
11.1059
 20
63.0884
 11
11.0664
 21
63.012
  0
LINE
  8
0
 10
11.0664
 20
63.012
 11
11.0234
 21
62.938
  0
LINE
  8
0
 10
11.0234
 20
62.938
 11
10.9772
 21
62.8655
  0
LINE
  8
0
 10
10.9772
 20
62.8655
 11
10.9284
 21
62.795
  0
LINE
  8
0
 10
10.9284
 20
62.795
 11
10.8765
 21
62.7264
  0
LINE
  8
0
 10
10.8765
 20
62.7264
 11
10.8218
 21
62.6601
  0
LINE
  8
0
 10
10.8218
 20
62.6601
 11
10.7641
 21
62.5966
  0
LINE
  8
0
 10
10.7641
 20
62.5966
 11
10.704
 21
62.5349
  0
LINE
  8
0
 10
10.704
 20
62.5349
 11
10.6416
 21
62.4764
  0
LINE
  8
0
 10
10.6416
 20
62.4764
 11
10.5765
 21
62.4202
  0
LINE
  8
0
 10
10.5765
 20
62.4202
 11
10.509
 21
62.3667
  0
LINE
  8
0
 10
10.509
 20
62.3667
 11
10.4397
 21
62.3164
  0
LINE
  8
0
 10
10.4397
 20
62.3164
 11
10.3684
 21
62.2691
  0
LINE
  8
0
 10
10.3684
 20
62.2691
 11
10.2947
 21
62.2245
  0
LINE
  8
0
 10
10.2947
 20
62.2245
 11
10.2195
 21
62.183
  0
LINE
  8
0
 10
10.2195
 20
62.183
 11
10.1428
 21
62.145
  0
LINE
  8
0
 10
10.1428
 20
62.145
 11
10.0641
 21
62.1102
  0
LINE
  8
0
 10
10.0641
 20
62.1102
 11
9.98427
 21
62.0784
  0
LINE
  8
0
 10
9.98427
 20
62.0784
 11
9.90327
 21
62.0501
  0
LINE
  8
0
 10
9.90327
 20
62.0501
 11
9.82111
 21
62.0253
  0
LINE
  8
0
 10
9.82111
 20
62.0253
 11
9.73778
 21
62.004
  0
LINE
  8
0
 10
9.73778
 20
62.004
 11
9.65406
 21
61.9861
  0
LINE
  8
0
 10
9.65406
 20
61.9861
 11
9.56918
 21
61.9718
  0
LINE
  8
0
 10
9.56918
 20
61.9718
 11
9.48392
 21
61.9609
  0
LINE
  8
0
 10
9.48392
 20
61.9609
 11
9.39865
 21
61.954
  0
LINE
  8
0
 10
9.39865
 20
61.954
 11
9.31261
 21
61.9501
  0
LINE
  8
0
 10
9.31261
 20
61.9501
 11
9.22696
 21
61.9501
  0
LINE
  8
0
 10
54.2568
 20
57.9503
 11
54.1711
 21
57.9538
  0
LINE
  8
0
 10
54.1711
 20
57.9538
 11
54.0855
 21
57.9612
  0
LINE
  8
0
 10
54.0855
 20
57.9612
 11
54.0002
 21
57.9717
  0
LINE
  8
0
 10
54.0002
 20
57.9717
 11
53.9157
 21
57.986
  0
LINE
  8
0
 10
53.9157
 20
57.986
 11
53.8316
 21
58.0038
  0
LINE
  8
0
 10
53.8316
 20
58.0038
 11
53.7487
 21
58.0255
  0
LINE
  8
0
 10
53.7487
 20
58.0255
 11
53.6665
 21
58.0503
  0
LINE
  8
0
 10
53.6665
 20
58.0503
 11
53.5851
 21
58.0782
  0
LINE
  8
0
 10
53.5851
 20
58.0782
 11
53.5053
 21
58.11
  0
LINE
  8
0
 10
53.5053
 20
58.11
 11
53.427
 21
58.1449
  0
LINE
  8
0
 10
53.427
 20
58.1449
 11
53.3502
 21
58.1833
  0
LINE
  8
0
 10
53.3502
 20
58.1833
 11
53.2747
 21
58.2244
  0
LINE
  8
0
 10
53.2747
 20
58.2244
 11
53.2014
 21
58.2689
  0
LINE
  8
0
 10
53.2014
 20
58.2689
 11
53.1297
 21
58.3166
  0
LINE
  8
0
 10
53.1297
 20
58.3166
 11
53.0603
 21
58.367
  0
LINE
  8
0
 10
53.0603
 20
58.367
 11
52.9929
 21
58.4201
  0
LINE
  8
0
 10
52.9929
 20
58.4201
 11
52.9282
 21
58.4763
  0
LINE
  8
0
 10
52.9282
 20
58.4763
 11
52.8654
 21
58.5352
  0
LINE
  8
0
 10
52.8654
 20
58.5352
 11
52.8053
 21
58.5964
  0
LINE
  8
0
 10
52.8053
 20
58.5964
 11
52.7479
 21
58.6604
  0
LINE
  8
0
 10
52.7479
 20
58.6604
 11
52.6933
 21
58.7266
  0
LINE
  8
0
 10
52.6933
 20
58.7266
 11
52.6414
 21
58.7949
  0
LINE
  8
0
 10
52.6414
 20
58.7949
 11
52.5921
 21
58.8654
  0
LINE
  8
0
 10
52.5921
 20
58.8654
 11
52.5464
 21
58.9379
  0
LINE
  8
0
 10
52.5464
 20
58.9379
 11
52.5034
 21
59.0123
  0
LINE
  8
0
 10
52.5034
 20
59.0123
 11
52.4635
 21
59.0883
  0
LINE
  8
0
 10
52.4635
 20
59.0883
 11
52.427
 21
59.1662
  0
LINE
  8
0
 10
52.427
 20
59.1662
 11
52.3937
 21
59.2452
  0
LINE
  8
0
 10
52.3937
 20
59.2452
 11
52.3639
 21
59.3258
  0
LINE
  8
0
 10
52.3639
 20
59.3258
 11
52.3371
 21
59.4072
  0
LINE
  8
0
 10
52.3371
 20
59.4072
 11
52.3142
 21
59.4902
  0
LINE
  8
0
 10
52.3142
 20
59.4902
 11
52.2945
 21
59.5735
  0
LINE
  8
0
 10
52.2945
 20
59.5735
 11
52.2786
 21
59.658
  0
LINE
  8
0
 10
52.2786
 20
59.658
 11
52.2658
 21
59.7429
  0
LINE
  8
0
 10
52.2658
 20
59.7429
 11
52.2569
 21
59.8281
  0
LINE
  8
0
 10
52.2569
 20
59.8281
 11
52.2515
 21
59.9142
  0
LINE
  8
0
 10
52.2515
 20
59.9142
 11
52.2499
 21
59.9998
  0
LINE
  8
0
 10
52.2499
 20
59.9998
 11
52.2515
 21
60.0855
  0
LINE
  8
0
 10
52.2515
 20
60.0855
 11
52.2569
 21
60.1715
  0
LINE
  8
0
 10
52.2569
 20
60.1715
 11
52.2658
 21
60.2568
  0
LINE
  8
0
 10
52.2658
 20
60.2568
 11
52.2786
 21
60.3417
  0
LINE
  8
0
 10
52.2786
 20
60.3417
 11
52.2945
 21
60.4262
  0
LINE
  8
0
 10
52.2945
 20
60.4262
 11
52.3142
 21
60.5095
  0
LINE
  8
0
 10
52.3142
 20
60.5095
 11
52.3371
 21
60.5924
  0
LINE
  8
0
 10
52.3371
 20
60.5924
 11
52.3639
 21
60.6738
  0
LINE
  8
0
 10
52.3639
 20
60.6738
 11
52.3937
 21
60.7544
  0
LINE
  8
0
 10
52.3937
 20
60.7544
 11
52.427
 21
60.8335
  0
LINE
  8
0
 10
52.427
 20
60.8335
 11
52.4635
 21
60.9114
  0
LINE
  8
0
 10
52.4635
 20
60.9114
 11
52.5034
 21
60.9874
  0
LINE
  8
0
 10
52.5034
 20
60.9874
 11
52.5464
 21
61.0618
  0
LINE
  8
0
 10
52.5464
 20
61.0618
 11
52.5921
 21
61.1343
  0
LINE
  8
0
 10
52.5921
 20
61.1343
 11
52.6414
 21
61.2048
  0
LINE
  8
0
 10
52.6414
 20
61.2048
 11
52.6933
 21
61.273
  0
LINE
  8
0
 10
52.6933
 20
61.273
 11
52.7479
 21
61.3393
  0
LINE
  8
0
 10
52.7479
 20
61.3393
 11
52.8053
 21
61.4032
  0
LINE
  8
0
 10
52.8053
 20
61.4032
 11
52.8654
 21
61.4645
  0
LINE
  8
0
 10
52.8654
 20
61.4645
 11
52.9282
 21
61.5234
  0
LINE
  8
0
 10
52.9282
 20
61.5234
 11
52.9929
 21
61.5792
  0
LINE
  8
0
 10
52.9929
 20
61.5792
 11
53.0603
 21
61.6327
  0
LINE
  8
0
 10
53.0603
 20
61.6327
 11
53.1297
 21
61.6831
  0
LINE
  8
0
 10
53.1297
 20
61.6831
 11
53.2014
 21
61.7307
  0
LINE
  8
0
 10
53.2014
 20
61.7307
 11
53.2747
 21
61.7753
  0
LINE
  8
0
 10
53.2747
 20
61.7753
 11
53.3502
 21
61.8164
  0
LINE
  8
0
 10
53.3502
 20
61.8164
 11
53.427
 21
61.8548
  0
LINE
  8
0
 10
53.427
 20
61.8548
 11
53.5053
 21
61.8896
  0
LINE
  8
0
 10
53.5053
 20
61.8896
 11
53.5851
 21
61.9214
  0
LINE
  8
0
 10
53.5851
 20
61.9214
 11
53.6665
 21
61.9493
  0
LINE
  8
0
 10
53.6665
 20
61.9493
 11
53.7487
 21
61.9741
  0
LINE
  8
0
 10
53.7487
 20
61.9741
 11
53.8316
 21
61.9958
  0
LINE
  8
0
 10
53.8316
 20
61.9958
 11
53.9157
 21
62.0137
  0
LINE
  8
0
 10
53.9157
 20
62.0137
 11
54.0002
 21
62.028
  0
LINE
  8
0
 10
54.0002
 20
62.028
 11
54.0855
 21
62.0385
  0
LINE
  8
0
 10
54.0855
 20
62.0385
 11
54.1711
 21
62.0458
  0
LINE
  8
0
 10
54.1711
 20
62.0458
 11
54.2568
 21
62.0493
  0
LINE
  8
0
 10
54.2568
 20
62.0493
 11
54.3428
 21
62.0493
  0
LINE
  8
0
 10
54.3428
 20
62.0493
 11
54.4285
 21
62.0458
  0
LINE
  8
0
 10
54.4285
 20
62.0458
 11
54.5141
 21
62.0385
  0
LINE
  8
0
 10
54.5141
 20
62.0385
 11
54.5994
 21
62.028
  0
LINE
  8
0
 10
54.5994
 20
62.028
 11
54.6839
 21
62.0137
  0
LINE
  8
0
 10
54.6839
 20
62.0137
 11
54.768
 21
61.9958
  0
LINE
  8
0
 10
54.768
 20
61.9958
 11
54.8509
 21
61.9741
  0
LINE
  8
0
 10
54.8509
 20
61.9741
 11
54.9335
 21
61.9493
  0
LINE
  8
0
 10
54.9335
 20
61.9493
 11
55.0145
 21
61.9214
  0
LINE
  8
0
 10
55.0145
 20
61.9214
 11
55.0943
 21
61.8896
  0
LINE
  8
0
 10
55.0943
 20
61.8896
 11
55.1726
 21
61.8548
  0
LINE
  8
0
 10
55.1726
 20
61.8548
 11
55.2497
 21
61.8164
  0
LINE
  8
0
 10
55.2497
 20
61.8164
 11
55.3249
 21
61.7753
  0
LINE
  8
0
 10
55.3249
 20
61.7753
 11
55.3982
 21
61.7307
  0
LINE
  8
0
 10
55.3982
 20
61.7307
 11
55.4699
 21
61.6831
  0
LINE
  8
0
 10
55.4699
 20
61.6831
 11
55.5392
 21
61.6327
  0
LINE
  8
0
 10
55.5392
 20
61.6327
 11
55.6067
 21
61.5792
  0
LINE
  8
0
 10
55.6067
 20
61.5792
 11
55.6714
 21
61.5234
  0
LINE
  8
0
 10
55.6714
 20
61.5234
 11
55.7342
 21
61.4645
  0
LINE
  8
0
 10
55.7342
 20
61.4645
 11
55.7943
 21
61.4032
  0
LINE
  8
0
 10
55.7943
 20
61.4032
 11
55.8516
 21
61.3393
  0
LINE
  8
0
 10
55.8516
 20
61.3393
 11
55.9063
 21
61.273
  0
LINE
  8
0
 10
55.9063
 20
61.273
 11
55.9582
 21
61.2048
  0
LINE
  8
0
 10
55.9582
 20
61.2048
 11
56.0074
 21
61.1343
  0
LINE
  8
0
 10
56.0074
 20
61.1343
 11
56.0532
 21
61.0618
  0
LINE
  8
0
 10
56.0532
 20
61.0618
 11
56.0962
 21
60.9874
  0
LINE
  8
0
 10
56.0962
 20
60.9874
 11
56.1361
 21
60.9114
  0
LINE
  8
0
 10
56.1361
 20
60.9114
 11
56.1725
 21
60.8335
  0
LINE
  8
0
 10
56.1725
 20
60.8335
 11
56.2059
 21
60.7544
  0
LINE
  8
0
 10
56.2059
 20
60.7544
 11
56.2357
 21
60.6738
  0
LINE
  8
0
 10
56.2357
 20
60.6738
 11
56.2625
 21
60.5924
  0
LINE
  8
0
 10
56.2625
 20
60.5924
 11
56.2853
 21
60.5095
  0
LINE
  8
0
 10
56.2853
 20
60.5095
 11
56.3051
 21
60.4262
  0
LINE
  8
0
 10
56.3051
 20
60.4262
 11
56.321
 21
60.3417
  0
LINE
  8
0
 10
56.321
 20
60.3417
 11
56.3338
 21
60.2568
  0
LINE
  8
0
 10
56.3338
 20
60.2568
 11
56.3427
 21
60.1715
  0
LINE
  8
0
 10
56.3427
 20
60.1715
 11
56.3481
 21
60.0855
  0
LINE
  8
0
 10
56.3481
 20
60.0855
 11
56.3497
 21
59.9998
  0
LINE
  8
0
 10
56.3497
 20
59.9998
 11
56.3481
 21
59.9142
  0
LINE
  8
0
 10
56.3481
 20
59.9142
 11
56.3427
 21
59.8281
  0
LINE
  8
0
 10
56.3427
 20
59.8281
 11
56.3338
 21
59.7429
  0
LINE
  8
0
 10
56.3338
 20
59.7429
 11
56.321
 21
59.658
  0
LINE
  8
0
 10
56.321
 20
59.658
 11
56.3051
 21
59.5735
  0
LINE
  8
0
 10
56.3051
 20
59.5735
 11
56.2853
 21
59.4902
  0
LINE
  8
0
 10
56.2853
 20
59.4902
 11
56.2625
 21
59.4072
  0
LINE
  8
0
 10
56.2625
 20
59.4072
 11
56.2357
 21
59.3258
  0
LINE
  8
0
 10
56.2357
 20
59.3258
 11
56.2059
 21
59.2452
  0
LINE
  8
0
 10
56.2059
 20
59.2452
 11
56.1725
 21
59.1662
  0
LINE
  8
0
 10
56.1725
 20
59.1662
 11
56.1361
 21
59.0883
  0
LINE
  8
0
 10
56.1361
 20
59.0883
 11
56.0962
 21
59.0123
  0
LINE
  8
0
 10
56.0962
 20
59.0123
 11
56.0532
 21
58.9379
  0
LINE
  8
0
 10
56.0532
 20
58.9379
 11
56.0074
 21
58.8654
  0
LINE
  8
0
 10
56.0074
 20
58.8654
 11
55.9582
 21
58.7949
  0
LINE
  8
0
 10
55.9582
 20
58.7949
 11
55.9063
 21
58.7266
  0
LINE
  8
0
 10
55.9063
 20
58.7266
 11
55.8516
 21
58.6604
  0
LINE
  8
0
 10
55.8516
 20
58.6604
 11
55.7943
 21
58.5964
  0
LINE
  8
0
 10
55.7943
 20
58.5964
 11
55.7342
 21
58.5352
  0
LINE
  8
0
 10
55.7342
 20
58.5352
 11
55.6714
 21
58.4763
  0
LINE
  8
0
 10
55.6714
 20
58.4763
 11
55.6067
 21
58.4201
  0
LINE
  8
0
 10
55.6067
 20
58.4201
 11
55.5392
 21
58.367
  0
LINE
  8
0
 10
55.5392
 20
58.367
 11
55.4699
 21
58.3166
  0
LINE
  8
0
 10
55.4699
 20
58.3166
 11
55.3982
 21
58.2689
  0
LINE
  8
0
 10
55.3982
 20
58.2689
 11
55.3249
 21
58.2244
  0
LINE
  8
0
 10
55.3249
 20
58.2244
 11
55.2497
 21
58.1833
  0
LINE
  8
0
 10
55.2497
 20
58.1833
 11
55.1726
 21
58.1449
  0
LINE
  8
0
 10
55.1726
 20
58.1449
 11
55.0943
 21
58.11
  0
LINE
  8
0
 10
55.0943
 20
58.11
 11
55.0145
 21
58.0782
  0
LINE
  8
0
 10
55.0145
 20
58.0782
 11
54.9335
 21
58.0503
  0
LINE
  8
0
 10
54.9335
 20
58.0503
 11
54.8509
 21
58.0255
  0
LINE
  8
0
 10
54.8509
 20
58.0255
 11
54.768
 21
58.0038
  0
LINE
  8
0
 10
54.768
 20
58.0038
 11
54.6839
 21
57.986
  0
LINE
  8
0
 10
54.6839
 20
57.986
 11
54.5994
 21
57.9717
  0
LINE
  8
0
 10
54.5994
 20
57.9717
 11
54.5141
 21
57.9612
  0
LINE
  8
0
 10
54.5141
 20
57.9612
 11
54.4285
 21
57.9538
  0
LINE
  8
0
 10
54.4285
 20
57.9538
 11
54.3428
 21
57.9503
  0
LINE
  8
0
 10
54.3428
 20
57.9503
 11
54.2568
 21
57.9503
  0
LINE
  8
0
 10
22.2568
 20
57.9503
 11
22.1711
 21
57.9538
  0
LINE
  8
0
 10
22.1711
 20
57.9538
 11
22.0855
 21
57.9612
  0
LINE
  8
0
 10
22.0855
 20
57.9612
 11
22.0002
 21
57.9717
  0
LINE
  8
0
 10
22.0002
 20
57.9717
 11
21.9157
 21
57.986
  0
LINE
  8
0
 10
21.9157
 20
57.986
 11
21.8316
 21
58.0038
  0
LINE
  8
0
 10
21.8316
 20
58.0038
 11
21.7487
 21
58.0255
  0
LINE
  8
0
 10
21.7487
 20
58.0255
 11
21.6665
 21
58.0503
  0
LINE
  8
0
 10
21.6665
 20
58.0503
 11
21.5851
 21
58.0782
  0
LINE
  8
0
 10
21.5851
 20
58.0782
 11
21.5053
 21
58.11
  0
LINE
  8
0
 10
21.5053
 20
58.11
 11
21.427
 21
58.1449
  0
LINE
  8
0
 10
21.427
 20
58.1449
 11
21.3502
 21
58.1833
  0
LINE
  8
0
 10
21.3502
 20
58.1833
 11
21.2747
 21
58.2244
  0
LINE
  8
0
 10
21.2747
 20
58.2244
 11
21.2014
 21
58.2689
  0
LINE
  8
0
 10
21.2014
 20
58.2689
 11
21.1297
 21
58.3166
  0
LINE
  8
0
 10
21.1297
 20
58.3166
 11
21.0603
 21
58.367
  0
LINE
  8
0
 10
21.0603
 20
58.367
 11
20.9933
 21
58.4201
  0
LINE
  8
0
 10
20.9933
 20
58.4201
 11
20.9282
 21
58.4763
  0
LINE
  8
0
 10
20.9282
 20
58.4763
 11
20.8654
 21
58.5352
  0
LINE
  8
0
 10
20.8654
 20
58.5352
 11
20.8053
 21
58.5964
  0
LINE
  8
0
 10
20.8053
 20
58.5964
 11
20.748
 21
58.6604
  0
LINE
  8
0
 10
20.748
 20
58.6604
 11
20.6933
 21
58.7266
  0
LINE
  8
0
 10
20.6933
 20
58.7266
 11
20.6414
 21
58.7949
  0
LINE
  8
0
 10
20.6414
 20
58.7949
 11
20.5922
 21
58.8654
  0
LINE
  8
0
 10
20.5922
 20
58.8654
 11
20.5464
 21
58.9379
  0
LINE
  8
0
 10
20.5464
 20
58.9379
 11
20.5034
 21
59.0123
  0
LINE
  8
0
 10
20.5034
 20
59.0123
 11
20.4635
 21
59.0883
  0
LINE
  8
0
 10
20.4635
 20
59.0883
 11
20.427
 21
59.1662
  0
LINE
  8
0
 10
20.427
 20
59.1662
 11
20.3937
 21
59.2452
  0
LINE
  8
0
 10
20.3937
 20
59.2452
 11
20.3639
 21
59.3258
  0
LINE
  8
0
 10
20.3639
 20
59.3258
 11
20.3371
 21
59.4072
  0
LINE
  8
0
 10
20.3371
 20
59.4072
 11
20.3143
 21
59.4902
  0
LINE
  8
0
 10
20.3143
 20
59.4902
 11
20.2945
 21
59.5735
  0
LINE
  8
0
 10
20.2945
 20
59.5735
 11
20.2786
 21
59.658
  0
LINE
  8
0
 10
20.2786
 20
59.658
 11
20.2658
 21
59.7429
  0
LINE
  8
0
 10
20.2658
 20
59.7429
 11
20.2569
 21
59.8281
  0
LINE
  8
0
 10
20.2569
 20
59.8281
 11
20.2515
 21
59.9142
  0
LINE
  8
0
 10
20.2515
 20
59.9142
 11
20.2499
 21
59.9998
  0
LINE
  8
0
 10
20.2499
 20
59.9998
 11
20.2515
 21
60.0855
  0
LINE
  8
0
 10
20.2515
 20
60.0855
 11
20.2569
 21
60.1715
  0
LINE
  8
0
 10
20.2569
 20
60.1715
 11
20.2658
 21
60.2568
  0
LINE
  8
0
 10
20.2658
 20
60.2568
 11
20.2786
 21
60.3417
  0
LINE
  8
0
 10
20.2786
 20
60.3417
 11
20.2945
 21
60.4262
  0
LINE
  8
0
 10
20.2945
 20
60.4262
 11
20.3143
 21
60.5095
  0
LINE
  8
0
 10
20.3143
 20
60.5095
 11
20.3371
 21
60.5924
  0
LINE
  8
0
 10
20.3371
 20
60.5924
 11
20.3639
 21
60.6738
  0
LINE
  8
0
 10
20.3639
 20
60.6738
 11
20.3937
 21
60.7544
  0
LINE
  8
0
 10
20.3937
 20
60.7544
 11
20.427
 21
60.8335
  0
LINE
  8
0
 10
20.427
 20
60.8335
 11
20.4635
 21
60.9114
  0
LINE
  8
0
 10
20.4635
 20
60.9114
 11
20.5034
 21
60.9874
  0
LINE
  8
0
 10
20.5034
 20
60.9874
 11
20.5464
 21
61.0618
  0
LINE
  8
0
 10
20.5464
 20
61.0618
 11
20.5922
 21
61.1343
  0
LINE
  8
0
 10
20.5922
 20
61.1343
 11
20.6414
 21
61.2048
  0
LINE
  8
0
 10
20.6414
 20
61.2048
 11
20.6933
 21
61.273
  0
LINE
  8
0
 10
20.6933
 20
61.273
 11
20.748
 21
61.3393
  0
LINE
  8
0
 10
20.748
 20
61.3393
 11
20.8053
 21
61.4032
  0
LINE
  8
0
 10
20.8053
 20
61.4032
 11
20.8654
 21
61.4645
  0
LINE
  8
0
 10
20.8654
 20
61.4645
 11
20.9282
 21
61.5234
  0
LINE
  8
0
 10
20.9282
 20
61.5234
 11
20.9933
 21
61.5792
  0
LINE
  8
0
 10
20.9933
 20
61.5792
 11
21.0603
 21
61.6327
  0
LINE
  8
0
 10
21.0603
 20
61.6327
 11
21.1297
 21
61.6831
  0
LINE
  8
0
 10
21.1297
 20
61.6831
 11
21.2014
 21
61.7307
  0
LINE
  8
0
 10
21.2014
 20
61.7307
 11
21.2747
 21
61.7753
  0
LINE
  8
0
 10
21.2747
 20
61.7753
 11
21.3502
 21
61.8164
  0
LINE
  8
0
 10
21.3502
 20
61.8164
 11
21.427
 21
61.8548
  0
LINE
  8
0
 10
21.427
 20
61.8548
 11
21.5053
 21
61.8896
  0
LINE
  8
0
 10
21.5053
 20
61.8896
 11
21.5851
 21
61.9214
  0
LINE
  8
0
 10
21.5851
 20
61.9214
 11
21.6665
 21
61.9493
  0
LINE
  8
0
 10
21.6665
 20
61.9493
 11
21.7487
 21
61.9741
  0
LINE
  8
0
 10
21.7487
 20
61.9741
 11
21.8316
 21
61.9958
  0
LINE
  8
0
 10
21.8316
 20
61.9958
 11
21.9157
 21
62.0137
  0
LINE
  8
0
 10
21.9157
 20
62.0137
 11
22.0002
 21
62.028
  0
LINE
  8
0
 10
22.0002
 20
62.028
 11
22.0855
 21
62.0385
  0
LINE
  8
0
 10
22.0855
 20
62.0385
 11
22.1711
 21
62.0458
  0
LINE
  8
0
 10
22.1711
 20
62.0458
 11
22.2568
 21
62.0493
  0
LINE
  8
0
 10
22.2568
 20
62.0493
 11
22.3428
 21
62.0493
  0
LINE
  8
0
 10
22.3428
 20
62.0493
 11
22.4285
 21
62.0458
  0
LINE
  8
0
 10
22.4285
 20
62.0458
 11
22.5141
 21
62.0385
  0
LINE
  8
0
 10
22.5141
 20
62.0385
 11
22.5994
 21
62.028
  0
LINE
  8
0
 10
22.5994
 20
62.028
 11
22.6839
 21
62.0137
  0
LINE
  8
0
 10
22.6839
 20
62.0137
 11
22.768
 21
61.9958
  0
LINE
  8
0
 10
22.768
 20
61.9958
 11
22.8509
 21
61.9741
  0
LINE
  8
0
 10
22.8509
 20
61.9741
 11
22.9331
 21
61.9493
  0
LINE
  8
0
 10
22.9331
 20
61.9493
 11
23.0145
 21
61.9214
  0
LINE
  8
0
 10
23.0145
 20
61.9214
 11
23.0943
 21
61.8896
  0
LINE
  8
0
 10
23.0943
 20
61.8896
 11
23.1726
 21
61.8548
  0
LINE
  8
0
 10
23.1726
 20
61.8548
 11
23.2497
 21
61.8164
  0
LINE
  8
0
 10
23.2497
 20
61.8164
 11
23.3249
 21
61.7753
  0
LINE
  8
0
 10
23.3249
 20
61.7753
 11
23.3982
 21
61.7307
  0
LINE
  8
0
 10
23.3982
 20
61.7307
 11
23.4699
 21
61.6831
  0
LINE
  8
0
 10
23.4699
 20
61.6831
 11
23.5393
 21
61.6327
  0
LINE
  8
0
 10
23.5393
 20
61.6327
 11
23.6067
 21
61.5792
  0
LINE
  8
0
 10
23.6067
 20
61.5792
 11
23.6714
 21
61.5234
  0
LINE
  8
0
 10
23.6714
 20
61.5234
 11
23.7342
 21
61.4645
  0
LINE
  8
0
 10
23.7342
 20
61.4645
 11
23.7943
 21
61.4032
  0
LINE
  8
0
 10
23.7943
 20
61.4032
 11
23.8516
 21
61.3393
  0
LINE
  8
0
 10
23.8516
 20
61.3393
 11
23.9063
 21
61.273
  0
LINE
  8
0
 10
23.9063
 20
61.273
 11
23.9582
 21
61.2048
  0
LINE
  8
0
 10
23.9582
 20
61.2048
 11
24.0074
 21
61.1343
  0
LINE
  8
0
 10
24.0074
 20
61.1343
 11
24.0532
 21
61.0618
  0
LINE
  8
0
 10
24.0532
 20
61.0618
 11
24.0962
 21
60.9874
  0
LINE
  8
0
 10
24.0962
 20
60.9874
 11
24.1361
 21
60.9114
  0
LINE
  8
0
 10
24.1361
 20
60.9114
 11
24.1726
 21
60.8335
  0
LINE
  8
0
 10
24.1726
 20
60.8335
 11
24.2059
 21
60.7544
  0
LINE
  8
0
 10
24.2059
 20
60.7544
 11
24.2357
 21
60.6738
  0
LINE
  8
0
 10
24.2357
 20
60.6738
 11
24.2625
 21
60.5924
  0
LINE
  8
0
 10
24.2625
 20
60.5924
 11
24.2853
 21
60.5095
  0
LINE
  8
0
 10
24.2853
 20
60.5095
 11
24.3051
 21
60.4262
  0
LINE
  8
0
 10
24.3051
 20
60.4262
 11
24.321
 21
60.3417
  0
LINE
  8
0
 10
24.321
 20
60.3417
 11
24.3338
 21
60.2568
  0
LINE
  8
0
 10
24.3338
 20
60.2568
 11
24.3427
 21
60.1715
  0
LINE
  8
0
 10
24.3427
 20
60.1715
 11
24.3481
 21
60.0855
  0
LINE
  8
0
 10
24.3481
 20
60.0855
 11
24.3497
 21
59.9998
  0
LINE
  8
0
 10
24.3497
 20
59.9998
 11
24.3481
 21
59.9142
  0
LINE
  8
0
 10
24.3481
 20
59.9142
 11
24.3427
 21
59.8281
  0
LINE
  8
0
 10
24.3427
 20
59.8281
 11
24.3338
 21
59.7429
  0
LINE
  8
0
 10
24.3338
 20
59.7429
 11
24.321
 21
59.658
  0
LINE
  8
0
 10
24.321
 20
59.658
 11
24.3051
 21
59.5735
  0
LINE
  8
0
 10
24.3051
 20
59.5735
 11
24.2853
 21
59.4902
  0
LINE
  8
0
 10
24.2853
 20
59.4902
 11
24.2625
 21
59.4072
  0
LINE
  8
0
 10
24.2625
 20
59.4072
 11
24.2357
 21
59.3258
  0
LINE
  8
0
 10
24.2357
 20
59.3258
 11
24.2059
 21
59.2452
  0
LINE
  8
0
 10
24.2059
 20
59.2452
 11
24.1726
 21
59.1662
  0
LINE
  8
0
 10
24.1726
 20
59.1662
 11
24.1361
 21
59.0883
  0
LINE
  8
0
 10
24.1361
 20
59.0883
 11
24.0962
 21
59.0123
  0
LINE
  8
0
 10
24.0962
 20
59.0123
 11
24.0532
 21
58.9379
  0
LINE
  8
0
 10
24.0532
 20
58.9379
 11
24.0074
 21
58.8654
  0
LINE
  8
0
 10
24.0074
 20
58.8654
 11
23.9582
 21
58.7949
  0
LINE
  8
0
 10
23.9582
 20
58.7949
 11
23.9063
 21
58.7266
  0
LINE
  8
0
 10
23.9063
 20
58.7266
 11
23.8516
 21
58.6604
  0
LINE
  8
0
 10
23.8516
 20
58.6604
 11
23.7943
 21
58.5964
  0
LINE
  8
0
 10
23.7943
 20
58.5964
 11
23.7342
 21
58.5352
  0
LINE
  8
0
 10
23.7342
 20
58.5352
 11
23.6714
 21
58.4763
  0
LINE
  8
0
 10
23.6714
 20
58.4763
 11
23.6067
 21
58.4201
  0
LINE
  8
0
 10
23.6067
 20
58.4201
 11
23.5393
 21
58.367
  0
LINE
  8
0
 10
23.5393
 20
58.367
 11
23.4699
 21
58.3166
  0
LINE
  8
0
 10
23.4699
 20
58.3166
 11
23.3982
 21
58.2689
  0
LINE
  8
0
 10
23.3982
 20
58.2689
 11
23.3249
 21
58.2244
  0
LINE
  8
0
 10
23.3249
 20
58.2244
 11
23.2497
 21
58.1833
  0
LINE
  8
0
 10
23.2497
 20
58.1833
 11
23.1726
 21
58.1449
  0
LINE
  8
0
 10
23.1726
 20
58.1449
 11
23.0943
 21
58.11
  0
LINE
  8
0
 10
23.0943
 20
58.11
 11
23.0145
 21
58.0782
  0
LINE
  8
0
 10
23.0145
 20
58.0782
 11
22.9331
 21
58.0503
  0
LINE
  8
0
 10
22.9331
 20
58.0503
 11
22.8509
 21
58.0255
  0
LINE
  8
0
 10
22.8509
 20
58.0255
 11
22.768
 21
58.0038
  0
LINE
  8
0
 10
22.768
 20
58.0038
 11
22.6839
 21
57.986
  0
LINE
  8
0
 10
22.6839
 20
57.986
 11
22.5994
 21
57.9717
  0
LINE
  8
0
 10
22.5994
 20
57.9717
 11
22.5141
 21
57.9612
  0
LINE
  8
0
 10
22.5141
 20
57.9612
 11
22.4285
 21
57.9538
  0
LINE
  8
0
 10
22.4285
 20
57.9538
 11
22.3428
 21
57.9503
  0
LINE
  8
0
 10
22.3428
 20
57.9503
 11
22.2568
 21
57.9503
  0
LINE
  8
0
 10
9.22696
 20
45.9503
 11
9.14091
 21
45.9538
  0
LINE
  8
0
 10
9.14091
 20
45.9538
 11
9.05565
 21
45.9611
  0
LINE
  8
0
 10
9.05565
 20
45.9611
 11
8.97038
 21
45.9716
  0
LINE
  8
0
 10
8.97038
 20
45.9716
 11
8.8855
 21
45.986
  0
LINE
  8
0
 10
8.8855
 20
45.986
 11
8.80179
 21
46.0038
  0
LINE
  8
0
 10
8.80179
 20
46.0038
 11
8.71846
 21
46.0255
  0
LINE
  8
0
 10
8.71846
 20
46.0255
 11
8.63629
 21
46.0503
  0
LINE
  8
0
 10
8.63629
 20
46.0503
 11
8.55529
 21
46.0782
  0
LINE
  8
0
 10
8.55529
 20
46.0782
 11
8.47545
 21
46.11
  0
LINE
  8
0
 10
8.47545
 20
46.11
 11
8.39677
 21
46.1449
  0
LINE
  8
0
 10
8.39677
 20
46.1449
 11
8.32003
 21
46.1832
  0
LINE
  8
0
 10
8.32003
 20
46.1832
 11
8.24485
 21
46.2243
  0
LINE
  8
0
 10
8.24485
 20
46.2243
 11
8.17121
 21
46.2689
  0
LINE
  8
0
 10
8.17121
 20
46.2689
 11
8.09989
 21
46.3166
  0
LINE
  8
0
 10
8.09989
 20
46.3166
 11
8.03052
 21
46.3669
  0
LINE
  8
0
 10
8.03052
 20
46.3669
 11
7.96308
 21
46.4204
  0
LINE
  8
0
 10
7.96308
 20
46.4204
 11
7.89797
 21
46.4762
  0
LINE
  8
0
 10
7.89797
 20
46.4762
 11
7.83557
 21
46.5351
  0
LINE
  8
0
 10
7.83557
 20
46.5351
 11
7.77549
 21
46.5964
  0
LINE
  8
0
 10
7.77549
 20
46.5964
 11
7.71813
 21
46.6603
  0
LINE
  8
0
 10
7.71813
 20
46.6603
 11
7.6631
 21
46.7266
  0
LINE
  8
0
 10
7.6631
 20
46.7266
 11
7.61116
 21
46.7948
  0
LINE
  8
0
 10
7.61116
 20
46.7948
 11
7.56233
 21
46.8654
  0
LINE
  8
0
 10
7.56233
 20
46.8654
 11
7.51621
 21
46.9378
  0
LINE
  8
0
 10
7.51621
 20
46.9378
 11
7.47319
 21
47.0122
  0
LINE
  8
0
 10
7.47319
 20
47.0122
 11
7.43365
 21
47.0882
  0
LINE
  8
0
 10
7.43365
 20
47.0882
 11
7.39722
 21
47.1661
  0
LINE
  8
0
 10
7.39722
 20
47.1661
 11
7.36389
 21
47.2452
  0
LINE
  8
0
 10
7.36389
 20
47.2452
 11
7.33366
 21
47.3258
  0
LINE
  8
0
 10
7.33366
 20
47.3258
 11
7.30731
 21
47.4072
  0
LINE
  8
0
 10
7.30731
 20
47.4072
 11
7.28405
 21
47.4901
  0
LINE
  8
0
 10
7.28405
 20
47.4901
 11
7.26467
 21
47.5735
  0
LINE
  8
0
 10
7.26467
 20
47.5735
 11
7.24839
 21
47.6579
  0
LINE
  8
0
 10
7.24839
 20
47.6579
 11
7.23599
 21
47.7428
  0
LINE
  8
0
 10
7.23599
 20
47.7428
 11
7.22708
 21
47.8281
  0
LINE
  8
0
 10
7.22708
 20
47.8281
 11
7.22165
 21
47.9141
  0
LINE
  8
0
 10
7.22165
 20
47.9141
 11
7.21971
 21
47.9998
  0
LINE
  8
0
 10
7.21971
 20
47.9998
 11
7.22165
 21
48.0858
  0
LINE
  8
0
 10
7.22165
 20
48.0858
 11
7.22708
 21
48.1715
  0
LINE
  8
0
 10
7.22708
 20
48.1715
 11
7.23599
 21
48.2567
  0
LINE
  8
0
 10
7.23599
 20
48.2567
 11
7.24839
 21
48.3416
  0
LINE
  8
0
 10
7.24839
 20
48.3416
 11
7.26467
 21
48.4261
  0
LINE
  8
0
 10
7.26467
 20
48.4261
 11
7.28405
 21
48.5094
  0
LINE
  8
0
 10
7.28405
 20
48.5094
 11
7.30731
 21
48.5924
  0
LINE
  8
0
 10
7.30731
 20
48.5924
 11
7.33366
 21
48.6742
  0
LINE
  8
0
 10
7.33366
 20
48.6742
 11
7.36389
 21
48.7544
  0
LINE
  8
0
 10
7.36389
 20
48.7544
 11
7.39722
 21
48.8335
  0
LINE
  8
0
 10
7.39722
 20
48.8335
 11
7.43365
 21
48.9114
  0
LINE
  8
0
 10
7.43365
 20
48.9114
 11
7.47319
 21
48.9873
  0
LINE
  8
0
 10
7.47319
 20
48.9873
 11
7.51621
 21
49.0617
  0
LINE
  8
0
 10
7.51621
 20
49.0617
 11
7.56233
 21
49.1342
  0
LINE
  8
0
 10
7.56233
 20
49.1342
 11
7.61116
 21
49.2047
  0
LINE
  8
0
 10
7.61116
 20
49.2047
 11
7.6631
 21
49.2733
  0
LINE
  8
0
 10
7.6631
 20
49.2733
 11
7.71813
 21
49.3392
  0
LINE
  8
0
 10
7.71813
 20
49.3392
 11
7.77549
 21
49.4032
  0
LINE
  8
0
 10
7.77549
 20
49.4032
 11
7.83557
 21
49.4644
  0
LINE
  8
0
 10
7.83557
 20
49.4644
 11
7.89797
 21
49.5233
  0
LINE
  8
0
 10
7.89797
 20
49.5233
 11
7.96308
 21
49.5795
  0
LINE
  8
0
 10
7.96308
 20
49.5795
 11
8.03052
 21
49.6326
  0
LINE
  8
0
 10
8.03052
 20
49.6326
 11
8.09989
 21
49.683
  0
LINE
  8
0
 10
8.09989
 20
49.683
 11
8.17121
 21
49.7307
  0
LINE
  8
0
 10
8.17121
 20
49.7307
 11
8.24485
 21
49.7753
  0
LINE
  8
0
 10
8.24485
 20
49.7753
 11
8.32003
 21
49.8163
  0
LINE
  8
0
 10
8.32003
 20
49.8163
 11
8.39677
 21
49.8547
  0
LINE
  8
0
 10
8.39677
 20
49.8547
 11
8.47545
 21
49.8896
  0
LINE
  8
0
 10
8.47545
 20
49.8896
 11
8.55529
 21
49.9214
  0
LINE
  8
0
 10
8.55529
 20
49.9214
 11
8.63629
 21
49.9497
  0
LINE
  8
0
 10
8.63629
 20
49.9497
 11
8.71846
 21
49.9745
  0
LINE
  8
0
 10
8.71846
 20
49.9745
 11
8.80179
 21
49.9958
  0
LINE
  8
0
 10
8.80179
 20
49.9958
 11
8.8855
 21
50.0136
  0
LINE
  8
0
 10
8.8855
 20
50.0136
 11
8.97038
 21
50.028
  0
LINE
  8
0
 10
8.97038
 20
50.028
 11
9.05565
 21
50.0384
  0
LINE
  8
0
 10
9.05565
 20
50.0384
 11
9.14091
 21
50.0458
  0
LINE
  8
0
 10
9.14091
 20
50.0458
 11
9.22696
 21
50.0493
  0
LINE
  8
0
 10
9.22696
 20
50.0493
 11
9.31261
 21
50.0493
  0
LINE
  8
0
 10
9.31261
 20
50.0493
 11
9.39865
 21
50.0458
  0
LINE
  8
0
 10
9.39865
 20
50.0458
 11
9.48392
 21
50.0384
  0
LINE
  8
0
 10
9.48392
 20
50.0384
 11
9.56918
 21
50.028
  0
LINE
  8
0
 10
9.56918
 20
50.028
 11
9.65406
 21
50.0136
  0
LINE
  8
0
 10
9.65406
 20
50.0136
 11
9.73778
 21
49.9958
  0
LINE
  8
0
 10
9.73778
 20
49.9958
 11
9.82111
 21
49.9745
  0
LINE
  8
0
 10
9.82111
 20
49.9745
 11
9.90327
 21
49.9497
  0
LINE
  8
0
 10
9.90327
 20
49.9497
 11
9.98427
 21
49.9214
  0
LINE
  8
0
 10
9.98427
 20
49.9214
 11
10.0641
 21
49.8896
  0
LINE
  8
0
 10
10.0641
 20
49.8896
 11
10.1428
 21
49.8547
  0
LINE
  8
0
 10
10.1428
 20
49.8547
 11
10.2195
 21
49.8163
  0
LINE
  8
0
 10
10.2195
 20
49.8163
 11
10.2947
 21
49.7753
  0
LINE
  8
0
 10
10.2947
 20
49.7753
 11
10.3684
 21
49.7307
  0
LINE
  8
0
 10
10.3684
 20
49.7307
 11
10.4397
 21
49.683
  0
LINE
  8
0
 10
10.4397
 20
49.683
 11
10.509
 21
49.6326
  0
LINE
  8
0
 10
10.509
 20
49.6326
 11
10.5765
 21
49.5795
  0
LINE
  8
0
 10
10.5765
 20
49.5795
 11
10.6416
 21
49.5233
  0
LINE
  8
0
 10
10.6416
 20
49.5233
 11
10.704
 21
49.4644
  0
LINE
  8
0
 10
10.704
 20
49.4644
 11
10.7641
 21
49.4032
  0
LINE
  8
0
 10
10.7641
 20
49.4032
 11
10.8218
 21
49.3392
  0
LINE
  8
0
 10
10.8218
 20
49.3392
 11
10.8765
 21
49.2733
  0
LINE
  8
0
 10
10.8765
 20
49.2733
 11
10.9284
 21
49.2047
  0
LINE
  8
0
 10
10.9284
 20
49.2047
 11
10.9772
 21
49.1342
  0
LINE
  8
0
 10
10.9772
 20
49.1342
 11
11.0234
 21
49.0617
  0
LINE
  8
0
 10
11.0234
 20
49.0617
 11
11.0664
 21
48.9873
  0
LINE
  8
0
 10
11.0664
 20
48.9873
 11
11.1059
 21
48.9114
  0
LINE
  8
0
 10
11.1059
 20
48.9114
 11
11.1427
 21
48.8335
  0
LINE
  8
0
 10
11.1427
 20
48.8335
 11
11.1757
 21
48.7544
  0
LINE
  8
0
 10
11.1757
 20
48.7544
 11
11.2059
 21
48.6742
  0
LINE
  8
0
 10
11.2059
 20
48.6742
 11
11.2323
 21
48.5924
  0
LINE
  8
0
 10
11.2323
 20
48.5924
 11
11.2555
 21
48.5094
  0
LINE
  8
0
 10
11.2555
 20
48.5094
 11
11.2749
 21
48.4261
  0
LINE
  8
0
 10
11.2749
 20
48.4261
 11
11.2912
 21
48.3416
  0
LINE
  8
0
 10
11.2912
 20
48.3416
 11
11.3036
 21
48.2567
  0
LINE
  8
0
 10
11.3036
 20
48.2567
 11
11.3125
 21
48.1715
  0
LINE
  8
0
 10
11.3125
 20
48.1715
 11
11.3179
 21
48.0858
  0
LINE
  8
0
 10
11.3179
 20
48.0858
 11
11.3199
 21
47.9998
  0
LINE
  8
0
 10
11.3199
 20
47.9998
 11
11.3179
 21
47.9141
  0
LINE
  8
0
 10
11.3179
 20
47.9141
 11
11.3125
 21
47.8281
  0
LINE
  8
0
 10
11.3125
 20
47.8281
 11
11.3036
 21
47.7428
  0
LINE
  8
0
 10
11.3036
 20
47.7428
 11
11.2912
 21
47.6579
  0
LINE
  8
0
 10
11.2912
 20
47.6579
 11
11.2749
 21
47.5735
  0
LINE
  8
0
 10
11.2749
 20
47.5735
 11
11.2555
 21
47.4901
  0
LINE
  8
0
 10
11.2555
 20
47.4901
 11
11.2323
 21
47.4072
  0
LINE
  8
0
 10
11.2323
 20
47.4072
 11
11.2059
 21
47.3258
  0
LINE
  8
0
 10
11.2059
 20
47.3258
 11
11.1757
 21
47.2452
  0
LINE
  8
0
 10
11.1757
 20
47.2452
 11
11.1427
 21
47.1661
  0
LINE
  8
0
 10
11.1427
 20
47.1661
 11
11.1059
 21
47.0882
  0
LINE
  8
0
 10
11.1059
 20
47.0882
 11
11.0664
 21
47.0122
  0
LINE
  8
0
 10
11.0664
 20
47.0122
 11
11.0234
 21
46.9378
  0
LINE
  8
0
 10
11.0234
 20
46.9378
 11
10.9772
 21
46.8654
  0
LINE
  8
0
 10
10.9772
 20
46.8654
 11
10.9284
 21
46.7948
  0
LINE
  8
0
 10
10.9284
 20
46.7948
 11
10.8765
 21
46.7266
  0
LINE
  8
0
 10
10.8765
 20
46.7266
 11
10.8218
 21
46.6603
  0
LINE
  8
0
 10
10.8218
 20
46.6603
 11
10.7641
 21
46.5964
  0
LINE
  8
0
 10
10.7641
 20
46.5964
 11
10.704
 21
46.5351
  0
LINE
  8
0
 10
10.704
 20
46.5351
 11
10.6416
 21
46.4762
  0
LINE
  8
0
 10
10.6416
 20
46.4762
 11
10.5765
 21
46.4204
  0
LINE
  8
0
 10
10.5765
 20
46.4204
 11
10.509
 21
46.3669
  0
LINE
  8
0
 10
10.509
 20
46.3669
 11
10.4397
 21
46.3166
  0
LINE
  8
0
 10
10.4397
 20
46.3166
 11
10.3684
 21
46.2689
  0
LINE
  8
0
 10
10.3684
 20
46.2689
 11
10.2947
 21
46.2243
  0
LINE
  8
0
 10
10.2947
 20
46.2243
 11
10.2195
 21
46.1832
  0
LINE
  8
0
 10
10.2195
 20
46.1832
 11
10.1428
 21
46.1449
  0
LINE
  8
0
 10
10.1428
 20
46.1449
 11
10.0641
 21
46.11
  0
LINE
  8
0
 10
10.0641
 20
46.11
 11
9.98427
 21
46.0782
  0
LINE
  8
0
 10
9.98427
 20
46.0782
 11
9.90327
 21
46.0503
  0
LINE
  8
0
 10
9.90327
 20
46.0503
 11
9.82111
 21
46.0255
  0
LINE
  8
0
 10
9.82111
 20
46.0255
 11
9.73778
 21
46.0038
  0
LINE
  8
0
 10
9.73778
 20
46.0038
 11
9.65406
 21
45.986
  0
LINE
  8
0
 10
9.65406
 20
45.986
 11
9.56918
 21
45.9716
  0
LINE
  8
0
 10
9.56918
 20
45.9716
 11
9.48392
 21
45.9611
  0
LINE
  8
0
 10
9.48392
 20
45.9611
 11
9.39865
 21
45.9538
  0
LINE
  8
0
 10
9.39865
 20
45.9538
 11
9.31261
 21
45.9503
  0
LINE
  8
0
 10
9.31261
 20
45.9503
 11
9.22696
 21
45.9503
  0
LINE
  8
0
 10
86.3168
 20
45.9503
 11
86.2312
 21
45.9538
  0
LINE
  8
0
 10
86.2312
 20
45.9538
 11
86.1455
 21
45.9611
  0
LINE
  8
0
 10
86.1455
 20
45.9611
 11
86.0603
 21
45.9716
  0
LINE
  8
0
 10
86.0603
 20
45.9716
 11
85.9758
 21
45.986
  0
LINE
  8
0
 10
85.9758
 20
45.986
 11
85.8917
 21
46.0038
  0
LINE
  8
0
 10
85.8917
 20
46.0038
 11
85.8083
 21
46.0255
  0
LINE
  8
0
 10
85.8083
 20
46.0255
 11
85.7262
 21
46.0503
  0
LINE
  8
0
 10
85.7262
 20
46.0503
 11
85.6452
 21
46.0782
  0
LINE
  8
0
 10
85.6452
 20
46.0782
 11
85.5653
 21
46.11
  0
LINE
  8
0
 10
85.5653
 20
46.11
 11
85.487
 21
46.1449
  0
LINE
  8
0
 10
85.487
 20
46.1449
 11
85.4099
 21
46.1832
  0
LINE
  8
0
 10
85.4099
 20
46.1832
 11
85.3347
 21
46.2243
  0
LINE
  8
0
 10
85.3347
 20
46.2243
 11
85.2615
 21
46.2689
  0
LINE
  8
0
 10
85.2615
 20
46.2689
 11
85.1898
 21
46.3166
  0
LINE
  8
0
 10
85.1898
 20
46.3166
 11
85.1204
 21
46.3669
  0
LINE
  8
0
 10
85.1204
 20
46.3669
 11
85.0529
 21
46.4204
  0
LINE
  8
0
 10
85.0529
 20
46.4204
 11
84.9882
 21
46.4762
  0
LINE
  8
0
 10
84.9882
 20
46.4762
 11
84.9254
 21
46.5351
  0
LINE
  8
0
 10
84.9254
 20
46.5351
 11
84.8654
 21
46.5964
  0
LINE
  8
0
 10
84.8654
 20
46.5964
 11
84.808
 21
46.6603
  0
LINE
  8
0
 10
84.808
 20
46.6603
 11
84.7534
 21
46.7266
  0
LINE
  8
0
 10
84.7534
 20
46.7266
 11
84.7014
 21
46.7948
  0
LINE
  8
0
 10
84.7014
 20
46.7948
 11
84.6522
 21
46.8654
  0
LINE
  8
0
 10
84.6522
 20
46.8654
 11
84.6065
 21
46.9378
  0
LINE
  8
0
 10
84.6065
 20
46.9378
 11
84.5634
 21
47.0122
  0
LINE
  8
0
 10
84.5634
 20
47.0122
 11
84.5235
 21
47.0882
  0
LINE
  8
0
 10
84.5235
 20
47.0882
 11
84.4871
 21
47.1661
  0
LINE
  8
0
 10
84.4871
 20
47.1661
 11
84.4538
 21
47.2452
  0
LINE
  8
0
 10
84.4538
 20
47.2452
 11
84.4239
 21
47.3258
  0
LINE
  8
0
 10
84.4239
 20
47.3258
 11
84.3972
 21
47.4072
  0
LINE
  8
0
 10
84.3972
 20
47.4072
 11
84.3743
 21
47.4901
  0
LINE
  8
0
 10
84.3743
 20
47.4901
 11
84.3545
 21
47.5735
  0
LINE
  8
0
 10
84.3545
 20
47.5735
 11
84.3387
 21
47.6579
  0
LINE
  8
0
 10
84.3387
 20
47.6579
 11
84.3259
 21
47.7428
  0
LINE
  8
0
 10
84.3259
 20
47.7428
 11
84.3169
 21
47.8281
  0
LINE
  8
0
 10
84.3169
 20
47.8281
 11
84.3115
 21
47.9141
  0
LINE
  8
0
 10
84.3115
 20
47.9141
 11
84.31
 21
47.9998
  0
LINE
  8
0
 10
84.31
 20
47.9998
 11
84.3115
 21
48.0858
  0
LINE
  8
0
 10
84.3115
 20
48.0858
 11
84.3169
 21
48.1715
  0
LINE
  8
0
 10
84.3169
 20
48.1715
 11
84.3259
 21
48.2567
  0
LINE
  8
0
 10
84.3259
 20
48.2567
 11
84.3387
 21
48.3416
  0
LINE
  8
0
 10
84.3387
 20
48.3416
 11
84.3545
 21
48.4261
  0
LINE
  8
0
 10
84.3545
 20
48.4261
 11
84.3743
 21
48.5094
  0
LINE
  8
0
 10
84.3743
 20
48.5094
 11
84.3972
 21
48.5924
  0
LINE
  8
0
 10
84.3972
 20
48.5924
 11
84.4239
 21
48.6742
  0
LINE
  8
0
 10
84.4239
 20
48.6742
 11
84.4538
 21
48.7544
  0
LINE
  8
0
 10
84.4538
 20
48.7544
 11
84.4871
 21
48.8335
  0
LINE
  8
0
 10
84.4871
 20
48.8335
 11
84.5235
 21
48.9114
  0
LINE
  8
0
 10
84.5235
 20
48.9114
 11
84.5634
 21
48.9873
  0
LINE
  8
0
 10
84.5634
 20
48.9873
 11
84.6065
 21
49.0617
  0
LINE
  8
0
 10
84.6065
 20
49.0617
 11
84.6522
 21
49.1342
  0
LINE
  8
0
 10
84.6522
 20
49.1342
 11
84.7014
 21
49.2047
  0
LINE
  8
0
 10
84.7014
 20
49.2047
 11
84.7534
 21
49.2733
  0
LINE
  8
0
 10
84.7534
 20
49.2733
 11
84.808
 21
49.3392
  0
LINE
  8
0
 10
84.808
 20
49.3392
 11
84.8654
 21
49.4032
  0
LINE
  8
0
 10
84.8654
 20
49.4032
 11
84.9254
 21
49.4644
  0
LINE
  8
0
 10
84.9254
 20
49.4644
 11
84.9882
 21
49.5233
  0
LINE
  8
0
 10
84.9882
 20
49.5233
 11
85.0529
 21
49.5795
  0
LINE
  8
0
 10
85.0529
 20
49.5795
 11
85.1204
 21
49.6326
  0
LINE
  8
0
 10
85.1204
 20
49.6326
 11
85.1898
 21
49.683
  0
LINE
  8
0
 10
85.1898
 20
49.683
 11
85.2615
 21
49.7307
  0
LINE
  8
0
 10
85.2615
 20
49.7307
 11
85.3347
 21
49.7753
  0
LINE
  8
0
 10
85.3347
 20
49.7753
 11
85.4099
 21
49.8163
  0
LINE
  8
0
 10
85.4099
 20
49.8163
 11
85.487
 21
49.8547
  0
LINE
  8
0
 10
85.487
 20
49.8547
 11
85.5653
 21
49.8896
  0
LINE
  8
0
 10
85.5653
 20
49.8896
 11
85.6452
 21
49.9214
  0
LINE
  8
0
 10
85.6452
 20
49.9214
 11
85.7262
 21
49.9497
  0
LINE
  8
0
 10
85.7262
 20
49.9497
 11
85.8083
 21
49.9745
  0
LINE
  8
0
 10
85.8083
 20
49.9745
 11
85.8917
 21
49.9958
  0
LINE
  8
0
 10
85.8917
 20
49.9958
 11
85.9758
 21
50.0136
  0
LINE
  8
0
 10
85.9758
 20
50.0136
 11
86.0603
 21
50.028
  0
LINE
  8
0
 10
86.0603
 20
50.028
 11
86.1455
 21
50.0384
  0
LINE
  8
0
 10
86.1455
 20
50.0384
 11
86.2312
 21
50.0458
  0
LINE
  8
0
 10
86.2312
 20
50.0458
 11
86.3168
 21
50.0493
  0
LINE
  8
0
 10
86.3168
 20
50.0493
 11
86.4029
 21
50.0493
  0
LINE
  8
0
 10
86.4029
 20
50.0493
 11
86.4885
 21
50.0458
  0
LINE
  8
0
 10
86.4885
 20
50.0458
 11
86.5742
 21
50.0384
  0
LINE
  8
0
 10
86.5742
 20
50.0384
 11
86.6594
 21
50.028
  0
LINE
  8
0
 10
86.6594
 20
50.028
 11
86.7439
 21
50.0136
  0
LINE
  8
0
 10
86.7439
 20
50.0136
 11
86.828
 21
49.9958
  0
LINE
  8
0
 10
86.828
 20
49.9958
 11
86.911
 21
49.9745
  0
LINE
  8
0
 10
86.911
 20
49.9745
 11
86.9931
 21
49.9497
  0
LINE
  8
0
 10
86.9931
 20
49.9497
 11
87.0745
 21
49.9214
  0
LINE
  8
0
 10
87.0745
 20
49.9214
 11
87.1544
 21
49.8896
  0
LINE
  8
0
 10
87.1544
 20
49.8896
 11
87.2327
 21
49.8547
  0
LINE
  8
0
 10
87.2327
 20
49.8547
 11
87.3094
 21
49.8163
  0
LINE
  8
0
 10
87.3094
 20
49.8163
 11
87.385
 21
49.7753
  0
LINE
  8
0
 10
87.385
 20
49.7753
 11
87.4582
 21
49.7307
  0
LINE
  8
0
 10
87.4582
 20
49.7307
 11
87.5299
 21
49.683
  0
LINE
  8
0
 10
87.5299
 20
49.683
 11
87.5993
 21
49.6326
  0
LINE
  8
0
 10
87.5993
 20
49.6326
 11
87.6664
 21
49.5795
  0
LINE
  8
0
 10
87.6664
 20
49.5795
 11
87.7315
 21
49.5233
  0
LINE
  8
0
 10
87.7315
 20
49.5233
 11
87.7943
 21
49.4644
  0
LINE
  8
0
 10
87.7943
 20
49.4644
 11
87.8543
 21
49.4032
  0
LINE
  8
0
 10
87.8543
 20
49.4032
 11
87.9117
 21
49.3392
  0
LINE
  8
0
 10
87.9117
 20
49.3392
 11
87.9663
 21
49.2733
  0
LINE
  8
0
 10
87.9663
 20
49.2733
 11
88.0183
 21
49.2047
  0
LINE
  8
0
 10
88.0183
 20
49.2047
 11
88.0675
 21
49.1342
  0
LINE
  8
0
 10
88.0675
 20
49.1342
 11
88.1132
 21
49.0617
  0
LINE
  8
0
 10
88.1132
 20
49.0617
 11
88.1562
 21
48.9873
  0
LINE
  8
0
 10
88.1562
 20
48.9873
 11
88.1962
 21
48.9114
  0
LINE
  8
0
 10
88.1962
 20
48.9114
 11
88.2326
 21
48.8335
  0
LINE
  8
0
 10
88.2326
 20
48.8335
 11
88.2659
 21
48.7544
  0
LINE
  8
0
 10
88.2659
 20
48.7544
 11
88.2958
 21
48.6742
  0
LINE
  8
0
 10
88.2958
 20
48.6742
 11
88.3221
 21
48.5924
  0
LINE
  8
0
 10
88.3221
 20
48.5924
 11
88.3454
 21
48.5094
  0
LINE
  8
0
 10
88.3454
 20
48.5094
 11
88.3651
 21
48.4261
  0
LINE
  8
0
 10
88.3651
 20
48.4261
 11
88.381
 21
48.3416
  0
LINE
  8
0
 10
88.381
 20
48.3416
 11
88.3938
 21
48.2567
  0
LINE
  8
0
 10
88.3938
 20
48.2567
 11
88.4027
 21
48.1715
  0
LINE
  8
0
 10
88.4027
 20
48.1715
 11
88.4082
 21
48.0858
  0
LINE
  8
0
 10
88.4082
 20
48.0858
 11
88.4097
 21
47.9998
  0
LINE
  8
0
 10
88.4097
 20
47.9998
 11
88.4082
 21
47.9141
  0
LINE
  8
0
 10
88.4082
 20
47.9141
 11
88.4027
 21
47.8281
  0
LINE
  8
0
 10
88.4027
 20
47.8281
 11
88.3938
 21
47.7428
  0
LINE
  8
0
 10
88.3938
 20
47.7428
 11
88.381
 21
47.6579
  0
LINE
  8
0
 10
88.381
 20
47.6579
 11
88.3651
 21
47.5735
  0
LINE
  8
0
 10
88.3651
 20
47.5735
 11
88.3454
 21
47.4901
  0
LINE
  8
0
 10
88.3454
 20
47.4901
 11
88.3221
 21
47.4072
  0
LINE
  8
0
 10
88.3221
 20
47.4072
 11
88.2958
 21
47.3258
  0
LINE
  8
0
 10
88.2958
 20
47.3258
 11
88.2659
 21
47.2452
  0
LINE
  8
0
 10
88.2659
 20
47.2452
 11
88.2326
 21
47.1661
  0
LINE
  8
0
 10
88.2326
 20
47.1661
 11
88.1962
 21
47.0882
  0
LINE
  8
0
 10
88.1962
 20
47.0882
 11
88.1562
 21
47.0122
  0
LINE
  8
0
 10
88.1562
 20
47.0122
 11
88.1132
 21
46.9378
  0
LINE
  8
0
 10
88.1132
 20
46.9378
 11
88.0675
 21
46.8654
  0
LINE
  8
0
 10
88.0675
 20
46.8654
 11
88.0183
 21
46.7948
  0
LINE
  8
0
 10
88.0183
 20
46.7948
 11
87.9663
 21
46.7266
  0
LINE
  8
0
 10
87.9663
 20
46.7266
 11
87.9117
 21
46.6603
  0
LINE
  8
0
 10
87.9117
 20
46.6603
 11
87.8543
 21
46.5964
  0
LINE
  8
0
 10
87.8543
 20
46.5964
 11
87.7943
 21
46.5351
  0
LINE
  8
0
 10
87.7943
 20
46.5351
 11
87.7315
 21
46.4762
  0
LINE
  8
0
 10
87.7315
 20
46.4762
 11
87.6664
 21
46.4204
  0
LINE
  8
0
 10
87.6664
 20
46.4204
 11
87.5993
 21
46.3669
  0
LINE
  8
0
 10
87.5993
 20
46.3669
 11
87.5299
 21
46.3166
  0
LINE
  8
0
 10
87.5299
 20
46.3166
 11
87.4582
 21
46.2689
  0
LINE
  8
0
 10
87.4582
 20
46.2689
 11
87.385
 21
46.2243
  0
LINE
  8
0
 10
87.385
 20
46.2243
 11
87.3094
 21
46.1832
  0
LINE
  8
0
 10
87.3094
 20
46.1832
 11
87.2327
 21
46.1449
  0
LINE
  8
0
 10
87.2327
 20
46.1449
 11
87.1544
 21
46.11
  0
LINE
  8
0
 10
87.1544
 20
46.11
 11
87.0745
 21
46.0782
  0
LINE
  8
0
 10
87.0745
 20
46.0782
 11
86.9931
 21
46.0503
  0
LINE
  8
0
 10
86.9931
 20
46.0503
 11
86.911
 21
46.0255
  0
LINE
  8
0
 10
86.911
 20
46.0255
 11
86.828
 21
46.0038
  0
LINE
  8
0
 10
86.828
 20
46.0038
 11
86.7439
 21
45.986
  0
LINE
  8
0
 10
86.7439
 20
45.986
 11
86.6594
 21
45.9716
  0
LINE
  8
0
 10
86.6594
 20
45.9716
 11
86.5742
 21
45.9611
  0
LINE
  8
0
 10
86.5742
 20
45.9611
 11
86.4885
 21
45.9538
  0
LINE
  8
0
 10
86.4885
 20
45.9538
 11
86.4029
 21
45.9503
  0
LINE
  8
0
 10
86.4029
 20
45.9503
 11
86.3168
 21
45.9503
  0
LINE
  8
0
 10
9.22696
 20
29.9501
 11
9.14091
 21
29.954
  0
LINE
  8
0
 10
9.14091
 20
29.954
 11
9.05565
 21
29.961
  0
LINE
  8
0
 10
9.05565
 20
29.961
 11
8.97038
 21
29.9718
  0
LINE
  8
0
 10
8.97038
 20
29.9718
 11
8.8855
 21
29.9862
  0
LINE
  8
0
 10
8.8855
 20
29.9862
 11
8.80179
 21
30.004
  0
LINE
  8
0
 10
8.80179
 20
30.004
 11
8.71846
 21
30.0253
  0
LINE
  8
0
 10
8.71846
 20
30.0253
 11
8.63629
 21
30.0501
  0
LINE
  8
0
 10
8.63629
 20
30.0501
 11
8.55529
 21
30.0784
  0
LINE
  8
0
 10
8.55529
 20
30.0784
 11
8.47545
 21
30.1098
  0
LINE
  8
0
 10
8.47545
 20
30.1098
 11
8.39677
 21
30.1451
  0
LINE
  8
0
 10
8.39677
 20
30.1451
 11
8.32003
 21
30.183
  0
LINE
  8
0
 10
8.32003
 20
30.183
 11
8.24485
 21
30.2245
  0
LINE
  8
0
 10
8.24485
 20
30.2245
 11
8.17121
 21
30.2691
  0
LINE
  8
0
 10
8.17121
 20
30.2691
 11
8.09989
 21
30.3164
  0
LINE
  8
0
 10
8.09989
 20
30.3164
 11
8.03052
 21
30.3668
  0
LINE
  8
0
 10
8.03052
 20
30.3668
 11
7.96308
 21
30.4202
  0
LINE
  8
0
 10
7.96308
 20
30.4202
 11
7.89797
 21
30.4764
  0
LINE
  8
0
 10
7.89797
 20
30.4764
 11
7.83557
 21
30.535
  0
LINE
  8
0
 10
7.83557
 20
30.535
 11
7.77549
 21
30.5966
  0
LINE
  8
0
 10
7.77549
 20
30.5966
 11
7.71813
 21
30.6601
  0
LINE
  8
0
 10
7.71813
 20
30.6601
 11
7.6631
 21
30.7264
  0
LINE
  8
0
 10
7.6631
 20
30.7264
 11
7.61116
 21
30.795
  0
LINE
  8
0
 10
7.61116
 20
30.795
 11
7.56233
 21
30.8652
  0
LINE
  8
0
 10
7.56233
 20
30.8652
 11
7.51621
 21
30.938
  0
LINE
  8
0
 10
7.51621
 20
30.938
 11
7.47319
 21
31.0121
  0
LINE
  8
0
 10
7.47319
 20
31.0121
 11
7.43365
 21
31.0884
  0
LINE
  8
0
 10
7.43365
 20
31.0884
 11
7.39722
 21
31.1659
  0
LINE
  8
0
 10
7.39722
 20
31.1659
 11
7.36389
 21
31.245
  0
LINE
  8
0
 10
7.36389
 20
31.245
 11
7.33366
 21
31.3256
  0
LINE
  8
0
 10
7.33366
 20
31.3256
 11
7.30731
 21
31.4074
  0
LINE
  8
0
 10
7.30731
 20
31.4074
 11
7.28405
 21
31.4899
  0
LINE
  8
0
 10
7.28405
 20
31.4899
 11
7.26467
 21
31.5737
  0
LINE
  8
0
 10
7.26467
 20
31.5737
 11
7.24839
 21
31.6578
  0
LINE
  8
0
 10
7.24839
 20
31.6578
 11
7.23599
 21
31.743
  0
LINE
  8
0
 10
7.23599
 20
31.743
 11
7.22708
 21
31.8283
  0
LINE
  8
0
 10
7.22708
 20
31.8283
 11
7.22165
 21
31.9139
  0
LINE
  8
0
 10
7.22165
 20
31.9139
 11
7.21971
 21
32
  0
LINE
  8
0
 10
7.21971
 20
32
 11
7.22165
 21
32.0856
  0
LINE
  8
0
 10
7.22165
 20
32.0856
 11
7.22708
 21
32.1713
  0
LINE
  8
0
 10
7.22708
 20
32.1713
 11
7.23599
 21
32.2566
  0
LINE
  8
0
 10
7.23599
 20
32.2566
 11
7.24839
 21
32.3418
  0
LINE
  8
0
 10
7.24839
 20
32.3418
 11
7.26467
 21
32.4259
  0
LINE
  8
0
 10
7.26467
 20
32.4259
 11
7.28405
 21
32.5096
  0
LINE
  8
0
 10
7.28405
 20
32.5096
 11
7.30731
 21
32.5922
  0
LINE
  8
0
 10
7.30731
 20
32.5922
 11
7.33366
 21
32.674
  0
LINE
  8
0
 10
7.33366
 20
32.674
 11
7.36389
 21
32.7546
  0
LINE
  8
0
 10
7.36389
 20
32.7546
 11
7.39722
 21
32.8337
  0
LINE
  8
0
 10
7.39722
 20
32.8337
 11
7.43365
 21
32.9112
  0
LINE
  8
0
 10
7.43365
 20
32.9112
 11
7.47319
 21
32.9875
  0
LINE
  8
0
 10
7.47319
 20
32.9875
 11
7.51621
 21
33.0619
  0
LINE
  8
0
 10
7.51621
 20
33.0619
 11
7.56233
 21
33.1344
  0
LINE
  8
0
 10
7.56233
 20
33.1344
 11
7.61116
 21
33.2049
  0
LINE
  8
0
 10
7.61116
 20
33.2049
 11
7.6631
 21
33.2732
  0
LINE
  8
0
 10
7.6631
 20
33.2732
 11
7.71813
 21
33.3394
  0
LINE
  8
0
 10
7.71813
 20
33.3394
 11
7.77549
 21
33.403
  0
LINE
  8
0
 10
7.77549
 20
33.403
 11
7.83557
 21
33.4646
  0
LINE
  8
0
 10
7.83557
 20
33.4646
 11
7.89797
 21
33.5231
  0
LINE
  8
0
 10
7.89797
 20
33.5231
 11
7.96308
 21
33.5793
  0
LINE
  8
0
 10
7.96308
 20
33.5793
 11
8.03052
 21
33.6328
  0
LINE
  8
0
 10
8.03052
 20
33.6328
 11
8.09989
 21
33.6832
  0
LINE
  8
0
 10
8.09989
 20
33.6832
 11
8.17121
 21
33.7305
  0
LINE
  8
0
 10
8.17121
 20
33.7305
 11
8.24485
 21
33.7751
  0
LINE
  8
0
 10
8.24485
 20
33.7751
 11
8.32003
 21
33.8165
  0
LINE
  8
0
 10
8.32003
 20
33.8165
 11
8.39677
 21
33.8545
  0
LINE
  8
0
 10
8.39677
 20
33.8545
 11
8.47545
 21
33.8898
  0
LINE
  8
0
 10
8.47545
 20
33.8898
 11
8.55529
 21
33.9212
  0
LINE
  8
0
 10
8.55529
 20
33.9212
 11
8.63629
 21
33.9495
  0
LINE
  8
0
 10
8.63629
 20
33.9495
 11
8.71846
 21
33.9743
  0
LINE
  8
0
 10
8.71846
 20
33.9743
 11
8.80179
 21
33.9956
  0
LINE
  8
0
 10
8.80179
 20
33.9956
 11
8.8855
 21
34.0134
  0
LINE
  8
0
 10
8.8855
 20
34.0134
 11
8.97038
 21
34.0278
  0
LINE
  8
0
 10
8.97038
 20
34.0278
 11
9.05565
 21
34.0386
  0
LINE
  8
0
 10
9.05565
 20
34.0386
 11
9.14091
 21
34.0456
  0
LINE
  8
0
 10
9.14091
 20
34.0456
 11
9.22696
 21
34.0495
  0
LINE
  8
0
 10
9.22696
 20
34.0495
 11
9.31261
 21
34.0495
  0
LINE
  8
0
 10
9.31261
 20
34.0495
 11
9.39865
 21
34.0456
  0
LINE
  8
0
 10
9.39865
 20
34.0456
 11
9.48392
 21
34.0386
  0
LINE
  8
0
 10
9.48392
 20
34.0386
 11
9.56918
 21
34.0278
  0
LINE
  8
0
 10
9.56918
 20
34.0278
 11
9.65406
 21
34.0134
  0
LINE
  8
0
 10
9.65406
 20
34.0134
 11
9.73778
 21
33.9956
  0
LINE
  8
0
 10
9.73778
 20
33.9956
 11
9.82111
 21
33.9743
  0
LINE
  8
0
 10
9.82111
 20
33.9743
 11
9.90327
 21
33.9495
  0
LINE
  8
0
 10
9.90327
 20
33.9495
 11
9.98427
 21
33.9212
  0
LINE
  8
0
 10
9.98427
 20
33.9212
 11
10.0641
 21
33.8898
  0
LINE
  8
0
 10
10.0641
 20
33.8898
 11
10.1428
 21
33.8545
  0
LINE
  8
0
 10
10.1428
 20
33.8545
 11
10.2195
 21
33.8165
  0
LINE
  8
0
 10
10.2195
 20
33.8165
 11
10.2947
 21
33.7751
  0
LINE
  8
0
 10
10.2947
 20
33.7751
 11
10.3684
 21
33.7305
  0
LINE
  8
0
 10
10.3684
 20
33.7305
 11
10.4397
 21
33.6832
  0
LINE
  8
0
 10
10.4397
 20
33.6832
 11
10.509
 21
33.6328
  0
LINE
  8
0
 10
10.509
 20
33.6328
 11
10.5765
 21
33.5793
  0
LINE
  8
0
 10
10.5765
 20
33.5793
 11
10.6416
 21
33.5231
  0
LINE
  8
0
 10
10.6416
 20
33.5231
 11
10.704
 21
33.4646
  0
LINE
  8
0
 10
10.704
 20
33.4646
 11
10.7641
 21
33.403
  0
LINE
  8
0
 10
10.7641
 20
33.403
 11
10.8218
 21
33.3394
  0
LINE
  8
0
 10
10.8218
 20
33.3394
 11
10.8765
 21
33.2732
  0
LINE
  8
0
 10
10.8765
 20
33.2732
 11
10.9284
 21
33.2049
  0
LINE
  8
0
 10
10.9284
 20
33.2049
 11
10.9772
 21
33.1344
  0
LINE
  8
0
 10
10.9772
 20
33.1344
 11
11.0234
 21
33.0619
  0
LINE
  8
0
 10
11.0234
 20
33.0619
 11
11.0664
 21
32.9875
  0
LINE
  8
0
 10
11.0664
 20
32.9875
 11
11.1059
 21
32.9112
  0
LINE
  8
0
 10
11.1059
 20
32.9112
 11
11.1427
 21
32.8337
  0
LINE
  8
0
 10
11.1427
 20
32.8337
 11
11.1757
 21
32.7546
  0
LINE
  8
0
 10
11.1757
 20
32.7546
 11
11.2059
 21
32.674
  0
LINE
  8
0
 10
11.2059
 20
32.674
 11
11.2323
 21
32.5922
  0
LINE
  8
0
 10
11.2323
 20
32.5922
 11
11.2555
 21
32.5096
  0
LINE
  8
0
 10
11.2555
 20
32.5096
 11
11.2749
 21
32.4259
  0
LINE
  8
0
 10
11.2749
 20
32.4259
 11
11.2912
 21
32.3418
  0
LINE
  8
0
 10
11.2912
 20
32.3418
 11
11.3036
 21
32.2566
  0
LINE
  8
0
 10
11.3036
 20
32.2566
 11
11.3125
 21
32.1713
  0
LINE
  8
0
 10
11.3125
 20
32.1713
 11
11.3179
 21
32.0856
  0
LINE
  8
0
 10
11.3179
 20
32.0856
 11
11.3199
 21
32
  0
LINE
  8
0
 10
11.3199
 20
32
 11
11.3179
 21
31.9139
  0
LINE
  8
0
 10
11.3179
 20
31.9139
 11
11.3125
 21
31.8283
  0
LINE
  8
0
 10
11.3125
 20
31.8283
 11
11.3036
 21
31.743
  0
LINE
  8
0
 10
11.3036
 20
31.743
 11
11.2912
 21
31.6578
  0
LINE
  8
0
 10
11.2912
 20
31.6578
 11
11.2749
 21
31.5737
  0
LINE
  8
0
 10
11.2749
 20
31.5737
 11
11.2555
 21
31.4899
  0
LINE
  8
0
 10
11.2555
 20
31.4899
 11
11.2323
 21
31.4074
  0
LINE
  8
0
 10
11.2323
 20
31.4074
 11
11.2059
 21
31.3256
  0
LINE
  8
0
 10
11.2059
 20
31.3256
 11
11.1757
 21
31.245
  0
LINE
  8
0
 10
11.1757
 20
31.245
 11
11.1427
 21
31.1659
  0
LINE
  8
0
 10
11.1427
 20
31.1659
 11
11.1059
 21
31.0884
  0
LINE
  8
0
 10
11.1059
 20
31.0884
 11
11.0664
 21
31.0121
  0
LINE
  8
0
 10
11.0664
 20
31.0121
 11
11.0234
 21
30.938
  0
LINE
  8
0
 10
11.0234
 20
30.938
 11
10.9772
 21
30.8652
  0
LINE
  8
0
 10
10.9772
 20
30.8652
 11
10.9284
 21
30.795
  0
LINE
  8
0
 10
10.9284
 20
30.795
 11
10.8765
 21
30.7264
  0
LINE
  8
0
 10
10.8765
 20
30.7264
 11
10.8218
 21
30.6601
  0
LINE
  8
0
 10
10.8218
 20
30.6601
 11
10.7641
 21
30.5966
  0
LINE
  8
0
 10
10.7641
 20
30.5966
 11
10.704
 21
30.535
  0
LINE
  8
0
 10
10.704
 20
30.535
 11
10.6416
 21
30.4764
  0
LINE
  8
0
 10
10.6416
 20
30.4764
 11
10.5765
 21
30.4202
  0
LINE
  8
0
 10
10.5765
 20
30.4202
 11
10.509
 21
30.3668
  0
LINE
  8
0
 10
10.509
 20
30.3668
 11
10.4397
 21
30.3164
  0
LINE
  8
0
 10
10.4397
 20
30.3164
 11
10.3684
 21
30.2691
  0
LINE
  8
0
 10
10.3684
 20
30.2691
 11
10.2947
 21
30.2245
  0
LINE
  8
0
 10
10.2947
 20
30.2245
 11
10.2195
 21
30.183
  0
LINE
  8
0
 10
10.2195
 20
30.183
 11
10.1428
 21
30.1451
  0
LINE
  8
0
 10
10.1428
 20
30.1451
 11
10.0641
 21
30.1098
  0
LINE
  8
0
 10
10.0641
 20
30.1098
 11
9.98427
 21
30.0784
  0
LINE
  8
0
 10
9.98427
 20
30.0784
 11
9.90327
 21
30.0501
  0
LINE
  8
0
 10
9.90327
 20
30.0501
 11
9.82111
 21
30.0253
  0
LINE
  8
0
 10
9.82111
 20
30.0253
 11
9.73778
 21
30.004
  0
LINE
  8
0
 10
9.73778
 20
30.004
 11
9.65406
 21
29.9862
  0
LINE
  8
0
 10
9.65406
 20
29.9862
 11
9.56918
 21
29.9718
  0
LINE
  8
0
 10
9.56918
 20
29.9718
 11
9.48392
 21
29.961
  0
LINE
  8
0
 10
9.48392
 20
29.961
 11
9.39865
 21
29.954
  0
LINE
  8
0
 10
9.39865
 20
29.954
 11
9.31261
 21
29.9501
  0
LINE
  8
0
 10
9.31261
 20
29.9501
 11
9.22696
 21
29.9501
  0
LINE
  8
0
 10
139.531
 20
29.9501
 11
139.445
 21
29.954
  0
LINE
  8
0
 10
139.445
 20
29.954
 11
139.36
 21
29.961
  0
LINE
  8
0
 10
139.36
 20
29.961
 11
139.274
 21
29.9718
  0
LINE
  8
0
 10
139.274
 20
29.9718
 11
139.19
 21
29.9862
  0
LINE
  8
0
 10
139.19
 20
29.9862
 11
139.106
 21
30.004
  0
LINE
  8
0
 10
139.106
 20
30.004
 11
139.023
 21
30.0253
  0
LINE
  8
0
 10
139.023
 20
30.0253
 11
138.94
 21
30.0501
  0
LINE
  8
0
 10
138.94
 20
30.0501
 11
138.859
 21
30.0784
  0
LINE
  8
0
 10
138.859
 20
30.0784
 11
138.78
 21
30.1098
  0
LINE
  8
0
 10
138.78
 20
30.1098
 11
138.701
 21
30.1451
  0
LINE
  8
0
 10
138.701
 20
30.1451
 11
138.624
 21
30.183
  0
LINE
  8
0
 10
138.624
 20
30.183
 11
138.549
 21
30.2245
  0
LINE
  8
0
 10
138.549
 20
30.2245
 11
138.475
 21
30.2691
  0
LINE
  8
0
 10
138.475
 20
30.2691
 11
138.404
 21
30.3164
  0
LINE
  8
0
 10
138.404
 20
30.3164
 11
138.334
 21
30.3668
  0
LINE
  8
0
 10
138.334
 20
30.3668
 11
138.267
 21
30.4202
  0
LINE
  8
0
 10
138.267
 20
30.4202
 11
138.202
 21
30.4764
  0
LINE
  8
0
 10
138.202
 20
30.4764
 11
138.14
 21
30.535
  0
LINE
  8
0
 10
138.14
 20
30.535
 11
138.08
 21
30.5966
  0
LINE
  8
0
 10
138.08
 20
30.5966
 11
138.022
 21
30.6601
  0
LINE
  8
0
 10
138.022
 20
30.6601
 11
137.967
 21
30.7264
  0
LINE
  8
0
 10
137.967
 20
30.7264
 11
137.915
 21
30.795
  0
LINE
  8
0
 10
137.915
 20
30.795
 11
137.866
 21
30.8652
  0
LINE
  8
0
 10
137.866
 20
30.8652
 11
137.82
 21
30.938
  0
LINE
  8
0
 10
137.82
 20
30.938
 11
137.777
 21
31.0121
  0
LINE
  8
0
 10
137.777
 20
31.0121
 11
137.738
 21
31.0884
  0
LINE
  8
0
 10
137.738
 20
31.0884
 11
137.701
 21
31.1659
  0
LINE
  8
0
 10
137.701
 20
31.1659
 11
137.668
 21
31.245
  0
LINE
  8
0
 10
137.668
 20
31.245
 11
137.638
 21
31.3256
  0
LINE
  8
0
 10
137.638
 20
31.3256
 11
137.611
 21
31.4074
  0
LINE
  8
0
 10
137.611
 20
31.4074
 11
137.588
 21
31.4899
  0
LINE
  8
0
 10
137.588
 20
31.4899
 11
137.569
 21
31.5737
  0
LINE
  8
0
 10
137.569
 20
31.5737
 11
137.552
 21
31.6578
  0
LINE
  8
0
 10
137.552
 20
31.6578
 11
137.54
 21
31.743
  0
LINE
  8
0
 10
137.54
 20
31.743
 11
137.531
 21
31.8283
  0
LINE
  8
0
 10
137.531
 20
31.8283
 11
137.526
 21
31.9139
  0
LINE
  8
0
 10
137.526
 20
31.9139
 11
137.524
 21
32
  0
LINE
  8
0
 10
137.524
 20
32
 11
137.526
 21
32.0856
  0
LINE
  8
0
 10
137.526
 20
32.0856
 11
137.531
 21
32.1713
  0
LINE
  8
0
 10
137.531
 20
32.1713
 11
137.54
 21
32.2566
  0
LINE
  8
0
 10
137.54
 20
32.2566
 11
137.552
 21
32.3418
  0
LINE
  8
0
 10
137.552
 20
32.3418
 11
137.569
 21
32.4259
  0
LINE
  8
0
 10
137.569
 20
32.4259
 11
137.588
 21
32.5096
  0
LINE
  8
0
 10
137.588
 20
32.5096
 11
137.611
 21
32.5922
  0
LINE
  8
0
 10
137.611
 20
32.5922
 11
137.638
 21
32.674
  0
LINE
  8
0
 10
137.638
 20
32.674
 11
137.668
 21
32.7546
  0
LINE
  8
0
 10
137.668
 20
32.7546
 11
137.701
 21
32.8337
  0
LINE
  8
0
 10
137.701
 20
32.8337
 11
137.738
 21
32.9112
  0
LINE
  8
0
 10
137.738
 20
32.9112
 11
137.777
 21
32.9875
  0
LINE
  8
0
 10
137.777
 20
32.9875
 11
137.82
 21
33.0619
  0
LINE
  8
0
 10
137.82
 20
33.0619
 11
137.866
 21
33.1344
  0
LINE
  8
0
 10
137.866
 20
33.1344
 11
137.915
 21
33.2049
  0
LINE
  8
0
 10
137.915
 20
33.2049
 11
137.967
 21
33.2732
  0
LINE
  8
0
 10
137.967
 20
33.2732
 11
138.022
 21
33.3394
  0
LINE
  8
0
 10
138.022
 20
33.3394
 11
138.08
 21
33.403
  0
LINE
  8
0
 10
138.08
 20
33.403
 11
138.14
 21
33.4646
  0
LINE
  8
0
 10
138.14
 20
33.4646
 11
138.202
 21
33.5231
  0
LINE
  8
0
 10
138.202
 20
33.5231
 11
138.267
 21
33.5793
  0
LINE
  8
0
 10
138.267
 20
33.5793
 11
138.334
 21
33.6328
  0
LINE
  8
0
 10
138.334
 20
33.6328
 11
138.404
 21
33.6832
  0
LINE
  8
0
 10
138.404
 20
33.6832
 11
138.475
 21
33.7305
  0
LINE
  8
0
 10
138.475
 20
33.7305
 11
138.549
 21
33.7751
  0
LINE
  8
0
 10
138.549
 20
33.7751
 11
138.624
 21
33.8165
  0
LINE
  8
0
 10
138.624
 20
33.8165
 11
138.701
 21
33.8545
  0
LINE
  8
0
 10
138.701
 20
33.8545
 11
138.78
 21
33.8898
  0
LINE
  8
0
 10
138.78
 20
33.8898
 11
138.859
 21
33.9212
  0
LINE
  8
0
 10
138.859
 20
33.9212
 11
138.94
 21
33.9495
  0
LINE
  8
0
 10
138.94
 20
33.9495
 11
139.023
 21
33.9743
  0
LINE
  8
0
 10
139.023
 20
33.9743
 11
139.106
 21
33.9956
  0
LINE
  8
0
 10
139.106
 20
33.9956
 11
139.19
 21
34.0134
  0
LINE
  8
0
 10
139.19
 20
34.0134
 11
139.274
 21
34.0278
  0
LINE
  8
0
 10
139.274
 20
34.0278
 11
139.36
 21
34.0386
  0
LINE
  8
0
 10
139.36
 20
34.0386
 11
139.445
 21
34.0456
  0
LINE
  8
0
 10
139.445
 20
34.0456
 11
139.531
 21
34.0495
  0
LINE
  8
0
 10
139.531
 20
34.0495
 11
139.617
 21
34.0495
  0
LINE
  8
0
 10
139.617
 20
34.0495
 11
139.703
 21
34.0456
  0
LINE
  8
0
 10
139.703
 20
34.0456
 11
139.788
 21
34.0386
  0
LINE
  8
0
 10
139.788
 20
34.0386
 11
139.873
 21
34.0278
  0
LINE
  8
0
 10
139.873
 20
34.0278
 11
139.958
 21
34.0134
  0
LINE
  8
0
 10
139.958
 20
34.0134
 11
140.042
 21
33.9956
  0
LINE
  8
0
 10
140.042
 20
33.9956
 11
140.125
 21
33.9743
  0
LINE
  8
0
 10
140.125
 20
33.9743
 11
140.207
 21
33.9495
  0
LINE
  8
0
 10
140.207
 20
33.9495
 11
140.288
 21
33.9212
  0
LINE
  8
0
 10
140.288
 20
33.9212
 11
140.368
 21
33.8898
  0
LINE
  8
0
 10
140.368
 20
33.8898
 11
140.446
 21
33.8545
  0
LINE
  8
0
 10
140.446
 20
33.8545
 11
140.524
 21
33.8165
  0
LINE
  8
0
 10
140.524
 20
33.8165
 11
140.599
 21
33.7751
  0
LINE
  8
0
 10
140.599
 20
33.7751
 11
140.672
 21
33.7305
  0
LINE
  8
0
 10
140.672
 20
33.7305
 11
140.744
 21
33.6832
  0
LINE
  8
0
 10
140.744
 20
33.6832
 11
140.813
 21
33.6328
  0
LINE
  8
0
 10
140.813
 20
33.6328
 11
140.881
 21
33.5793
  0
LINE
  8
0
 10
140.881
 20
33.5793
 11
140.946
 21
33.5231
  0
LINE
  8
0
 10
140.946
 20
33.5231
 11
141.008
 21
33.4646
  0
LINE
  8
0
 10
141.008
 20
33.4646
 11
141.068
 21
33.403
  0
LINE
  8
0
 10
141.068
 20
33.403
 11
141.125
 21
33.3394
  0
LINE
  8
0
 10
141.125
 20
33.3394
 11
141.181
 21
33.2732
  0
LINE
  8
0
 10
141.181
 20
33.2732
 11
141.232
 21
33.2049
  0
LINE
  8
0
 10
141.232
 20
33.2049
 11
141.281
 21
33.1344
  0
LINE
  8
0
 10
141.281
 20
33.1344
 11
141.327
 21
33.0619
  0
LINE
  8
0
 10
141.327
 20
33.0619
 11
141.37
 21
32.9875
  0
LINE
  8
0
 10
141.37
 20
32.9875
 11
141.41
 21
32.9112
  0
LINE
  8
0
 10
141.41
 20
32.9112
 11
141.446
 21
32.8337
  0
LINE
  8
0
 10
141.446
 20
32.8337
 11
141.48
 21
32.7546
  0
LINE
  8
0
 10
141.48
 20
32.7546
 11
141.51
 21
32.674
  0
LINE
  8
0
 10
141.51
 20
32.674
 11
141.536
 21
32.5922
  0
LINE
  8
0
 10
141.536
 20
32.5922
 11
141.56
 21
32.5096
  0
LINE
  8
0
 10
141.56
 20
32.5096
 11
141.579
 21
32.4259
  0
LINE
  8
0
 10
141.579
 20
32.4259
 11
141.595
 21
32.3418
  0
LINE
  8
0
 10
141.595
 20
32.3418
 11
141.608
 21
32.2566
  0
LINE
  8
0
 10
141.608
 20
32.2566
 11
141.617
 21
32.1713
  0
LINE
  8
0
 10
141.617
 20
32.1713
 11
141.622
 21
32.0856
  0
LINE
  8
0
 10
141.622
 20
32.0856
 11
141.624
 21
32
  0
LINE
  8
0
 10
141.624
 20
32
 11
141.622
 21
31.9139
  0
LINE
  8
0
 10
141.622
 20
31.9139
 11
141.617
 21
31.8283
  0
LINE
  8
0
 10
141.617
 20
31.8283
 11
141.608
 21
31.743
  0
LINE
  8
0
 10
141.608
 20
31.743
 11
141.595
 21
31.6578
  0
LINE
  8
0
 10
141.595
 20
31.6578
 11
141.579
 21
31.5737
  0
LINE
  8
0
 10
141.579
 20
31.5737
 11
141.56
 21
31.4899
  0
LINE
  8
0
 10
141.56
 20
31.4899
 11
141.536
 21
31.4074
  0
LINE
  8
0
 10
141.536
 20
31.4074
 11
141.51
 21
31.3256
  0
LINE
  8
0
 10
141.51
 20
31.3256
 11
141.48
 21
31.245
  0
LINE
  8
0
 10
141.48
 20
31.245
 11
141.446
 21
31.1659
  0
LINE
  8
0
 10
141.446
 20
31.1659
 11
141.41
 21
31.0884
  0
LINE
  8
0
 10
141.41
 20
31.0884
 11
141.37
 21
31.0121
  0
LINE
  8
0
 10
141.37
 20
31.0121
 11
141.327
 21
30.938
  0
LINE
  8
0
 10
141.327
 20
30.938
 11
141.281
 21
30.8652
  0
LINE
  8
0
 10
141.281
 20
30.8652
 11
141.232
 21
30.795
  0
LINE
  8
0
 10
141.232
 20
30.795
 11
141.181
 21
30.7264
  0
LINE
  8
0
 10
141.181
 20
30.7264
 11
141.125
 21
30.6601
  0
LINE
  8
0
 10
141.125
 20
30.6601
 11
141.068
 21
30.5966
  0
LINE
  8
0
 10
141.068
 20
30.5966
 11
141.008
 21
30.535
  0
LINE
  8
0
 10
141.008
 20
30.535
 11
140.946
 21
30.4764
  0
LINE
  8
0
 10
140.946
 20
30.4764
 11
140.881
 21
30.4202
  0
LINE
  8
0
 10
140.881
 20
30.4202
 11
140.813
 21
30.3668
  0
LINE
  8
0
 10
140.813
 20
30.3668
 11
140.744
 21
30.3164
  0
LINE
  8
0
 10
140.744
 20
30.3164
 11
140.672
 21
30.2691
  0
LINE
  8
0
 10
140.672
 20
30.2691
 11
140.599
 21
30.2245
  0
LINE
  8
0
 10
140.599
 20
30.2245
 11
140.524
 21
30.183
  0
LINE
  8
0
 10
140.524
 20
30.183
 11
140.446
 21
30.1451
  0
LINE
  8
0
 10
140.446
 20
30.1451
 11
140.368
 21
30.1098
  0
LINE
  8
0
 10
140.368
 20
30.1098
 11
140.288
 21
30.0784
  0
LINE
  8
0
 10
140.288
 20
30.0784
 11
140.207
 21
30.0501
  0
LINE
  8
0
 10
140.207
 20
30.0501
 11
140.125
 21
30.0253
  0
LINE
  8
0
 10
140.125
 20
30.0253
 11
140.042
 21
30.004
  0
LINE
  8
0
 10
140.042
 20
30.004
 11
139.958
 21
29.9862
  0
LINE
  8
0
 10
139.958
 20
29.9862
 11
139.873
 21
29.9718
  0
LINE
  8
0
 10
139.873
 20
29.9718
 11
139.788
 21
29.961
  0
LINE
  8
0
 10
139.788
 20
29.961
 11
139.703
 21
29.954
  0
LINE
  8
0
 10
139.703
 20
29.954
 11
139.617
 21
29.9501
  0
LINE
  8
0
 10
139.617
 20
29.9501
 11
139.531
 21
29.9501
  0
LINE
  8
0
 10
139.531
 20
21.9502
 11
139.445
 21
21.9537
  0
LINE
  8
0
 10
139.445
 20
21.9537
 11
139.36
 21
21.9611
  0
LINE
  8
0
 10
139.36
 20
21.9611
 11
139.274
 21
21.9719
  0
LINE
  8
0
 10
139.274
 20
21.9719
 11
139.19
 21
21.9863
  0
LINE
  8
0
 10
139.19
 20
21.9863
 11
139.106
 21
22.0041
  0
LINE
  8
0
 10
139.106
 20
22.0041
 11
139.023
 21
22.0254
  0
LINE
  8
0
 10
139.023
 20
22.0254
 11
138.94
 21
22.0502
  0
LINE
  8
0
 10
138.94
 20
22.0502
 11
138.859
 21
22.0785
  0
LINE
  8
0
 10
138.859
 20
22.0785
 11
138.78
 21
22.1099
  0
LINE
  8
0
 10
138.78
 20
22.1099
 11
138.701
 21
22.1448
  0
LINE
  8
0
 10
138.701
 20
22.1448
 11
138.624
 21
22.1831
  0
LINE
  8
0
 10
138.624
 20
22.1831
 11
138.549
 21
22.2246
  0
LINE
  8
0
 10
138.549
 20
22.2246
 11
138.475
 21
22.2688
  0
LINE
  8
0
 10
138.475
 20
22.2688
 11
138.404
 21
22.3165
  0
LINE
  8
0
 10
138.404
 20
22.3165
 11
138.334
 21
22.3669
  0
LINE
  8
0
 10
138.334
 20
22.3669
 11
138.267
 21
22.4203
  0
LINE
  8
0
 10
138.267
 20
22.4203
 11
138.202
 21
22.4765
  0
LINE
  8
0
 10
138.202
 20
22.4765
 11
138.14
 21
22.5351
  0
LINE
  8
0
 10
138.14
 20
22.5351
 11
138.08
 21
22.5963
  0
LINE
  8
0
 10
138.08
 20
22.5963
 11
138.022
 21
22.6602
  0
LINE
  8
0
 10
138.022
 20
22.6602
 11
137.967
 21
22.7265
  0
LINE
  8
0
 10
137.967
 20
22.7265
 11
137.915
 21
22.7947
  0
LINE
  8
0
 10
137.915
 20
22.7947
 11
137.866
 21
22.8653
  0
LINE
  8
0
 10
137.866
 20
22.8653
 11
137.82
 21
22.9377
  0
LINE
  8
0
 10
137.82
 20
22.9377
 11
137.777
 21
23.0122
  0
LINE
  8
0
 10
137.777
 20
23.0122
 11
137.738
 21
23.0881
  0
LINE
  8
0
 10
137.738
 20
23.0881
 11
137.701
 21
23.166
  0
LINE
  8
0
 10
137.701
 20
23.166
 11
137.668
 21
23.2451
  0
LINE
  8
0
 10
137.668
 20
23.2451
 11
137.638
 21
23.3257
  0
LINE
  8
0
 10
137.638
 20
23.3257
 11
137.611
 21
23.4071
  0
LINE
  8
0
 10
137.611
 20
23.4071
 11
137.588
 21
23.49
  0
LINE
  8
0
 10
137.588
 20
23.49
 11
137.569
 21
23.5738
  0
LINE
  8
0
 10
137.569
 20
23.5738
 11
137.552
 21
23.6579
  0
LINE
  8
0
 10
137.552
 20
23.6579
 11
137.54
 21
23.7427
  0
LINE
  8
0
 10
137.54
 20
23.7427
 11
137.531
 21
23.8284
  0
LINE
  8
0
 10
137.531
 20
23.8284
 11
137.526
 21
23.914
  0
LINE
  8
0
 10
137.526
 20
23.914
 11
137.524
 21
23.9997
  0
LINE
  8
0
 10
137.524
 20
23.9997
 11
137.526
 21
24.0857
  0
LINE
  8
0
 10
137.526
 20
24.0857
 11
137.531
 21
24.1714
  0
LINE
  8
0
 10
137.531
 20
24.1714
 11
137.54
 21
24.2567
  0
LINE
  8
0
 10
137.54
 20
24.2567
 11
137.552
 21
24.3415
  0
LINE
  8
0
 10
137.552
 20
24.3415
 11
137.569
 21
24.426
  0
LINE
  8
0
 10
137.569
 20
24.426
 11
137.588
 21
24.5097
  0
LINE
  8
0
 10
137.588
 20
24.5097
 11
137.611
 21
24.5923
  0
LINE
  8
0
 10
137.611
 20
24.5923
 11
137.638
 21
24.6741
  0
LINE
  8
0
 10
137.638
 20
24.6741
 11
137.668
 21
24.7543
  0
LINE
  8
0
 10
137.668
 20
24.7543
 11
137.701
 21
24.8338
  0
LINE
  8
0
 10
137.701
 20
24.8338
 11
137.738
 21
24.9113
  0
LINE
  8
0
 10
137.738
 20
24.9113
 11
137.777
 21
24.9872
  0
LINE
  8
0
 10
137.777
 20
24.9872
 11
137.82
 21
25.0616
  0
LINE
  8
0
 10
137.82
 20
25.0616
 11
137.866
 21
25.1341
  0
LINE
  8
0
 10
137.866
 20
25.1341
 11
137.915
 21
25.2047
  0
LINE
  8
0
 10
137.915
 20
25.2047
 11
137.967
 21
25.2733
  0
LINE
  8
0
 10
137.967
 20
25.2733
 11
138.022
 21
25.3392
  0
LINE
  8
0
 10
138.022
 20
25.3392
 11
138.08
 21
25.4031
  0
LINE
  8
0
 10
138.08
 20
25.4031
 11
138.14
 21
25.4643
  0
LINE
  8
0
 10
138.14
 20
25.4643
 11
138.202
 21
25.5232
  0
LINE
  8
0
 10
138.202
 20
25.5232
 11
138.267
 21
25.5794
  0
LINE
  8
0
 10
138.267
 20
25.5794
 11
138.334
 21
25.6325
  0
LINE
  8
0
 10
138.334
 20
25.6325
 11
138.404
 21
25.6833
  0
LINE
  8
0
 10
138.404
 20
25.6833
 11
138.475
 21
25.7306
  0
LINE
  8
0
 10
138.475
 20
25.7306
 11
138.549
 21
25.7752
  0
LINE
  8
0
 10
138.549
 20
25.7752
 11
138.624
 21
25.8166
  0
LINE
  8
0
 10
138.624
 20
25.8166
 11
138.701
 21
25.8546
  0
LINE
  8
0
 10
138.701
 20
25.8546
 11
138.78
 21
25.8895
  0
LINE
  8
0
 10
138.78
 20
25.8895
 11
138.859
 21
25.9213
  0
LINE
  8
0
 10
138.859
 20
25.9213
 11
138.94
 21
25.9496
  0
LINE
  8
0
 10
138.94
 20
25.9496
 11
139.023
 21
25.9744
  0
LINE
  8
0
 10
139.023
 20
25.9744
 11
139.106
 21
25.9957
  0
LINE
  8
0
 10
139.106
 20
25.9957
 11
139.19
 21
26.0135
  0
LINE
  8
0
 10
139.19
 20
26.0135
 11
139.274
 21
26.0279
  0
LINE
  8
0
 10
139.274
 20
26.0279
 11
139.36
 21
26.0387
  0
LINE
  8
0
 10
139.36
 20
26.0387
 11
139.445
 21
26.0457
  0
LINE
  8
0
 10
139.445
 20
26.0457
 11
139.531
 21
26.0492
  0
LINE
  8
0
 10
139.531
 20
26.0492
 11
139.617
 21
26.0492
  0
LINE
  8
0
 10
139.617
 20
26.0492
 11
139.703
 21
26.0457
  0
LINE
  8
0
 10
139.703
 20
26.0457
 11
139.788
 21
26.0387
  0
LINE
  8
0
 10
139.788
 20
26.0387
 11
139.873
 21
26.0279
  0
LINE
  8
0
 10
139.873
 20
26.0279
 11
139.958
 21
26.0135
  0
LINE
  8
0
 10
139.958
 20
26.0135
 11
140.042
 21
25.9957
  0
LINE
  8
0
 10
140.042
 20
25.9957
 11
140.125
 21
25.9744
  0
LINE
  8
0
 10
140.125
 20
25.9744
 11
140.207
 21
25.9496
  0
LINE
  8
0
 10
140.207
 20
25.9496
 11
140.288
 21
25.9213
  0
LINE
  8
0
 10
140.288
 20
25.9213
 11
140.368
 21
25.8895
  0
LINE
  8
0
 10
140.368
 20
25.8895
 11
140.446
 21
25.8546
  0
LINE
  8
0
 10
140.446
 20
25.8546
 11
140.524
 21
25.8166
  0
LINE
  8
0
 10
140.524
 20
25.8166
 11
140.599
 21
25.7752
  0
LINE
  8
0
 10
140.599
 20
25.7752
 11
140.672
 21
25.7306
  0
LINE
  8
0
 10
140.672
 20
25.7306
 11
140.744
 21
25.6833
  0
LINE
  8
0
 10
140.744
 20
25.6833
 11
140.813
 21
25.6325
  0
LINE
  8
0
 10
140.813
 20
25.6325
 11
140.881
 21
25.5794
  0
LINE
  8
0
 10
140.881
 20
25.5794
 11
140.946
 21
25.5232
  0
LINE
  8
0
 10
140.946
 20
25.5232
 11
141.008
 21
25.4643
  0
LINE
  8
0
 10
141.008
 20
25.4643
 11
141.068
 21
25.4031
  0
LINE
  8
0
 10
141.068
 20
25.4031
 11
141.125
 21
25.3392
  0
LINE
  8
0
 10
141.125
 20
25.3392
 11
141.181
 21
25.2733
  0
LINE
  8
0
 10
141.181
 20
25.2733
 11
141.232
 21
25.2047
  0
LINE
  8
0
 10
141.232
 20
25.2047
 11
141.281
 21
25.1341
  0
LINE
  8
0
 10
141.281
 20
25.1341
 11
141.327
 21
25.0616
  0
LINE
  8
0
 10
141.327
 20
25.0616
 11
141.37
 21
24.9872
  0
LINE
  8
0
 10
141.37
 20
24.9872
 11
141.41
 21
24.9113
  0
LINE
  8
0
 10
141.41
 20
24.9113
 11
141.446
 21
24.8338
  0
LINE
  8
0
 10
141.446
 20
24.8338
 11
141.48
 21
24.7543
  0
LINE
  8
0
 10
141.48
 20
24.7543
 11
141.51
 21
24.6741
  0
LINE
  8
0
 10
141.51
 20
24.6741
 11
141.536
 21
24.5923
  0
LINE
  8
0
 10
141.536
 20
24.5923
 11
141.56
 21
24.5097
  0
LINE
  8
0
 10
141.56
 20
24.5097
 11
141.579
 21
24.426
  0
LINE
  8
0
 10
141.579
 20
24.426
 11
141.595
 21
24.3415
  0
LINE
  8
0
 10
141.595
 20
24.3415
 11
141.608
 21
24.2567
  0
LINE
  8
0
 10
141.608
 20
24.2567
 11
141.617
 21
24.1714
  0
LINE
  8
0
 10
141.617
 20
24.1714
 11
141.622
 21
24.0857
  0
LINE
  8
0
 10
141.622
 20
24.0857
 11
141.624
 21
23.9997
  0
LINE
  8
0
 10
141.624
 20
23.9997
 11
141.622
 21
23.914
  0
LINE
  8
0
 10
141.622
 20
23.914
 11
141.617
 21
23.8284
  0
LINE
  8
0
 10
141.617
 20
23.8284
 11
141.608
 21
23.7427
  0
LINE
  8
0
 10
141.608
 20
23.7427
 11
141.595
 21
23.6579
  0
LINE
  8
0
 10
141.595
 20
23.6579
 11
141.579
 21
23.5738
  0
LINE
  8
0
 10
141.579
 20
23.5738
 11
141.56
 21
23.49
  0
LINE
  8
0
 10
141.56
 20
23.49
 11
141.536
 21
23.4071
  0
LINE
  8
0
 10
141.536
 20
23.4071
 11
141.51
 21
23.3257
  0
LINE
  8
0
 10
141.51
 20
23.3257
 11
141.48
 21
23.2451
  0
LINE
  8
0
 10
141.48
 20
23.2451
 11
141.446
 21
23.166
  0
LINE
  8
0
 10
141.446
 20
23.166
 11
141.41
 21
23.0881
  0
LINE
  8
0
 10
141.41
 20
23.0881
 11
141.37
 21
23.0122
  0
LINE
  8
0
 10
141.37
 20
23.0122
 11
141.327
 21
22.9377
  0
LINE
  8
0
 10
141.327
 20
22.9377
 11
141.281
 21
22.8653
  0
LINE
  8
0
 10
141.281
 20
22.8653
 11
141.232
 21
22.7947
  0
LINE
  8
0
 10
141.232
 20
22.7947
 11
141.181
 21
22.7265
  0
LINE
  8
0
 10
141.181
 20
22.7265
 11
141.125
 21
22.6602
  0
LINE
  8
0
 10
141.125
 20
22.6602
 11
141.068
 21
22.5963
  0
LINE
  8
0
 10
141.068
 20
22.5963
 11
141.008
 21
22.5351
  0
LINE
  8
0
 10
141.008
 20
22.5351
 11
140.946
 21
22.4765
  0
LINE
  8
0
 10
140.946
 20
22.4765
 11
140.881
 21
22.4203
  0
LINE
  8
0
 10
140.881
 20
22.4203
 11
140.813
 21
22.3669
  0
LINE
  8
0
 10
140.813
 20
22.3669
 11
140.744
 21
22.3165
  0
LINE
  8
0
 10
140.744
 20
22.3165
 11
140.672
 21
22.2688
  0
LINE
  8
0
 10
140.672
 20
22.2688
 11
140.599
 21
22.2246
  0
LINE
  8
0
 10
140.599
 20
22.2246
 11
140.524
 21
22.1831
  0
LINE
  8
0
 10
140.524
 20
22.1831
 11
140.446
 21
22.1448
  0
LINE
  8
0
 10
140.446
 20
22.1448
 11
140.368
 21
22.1099
  0
LINE
  8
0
 10
140.368
 20
22.1099
 11
140.288
 21
22.0785
  0
LINE
  8
0
 10
140.288
 20
22.0785
 11
140.207
 21
22.0502
  0
LINE
  8
0
 10
140.207
 20
22.0502
 11
140.125
 21
22.0254
  0
LINE
  8
0
 10
140.125
 20
22.0254
 11
140.042
 21
22.0041
  0
LINE
  8
0
 10
140.042
 20
22.0041
 11
139.958
 21
21.9863
  0
LINE
  8
0
 10
139.958
 20
21.9863
 11
139.873
 21
21.9719
  0
LINE
  8
0
 10
139.873
 20
21.9719
 11
139.788
 21
21.9611
  0
LINE
  8
0
 10
139.788
 20
21.9611
 11
139.703
 21
21.9537
  0
LINE
  8
0
 10
139.703
 20
21.9537
 11
139.617
 21
21.9502
  0
LINE
  8
0
 10
139.617
 20
21.9502
 11
139.531
 21
21.9502
  0
LINE
  8
0
 10
86.3168
 20
21.9502
 11
86.2312
 21
21.9537
  0
LINE
  8
0
 10
86.2312
 20
21.9537
 11
86.1455
 21
21.9611
  0
LINE
  8
0
 10
86.1455
 20
21.9611
 11
86.0603
 21
21.9719
  0
LINE
  8
0
 10
86.0603
 20
21.9719
 11
85.9758
 21
21.9863
  0
LINE
  8
0
 10
85.9758
 20
21.9863
 11
85.8917
 21
22.0041
  0
LINE
  8
0
 10
85.8917
 20
22.0041
 11
85.8083
 21
22.0254
  0
LINE
  8
0
 10
85.8083
 20
22.0254
 11
85.7262
 21
22.0502
  0
LINE
  8
0
 10
85.7262
 20
22.0502
 11
85.6452
 21
22.0785
  0
LINE
  8
0
 10
85.6452
 20
22.0785
 11
85.5653
 21
22.1099
  0
LINE
  8
0
 10
85.5653
 20
22.1099
 11
85.487
 21
22.1448
  0
LINE
  8
0
 10
85.487
 20
22.1448
 11
85.4099
 21
22.1831
  0
LINE
  8
0
 10
85.4099
 20
22.1831
 11
85.3347
 21
22.2246
  0
LINE
  8
0
 10
85.3347
 20
22.2246
 11
85.2615
 21
22.2688
  0
LINE
  8
0
 10
85.2615
 20
22.2688
 11
85.1898
 21
22.3165
  0
LINE
  8
0
 10
85.1898
 20
22.3165
 11
85.1204
 21
22.3669
  0
LINE
  8
0
 10
85.1204
 20
22.3669
 11
85.0529
 21
22.4203
  0
LINE
  8
0
 10
85.0529
 20
22.4203
 11
84.9882
 21
22.4765
  0
LINE
  8
0
 10
84.9882
 20
22.4765
 11
84.9254
 21
22.5351
  0
LINE
  8
0
 10
84.9254
 20
22.5351
 11
84.8654
 21
22.5963
  0
LINE
  8
0
 10
84.8654
 20
22.5963
 11
84.808
 21
22.6602
  0
LINE
  8
0
 10
84.808
 20
22.6602
 11
84.7534
 21
22.7265
  0
LINE
  8
0
 10
84.7534
 20
22.7265
 11
84.7014
 21
22.7947
  0
LINE
  8
0
 10
84.7014
 20
22.7947
 11
84.6522
 21
22.8653
  0
LINE
  8
0
 10
84.6522
 20
22.8653
 11
84.6065
 21
22.9377
  0
LINE
  8
0
 10
84.6065
 20
22.9377
 11
84.5634
 21
23.0122
  0
LINE
  8
0
 10
84.5634
 20
23.0122
 11
84.5235
 21
23.0881
  0
LINE
  8
0
 10
84.5235
 20
23.0881
 11
84.4871
 21
23.166
  0
LINE
  8
0
 10
84.4871
 20
23.166
 11
84.4538
 21
23.2451
  0
LINE
  8
0
 10
84.4538
 20
23.2451
 11
84.4239
 21
23.3257
  0
LINE
  8
0
 10
84.4239
 20
23.3257
 11
84.3972
 21
23.4071
  0
LINE
  8
0
 10
84.3972
 20
23.4071
 11
84.3743
 21
23.49
  0
LINE
  8
0
 10
84.3743
 20
23.49
 11
84.3545
 21
23.5738
  0
LINE
  8
0
 10
84.3545
 20
23.5738
 11
84.3387
 21
23.6579
  0
LINE
  8
0
 10
84.3387
 20
23.6579
 11
84.3259
 21
23.7427
  0
LINE
  8
0
 10
84.3259
 20
23.7427
 11
84.3169
 21
23.8284
  0
LINE
  8
0
 10
84.3169
 20
23.8284
 11
84.3115
 21
23.914
  0
LINE
  8
0
 10
84.3115
 20
23.914
 11
84.31
 21
23.9997
  0
LINE
  8
0
 10
84.31
 20
23.9997
 11
84.3115
 21
24.0857
  0
LINE
  8
0
 10
84.3115
 20
24.0857
 11
84.3169
 21
24.1714
  0
LINE
  8
0
 10
84.3169
 20
24.1714
 11
84.3259
 21
24.2567
  0
LINE
  8
0
 10
84.3259
 20
24.2567
 11
84.3387
 21
24.3415
  0
LINE
  8
0
 10
84.3387
 20
24.3415
 11
84.3545
 21
24.426
  0
LINE
  8
0
 10
84.3545
 20
24.426
 11
84.3743
 21
24.5097
  0
LINE
  8
0
 10
84.3743
 20
24.5097
 11
84.3972
 21
24.5923
  0
LINE
  8
0
 10
84.3972
 20
24.5923
 11
84.4239
 21
24.6741
  0
LINE
  8
0
 10
84.4239
 20
24.6741
 11
84.4538
 21
24.7543
  0
LINE
  8
0
 10
84.4538
 20
24.7543
 11
84.4871
 21
24.8338
  0
LINE
  8
0
 10
84.4871
 20
24.8338
 11
84.5235
 21
24.9113
  0
LINE
  8
0
 10
84.5235
 20
24.9113
 11
84.5634
 21
24.9872
  0
LINE
  8
0
 10
84.5634
 20
24.9872
 11
84.6065
 21
25.0616
  0
LINE
  8
0
 10
84.6065
 20
25.0616
 11
84.6522
 21
25.1341
  0
LINE
  8
0
 10
84.6522
 20
25.1341
 11
84.7014
 21
25.2047
  0
LINE
  8
0
 10
84.7014
 20
25.2047
 11
84.7534
 21
25.2733
  0
LINE
  8
0
 10
84.7534
 20
25.2733
 11
84.808
 21
25.3392
  0
LINE
  8
0
 10
84.808
 20
25.3392
 11
84.8654
 21
25.4031
  0
LINE
  8
0
 10
84.8654
 20
25.4031
 11
84.9254
 21
25.4643
  0
LINE
  8
0
 10
84.9254
 20
25.4643
 11
84.9882
 21
25.5232
  0
LINE
  8
0
 10
84.9882
 20
25.5232
 11
85.0529
 21
25.5794
  0
LINE
  8
0
 10
85.0529
 20
25.5794
 11
85.1204
 21
25.6325
  0
LINE
  8
0
 10
85.1204
 20
25.6325
 11
85.1898
 21
25.6833
  0
LINE
  8
0
 10
85.1898
 20
25.6833
 11
85.2615
 21
25.7306
  0
LINE
  8
0
 10
85.2615
 20
25.7306
 11
85.3347
 21
25.7752
  0
LINE
  8
0
 10
85.3347
 20
25.7752
 11
85.4099
 21
25.8166
  0
LINE
  8
0
 10
85.4099
 20
25.8166
 11
85.487
 21
25.8546
  0
LINE
  8
0
 10
85.487
 20
25.8546
 11
85.5653
 21
25.8895
  0
LINE
  8
0
 10
85.5653
 20
25.8895
 11
85.6452
 21
25.9213
  0
LINE
  8
0
 10
85.6452
 20
25.9213
 11
85.7262
 21
25.9496
  0
LINE
  8
0
 10
85.7262
 20
25.9496
 11
85.8083
 21
25.9744
  0
LINE
  8
0
 10
85.8083
 20
25.9744
 11
85.8917
 21
25.9957
  0
LINE
  8
0
 10
85.8917
 20
25.9957
 11
85.9758
 21
26.0135
  0
LINE
  8
0
 10
85.9758
 20
26.0135
 11
86.0603
 21
26.0279
  0
LINE
  8
0
 10
86.0603
 20
26.0279
 11
86.1455
 21
26.0387
  0
LINE
  8
0
 10
86.1455
 20
26.0387
 11
86.2312
 21
26.0457
  0
LINE
  8
0
 10
86.2312
 20
26.0457
 11
86.3168
 21
26.0492
  0
LINE
  8
0
 10
86.3168
 20
26.0492
 11
86.4029
 21
26.0492
  0
LINE
  8
0
 10
86.4029
 20
26.0492
 11
86.4885
 21
26.0457
  0
LINE
  8
0
 10
86.4885
 20
26.0457
 11
86.5742
 21
26.0387
  0
LINE
  8
0
 10
86.5742
 20
26.0387
 11
86.6594
 21
26.0279
  0
LINE
  8
0
 10
86.6594
 20
26.0279
 11
86.7439
 21
26.0135
  0
LINE
  8
0
 10
86.7439
 20
26.0135
 11
86.828
 21
25.9957
  0
LINE
  8
0
 10
86.828
 20
25.9957
 11
86.911
 21
25.9744
  0
LINE
  8
0
 10
86.911
 20
25.9744
 11
86.9931
 21
25.9496
  0
LINE
  8
0
 10
86.9931
 20
25.9496
 11
87.0745
 21
25.9213
  0
LINE
  8
0
 10
87.0745
 20
25.9213
 11
87.1544
 21
25.8895
  0
LINE
  8
0
 10
87.1544
 20
25.8895
 11
87.2327
 21
25.8546
  0
LINE
  8
0
 10
87.2327
 20
25.8546
 11
87.3094
 21
25.8166
  0
LINE
  8
0
 10
87.3094
 20
25.8166
 11
87.385
 21
25.7752
  0
LINE
  8
0
 10
87.385
 20
25.7752
 11
87.4582
 21
25.7306
  0
LINE
  8
0
 10
87.4582
 20
25.7306
 11
87.5299
 21
25.6833
  0
LINE
  8
0
 10
87.5299
 20
25.6833
 11
87.5993
 21
25.6325
  0
LINE
  8
0
 10
87.5993
 20
25.6325
 11
87.6664
 21
25.5794
  0
LINE
  8
0
 10
87.6664
 20
25.5794
 11
87.7315
 21
25.5232
  0
LINE
  8
0
 10
87.7315
 20
25.5232
 11
87.7943
 21
25.4643
  0
LINE
  8
0
 10
87.7943
 20
25.4643
 11
87.8543
 21
25.4031
  0
LINE
  8
0
 10
87.8543
 20
25.4031
 11
87.9117
 21
25.3392
  0
LINE
  8
0
 10
87.9117
 20
25.3392
 11
87.9663
 21
25.2733
  0
LINE
  8
0
 10
87.9663
 20
25.2733
 11
88.0183
 21
25.2047
  0
LINE
  8
0
 10
88.0183
 20
25.2047
 11
88.0675
 21
25.1341
  0
LINE
  8
0
 10
88.0675
 20
25.1341
 11
88.1132
 21
25.0616
  0
LINE
  8
0
 10
88.1132
 20
25.0616
 11
88.1562
 21
24.9872
  0
LINE
  8
0
 10
88.1562
 20
24.9872
 11
88.1962
 21
24.9113
  0
LINE
  8
0
 10
88.1962
 20
24.9113
 11
88.2326
 21
24.8338
  0
LINE
  8
0
 10
88.2326
 20
24.8338
 11
88.2659
 21
24.7543
  0
LINE
  8
0
 10
88.2659
 20
24.7543
 11
88.2958
 21
24.6741
  0
LINE
  8
0
 10
88.2958
 20
24.6741
 11
88.3221
 21
24.5923
  0
LINE
  8
0
 10
88.3221
 20
24.5923
 11
88.3454
 21
24.5097
  0
LINE
  8
0
 10
88.3454
 20
24.5097
 11
88.3651
 21
24.426
  0
LINE
  8
0
 10
88.3651
 20
24.426
 11
88.381
 21
24.3415
  0
LINE
  8
0
 10
88.381
 20
24.3415
 11
88.3938
 21
24.2567
  0
LINE
  8
0
 10
88.3938
 20
24.2567
 11
88.4027
 21
24.1714
  0
LINE
  8
0
 10
88.4027
 20
24.1714
 11
88.4082
 21
24.0857
  0
LINE
  8
0
 10
88.4082
 20
24.0857
 11
88.4097
 21
23.9997
  0
LINE
  8
0
 10
88.4097
 20
23.9997
 11
88.4082
 21
23.914
  0
LINE
  8
0
 10
88.4082
 20
23.914
 11
88.4027
 21
23.8284
  0
LINE
  8
0
 10
88.4027
 20
23.8284
 11
88.3938
 21
23.7427
  0
LINE
  8
0
 10
88.3938
 20
23.7427
 11
88.381
 21
23.6579
  0
LINE
  8
0
 10
88.381
 20
23.6579
 11
88.3651
 21
23.5738
  0
LINE
  8
0
 10
88.3651
 20
23.5738
 11
88.3454
 21
23.49
  0
LINE
  8
0
 10
88.3454
 20
23.49
 11
88.3221
 21
23.4071
  0
LINE
  8
0
 10
88.3221
 20
23.4071
 11
88.2958
 21
23.3257
  0
LINE
  8
0
 10
88.2958
 20
23.3257
 11
88.2659
 21
23.2451
  0
LINE
  8
0
 10
88.2659
 20
23.2451
 11
88.2326
 21
23.166
  0
LINE
  8
0
 10
88.2326
 20
23.166
 11
88.1962
 21
23.0881
  0
LINE
  8
0
 10
88.1962
 20
23.0881
 11
88.1562
 21
23.0122
  0
LINE
  8
0
 10
88.1562
 20
23.0122
 11
88.1132
 21
22.9377
  0
LINE
  8
0
 10
88.1132
 20
22.9377
 11
88.0675
 21
22.8653
  0
LINE
  8
0
 10
88.0675
 20
22.8653
 11
88.0183
 21
22.7947
  0
LINE
  8
0
 10
88.0183
 20
22.7947
 11
87.9663
 21
22.7265
  0
LINE
  8
0
 10
87.9663
 20
22.7265
 11
87.9117
 21
22.6602
  0
LINE
  8
0
 10
87.9117
 20
22.6602
 11
87.8543
 21
22.5963
  0
LINE
  8
0
 10
87.8543
 20
22.5963
 11
87.7943
 21
22.5351
  0
LINE
  8
0
 10
87.7943
 20
22.5351
 11
87.7315
 21
22.4765
  0
LINE
  8
0
 10
87.7315
 20
22.4765
 11
87.6664
 21
22.4203
  0
LINE
  8
0
 10
87.6664
 20
22.4203
 11
87.5993
 21
22.3669
  0
LINE
  8
0
 10
87.5993
 20
22.3669
 11
87.5299
 21
22.3165
  0
LINE
  8
0
 10
87.5299
 20
22.3165
 11
87.4582
 21
22.2688
  0
LINE
  8
0
 10
87.4582
 20
22.2688
 11
87.385
 21
22.2246
  0
LINE
  8
0
 10
87.385
 20
22.2246
 11
87.3094
 21
22.1831
  0
LINE
  8
0
 10
87.3094
 20
22.1831
 11
87.2327
 21
22.1448
  0
LINE
  8
0
 10
87.2327
 20
22.1448
 11
87.1544
 21
22.1099
  0
LINE
  8
0
 10
87.1544
 20
22.1099
 11
87.0745
 21
22.0785
  0
LINE
  8
0
 10
87.0745
 20
22.0785
 11
86.9931
 21
22.0502
  0
LINE
  8
0
 10
86.9931
 20
22.0502
 11
86.911
 21
22.0254
  0
LINE
  8
0
 10
86.911
 20
22.0254
 11
86.828
 21
22.0041
  0
LINE
  8
0
 10
86.828
 20
22.0041
 11
86.7439
 21
21.9863
  0
LINE
  8
0
 10
86.7439
 20
21.9863
 11
86.6594
 21
21.9719
  0
LINE
  8
0
 10
86.6594
 20
21.9719
 11
86.5742
 21
21.9611
  0
LINE
  8
0
 10
86.5742
 20
21.9611
 11
86.4885
 21
21.9537
  0
LINE
  8
0
 10
86.4885
 20
21.9537
 11
86.4029
 21
21.9502
  0
LINE
  8
0
 10
86.4029
 20
21.9502
 11
86.3168
 21
21.9502
  0
LINE
  8
0
 10
9.22696
 20
13.9503
 11
9.14091
 21
13.9538
  0
LINE
  8
0
 10
9.14091
 20
13.9538
 11
9.05565
 21
13.9612
  0
LINE
  8
0
 10
9.05565
 20
13.9612
 11
8.97038
 21
13.9716
  0
LINE
  8
0
 10
8.97038
 20
13.9716
 11
8.8855
 21
13.986
  0
LINE
  8
0
 10
8.8855
 20
13.986
 11
8.80179
 21
14.0038
  0
LINE
  8
0
 10
8.80179
 20
14.0038
 11
8.71846
 21
14.0255
  0
LINE
  8
0
 10
8.71846
 20
14.0255
 11
8.63629
 21
14.0503
  0
LINE
  8
0
 10
8.63629
 20
14.0503
 11
8.55529
 21
14.0782
  0
LINE
  8
0
 10
8.55529
 20
14.0782
 11
8.47545
 21
14.11
  0
LINE
  8
0
 10
8.47545
 20
14.11
 11
8.39677
 21
14.1449
  0
LINE
  8
0
 10
8.39677
 20
14.1449
 11
8.32003
 21
14.1832
  0
LINE
  8
0
 10
8.32003
 20
14.1832
 11
8.24485
 21
14.2243
  0
LINE
  8
0
 10
8.24485
 20
14.2243
 11
8.17121
 21
14.2689
  0
LINE
  8
0
 10
8.17121
 20
14.2689
 11
8.09989
 21
14.3166
  0
LINE
  8
0
 10
8.09989
 20
14.3166
 11
8.03052
 21
14.367
  0
LINE
  8
0
 10
8.03052
 20
14.367
 11
7.96308
 21
14.4204
  0
LINE
  8
0
 10
7.96308
 20
14.4204
 11
7.89797
 21
14.4762
  0
LINE
  8
0
 10
7.89797
 20
14.4762
 11
7.83557
 21
14.5352
  0
LINE
  8
0
 10
7.83557
 20
14.5352
 11
7.77549
 21
14.5964
  0
LINE
  8
0
 10
7.77549
 20
14.5964
 11
7.71813
 21
14.6603
  0
LINE
  8
0
 10
7.71813
 20
14.6603
 11
7.6631
 21
14.7266
  0
LINE
  8
0
 10
7.6631
 20
14.7266
 11
7.61116
 21
14.7948
  0
LINE
  8
0
 10
7.61116
 20
14.7948
 11
7.56233
 21
14.8654
  0
LINE
  8
0
 10
7.56233
 20
14.8654
 11
7.51621
 21
14.9378
  0
LINE
  8
0
 10
7.51621
 20
14.9378
 11
7.47319
 21
15.0123
  0
LINE
  8
0
 10
7.47319
 20
15.0123
 11
7.43365
 21
15.0882
  0
LINE
  8
0
 10
7.43365
 20
15.0882
 11
7.39722
 21
15.1661
  0
LINE
  8
0
 10
7.39722
 20
15.1661
 11
7.36389
 21
15.2452
  0
LINE
  8
0
 10
7.36389
 20
15.2452
 11
7.33366
 21
15.3258
  0
LINE
  8
0
 10
7.33366
 20
15.3258
 11
7.30731
 21
15.4072
  0
LINE
  8
0
 10
7.30731
 20
15.4072
 11
7.28405
 21
15.4901
  0
LINE
  8
0
 10
7.28405
 20
15.4901
 11
7.26467
 21
15.5735
  0
LINE
  8
0
 10
7.26467
 20
15.5735
 11
7.24839
 21
15.658
  0
LINE
  8
0
 10
7.24839
 20
15.658
 11
7.23599
 21
15.7428
  0
LINE
  8
0
 10
7.23599
 20
15.7428
 11
7.22708
 21
15.8281
  0
LINE
  8
0
 10
7.22708
 20
15.8281
 11
7.22165
 21
15.9141
  0
LINE
  8
0
 10
7.22165
 20
15.9141
 11
7.21971
 21
15.9998
  0
LINE
  8
0
 10
7.21971
 20
15.9998
 11
7.22165
 21
16.0858
  0
LINE
  8
0
 10
7.22165
 20
16.0858
 11
7.22708
 21
16.1715
  0
LINE
  8
0
 10
7.22708
 20
16.1715
 11
7.23599
 21
16.2568
  0
LINE
  8
0
 10
7.23599
 20
16.2568
 11
7.24839
 21
16.3416
  0
LINE
  8
0
 10
7.24839
 20
16.3416
 11
7.26467
 21
16.4261
  0
LINE
  8
0
 10
7.26467
 20
16.4261
 11
7.28405
 21
16.5095
  0
LINE
  8
0
 10
7.28405
 20
16.5095
 11
7.30731
 21
16.5924
  0
LINE
  8
0
 10
7.30731
 20
16.5924
 11
7.33366
 21
16.6742
  0
LINE
  8
0
 10
7.33366
 20
16.6742
 11
7.36389
 21
16.7544
  0
LINE
  8
0
 10
7.36389
 20
16.7544
 11
7.39722
 21
16.8335
  0
LINE
  8
0
 10
7.39722
 20
16.8335
 11
7.43365
 21
16.9114
  0
LINE
  8
0
 10
7.43365
 20
16.9114
 11
7.47319
 21
16.9873
  0
LINE
  8
0
 10
7.47319
 20
16.9873
 11
7.51621
 21
17.0617
  0
LINE
  8
0
 10
7.51621
 20
17.0617
 11
7.56233
 21
17.1342
  0
LINE
  8
0
 10
7.56233
 20
17.1342
 11
7.61116
 21
17.2048
  0
LINE
  8
0
 10
7.61116
 20
17.2048
 11
7.6631
 21
17.273
  0
LINE
  8
0
 10
7.6631
 20
17.273
 11
7.71813
 21
17.3393
  0
LINE
  8
0
 10
7.71813
 20
17.3393
 11
7.77549
 21
17.4032
  0
LINE
  8
0
 10
7.77549
 20
17.4032
 11
7.83557
 21
17.4644
  0
LINE
  8
0
 10
7.83557
 20
17.4644
 11
7.89797
 21
17.5233
  0
LINE
  8
0
 10
7.89797
 20
17.5233
 11
7.96308
 21
17.5795
  0
LINE
  8
0
 10
7.96308
 20
17.5795
 11
8.03052
 21
17.6326
  0
LINE
  8
0
 10
8.03052
 20
17.6326
 11
8.09989
 21
17.683
  0
LINE
  8
0
 10
8.09989
 20
17.683
 11
8.17121
 21
17.7307
  0
LINE
  8
0
 10
8.17121
 20
17.7307
 11
8.24485
 21
17.7753
  0
LINE
  8
0
 10
8.24485
 20
17.7753
 11
8.32003
 21
17.8164
  0
LINE
  8
0
 10
8.32003
 20
17.8164
 11
8.39677
 21
17.8547
  0
LINE
  8
0
 10
8.39677
 20
17.8547
 11
8.47545
 21
17.8896
  0
LINE
  8
0
 10
8.47545
 20
17.8896
 11
8.55529
 21
17.9214
  0
LINE
  8
0
 10
8.55529
 20
17.9214
 11
8.63629
 21
17.9493
  0
LINE
  8
0
 10
8.63629
 20
17.9493
 11
8.71846
 21
17.9745
  0
LINE
  8
0
 10
8.71846
 20
17.9745
 11
8.80179
 21
17.9958
  0
LINE
  8
0
 10
8.80179
 20
17.9958
 11
8.8855
 21
18.0136
  0
LINE
  8
0
 10
8.8855
 20
18.0136
 11
8.97038
 21
18.028
  0
LINE
  8
0
 10
8.97038
 20
18.028
 11
9.05565
 21
18.0384
  0
LINE
  8
0
 10
9.05565
 20
18.0384
 11
9.14091
 21
18.0458
  0
LINE
  8
0
 10
9.14091
 20
18.0458
 11
9.22696
 21
18.0493
  0
LINE
  8
0
 10
9.22696
 20
18.0493
 11
9.31261
 21
18.0493
  0
LINE
  8
0
 10
9.31261
 20
18.0493
 11
9.39865
 21
18.0458
  0
LINE
  8
0
 10
9.39865
 20
18.0458
 11
9.48392
 21
18.0384
  0
LINE
  8
0
 10
9.48392
 20
18.0384
 11
9.56918
 21
18.028
  0
LINE
  8
0
 10
9.56918
 20
18.028
 11
9.65406
 21
18.0136
  0
LINE
  8
0
 10
9.65406
 20
18.0136
 11
9.73778
 21
17.9958
  0
LINE
  8
0
 10
9.73778
 20
17.9958
 11
9.82111
 21
17.9745
  0
LINE
  8
0
 10
9.82111
 20
17.9745
 11
9.90327
 21
17.9493
  0
LINE
  8
0
 10
9.90327
 20
17.9493
 11
9.98427
 21
17.9214
  0
LINE
  8
0
 10
9.98427
 20
17.9214
 11
10.0641
 21
17.8896
  0
LINE
  8
0
 10
10.0641
 20
17.8896
 11
10.1428
 21
17.8547
  0
LINE
  8
0
 10
10.1428
 20
17.8547
 11
10.2195
 21
17.8164
  0
LINE
  8
0
 10
10.2195
 20
17.8164
 11
10.2947
 21
17.7753
  0
LINE
  8
0
 10
10.2947
 20
17.7753
 11
10.3684
 21
17.7307
  0
LINE
  8
0
 10
10.3684
 20
17.7307
 11
10.4397
 21
17.683
  0
LINE
  8
0
 10
10.4397
 20
17.683
 11
10.509
 21
17.6326
  0
LINE
  8
0
 10
10.509
 20
17.6326
 11
10.5765
 21
17.5795
  0
LINE
  8
0
 10
10.5765
 20
17.5795
 11
10.6416
 21
17.5233
  0
LINE
  8
0
 10
10.6416
 20
17.5233
 11
10.704
 21
17.4644
  0
LINE
  8
0
 10
10.704
 20
17.4644
 11
10.7641
 21
17.4032
  0
LINE
  8
0
 10
10.7641
 20
17.4032
 11
10.8218
 21
17.3393
  0
LINE
  8
0
 10
10.8218
 20
17.3393
 11
10.8765
 21
17.273
  0
LINE
  8
0
 10
10.8765
 20
17.273
 11
10.9284
 21
17.2048
  0
LINE
  8
0
 10
10.9284
 20
17.2048
 11
10.9772
 21
17.1342
  0
LINE
  8
0
 10
10.9772
 20
17.1342
 11
11.0234
 21
17.0617
  0
LINE
  8
0
 10
11.0234
 20
17.0617
 11
11.0664
 21
16.9873
  0
LINE
  8
0
 10
11.0664
 20
16.9873
 11
11.1059
 21
16.9114
  0
LINE
  8
0
 10
11.1059
 20
16.9114
 11
11.1427
 21
16.8335
  0
LINE
  8
0
 10
11.1427
 20
16.8335
 11
11.1757
 21
16.7544
  0
LINE
  8
0
 10
11.1757
 20
16.7544
 11
11.2059
 21
16.6742
  0
LINE
  8
0
 10
11.2059
 20
16.6742
 11
11.2323
 21
16.5924
  0
LINE
  8
0
 10
11.2323
 20
16.5924
 11
11.2555
 21
16.5095
  0
LINE
  8
0
 10
11.2555
 20
16.5095
 11
11.2749
 21
16.4261
  0
LINE
  8
0
 10
11.2749
 20
16.4261
 11
11.2912
 21
16.3416
  0
LINE
  8
0
 10
11.2912
 20
16.3416
 11
11.3036
 21
16.2568
  0
LINE
  8
0
 10
11.3036
 20
16.2568
 11
11.3125
 21
16.1715
  0
LINE
  8
0
 10
11.3125
 20
16.1715
 11
11.3179
 21
16.0858
  0
LINE
  8
0
 10
11.3179
 20
16.0858
 11
11.3199
 21
15.9998
  0
LINE
  8
0
 10
11.3199
 20
15.9998
 11
11.3179
 21
15.9141
  0
LINE
  8
0
 10
11.3179
 20
15.9141
 11
11.3125
 21
15.8281
  0
LINE
  8
0
 10
11.3125
 20
15.8281
 11
11.3036
 21
15.7428
  0
LINE
  8
0
 10
11.3036
 20
15.7428
 11
11.2912
 21
15.658
  0
LINE
  8
0
 10
11.2912
 20
15.658
 11
11.2749
 21
15.5735
  0
LINE
  8
0
 10
11.2749
 20
15.5735
 11
11.2555
 21
15.4901
  0
LINE
  8
0
 10
11.2555
 20
15.4901
 11
11.2323
 21
15.4072
  0
LINE
  8
0
 10
11.2323
 20
15.4072
 11
11.2059
 21
15.3258
  0
LINE
  8
0
 10
11.2059
 20
15.3258
 11
11.1757
 21
15.2452
  0
LINE
  8
0
 10
11.1757
 20
15.2452
 11
11.1427
 21
15.1661
  0
LINE
  8
0
 10
11.1427
 20
15.1661
 11
11.1059
 21
15.0882
  0
LINE
  8
0
 10
11.1059
 20
15.0882
 11
11.0664
 21
15.0123
  0
LINE
  8
0
 10
11.0664
 20
15.0123
 11
11.0234
 21
14.9378
  0
LINE
  8
0
 10
11.0234
 20
14.9378
 11
10.9772
 21
14.8654
  0
LINE
  8
0
 10
10.9772
 20
14.8654
 11
10.9284
 21
14.7948
  0
LINE
  8
0
 10
10.9284
 20
14.7948
 11
10.8765
 21
14.7266
  0
LINE
  8
0
 10
10.8765
 20
14.7266
 11
10.8218
 21
14.6603
  0
LINE
  8
0
 10
10.8218
 20
14.6603
 11
10.7641
 21
14.5964
  0
LINE
  8
0
 10
10.7641
 20
14.5964
 11
10.704
 21
14.5352
  0
LINE
  8
0
 10
10.704
 20
14.5352
 11
10.6416
 21
14.4762
  0
LINE
  8
0
 10
10.6416
 20
14.4762
 11
10.5765
 21
14.4204
  0
LINE
  8
0
 10
10.5765
 20
14.4204
 11
10.509
 21
14.367
  0
LINE
  8
0
 10
10.509
 20
14.367
 11
10.4397
 21
14.3166
  0
LINE
  8
0
 10
10.4397
 20
14.3166
 11
10.3684
 21
14.2689
  0
LINE
  8
0
 10
10.3684
 20
14.2689
 11
10.2947
 21
14.2243
  0
LINE
  8
0
 10
10.2947
 20
14.2243
 11
10.2195
 21
14.1832
  0
LINE
  8
0
 10
10.2195
 20
14.1832
 11
10.1428
 21
14.1449
  0
LINE
  8
0
 10
10.1428
 20
14.1449
 11
10.0641
 21
14.11
  0
LINE
  8
0
 10
10.0641
 20
14.11
 11
9.98427
 21
14.0782
  0
LINE
  8
0
 10
9.98427
 20
14.0782
 11
9.90327
 21
14.0503
  0
LINE
  8
0
 10
9.90327
 20
14.0503
 11
9.82111
 21
14.0255
  0
LINE
  8
0
 10
9.82111
 20
14.0255
 11
9.73778
 21
14.0038
  0
LINE
  8
0
 10
9.73778
 20
14.0038
 11
9.65406
 21
13.986
  0
LINE
  8
0
 10
9.65406
 20
13.986
 11
9.56918
 21
13.9716
  0
LINE
  8
0
 10
9.56918
 20
13.9716
 11
9.48392
 21
13.9612
  0
LINE
  8
0
 10
9.48392
 20
13.9612
 11
9.39865
 21
13.9538
  0
LINE
  8
0
 10
9.39865
 20
13.9538
 11
9.31261
 21
13.9503
  0
LINE
  8
0
 10
9.31261
 20
13.9503
 11
9.22696
 21
13.9503
  0
LINE
  8
0
 10
139.531
 20
13.9503
 11
139.445
 21
13.9538
  0
LINE
  8
0
 10
139.445
 20
13.9538
 11
139.36
 21
13.9612
  0
LINE
  8
0
 10
139.36
 20
13.9612
 11
139.274
 21
13.9716
  0
LINE
  8
0
 10
139.274
 20
13.9716
 11
139.19
 21
13.986
  0
LINE
  8
0
 10
139.19
 20
13.986
 11
139.106
 21
14.0038
  0
LINE
  8
0
 10
139.106
 20
14.0038
 11
139.023
 21
14.0255
  0
LINE
  8
0
 10
139.023
 20
14.0255
 11
138.94
 21
14.0503
  0
LINE
  8
0
 10
138.94
 20
14.0503
 11
138.859
 21
14.0782
  0
LINE
  8
0
 10
138.859
 20
14.0782
 11
138.78
 21
14.11
  0
LINE
  8
0
 10
138.78
 20
14.11
 11
138.701
 21
14.1449
  0
LINE
  8
0
 10
138.701
 20
14.1449
 11
138.624
 21
14.1832
  0
LINE
  8
0
 10
138.624
 20
14.1832
 11
138.549
 21
14.2243
  0
LINE
  8
0
 10
138.549
 20
14.2243
 11
138.475
 21
14.2689
  0
LINE
  8
0
 10
138.475
 20
14.2689
 11
138.404
 21
14.3166
  0
LINE
  8
0
 10
138.404
 20
14.3166
 11
138.334
 21
14.367
  0
LINE
  8
0
 10
138.334
 20
14.367
 11
138.267
 21
14.4204
  0
LINE
  8
0
 10
138.267
 20
14.4204
 11
138.202
 21
14.4762
  0
LINE
  8
0
 10
138.202
 20
14.4762
 11
138.14
 21
14.5352
  0
LINE
  8
0
 10
138.14
 20
14.5352
 11
138.08
 21
14.5964
  0
LINE
  8
0
 10
138.08
 20
14.5964
 11
138.022
 21
14.6603
  0
LINE
  8
0
 10
138.022
 20
14.6603
 11
137.967
 21
14.7266
  0
LINE
  8
0
 10
137.967
 20
14.7266
 11
137.915
 21
14.7948
  0
LINE
  8
0
 10
137.915
 20
14.7948
 11
137.866
 21
14.8654
  0
LINE
  8
0
 10
137.866
 20
14.8654
 11
137.82
 21
14.9378
  0
LINE
  8
0
 10
137.82
 20
14.9378
 11
137.777
 21
15.0123
  0
LINE
  8
0
 10
137.777
 20
15.0123
 11
137.738
 21
15.0882
  0
LINE
  8
0
 10
137.738
 20
15.0882
 11
137.701
 21
15.1661
  0
LINE
  8
0
 10
137.701
 20
15.1661
 11
137.668
 21
15.2452
  0
LINE
  8
0
 10
137.668
 20
15.2452
 11
137.638
 21
15.3258
  0
LINE
  8
0
 10
137.638
 20
15.3258
 11
137.611
 21
15.4072
  0
LINE
  8
0
 10
137.611
 20
15.4072
 11
137.588
 21
15.4901
  0
LINE
  8
0
 10
137.588
 20
15.4901
 11
137.569
 21
15.5735
  0
LINE
  8
0
 10
137.569
 20
15.5735
 11
137.552
 21
15.658
  0
LINE
  8
0
 10
137.552
 20
15.658
 11
137.54
 21
15.7428
  0
LINE
  8
0
 10
137.54
 20
15.7428
 11
137.531
 21
15.8281
  0
LINE
  8
0
 10
137.531
 20
15.8281
 11
137.526
 21
15.9141
  0
LINE
  8
0
 10
137.526
 20
15.9141
 11
137.524
 21
15.9998
  0
LINE
  8
0
 10
137.524
 20
15.9998
 11
137.526
 21
16.0858
  0
LINE
  8
0
 10
137.526
 20
16.0858
 11
137.531
 21
16.1715
  0
LINE
  8
0
 10
137.531
 20
16.1715
 11
137.54
 21
16.2568
  0
LINE
  8
0
 10
137.54
 20
16.2568
 11
137.552
 21
16.3416
  0
LINE
  8
0
 10
137.552
 20
16.3416
 11
137.569
 21
16.4261
  0
LINE
  8
0
 10
137.569
 20
16.4261
 11
137.588
 21
16.5095
  0
LINE
  8
0
 10
137.588
 20
16.5095
 11
137.611
 21
16.5924
  0
LINE
  8
0
 10
137.611
 20
16.5924
 11
137.638
 21
16.6742
  0
LINE
  8
0
 10
137.638
 20
16.6742
 11
137.668
 21
16.7544
  0
LINE
  8
0
 10
137.668
 20
16.7544
 11
137.701
 21
16.8335
  0
LINE
  8
0
 10
137.701
 20
16.8335
 11
137.738
 21
16.9114
  0
LINE
  8
0
 10
137.738
 20
16.9114
 11
137.777
 21
16.9873
  0
LINE
  8
0
 10
137.777
 20
16.9873
 11
137.82
 21
17.0617
  0
LINE
  8
0
 10
137.82
 20
17.0617
 11
137.866
 21
17.1342
  0
LINE
  8
0
 10
137.866
 20
17.1342
 11
137.915
 21
17.2048
  0
LINE
  8
0
 10
137.915
 20
17.2048
 11
137.967
 21
17.273
  0
LINE
  8
0
 10
137.967
 20
17.273
 11
138.022
 21
17.3393
  0
LINE
  8
0
 10
138.022
 20
17.3393
 11
138.08
 21
17.4032
  0
LINE
  8
0
 10
138.08
 20
17.4032
 11
138.14
 21
17.4644
  0
LINE
  8
0
 10
138.14
 20
17.4644
 11
138.202
 21
17.5233
  0
LINE
  8
0
 10
138.202
 20
17.5233
 11
138.267
 21
17.5795
  0
LINE
  8
0
 10
138.267
 20
17.5795
 11
138.334
 21
17.6326
  0
LINE
  8
0
 10
138.334
 20
17.6326
 11
138.404
 21
17.683
  0
LINE
  8
0
 10
138.404
 20
17.683
 11
138.475
 21
17.7307
  0
LINE
  8
0
 10
138.475
 20
17.7307
 11
138.549
 21
17.7753
  0
LINE
  8
0
 10
138.549
 20
17.7753
 11
138.624
 21
17.8164
  0
LINE
  8
0
 10
138.624
 20
17.8164
 11
138.701
 21
17.8547
  0
LINE
  8
0
 10
138.701
 20
17.8547
 11
138.78
 21
17.8896
  0
LINE
  8
0
 10
138.78
 20
17.8896
 11
138.859
 21
17.9214
  0
LINE
  8
0
 10
138.859
 20
17.9214
 11
138.94
 21
17.9493
  0
LINE
  8
0
 10
138.94
 20
17.9493
 11
139.023
 21
17.9745
  0
LINE
  8
0
 10
139.023
 20
17.9745
 11
139.106
 21
17.9958
  0
LINE
  8
0
 10
139.106
 20
17.9958
 11
139.19
 21
18.0136
  0
LINE
  8
0
 10
139.19
 20
18.0136
 11
139.274
 21
18.028
  0
LINE
  8
0
 10
139.274
 20
18.028
 11
139.36
 21
18.0384
  0
LINE
  8
0
 10
139.36
 20
18.0384
 11
139.445
 21
18.0458
  0
LINE
  8
0
 10
139.445
 20
18.0458
 11
139.531
 21
18.0493
  0
LINE
  8
0
 10
139.531
 20
18.0493
 11
139.617
 21
18.0493
  0
LINE
  8
0
 10
139.617
 20
18.0493
 11
139.703
 21
18.0458
  0
LINE
  8
0
 10
139.703
 20
18.0458
 11
139.788
 21
18.0384
  0
LINE
  8
0
 10
139.788
 20
18.0384
 11
139.873
 21
18.028
  0
LINE
  8
0
 10
139.873
 20
18.028
 11
139.958
 21
18.0136
  0
LINE
  8
0
 10
139.958
 20
18.0136
 11
140.042
 21
17.9958
  0
LINE
  8
0
 10
140.042
 20
17.9958
 11
140.125
 21
17.9745
  0
LINE
  8
0
 10
140.125
 20
17.9745
 11
140.207
 21
17.9493
  0
LINE
  8
0
 10
140.207
 20
17.9493
 11
140.288
 21
17.9214
  0
LINE
  8
0
 10
140.288
 20
17.9214
 11
140.368
 21
17.8896
  0
LINE
  8
0
 10
140.368
 20
17.8896
 11
140.446
 21
17.8547
  0
LINE
  8
0
 10
140.446
 20
17.8547
 11
140.524
 21
17.8164
  0
LINE
  8
0
 10
140.524
 20
17.8164
 11
140.599
 21
17.7753
  0
LINE
  8
0
 10
140.599
 20
17.7753
 11
140.672
 21
17.7307
  0
LINE
  8
0
 10
140.672
 20
17.7307
 11
140.744
 21
17.683
  0
LINE
  8
0
 10
140.744
 20
17.683
 11
140.813
 21
17.6326
  0
LINE
  8
0
 10
140.813
 20
17.6326
 11
140.881
 21
17.5795
  0
LINE
  8
0
 10
140.881
 20
17.5795
 11
140.946
 21
17.5233
  0
LINE
  8
0
 10
140.946
 20
17.5233
 11
141.008
 21
17.4644
  0
LINE
  8
0
 10
141.008
 20
17.4644
 11
141.068
 21
17.4032
  0
LINE
  8
0
 10
141.068
 20
17.4032
 11
141.125
 21
17.3393
  0
LINE
  8
0
 10
141.125
 20
17.3393
 11
141.181
 21
17.273
  0
LINE
  8
0
 10
141.181
 20
17.273
 11
141.232
 21
17.2048
  0
LINE
  8
0
 10
141.232
 20
17.2048
 11
141.281
 21
17.1342
  0
LINE
  8
0
 10
141.281
 20
17.1342
 11
141.327
 21
17.0617
  0
LINE
  8
0
 10
141.327
 20
17.0617
 11
141.37
 21
16.9873
  0
LINE
  8
0
 10
141.37
 20
16.9873
 11
141.41
 21
16.9114
  0
LINE
  8
0
 10
141.41
 20
16.9114
 11
141.446
 21
16.8335
  0
LINE
  8
0
 10
141.446
 20
16.8335
 11
141.48
 21
16.7544
  0
LINE
  8
0
 10
141.48
 20
16.7544
 11
141.51
 21
16.6742
  0
LINE
  8
0
 10
141.51
 20
16.6742
 11
141.536
 21
16.5924
  0
LINE
  8
0
 10
141.536
 20
16.5924
 11
141.56
 21
16.5095
  0
LINE
  8
0
 10
141.56
 20
16.5095
 11
141.579
 21
16.4261
  0
LINE
  8
0
 10
141.579
 20
16.4261
 11
141.595
 21
16.3416
  0
LINE
  8
0
 10
141.595
 20
16.3416
 11
141.608
 21
16.2568
  0
LINE
  8
0
 10
141.608
 20
16.2568
 11
141.617
 21
16.1715
  0
LINE
  8
0
 10
141.617
 20
16.1715
 11
141.622
 21
16.0858
  0
LINE
  8
0
 10
141.622
 20
16.0858
 11
141.624
 21
15.9998
  0
LINE
  8
0
 10
141.624
 20
15.9998
 11
141.622
 21
15.9141
  0
LINE
  8
0
 10
141.622
 20
15.9141
 11
141.617
 21
15.8281
  0
LINE
  8
0
 10
141.617
 20
15.8281
 11
141.608
 21
15.7428
  0
LINE
  8
0
 10
141.608
 20
15.7428
 11
141.595
 21
15.658
  0
LINE
  8
0
 10
141.595
 20
15.658
 11
141.579
 21
15.5735
  0
LINE
  8
0
 10
141.579
 20
15.5735
 11
141.56
 21
15.4901
  0
LINE
  8
0
 10
141.56
 20
15.4901
 11
141.536
 21
15.4072
  0
LINE
  8
0
 10
141.536
 20
15.4072
 11
141.51
 21
15.3258
  0
LINE
  8
0
 10
141.51
 20
15.3258
 11
141.48
 21
15.2452
  0
LINE
  8
0
 10
141.48
 20
15.2452
 11
141.446
 21
15.1661
  0
LINE
  8
0
 10
141.446
 20
15.1661
 11
141.41
 21
15.0882
  0
LINE
  8
0
 10
141.41
 20
15.0882
 11
141.37
 21
15.0123
  0
LINE
  8
0
 10
141.37
 20
15.0123
 11
141.327
 21
14.9378
  0
LINE
  8
0
 10
141.327
 20
14.9378
 11
141.281
 21
14.8654
  0
LINE
  8
0
 10
141.281
 20
14.8654
 11
141.232
 21
14.7948
  0
LINE
  8
0
 10
141.232
 20
14.7948
 11
141.181
 21
14.7266
  0
LINE
  8
0
 10
141.181
 20
14.7266
 11
141.125
 21
14.6603
  0
LINE
  8
0
 10
141.125
 20
14.6603
 11
141.068
 21
14.5964
  0
LINE
  8
0
 10
141.068
 20
14.5964
 11
141.008
 21
14.5352
  0
LINE
  8
0
 10
141.008
 20
14.5352
 11
140.946
 21
14.4762
  0
LINE
  8
0
 10
140.946
 20
14.4762
 11
140.881
 21
14.4204
  0
LINE
  8
0
 10
140.881
 20
14.4204
 11
140.813
 21
14.367
  0
LINE
  8
0
 10
140.813
 20
14.367
 11
140.744
 21
14.3166
  0
LINE
  8
0
 10
140.744
 20
14.3166
 11
140.672
 21
14.2689
  0
LINE
  8
0
 10
140.672
 20
14.2689
 11
140.599
 21
14.2243
  0
LINE
  8
0
 10
140.599
 20
14.2243
 11
140.524
 21
14.1832
  0
LINE
  8
0
 10
140.524
 20
14.1832
 11
140.446
 21
14.1449
  0
LINE
  8
0
 10
140.446
 20
14.1449
 11
140.368
 21
14.11
  0
LINE
  8
0
 10
140.368
 20
14.11
 11
140.288
 21
14.0782
  0
LINE
  8
0
 10
140.288
 20
14.0782
 11
140.207
 21
14.0503
  0
LINE
  8
0
 10
140.207
 20
14.0503
 11
140.125
 21
14.0255
  0
LINE
  8
0
 10
140.125
 20
14.0255
 11
140.042
 21
14.0038
  0
LINE
  8
0
 10
140.042
 20
14.0038
 11
139.958
 21
13.986
  0
LINE
  8
0
 10
139.958
 20
13.986
 11
139.873
 21
13.9716
  0
LINE
  8
0
 10
139.873
 20
13.9716
 11
139.788
 21
13.9612
  0
LINE
  8
0
 10
139.788
 20
13.9612
 11
139.703
 21
13.9538
  0
LINE
  8
0
 10
139.703
 20
13.9538
 11
139.617
 21
13.9503
  0
LINE
  8
0
 10
139.617
 20
13.9503
 11
139.531
 21
13.9503
  0
LINE
  8
0
 10
22.2568
 20
7.95029
 11
22.1711
 21
7.95378
  0
LINE
  8
0
 10
22.1711
 20
7.95378
 11
22.0855
 21
7.96114
  0
LINE
  8
0
 10
22.0855
 20
7.96114
 11
22.0002
 21
7.97199
  0
LINE
  8
0
 10
22.0002
 20
7.97199
 11
21.9157
 21
7.98595
  0
LINE
  8
0
 10
21.9157
 20
7.98595
 11
21.8316
 21
8.00416
  0
LINE
  8
0
 10
21.8316
 20
8.00416
 11
21.7487
 21
8.02548
  0
LINE
  8
0
 10
21.7487
 20
8.02548
 11
21.6665
 21
8.05028
  0
LINE
  8
0
 10
21.6665
 20
8.05028
 11
21.5851
 21
8.07858
  0
LINE
  8
0
 10
21.5851
 20
8.07858
 11
21.5053
 21
8.10997
  0
LINE
  8
0
 10
21.5053
 20
8.10997
 11
21.427
 21
8.14485
  0
LINE
  8
0
 10
21.427
 20
8.14485
 11
21.3502
 21
8.18322
  0
LINE
  8
0
 10
21.3502
 20
8.18322
 11
21.2747
 21
8.2243
  0
LINE
  8
0
 10
21.2747
 20
8.2243
 11
21.2014
 21
8.26888
  0
LINE
  8
0
 10
21.2014
 20
8.26888
 11
21.1297
 21
8.31655
  0
LINE
  8
0
 10
21.1297
 20
8.31655
 11
21.0603
 21
8.36693
  0
LINE
  8
0
 10
21.0603
 20
8.36693
 11
20.9933
 21
8.42042
  0
LINE
  8
0
 10
20.9933
 20
8.42042
 11
20.9282
 21
8.47623
  0
LINE
  8
0
 10
20.9282
 20
8.47623
 11
20.8654
 21
8.53514
  0
LINE
  8
0
 10
20.8654
 20
8.53514
 11
20.8053
 21
8.59637
  0
LINE
  8
0
 10
20.8053
 20
8.59637
 11
20.748
 21
8.66032
  0
LINE
  8
0
 10
20.748
 20
8.66032
 11
20.6933
 21
8.7266
  0
LINE
  8
0
 10
20.6933
 20
8.7266
 11
20.6414
 21
8.79481
  0
LINE
  8
0
 10
20.6414
 20
8.79481
 11
20.5922
 21
8.86535
  0
LINE
  8
0
 10
20.5922
 20
8.86535
 11
20.5464
 21
8.93783
  0
LINE
  8
0
 10
20.5464
 20
8.93783
 11
20.5034
 21
9.01224
  0
LINE
  8
0
 10
20.5034
 20
9.01224
 11
20.4635
 21
9.0882
  0
LINE
  8
0
 10
20.4635
 20
9.0882
 11
20.427
 21
9.16611
  0
LINE
  8
0
 10
20.427
 20
9.16611
 11
20.3937
 21
9.24517
  0
LINE
  8
0
 10
20.3937
 20
9.24517
 11
20.3639
 21
9.32579
  0
LINE
  8
0
 10
20.3639
 20
9.32579
 11
20.3371
 21
9.40718
  0
LINE
  8
0
 10
20.3371
 20
9.40718
 11
20.3143
 21
9.49012
  0
LINE
  8
0
 10
20.3143
 20
9.49012
 11
20.2945
 21
9.57345
  0
LINE
  8
0
 10
20.2945
 20
9.57345
 11
20.2786
 21
9.65794
  0
LINE
  8
0
 10
20.2786
 20
9.65794
 11
20.2658
 21
9.74282
  0
LINE
  8
0
 10
20.2658
 20
9.74282
 11
20.2569
 21
9.82847
  0
LINE
  8
0
 10
20.2569
 20
9.82847
 11
20.2515
 21
9.91412
  0
LINE
  8
0
 10
20.2515
 20
9.91412
 11
20.2499
 21
9.99978
  0
LINE
  8
0
 10
20.2499
 20
9.99978
 11
20.2515
 21
10.0858
  0
LINE
  8
0
 10
20.2515
 20
10.0858
 11
20.2569
 21
10.1715
  0
LINE
  8
0
 10
20.2569
 20
10.1715
 11
20.2658
 21
10.2567
  0
LINE
  8
0
 10
20.2658
 20
10.2567
 11
20.2786
 21
10.3416
  0
LINE
  8
0
 10
20.2786
 20
10.3416
 11
20.2945
 21
10.4261
  0
LINE
  8
0
 10
20.2945
 20
10.4261
 11
20.3143
 21
10.5094
  0
LINE
  8
0
 10
20.3143
 20
10.5094
 11
20.3371
 21
10.5924
  0
LINE
  8
0
 10
20.3371
 20
10.5924
 11
20.3639
 21
10.6742
  0
LINE
  8
0
 10
20.3639
 20
10.6742
 11
20.3937
 21
10.7544
  0
LINE
  8
0
 10
20.3937
 20
10.7544
 11
20.427
 21
10.8334
  0
LINE
  8
0
 10
20.427
 20
10.8334
 11
20.4635
 21
10.9113
  0
LINE
  8
0
 10
20.4635
 20
10.9113
 11
20.5034
 21
10.9873
  0
LINE
  8
0
 10
20.5034
 20
10.9873
 11
20.5464
 21
11.0617
  0
LINE
  8
0
 10
20.5464
 20
11.0617
 11
20.5922
 21
11.1342
  0
LINE
  8
0
 10
20.5922
 20
11.1342
 11
20.6414
 21
11.2047
  0
LINE
  8
0
 10
20.6414
 20
11.2047
 11
20.6933
 21
11.2733
  0
LINE
  8
0
 10
20.6933
 20
11.2733
 11
20.748
 21
11.3392
  0
LINE
  8
0
 10
20.748
 20
11.3392
 11
20.8053
 21
11.4032
  0
LINE
  8
0
 10
20.8053
 20
11.4032
 11
20.8654
 21
11.4644
  0
LINE
  8
0
 10
20.8654
 20
11.4644
 11
20.9282
 21
11.5233
  0
LINE
  8
0
 10
20.9282
 20
11.5233
 11
20.9933
 21
11.5795
  0
LINE
  8
0
 10
20.9933
 20
11.5795
 11
21.0603
 21
11.6326
  0
LINE
  8
0
 10
21.0603
 20
11.6326
 11
21.1297
 21
11.683
  0
LINE
  8
0
 10
21.1297
 20
11.683
 11
21.2014
 21
11.7307
  0
LINE
  8
0
 10
21.2014
 20
11.7307
 11
21.2747
 21
11.7753
  0
LINE
  8
0
 10
21.2747
 20
11.7753
 11
21.3502
 21
11.8163
  0
LINE
  8
0
 10
21.3502
 20
11.8163
 11
21.427
 21
11.8547
  0
LINE
  8
0
 10
21.427
 20
11.8547
 11
21.5053
 21
11.8896
  0
LINE
  8
0
 10
21.5053
 20
11.8896
 11
21.5851
 21
11.9214
  0
LINE
  8
0
 10
21.5851
 20
11.9214
 11
21.6665
 21
11.9497
  0
LINE
  8
0
 10
21.6665
 20
11.9497
 11
21.7487
 21
11.9745
  0
LINE
  8
0
 10
21.7487
 20
11.9745
 11
21.8316
 21
11.9958
  0
LINE
  8
0
 10
21.8316
 20
11.9958
 11
21.9157
 21
12.0136
  0
LINE
  8
0
 10
21.9157
 20
12.0136
 11
22.0002
 21
12.0279
  0
LINE
  8
0
 10
22.0002
 20
12.0279
 11
22.0855
 21
12.0384
  0
LINE
  8
0
 10
22.0855
 20
12.0384
 11
22.1711
 21
12.0458
  0
LINE
  8
0
 10
22.1711
 20
12.0458
 11
22.2568
 21
12.0493
  0
LINE
  8
0
 10
22.2568
 20
12.0493
 11
22.3428
 21
12.0493
  0
LINE
  8
0
 10
22.3428
 20
12.0493
 11
22.4285
 21
12.0458
  0
LINE
  8
0
 10
22.4285
 20
12.0458
 11
22.5141
 21
12.0384
  0
LINE
  8
0
 10
22.5141
 20
12.0384
 11
22.5994
 21
12.0279
  0
LINE
  8
0
 10
22.5994
 20
12.0279
 11
22.6839
 21
12.0136
  0
LINE
  8
0
 10
22.6839
 20
12.0136
 11
22.768
 21
11.9958
  0
LINE
  8
0
 10
22.768
 20
11.9958
 11
22.8509
 21
11.9745
  0
LINE
  8
0
 10
22.8509
 20
11.9745
 11
22.9331
 21
11.9497
  0
LINE
  8
0
 10
22.9331
 20
11.9497
 11
23.0145
 21
11.9214
  0
LINE
  8
0
 10
23.0145
 20
11.9214
 11
23.0943
 21
11.8896
  0
LINE
  8
0
 10
23.0943
 20
11.8896
 11
23.1726
 21
11.8547
  0
LINE
  8
0
 10
23.1726
 20
11.8547
 11
23.2497
 21
11.8163
  0
LINE
  8
0
 10
23.2497
 20
11.8163
 11
23.3249
 21
11.7753
  0
LINE
  8
0
 10
23.3249
 20
11.7753
 11
23.3982
 21
11.7307
  0
LINE
  8
0
 10
23.3982
 20
11.7307
 11
23.4699
 21
11.683
  0
LINE
  8
0
 10
23.4699
 20
11.683
 11
23.5393
 21
11.6326
  0
LINE
  8
0
 10
23.5393
 20
11.6326
 11
23.6067
 21
11.5795
  0
LINE
  8
0
 10
23.6067
 20
11.5795
 11
23.6714
 21
11.5233
  0
LINE
  8
0
 10
23.6714
 20
11.5233
 11
23.7342
 21
11.4644
  0
LINE
  8
0
 10
23.7342
 20
11.4644
 11
23.7943
 21
11.4032
  0
LINE
  8
0
 10
23.7943
 20
11.4032
 11
23.8516
 21
11.3392
  0
LINE
  8
0
 10
23.8516
 20
11.3392
 11
23.9063
 21
11.2733
  0
LINE
  8
0
 10
23.9063
 20
11.2733
 11
23.9582
 21
11.2047
  0
LINE
  8
0
 10
23.9582
 20
11.2047
 11
24.0074
 21
11.1342
  0
LINE
  8
0
 10
24.0074
 20
11.1342
 11
24.0532
 21
11.0617
  0
LINE
  8
0
 10
24.0532
 20
11.0617
 11
24.0962
 21
10.9873
  0
LINE
  8
0
 10
24.0962
 20
10.9873
 11
24.1361
 21
10.9113
  0
LINE
  8
0
 10
24.1361
 20
10.9113
 11
24.1726
 21
10.8334
  0
LINE
  8
0
 10
24.1726
 20
10.8334
 11
24.2059
 21
10.7544
  0
LINE
  8
0
 10
24.2059
 20
10.7544
 11
24.2357
 21
10.6742
  0
LINE
  8
0
 10
24.2357
 20
10.6742
 11
24.2625
 21
10.5924
  0
LINE
  8
0
 10
24.2625
 20
10.5924
 11
24.2853
 21
10.5094
  0
LINE
  8
0
 10
24.2853
 20
10.5094
 11
24.3051
 21
10.4261
  0
LINE
  8
0
 10
24.3051
 20
10.4261
 11
24.321
 21
10.3416
  0
LINE
  8
0
 10
24.321
 20
10.3416
 11
24.3338
 21
10.2567
  0
LINE
  8
0
 10
24.3338
 20
10.2567
 11
24.3427
 21
10.1715
  0
LINE
  8
0
 10
24.3427
 20
10.1715
 11
24.3481
 21
10.0858
  0
LINE
  8
0
 10
24.3481
 20
10.0858
 11
24.3497
 21
9.99978
  0
LINE
  8
0
 10
24.3497
 20
9.99978
 11
24.3481
 21
9.91412
  0
LINE
  8
0
 10
24.3481
 20
9.91412
 11
24.3427
 21
9.82847
  0
LINE
  8
0
 10
24.3427
 20
9.82847
 11
24.3338
 21
9.74282
  0
LINE
  8
0
 10
24.3338
 20
9.74282
 11
24.321
 21
9.65794
  0
LINE
  8
0
 10
24.321
 20
9.65794
 11
24.3051
 21
9.57345
  0
LINE
  8
0
 10
24.3051
 20
9.57345
 11
24.2853
 21
9.49012
  0
LINE
  8
0
 10
24.2853
 20
9.49012
 11
24.2625
 21
9.40718
  0
LINE
  8
0
 10
24.2625
 20
9.40718
 11
24.2357
 21
9.32579
  0
LINE
  8
0
 10
24.2357
 20
9.32579
 11
24.2059
 21
9.24517
  0
LINE
  8
0
 10
24.2059
 20
9.24517
 11
24.1726
 21
9.16611
  0
LINE
  8
0
 10
24.1726
 20
9.16611
 11
24.1361
 21
9.0882
  0
LINE
  8
0
 10
24.1361
 20
9.0882
 11
24.0962
 21
9.01224
  0
LINE
  8
0
 10
24.0962
 20
9.01224
 11
24.0532
 21
8.93783
  0
LINE
  8
0
 10
24.0532
 20
8.93783
 11
24.0074
 21
8.86535
  0
LINE
  8
0
 10
24.0074
 20
8.86535
 11
23.9582
 21
8.79481
  0
LINE
  8
0
 10
23.9582
 20
8.79481
 11
23.9063
 21
8.7266
  0
LINE
  8
0
 10
23.9063
 20
8.7266
 11
23.8516
 21
8.66032
  0
LINE
  8
0
 10
23.8516
 20
8.66032
 11
23.7943
 21
8.59637
  0
LINE
  8
0
 10
23.7943
 20
8.59637
 11
23.7342
 21
8.53514
  0
LINE
  8
0
 10
23.7342
 20
8.53514
 11
23.6714
 21
8.47623
  0
LINE
  8
0
 10
23.6714
 20
8.47623
 11
23.6067
 21
8.42042
  0
LINE
  8
0
 10
23.6067
 20
8.42042
 11
23.5393
 21
8.36693
  0
LINE
  8
0
 10
23.5393
 20
8.36693
 11
23.4699
 21
8.31655
  0
LINE
  8
0
 10
23.4699
 20
8.31655
 11
23.3982
 21
8.26888
  0
LINE
  8
0
 10
23.3982
 20
8.26888
 11
23.3249
 21
8.2243
  0
LINE
  8
0
 10
23.3249
 20
8.2243
 11
23.2497
 21
8.18322
  0
LINE
  8
0
 10
23.2497
 20
8.18322
 11
23.1726
 21
8.14485
  0
LINE
  8
0
 10
23.1726
 20
8.14485
 11
23.0943
 21
8.10997
  0
LINE
  8
0
 10
23.0943
 20
8.10997
 11
23.0145
 21
8.07858
  0
LINE
  8
0
 10
23.0145
 20
8.07858
 11
22.9331
 21
8.05028
  0
LINE
  8
0
 10
22.9331
 20
8.05028
 11
22.8509
 21
8.02548
  0
LINE
  8
0
 10
22.8509
 20
8.02548
 11
22.768
 21
8.00416
  0
LINE
  8
0
 10
22.768
 20
8.00416
 11
22.6839
 21
7.98595
  0
LINE
  8
0
 10
22.6839
 20
7.98595
 11
22.5994
 21
7.97199
  0
LINE
  8
0
 10
22.5994
 20
7.97199
 11
22.5141
 21
7.96114
  0
LINE
  8
0
 10
22.5141
 20
7.96114
 11
22.4285
 21
7.95378
  0
LINE
  8
0
 10
22.4285
 20
7.95378
 11
22.3428
 21
7.95029
  0
LINE
  8
0
 10
22.3428
 20
7.95029
 11
22.2568
 21
7.95029
  0
LINE
  8
0
 10
54.2568
 20
7.95029
 11
54.1711
 21
7.95378
  0
LINE
  8
0
 10
54.1711
 20
7.95378
 11
54.0855
 21
7.96114
  0
LINE
  8
0
 10
54.0855
 20
7.96114
 11
54.0002
 21
7.97199
  0
LINE
  8
0
 10
54.0002
 20
7.97199
 11
53.9157
 21
7.98595
  0
LINE
  8
0
 10
53.9157
 20
7.98595
 11
53.8316
 21
8.00416
  0
LINE
  8
0
 10
53.8316
 20
8.00416
 11
53.7487
 21
8.02548
  0
LINE
  8
0
 10
53.7487
 20
8.02548
 11
53.6665
 21
8.05028
  0
LINE
  8
0
 10
53.6665
 20
8.05028
 11
53.5851
 21
8.07858
  0
LINE
  8
0
 10
53.5851
 20
8.07858
 11
53.5053
 21
8.10997
  0
LINE
  8
0
 10
53.5053
 20
8.10997
 11
53.427
 21
8.14485
  0
LINE
  8
0
 10
53.427
 20
8.14485
 11
53.3502
 21
8.18322
  0
LINE
  8
0
 10
53.3502
 20
8.18322
 11
53.2747
 21
8.2243
  0
LINE
  8
0
 10
53.2747
 20
8.2243
 11
53.2014
 21
8.26888
  0
LINE
  8
0
 10
53.2014
 20
8.26888
 11
53.1297
 21
8.31655
  0
LINE
  8
0
 10
53.1297
 20
8.31655
 11
53.0603
 21
8.36693
  0
LINE
  8
0
 10
53.0603
 20
8.36693
 11
52.9929
 21
8.42042
  0
LINE
  8
0
 10
52.9929
 20
8.42042
 11
52.9282
 21
8.47623
  0
LINE
  8
0
 10
52.9282
 20
8.47623
 11
52.8654
 21
8.53514
  0
LINE
  8
0
 10
52.8654
 20
8.53514
 11
52.8053
 21
8.59637
  0
LINE
  8
0
 10
52.8053
 20
8.59637
 11
52.7479
 21
8.66032
  0
LINE
  8
0
 10
52.7479
 20
8.66032
 11
52.6933
 21
8.7266
  0
LINE
  8
0
 10
52.6933
 20
8.7266
 11
52.6414
 21
8.79481
  0
LINE
  8
0
 10
52.6414
 20
8.79481
 11
52.5921
 21
8.86535
  0
LINE
  8
0
 10
52.5921
 20
8.86535
 11
52.5464
 21
8.93783
  0
LINE
  8
0
 10
52.5464
 20
8.93783
 11
52.5034
 21
9.01224
  0
LINE
  8
0
 10
52.5034
 20
9.01224
 11
52.4635
 21
9.0882
  0
LINE
  8
0
 10
52.4635
 20
9.0882
 11
52.427
 21
9.16611
  0
LINE
  8
0
 10
52.427
 20
9.16611
 11
52.3937
 21
9.24517
  0
LINE
  8
0
 10
52.3937
 20
9.24517
 11
52.3639
 21
9.32579
  0
LINE
  8
0
 10
52.3639
 20
9.32579
 11
52.3371
 21
9.40718
  0
LINE
  8
0
 10
52.3371
 20
9.40718
 11
52.3142
 21
9.49012
  0
LINE
  8
0
 10
52.3142
 20
9.49012
 11
52.2945
 21
9.57345
  0
LINE
  8
0
 10
52.2945
 20
9.57345
 11
52.2786
 21
9.65794
  0
LINE
  8
0
 10
52.2786
 20
9.65794
 11
52.2658
 21
9.74282
  0
LINE
  8
0
 10
52.2658
 20
9.74282
 11
52.2569
 21
9.82847
  0
LINE
  8
0
 10
52.2569
 20
9.82847
 11
52.2515
 21
9.91412
  0
LINE
  8
0
 10
52.2515
 20
9.91412
 11
52.2499
 21
9.99978
  0
LINE
  8
0
 10
52.2499
 20
9.99978
 11
52.2515
 21
10.0858
  0
LINE
  8
0
 10
52.2515
 20
10.0858
 11
52.2569
 21
10.1715
  0
LINE
  8
0
 10
52.2569
 20
10.1715
 11
52.2658
 21
10.2567
  0
LINE
  8
0
 10
52.2658
 20
10.2567
 11
52.2786
 21
10.3416
  0
LINE
  8
0
 10
52.2786
 20
10.3416
 11
52.2945
 21
10.4261
  0
LINE
  8
0
 10
52.2945
 20
10.4261
 11
52.3142
 21
10.5094
  0
LINE
  8
0
 10
52.3142
 20
10.5094
 11
52.3371
 21
10.5924
  0
LINE
  8
0
 10
52.3371
 20
10.5924
 11
52.3639
 21
10.6742
  0
LINE
  8
0
 10
52.3639
 20
10.6742
 11
52.3937
 21
10.7544
  0
LINE
  8
0
 10
52.3937
 20
10.7544
 11
52.427
 21
10.8334
  0
LINE
  8
0
 10
52.427
 20
10.8334
 11
52.4635
 21
10.9113
  0
LINE
  8
0
 10
52.4635
 20
10.9113
 11
52.5034
 21
10.9873
  0
LINE
  8
0
 10
52.5034
 20
10.9873
 11
52.5464
 21
11.0617
  0
LINE
  8
0
 10
52.5464
 20
11.0617
 11
52.5921
 21
11.1342
  0
LINE
  8
0
 10
52.5921
 20
11.1342
 11
52.6414
 21
11.2047
  0
LINE
  8
0
 10
52.6414
 20
11.2047
 11
52.6933
 21
11.2733
  0
LINE
  8
0
 10
52.6933
 20
11.2733
 11
52.7479
 21
11.3392
  0
LINE
  8
0
 10
52.7479
 20
11.3392
 11
52.8053
 21
11.4032
  0
LINE
  8
0
 10
52.8053
 20
11.4032
 11
52.8654
 21
11.4644
  0
LINE
  8
0
 10
52.8654
 20
11.4644
 11
52.9282
 21
11.5233
  0
LINE
  8
0
 10
52.9282
 20
11.5233
 11
52.9929
 21
11.5795
  0
LINE
  8
0
 10
52.9929
 20
11.5795
 11
53.0603
 21
11.6326
  0
LINE
  8
0
 10
53.0603
 20
11.6326
 11
53.1297
 21
11.683
  0
LINE
  8
0
 10
53.1297
 20
11.683
 11
53.2014
 21
11.7307
  0
LINE
  8
0
 10
53.2014
 20
11.7307
 11
53.2747
 21
11.7753
  0
LINE
  8
0
 10
53.2747
 20
11.7753
 11
53.3502
 21
11.8163
  0
LINE
  8
0
 10
53.3502
 20
11.8163
 11
53.427
 21
11.8547
  0
LINE
  8
0
 10
53.427
 20
11.8547
 11
53.5053
 21
11.8896
  0
LINE
  8
0
 10
53.5053
 20
11.8896
 11
53.5851
 21
11.9214
  0
LINE
  8
0
 10
53.5851
 20
11.9214
 11
53.6665
 21
11.9497
  0
LINE
  8
0
 10
53.6665
 20
11.9497
 11
53.7487
 21
11.9745
  0
LINE
  8
0
 10
53.7487
 20
11.9745
 11
53.8316
 21
11.9958
  0
LINE
  8
0
 10
53.8316
 20
11.9958
 11
53.9157
 21
12.0136
  0
LINE
  8
0
 10
53.9157
 20
12.0136
 11
54.0002
 21
12.0279
  0
LINE
  8
0
 10
54.0002
 20
12.0279
 11
54.0855
 21
12.0384
  0
LINE
  8
0
 10
54.0855
 20
12.0384
 11
54.1711
 21
12.0458
  0
LINE
  8
0
 10
54.1711
 20
12.0458
 11
54.2568
 21
12.0493
  0
LINE
  8
0
 10
54.2568
 20
12.0493
 11
54.3428
 21
12.0493
  0
LINE
  8
0
 10
54.3428
 20
12.0493
 11
54.4285
 21
12.0458
  0
LINE
  8
0
 10
54.4285
 20
12.0458
 11
54.5141
 21
12.0384
  0
LINE
  8
0
 10
54.5141
 20
12.0384
 11
54.5994
 21
12.0279
  0
LINE
  8
0
 10
54.5994
 20
12.0279
 11
54.6839
 21
12.0136
  0
LINE
  8
0
 10
54.6839
 20
12.0136
 11
54.768
 21
11.9958
  0
LINE
  8
0
 10
54.768
 20
11.9958
 11
54.8509
 21
11.9745
  0
LINE
  8
0
 10
54.8509
 20
11.9745
 11
54.9335
 21
11.9497
  0
LINE
  8
0
 10
54.9335
 20
11.9497
 11
55.0145
 21
11.9214
  0
LINE
  8
0
 10
55.0145
 20
11.9214
 11
55.0943
 21
11.8896
  0
LINE
  8
0
 10
55.0943
 20
11.8896
 11
55.1726
 21
11.8547
  0
LINE
  8
0
 10
55.1726
 20
11.8547
 11
55.2497
 21
11.8163
  0
LINE
  8
0
 10
55.2497
 20
11.8163
 11
55.3249
 21
11.7753
  0
LINE
  8
0
 10
55.3249
 20
11.7753
 11
55.3982
 21
11.7307
  0
LINE
  8
0
 10
55.3982
 20
11.7307
 11
55.4699
 21
11.683
  0
LINE
  8
0
 10
55.4699
 20
11.683
 11
55.5392
 21
11.6326
  0
LINE
  8
0
 10
55.5392
 20
11.6326
 11
55.6067
 21
11.5795
  0
LINE
  8
0
 10
55.6067
 20
11.5795
 11
55.6714
 21
11.5233
  0
LINE
  8
0
 10
55.6714
 20
11.5233
 11
55.7342
 21
11.4644
  0
LINE
  8
0
 10
55.7342
 20
11.4644
 11
55.7943
 21
11.4032
  0
LINE
  8
0
 10
55.7943
 20
11.4032
 11
55.8516
 21
11.3392
  0
LINE
  8
0
 10
55.8516
 20
11.3392
 11
55.9063
 21
11.2733
  0
LINE
  8
0
 10
55.9063
 20
11.2733
 11
55.9582
 21
11.2047
  0
LINE
  8
0
 10
55.9582
 20
11.2047
 11
56.0074
 21
11.1342
  0
LINE
  8
0
 10
56.0074
 20
11.1342
 11
56.0532
 21
11.0617
  0
LINE
  8
0
 10
56.0532
 20
11.0617
 11
56.0962
 21
10.9873
  0
LINE
  8
0
 10
56.0962
 20
10.9873
 11
56.1361
 21
10.9113
  0
LINE
  8
0
 10
56.1361
 20
10.9113
 11
56.1725
 21
10.8334
  0
LINE
  8
0
 10
56.1725
 20
10.8334
 11
56.2059
 21
10.7544
  0
LINE
  8
0
 10
56.2059
 20
10.7544
 11
56.2357
 21
10.6742
  0
LINE
  8
0
 10
56.2357
 20
10.6742
 11
56.2625
 21
10.5924
  0
LINE
  8
0
 10
56.2625
 20
10.5924
 11
56.2853
 21
10.5094
  0
LINE
  8
0
 10
56.2853
 20
10.5094
 11
56.3051
 21
10.4261
  0
LINE
  8
0
 10
56.3051
 20
10.4261
 11
56.321
 21
10.3416
  0
LINE
  8
0
 10
56.321
 20
10.3416
 11
56.3338
 21
10.2567
  0
LINE
  8
0
 10
56.3338
 20
10.2567
 11
56.3427
 21
10.1715
  0
LINE
  8
0
 10
56.3427
 20
10.1715
 11
56.3481
 21
10.0858
  0
LINE
  8
0
 10
56.3481
 20
10.0858
 11
56.3497
 21
9.99978
  0
LINE
  8
0
 10
56.3497
 20
9.99978
 11
56.3481
 21
9.91412
  0
LINE
  8
0
 10
56.3481
 20
9.91412
 11
56.3427
 21
9.82847
  0
LINE
  8
0
 10
56.3427
 20
9.82847
 11
56.3338
 21
9.74282
  0
LINE
  8
0
 10
56.3338
 20
9.74282
 11
56.321
 21
9.65794
  0
LINE
  8
0
 10
56.321
 20
9.65794
 11
56.3051
 21
9.57345
  0
LINE
  8
0
 10
56.3051
 20
9.57345
 11
56.2853
 21
9.49012
  0
LINE
  8
0
 10
56.2853
 20
9.49012
 11
56.2625
 21
9.40718
  0
LINE
  8
0
 10
56.2625
 20
9.40718
 11
56.2357
 21
9.32579
  0
LINE
  8
0
 10
56.2357
 20
9.32579
 11
56.2059
 21
9.24517
  0
LINE
  8
0
 10
56.2059
 20
9.24517
 11
56.1725
 21
9.16611
  0
LINE
  8
0
 10
56.1725
 20
9.16611
 11
56.1361
 21
9.0882
  0
LINE
  8
0
 10
56.1361
 20
9.0882
 11
56.0962
 21
9.01224
  0
LINE
  8
0
 10
56.0962
 20
9.01224
 11
56.0532
 21
8.93783
  0
LINE
  8
0
 10
56.0532
 20
8.93783
 11
56.0074
 21
8.86535
  0
LINE
  8
0
 10
56.0074
 20
8.86535
 11
55.9582
 21
8.79481
  0
LINE
  8
0
 10
55.9582
 20
8.79481
 11
55.9063
 21
8.7266
  0
LINE
  8
0
 10
55.9063
 20
8.7266
 11
55.8516
 21
8.66032
  0
LINE
  8
0
 10
55.8516
 20
8.66032
 11
55.7943
 21
8.59637
  0
LINE
  8
0
 10
55.7943
 20
8.59637
 11
55.7342
 21
8.53514
  0
LINE
  8
0
 10
55.7342
 20
8.53514
 11
55.6714
 21
8.47623
  0
LINE
  8
0
 10
55.6714
 20
8.47623
 11
55.6067
 21
8.42042
  0
LINE
  8
0
 10
55.6067
 20
8.42042
 11
55.5392
 21
8.36693
  0
LINE
  8
0
 10
55.5392
 20
8.36693
 11
55.4699
 21
8.31655
  0
LINE
  8
0
 10
55.4699
 20
8.31655
 11
55.3982
 21
8.26888
  0
LINE
  8
0
 10
55.3982
 20
8.26888
 11
55.3249
 21
8.2243
  0
LINE
  8
0
 10
55.3249
 20
8.2243
 11
55.2497
 21
8.18322
  0
LINE
  8
0
 10
55.2497
 20
8.18322
 11
55.1726
 21
8.14485
  0
LINE
  8
0
 10
55.1726
 20
8.14485
 11
55.0943
 21
8.10997
  0
LINE
  8
0
 10
55.0943
 20
8.10997
 11
55.0145
 21
8.07858
  0
LINE
  8
0
 10
55.0145
 20
8.07858
 11
54.9335
 21
8.05028
  0
LINE
  8
0
 10
54.9335
 20
8.05028
 11
54.8509
 21
8.02548
  0
LINE
  8
0
 10
54.8509
 20
8.02548
 11
54.768
 21
8.00416
  0
LINE
  8
0
 10
54.768
 20
8.00416
 11
54.6839
 21
7.98595
  0
LINE
  8
0
 10
54.6839
 20
7.98595
 11
54.5994
 21
7.97199
  0
LINE
  8
0
 10
54.5994
 20
7.97199
 11
54.5141
 21
7.96114
  0
LINE
  8
0
 10
54.5141
 20
7.96114
 11
54.4285
 21
7.95378
  0
LINE
  8
0
 10
54.4285
 20
7.95378
 11
54.3428
 21
7.95029
  0
LINE
  8
0
 10
54.3428
 20
7.95029
 11
54.2568
 21
7.95029
  0
LINE
  8
0
 10
139.531
 20
5.95041
 11
139.445
 21
5.9539
  0
LINE
  8
0
 10
139.445
 20
5.9539
 11
139.36
 21
5.96088
  0
LINE
  8
0
 10
139.36
 20
5.96088
 11
139.274
 21
5.97173
  0
LINE
  8
0
 10
139.274
 20
5.97173
 11
139.19
 21
5.98607
  0
LINE
  8
0
 10
139.19
 20
5.98607
 11
139.106
 21
6.0039
  0
LINE
  8
0
 10
139.106
 20
6.0039
 11
139.023
 21
6.02521
  0
LINE
  8
0
 10
139.023
 20
6.02521
 11
138.94
 21
6.05002
  0
LINE
  8
0
 10
138.94
 20
6.05002
 11
138.859
 21
6.07831
  0
LINE
  8
0
 10
138.859
 20
6.07831
 11
138.78
 21
6.11009
  0
LINE
  8
0
 10
138.78
 20
6.11009
 11
138.701
 21
6.14497
  0
LINE
  8
0
 10
138.701
 20
6.14497
 11
138.624
 21
6.18296
  0
LINE
  8
0
 10
138.624
 20
6.18296
 11
138.549
 21
6.22443
  0
LINE
  8
0
 10
138.549
 20
6.22443
 11
138.475
 21
6.269
  0
LINE
  8
0
 10
138.475
 20
6.269
 11
138.404
 21
6.31628
  0
LINE
  8
0
 10
138.404
 20
6.31628
 11
138.334
 21
6.36705
  0
LINE
  8
0
 10
138.334
 20
6.36705
 11
138.267
 21
6.42015
  0
LINE
  8
0
 10
138.267
 20
6.42015
 11
138.202
 21
6.47635
  0
LINE
  8
0
 10
138.202
 20
6.47635
 11
138.14
 21
6.53526
  0
LINE
  8
0
 10
138.14
 20
6.53526
 11
138.08
 21
6.5965
  0
LINE
  8
0
 10
138.08
 20
6.5965
 11
138.022
 21
6.66045
  0
LINE
  8
0
 10
138.022
 20
6.66045
 11
137.967
 21
6.72633
  0
LINE
  8
0
 10
137.967
 20
6.72633
 11
137.915
 21
6.79493
  0
LINE
  8
0
 10
137.915
 20
6.79493
 11
137.866
 21
6.86547
  0
LINE
  8
0
 10
137.866
 20
6.86547
 11
137.82
 21
6.93795
  0
LINE
  8
0
 10
137.82
 20
6.93795
 11
137.777
 21
7.01236
  0
LINE
  8
0
 10
137.777
 20
7.01236
 11
137.738
 21
7.08833
  0
LINE
  8
0
 10
137.738
 20
7.08833
 11
137.701
 21
7.16584
  0
LINE
  8
0
 10
137.701
 20
7.16584
 11
137.668
 21
7.24529
  0
LINE
  8
0
 10
137.668
 20
7.24529
 11
137.638
 21
7.32552
  0
LINE
  8
0
 10
137.638
 20
7.32552
 11
137.611
 21
7.4073
  0
LINE
  8
0
 10
137.611
 20
7.4073
 11
137.588
 21
7.48985
  0
LINE
  8
0
 10
137.588
 20
7.48985
 11
137.569
 21
7.57357
  0
LINE
  8
0
 10
137.569
 20
7.57357
 11
137.552
 21
7.65806
  0
LINE
  8
0
 10
137.552
 20
7.65806
 11
137.54
 21
7.74294
  0
LINE
  8
0
 10
137.54
 20
7.74294
 11
137.531
 21
7.8282
  0
LINE
  8
0
 10
137.531
 20
7.8282
 11
137.526
 21
7.91386
  0
LINE
  8
0
 10
137.526
 20
7.91386
 11
137.524
 21
7.9999
  0
LINE
  8
0
 10
137.524
 20
7.9999
 11
137.526
 21
8.08555
  0
LINE
  8
0
 10
137.526
 20
8.08555
 11
137.531
 21
8.17121
  0
LINE
  8
0
 10
137.531
 20
8.17121
 11
137.54
 21
8.25686
  0
LINE
  8
0
 10
137.54
 20
8.25686
 11
137.552
 21
8.34174
  0
LINE
  8
0
 10
137.552
 20
8.34174
 11
137.569
 21
8.42584
  0
LINE
  8
0
 10
137.569
 20
8.42584
 11
137.588
 21
8.50956
  0
LINE
  8
0
 10
137.588
 20
8.50956
 11
137.611
 21
8.5925
  0
LINE
  8
0
 10
137.611
 20
8.5925
 11
137.638
 21
8.67389
  0
LINE
  8
0
 10
137.638
 20
8.67389
 11
137.668
 21
8.7545
  0
LINE
  8
0
 10
137.668
 20
8.7545
 11
137.701
 21
8.83357
  0
LINE
  8
0
 10
137.701
 20
8.83357
 11
137.738
 21
8.91147
  0
LINE
  8
0
 10
137.738
 20
8.91147
 11
137.777
 21
8.98744
  0
LINE
  8
0
 10
137.777
 20
8.98744
 11
137.82
 21
9.06185
  0
LINE
  8
0
 10
137.82
 20
9.06185
 11
137.866
 21
9.13433
  0
LINE
  8
0
 10
137.866
 20
9.13433
 11
137.915
 21
9.20486
  0
LINE
  8
0
 10
137.915
 20
9.20486
 11
137.967
 21
9.27308
  0
LINE
  8
0
 10
137.967
 20
9.27308
 11
138.022
 21
9.33935
  0
LINE
  8
0
 10
138.022
 20
9.33935
 11
138.08
 21
9.4033
  0
LINE
  8
0
 10
138.08
 20
9.4033
 11
138.14
 21
9.46454
  0
LINE
  8
0
 10
138.14
 20
9.46454
 11
138.202
 21
9.52345
  0
LINE
  8
0
 10
138.202
 20
9.52345
 11
138.267
 21
9.57926
  0
LINE
  8
0
 10
138.267
 20
9.57926
 11
138.334
 21
9.63275
  0
LINE
  8
0
 10
138.334
 20
9.63275
 11
138.404
 21
9.68313
  0
LINE
  8
0
 10
138.404
 20
9.68313
 11
138.475
 21
9.7308
  0
LINE
  8
0
 10
138.475
 20
9.7308
 11
138.549
 21
9.77498
  0
LINE
  8
0
 10
138.549
 20
9.77498
 11
138.624
 21
9.81646
  0
LINE
  8
0
 10
138.624
 20
9.81646
 11
138.701
 21
9.85482
  0
LINE
  8
0
 10
138.701
 20
9.85482
 11
138.78
 21
9.88971
  0
LINE
  8
0
 10
138.78
 20
9.88971
 11
138.859
 21
9.9211
  0
LINE
  8
0
 10
138.859
 20
9.9211
 11
138.94
 21
9.94939
  0
LINE
  8
0
 10
138.94
 20
9.94939
 11
139.023
 21
9.9742
  0
LINE
  8
0
 10
139.023
 20
9.9742
 11
139.106
 21
9.99551
  0
LINE
  8
0
 10
139.106
 20
9.99551
 11
139.19
 21
10.0133
  0
LINE
  8
0
 10
139.19
 20
10.0133
 11
139.274
 21
10.0277
  0
LINE
  8
0
 10
139.274
 20
10.0277
 11
139.36
 21
10.0385
  0
LINE
  8
0
 10
139.36
 20
10.0385
 11
139.445
 21
10.0459
  0
LINE
  8
0
 10
139.445
 20
10.0459
 11
139.531
 21
10.0494
  0
LINE
  8
0
 10
139.531
 20
10.0494
 11
139.617
 21
10.0494
  0
LINE
  8
0
 10
139.617
 20
10.0494
 11
139.703
 21
10.0459
  0
LINE
  8
0
 10
139.703
 20
10.0459
 11
139.788
 21
10.0385
  0
LINE
  8
0
 10
139.788
 20
10.0385
 11
139.873
 21
10.0277
  0
LINE
  8
0
 10
139.873
 20
10.0277
 11
139.958
 21
10.0133
  0
LINE
  8
0
 10
139.958
 20
10.0133
 11
140.042
 21
9.99551
  0
LINE
  8
0
 10
140.042
 20
9.99551
 11
140.125
 21
9.9742
  0
LINE
  8
0
 10
140.125
 20
9.9742
 11
140.207
 21
9.94939
  0
LINE
  8
0
 10
140.207
 20
9.94939
 11
140.288
 21
9.9211
  0
LINE
  8
0
 10
140.288
 20
9.9211
 11
140.368
 21
9.88971
  0
LINE
  8
0
 10
140.368
 20
9.88971
 11
140.446
 21
9.85482
  0
LINE
  8
0
 10
140.446
 20
9.85482
 11
140.524
 21
9.81646
  0
LINE
  8
0
 10
140.524
 20
9.81646
 11
140.599
 21
9.77498
  0
LINE
  8
0
 10
140.599
 20
9.77498
 11
140.672
 21
9.7308
  0
LINE
  8
0
 10
140.672
 20
9.7308
 11
140.744
 21
9.68313
  0
LINE
  8
0
 10
140.744
 20
9.68313
 11
140.813
 21
9.63275
  0
LINE
  8
0
 10
140.813
 20
9.63275
 11
140.881
 21
9.57926
  0
LINE
  8
0
 10
140.881
 20
9.57926
 11
140.946
 21
9.52345
  0
LINE
  8
0
 10
140.946
 20
9.52345
 11
141.008
 21
9.46454
  0
LINE
  8
0
 10
141.008
 20
9.46454
 11
141.068
 21
9.4033
  0
LINE
  8
0
 10
141.068
 20
9.4033
 11
141.125
 21
9.33935
  0
LINE
  8
0
 10
141.125
 20
9.33935
 11
141.181
 21
9.27308
  0
LINE
  8
0
 10
141.181
 20
9.27308
 11
141.232
 21
9.20486
  0
LINE
  8
0
 10
141.232
 20
9.20486
 11
141.281
 21
9.13433
  0
LINE
  8
0
 10
141.281
 20
9.13433
 11
141.327
 21
9.06185
  0
LINE
  8
0
 10
141.327
 20
9.06185
 11
141.37
 21
8.98744
  0
LINE
  8
0
 10
141.37
 20
8.98744
 11
141.41
 21
8.91147
  0
LINE
  8
0
 10
141.41
 20
8.91147
 11
141.446
 21
8.83357
  0
LINE
  8
0
 10
141.446
 20
8.83357
 11
141.48
 21
8.7545
  0
LINE
  8
0
 10
141.48
 20
8.7545
 11
141.51
 21
8.67389
  0
LINE
  8
0
 10
141.51
 20
8.67389
 11
141.536
 21
8.5925
  0
LINE
  8
0
 10
141.536
 20
8.5925
 11
141.56
 21
8.50956
  0
LINE
  8
0
 10
141.56
 20
8.50956
 11
141.579
 21
8.42584
  0
LINE
  8
0
 10
141.579
 20
8.42584
 11
141.595
 21
8.34174
  0
LINE
  8
0
 10
141.595
 20
8.34174
 11
141.608
 21
8.25686
  0
LINE
  8
0
 10
141.608
 20
8.25686
 11
141.617
 21
8.17121
  0
LINE
  8
0
 10
141.617
 20
8.17121
 11
141.622
 21
8.08555
  0
LINE
  8
0
 10
141.622
 20
8.08555
 11
141.624
 21
7.9999
  0
LINE
  8
0
 10
141.624
 20
7.9999
 11
141.622
 21
7.91386
  0
LINE
  8
0
 10
141.622
 20
7.91386
 11
141.617
 21
7.8282
  0
LINE
  8
0
 10
141.617
 20
7.8282
 11
141.608
 21
7.74294
  0
LINE
  8
0
 10
141.608
 20
7.74294
 11
141.595
 21
7.65806
  0
LINE
  8
0
 10
141.595
 20
7.65806
 11
141.579
 21
7.57357
  0
LINE
  8
0
 10
141.579
 20
7.57357
 11
141.56
 21
7.48985
  0
LINE
  8
0
 10
141.56
 20
7.48985
 11
141.536
 21
7.4073
  0
LINE
  8
0
 10
141.536
 20
7.4073
 11
141.51
 21
7.32552
  0
LINE
  8
0
 10
141.51
 20
7.32552
 11
141.48
 21
7.24529
  0
LINE
  8
0
 10
141.48
 20
7.24529
 11
141.446
 21
7.16584
  0
LINE
  8
0
 10
141.446
 20
7.16584
 11
141.41
 21
7.08833
  0
LINE
  8
0
 10
141.41
 20
7.08833
 11
141.37
 21
7.01236
  0
LINE
  8
0
 10
141.37
 20
7.01236
 11
141.327
 21
6.93795
  0
LINE
  8
0
 10
141.327
 20
6.93795
 11
141.281
 21
6.86547
  0
LINE
  8
0
 10
141.281
 20
6.86547
 11
141.232
 21
6.79493
  0
LINE
  8
0
 10
141.232
 20
6.79493
 11
141.181
 21
6.72633
  0
LINE
  8
0
 10
141.181
 20
6.72633
 11
141.125
 21
6.66045
  0
LINE
  8
0
 10
141.125
 20
6.66045
 11
141.068
 21
6.5965
  0
LINE
  8
0
 10
141.068
 20
6.5965
 11
141.008
 21
6.53526
  0
LINE
  8
0
 10
141.008
 20
6.53526
 11
140.946
 21
6.47635
  0
LINE
  8
0
 10
140.946
 20
6.47635
 11
140.881
 21
6.42015
  0
LINE
  8
0
 10
140.881
 20
6.42015
 11
140.813
 21
6.36705
  0
LINE
  8
0
 10
140.813
 20
6.36705
 11
140.744
 21
6.31628
  0
LINE
  8
0
 10
140.744
 20
6.31628
 11
140.672
 21
6.269
  0
LINE
  8
0
 10
140.672
 20
6.269
 11
140.599
 21
6.22443
  0
LINE
  8
0
 10
140.599
 20
6.22443
 11
140.524
 21
6.18296
  0
LINE
  8
0
 10
140.524
 20
6.18296
 11
140.446
 21
6.14497
  0
LINE
  8
0
 10
140.446
 20
6.14497
 11
140.368
 21
6.11009
  0
LINE
  8
0
 10
140.368
 20
6.11009
 11
140.288
 21
6.07831
  0
LINE
  8
0
 10
140.288
 20
6.07831
 11
140.207
 21
6.05002
  0
LINE
  8
0
 10
140.207
 20
6.05002
 11
140.125
 21
6.02521
  0
LINE
  8
0
 10
140.125
 20
6.02521
 11
140.042
 21
6.0039
  0
LINE
  8
0
 10
140.042
 20
6.0039
 11
139.958
 21
5.98607
  0
LINE
  8
0
 10
139.958
 20
5.98607
 11
139.873
 21
5.97173
  0
LINE
  8
0
 10
139.873
 20
5.97173
 11
139.788
 21
5.96088
  0
LINE
  8
0
 10
139.788
 20
5.96088
 11
139.703
 21
5.9539
  0
LINE
  8
0
 10
139.703
 20
5.9539
 11
139.617
 21
5.95041
  0
LINE
  8
0
 10
139.617
 20
5.95041
 11
139.531
 21
5.95041
  0
LINE
  8
0
 10
86.3168
 20
-2.04949
 11
86.2312
 21
-2.04561
  0
LINE
  8
0
 10
86.2312
 20
-2.04561
 11
86.1455
 21
-2.03864
  0
LINE
  8
0
 10
86.1455
 20
-2.03864
 11
86.0603
 21
-2.02778
  0
LINE
  8
0
 10
86.0603
 20
-2.02778
 11
85.9758
 21
-2.01344
  0
LINE
  8
0
 10
85.9758
 20
-2.01344
 11
85.8917
 21
-1.99561
  0
LINE
  8
0
 10
85.8917
 20
-1.99561
 11
85.8083
 21
-1.9743
  0
LINE
  8
0
 10
85.8083
 20
-1.9743
 11
85.7262
 21
-1.94949
  0
LINE
  8
0
 10
85.7262
 20
-1.94949
 11
85.6452
 21
-1.9212
  0
LINE
  8
0
 10
85.6452
 20
-1.9212
 11
85.5653
 21
-1.88981
  0
LINE
  8
0
 10
85.5653
 20
-1.88981
 11
85.487
 21
-1.85454
  0
LINE
  8
0
 10
85.487
 20
-1.85454
 11
85.4099
 21
-1.81656
  0
LINE
  8
0
 10
85.4099
 20
-1.81656
 11
85.3347
 21
-1.77509
  0
LINE
  8
0
 10
85.3347
 20
-1.77509
 11
85.2615
 21
-1.73051
  0
LINE
  8
0
 10
85.2615
 20
-1.73051
 11
85.1898
 21
-1.68323
  0
LINE
  8
0
 10
85.1898
 20
-1.68323
 11
85.1204
 21
-1.63285
  0
LINE
  8
0
 10
85.1204
 20
-1.63285
 11
85.0529
 21
-1.57936
  0
LINE
  8
0
 10
85.0529
 20
-1.57936
 11
84.9882
 21
-1.52316
  0
LINE
  8
0
 10
84.9882
 20
-1.52316
 11
84.9254
 21
-1.46464
  0
LINE
  8
0
 10
84.9254
 20
-1.46464
 11
84.8654
 21
-1.40302
  0
LINE
  8
0
 10
84.8654
 20
-1.40302
 11
84.808
 21
-1.33945
  0
LINE
  8
0
 10
84.808
 20
-1.33945
 11
84.7534
 21
-1.27318
  0
LINE
  8
0
 10
84.7534
 20
-1.27318
 11
84.7014
 21
-1.20458
  0
LINE
  8
0
 10
84.7014
 20
-1.20458
 11
84.6522
 21
-1.13443
  0
LINE
  8
0
 10
84.6522
 20
-1.13443
 11
84.6065
 21
-1.06195
  0
LINE
  8
0
 10
84.6065
 20
-1.06195
 11
84.5634
 21
-0.987537
  0
LINE
  8
0
 10
84.5634
 20
-0.987537
 11
84.5235
 21
-0.911185
  0
LINE
  8
0
 10
84.5235
 20
-0.911185
 11
84.4871
 21
-0.83367
  0
LINE
  8
0
 10
84.4871
 20
-0.83367
 11
84.4538
 21
-0.754605
  0
LINE
  8
0
 10
84.4538
 20
-0.754605
 11
84.4239
 21
-0.67399
  0
LINE
  8
0
 10
84.4239
 20
-0.67399
 11
84.3972
 21
-0.592212
  0
LINE
  8
0
 10
84.3972
 20
-0.592212
 11
84.3743
 21
-0.509659
  0
LINE
  8
0
 10
84.3743
 20
-0.509659
 11
84.3545
 21
-0.425943
  0
LINE
  8
0
 10
84.3545
 20
-0.425943
 11
84.3387
 21
-0.34184
  0
LINE
  8
0
 10
84.3387
 20
-0.34184
 11
84.3259
 21
-0.256573
  0
LINE
  8
0
 10
84.3259
 20
-0.256573
 11
84.3169
 21
-0.171307
  0
LINE
  8
0
 10
84.3169
 20
-0.171307
 11
84.3115
 21
-0.0856537
  0
LINE
  8
0
 10
84.3115
 20
-0.0856537
 11
84.31
 21
0
  0
LINE
  8
0
 10
84.31
 20
0
 11
84.3115
 21
0.0856537
  0
LINE
  8
0
 10
84.3115
 20
0.0856537
 11
84.3169
 21
0.171307
  0
LINE
  8
0
 10
84.3169
 20
0.171307
 11
84.3259
 21
0.256573
  0
LINE
  8
0
 10
84.3259
 20
0.256573
 11
84.3387
 21
0.34184
  0
LINE
  8
0
 10
84.3387
 20
0.34184
 11
84.3545
 21
0.425943
  0
LINE
  8
0
 10
84.3545
 20
0.425943
 11
84.3743
 21
0.509659
  0
LINE
  8
0
 10
84.3743
 20
0.509659
 11
84.3972
 21
0.592212
  0
LINE
  8
0
 10
84.3972
 20
0.592212
 11
84.4239
 21
0.67399
  0
LINE
  8
0
 10
84.4239
 20
0.67399
 11
84.4538
 21
0.754605
  0
LINE
  8
0
 10
84.4538
 20
0.754605
 11
84.4871
 21
0.83367
  0
LINE
  8
0
 10
84.4871
 20
0.83367
 11
84.5235
 21
0.911185
  0
LINE
  8
0
 10
84.5235
 20
0.911185
 11
84.5634
 21
0.987537
  0
LINE
  8
0
 10
84.5634
 20
0.987537
 11
84.6065
 21
1.06195
  0
LINE
  8
0
 10
84.6065
 20
1.06195
 11
84.6522
 21
1.13443
  0
LINE
  8
0
 10
84.6522
 20
1.13443
 11
84.7014
 21
1.20458
  0
LINE
  8
0
 10
84.7014
 20
1.20458
 11
84.7534
 21
1.27318
  0
LINE
  8
0
 10
84.7534
 20
1.27318
 11
84.808
 21
1.33945
  0
LINE
  8
0
 10
84.808
 20
1.33945
 11
84.8654
 21
1.40302
  0
LINE
  8
0
 10
84.8654
 20
1.40302
 11
84.9254
 21
1.46464
  0
LINE
  8
0
 10
84.9254
 20
1.46464
 11
84.9882
 21
1.52316
  0
LINE
  8
0
 10
84.9882
 20
1.52316
 11
85.0529
 21
1.57936
  0
LINE
  8
0
 10
85.0529
 20
1.57936
 11
85.1204
 21
1.63285
  0
LINE
  8
0
 10
85.1204
 20
1.63285
 11
85.1898
 21
1.68323
  0
LINE
  8
0
 10
85.1898
 20
1.68323
 11
85.2615
 21
1.73051
  0
LINE
  8
0
 10
85.2615
 20
1.73051
 11
85.3347
 21
1.77509
  0
LINE
  8
0
 10
85.3347
 20
1.77509
 11
85.4099
 21
1.81656
  0
LINE
  8
0
 10
85.4099
 20
1.81656
 11
85.487
 21
1.85454
  0
LINE
  8
0
 10
85.487
 20
1.85454
 11
85.5653
 21
1.88981
  0
LINE
  8
0
 10
85.5653
 20
1.88981
 11
85.6452
 21
1.9212
  0
LINE
  8
0
 10
85.6452
 20
1.9212
 11
85.7262
 21
1.94949
  0
LINE
  8
0
 10
85.7262
 20
1.94949
 11
85.8083
 21
1.9743
  0
LINE
  8
0
 10
85.8083
 20
1.9743
 11
85.8917
 21
1.99561
  0
LINE
  8
0
 10
85.8917
 20
1.99561
 11
85.9758
 21
2.01344
  0
LINE
  8
0
 10
85.9758
 20
2.01344
 11
86.0603
 21
2.02778
  0
LINE
  8
0
 10
86.0603
 20
2.02778
 11
86.1455
 21
2.03864
  0
LINE
  8
0
 10
86.1455
 20
2.03864
 11
86.2312
 21
2.04561
  0
LINE
  8
0
 10
86.2312
 20
2.04561
 11
86.3168
 21
2.04949
  0
LINE
  8
0
 10
86.3168
 20
2.04949
 11
86.4029
 21
2.04949
  0
LINE
  8
0
 10
86.4029
 20
2.04949
 11
86.4885
 21
2.04561
  0
LINE
  8
0
 10
86.4885
 20
2.04561
 11
86.5742
 21
2.03864
  0
LINE
  8
0
 10
86.5742
 20
2.03864
 11
86.6594
 21
2.02778
  0
LINE
  8
0
 10
86.6594
 20
2.02778
 11
86.7439
 21
2.01344
  0
LINE
  8
0
 10
86.7439
 20
2.01344
 11
86.828
 21
1.99561
  0
LINE
  8
0
 10
86.828
 20
1.99561
 11
86.911
 21
1.9743
  0
LINE
  8
0
 10
86.911
 20
1.9743
 11
86.9931
 21
1.94949
  0
LINE
  8
0
 10
86.9931
 20
1.94949
 11
87.0745
 21
1.9212
  0
LINE
  8
0
 10
87.0745
 20
1.9212
 11
87.1544
 21
1.88981
  0
LINE
  8
0
 10
87.1544
 20
1.88981
 11
87.2327
 21
1.85454
  0
LINE
  8
0
 10
87.2327
 20
1.85454
 11
87.3094
 21
1.81656
  0
LINE
  8
0
 10
87.3094
 20
1.81656
 11
87.385
 21
1.77509
  0
LINE
  8
0
 10
87.385
 20
1.77509
 11
87.4582
 21
1.73051
  0
LINE
  8
0
 10
87.4582
 20
1.73051
 11
87.5299
 21
1.68323
  0
LINE
  8
0
 10
87.5299
 20
1.68323
 11
87.5993
 21
1.63285
  0
LINE
  8
0
 10
87.5993
 20
1.63285
 11
87.6664
 21
1.57936
  0
LINE
  8
0
 10
87.6664
 20
1.57936
 11
87.7315
 21
1.52316
  0
LINE
  8
0
 10
87.7315
 20
1.52316
 11
87.7943
 21
1.46464
  0
LINE
  8
0
 10
87.7943
 20
1.46464
 11
87.8543
 21
1.40302
  0
LINE
  8
0
 10
87.8543
 20
1.40302
 11
87.9117
 21
1.33945
  0
LINE
  8
0
 10
87.9117
 20
1.33945
 11
87.9663
 21
1.27318
  0
LINE
  8
0
 10
87.9663
 20
1.27318
 11
88.0183
 21
1.20458
  0
LINE
  8
0
 10
88.0183
 20
1.20458
 11
88.0675
 21
1.13443
  0
LINE
  8
0
 10
88.0675
 20
1.13443
 11
88.1132
 21
1.06195
  0
LINE
  8
0
 10
88.1132
 20
1.06195
 11
88.1562
 21
0.987537
  0
LINE
  8
0
 10
88.1562
 20
0.987537
 11
88.1962
 21
0.911185
  0
LINE
  8
0
 10
88.1962
 20
0.911185
 11
88.2326
 21
0.83367
  0
LINE
  8
0
 10
88.2326
 20
0.83367
 11
88.2659
 21
0.754605
  0
LINE
  8
0
 10
88.2659
 20
0.754605
 11
88.2958
 21
0.67399
  0
LINE
  8
0
 10
88.2958
 20
0.67399
 11
88.3221
 21
0.592212
  0
LINE
  8
0
 10
88.3221
 20
0.592212
 11
88.3454
 21
0.509659
  0
LINE
  8
0
 10
88.3454
 20
0.509659
 11
88.3651
 21
0.425943
  0
LINE
  8
0
 10
88.3651
 20
0.425943
 11
88.381
 21
0.34184
  0
LINE
  8
0
 10
88.381
 20
0.34184
 11
88.3938
 21
0.256573
  0
LINE
  8
0
 10
88.3938
 20
0.256573
 11
88.4027
 21
0.171307
  0
LINE
  8
0
 10
88.4027
 20
0.171307
 11
88.4082
 21
0.0856537
  0
LINE
  8
0
 10
88.4082
 20
0.0856537
 11
88.4097
 21
0
  0
LINE
  8
0
 10
88.4097
 20
0
 11
88.4082
 21
-0.0856537
  0
LINE
  8
0
 10
88.4082
 20
-0.0856537
 11
88.4027
 21
-0.171307
  0
LINE
  8
0
 10
88.4027
 20
-0.171307
 11
88.3938
 21
-0.256573
  0
LINE
  8
0
 10
88.3938
 20
-0.256573
 11
88.381
 21
-0.34184
  0
LINE
  8
0
 10
88.381
 20
-0.34184
 11
88.3651
 21
-0.425943
  0
LINE
  8
0
 10
88.3651
 20
-0.425943
 11
88.3454
 21
-0.509659
  0
LINE
  8
0
 10
88.3454
 20
-0.509659
 11
88.3221
 21
-0.592212
  0
LINE
  8
0
 10
88.3221
 20
-0.592212
 11
88.2958
 21
-0.67399
  0
LINE
  8
0
 10
88.2958
 20
-0.67399
 11
88.2659
 21
-0.754605
  0
LINE
  8
0
 10
88.2659
 20
-0.754605
 11
88.2326
 21
-0.83367
  0
LINE
  8
0
 10
88.2326
 20
-0.83367
 11
88.1962
 21
-0.911185
  0
LINE
  8
0
 10
88.1962
 20
-0.911185
 11
88.1562
 21
-0.987537
  0
LINE
  8
0
 10
88.1562
 20
-0.987537
 11
88.1132
 21
-1.06195
  0
LINE
  8
0
 10
88.1132
 20
-1.06195
 11
88.0675
 21
-1.13443
  0
LINE
  8
0
 10
88.0675
 20
-1.13443
 11
88.0183
 21
-1.20458
  0
LINE
  8
0
 10
88.0183
 20
-1.20458
 11
87.9663
 21
-1.27318
  0
LINE
  8
0
 10
87.9663
 20
-1.27318
 11
87.9117
 21
-1.33945
  0
LINE
  8
0
 10
87.9117
 20
-1.33945
 11
87.8543
 21
-1.40302
  0
LINE
  8
0
 10
87.8543
 20
-1.40302
 11
87.7943
 21
-1.46464
  0
LINE
  8
0
 10
87.7943
 20
-1.46464
 11
87.7315
 21
-1.52316
  0
LINE
  8
0
 10
87.7315
 20
-1.52316
 11
87.6664
 21
-1.57936
  0
LINE
  8
0
 10
87.6664
 20
-1.57936
 11
87.5993
 21
-1.63285
  0
LINE
  8
0
 10
87.5993
 20
-1.63285
 11
87.5299
 21
-1.68323
  0
LINE
  8
0
 10
87.5299
 20
-1.68323
 11
87.4582
 21
-1.73051
  0
LINE
  8
0
 10
87.4582
 20
-1.73051
 11
87.385
 21
-1.77509
  0
LINE
  8
0
 10
87.385
 20
-1.77509
 11
87.3094
 21
-1.81656
  0
LINE
  8
0
 10
87.3094
 20
-1.81656
 11
87.2327
 21
-1.85454
  0
LINE
  8
0
 10
87.2327
 20
-1.85454
 11
87.1544
 21
-1.88981
  0
LINE
  8
0
 10
87.1544
 20
-1.88981
 11
87.0745
 21
-1.9212
  0
LINE
  8
0
 10
87.0745
 20
-1.9212
 11
86.9931
 21
-1.94949
  0
LINE
  8
0
 10
86.9931
 20
-1.94949
 11
86.911
 21
-1.9743
  0
LINE
  8
0
 10
86.911
 20
-1.9743
 11
86.828
 21
-1.99561
  0
LINE
  8
0
 10
86.828
 20
-1.99561
 11
86.7439
 21
-2.01344
  0
LINE
  8
0
 10
86.7439
 20
-2.01344
 11
86.6594
 21
-2.02778
  0
LINE
  8
0
 10
86.6594
 20
-2.02778
 11
86.5742
 21
-2.03864
  0
LINE
  8
0
 10
86.5742
 20
-2.03864
 11
86.4885
 21
-2.04561
  0
LINE
  8
0
 10
86.4885
 20
-2.04561
 11
86.4029
 21
-2.04949
  0
LINE
  8
0
 10
86.4029
 20
-2.04949
 11
86.3168
 21
-2.04949
  0
LINE
  8
0
 10
9.22696
 20
-2.04949
 11
9.14091
 21
-2.04561
  0
LINE
  8
0
 10
9.14091
 20
-2.04561
 11
9.05565
 21
-2.03864
  0
LINE
  8
0
 10
9.05565
 20
-2.03864
 11
8.97038
 21
-2.02778
  0
LINE
  8
0
 10
8.97038
 20
-2.02778
 11
8.8855
 21
-2.01344
  0
LINE
  8
0
 10
8.8855
 20
-2.01344
 11
8.80179
 21
-1.99561
  0
LINE
  8
0
 10
8.80179
 20
-1.99561
 11
8.71846
 21
-1.9743
  0
LINE
  8
0
 10
8.71846
 20
-1.9743
 11
8.63629
 21
-1.94949
  0
LINE
  8
0
 10
8.63629
 20
-1.94949
 11
8.55529
 21
-1.9212
  0
LINE
  8
0
 10
8.55529
 20
-1.9212
 11
8.47545
 21
-1.88981
  0
LINE
  8
0
 10
8.47545
 20
-1.88981
 11
8.39677
 21
-1.85454
  0
LINE
  8
0
 10
8.39677
 20
-1.85454
 11
8.32003
 21
-1.81656
  0
LINE
  8
0
 10
8.32003
 20
-1.81656
 11
8.24485
 21
-1.77509
  0
LINE
  8
0
 10
8.24485
 20
-1.77509
 11
8.17121
 21
-1.73051
  0
LINE
  8
0
 10
8.17121
 20
-1.73051
 11
8.09989
 21
-1.68323
  0
LINE
  8
0
 10
8.09989
 20
-1.68323
 11
8.03052
 21
-1.63285
  0
LINE
  8
0
 10
8.03052
 20
-1.63285
 11
7.96308
 21
-1.57936
  0
LINE
  8
0
 10
7.96308
 20
-1.57936
 11
7.89797
 21
-1.52316
  0
LINE
  8
0
 10
7.89797
 20
-1.52316
 11
7.83557
 21
-1.46464
  0
LINE
  8
0
 10
7.83557
 20
-1.46464
 11
7.77549
 21
-1.40302
  0
LINE
  8
0
 10
7.77549
 20
-1.40302
 11
7.71813
 21
-1.33945
  0
LINE
  8
0
 10
7.71813
 20
-1.33945
 11
7.6631
 21
-1.27318
  0
LINE
  8
0
 10
7.6631
 20
-1.27318
 11
7.61116
 21
-1.20458
  0
LINE
  8
0
 10
7.61116
 20
-1.20458
 11
7.56233
 21
-1.13443
  0
LINE
  8
0
 10
7.56233
 20
-1.13443
 11
7.51621
 21
-1.06195
  0
LINE
  8
0
 10
7.51621
 20
-1.06195
 11
7.47319
 21
-0.987537
  0
LINE
  8
0
 10
7.47319
 20
-0.987537
 11
7.43365
 21
-0.911185
  0
LINE
  8
0
 10
7.43365
 20
-0.911185
 11
7.39722
 21
-0.83367
  0
LINE
  8
0
 10
7.39722
 20
-0.83367
 11
7.36389
 21
-0.754605
  0
LINE
  8
0
 10
7.36389
 20
-0.754605
 11
7.33366
 21
-0.67399
  0
LINE
  8
0
 10
7.33366
 20
-0.67399
 11
7.30731
 21
-0.592212
  0
LINE
  8
0
 10
7.30731
 20
-0.592212
 11
7.28405
 21
-0.509659
  0
LINE
  8
0
 10
7.28405
 20
-0.509659
 11
7.26467
 21
-0.425943
  0
LINE
  8
0
 10
7.26467
 20
-0.425943
 11
7.24839
 21
-0.34184
  0
LINE
  8
0
 10
7.24839
 20
-0.34184
 11
7.23599
 21
-0.256573
  0
LINE
  8
0
 10
7.23599
 20
-0.256573
 11
7.22708
 21
-0.171307
  0
LINE
  8
0
 10
7.22708
 20
-0.171307
 11
7.22165
 21
-0.0856537
  0
LINE
  8
0
 10
7.22165
 20
-0.0856537
 11
7.21971
 21
0
  0
LINE
  8
0
 10
7.21971
 20
0
 11
7.22165
 21
0.0856537
  0
LINE
  8
0
 10
7.22165
 20
0.0856537
 11
7.22708
 21
0.171307
  0
LINE
  8
0
 10
7.22708
 20
0.171307
 11
7.23599
 21
0.256573
  0
LINE
  8
0
 10
7.23599
 20
0.256573
 11
7.24839
 21
0.34184
  0
LINE
  8
0
 10
7.24839
 20
0.34184
 11
7.26467
 21
0.425943
  0
LINE
  8
0
 10
7.26467
 20
0.425943
 11
7.28405
 21
0.509659
  0
LINE
  8
0
 10
7.28405
 20
0.509659
 11
7.30731
 21
0.592212
  0
LINE
  8
0
 10
7.30731
 20
0.592212
 11
7.33366
 21
0.67399
  0
LINE
  8
0
 10
7.33366
 20
0.67399
 11
7.36389
 21
0.754605
  0
LINE
  8
0
 10
7.36389
 20
0.754605
 11
7.39722
 21
0.83367
  0
LINE
  8
0
 10
7.39722
 20
0.83367
 11
7.43365
 21
0.911185
  0
LINE
  8
0
 10
7.43365
 20
0.911185
 11
7.47319
 21
0.987537
  0
LINE
  8
0
 10
7.47319
 20
0.987537
 11
7.51621
 21
1.06195
  0
LINE
  8
0
 10
7.51621
 20
1.06195
 11
7.56233
 21
1.13443
  0
LINE
  8
0
 10
7.56233
 20
1.13443
 11
7.61116
 21
1.20458
  0
LINE
  8
0
 10
7.61116
 20
1.20458
 11
7.6631
 21
1.27318
  0
LINE
  8
0
 10
7.6631
 20
1.27318
 11
7.71813
 21
1.33945
  0
LINE
  8
0
 10
7.71813
 20
1.33945
 11
7.77549
 21
1.40302
  0
LINE
  8
0
 10
7.77549
 20
1.40302
 11
7.83557
 21
1.46464
  0
LINE
  8
0
 10
7.83557
 20
1.46464
 11
7.89797
 21
1.52316
  0
LINE
  8
0
 10
7.89797
 20
1.52316
 11
7.96308
 21
1.57936
  0
LINE
  8
0
 10
7.96308
 20
1.57936
 11
8.03052
 21
1.63285
  0
LINE
  8
0
 10
8.03052
 20
1.63285
 11
8.09989
 21
1.68323
  0
LINE
  8
0
 10
8.09989
 20
1.68323
 11
8.17121
 21
1.73051
  0
LINE
  8
0
 10
8.17121
 20
1.73051
 11
8.24485
 21
1.77509
  0
LINE
  8
0
 10
8.24485
 20
1.77509
 11
8.32003
 21
1.81656
  0
LINE
  8
0
 10
8.32003
 20
1.81656
 11
8.39677
 21
1.85454
  0
LINE
  8
0
 10
8.39677
 20
1.85454
 11
8.47545
 21
1.88981
  0
LINE
  8
0
 10
8.47545
 20
1.88981
 11
8.55529
 21
1.9212
  0
LINE
  8
0
 10
8.55529
 20
1.9212
 11
8.63629
 21
1.94949
  0
LINE
  8
0
 10
8.63629
 20
1.94949
 11
8.71846
 21
1.9743
  0
LINE
  8
0
 10
8.71846
 20
1.9743
 11
8.80179
 21
1.99561
  0
LINE
  8
0
 10
8.80179
 20
1.99561
 11
8.8855
 21
2.01344
  0
LINE
  8
0
 10
8.8855
 20
2.01344
 11
8.97038
 21
2.02778
  0
LINE
  8
0
 10
8.97038
 20
2.02778
 11
9.05565
 21
2.03864
  0
LINE
  8
0
 10
9.05565
 20
2.03864
 11
9.14091
 21
2.04561
  0
LINE
  8
0
 10
9.14091
 20
2.04561
 11
9.22696
 21
2.04949
  0
LINE
  8
0
 10
9.22696
 20
2.04949
 11
9.31261
 21
2.04949
  0
LINE
  8
0
 10
9.31261
 20
2.04949
 11
9.39865
 21
2.04561
  0
LINE
  8
0
 10
9.39865
 20
2.04561
 11
9.48392
 21
2.03864
  0
LINE
  8
0
 10
9.48392
 20
2.03864
 11
9.56918
 21
2.02778
  0
LINE
  8
0
 10
9.56918
 20
2.02778
 11
9.65406
 21
2.01344
  0
LINE
  8
0
 10
9.65406
 20
2.01344
 11
9.73778
 21
1.99561
  0
LINE
  8
0
 10
9.73778
 20
1.99561
 11
9.82111
 21
1.9743
  0
LINE
  8
0
 10
9.82111
 20
1.9743
 11
9.90327
 21
1.94949
  0
LINE
  8
0
 10
9.90327
 20
1.94949
 11
9.98427
 21
1.9212
  0
LINE
  8
0
 10
9.98427
 20
1.9212
 11
10.0641
 21
1.88981
  0
LINE
  8
0
 10
10.0641
 20
1.88981
 11
10.1428
 21
1.85454
  0
LINE
  8
0
 10
10.1428
 20
1.85454
 11
10.2195
 21
1.81656
  0
LINE
  8
0
 10
10.2195
 20
1.81656
 11
10.2947
 21
1.77509
  0
LINE
  8
0
 10
10.2947
 20
1.77509
 11
10.3684
 21
1.73051
  0
LINE
  8
0
 10
10.3684
 20
1.73051
 11
10.4397
 21
1.68323
  0
LINE
  8
0
 10
10.4397
 20
1.68323
 11
10.509
 21
1.63285
  0
LINE
  8
0
 10
10.509
 20
1.63285
 11
10.5765
 21
1.57936
  0
LINE
  8
0
 10
10.5765
 20
1.57936
 11
10.6416
 21
1.52316
  0
LINE
  8
0
 10
10.6416
 20
1.52316
 11
10.704
 21
1.46464
  0
LINE
  8
0
 10
10.704
 20
1.46464
 11
10.7641
 21
1.40302
  0
LINE
  8
0
 10
10.7641
 20
1.40302
 11
10.8218
 21
1.33945
  0
LINE
  8
0
 10
10.8218
 20
1.33945
 11
10.8765
 21
1.27318
  0
LINE
  8
0
 10
10.8765
 20
1.27318
 11
10.9284
 21
1.20458
  0
LINE
  8
0
 10
10.9284
 20
1.20458
 11
10.9772
 21
1.13443
  0
LINE
  8
0
 10
10.9772
 20
1.13443
 11
11.0234
 21
1.06195
  0
LINE
  8
0
 10
11.0234
 20
1.06195
 11
11.0664
 21
0.987537
  0
LINE
  8
0
 10
11.0664
 20
0.987537
 11
11.1059
 21
0.911185
  0
LINE
  8
0
 10
11.1059
 20
0.911185
 11
11.1427
 21
0.83367
  0
LINE
  8
0
 10
11.1427
 20
0.83367
 11
11.1757
 21
0.754605
  0
LINE
  8
0
 10
11.1757
 20
0.754605
 11
11.2059
 21
0.67399
  0
LINE
  8
0
 10
11.2059
 20
0.67399
 11
11.2323
 21
0.592212
  0
LINE
  8
0
 10
11.2323
 20
0.592212
 11
11.2555
 21
0.509659
  0
LINE
  8
0
 10
11.2555
 20
0.509659
 11
11.2749
 21
0.425943
  0
LINE
  8
0
 10
11.2749
 20
0.425943
 11
11.2912
 21
0.34184
  0
LINE
  8
0
 10
11.2912
 20
0.34184
 11
11.3036
 21
0.256573
  0
LINE
  8
0
 10
11.3036
 20
0.256573
 11
11.3125
 21
0.171307
  0
LINE
  8
0
 10
11.3125
 20
0.171307
 11
11.3179
 21
0.0856537
  0
LINE
  8
0
 10
11.3179
 20
0.0856537
 11
11.3199
 21
0
  0
LINE
  8
0
 10
11.3199
 20
0
 11
11.3179
 21
-0.0856537
  0
LINE
  8
0
 10
11.3179
 20
-0.0856537
 11
11.3125
 21
-0.171307
  0
LINE
  8
0
 10
11.3125
 20
-0.171307
 11
11.3036
 21
-0.256573
  0
LINE
  8
0
 10
11.3036
 20
-0.256573
 11
11.2912
 21
-0.34184
  0
LINE
  8
0
 10
11.2912
 20
-0.34184
 11
11.2749
 21
-0.425943
  0
LINE
  8
0
 10
11.2749
 20
-0.425943
 11
11.2555
 21
-0.509659
  0
LINE
  8
0
 10
11.2555
 20
-0.509659
 11
11.2323
 21
-0.592212
  0
LINE
  8
0
 10
11.2323
 20
-0.592212
 11
11.2059
 21
-0.67399
  0
LINE
  8
0
 10
11.2059
 20
-0.67399
 11
11.1757
 21
-0.754605
  0
LINE
  8
0
 10
11.1757
 20
-0.754605
 11
11.1427
 21
-0.83367
  0
LINE
  8
0
 10
11.1427
 20
-0.83367
 11
11.1059
 21
-0.911185
  0
LINE
  8
0
 10
11.1059
 20
-0.911185
 11
11.0664
 21
-0.987537
  0
LINE
  8
0
 10
11.0664
 20
-0.987537
 11
11.0234
 21
-1.06195
  0
LINE
  8
0
 10
11.0234
 20
-1.06195
 11
10.9772
 21
-1.13443
  0
LINE
  8
0
 10
10.9772
 20
-1.13443
 11
10.9284
 21
-1.20458
  0
LINE
  8
0
 10
10.9284
 20
-1.20458
 11
10.8765
 21
-1.27318
  0
LINE
  8
0
 10
10.8765
 20
-1.27318
 11
10.8218
 21
-1.33945
  0
LINE
  8
0
 10
10.8218
 20
-1.33945
 11
10.7641
 21
-1.40302
  0
LINE
  8
0
 10
10.7641
 20
-1.40302
 11
10.704
 21
-1.46464
  0
LINE
  8
0
 10
10.704
 20
-1.46464
 11
10.6416
 21
-1.52316
  0
LINE
  8
0
 10
10.6416
 20
-1.52316
 11
10.5765
 21
-1.57936
  0
LINE
  8
0
 10
10.5765
 20
-1.57936
 11
10.509
 21
-1.63285
  0
LINE
  8
0
 10
10.509
 20
-1.63285
 11
10.4397
 21
-1.68323
  0
LINE
  8
0
 10
10.4397
 20
-1.68323
 11
10.3684
 21
-1.73051
  0
LINE
  8
0
 10
10.3684
 20
-1.73051
 11
10.2947
 21
-1.77509
  0
LINE
  8
0
 10
10.2947
 20
-1.77509
 11
10.2195
 21
-1.81656
  0
LINE
  8
0
 10
10.2195
 20
-1.81656
 11
10.1428
 21
-1.85454
  0
LINE
  8
0
 10
10.1428
 20
-1.85454
 11
10.0641
 21
-1.88981
  0
LINE
  8
0
 10
10.0641
 20
-1.88981
 11
9.98427
 21
-1.9212
  0
LINE
  8
0
 10
9.98427
 20
-1.9212
 11
9.90327
 21
-1.94949
  0
LINE
  8
0
 10
9.90327
 20
-1.94949
 11
9.82111
 21
-1.9743
  0
LINE
  8
0
 10
9.82111
 20
-1.9743
 11
9.73778
 21
-1.99561
  0
LINE
  8
0
 10
9.73778
 20
-1.99561
 11
9.65406
 21
-2.01344
  0
LINE
  8
0
 10
9.65406
 20
-2.01344
 11
9.56918
 21
-2.02778
  0
LINE
  8
0
 10
9.56918
 20
-2.02778
 11
9.48392
 21
-2.03864
  0
LINE
  8
0
 10
9.48392
 20
-2.03864
 11
9.39865
 21
-2.04561
  0
LINE
  8
0
 10
9.39865
 20
-2.04561
 11
9.31261
 21
-2.04949
  0
LINE
  8
0
 10
9.31261
 20
-2.04949
 11
9.22696
 21
-2.04949
  0
LINE
  8
0
 10
139.531
 20
-2.04949
 11
139.445
 21
-2.04561
  0
LINE
  8
0
 10
139.445
 20
-2.04561
 11
139.36
 21
-2.03864
  0
LINE
  8
0
 10
139.36
 20
-2.03864
 11
139.274
 21
-2.02778
  0
LINE
  8
0
 10
139.274
 20
-2.02778
 11
139.19
 21
-2.01344
  0
LINE
  8
0
 10
139.19
 20
-2.01344
 11
139.106
 21
-1.99561
  0
LINE
  8
0
 10
139.106
 20
-1.99561
 11
139.023
 21
-1.9743
  0
LINE
  8
0
 10
139.023
 20
-1.9743
 11
138.94
 21
-1.94949
  0
LINE
  8
0
 10
138.94
 20
-1.94949
 11
138.859
 21
-1.9212
  0
LINE
  8
0
 10
138.859
 20
-1.9212
 11
138.78
 21
-1.88981
  0
LINE
  8
0
 10
138.78
 20
-1.88981
 11
138.701
 21
-1.85454
  0
LINE
  8
0
 10
138.701
 20
-1.85454
 11
138.624
 21
-1.81656
  0
LINE
  8
0
 10
138.624
 20
-1.81656
 11
138.549
 21
-1.77509
  0
LINE
  8
0
 10
138.549
 20
-1.77509
 11
138.475
 21
-1.73051
  0
LINE
  8
0
 10
138.475
 20
-1.73051
 11
138.404
 21
-1.68323
  0
LINE
  8
0
 10
138.404
 20
-1.68323
 11
138.334
 21
-1.63285
  0
LINE
  8
0
 10
138.334
 20
-1.63285
 11
138.267
 21
-1.57936
  0
LINE
  8
0
 10
138.267
 20
-1.57936
 11
138.202
 21
-1.52316
  0
LINE
  8
0
 10
138.202
 20
-1.52316
 11
138.14
 21
-1.46464
  0
LINE
  8
0
 10
138.14
 20
-1.46464
 11
138.08
 21
-1.40302
  0
LINE
  8
0
 10
138.08
 20
-1.40302
 11
138.022
 21
-1.33945
  0
LINE
  8
0
 10
138.022
 20
-1.33945
 11
137.967
 21
-1.27318
  0
LINE
  8
0
 10
137.967
 20
-1.27318
 11
137.915
 21
-1.20458
  0
LINE
  8
0
 10
137.915
 20
-1.20458
 11
137.866
 21
-1.13443
  0
LINE
  8
0
 10
137.866
 20
-1.13443
 11
137.82
 21
-1.06195
  0
LINE
  8
0
 10
137.82
 20
-1.06195
 11
137.777
 21
-0.987537
  0
LINE
  8
0
 10
137.777
 20
-0.987537
 11
137.738
 21
-0.911185
  0
LINE
  8
0
 10
137.738
 20
-0.911185
 11
137.701
 21
-0.83367
  0
LINE
  8
0
 10
137.701
 20
-0.83367
 11
137.668
 21
-0.754605
  0
LINE
  8
0
 10
137.668
 20
-0.754605
 11
137.638
 21
-0.67399
  0
LINE
  8
0
 10
137.638
 20
-0.67399
 11
137.611
 21
-0.592212
  0
LINE
  8
0
 10
137.611
 20
-0.592212
 11
137.588
 21
-0.509659
  0
LINE
  8
0
 10
137.588
 20
-0.509659
 11
137.569
 21
-0.425943
  0
LINE
  8
0
 10
137.569
 20
-0.425943
 11
137.552
 21
-0.34184
  0
LINE
  8
0
 10
137.552
 20
-0.34184
 11
137.54
 21
-0.256573
  0
LINE
  8
0
 10
137.54
 20
-0.256573
 11
137.531
 21
-0.171307
  0
LINE
  8
0
 10
137.531
 20
-0.171307
 11
137.526
 21
-0.0856537
  0
LINE
  8
0
 10
137.526
 20
-0.0856537
 11
137.524
 21
0
  0
LINE
  8
0
 10
137.524
 20
0
 11
137.526
 21
0.0856537
  0
LINE
  8
0
 10
137.526
 20
0.0856537
 11
137.531
 21
0.171307
  0
LINE
  8
0
 10
137.531
 20
0.171307
 11
137.54
 21
0.256573
  0
LINE
  8
0
 10
137.54
 20
0.256573
 11
137.552
 21
0.34184
  0
LINE
  8
0
 10
137.552
 20
0.34184
 11
137.569
 21
0.425943
  0
LINE
  8
0
 10
137.569
 20
0.425943
 11
137.588
 21
0.509659
  0
LINE
  8
0
 10
137.588
 20
0.509659
 11
137.611
 21
0.592212
  0
LINE
  8
0
 10
137.611
 20
0.592212
 11
137.638
 21
0.67399
  0
LINE
  8
0
 10
137.638
 20
0.67399
 11
137.668
 21
0.754605
  0
LINE
  8
0
 10
137.668
 20
0.754605
 11
137.701
 21
0.83367
  0
LINE
  8
0
 10
137.701
 20
0.83367
 11
137.738
 21
0.911185
  0
LINE
  8
0
 10
137.738
 20
0.911185
 11
137.777
 21
0.987537
  0
LINE
  8
0
 10
137.777
 20
0.987537
 11
137.82
 21
1.06195
  0
LINE
  8
0
 10
137.82
 20
1.06195
 11
137.866
 21
1.13443
  0
LINE
  8
0
 10
137.866
 20
1.13443
 11
137.915
 21
1.20458
  0
LINE
  8
0
 10
137.915
 20
1.20458
 11
137.967
 21
1.27318
  0
LINE
  8
0
 10
137.967
 20
1.27318
 11
138.022
 21
1.33945
  0
LINE
  8
0
 10
138.022
 20
1.33945
 11
138.08
 21
1.40302
  0
LINE
  8
0
 10
138.08
 20
1.40302
 11
138.14
 21
1.46464
  0
LINE
  8
0
 10
138.14
 20
1.46464
 11
138.202
 21
1.52316
  0
LINE
  8
0
 10
138.202
 20
1.52316
 11
138.267
 21
1.57936
  0
LINE
  8
0
 10
138.267
 20
1.57936
 11
138.334
 21
1.63285
  0
LINE
  8
0
 10
138.334
 20
1.63285
 11
138.404
 21
1.68323
  0
LINE
  8
0
 10
138.404
 20
1.68323
 11
138.475
 21
1.73051
  0
LINE
  8
0
 10
138.475
 20
1.73051
 11
138.549
 21
1.77509
  0
LINE
  8
0
 10
138.549
 20
1.77509
 11
138.624
 21
1.81656
  0
LINE
  8
0
 10
138.624
 20
1.81656
 11
138.701
 21
1.85454
  0
LINE
  8
0
 10
138.701
 20
1.85454
 11
138.78
 21
1.88981
  0
LINE
  8
0
 10
138.78
 20
1.88981
 11
138.859
 21
1.9212
  0
LINE
  8
0
 10
138.859
 20
1.9212
 11
138.94
 21
1.94949
  0
LINE
  8
0
 10
138.94
 20
1.94949
 11
139.023
 21
1.9743
  0
LINE
  8
0
 10
139.023
 20
1.9743
 11
139.106
 21
1.99561
  0
LINE
  8
0
 10
139.106
 20
1.99561
 11
139.19
 21
2.01344
  0
LINE
  8
0
 10
139.19
 20
2.01344
 11
139.274
 21
2.02778
  0
LINE
  8
0
 10
139.274
 20
2.02778
 11
139.36
 21
2.03864
  0
LINE
  8
0
 10
139.36
 20
2.03864
 11
139.445
 21
2.04561
  0
LINE
  8
0
 10
139.445
 20
2.04561
 11
139.531
 21
2.04949
  0
LINE
  8
0
 10
139.531
 20
2.04949
 11
139.617
 21
2.04949
  0
LINE
  8
0
 10
139.617
 20
2.04949
 11
139.703
 21
2.04561
  0
LINE
  8
0
 10
139.703
 20
2.04561
 11
139.788
 21
2.03864
  0
LINE
  8
0
 10
139.788
 20
2.03864
 11
139.873
 21
2.02778
  0
LINE
  8
0
 10
139.873
 20
2.02778
 11
139.958
 21
2.01344
  0
LINE
  8
0
 10
139.958
 20
2.01344
 11
140.042
 21
1.99561
  0
LINE
  8
0
 10
140.042
 20
1.99561
 11
140.125
 21
1.9743
  0
LINE
  8
0
 10
140.125
 20
1.9743
 11
140.207
 21
1.94949
  0
LINE
  8
0
 10
140.207
 20
1.94949
 11
140.288
 21
1.9212
  0
LINE
  8
0
 10
140.288
 20
1.9212
 11
140.368
 21
1.88981
  0
LINE
  8
0
 10
140.368
 20
1.88981
 11
140.446
 21
1.85454
  0
LINE
  8
0
 10
140.446
 20
1.85454
 11
140.524
 21
1.81656
  0
LINE
  8
0
 10
140.524
 20
1.81656
 11
140.599
 21
1.77509
  0
LINE
  8
0
 10
140.599
 20
1.77509
 11
140.672
 21
1.73051
  0
LINE
  8
0
 10
140.672
 20
1.73051
 11
140.744
 21
1.68323
  0
LINE
  8
0
 10
140.744
 20
1.68323
 11
140.813
 21
1.63285
  0
LINE
  8
0
 10
140.813
 20
1.63285
 11
140.881
 21
1.57936
  0
LINE
  8
0
 10
140.881
 20
1.57936
 11
140.946
 21
1.52316
  0
LINE
  8
0
 10
140.946
 20
1.52316
 11
141.008
 21
1.46464
  0
LINE
  8
0
 10
141.008
 20
1.46464
 11
141.068
 21
1.40302
  0
LINE
  8
0
 10
141.068
 20
1.40302
 11
141.125
 21
1.33945
  0
LINE
  8
0
 10
141.125
 20
1.33945
 11
141.181
 21
1.27318
  0
LINE
  8
0
 10
141.181
 20
1.27318
 11
141.232
 21
1.20458
  0
LINE
  8
0
 10
141.232
 20
1.20458
 11
141.281
 21
1.13443
  0
LINE
  8
0
 10
141.281
 20
1.13443
 11
141.327
 21
1.06195
  0
LINE
  8
0
 10
141.327
 20
1.06195
 11
141.37
 21
0.987537
  0
LINE
  8
0
 10
141.37
 20
0.987537
 11
141.41
 21
0.911185
  0
LINE
  8
0
 10
141.41
 20
0.911185
 11
141.446
 21
0.83367
  0
LINE
  8
0
 10
141.446
 20
0.83367
 11
141.48
 21
0.754605
  0
LINE
  8
0
 10
141.48
 20
0.754605
 11
141.51
 21
0.67399
  0
LINE
  8
0
 10
141.51
 20
0.67399
 11
141.536
 21
0.592212
  0
LINE
  8
0
 10
141.536
 20
0.592212
 11
141.56
 21
0.509659
  0
LINE
  8
0
 10
141.56
 20
0.509659
 11
141.579
 21
0.425943
  0
LINE
  8
0
 10
141.579
 20
0.425943
 11
141.595
 21
0.34184
  0
LINE
  8
0
 10
141.595
 20
0.34184
 11
141.608
 21
0.256573
  0
LINE
  8
0
 10
141.608
 20
0.256573
 11
141.617
 21
0.171307
  0
LINE
  8
0
 10
141.617
 20
0.171307
 11
141.622
 21
0.0856537
  0
LINE
  8
0
 10
141.622
 20
0.0856537
 11
141.624
 21
0
  0
LINE
  8
0
 10
141.624
 20
0
 11
141.622
 21
-0.0856537
  0
LINE
  8
0
 10
141.622
 20
-0.0856537
 11
141.617
 21
-0.171307
  0
LINE
  8
0
 10
141.617
 20
-0.171307
 11
141.608
 21
-0.256573
  0
LINE
  8
0
 10
141.608
 20
-0.256573
 11
141.595
 21
-0.34184
  0
LINE
  8
0
 10
141.595
 20
-0.34184
 11
141.579
 21
-0.425943
  0
LINE
  8
0
 10
141.579
 20
-0.425943
 11
141.56
 21
-0.509659
  0
LINE
  8
0
 10
141.56
 20
-0.509659
 11
141.536
 21
-0.592212
  0
LINE
  8
0
 10
141.536
 20
-0.592212
 11
141.51
 21
-0.67399
  0
LINE
  8
0
 10
141.51
 20
-0.67399
 11
141.48
 21
-0.754605
  0
LINE
  8
0
 10
141.48
 20
-0.754605
 11
141.446
 21
-0.83367
  0
LINE
  8
0
 10
141.446
 20
-0.83367
 11
141.41
 21
-0.911185
  0
LINE
  8
0
 10
141.41
 20
-0.911185
 11
141.37
 21
-0.987537
  0
LINE
  8
0
 10
141.37
 20
-0.987537
 11
141.327
 21
-1.06195
  0
LINE
  8
0
 10
141.327
 20
-1.06195
 11
141.281
 21
-1.13443
  0
LINE
  8
0
 10
141.281
 20
-1.13443
 11
141.232
 21
-1.20458
  0
LINE
  8
0
 10
141.232
 20
-1.20458
 11
141.181
 21
-1.27318
  0
LINE
  8
0
 10
141.181
 20
-1.27318
 11
141.125
 21
-1.33945
  0
LINE
  8
0
 10
141.125
 20
-1.33945
 11
141.068
 21
-1.40302
  0
LINE
  8
0
 10
141.068
 20
-1.40302
 11
141.008
 21
-1.46464
  0
LINE
  8
0
 10
141.008
 20
-1.46464
 11
140.946
 21
-1.52316
  0
LINE
  8
0
 10
140.946
 20
-1.52316
 11
140.881
 21
-1.57936
  0
LINE
  8
0
 10
140.881
 20
-1.57936
 11
140.813
 21
-1.63285
  0
LINE
  8
0
 10
140.813
 20
-1.63285
 11
140.744
 21
-1.68323
  0
LINE
  8
0
 10
140.744
 20
-1.68323
 11
140.672
 21
-1.73051
  0
LINE
  8
0
 10
140.672
 20
-1.73051
 11
140.599
 21
-1.77509
  0
LINE
  8
0
 10
140.599
 20
-1.77509
 11
140.524
 21
-1.81656
  0
LINE
  8
0
 10
140.524
 20
-1.81656
 11
140.446
 21
-1.85454
  0
LINE
  8
0
 10
140.446
 20
-1.85454
 11
140.368
 21
-1.88981
  0
LINE
  8
0
 10
140.368
 20
-1.88981
 11
140.288
 21
-1.9212
  0
LINE
  8
0
 10
140.288
 20
-1.9212
 11
140.207
 21
-1.94949
  0
LINE
  8
0
 10
140.207
 20
-1.94949
 11
140.125
 21
-1.9743
  0
LINE
  8
0
 10
140.125
 20
-1.9743
 11
140.042
 21
-1.99561
  0
LINE
  8
0
 10
140.042
 20
-1.99561
 11
139.958
 21
-2.01344
  0
LINE
  8
0
 10
139.958
 20
-2.01344
 11
139.873
 21
-2.02778
  0
LINE
  8
0
 10
139.873
 20
-2.02778
 11
139.788
 21
-2.03864
  0
LINE
  8
0
 10
139.788
 20
-2.03864
 11
139.703
 21
-2.04561
  0
LINE
  8
0
 10
139.703
 20
-2.04561
 11
139.617
 21
-2.04949
  0
LINE
  8
0
 10
139.617
 20
-2.04949
 11
139.531
 21
-2.04949
  0
LINE
  8
0
 10
139.531
 20
-10.0494
 11
139.445
 21
-10.0459
  0
LINE
  8
0
 10
139.445
 20
-10.0459
 11
139.36
 21
-10.0385
  0
LINE
  8
0
 10
139.36
 20
-10.0385
 11
139.274
 21
-10.0277
  0
LINE
  8
0
 10
139.274
 20
-10.0277
 11
139.19
 21
-10.0133
  0
LINE
  8
0
 10
139.19
 20
-10.0133
 11
139.106
 21
-9.99551
  0
LINE
  8
0
 10
139.106
 20
-9.99551
 11
139.023
 21
-9.9742
  0
LINE
  8
0
 10
139.023
 20
-9.9742
 11
138.94
 21
-9.94939
  0
LINE
  8
0
 10
138.94
 20
-9.94939
 11
138.859
 21
-9.9211
  0
LINE
  8
0
 10
138.859
 20
-9.9211
 11
138.78
 21
-9.88971
  0
LINE
  8
0
 10
138.78
 20
-9.88971
 11
138.701
 21
-9.85482
  0
LINE
  8
0
 10
138.701
 20
-9.85482
 11
138.624
 21
-9.81646
  0
LINE
  8
0
 10
138.624
 20
-9.81646
 11
138.549
 21
-9.77498
  0
LINE
  8
0
 10
138.549
 20
-9.77498
 11
138.475
 21
-9.7308
  0
LINE
  8
0
 10
138.475
 20
-9.7308
 11
138.404
 21
-9.68313
  0
LINE
  8
0
 10
138.404
 20
-9.68313
 11
138.334
 21
-9.63275
  0
LINE
  8
0
 10
138.334
 20
-9.63275
 11
138.267
 21
-9.57926
  0
LINE
  8
0
 10
138.267
 20
-9.57926
 11
138.202
 21
-9.52345
  0
LINE
  8
0
 10
138.202
 20
-9.52345
 11
138.14
 21
-9.46454
  0
LINE
  8
0
 10
138.14
 20
-9.46454
 11
138.08
 21
-9.4033
  0
LINE
  8
0
 10
138.08
 20
-9.4033
 11
138.022
 21
-9.33935
  0
LINE
  8
0
 10
138.022
 20
-9.33935
 11
137.967
 21
-9.27308
  0
LINE
  8
0
 10
137.967
 20
-9.27308
 11
137.915
 21
-9.20486
  0
LINE
  8
0
 10
137.915
 20
-9.20486
 11
137.866
 21
-9.13433
  0
LINE
  8
0
 10
137.866
 20
-9.13433
 11
137.82
 21
-9.06185
  0
LINE
  8
0
 10
137.82
 20
-9.06185
 11
137.777
 21
-8.98744
  0
LINE
  8
0
 10
137.777
 20
-8.98744
 11
137.738
 21
-8.91147
  0
LINE
  8
0
 10
137.738
 20
-8.91147
 11
137.701
 21
-8.83357
  0
LINE
  8
0
 10
137.701
 20
-8.83357
 11
137.668
 21
-8.7545
  0
LINE
  8
0
 10
137.668
 20
-8.7545
 11
137.638
 21
-8.67389
  0
LINE
  8
0
 10
137.638
 20
-8.67389
 11
137.611
 21
-8.5925
  0
LINE
  8
0
 10
137.611
 20
-8.5925
 11
137.588
 21
-8.50956
  0
LINE
  8
0
 10
137.588
 20
-8.50956
 11
137.569
 21
-8.42584
  0
LINE
  8
0
 10
137.569
 20
-8.42584
 11
137.552
 21
-8.34174
  0
LINE
  8
0
 10
137.552
 20
-8.34174
 11
137.54
 21
-8.25686
  0
LINE
  8
0
 10
137.54
 20
-8.25686
 11
137.531
 21
-8.17121
  0
LINE
  8
0
 10
137.531
 20
-8.17121
 11
137.526
 21
-8.08555
  0
LINE
  8
0
 10
137.526
 20
-8.08555
 11
137.524
 21
-7.9999
  0
LINE
  8
0
 10
137.524
 20
-7.9999
 11
137.526
 21
-7.91386
  0
LINE
  8
0
 10
137.526
 20
-7.91386
 11
137.531
 21
-7.8282
  0
LINE
  8
0
 10
137.531
 20
-7.8282
 11
137.54
 21
-7.74294
  0
LINE
  8
0
 10
137.54
 20
-7.74294
 11
137.552
 21
-7.65806
  0
LINE
  8
0
 10
137.552
 20
-7.65806
 11
137.569
 21
-7.57357
  0
LINE
  8
0
 10
137.569
 20
-7.57357
 11
137.588
 21
-7.48985
  0
LINE
  8
0
 10
137.588
 20
-7.48985
 11
137.611
 21
-7.4073
  0
LINE
  8
0
 10
137.611
 20
-7.4073
 11
137.638
 21
-7.32552
  0
LINE
  8
0
 10
137.638
 20
-7.32552
 11
137.668
 21
-7.24529
  0
LINE
  8
0
 10
137.668
 20
-7.24529
 11
137.701
 21
-7.16584
  0
LINE
  8
0
 10
137.701
 20
-7.16584
 11
137.738
 21
-7.08833
  0
LINE
  8
0
 10
137.738
 20
-7.08833
 11
137.777
 21
-7.01236
  0
LINE
  8
0
 10
137.777
 20
-7.01236
 11
137.82
 21
-6.93795
  0
LINE
  8
0
 10
137.82
 20
-6.93795
 11
137.866
 21
-6.86547
  0
LINE
  8
0
 10
137.866
 20
-6.86547
 11
137.915
 21
-6.79493
  0
LINE
  8
0
 10
137.915
 20
-6.79493
 11
137.967
 21
-6.72633
  0
LINE
  8
0
 10
137.967
 20
-6.72633
 11
138.022
 21
-6.66045
  0
LINE
  8
0
 10
138.022
 20
-6.66045
 11
138.08
 21
-6.5965
  0
LINE
  8
0
 10
138.08
 20
-6.5965
 11
138.14
 21
-6.53526
  0
LINE
  8
0
 10
138.14
 20
-6.53526
 11
138.202
 21
-6.47635
  0
LINE
  8
0
 10
138.202
 20
-6.47635
 11
138.267
 21
-6.42015
  0
LINE
  8
0
 10
138.267
 20
-6.42015
 11
138.334
 21
-6.36705
  0
LINE
  8
0
 10
138.334
 20
-6.36705
 11
138.404
 21
-6.31628
  0
LINE
  8
0
 10
138.404
 20
-6.31628
 11
138.475
 21
-6.269
  0
LINE
  8
0
 10
138.475
 20
-6.269
 11
138.549
 21
-6.22443
  0
LINE
  8
0
 10
138.549
 20
-6.22443
 11
138.624
 21
-6.18296
  0
LINE
  8
0
 10
138.624
 20
-6.18296
 11
138.701
 21
-6.14497
  0
LINE
  8
0
 10
138.701
 20
-6.14497
 11
138.78
 21
-6.11009
  0
LINE
  8
0
 10
138.78
 20
-6.11009
 11
138.859
 21
-6.07831
  0
LINE
  8
0
 10
138.859
 20
-6.07831
 11
138.94
 21
-6.05002
  0
LINE
  8
0
 10
138.94
 20
-6.05002
 11
139.023
 21
-6.02521
  0
LINE
  8
0
 10
139.023
 20
-6.02521
 11
139.106
 21
-6.0039
  0
LINE
  8
0
 10
139.106
 20
-6.0039
 11
139.19
 21
-5.98607
  0
LINE
  8
0
 10
139.19
 20
-5.98607
 11
139.274
 21
-5.97173
  0
LINE
  8
0
 10
139.274
 20
-5.97173
 11
139.36
 21
-5.96088
  0
LINE
  8
0
 10
139.36
 20
-5.96088
 11
139.445
 21
-5.9539
  0
LINE
  8
0
 10
139.445
 20
-5.9539
 11
139.531
 21
-5.95041
  0
LINE
  8
0
 10
139.531
 20
-5.95041
 11
139.617
 21
-5.95041
  0
LINE
  8
0
 10
139.617
 20
-5.95041
 11
139.703
 21
-5.9539
  0
LINE
  8
0
 10
139.703
 20
-5.9539
 11
139.788
 21
-5.96088
  0
LINE
  8
0
 10
139.788
 20
-5.96088
 11
139.873
 21
-5.97173
  0
LINE
  8
0
 10
139.873
 20
-5.97173
 11
139.958
 21
-5.98607
  0
LINE
  8
0
 10
139.958
 20
-5.98607
 11
140.042
 21
-6.0039
  0
LINE
  8
0
 10
140.042
 20
-6.0039
 11
140.125
 21
-6.02521
  0
LINE
  8
0
 10
140.125
 20
-6.02521
 11
140.207
 21
-6.05002
  0
LINE
  8
0
 10
140.207
 20
-6.05002
 11
140.288
 21
-6.07831
  0
LINE
  8
0
 10
140.288
 20
-6.07831
 11
140.368
 21
-6.11009
  0
LINE
  8
0
 10
140.368
 20
-6.11009
 11
140.446
 21
-6.14497
  0
LINE
  8
0
 10
140.446
 20
-6.14497
 11
140.524
 21
-6.18296
  0
LINE
  8
0
 10
140.524
 20
-6.18296
 11
140.599
 21
-6.22443
  0
LINE
  8
0
 10
140.599
 20
-6.22443
 11
140.672
 21
-6.269
  0
LINE
  8
0
 10
140.672
 20
-6.269
 11
140.744
 21
-6.31628
  0
LINE
  8
0
 10
140.744
 20
-6.31628
 11
140.813
 21
-6.36705
  0
LINE
  8
0
 10
140.813
 20
-6.36705
 11
140.881
 21
-6.42015
  0
LINE
  8
0
 10
140.881
 20
-6.42015
 11
140.946
 21
-6.47635
  0
LINE
  8
0
 10
140.946
 20
-6.47635
 11
141.008
 21
-6.53526
  0
LINE
  8
0
 10
141.008
 20
-6.53526
 11
141.068
 21
-6.5965
  0
LINE
  8
0
 10
141.068
 20
-6.5965
 11
141.125
 21
-6.66045
  0
LINE
  8
0
 10
141.125
 20
-6.66045
 11
141.181
 21
-6.72633
  0
LINE
  8
0
 10
141.181
 20
-6.72633
 11
141.232
 21
-6.79493
  0
LINE
  8
0
 10
141.232
 20
-6.79493
 11
141.281
 21
-6.86547
  0
LINE
  8
0
 10
141.281
 20
-6.86547
 11
141.327
 21
-6.93795
  0
LINE
  8
0
 10
141.327
 20
-6.93795
 11
141.37
 21
-7.01236
  0
LINE
  8
0
 10
141.37
 20
-7.01236
 11
141.41
 21
-7.08833
  0
LINE
  8
0
 10
141.41
 20
-7.08833
 11
141.446
 21
-7.16584
  0
LINE
  8
0
 10
141.446
 20
-7.16584
 11
141.48
 21
-7.24529
  0
LINE
  8
0
 10
141.48
 20
-7.24529
 11
141.51
 21
-7.32552
  0
LINE
  8
0
 10
141.51
 20
-7.32552
 11
141.536
 21
-7.4073
  0
LINE
  8
0
 10
141.536
 20
-7.4073
 11
141.56
 21
-7.48985
  0
LINE
  8
0
 10
141.56
 20
-7.48985
 11
141.579
 21
-7.57357
  0
LINE
  8
0
 10
141.579
 20
-7.57357
 11
141.595
 21
-7.65806
  0
LINE
  8
0
 10
141.595
 20
-7.65806
 11
141.608
 21
-7.74294
  0
LINE
  8
0
 10
141.608
 20
-7.74294
 11
141.617
 21
-7.8282
  0
LINE
  8
0
 10
141.617
 20
-7.8282
 11
141.622
 21
-7.91386
  0
LINE
  8
0
 10
141.622
 20
-7.91386
 11
141.624
 21
-7.9999
  0
LINE
  8
0
 10
141.624
 20
-7.9999
 11
141.622
 21
-8.08555
  0
LINE
  8
0
 10
141.622
 20
-8.08555
 11
141.617
 21
-8.17121
  0
LINE
  8
0
 10
141.617
 20
-8.17121
 11
141.608
 21
-8.25686
  0
LINE
  8
0
 10
141.608
 20
-8.25686
 11
141.595
 21
-8.34174
  0
LINE
  8
0
 10
141.595
 20
-8.34174
 11
141.579
 21
-8.42584
  0
LINE
  8
0
 10
141.579
 20
-8.42584
 11
141.56
 21
-8.50956
  0
LINE
  8
0
 10
141.56
 20
-8.50956
 11
141.536
 21
-8.5925
  0
LINE
  8
0
 10
141.536
 20
-8.5925
 11
141.51
 21
-8.67389
  0
LINE
  8
0
 10
141.51
 20
-8.67389
 11
141.48
 21
-8.7545
  0
LINE
  8
0
 10
141.48
 20
-8.7545
 11
141.446
 21
-8.83357
  0
LINE
  8
0
 10
141.446
 20
-8.83357
 11
141.41
 21
-8.91147
  0
LINE
  8
0
 10
141.41
 20
-8.91147
 11
141.37
 21
-8.98744
  0
LINE
  8
0
 10
141.37
 20
-8.98744
 11
141.327
 21
-9.06185
  0
LINE
  8
0
 10
141.327
 20
-9.06185
 11
141.281
 21
-9.13433
  0
LINE
  8
0
 10
141.281
 20
-9.13433
 11
141.232
 21
-9.20486
  0
LINE
  8
0
 10
141.232
 20
-9.20486
 11
141.181
 21
-9.27308
  0
LINE
  8
0
 10
141.181
 20
-9.27308
 11
141.125
 21
-9.33935
  0
LINE
  8
0
 10
141.125
 20
-9.33935
 11
141.068
 21
-9.4033
  0
LINE
  8
0
 10
141.068
 20
-9.4033
 11
141.008
 21
-9.46454
  0
LINE
  8
0
 10
141.008
 20
-9.46454
 11
140.946
 21
-9.52345
  0
LINE
  8
0
 10
140.946
 20
-9.52345
 11
140.881
 21
-9.57926
  0
LINE
  8
0
 10
140.881
 20
-9.57926
 11
140.813
 21
-9.63275
  0
LINE
  8
0
 10
140.813
 20
-9.63275
 11
140.744
 21
-9.68313
  0
LINE
  8
0
 10
140.744
 20
-9.68313
 11
140.672
 21
-9.7308
  0
LINE
  8
0
 10
140.672
 20
-9.7308
 11
140.599
 21
-9.77498
  0
LINE
  8
0
 10
140.599
 20
-9.77498
 11
140.524
 21
-9.81646
  0
LINE
  8
0
 10
140.524
 20
-9.81646
 11
140.446
 21
-9.85482
  0
LINE
  8
0
 10
140.446
 20
-9.85482
 11
140.368
 21
-9.88971
  0
LINE
  8
0
 10
140.368
 20
-9.88971
 11
140.288
 21
-9.9211
  0
LINE
  8
0
 10
140.288
 20
-9.9211
 11
140.207
 21
-9.94939
  0
LINE
  8
0
 10
140.207
 20
-9.94939
 11
140.125
 21
-9.9742
  0
LINE
  8
0
 10
140.125
 20
-9.9742
 11
140.042
 21
-9.99551
  0
LINE
  8
0
 10
140.042
 20
-9.99551
 11
139.958
 21
-10.0133
  0
LINE
  8
0
 10
139.958
 20
-10.0133
 11
139.873
 21
-10.0277
  0
LINE
  8
0
 10
139.873
 20
-10.0277
 11
139.788
 21
-10.0385
  0
LINE
  8
0
 10
139.788
 20
-10.0385
 11
139.703
 21
-10.0459
  0
LINE
  8
0
 10
139.703
 20
-10.0459
 11
139.617
 21
-10.0494
  0
LINE
  8
0
 10
139.617
 20
-10.0494
 11
139.531
 21
-10.0494
  0
LINE
  8
0
 10
139.531
 20
-18.0493
 11
139.445
 21
-18.0458
  0
LINE
  8
0
 10
139.445
 20
-18.0458
 11
139.36
 21
-18.0384
  0
LINE
  8
0
 10
139.36
 20
-18.0384
 11
139.274
 21
-18.028
  0
LINE
  8
0
 10
139.274
 20
-18.028
 11
139.19
 21
-18.0136
  0
LINE
  8
0
 10
139.19
 20
-18.0136
 11
139.106
 21
-17.9958
  0
LINE
  8
0
 10
139.106
 20
-17.9958
 11
139.023
 21
-17.9745
  0
LINE
  8
0
 10
139.023
 20
-17.9745
 11
138.94
 21
-17.9493
  0
LINE
  8
0
 10
138.94
 20
-17.9493
 11
138.859
 21
-17.9214
  0
LINE
  8
0
 10
138.859
 20
-17.9214
 11
138.78
 21
-17.8896
  0
LINE
  8
0
 10
138.78
 20
-17.8896
 11
138.701
 21
-17.8547
  0
LINE
  8
0
 10
138.701
 20
-17.8547
 11
138.624
 21
-17.8164
  0
LINE
  8
0
 10
138.624
 20
-17.8164
 11
138.549
 21
-17.7753
  0
LINE
  8
0
 10
138.549
 20
-17.7753
 11
138.475
 21
-17.7307
  0
LINE
  8
0
 10
138.475
 20
-17.7307
 11
138.404
 21
-17.683
  0
LINE
  8
0
 10
138.404
 20
-17.683
 11
138.334
 21
-17.6326
  0
LINE
  8
0
 10
138.334
 20
-17.6326
 11
138.267
 21
-17.5795
  0
LINE
  8
0
 10
138.267
 20
-17.5795
 11
138.202
 21
-17.5233
  0
LINE
  8
0
 10
138.202
 20
-17.5233
 11
138.14
 21
-17.4644
  0
LINE
  8
0
 10
138.14
 20
-17.4644
 11
138.08
 21
-17.4032
  0
LINE
  8
0
 10
138.08
 20
-17.4032
 11
138.022
 21
-17.3393
  0
LINE
  8
0
 10
138.022
 20
-17.3393
 11
137.967
 21
-17.273
  0
LINE
  8
0
 10
137.967
 20
-17.273
 11
137.915
 21
-17.2048
  0
LINE
  8
0
 10
137.915
 20
-17.2048
 11
137.866
 21
-17.1342
  0
LINE
  8
0
 10
137.866
 20
-17.1342
 11
137.82
 21
-17.0617
  0
LINE
  8
0
 10
137.82
 20
-17.0617
 11
137.777
 21
-16.9873
  0
LINE
  8
0
 10
137.777
 20
-16.9873
 11
137.738
 21
-16.9114
  0
LINE
  8
0
 10
137.738
 20
-16.9114
 11
137.701
 21
-16.8335
  0
LINE
  8
0
 10
137.701
 20
-16.8335
 11
137.668
 21
-16.7544
  0
LINE
  8
0
 10
137.668
 20
-16.7544
 11
137.638
 21
-16.6742
  0
LINE
  8
0
 10
137.638
 20
-16.6742
 11
137.611
 21
-16.5924
  0
LINE
  8
0
 10
137.611
 20
-16.5924
 11
137.588
 21
-16.5095
  0
LINE
  8
0
 10
137.588
 20
-16.5095
 11
137.569
 21
-16.4261
  0
LINE
  8
0
 10
137.569
 20
-16.4261
 11
137.552
 21
-16.3416
  0
LINE
  8
0
 10
137.552
 20
-16.3416
 11
137.54
 21
-16.2568
  0
LINE
  8
0
 10
137.54
 20
-16.2568
 11
137.531
 21
-16.1715
  0
LINE
  8
0
 10
137.531
 20
-16.1715
 11
137.526
 21
-16.0858
  0
LINE
  8
0
 10
137.526
 20
-16.0858
 11
137.524
 21
-15.9998
  0
LINE
  8
0
 10
137.524
 20
-15.9998
 11
137.526
 21
-15.9141
  0
LINE
  8
0
 10
137.526
 20
-15.9141
 11
137.531
 21
-15.8281
  0
LINE
  8
0
 10
137.531
 20
-15.8281
 11
137.54
 21
-15.7428
  0
LINE
  8
0
 10
137.54
 20
-15.7428
 11
137.552
 21
-15.658
  0
LINE
  8
0
 10
137.552
 20
-15.658
 11
137.569
 21
-15.5735
  0
LINE
  8
0
 10
137.569
 20
-15.5735
 11
137.588
 21
-15.4901
  0
LINE
  8
0
 10
137.588
 20
-15.4901
 11
137.611
 21
-15.4072
  0
LINE
  8
0
 10
137.611
 20
-15.4072
 11
137.638
 21
-15.3258
  0
LINE
  8
0
 10
137.638
 20
-15.3258
 11
137.668
 21
-15.2452
  0
LINE
  8
0
 10
137.668
 20
-15.2452
 11
137.701
 21
-15.1661
  0
LINE
  8
0
 10
137.701
 20
-15.1661
 11
137.738
 21
-15.0882
  0
LINE
  8
0
 10
137.738
 20
-15.0882
 11
137.777
 21
-15.0123
  0
LINE
  8
0
 10
137.777
 20
-15.0123
 11
137.82
 21
-14.9378
  0
LINE
  8
0
 10
137.82
 20
-14.9378
 11
137.866
 21
-14.8654
  0
LINE
  8
0
 10
137.866
 20
-14.8654
 11
137.915
 21
-14.7948
  0
LINE
  8
0
 10
137.915
 20
-14.7948
 11
137.967
 21
-14.7266
  0
LINE
  8
0
 10
137.967
 20
-14.7266
 11
138.022
 21
-14.6603
  0
LINE
  8
0
 10
138.022
 20
-14.6603
 11
138.08
 21
-14.5964
  0
LINE
  8
0
 10
138.08
 20
-14.5964
 11
138.14
 21
-14.5352
  0
LINE
  8
0
 10
138.14
 20
-14.5352
 11
138.202
 21
-14.4762
  0
LINE
  8
0
 10
138.202
 20
-14.4762
 11
138.267
 21
-14.4204
  0
LINE
  8
0
 10
138.267
 20
-14.4204
 11
138.334
 21
-14.367
  0
LINE
  8
0
 10
138.334
 20
-14.367
 11
138.404
 21
-14.3166
  0
LINE
  8
0
 10
138.404
 20
-14.3166
 11
138.475
 21
-14.2689
  0
LINE
  8
0
 10
138.475
 20
-14.2689
 11
138.549
 21
-14.2243
  0
LINE
  8
0
 10
138.549
 20
-14.2243
 11
138.624
 21
-14.1832
  0
LINE
  8
0
 10
138.624
 20
-14.1832
 11
138.701
 21
-14.1449
  0
LINE
  8
0
 10
138.701
 20
-14.1449
 11
138.78
 21
-14.11
  0
LINE
  8
0
 10
138.78
 20
-14.11
 11
138.859
 21
-14.0782
  0
LINE
  8
0
 10
138.859
 20
-14.0782
 11
138.94
 21
-14.0503
  0
LINE
  8
0
 10
138.94
 20
-14.0503
 11
139.023
 21
-14.0255
  0
LINE
  8
0
 10
139.023
 20
-14.0255
 11
139.106
 21
-14.0038
  0
LINE
  8
0
 10
139.106
 20
-14.0038
 11
139.19
 21
-13.986
  0
LINE
  8
0
 10
139.19
 20
-13.986
 11
139.274
 21
-13.9716
  0
LINE
  8
0
 10
139.274
 20
-13.9716
 11
139.36
 21
-13.9612
  0
LINE
  8
0
 10
139.36
 20
-13.9612
 11
139.445
 21
-13.9538
  0
LINE
  8
0
 10
139.445
 20
-13.9538
 11
139.531
 21
-13.9503
  0
LINE
  8
0
 10
139.531
 20
-13.9503
 11
139.617
 21
-13.9503
  0
LINE
  8
0
 10
139.617
 20
-13.9503
 11
139.703
 21
-13.9538
  0
LINE
  8
0
 10
139.703
 20
-13.9538
 11
139.788
 21
-13.9612
  0
LINE
  8
0
 10
139.788
 20
-13.9612
 11
139.873
 21
-13.9716
  0
LINE
  8
0
 10
139.873
 20
-13.9716
 11
139.958
 21
-13.986
  0
LINE
  8
0
 10
139.958
 20
-13.986
 11
140.042
 21
-14.0038
  0
LINE
  8
0
 10
140.042
 20
-14.0038
 11
140.125
 21
-14.0255
  0
LINE
  8
0
 10
140.125
 20
-14.0255
 11
140.207
 21
-14.0503
  0
LINE
  8
0
 10
140.207
 20
-14.0503
 11
140.288
 21
-14.0782
  0
LINE
  8
0
 10
140.288
 20
-14.0782
 11
140.368
 21
-14.11
  0
LINE
  8
0
 10
140.368
 20
-14.11
 11
140.446
 21
-14.1449
  0
LINE
  8
0
 10
140.446
 20
-14.1449
 11
140.524
 21
-14.1832
  0
LINE
  8
0
 10
140.524
 20
-14.1832
 11
140.599
 21
-14.2243
  0
LINE
  8
0
 10
140.599
 20
-14.2243
 11
140.672
 21
-14.2689
  0
LINE
  8
0
 10
140.672
 20
-14.2689
 11
140.744
 21
-14.3166
  0
LINE
  8
0
 10
140.744
 20
-14.3166
 11
140.813
 21
-14.367
  0
LINE
  8
0
 10
140.813
 20
-14.367
 11
140.881
 21
-14.4204
  0
LINE
  8
0
 10
140.881
 20
-14.4204
 11
140.946
 21
-14.4762
  0
LINE
  8
0
 10
140.946
 20
-14.4762
 11
141.008
 21
-14.5352
  0
LINE
  8
0
 10
141.008
 20
-14.5352
 11
141.068
 21
-14.5964
  0
LINE
  8
0
 10
141.068
 20
-14.5964
 11
141.125
 21
-14.6603
  0
LINE
  8
0
 10
141.125
 20
-14.6603
 11
141.181
 21
-14.7266
  0
LINE
  8
0
 10
141.181
 20
-14.7266
 11
141.232
 21
-14.7948
  0
LINE
  8
0
 10
141.232
 20
-14.7948
 11
141.281
 21
-14.8654
  0
LINE
  8
0
 10
141.281
 20
-14.8654
 11
141.327
 21
-14.9378
  0
LINE
  8
0
 10
141.327
 20
-14.9378
 11
141.37
 21
-15.0123
  0
LINE
  8
0
 10
141.37
 20
-15.0123
 11
141.41
 21
-15.0882
  0
LINE
  8
0
 10
141.41
 20
-15.0882
 11
141.446
 21
-15.1661
  0
LINE
  8
0
 10
141.446
 20
-15.1661
 11
141.48
 21
-15.2452
  0
LINE
  8
0
 10
141.48
 20
-15.2452
 11
141.51
 21
-15.3258
  0
LINE
  8
0
 10
141.51
 20
-15.3258
 11
141.536
 21
-15.4072
  0
LINE
  8
0
 10
141.536
 20
-15.4072
 11
141.56
 21
-15.4901
  0
LINE
  8
0
 10
141.56
 20
-15.4901
 11
141.579
 21
-15.5735
  0
LINE
  8
0
 10
141.579
 20
-15.5735
 11
141.595
 21
-15.658
  0
LINE
  8
0
 10
141.595
 20
-15.658
 11
141.608
 21
-15.7428
  0
LINE
  8
0
 10
141.608
 20
-15.7428
 11
141.617
 21
-15.8281
  0
LINE
  8
0
 10
141.617
 20
-15.8281
 11
141.622
 21
-15.9141
  0
LINE
  8
0
 10
141.622
 20
-15.9141
 11
141.624
 21
-15.9998
  0
LINE
  8
0
 10
141.624
 20
-15.9998
 11
141.622
 21
-16.0858
  0
LINE
  8
0
 10
141.622
 20
-16.0858
 11
141.617
 21
-16.1715
  0
LINE
  8
0
 10
141.617
 20
-16.1715
 11
141.608
 21
-16.2568
  0
LINE
  8
0
 10
141.608
 20
-16.2568
 11
141.595
 21
-16.3416
  0
LINE
  8
0
 10
141.595
 20
-16.3416
 11
141.579
 21
-16.4261
  0
LINE
  8
0
 10
141.579
 20
-16.4261
 11
141.56
 21
-16.5095
  0
LINE
  8
0
 10
141.56
 20
-16.5095
 11
141.536
 21
-16.5924
  0
LINE
  8
0
 10
141.536
 20
-16.5924
 11
141.51
 21
-16.6742
  0
LINE
  8
0
 10
141.51
 20
-16.6742
 11
141.48
 21
-16.7544
  0
LINE
  8
0
 10
141.48
 20
-16.7544
 11
141.446
 21
-16.8335
  0
LINE
  8
0
 10
141.446
 20
-16.8335
 11
141.41
 21
-16.9114
  0
LINE
  8
0
 10
141.41
 20
-16.9114
 11
141.37
 21
-16.9873
  0
LINE
  8
0
 10
141.37
 20
-16.9873
 11
141.327
 21
-17.0617
  0
LINE
  8
0
 10
141.327
 20
-17.0617
 11
141.281
 21
-17.1342
  0
LINE
  8
0
 10
141.281
 20
-17.1342
 11
141.232
 21
-17.2048
  0
LINE
  8
0
 10
141.232
 20
-17.2048
 11
141.181
 21
-17.273
  0
LINE
  8
0
 10
141.181
 20
-17.273
 11
141.125
 21
-17.3393
  0
LINE
  8
0
 10
141.125
 20
-17.3393
 11
141.068
 21
-17.4032
  0
LINE
  8
0
 10
141.068
 20
-17.4032
 11
141.008
 21
-17.4644
  0
LINE
  8
0
 10
141.008
 20
-17.4644
 11
140.946
 21
-17.5233
  0
LINE
  8
0
 10
140.946
 20
-17.5233
 11
140.881
 21
-17.5795
  0
LINE
  8
0
 10
140.881
 20
-17.5795
 11
140.813
 21
-17.6326
  0
LINE
  8
0
 10
140.813
 20
-17.6326
 11
140.744
 21
-17.683
  0
LINE
  8
0
 10
140.744
 20
-17.683
 11
140.672
 21
-17.7307
  0
LINE
  8
0
 10
140.672
 20
-17.7307
 11
140.599
 21
-17.7753
  0
LINE
  8
0
 10
140.599
 20
-17.7753
 11
140.524
 21
-17.8164
  0
LINE
  8
0
 10
140.524
 20
-17.8164
 11
140.446
 21
-17.8547
  0
LINE
  8
0
 10
140.446
 20
-17.8547
 11
140.368
 21
-17.8896
  0
LINE
  8
0
 10
140.368
 20
-17.8896
 11
140.288
 21
-17.9214
  0
LINE
  8
0
 10
140.288
 20
-17.9214
 11
140.207
 21
-17.9493
  0
LINE
  8
0
 10
140.207
 20
-17.9493
 11
140.125
 21
-17.9745
  0
LINE
  8
0
 10
140.125
 20
-17.9745
 11
140.042
 21
-17.9958
  0
LINE
  8
0
 10
140.042
 20
-17.9958
 11
139.958
 21
-18.0136
  0
LINE
  8
0
 10
139.958
 20
-18.0136
 11
139.873
 21
-18.028
  0
LINE
  8
0
 10
139.873
 20
-18.028
 11
139.788
 21
-18.0384
  0
LINE
  8
0
 10
139.788
 20
-18.0384
 11
139.703
 21
-18.0458
  0
LINE
  8
0
 10
139.703
 20
-18.0458
 11
139.617
 21
-18.0493
  0
LINE
  8
0
 10
139.617
 20
-18.0493
 11
139.531
 21
-18.0493
  0
LINE
  8
0
 10
9.22696
 20
-18.0493
 11
9.14091
 21
-18.0458
  0
LINE
  8
0
 10
9.14091
 20
-18.0458
 11
9.05565
 21
-18.0384
  0
LINE
  8
0
 10
9.05565
 20
-18.0384
 11
8.97038
 21
-18.028
  0
LINE
  8
0
 10
8.97038
 20
-18.028
 11
8.8855
 21
-18.0136
  0
LINE
  8
0
 10
8.8855
 20
-18.0136
 11
8.80179
 21
-17.9958
  0
LINE
  8
0
 10
8.80179
 20
-17.9958
 11
8.71846
 21
-17.9745
  0
LINE
  8
0
 10
8.71846
 20
-17.9745
 11
8.63629
 21
-17.9493
  0
LINE
  8
0
 10
8.63629
 20
-17.9493
 11
8.55529
 21
-17.9214
  0
LINE
  8
0
 10
8.55529
 20
-17.9214
 11
8.47545
 21
-17.8896
  0
LINE
  8
0
 10
8.47545
 20
-17.8896
 11
8.39677
 21
-17.8547
  0
LINE
  8
0
 10
8.39677
 20
-17.8547
 11
8.32003
 21
-17.8164
  0
LINE
  8
0
 10
8.32003
 20
-17.8164
 11
8.24485
 21
-17.7753
  0
LINE
  8
0
 10
8.24485
 20
-17.7753
 11
8.17121
 21
-17.7307
  0
LINE
  8
0
 10
8.17121
 20
-17.7307
 11
8.09989
 21
-17.683
  0
LINE
  8
0
 10
8.09989
 20
-17.683
 11
8.03052
 21
-17.6326
  0
LINE
  8
0
 10
8.03052
 20
-17.6326
 11
7.96308
 21
-17.5795
  0
LINE
  8
0
 10
7.96308
 20
-17.5795
 11
7.89797
 21
-17.5233
  0
LINE
  8
0
 10
7.89797
 20
-17.5233
 11
7.83557
 21
-17.4644
  0
LINE
  8
0
 10
7.83557
 20
-17.4644
 11
7.77549
 21
-17.4032
  0
LINE
  8
0
 10
7.77549
 20
-17.4032
 11
7.71813
 21
-17.3393
  0
LINE
  8
0
 10
7.71813
 20
-17.3393
 11
7.6631
 21
-17.273
  0
LINE
  8
0
 10
7.6631
 20
-17.273
 11
7.61116
 21
-17.2048
  0
LINE
  8
0
 10
7.61116
 20
-17.2048
 11
7.56233
 21
-17.1342
  0
LINE
  8
0
 10
7.56233
 20
-17.1342
 11
7.51621
 21
-17.0617
  0
LINE
  8
0
 10
7.51621
 20
-17.0617
 11
7.47319
 21
-16.9873
  0
LINE
  8
0
 10
7.47319
 20
-16.9873
 11
7.43365
 21
-16.9114
  0
LINE
  8
0
 10
7.43365
 20
-16.9114
 11
7.39722
 21
-16.8335
  0
LINE
  8
0
 10
7.39722
 20
-16.8335
 11
7.36389
 21
-16.7544
  0
LINE
  8
0
 10
7.36389
 20
-16.7544
 11
7.33366
 21
-16.6742
  0
LINE
  8
0
 10
7.33366
 20
-16.6742
 11
7.30731
 21
-16.5924
  0
LINE
  8
0
 10
7.30731
 20
-16.5924
 11
7.28405
 21
-16.5095
  0
LINE
  8
0
 10
7.28405
 20
-16.5095
 11
7.26467
 21
-16.4261
  0
LINE
  8
0
 10
7.26467
 20
-16.4261
 11
7.24839
 21
-16.3416
  0
LINE
  8
0
 10
7.24839
 20
-16.3416
 11
7.23599
 21
-16.2568
  0
LINE
  8
0
 10
7.23599
 20
-16.2568
 11
7.22708
 21
-16.1715
  0
LINE
  8
0
 10
7.22708
 20
-16.1715
 11
7.22165
 21
-16.0858
  0
LINE
  8
0
 10
7.22165
 20
-16.0858
 11
7.21971
 21
-15.9998
  0
LINE
  8
0
 10
7.21971
 20
-15.9998
 11
7.22165
 21
-15.9141
  0
LINE
  8
0
 10
7.22165
 20
-15.9141
 11
7.22708
 21
-15.8281
  0
LINE
  8
0
 10
7.22708
 20
-15.8281
 11
7.23599
 21
-15.7428
  0
LINE
  8
0
 10
7.23599
 20
-15.7428
 11
7.24839
 21
-15.658
  0
LINE
  8
0
 10
7.24839
 20
-15.658
 11
7.26467
 21
-15.5735
  0
LINE
  8
0
 10
7.26467
 20
-15.5735
 11
7.28405
 21
-15.4901
  0
LINE
  8
0
 10
7.28405
 20
-15.4901
 11
7.30731
 21
-15.4072
  0
LINE
  8
0
 10
7.30731
 20
-15.4072
 11
7.33366
 21
-15.3258
  0
LINE
  8
0
 10
7.33366
 20
-15.3258
 11
7.36389
 21
-15.2452
  0
LINE
  8
0
 10
7.36389
 20
-15.2452
 11
7.39722
 21
-15.1661
  0
LINE
  8
0
 10
7.39722
 20
-15.1661
 11
7.43365
 21
-15.0882
  0
LINE
  8
0
 10
7.43365
 20
-15.0882
 11
7.47319
 21
-15.0123
  0
LINE
  8
0
 10
7.47319
 20
-15.0123
 11
7.51621
 21
-14.9378
  0
LINE
  8
0
 10
7.51621
 20
-14.9378
 11
7.56233
 21
-14.8654
  0
LINE
  8
0
 10
7.56233
 20
-14.8654
 11
7.61116
 21
-14.7948
  0
LINE
  8
0
 10
7.61116
 20
-14.7948
 11
7.6631
 21
-14.7266
  0
LINE
  8
0
 10
7.6631
 20
-14.7266
 11
7.71813
 21
-14.6603
  0
LINE
  8
0
 10
7.71813
 20
-14.6603
 11
7.77549
 21
-14.5964
  0
LINE
  8
0
 10
7.77549
 20
-14.5964
 11
7.83557
 21
-14.5352
  0
LINE
  8
0
 10
7.83557
 20
-14.5352
 11
7.89797
 21
-14.4762
  0
LINE
  8
0
 10
7.89797
 20
-14.4762
 11
7.96308
 21
-14.4204
  0
LINE
  8
0
 10
7.96308
 20
-14.4204
 11
8.03052
 21
-14.367
  0
LINE
  8
0
 10
8.03052
 20
-14.367
 11
8.09989
 21
-14.3166
  0
LINE
  8
0
 10
8.09989
 20
-14.3166
 11
8.17121
 21
-14.2689
  0
LINE
  8
0
 10
8.17121
 20
-14.2689
 11
8.24485
 21
-14.2243
  0
LINE
  8
0
 10
8.24485
 20
-14.2243
 11
8.32003
 21
-14.1832
  0
LINE
  8
0
 10
8.32003
 20
-14.1832
 11
8.39677
 21
-14.1449
  0
LINE
  8
0
 10
8.39677
 20
-14.1449
 11
8.47545
 21
-14.11
  0
LINE
  8
0
 10
8.47545
 20
-14.11
 11
8.55529
 21
-14.0782
  0
LINE
  8
0
 10
8.55529
 20
-14.0782
 11
8.63629
 21
-14.0503
  0
LINE
  8
0
 10
8.63629
 20
-14.0503
 11
8.71846
 21
-14.0255
  0
LINE
  8
0
 10
8.71846
 20
-14.0255
 11
8.80179
 21
-14.0038
  0
LINE
  8
0
 10
8.80179
 20
-14.0038
 11
8.8855
 21
-13.986
  0
LINE
  8
0
 10
8.8855
 20
-13.986
 11
8.97038
 21
-13.9716
  0
LINE
  8
0
 10
8.97038
 20
-13.9716
 11
9.05565
 21
-13.9612
  0
LINE
  8
0
 10
9.05565
 20
-13.9612
 11
9.14091
 21
-13.9538
  0
LINE
  8
0
 10
9.14091
 20
-13.9538
 11
9.22696
 21
-13.9503
  0
LINE
  8
0
 10
9.22696
 20
-13.9503
 11
9.31261
 21
-13.9503
  0
LINE
  8
0
 10
9.31261
 20
-13.9503
 11
9.39865
 21
-13.9538
  0
LINE
  8
0
 10
9.39865
 20
-13.9538
 11
9.48392
 21
-13.9612
  0
LINE
  8
0
 10
9.48392
 20
-13.9612
 11
9.56918
 21
-13.9716
  0
LINE
  8
0
 10
9.56918
 20
-13.9716
 11
9.65406
 21
-13.986
  0
LINE
  8
0
 10
9.65406
 20
-13.986
 11
9.73778
 21
-14.0038
  0
LINE
  8
0
 10
9.73778
 20
-14.0038
 11
9.82111
 21
-14.0255
  0
LINE
  8
0
 10
9.82111
 20
-14.0255
 11
9.90327
 21
-14.0503
  0
LINE
  8
0
 10
9.90327
 20
-14.0503
 11
9.98427
 21
-14.0782
  0
LINE
  8
0
 10
9.98427
 20
-14.0782
 11
10.0641
 21
-14.11
  0
LINE
  8
0
 10
10.0641
 20
-14.11
 11
10.1428
 21
-14.1449
  0
LINE
  8
0
 10
10.1428
 20
-14.1449
 11
10.2195
 21
-14.1832
  0
LINE
  8
0
 10
10.2195
 20
-14.1832
 11
10.2947
 21
-14.2243
  0
LINE
  8
0
 10
10.2947
 20
-14.2243
 11
10.3684
 21
-14.2689
  0
LINE
  8
0
 10
10.3684
 20
-14.2689
 11
10.4397
 21
-14.3166
  0
LINE
  8
0
 10
10.4397
 20
-14.3166
 11
10.509
 21
-14.367
  0
LINE
  8
0
 10
10.509
 20
-14.367
 11
10.5765
 21
-14.4204
  0
LINE
  8
0
 10
10.5765
 20
-14.4204
 11
10.6416
 21
-14.4762
  0
LINE
  8
0
 10
10.6416
 20
-14.4762
 11
10.704
 21
-14.5352
  0
LINE
  8
0
 10
10.704
 20
-14.5352
 11
10.7641
 21
-14.5964
  0
LINE
  8
0
 10
10.7641
 20
-14.5964
 11
10.8218
 21
-14.6603
  0
LINE
  8
0
 10
10.8218
 20
-14.6603
 11
10.8765
 21
-14.7266
  0
LINE
  8
0
 10
10.8765
 20
-14.7266
 11
10.9284
 21
-14.7948
  0
LINE
  8
0
 10
10.9284
 20
-14.7948
 11
10.9772
 21
-14.8654
  0
LINE
  8
0
 10
10.9772
 20
-14.8654
 11
11.0234
 21
-14.9378
  0
LINE
  8
0
 10
11.0234
 20
-14.9378
 11
11.0664
 21
-15.0123
  0
LINE
  8
0
 10
11.0664
 20
-15.0123
 11
11.1059
 21
-15.0882
  0
LINE
  8
0
 10
11.1059
 20
-15.0882
 11
11.1427
 21
-15.1661
  0
LINE
  8
0
 10
11.1427
 20
-15.1661
 11
11.1757
 21
-15.2452
  0
LINE
  8
0
 10
11.1757
 20
-15.2452
 11
11.2059
 21
-15.3258
  0
LINE
  8
0
 10
11.2059
 20
-15.3258
 11
11.2323
 21
-15.4072
  0
LINE
  8
0
 10
11.2323
 20
-15.4072
 11
11.2555
 21
-15.4901
  0
LINE
  8
0
 10
11.2555
 20
-15.4901
 11
11.2749
 21
-15.5735
  0
LINE
  8
0
 10
11.2749
 20
-15.5735
 11
11.2912
 21
-15.658
  0
LINE
  8
0
 10
11.2912
 20
-15.658
 11
11.3036
 21
-15.7428
  0
LINE
  8
0
 10
11.3036
 20
-15.7428
 11
11.3125
 21
-15.8281
  0
LINE
  8
0
 10
11.3125
 20
-15.8281
 11
11.3179
 21
-15.9141
  0
LINE
  8
0
 10
11.3179
 20
-15.9141
 11
11.3199
 21
-15.9998
  0
LINE
  8
0
 10
11.3199
 20
-15.9998
 11
11.3179
 21
-16.0858
  0
LINE
  8
0
 10
11.3179
 20
-16.0858
 11
11.3125
 21
-16.1715
  0
LINE
  8
0
 10
11.3125
 20
-16.1715
 11
11.3036
 21
-16.2568
  0
LINE
  8
0
 10
11.3036
 20
-16.2568
 11
11.2912
 21
-16.3416
  0
LINE
  8
0
 10
11.2912
 20
-16.3416
 11
11.2749
 21
-16.4261
  0
LINE
  8
0
 10
11.2749
 20
-16.4261
 11
11.2555
 21
-16.5095
  0
LINE
  8
0
 10
11.2555
 20
-16.5095
 11
11.2323
 21
-16.5924
  0
LINE
  8
0
 10
11.2323
 20
-16.5924
 11
11.2059
 21
-16.6742
  0
LINE
  8
0
 10
11.2059
 20
-16.6742
 11
11.1757
 21
-16.7544
  0
LINE
  8
0
 10
11.1757
 20
-16.7544
 11
11.1427
 21
-16.8335
  0
LINE
  8
0
 10
11.1427
 20
-16.8335
 11
11.1059
 21
-16.9114
  0
LINE
  8
0
 10
11.1059
 20
-16.9114
 11
11.0664
 21
-16.9873
  0
LINE
  8
0
 10
11.0664
 20
-16.9873
 11
11.0234
 21
-17.0617
  0
LINE
  8
0
 10
11.0234
 20
-17.0617
 11
10.9772
 21
-17.1342
  0
LINE
  8
0
 10
10.9772
 20
-17.1342
 11
10.9284
 21
-17.2048
  0
LINE
  8
0
 10
10.9284
 20
-17.2048
 11
10.8765
 21
-17.273
  0
LINE
  8
0
 10
10.8765
 20
-17.273
 11
10.8218
 21
-17.3393
  0
LINE
  8
0
 10
10.8218
 20
-17.3393
 11
10.7641
 21
-17.4032
  0
LINE
  8
0
 10
10.7641
 20
-17.4032
 11
10.704
 21
-17.4644
  0
LINE
  8
0
 10
10.704
 20
-17.4644
 11
10.6416
 21
-17.5233
  0
LINE
  8
0
 10
10.6416
 20
-17.5233
 11
10.5765
 21
-17.5795
  0
LINE
  8
0
 10
10.5765
 20
-17.5795
 11
10.509
 21
-17.6326
  0
LINE
  8
0
 10
10.509
 20
-17.6326
 11
10.4397
 21
-17.683
  0
LINE
  8
0
 10
10.4397
 20
-17.683
 11
10.3684
 21
-17.7307
  0
LINE
  8
0
 10
10.3684
 20
-17.7307
 11
10.2947
 21
-17.7753
  0
LINE
  8
0
 10
10.2947
 20
-17.7753
 11
10.2195
 21
-17.8164
  0
LINE
  8
0
 10
10.2195
 20
-17.8164
 11
10.1428
 21
-17.8547
  0
LINE
  8
0
 10
10.1428
 20
-17.8547
 11
10.0641
 21
-17.8896
  0
LINE
  8
0
 10
10.0641
 20
-17.8896
 11
9.98427
 21
-17.9214
  0
LINE
  8
0
 10
9.98427
 20
-17.9214
 11
9.90327
 21
-17.9493
  0
LINE
  8
0
 10
9.90327
 20
-17.9493
 11
9.82111
 21
-17.9745
  0
LINE
  8
0
 10
9.82111
 20
-17.9745
 11
9.73778
 21
-17.9958
  0
LINE
  8
0
 10
9.73778
 20
-17.9958
 11
9.65406
 21
-18.0136
  0
LINE
  8
0
 10
9.65406
 20
-18.0136
 11
9.56918
 21
-18.028
  0
LINE
  8
0
 10
9.56918
 20
-18.028
 11
9.48392
 21
-18.0384
  0
LINE
  8
0
 10
9.48392
 20
-18.0384
 11
9.39865
 21
-18.0458
  0
LINE
  8
0
 10
9.39865
 20
-18.0458
 11
9.31261
 21
-18.0493
  0
LINE
  8
0
 10
9.31261
 20
-18.0493
 11
9.22696
 21
-18.0493
  0
LINE
  8
0
 10
86.3168
 20
-26.0492
 11
86.2312
 21
-26.0457
  0
LINE
  8
0
 10
86.2312
 20
-26.0457
 11
86.1455
 21
-26.0387
  0
LINE
  8
0
 10
86.1455
 20
-26.0387
 11
86.0603
 21
-26.0279
  0
LINE
  8
0
 10
86.0603
 20
-26.0279
 11
85.9758
 21
-26.0135
  0
LINE
  8
0
 10
85.9758
 20
-26.0135
 11
85.8917
 21
-25.9957
  0
LINE
  8
0
 10
85.8917
 20
-25.9957
 11
85.8083
 21
-25.9744
  0
LINE
  8
0
 10
85.8083
 20
-25.9744
 11
85.7262
 21
-25.9496
  0
LINE
  8
0
 10
85.7262
 20
-25.9496
 11
85.6452
 21
-25.9213
  0
LINE
  8
0
 10
85.6452
 20
-25.9213
 11
85.5653
 21
-25.8895
  0
LINE
  8
0
 10
85.5653
 20
-25.8895
 11
85.487
 21
-25.8546
  0
LINE
  8
0
 10
85.487
 20
-25.8546
 11
85.4099
 21
-25.8166
  0
LINE
  8
0
 10
85.4099
 20
-25.8166
 11
85.3347
 21
-25.7752
  0
LINE
  8
0
 10
85.3347
 20
-25.7752
 11
85.2615
 21
-25.7306
  0
LINE
  8
0
 10
85.2615
 20
-25.7306
 11
85.1898
 21
-25.6833
  0
LINE
  8
0
 10
85.1898
 20
-25.6833
 11
85.1204
 21
-25.6325
  0
LINE
  8
0
 10
85.1204
 20
-25.6325
 11
85.0529
 21
-25.5794
  0
LINE
  8
0
 10
85.0529
 20
-25.5794
 11
84.9882
 21
-25.5232
  0
LINE
  8
0
 10
84.9882
 20
-25.5232
 11
84.9254
 21
-25.4643
  0
LINE
  8
0
 10
84.9254
 20
-25.4643
 11
84.8654
 21
-25.4031
  0
LINE
  8
0
 10
84.8654
 20
-25.4031
 11
84.808
 21
-25.3392
  0
LINE
  8
0
 10
84.808
 20
-25.3392
 11
84.7534
 21
-25.2733
  0
LINE
  8
0
 10
84.7534
 20
-25.2733
 11
84.7014
 21
-25.2047
  0
LINE
  8
0
 10
84.7014
 20
-25.2047
 11
84.6522
 21
-25.1341
  0
LINE
  8
0
 10
84.6522
 20
-25.1341
 11
84.6065
 21
-25.0616
  0
LINE
  8
0
 10
84.6065
 20
-25.0616
 11
84.5634
 21
-24.9872
  0
LINE
  8
0
 10
84.5634
 20
-24.9872
 11
84.5235
 21
-24.9113
  0
LINE
  8
0
 10
84.5235
 20
-24.9113
 11
84.4871
 21
-24.8338
  0
LINE
  8
0
 10
84.4871
 20
-24.8338
 11
84.4538
 21
-24.7543
  0
LINE
  8
0
 10
84.4538
 20
-24.7543
 11
84.4239
 21
-24.6741
  0
LINE
  8
0
 10
84.4239
 20
-24.6741
 11
84.3972
 21
-24.5923
  0
LINE
  8
0
 10
84.3972
 20
-24.5923
 11
84.3743
 21
-24.5097
  0
LINE
  8
0
 10
84.3743
 20
-24.5097
 11
84.3545
 21
-24.426
  0
LINE
  8
0
 10
84.3545
 20
-24.426
 11
84.3387
 21
-24.3415
  0
LINE
  8
0
 10
84.3387
 20
-24.3415
 11
84.3259
 21
-24.2567
  0
LINE
  8
0
 10
84.3259
 20
-24.2567
 11
84.3169
 21
-24.1714
  0
LINE
  8
0
 10
84.3169
 20
-24.1714
 11
84.3115
 21
-24.0857
  0
LINE
  8
0
 10
84.3115
 20
-24.0857
 11
84.31
 21
-23.9997
  0
LINE
  8
0
 10
84.31
 20
-23.9997
 11
84.3115
 21
-23.914
  0
LINE
  8
0
 10
84.3115
 20
-23.914
 11
84.3169
 21
-23.8284
  0
LINE
  8
0
 10
84.3169
 20
-23.8284
 11
84.3259
 21
-23.7427
  0
LINE
  8
0
 10
84.3259
 20
-23.7427
 11
84.3387
 21
-23.6579
  0
LINE
  8
0
 10
84.3387
 20
-23.6579
 11
84.3545
 21
-23.5738
  0
LINE
  8
0
 10
84.3545
 20
-23.5738
 11
84.3743
 21
-23.49
  0
LINE
  8
0
 10
84.3743
 20
-23.49
 11
84.3972
 21
-23.4071
  0
LINE
  8
0
 10
84.3972
 20
-23.4071
 11
84.4239
 21
-23.3257
  0
LINE
  8
0
 10
84.4239
 20
-23.3257
 11
84.4538
 21
-23.2451
  0
LINE
  8
0
 10
84.4538
 20
-23.2451
 11
84.4871
 21
-23.166
  0
LINE
  8
0
 10
84.4871
 20
-23.166
 11
84.5235
 21
-23.0881
  0
LINE
  8
0
 10
84.5235
 20
-23.0881
 11
84.5634
 21
-23.0122
  0
LINE
  8
0
 10
84.5634
 20
-23.0122
 11
84.6065
 21
-22.9377
  0
LINE
  8
0
 10
84.6065
 20
-22.9377
 11
84.6522
 21
-22.8653
  0
LINE
  8
0
 10
84.6522
 20
-22.8653
 11
84.7014
 21
-22.7947
  0
LINE
  8
0
 10
84.7014
 20
-22.7947
 11
84.7534
 21
-22.7265
  0
LINE
  8
0
 10
84.7534
 20
-22.7265
 11
84.808
 21
-22.6602
  0
LINE
  8
0
 10
84.808
 20
-22.6602
 11
84.8654
 21
-22.5963
  0
LINE
  8
0
 10
84.8654
 20
-22.5963
 11
84.9254
 21
-22.5351
  0
LINE
  8
0
 10
84.9254
 20
-22.5351
 11
84.9882
 21
-22.4765
  0
LINE
  8
0
 10
84.9882
 20
-22.4765
 11
85.0529
 21
-22.4203
  0
LINE
  8
0
 10
85.0529
 20
-22.4203
 11
85.1204
 21
-22.3669
  0
LINE
  8
0
 10
85.1204
 20
-22.3669
 11
85.1898
 21
-22.3165
  0
LINE
  8
0
 10
85.1898
 20
-22.3165
 11
85.2615
 21
-22.2688
  0
LINE
  8
0
 10
85.2615
 20
-22.2688
 11
85.3347
 21
-22.2246
  0
LINE
  8
0
 10
85.3347
 20
-22.2246
 11
85.4099
 21
-22.1831
  0
LINE
  8
0
 10
85.4099
 20
-22.1831
 11
85.487
 21
-22.1448
  0
LINE
  8
0
 10
85.487
 20
-22.1448
 11
85.5653
 21
-22.1099
  0
LINE
  8
0
 10
85.5653
 20
-22.1099
 11
85.6452
 21
-22.0785
  0
LINE
  8
0
 10
85.6452
 20
-22.0785
 11
85.7262
 21
-22.0502
  0
LINE
  8
0
 10
85.7262
 20
-22.0502
 11
85.8083
 21
-22.0254
  0
LINE
  8
0
 10
85.8083
 20
-22.0254
 11
85.8917
 21
-22.0041
  0
LINE
  8
0
 10
85.8917
 20
-22.0041
 11
85.9758
 21
-21.9863
  0
LINE
  8
0
 10
85.9758
 20
-21.9863
 11
86.0603
 21
-21.9719
  0
LINE
  8
0
 10
86.0603
 20
-21.9719
 11
86.1455
 21
-21.9611
  0
LINE
  8
0
 10
86.1455
 20
-21.9611
 11
86.2312
 21
-21.9537
  0
LINE
  8
0
 10
86.2312
 20
-21.9537
 11
86.3168
 21
-21.9502
  0
LINE
  8
0
 10
86.3168
 20
-21.9502
 11
86.4029
 21
-21.9502
  0
LINE
  8
0
 10
86.4029
 20
-21.9502
 11
86.4885
 21
-21.9537
  0
LINE
  8
0
 10
86.4885
 20
-21.9537
 11
86.5742
 21
-21.9611
  0
LINE
  8
0
 10
86.5742
 20
-21.9611
 11
86.6594
 21
-21.9719
  0
LINE
  8
0
 10
86.6594
 20
-21.9719
 11
86.7439
 21
-21.9863
  0
LINE
  8
0
 10
86.7439
 20
-21.9863
 11
86.828
 21
-22.0041
  0
LINE
  8
0
 10
86.828
 20
-22.0041
 11
86.911
 21
-22.0254
  0
LINE
  8
0
 10
86.911
 20
-22.0254
 11
86.9931
 21
-22.0502
  0
LINE
  8
0
 10
86.9931
 20
-22.0502
 11
87.0745
 21
-22.0785
  0
LINE
  8
0
 10
87.0745
 20
-22.0785
 11
87.1544
 21
-22.1099
  0
LINE
  8
0
 10
87.1544
 20
-22.1099
 11
87.2327
 21
-22.1448
  0
LINE
  8
0
 10
87.2327
 20
-22.1448
 11
87.3094
 21
-22.1831
  0
LINE
  8
0
 10
87.3094
 20
-22.1831
 11
87.385
 21
-22.2246
  0
LINE
  8
0
 10
87.385
 20
-22.2246
 11
87.4582
 21
-22.2688
  0
LINE
  8
0
 10
87.4582
 20
-22.2688
 11
87.5299
 21
-22.3165
  0
LINE
  8
0
 10
87.5299
 20
-22.3165
 11
87.5993
 21
-22.3669
  0
LINE
  8
0
 10
87.5993
 20
-22.3669
 11
87.6664
 21
-22.4203
  0
LINE
  8
0
 10
87.6664
 20
-22.4203
 11
87.7315
 21
-22.4765
  0
LINE
  8
0
 10
87.7315
 20
-22.4765
 11
87.7943
 21
-22.5351
  0
LINE
  8
0
 10
87.7943
 20
-22.5351
 11
87.8543
 21
-22.5963
  0
LINE
  8
0
 10
87.8543
 20
-22.5963
 11
87.9117
 21
-22.6602
  0
LINE
  8
0
 10
87.9117
 20
-22.6602
 11
87.9663
 21
-22.7265
  0
LINE
  8
0
 10
87.9663
 20
-22.7265
 11
88.0183
 21
-22.7947
  0
LINE
  8
0
 10
88.0183
 20
-22.7947
 11
88.0675
 21
-22.8653
  0
LINE
  8
0
 10
88.0675
 20
-22.8653
 11
88.1132
 21
-22.9377
  0
LINE
  8
0
 10
88.1132
 20
-22.9377
 11
88.1562
 21
-23.0122
  0
LINE
  8
0
 10
88.1562
 20
-23.0122
 11
88.1962
 21
-23.0881
  0
LINE
  8
0
 10
88.1962
 20
-23.0881
 11
88.2326
 21
-23.166
  0
LINE
  8
0
 10
88.2326
 20
-23.166
 11
88.2659
 21
-23.2451
  0
LINE
  8
0
 10
88.2659
 20
-23.2451
 11
88.2958
 21
-23.3257
  0
LINE
  8
0
 10
88.2958
 20
-23.3257
 11
88.3221
 21
-23.4071
  0
LINE
  8
0
 10
88.3221
 20
-23.4071
 11
88.3454
 21
-23.49
  0
LINE
  8
0
 10
88.3454
 20
-23.49
 11
88.3651
 21
-23.5738
  0
LINE
  8
0
 10
88.3651
 20
-23.5738
 11
88.381
 21
-23.6579
  0
LINE
  8
0
 10
88.381
 20
-23.6579
 11
88.3938
 21
-23.7427
  0
LINE
  8
0
 10
88.3938
 20
-23.7427
 11
88.4027
 21
-23.8284
  0
LINE
  8
0
 10
88.4027
 20
-23.8284
 11
88.4082
 21
-23.914
  0
LINE
  8
0
 10
88.4082
 20
-23.914
 11
88.4097
 21
-23.9997
  0
LINE
  8
0
 10
88.4097
 20
-23.9997
 11
88.4082
 21
-24.0857
  0
LINE
  8
0
 10
88.4082
 20
-24.0857
 11
88.4027
 21
-24.1714
  0
LINE
  8
0
 10
88.4027
 20
-24.1714
 11
88.3938
 21
-24.2567
  0
LINE
  8
0
 10
88.3938
 20
-24.2567
 11
88.381
 21
-24.3415
  0
LINE
  8
0
 10
88.381
 20
-24.3415
 11
88.3651
 21
-24.426
  0
LINE
  8
0
 10
88.3651
 20
-24.426
 11
88.3454
 21
-24.5097
  0
LINE
  8
0
 10
88.3454
 20
-24.5097
 11
88.3221
 21
-24.5923
  0
LINE
  8
0
 10
88.3221
 20
-24.5923
 11
88.2958
 21
-24.6741
  0
LINE
  8
0
 10
88.2958
 20
-24.6741
 11
88.2659
 21
-24.7543
  0
LINE
  8
0
 10
88.2659
 20
-24.7543
 11
88.2326
 21
-24.8338
  0
LINE
  8
0
 10
88.2326
 20
-24.8338
 11
88.1962
 21
-24.9113
  0
LINE
  8
0
 10
88.1962
 20
-24.9113
 11
88.1562
 21
-24.9872
  0
LINE
  8
0
 10
88.1562
 20
-24.9872
 11
88.1132
 21
-25.0616
  0
LINE
  8
0
 10
88.1132
 20
-25.0616
 11
88.0675
 21
-25.1341
  0
LINE
  8
0
 10
88.0675
 20
-25.1341
 11
88.0183
 21
-25.2047
  0
LINE
  8
0
 10
88.0183
 20
-25.2047
 11
87.9663
 21
-25.2733
  0
LINE
  8
0
 10
87.9663
 20
-25.2733
 11
87.9117
 21
-25.3392
  0
LINE
  8
0
 10
87.9117
 20
-25.3392
 11
87.8543
 21
-25.4031
  0
LINE
  8
0
 10
87.8543
 20
-25.4031
 11
87.7943
 21
-25.4643
  0
LINE
  8
0
 10
87.7943
 20
-25.4643
 11
87.7315
 21
-25.5232
  0
LINE
  8
0
 10
87.7315
 20
-25.5232
 11
87.6664
 21
-25.5794
  0
LINE
  8
0
 10
87.6664
 20
-25.5794
 11
87.5993
 21
-25.6325
  0
LINE
  8
0
 10
87.5993
 20
-25.6325
 11
87.5299
 21
-25.6833
  0
LINE
  8
0
 10
87.5299
 20
-25.6833
 11
87.4582
 21
-25.7306
  0
LINE
  8
0
 10
87.4582
 20
-25.7306
 11
87.385
 21
-25.7752
  0
LINE
  8
0
 10
87.385
 20
-25.7752
 11
87.3094
 21
-25.8166
  0
LINE
  8
0
 10
87.3094
 20
-25.8166
 11
87.2327
 21
-25.8546
  0
LINE
  8
0
 10
87.2327
 20
-25.8546
 11
87.1544
 21
-25.8895
  0
LINE
  8
0
 10
87.1544
 20
-25.8895
 11
87.0745
 21
-25.9213
  0
LINE
  8
0
 10
87.0745
 20
-25.9213
 11
86.9931
 21
-25.9496
  0
LINE
  8
0
 10
86.9931
 20
-25.9496
 11
86.911
 21
-25.9744
  0
LINE
  8
0
 10
86.911
 20
-25.9744
 11
86.828
 21
-25.9957
  0
LINE
  8
0
 10
86.828
 20
-25.9957
 11
86.7439
 21
-26.0135
  0
LINE
  8
0
 10
86.7439
 20
-26.0135
 11
86.6594
 21
-26.0279
  0
LINE
  8
0
 10
86.6594
 20
-26.0279
 11
86.5742
 21
-26.0387
  0
LINE
  8
0
 10
86.5742
 20
-26.0387
 11
86.4885
 21
-26.0457
  0
LINE
  8
0
 10
86.4885
 20
-26.0457
 11
86.4029
 21
-26.0492
  0
LINE
  8
0
 10
86.4029
 20
-26.0492
 11
86.3168
 21
-26.0492
  0
LINE
  8
0
 10
139.531
 20
-26.0492
 11
139.445
 21
-26.0457
  0
LINE
  8
0
 10
139.445
 20
-26.0457
 11
139.36
 21
-26.0387
  0
LINE
  8
0
 10
139.36
 20
-26.0387
 11
139.274
 21
-26.0279
  0
LINE
  8
0
 10
139.274
 20
-26.0279
 11
139.19
 21
-26.0135
  0
LINE
  8
0
 10
139.19
 20
-26.0135
 11
139.106
 21
-25.9957
  0
LINE
  8
0
 10
139.106
 20
-25.9957
 11
139.023
 21
-25.9744
  0
LINE
  8
0
 10
139.023
 20
-25.9744
 11
138.94
 21
-25.9496
  0
LINE
  8
0
 10
138.94
 20
-25.9496
 11
138.859
 21
-25.9213
  0
LINE
  8
0
 10
138.859
 20
-25.9213
 11
138.78
 21
-25.8895
  0
LINE
  8
0
 10
138.78
 20
-25.8895
 11
138.701
 21
-25.8546
  0
LINE
  8
0
 10
138.701
 20
-25.8546
 11
138.624
 21
-25.8166
  0
LINE
  8
0
 10
138.624
 20
-25.8166
 11
138.549
 21
-25.7752
  0
LINE
  8
0
 10
138.549
 20
-25.7752
 11
138.475
 21
-25.7306
  0
LINE
  8
0
 10
138.475
 20
-25.7306
 11
138.404
 21
-25.6833
  0
LINE
  8
0
 10
138.404
 20
-25.6833
 11
138.334
 21
-25.6325
  0
LINE
  8
0
 10
138.334
 20
-25.6325
 11
138.267
 21
-25.5794
  0
LINE
  8
0
 10
138.267
 20
-25.5794
 11
138.202
 21
-25.5232
  0
LINE
  8
0
 10
138.202
 20
-25.5232
 11
138.14
 21
-25.4643
  0
LINE
  8
0
 10
138.14
 20
-25.4643
 11
138.08
 21
-25.4031
  0
LINE
  8
0
 10
138.08
 20
-25.4031
 11
138.022
 21
-25.3392
  0
LINE
  8
0
 10
138.022
 20
-25.3392
 11
137.967
 21
-25.2733
  0
LINE
  8
0
 10
137.967
 20
-25.2733
 11
137.915
 21
-25.2047
  0
LINE
  8
0
 10
137.915
 20
-25.2047
 11
137.866
 21
-25.1341
  0
LINE
  8
0
 10
137.866
 20
-25.1341
 11
137.82
 21
-25.0616
  0
LINE
  8
0
 10
137.82
 20
-25.0616
 11
137.777
 21
-24.9872
  0
LINE
  8
0
 10
137.777
 20
-24.9872
 11
137.738
 21
-24.9113
  0
LINE
  8
0
 10
137.738
 20
-24.9113
 11
137.701
 21
-24.8338
  0
LINE
  8
0
 10
137.701
 20
-24.8338
 11
137.668
 21
-24.7543
  0
LINE
  8
0
 10
137.668
 20
-24.7543
 11
137.638
 21
-24.6741
  0
LINE
  8
0
 10
137.638
 20
-24.6741
 11
137.611
 21
-24.5923
  0
LINE
  8
0
 10
137.611
 20
-24.5923
 11
137.588
 21
-24.5097
  0
LINE
  8
0
 10
137.588
 20
-24.5097
 11
137.569
 21
-24.426
  0
LINE
  8
0
 10
137.569
 20
-24.426
 11
137.552
 21
-24.3415
  0
LINE
  8
0
 10
137.552
 20
-24.3415
 11
137.54
 21
-24.2567
  0
LINE
  8
0
 10
137.54
 20
-24.2567
 11
137.531
 21
-24.1714
  0
LINE
  8
0
 10
137.531
 20
-24.1714
 11
137.526
 21
-24.0857
  0
LINE
  8
0
 10
137.526
 20
-24.0857
 11
137.524
 21
-23.9997
  0
LINE
  8
0
 10
137.524
 20
-23.9997
 11
137.526
 21
-23.914
  0
LINE
  8
0
 10
137.526
 20
-23.914
 11
137.531
 21
-23.8284
  0
LINE
  8
0
 10
137.531
 20
-23.8284
 11
137.54
 21
-23.7427
  0
LINE
  8
0
 10
137.54
 20
-23.7427
 11
137.552
 21
-23.6579
  0
LINE
  8
0
 10
137.552
 20
-23.6579
 11
137.569
 21
-23.5738
  0
LINE
  8
0
 10
137.569
 20
-23.5738
 11
137.588
 21
-23.49
  0
LINE
  8
0
 10
137.588
 20
-23.49
 11
137.611
 21
-23.4071
  0
LINE
  8
0
 10
137.611
 20
-23.4071
 11
137.638
 21
-23.3257
  0
LINE
  8
0
 10
137.638
 20
-23.3257
 11
137.668
 21
-23.2451
  0
LINE
  8
0
 10
137.668
 20
-23.2451
 11
137.701
 21
-23.166
  0
LINE
  8
0
 10
137.701
 20
-23.166
 11
137.738
 21
-23.0881
  0
LINE
  8
0
 10
137.738
 20
-23.0881
 11
137.777
 21
-23.0122
  0
LINE
  8
0
 10
137.777
 20
-23.0122
 11
137.82
 21
-22.9377
  0
LINE
  8
0
 10
137.82
 20
-22.9377
 11
137.866
 21
-22.8653
  0
LINE
  8
0
 10
137.866
 20
-22.8653
 11
137.915
 21
-22.7947
  0
LINE
  8
0
 10
137.915
 20
-22.7947
 11
137.967
 21
-22.7265
  0
LINE
  8
0
 10
137.967
 20
-22.7265
 11
138.022
 21
-22.6602
  0
LINE
  8
0
 10
138.022
 20
-22.6602
 11
138.08
 21
-22.5963
  0
LINE
  8
0
 10
138.08
 20
-22.5963
 11
138.14
 21
-22.5351
  0
LINE
  8
0
 10
138.14
 20
-22.5351
 11
138.202
 21
-22.4765
  0
LINE
  8
0
 10
138.202
 20
-22.4765
 11
138.267
 21
-22.4203
  0
LINE
  8
0
 10
138.267
 20
-22.4203
 11
138.334
 21
-22.3669
  0
LINE
  8
0
 10
138.334
 20
-22.3669
 11
138.404
 21
-22.3165
  0
LINE
  8
0
 10
138.404
 20
-22.3165
 11
138.475
 21
-22.2688
  0
LINE
  8
0
 10
138.475
 20
-22.2688
 11
138.549
 21
-22.2246
  0
LINE
  8
0
 10
138.549
 20
-22.2246
 11
138.624
 21
-22.1831
  0
LINE
  8
0
 10
138.624
 20
-22.1831
 11
138.701
 21
-22.1448
  0
LINE
  8
0
 10
138.701
 20
-22.1448
 11
138.78
 21
-22.1099
  0
LINE
  8
0
 10
138.78
 20
-22.1099
 11
138.859
 21
-22.0785
  0
LINE
  8
0
 10
138.859
 20
-22.0785
 11
138.94
 21
-22.0502
  0
LINE
  8
0
 10
138.94
 20
-22.0502
 11
139.023
 21
-22.0254
  0
LINE
  8
0
 10
139.023
 20
-22.0254
 11
139.106
 21
-22.0041
  0
LINE
  8
0
 10
139.106
 20
-22.0041
 11
139.19
 21
-21.9863
  0
LINE
  8
0
 10
139.19
 20
-21.9863
 11
139.274
 21
-21.9719
  0
LINE
  8
0
 10
139.274
 20
-21.9719
 11
139.36
 21
-21.9611
  0
LINE
  8
0
 10
139.36
 20
-21.9611
 11
139.445
 21
-21.9537
  0
LINE
  8
0
 10
139.445
 20
-21.9537
 11
139.531
 21
-21.9502
  0
LINE
  8
0
 10
139.531
 20
-21.9502
 11
139.617
 21
-21.9502
  0
LINE
  8
0
 10
139.617
 20
-21.9502
 11
139.703
 21
-21.9537
  0
LINE
  8
0
 10
139.703
 20
-21.9537
 11
139.788
 21
-21.9611
  0
LINE
  8
0
 10
139.788
 20
-21.9611
 11
139.873
 21
-21.9719
  0
LINE
  8
0
 10
139.873
 20
-21.9719
 11
139.958
 21
-21.9863
  0
LINE
  8
0
 10
139.958
 20
-21.9863
 11
140.042
 21
-22.0041
  0
LINE
  8
0
 10
140.042
 20
-22.0041
 11
140.125
 21
-22.0254
  0
LINE
  8
0
 10
140.125
 20
-22.0254
 11
140.207
 21
-22.0502
  0
LINE
  8
0
 10
140.207
 20
-22.0502
 11
140.288
 21
-22.0785
  0
LINE
  8
0
 10
140.288
 20
-22.0785
 11
140.368
 21
-22.1099
  0
LINE
  8
0
 10
140.368
 20
-22.1099
 11
140.446
 21
-22.1448
  0
LINE
  8
0
 10
140.446
 20
-22.1448
 11
140.524
 21
-22.1831
  0
LINE
  8
0
 10
140.524
 20
-22.1831
 11
140.599
 21
-22.2246
  0
LINE
  8
0
 10
140.599
 20
-22.2246
 11
140.672
 21
-22.2688
  0
LINE
  8
0
 10
140.672
 20
-22.2688
 11
140.744
 21
-22.3165
  0
LINE
  8
0
 10
140.744
 20
-22.3165
 11
140.813
 21
-22.3669
  0
LINE
  8
0
 10
140.813
 20
-22.3669
 11
140.881
 21
-22.4203
  0
LINE
  8
0
 10
140.881
 20
-22.4203
 11
140.946
 21
-22.4765
  0
LINE
  8
0
 10
140.946
 20
-22.4765
 11
141.008
 21
-22.5351
  0
LINE
  8
0
 10
141.008
 20
-22.5351
 11
141.068
 21
-22.5963
  0
LINE
  8
0
 10
141.068
 20
-22.5963
 11
141.125
 21
-22.6602
  0
LINE
  8
0
 10
141.125
 20
-22.6602
 11
141.181
 21
-22.7265
  0
LINE
  8
0
 10
141.181
 20
-22.7265
 11
141.232
 21
-22.7947
  0
LINE
  8
0
 10
141.232
 20
-22.7947
 11
141.281
 21
-22.8653
  0
LINE
  8
0
 10
141.281
 20
-22.8653
 11
141.327
 21
-22.9377
  0
LINE
  8
0
 10
141.327
 20
-22.9377
 11
141.37
 21
-23.0122
  0
LINE
  8
0
 10
141.37
 20
-23.0122
 11
141.41
 21
-23.0881
  0
LINE
  8
0
 10
141.41
 20
-23.0881
 11
141.446
 21
-23.166
  0
LINE
  8
0
 10
141.446
 20
-23.166
 11
141.48
 21
-23.2451
  0
LINE
  8
0
 10
141.48
 20
-23.2451
 11
141.51
 21
-23.3257
  0
LINE
  8
0
 10
141.51
 20
-23.3257
 11
141.536
 21
-23.4071
  0
LINE
  8
0
 10
141.536
 20
-23.4071
 11
141.56
 21
-23.49
  0
LINE
  8
0
 10
141.56
 20
-23.49
 11
141.579
 21
-23.5738
  0
LINE
  8
0
 10
141.579
 20
-23.5738
 11
141.595
 21
-23.6579
  0
LINE
  8
0
 10
141.595
 20
-23.6579
 11
141.608
 21
-23.7427
  0
LINE
  8
0
 10
141.608
 20
-23.7427
 11
141.617
 21
-23.8284
  0
LINE
  8
0
 10
141.617
 20
-23.8284
 11
141.622
 21
-23.914
  0
LINE
  8
0
 10
141.622
 20
-23.914
 11
141.624
 21
-23.9997
  0
LINE
  8
0
 10
141.624
 20
-23.9997
 11
141.622
 21
-24.0857
  0
LINE
  8
0
 10
141.622
 20
-24.0857
 11
141.617
 21
-24.1714
  0
LINE
  8
0
 10
141.617
 20
-24.1714
 11
141.608
 21
-24.2567
  0
LINE
  8
0
 10
141.608
 20
-24.2567
 11
141.595
 21
-24.3415
  0
LINE
  8
0
 10
141.595
 20
-24.3415
 11
141.579
 21
-24.426
  0
LINE
  8
0
 10
141.579
 20
-24.426
 11
141.56
 21
-24.5097
  0
LINE
  8
0
 10
141.56
 20
-24.5097
 11
141.536
 21
-24.5923
  0
LINE
  8
0
 10
141.536
 20
-24.5923
 11
141.51
 21
-24.6741
  0
LINE
  8
0
 10
141.51
 20
-24.6741
 11
141.48
 21
-24.7543
  0
LINE
  8
0
 10
141.48
 20
-24.7543
 11
141.446
 21
-24.8338
  0
LINE
  8
0
 10
141.446
 20
-24.8338
 11
141.41
 21
-24.9113
  0
LINE
  8
0
 10
141.41
 20
-24.9113
 11
141.37
 21
-24.9872
  0
LINE
  8
0
 10
141.37
 20
-24.9872
 11
141.327
 21
-25.0616
  0
LINE
  8
0
 10
141.327
 20
-25.0616
 11
141.281
 21
-25.1341
  0
LINE
  8
0
 10
141.281
 20
-25.1341
 11
141.232
 21
-25.2047
  0
LINE
  8
0
 10
141.232
 20
-25.2047
 11
141.181
 21
-25.2733
  0
LINE
  8
0
 10
141.181
 20
-25.2733
 11
141.125
 21
-25.3392
  0
LINE
  8
0
 10
141.125
 20
-25.3392
 11
141.068
 21
-25.4031
  0
LINE
  8
0
 10
141.068
 20
-25.4031
 11
141.008
 21
-25.4643
  0
LINE
  8
0
 10
141.008
 20
-25.4643
 11
140.946
 21
-25.5232
  0
LINE
  8
0
 10
140.946
 20
-25.5232
 11
140.881
 21
-25.5794
  0
LINE
  8
0
 10
140.881
 20
-25.5794
 11
140.813
 21
-25.6325
  0
LINE
  8
0
 10
140.813
 20
-25.6325
 11
140.744
 21
-25.6833
  0
LINE
  8
0
 10
140.744
 20
-25.6833
 11
140.672
 21
-25.7306
  0
LINE
  8
0
 10
140.672
 20
-25.7306
 11
140.599
 21
-25.7752
  0
LINE
  8
0
 10
140.599
 20
-25.7752
 11
140.524
 21
-25.8166
  0
LINE
  8
0
 10
140.524
 20
-25.8166
 11
140.446
 21
-25.8546
  0
LINE
  8
0
 10
140.446
 20
-25.8546
 11
140.368
 21
-25.8895
  0
LINE
  8
0
 10
140.368
 20
-25.8895
 11
140.288
 21
-25.9213
  0
LINE
  8
0
 10
140.288
 20
-25.9213
 11
140.207
 21
-25.9496
  0
LINE
  8
0
 10
140.207
 20
-25.9496
 11
140.125
 21
-25.9744
  0
LINE
  8
0
 10
140.125
 20
-25.9744
 11
140.042
 21
-25.9957
  0
LINE
  8
0
 10
140.042
 20
-25.9957
 11
139.958
 21
-26.0135
  0
LINE
  8
0
 10
139.958
 20
-26.0135
 11
139.873
 21
-26.0279
  0
LINE
  8
0
 10
139.873
 20
-26.0279
 11
139.788
 21
-26.0387
  0
LINE
  8
0
 10
139.788
 20
-26.0387
 11
139.703
 21
-26.0457
  0
LINE
  8
0
 10
139.703
 20
-26.0457
 11
139.617
 21
-26.0492
  0
LINE
  8
0
 10
139.617
 20
-26.0492
 11
139.531
 21
-26.0492
  0
LINE
  8
0
 10
95.164
 20
-29.9881
 11
95.0783
 21
-29.9827
  0
LINE
  8
0
 10
95.0783
 20
-29.9827
 11
94.993
 21
-29.9738
  0
LINE
  8
0
 10
94.993
 20
-29.9738
 11
94.9078
 21
-29.961
  0
LINE
  8
0
 10
94.9078
 20
-29.961
 11
94.8237
 21
-29.9451
  0
LINE
  8
0
 10
94.8237
 20
-29.9451
 11
94.74
 21
-29.9253
  0
LINE
  8
0
 10
94.74
 20
-29.9253
 11
94.6574
 21
-29.9024
  0
LINE
  8
0
 10
94.6574
 20
-29.9024
 11
94.5756
 21
-29.8757
  0
LINE
  8
0
 10
94.5756
 20
-29.8757
 11
94.495
 21
-29.8459
  0
LINE
  8
0
 10
94.495
 20
-29.8459
 11
94.4159
 21
-29.8125
  0
LINE
  8
0
 10
94.4159
 20
-29.8125
 11
94.3384
 21
-29.7761
  0
LINE
  8
0
 10
94.3384
 20
-29.7761
 11
94.2621
 21
-29.7362
  0
LINE
  8
0
 10
94.2621
 20
-29.7362
 11
94.188
 21
-29.6931
  0
LINE
  8
0
 10
94.188
 20
-29.6931
 11
94.1152
 21
-29.6474
  0
LINE
  8
0
 10
94.1152
 20
-29.6474
 11
94.045
 21
-29.5982
  0
LINE
  8
0
 10
94.045
 20
-29.5982
 11
93.9764
 21
-29.5463
  0
LINE
  8
0
 10
93.9764
 20
-29.5463
 11
93.9102
 21
-29.4916
  0
LINE
  8
0
 10
93.9102
 20
-29.4916
 11
93.8466
 21
-29.4342
  0
LINE
  8
0
 10
93.8466
 20
-29.4342
 11
93.785
 21
-29.3742
  0
LINE
  8
0
 10
93.785
 20
-29.3742
 11
93.7264
 21
-29.3114
  0
LINE
  8
0
 10
93.7264
 20
-29.3114
 11
93.6703
 21
-29.2467
  0
LINE
  8
0
 10
93.6703
 20
-29.2467
 11
93.6168
 21
-29.1792
  0
LINE
  8
0
 10
93.6168
 20
-29.1792
 11
93.5664
 21
-29.1099
  0
LINE
  8
0
 10
93.5664
 20
-29.1099
 11
93.5191
 21
-29.0382
  0
LINE
  8
0
 10
93.5191
 20
-29.0382
 11
93.4745
 21
-28.9649
  0
LINE
  8
0
 10
93.4745
 20
-28.9649
 11
93.4331
 21
-28.8897
  0
LINE
  8
0
 10
93.4331
 20
-28.8897
 11
93.3951
 21
-28.8126
  0
LINE
  8
0
 10
93.3951
 20
-28.8126
 11
93.3602
 21
-28.7343
  0
LINE
  8
0
 10
93.3602
 20
-28.7343
 11
93.3284
 21
-28.6545
  0
LINE
  8
0
 10
93.3284
 20
-28.6545
 11
93.3001
 21
-28.5734
  0
LINE
  8
0
 10
93.3001
 20
-28.5734
 11
93.2753
 21
-28.4909
  0
LINE
  8
0
 10
93.2753
 20
-28.4909
 11
93.254
 21
-28.408
  0
LINE
  8
0
 10
93.254
 20
-28.408
 11
93.2362
 21
-28.3239
  0
LINE
  8
0
 10
93.2362
 20
-28.3239
 11
93.2218
 21
-28.2394
  0
LINE
  8
0
 10
93.2218
 20
-28.2394
 11
93.211
 21
-28.1541
  0
LINE
  8
0
 10
93.211
 20
-28.1541
 11
93.204
 21
-28.0684
  0
LINE
  8
0
 10
93.204
 20
-28.0684
 11
93.2001
 21
-27.9828
  0
LINE
  8
0
 10
93.2001
 20
-27.9828
 11
93.2001
 21
-27.8967
  0
LINE
  8
0
 10
93.2001
 20
-27.8967
 11
93.204
 21
-27.8111
  0
LINE
  8
0
 10
93.204
 20
-27.8111
 11
93.211
 21
-27.7254
  0
LINE
  8
0
 10
93.211
 20
-27.7254
 11
93.2218
 21
-27.6402
  0
LINE
  8
0
 10
93.2218
 20
-27.6402
 11
93.2362
 21
-27.5557
  0
LINE
  8
0
 10
93.2362
 20
-27.5557
 11
93.254
 21
-27.4716
  0
LINE
  8
0
 10
93.254
 20
-27.4716
 11
93.2753
 21
-27.3886
  0
LINE
  8
0
 10
93.2753
 20
-27.3886
 11
93.3001
 21
-27.3065
  0
LINE
  8
0
 10
93.3001
 20
-27.3065
 11
93.3284
 21
-27.2251
  0
LINE
  8
0
 10
93.3284
 20
-27.2251
 11
93.3602
 21
-27.1452
  0
LINE
  8
0
 10
93.3602
 20
-27.1452
 11
93.3951
 21
-27.067
  0
LINE
  8
0
 10
93.3951
 20
-27.067
 11
93.4331
 21
-26.9902
  0
LINE
  8
0
 10
93.4331
 20
-26.9902
 11
93.4745
 21
-26.9146
  0
LINE
  8
0
 10
93.4745
 20
-26.9146
 11
93.5191
 21
-26.8414
  0
LINE
  8
0
 10
93.5191
 20
-26.8414
 11
93.5664
 21
-26.7697
  0
LINE
  8
0
 10
93.5664
 20
-26.7697
 11
93.6168
 21
-26.7003
  0
LINE
  8
0
 10
93.6168
 20
-26.7003
 11
93.6703
 21
-26.6333
  0
LINE
  8
0
 10
93.6703
 20
-26.6333
 11
93.7264
 21
-26.5681
  0
LINE
  8
0
 10
93.7264
 20
-26.5681
 11
93.785
 21
-26.5054
  0
LINE
  8
0
 10
93.785
 20
-26.5054
 11
93.8466
 21
-26.4453
  0
LINE
  8
0
 10
93.8466
 20
-26.4453
 11
93.9102
 21
-26.3879
  0
LINE
  8
0
 10
93.9102
 20
-26.3879
 11
93.9764
 21
-26.3333
  0
LINE
  8
0
 10
93.9764
 20
-26.3333
 11
94.045
 21
-26.2813
  0
LINE
  8
0
 10
94.045
 20
-26.2813
 11
94.1152
 21
-26.2325
  0
LINE
  8
0
 10
94.1152
 20
-26.2325
 11
94.188
 21
-26.1864
  0
LINE
  8
0
 10
94.188
 20
-26.1864
 11
94.2621
 21
-26.1434
  0
LINE
  8
0
 10
94.2621
 20
-26.1434
 11
94.3384
 21
-26.1034
  0
LINE
  8
0
 10
94.3384
 20
-26.1034
 11
94.4159
 21
-26.067
  0
LINE
  8
0
 10
94.4159
 20
-26.067
 11
94.495
 21
-26.0337
  0
LINE
  8
0
 10
94.495
 20
-26.0337
 11
94.5756
 21
-26.0038
  0
LINE
  8
0
 10
94.5756
 20
-26.0038
 11
94.6574
 21
-25.9775
  0
LINE
  8
0
 10
94.6574
 20
-25.9775
 11
94.74
 21
-25.9542
  0
LINE
  8
0
 10
94.74
 20
-25.9542
 11
94.8237
 21
-25.9345
  0
LINE
  8
0
 10
94.8237
 20
-25.9345
 11
94.9078
 21
-25.9186
  0
LINE
  8
0
 10
94.9078
 20
-25.9186
 11
94.993
 21
-25.9058
  0
LINE
  8
0
 10
94.993
 20
-25.9058
 11
95.0783
 21
-25.8969
  0
LINE
  8
0
 10
95.0783
 20
-25.8969
 11
95.164
 21
-25.8914
  0
LINE
  8
0
 10
95.164
 20
-25.8914
 11
95.25
 21
-25.8899
  0
LINE
  8
0
 10
95.25
 20
-25.8899
 11
95.3357
 21
-25.8914
  0
LINE
  8
0
 10
95.3357
 20
-25.8914
 11
95.4213
 21
-25.8969
  0
LINE
  8
0
 10
95.4213
 20
-25.8969
 11
95.5066
 21
-25.9058
  0
LINE
  8
0
 10
95.5066
 20
-25.9058
 11
95.5918
 21
-25.9186
  0
LINE
  8
0
 10
95.5918
 20
-25.9186
 11
95.6759
 21
-25.9345
  0
LINE
  8
0
 10
95.6759
 20
-25.9345
 11
95.7597
 21
-25.9542
  0
LINE
  8
0
 10
95.7597
 20
-25.9542
 11
95.8422
 21
-25.9775
  0
LINE
  8
0
 10
95.8422
 20
-25.9775
 11
95.924
 21
-26.0038
  0
LINE
  8
0
 10
95.924
 20
-26.0038
 11
96.0046
 21
-26.0337
  0
LINE
  8
0
 10
96.0046
 20
-26.0337
 11
96.0837
 21
-26.067
  0
LINE
  8
0
 10
96.0837
 20
-26.067
 11
96.1612
 21
-26.1034
  0
LINE
  8
0
 10
96.1612
 20
-26.1034
 11
96.2375
 21
-26.1434
  0
LINE
  8
0
 10
96.2375
 20
-26.1434
 11
96.312
 21
-26.1864
  0
LINE
  8
0
 10
96.312
 20
-26.1864
 11
96.3844
 21
-26.2325
  0
LINE
  8
0
 10
96.3844
 20
-26.2325
 11
96.4546
 21
-26.2813
  0
LINE
  8
0
 10
96.4546
 20
-26.2813
 11
96.5232
 21
-26.3333
  0
LINE
  8
0
 10
96.5232
 20
-26.3333
 11
96.5895
 21
-26.3879
  0
LINE
  8
0
 10
96.5895
 20
-26.3879
 11
96.653
 21
-26.4453
  0
LINE
  8
0
 10
96.653
 20
-26.4453
 11
96.7146
 21
-26.5054
  0
LINE
  8
0
 10
96.7146
 20
-26.5054
 11
96.7732
 21
-26.5681
  0
LINE
  8
0
 10
96.7732
 20
-26.5681
 11
96.8294
 21
-26.6333
  0
LINE
  8
0
 10
96.8294
 20
-26.6333
 11
96.8828
 21
-26.7003
  0
LINE
  8
0
 10
96.8828
 20
-26.7003
 11
96.9332
 21
-26.7697
  0
LINE
  8
0
 10
96.9332
 20
-26.7697
 11
96.9805
 21
-26.8414
  0
LINE
  8
0
 10
96.9805
 20
-26.8414
 11
97.0251
 21
-26.9146
  0
LINE
  8
0
 10
97.0251
 20
-26.9146
 11
97.0666
 21
-26.9902
  0
LINE
  8
0
 10
97.0666
 20
-26.9902
 11
97.1045
 21
-27.067
  0
LINE
  8
0
 10
97.1045
 20
-27.067
 11
97.1398
 21
-27.1452
  0
LINE
  8
0
 10
97.1398
 20
-27.1452
 11
97.1712
 21
-27.2251
  0
LINE
  8
0
 10
97.1712
 20
-27.2251
 11
97.1995
 21
-27.3065
  0
LINE
  8
0
 10
97.1995
 20
-27.3065
 11
97.2243
 21
-27.3886
  0
LINE
  8
0
 10
97.2243
 20
-27.3886
 11
97.2456
 21
-27.4716
  0
LINE
  8
0
 10
97.2456
 20
-27.4716
 11
97.2634
 21
-27.5557
  0
LINE
  8
0
 10
97.2634
 20
-27.5557
 11
97.2778
 21
-27.6402
  0
LINE
  8
0
 10
97.2778
 20
-27.6402
 11
97.2886
 21
-27.7254
  0
LINE
  8
0
 10
97.2886
 20
-27.7254
 11
97.2956
 21
-27.8111
  0
LINE
  8
0
 10
97.2956
 20
-27.8111
 11
97.2995
 21
-27.8967
  0
LINE
  8
0
 10
97.2995
 20
-27.8967
 11
97.2995
 21
-27.9828
  0
LINE
  8
0
 10
97.2995
 20
-27.9828
 11
97.2956
 21
-28.0684
  0
LINE
  8
0
 10
97.2956
 20
-28.0684
 11
97.2886
 21
-28.1541
  0
LINE
  8
0
 10
97.2886
 20
-28.1541
 11
97.2778
 21
-28.2394
  0
LINE
  8
0
 10
97.2778
 20
-28.2394
 11
97.2634
 21
-28.3239
  0
LINE
  8
0
 10
97.2634
 20
-28.3239
 11
97.2456
 21
-28.408
  0
LINE
  8
0
 10
97.2456
 20
-28.408
 11
97.2243
 21
-28.4909
  0
LINE
  8
0
 10
97.2243
 20
-28.4909
 11
97.1995
 21
-28.5734
  0
LINE
  8
0
 10
97.1995
 20
-28.5734
 11
97.1712
 21
-28.6545
  0
LINE
  8
0
 10
97.1712
 20
-28.6545
 11
97.1398
 21
-28.7343
  0
LINE
  8
0
 10
97.1398
 20
-28.7343
 11
97.1045
 21
-28.8126
  0
LINE
  8
0
 10
97.1045
 20
-28.8126
 11
97.0666
 21
-28.8897
  0
LINE
  8
0
 10
97.0666
 20
-28.8897
 11
97.0251
 21
-28.9649
  0
LINE
  8
0
 10
97.0251
 20
-28.9649
 11
96.9805
 21
-29.0382
  0
LINE
  8
0
 10
96.9805
 20
-29.0382
 11
96.9332
 21
-29.1099
  0
LINE
  8
0
 10
96.9332
 20
-29.1099
 11
96.8828
 21
-29.1792
  0
LINE
  8
0
 10
96.8828
 20
-29.1792
 11
96.8294
 21
-29.2467
  0
LINE
  8
0
 10
96.8294
 20
-29.2467
 11
96.7732
 21
-29.3114
  0
LINE
  8
0
 10
96.7732
 20
-29.3114
 11
96.7146
 21
-29.3742
  0
LINE
  8
0
 10
96.7146
 20
-29.3742
 11
96.653
 21
-29.4342
  0
LINE
  8
0
 10
96.653
 20
-29.4342
 11
96.5895
 21
-29.4916
  0
LINE
  8
0
 10
96.5895
 20
-29.4916
 11
96.5232
 21
-29.5463
  0
LINE
  8
0
 10
96.5232
 20
-29.5463
 11
96.4546
 21
-29.5982
  0
LINE
  8
0
 10
96.4546
 20
-29.5982
 11
96.3844
 21
-29.6474
  0
LINE
  8
0
 10
96.3844
 20
-29.6474
 11
96.312
 21
-29.6931
  0
LINE
  8
0
 10
96.312
 20
-29.6931
 11
96.2375
 21
-29.7362
  0
LINE
  8
0
 10
96.2375
 20
-29.7362
 11
96.1612
 21
-29.7761
  0
LINE
  8
0
 10
96.1612
 20
-29.7761
 11
96.0837
 21
-29.8125
  0
LINE
  8
0
 10
96.0837
 20
-29.8125
 11
96.0046
 21
-29.8459
  0
LINE
  8
0
 10
96.0046
 20
-29.8459
 11
95.924
 21
-29.8757
  0
LINE
  8
0
 10
95.924
 20
-29.8757
 11
95.8422
 21
-29.9024
  0
LINE
  8
0
 10
95.8422
 20
-29.9024
 11
95.7597
 21
-29.9253
  0
LINE
  8
0
 10
95.7597
 20
-29.9253
 11
95.6759
 21
-29.9451
  0
LINE
  8
0
 10
95.6759
 20
-29.9451
 11
95.5918
 21
-29.961
  0
LINE
  8
0
 10
95.5918
 20
-29.961
 11
95.5066
 21
-29.9738
  0
LINE
  8
0
 10
95.5066
 20
-29.9738
 11
95.4213
 21
-29.9827
  0
LINE
  8
0
 10
95.4213
 20
-29.9827
 11
95.3357
 21
-29.9881
  0
LINE
  8
0
 10
95.3357
 20
-29.9881
 11
95.25
 21
-29.9896
  0
LINE
  8
0
 10
95.25
 20
-29.9896
 11
95.164
 21
-29.9881
  0
LINE
  8
0
 10
139.531
 20
-34.0495
 11
139.445
 21
-34.0456
  0
LINE
  8
0
 10
139.445
 20
-34.0456
 11
139.36
 21
-34.0386
  0
LINE
  8
0
 10
139.36
 20
-34.0386
 11
139.274
 21
-34.0278
  0
LINE
  8
0
 10
139.274
 20
-34.0278
 11
139.19
 21
-34.0134
  0
LINE
  8
0
 10
139.19
 20
-34.0134
 11
139.106
 21
-33.9956
  0
LINE
  8
0
 10
139.106
 20
-33.9956
 11
139.023
 21
-33.9743
  0
LINE
  8
0
 10
139.023
 20
-33.9743
 11
138.94
 21
-33.9495
  0
LINE
  8
0
 10
138.94
 20
-33.9495
 11
138.859
 21
-33.9212
  0
LINE
  8
0
 10
138.859
 20
-33.9212
 11
138.78
 21
-33.8898
  0
LINE
  8
0
 10
138.78
 20
-33.8898
 11
138.701
 21
-33.8545
  0
LINE
  8
0
 10
138.701
 20
-33.8545
 11
138.624
 21
-33.8165
  0
LINE
  8
0
 10
138.624
 20
-33.8165
 11
138.549
 21
-33.7751
  0
LINE
  8
0
 10
138.549
 20
-33.7751
 11
138.475
 21
-33.7305
  0
LINE
  8
0
 10
138.475
 20
-33.7305
 11
138.404
 21
-33.6832
  0
LINE
  8
0
 10
138.404
 20
-33.6832
 11
138.334
 21
-33.6328
  0
LINE
  8
0
 10
138.334
 20
-33.6328
 11
138.267
 21
-33.5793
  0
LINE
  8
0
 10
138.267
 20
-33.5793
 11
138.202
 21
-33.5231
  0
LINE
  8
0
 10
138.202
 20
-33.5231
 11
138.14
 21
-33.4646
  0
LINE
  8
0
 10
138.14
 20
-33.4646
 11
138.08
 21
-33.403
  0
LINE
  8
0
 10
138.08
 20
-33.403
 11
138.022
 21
-33.3394
  0
LINE
  8
0
 10
138.022
 20
-33.3394
 11
137.967
 21
-33.2732
  0
LINE
  8
0
 10
137.967
 20
-33.2732
 11
137.915
 21
-33.2049
  0
LINE
  8
0
 10
137.915
 20
-33.2049
 11
137.866
 21
-33.1344
  0
LINE
  8
0
 10
137.866
 20
-33.1344
 11
137.82
 21
-33.0619
  0
LINE
  8
0
 10
137.82
 20
-33.0619
 11
137.777
 21
-32.9875
  0
LINE
  8
0
 10
137.777
 20
-32.9875
 11
137.738
 21
-32.9112
  0
LINE
  8
0
 10
137.738
 20
-32.9112
 11
137.701
 21
-32.8337
  0
LINE
  8
0
 10
137.701
 20
-32.8337
 11
137.668
 21
-32.7546
  0
LINE
  8
0
 10
137.668
 20
-32.7546
 11
137.638
 21
-32.674
  0
LINE
  8
0
 10
137.638
 20
-32.674
 11
137.611
 21
-32.5922
  0
LINE
  8
0
 10
137.611
 20
-32.5922
 11
137.588
 21
-32.5096
  0
LINE
  8
0
 10
137.588
 20
-32.5096
 11
137.569
 21
-32.4259
  0
LINE
  8
0
 10
137.569
 20
-32.4259
 11
137.552
 21
-32.3418
  0
LINE
  8
0
 10
137.552
 20
-32.3418
 11
137.54
 21
-32.2566
  0
LINE
  8
0
 10
137.54
 20
-32.2566
 11
137.531
 21
-32.1713
  0
LINE
  8
0
 10
137.531
 20
-32.1713
 11
137.526
 21
-32.0856
  0
LINE
  8
0
 10
137.526
 20
-32.0856
 11
137.524
 21
-32
  0
LINE
  8
0
 10
137.524
 20
-32
 11
137.526
 21
-31.9139
  0
LINE
  8
0
 10
137.526
 20
-31.9139
 11
137.531
 21
-31.8283
  0
LINE
  8
0
 10
137.531
 20
-31.8283
 11
137.54
 21
-31.743
  0
LINE
  8
0
 10
137.54
 20
-31.743
 11
137.552
 21
-31.6578
  0
LINE
  8
0
 10
137.552
 20
-31.6578
 11
137.569
 21
-31.5737
  0
LINE
  8
0
 10
137.569
 20
-31.5737
 11
137.588
 21
-31.4899
  0
LINE
  8
0
 10
137.588
 20
-31.4899
 11
137.611
 21
-31.4074
  0
LINE
  8
0
 10
137.611
 20
-31.4074
 11
137.638
 21
-31.3256
  0
LINE
  8
0
 10
137.638
 20
-31.3256
 11
137.668
 21
-31.245
  0
LINE
  8
0
 10
137.668
 20
-31.245
 11
137.701
 21
-31.1659
  0
LINE
  8
0
 10
137.701
 20
-31.1659
 11
137.738
 21
-31.0884
  0
LINE
  8
0
 10
137.738
 20
-31.0884
 11
137.777
 21
-31.0121
  0
LINE
  8
0
 10
137.777
 20
-31.0121
 11
137.82
 21
-30.938
  0
LINE
  8
0
 10
137.82
 20
-30.938
 11
137.866
 21
-30.8652
  0
LINE
  8
0
 10
137.866
 20
-30.8652
 11
137.915
 21
-30.795
  0
LINE
  8
0
 10
137.915
 20
-30.795
 11
137.967
 21
-30.7264
  0
LINE
  8
0
 10
137.967
 20
-30.7264
 11
138.022
 21
-30.6601
  0
LINE
  8
0
 10
138.022
 20
-30.6601
 11
138.08
 21
-30.5966
  0
LINE
  8
0
 10
138.08
 20
-30.5966
 11
138.14
 21
-30.535
  0
LINE
  8
0
 10
138.14
 20
-30.535
 11
138.202
 21
-30.4764
  0
LINE
  8
0
 10
138.202
 20
-30.4764
 11
138.267
 21
-30.4202
  0
LINE
  8
0
 10
138.267
 20
-30.4202
 11
138.334
 21
-30.3668
  0
LINE
  8
0
 10
138.334
 20
-30.3668
 11
138.404
 21
-30.3164
  0
LINE
  8
0
 10
138.404
 20
-30.3164
 11
138.475
 21
-30.2691
  0
LINE
  8
0
 10
138.475
 20
-30.2691
 11
138.549
 21
-30.2245
  0
LINE
  8
0
 10
138.549
 20
-30.2245
 11
138.624
 21
-30.183
  0
LINE
  8
0
 10
138.624
 20
-30.183
 11
138.701
 21
-30.1451
  0
LINE
  8
0
 10
138.701
 20
-30.1451
 11
138.78
 21
-30.1098
  0
LINE
  8
0
 10
138.78
 20
-30.1098
 11
138.859
 21
-30.0784
  0
LINE
  8
0
 10
138.859
 20
-30.0784
 11
138.94
 21
-30.0501
  0
LINE
  8
0
 10
138.94
 20
-30.0501
 11
139.023
 21
-30.0253
  0
LINE
  8
0
 10
139.023
 20
-30.0253
 11
139.106
 21
-30.004
  0
LINE
  8
0
 10
139.106
 20
-30.004
 11
139.19
 21
-29.9862
  0
LINE
  8
0
 10
139.19
 20
-29.9862
 11
139.274
 21
-29.9718
  0
LINE
  8
0
 10
139.274
 20
-29.9718
 11
139.36
 21
-29.961
  0
LINE
  8
0
 10
139.36
 20
-29.961
 11
139.445
 21
-29.954
  0
LINE
  8
0
 10
139.445
 20
-29.954
 11
139.531
 21
-29.9501
  0
LINE
  8
0
 10
139.531
 20
-29.9501
 11
139.617
 21
-29.9501
  0
LINE
  8
0
 10
139.617
 20
-29.9501
 11
139.703
 21
-29.954
  0
LINE
  8
0
 10
139.703
 20
-29.954
 11
139.788
 21
-29.961
  0
LINE
  8
0
 10
139.788
 20
-29.961
 11
139.873
 21
-29.9718
  0
LINE
  8
0
 10
139.873
 20
-29.9718
 11
139.958
 21
-29.9862
  0
LINE
  8
0
 10
139.958
 20
-29.9862
 11
140.042
 21
-30.004
  0
LINE
  8
0
 10
140.042
 20
-30.004
 11
140.125
 21
-30.0253
  0
LINE
  8
0
 10
140.125
 20
-30.0253
 11
140.207
 21
-30.0501
  0
LINE
  8
0
 10
140.207
 20
-30.0501
 11
140.288
 21
-30.0784
  0
LINE
  8
0
 10
140.288
 20
-30.0784
 11
140.368
 21
-30.1098
  0
LINE
  8
0
 10
140.368
 20
-30.1098
 11
140.446
 21
-30.1451
  0
LINE
  8
0
 10
140.446
 20
-30.1451
 11
140.524
 21
-30.183
  0
LINE
  8
0
 10
140.524
 20
-30.183
 11
140.599
 21
-30.2245
  0
LINE
  8
0
 10
140.599
 20
-30.2245
 11
140.672
 21
-30.2691
  0
LINE
  8
0
 10
140.672
 20
-30.2691
 11
140.744
 21
-30.3164
  0
LINE
  8
0
 10
140.744
 20
-30.3164
 11
140.813
 21
-30.3668
  0
LINE
  8
0
 10
140.813
 20
-30.3668
 11
140.881
 21
-30.4202
  0
LINE
  8
0
 10
140.881
 20
-30.4202
 11
140.946
 21
-30.4764
  0
LINE
  8
0
 10
140.946
 20
-30.4764
 11
141.008
 21
-30.535
  0
LINE
  8
0
 10
141.008
 20
-30.535
 11
141.068
 21
-30.5966
  0
LINE
  8
0
 10
141.068
 20
-30.5966
 11
141.125
 21
-30.6601
  0
LINE
  8
0
 10
141.125
 20
-30.6601
 11
141.181
 21
-30.7264
  0
LINE
  8
0
 10
141.181
 20
-30.7264
 11
141.232
 21
-30.795
  0
LINE
  8
0
 10
141.232
 20
-30.795
 11
141.281
 21
-30.8652
  0
LINE
  8
0
 10
141.281
 20
-30.8652
 11
141.327
 21
-30.938
  0
LINE
  8
0
 10
141.327
 20
-30.938
 11
141.37
 21
-31.0121
  0
LINE
  8
0
 10
141.37
 20
-31.0121
 11
141.41
 21
-31.0884
  0
LINE
  8
0
 10
141.41
 20
-31.0884
 11
141.446
 21
-31.1659
  0
LINE
  8
0
 10
141.446
 20
-31.1659
 11
141.48
 21
-31.245
  0
LINE
  8
0
 10
141.48
 20
-31.245
 11
141.51
 21
-31.3256
  0
LINE
  8
0
 10
141.51
 20
-31.3256
 11
141.536
 21
-31.4074
  0
LINE
  8
0
 10
141.536
 20
-31.4074
 11
141.56
 21
-31.4899
  0
LINE
  8
0
 10
141.56
 20
-31.4899
 11
141.579
 21
-31.5737
  0
LINE
  8
0
 10
141.579
 20
-31.5737
 11
141.595
 21
-31.6578
  0
LINE
  8
0
 10
141.595
 20
-31.6578
 11
141.608
 21
-31.743
  0
LINE
  8
0
 10
141.608
 20
-31.743
 11
141.617
 21
-31.8283
  0
LINE
  8
0
 10
141.617
 20
-31.8283
 11
141.622
 21
-31.9139
  0
LINE
  8
0
 10
141.622
 20
-31.9139
 11
141.624
 21
-32
  0
LINE
  8
0
 10
141.624
 20
-32
 11
141.622
 21
-32.0856
  0
LINE
  8
0
 10
141.622
 20
-32.0856
 11
141.617
 21
-32.1713
  0
LINE
  8
0
 10
141.617
 20
-32.1713
 11
141.608
 21
-32.2566
  0
LINE
  8
0
 10
141.608
 20
-32.2566
 11
141.595
 21
-32.3418
  0
LINE
  8
0
 10
141.595
 20
-32.3418
 11
141.579
 21
-32.4259
  0
LINE
  8
0
 10
141.579
 20
-32.4259
 11
141.56
 21
-32.5096
  0
LINE
  8
0
 10
141.56
 20
-32.5096
 11
141.536
 21
-32.5922
  0
LINE
  8
0
 10
141.536
 20
-32.5922
 11
141.51
 21
-32.674
  0
LINE
  8
0
 10
141.51
 20
-32.674
 11
141.48
 21
-32.7546
  0
LINE
  8
0
 10
141.48
 20
-32.7546
 11
141.446
 21
-32.8337
  0
LINE
  8
0
 10
141.446
 20
-32.8337
 11
141.41
 21
-32.9112
  0
LINE
  8
0
 10
141.41
 20
-32.9112
 11
141.37
 21
-32.9875
  0
LINE
  8
0
 10
141.37
 20
-32.9875
 11
141.327
 21
-33.0619
  0
LINE
  8
0
 10
141.327
 20
-33.0619
 11
141.281
 21
-33.1344
  0
LINE
  8
0
 10
141.281
 20
-33.1344
 11
141.232
 21
-33.2049
  0
LINE
  8
0
 10
141.232
 20
-33.2049
 11
141.181
 21
-33.2732
  0
LINE
  8
0
 10
141.181
 20
-33.2732
 11
141.125
 21
-33.3394
  0
LINE
  8
0
 10
141.125
 20
-33.3394
 11
141.068
 21
-33.403
  0
LINE
  8
0
 10
141.068
 20
-33.403
 11
141.008
 21
-33.4646
  0
LINE
  8
0
 10
141.008
 20
-33.4646
 11
140.946
 21
-33.5231
  0
LINE
  8
0
 10
140.946
 20
-33.5231
 11
140.881
 21
-33.5793
  0
LINE
  8
0
 10
140.881
 20
-33.5793
 11
140.813
 21
-33.6328
  0
LINE
  8
0
 10
140.813
 20
-33.6328
 11
140.744
 21
-33.6832
  0
LINE
  8
0
 10
140.744
 20
-33.6832
 11
140.672
 21
-33.7305
  0
LINE
  8
0
 10
140.672
 20
-33.7305
 11
140.599
 21
-33.7751
  0
LINE
  8
0
 10
140.599
 20
-33.7751
 11
140.524
 21
-33.8165
  0
LINE
  8
0
 10
140.524
 20
-33.8165
 11
140.446
 21
-33.8545
  0
LINE
  8
0
 10
140.446
 20
-33.8545
 11
140.368
 21
-33.8898
  0
LINE
  8
0
 10
140.368
 20
-33.8898
 11
140.288
 21
-33.9212
  0
LINE
  8
0
 10
140.288
 20
-33.9212
 11
140.207
 21
-33.9495
  0
LINE
  8
0
 10
140.207
 20
-33.9495
 11
140.125
 21
-33.9743
  0
LINE
  8
0
 10
140.125
 20
-33.9743
 11
140.042
 21
-33.9956
  0
LINE
  8
0
 10
140.042
 20
-33.9956
 11
139.958
 21
-34.0134
  0
LINE
  8
0
 10
139.958
 20
-34.0134
 11
139.873
 21
-34.0278
  0
LINE
  8
0
 10
139.873
 20
-34.0278
 11
139.788
 21
-34.0386
  0
LINE
  8
0
 10
139.788
 20
-34.0386
 11
139.703
 21
-34.0456
  0
LINE
  8
0
 10
139.703
 20
-34.0456
 11
139.617
 21
-34.0495
  0
LINE
  8
0
 10
139.617
 20
-34.0495
 11
139.531
 21
-34.0495
  0
LINE
  8
0
 10
9.22696
 20
-34.0495
 11
9.14091
 21
-34.0456
  0
LINE
  8
0
 10
9.14091
 20
-34.0456
 11
9.05565
 21
-34.0386
  0
LINE
  8
0
 10
9.05565
 20
-34.0386
 11
8.97038
 21
-34.0278
  0
LINE
  8
0
 10
8.97038
 20
-34.0278
 11
8.8855
 21
-34.0134
  0
LINE
  8
0
 10
8.8855
 20
-34.0134
 11
8.80179
 21
-33.9956
  0
LINE
  8
0
 10
8.80179
 20
-33.9956
 11
8.71846
 21
-33.9743
  0
LINE
  8
0
 10
8.71846
 20
-33.9743
 11
8.63629
 21
-33.9495
  0
LINE
  8
0
 10
8.63629
 20
-33.9495
 11
8.55529
 21
-33.9212
  0
LINE
  8
0
 10
8.55529
 20
-33.9212
 11
8.47545
 21
-33.8898
  0
LINE
  8
0
 10
8.47545
 20
-33.8898
 11
8.39677
 21
-33.8545
  0
LINE
  8
0
 10
8.39677
 20
-33.8545
 11
8.32003
 21
-33.8165
  0
LINE
  8
0
 10
8.32003
 20
-33.8165
 11
8.24485
 21
-33.7751
  0
LINE
  8
0
 10
8.24485
 20
-33.7751
 11
8.17121
 21
-33.7305
  0
LINE
  8
0
 10
8.17121
 20
-33.7305
 11
8.09989
 21
-33.6832
  0
LINE
  8
0
 10
8.09989
 20
-33.6832
 11
8.03052
 21
-33.6328
  0
LINE
  8
0
 10
8.03052
 20
-33.6328
 11
7.96308
 21
-33.5793
  0
LINE
  8
0
 10
7.96308
 20
-33.5793
 11
7.89797
 21
-33.5231
  0
LINE
  8
0
 10
7.89797
 20
-33.5231
 11
7.83557
 21
-33.4646
  0
LINE
  8
0
 10
7.83557
 20
-33.4646
 11
7.77549
 21
-33.403
  0
LINE
  8
0
 10
7.77549
 20
-33.403
 11
7.71813
 21
-33.3394
  0
LINE
  8
0
 10
7.71813
 20
-33.3394
 11
7.6631
 21
-33.2732
  0
LINE
  8
0
 10
7.6631
 20
-33.2732
 11
7.61116
 21
-33.2049
  0
LINE
  8
0
 10
7.61116
 20
-33.2049
 11
7.56233
 21
-33.1344
  0
LINE
  8
0
 10
7.56233
 20
-33.1344
 11
7.51621
 21
-33.0619
  0
LINE
  8
0
 10
7.51621
 20
-33.0619
 11
7.47319
 21
-32.9875
  0
LINE
  8
0
 10
7.47319
 20
-32.9875
 11
7.43365
 21
-32.9112
  0
LINE
  8
0
 10
7.43365
 20
-32.9112
 11
7.39722
 21
-32.8337
  0
LINE
  8
0
 10
7.39722
 20
-32.8337
 11
7.36389
 21
-32.7546
  0
LINE
  8
0
 10
7.36389
 20
-32.7546
 11
7.33366
 21
-32.674
  0
LINE
  8
0
 10
7.33366
 20
-32.674
 11
7.30731
 21
-32.5922
  0
LINE
  8
0
 10
7.30731
 20
-32.5922
 11
7.28405
 21
-32.5096
  0
LINE
  8
0
 10
7.28405
 20
-32.5096
 11
7.26467
 21
-32.4259
  0
LINE
  8
0
 10
7.26467
 20
-32.4259
 11
7.24839
 21
-32.3418
  0
LINE
  8
0
 10
7.24839
 20
-32.3418
 11
7.23599
 21
-32.2566
  0
LINE
  8
0
 10
7.23599
 20
-32.2566
 11
7.22708
 21
-32.1713
  0
LINE
  8
0
 10
7.22708
 20
-32.1713
 11
7.22165
 21
-32.0856
  0
LINE
  8
0
 10
7.22165
 20
-32.0856
 11
7.21971
 21
-32
  0
LINE
  8
0
 10
7.21971
 20
-32
 11
7.22165
 21
-31.9139
  0
LINE
  8
0
 10
7.22165
 20
-31.9139
 11
7.22708
 21
-31.8283
  0
LINE
  8
0
 10
7.22708
 20
-31.8283
 11
7.23599
 21
-31.743
  0
LINE
  8
0
 10
7.23599
 20
-31.743
 11
7.24839
 21
-31.6578
  0
LINE
  8
0
 10
7.24839
 20
-31.6578
 11
7.26467
 21
-31.5737
  0
LINE
  8
0
 10
7.26467
 20
-31.5737
 11
7.28405
 21
-31.4899
  0
LINE
  8
0
 10
7.28405
 20
-31.4899
 11
7.30731
 21
-31.4074
  0
LINE
  8
0
 10
7.30731
 20
-31.4074
 11
7.33366
 21
-31.3256
  0
LINE
  8
0
 10
7.33366
 20
-31.3256
 11
7.36389
 21
-31.245
  0
LINE
  8
0
 10
7.36389
 20
-31.245
 11
7.39722
 21
-31.1659
  0
LINE
  8
0
 10
7.39722
 20
-31.1659
 11
7.43365
 21
-31.0884
  0
LINE
  8
0
 10
7.43365
 20
-31.0884
 11
7.47319
 21
-31.0121
  0
LINE
  8
0
 10
7.47319
 20
-31.0121
 11
7.51621
 21
-30.938
  0
LINE
  8
0
 10
7.51621
 20
-30.938
 11
7.56233
 21
-30.8652
  0
LINE
  8
0
 10
7.56233
 20
-30.8652
 11
7.61116
 21
-30.795
  0
LINE
  8
0
 10
7.61116
 20
-30.795
 11
7.6631
 21
-30.7264
  0
LINE
  8
0
 10
7.6631
 20
-30.7264
 11
7.71813
 21
-30.6601
  0
LINE
  8
0
 10
7.71813
 20
-30.6601
 11
7.77549
 21
-30.5966
  0
LINE
  8
0
 10
7.77549
 20
-30.5966
 11
7.83557
 21
-30.535
  0
LINE
  8
0
 10
7.83557
 20
-30.535
 11
7.89797
 21
-30.4764
  0
LINE
  8
0
 10
7.89797
 20
-30.4764
 11
7.96308
 21
-30.4202
  0
LINE
  8
0
 10
7.96308
 20
-30.4202
 11
8.03052
 21
-30.3668
  0
LINE
  8
0
 10
8.03052
 20
-30.3668
 11
8.09989
 21
-30.3164
  0
LINE
  8
0
 10
8.09989
 20
-30.3164
 11
8.17121
 21
-30.2691
  0
LINE
  8
0
 10
8.17121
 20
-30.2691
 11
8.24485
 21
-30.2245
  0
LINE
  8
0
 10
8.24485
 20
-30.2245
 11
8.32003
 21
-30.183
  0
LINE
  8
0
 10
8.32003
 20
-30.183
 11
8.39677
 21
-30.1451
  0
LINE
  8
0
 10
8.39677
 20
-30.1451
 11
8.47545
 21
-30.1098
  0
LINE
  8
0
 10
8.47545
 20
-30.1098
 11
8.55529
 21
-30.0784
  0
LINE
  8
0
 10
8.55529
 20
-30.0784
 11
8.63629
 21
-30.0501
  0
LINE
  8
0
 10
8.63629
 20
-30.0501
 11
8.71846
 21
-30.0253
  0
LINE
  8
0
 10
8.71846
 20
-30.0253
 11
8.80179
 21
-30.004
  0
LINE
  8
0
 10
8.80179
 20
-30.004
 11
8.8855
 21
-29.9862
  0
LINE
  8
0
 10
8.8855
 20
-29.9862
 11
8.97038
 21
-29.9718
  0
LINE
  8
0
 10
8.97038
 20
-29.9718
 11
9.05565
 21
-29.961
  0
LINE
  8
0
 10
9.05565
 20
-29.961
 11
9.14091
 21
-29.954
  0
LINE
  8
0
 10
9.14091
 20
-29.954
 11
9.22696
 21
-29.9501
  0
LINE
  8
0
 10
9.22696
 20
-29.9501
 11
9.31261
 21
-29.9501
  0
LINE
  8
0
 10
9.31261
 20
-29.9501
 11
9.39865
 21
-29.954
  0
LINE
  8
0
 10
9.39865
 20
-29.954
 11
9.48392
 21
-29.961
  0
LINE
  8
0
 10
9.48392
 20
-29.961
 11
9.56918
 21
-29.9718
  0
LINE
  8
0
 10
9.56918
 20
-29.9718
 11
9.65406
 21
-29.9862
  0
LINE
  8
0
 10
9.65406
 20
-29.9862
 11
9.73778
 21
-30.004
  0
LINE
  8
0
 10
9.73778
 20
-30.004
 11
9.82111
 21
-30.0253
  0
LINE
  8
0
 10
9.82111
 20
-30.0253
 11
9.90327
 21
-30.0501
  0
LINE
  8
0
 10
9.90327
 20
-30.0501
 11
9.98427
 21
-30.0784
  0
LINE
  8
0
 10
9.98427
 20
-30.0784
 11
10.0641
 21
-30.1098
  0
LINE
  8
0
 10
10.0641
 20
-30.1098
 11
10.1428
 21
-30.1451
  0
LINE
  8
0
 10
10.1428
 20
-30.1451
 11
10.2195
 21
-30.183
  0
LINE
  8
0
 10
10.2195
 20
-30.183
 11
10.2947
 21
-30.2245
  0
LINE
  8
0
 10
10.2947
 20
-30.2245
 11
10.3684
 21
-30.2691
  0
LINE
  8
0
 10
10.3684
 20
-30.2691
 11
10.4397
 21
-30.3164
  0
LINE
  8
0
 10
10.4397
 20
-30.3164
 11
10.509
 21
-30.3668
  0
LINE
  8
0
 10
10.509
 20
-30.3668
 11
10.5765
 21
-30.4202
  0
LINE
  8
0
 10
10.5765
 20
-30.4202
 11
10.6416
 21
-30.4764
  0
LINE
  8
0
 10
10.6416
 20
-30.4764
 11
10.704
 21
-30.535
  0
LINE
  8
0
 10
10.704
 20
-30.535
 11
10.7641
 21
-30.5966
  0
LINE
  8
0
 10
10.7641
 20
-30.5966
 11
10.8218
 21
-30.6601
  0
LINE
  8
0
 10
10.8218
 20
-30.6601
 11
10.8765
 21
-30.7264
  0
LINE
  8
0
 10
10.8765
 20
-30.7264
 11
10.9284
 21
-30.795
  0
LINE
  8
0
 10
10.9284
 20
-30.795
 11
10.9772
 21
-30.8652
  0
LINE
  8
0
 10
10.9772
 20
-30.8652
 11
11.0234
 21
-30.938
  0
LINE
  8
0
 10
11.0234
 20
-30.938
 11
11.0664
 21
-31.0121
  0
LINE
  8
0
 10
11.0664
 20
-31.0121
 11
11.1059
 21
-31.0884
  0
LINE
  8
0
 10
11.1059
 20
-31.0884
 11
11.1427
 21
-31.1659
  0
LINE
  8
0
 10
11.1427
 20
-31.1659
 11
11.1757
 21
-31.245
  0
LINE
  8
0
 10
11.1757
 20
-31.245
 11
11.2059
 21
-31.3256
  0
LINE
  8
0
 10
11.2059
 20
-31.3256
 11
11.2323
 21
-31.4074
  0
LINE
  8
0
 10
11.2323
 20
-31.4074
 11
11.2555
 21
-31.4899
  0
LINE
  8
0
 10
11.2555
 20
-31.4899
 11
11.2749
 21
-31.5737
  0
LINE
  8
0
 10
11.2749
 20
-31.5737
 11
11.2912
 21
-31.6578
  0
LINE
  8
0
 10
11.2912
 20
-31.6578
 11
11.3036
 21
-31.743
  0
LINE
  8
0
 10
11.3036
 20
-31.743
 11
11.3125
 21
-31.8283
  0
LINE
  8
0
 10
11.3125
 20
-31.8283
 11
11.3179
 21
-31.9139
  0
LINE
  8
0
 10
11.3179
 20
-31.9139
 11
11.3199
 21
-32
  0
LINE
  8
0
 10
11.3199
 20
-32
 11
11.3179
 21
-32.0856
  0
LINE
  8
0
 10
11.3179
 20
-32.0856
 11
11.3125
 21
-32.1713
  0
LINE
  8
0
 10
11.3125
 20
-32.1713
 11
11.3036
 21
-32.2566
  0
LINE
  8
0
 10
11.3036
 20
-32.2566
 11
11.2912
 21
-32.3418
  0
LINE
  8
0
 10
11.2912
 20
-32.3418
 11
11.2749
 21
-32.4259
  0
LINE
  8
0
 10
11.2749
 20
-32.4259
 11
11.2555
 21
-32.5096
  0
LINE
  8
0
 10
11.2555
 20
-32.5096
 11
11.2323
 21
-32.5922
  0
LINE
  8
0
 10
11.2323
 20
-32.5922
 11
11.2059
 21
-32.674
  0
LINE
  8
0
 10
11.2059
 20
-32.674
 11
11.1757
 21
-32.7546
  0
LINE
  8
0
 10
11.1757
 20
-32.7546
 11
11.1427
 21
-32.8337
  0
LINE
  8
0
 10
11.1427
 20
-32.8337
 11
11.1059
 21
-32.9112
  0
LINE
  8
0
 10
11.1059
 20
-32.9112
 11
11.0664
 21
-32.9875
  0
LINE
  8
0
 10
11.0664
 20
-32.9875
 11
11.0234
 21
-33.0619
  0
LINE
  8
0
 10
11.0234
 20
-33.0619
 11
10.9772
 21
-33.1344
  0
LINE
  8
0
 10
10.9772
 20
-33.1344
 11
10.9284
 21
-33.2049
  0
LINE
  8
0
 10
10.9284
 20
-33.2049
 11
10.8765
 21
-33.2732
  0
LINE
  8
0
 10
10.8765
 20
-33.2732
 11
10.8218
 21
-33.3394
  0
LINE
  8
0
 10
10.8218
 20
-33.3394
 11
10.7641
 21
-33.403
  0
LINE
  8
0
 10
10.7641
 20
-33.403
 11
10.704
 21
-33.4646
  0
LINE
  8
0
 10
10.704
 20
-33.4646
 11
10.6416
 21
-33.5231
  0
LINE
  8
0
 10
10.6416
 20
-33.5231
 11
10.5765
 21
-33.5793
  0
LINE
  8
0
 10
10.5765
 20
-33.5793
 11
10.509
 21
-33.6328
  0
LINE
  8
0
 10
10.509
 20
-33.6328
 11
10.4397
 21
-33.6832
  0
LINE
  8
0
 10
10.4397
 20
-33.6832
 11
10.3684
 21
-33.7305
  0
LINE
  8
0
 10
10.3684
 20
-33.7305
 11
10.2947
 21
-33.7751
  0
LINE
  8
0
 10
10.2947
 20
-33.7751
 11
10.2195
 21
-33.8165
  0
LINE
  8
0
 10
10.2195
 20
-33.8165
 11
10.1428
 21
-33.8545
  0
LINE
  8
0
 10
10.1428
 20
-33.8545
 11
10.0641
 21
-33.8898
  0
LINE
  8
0
 10
10.0641
 20
-33.8898
 11
9.98427
 21
-33.9212
  0
LINE
  8
0
 10
9.98427
 20
-33.9212
 11
9.90327
 21
-33.9495
  0
LINE
  8
0
 10
9.90327
 20
-33.9495
 11
9.82111
 21
-33.9743
  0
LINE
  8
0
 10
9.82111
 20
-33.9743
 11
9.73778
 21
-33.9956
  0
LINE
  8
0
 10
9.73778
 20
-33.9956
 11
9.65406
 21
-34.0134
  0
LINE
  8
0
 10
9.65406
 20
-34.0134
 11
9.56918
 21
-34.0278
  0
LINE
  8
0
 10
9.56918
 20
-34.0278
 11
9.48392
 21
-34.0386
  0
LINE
  8
0
 10
9.48392
 20
-34.0386
 11
9.39865
 21
-34.0456
  0
LINE
  8
0
 10
9.39865
 20
-34.0456
 11
9.31261
 21
-34.0495
  0
LINE
  8
0
 10
9.31261
 20
-34.0495
 11
9.22696
 21
-34.0495
  0
LINE
  8
0
 10
95.164
 20
-37.988
 11
95.0783
 21
-37.9826
  0
LINE
  8
0
 10
95.0783
 20
-37.9826
 11
94.993
 21
-37.9737
  0
LINE
  8
0
 10
94.993
 20
-37.9737
 11
94.9078
 21
-37.9612
  0
LINE
  8
0
 10
94.9078
 20
-37.9612
 11
94.8237
 21
-37.945
  0
LINE
  8
0
 10
94.8237
 20
-37.945
 11
94.74
 21
-37.9252
  0
LINE
  8
0
 10
94.74
 20
-37.9252
 11
94.6574
 21
-37.9023
  0
LINE
  8
0
 10
94.6574
 20
-37.9023
 11
94.5756
 21
-37.8756
  0
LINE
  8
0
 10
94.5756
 20
-37.8756
 11
94.495
 21
-37.8458
  0
LINE
  8
0
 10
94.495
 20
-37.8458
 11
94.4159
 21
-37.8124
  0
LINE
  8
0
 10
94.4159
 20
-37.8124
 11
94.3384
 21
-37.776
  0
LINE
  8
0
 10
94.3384
 20
-37.776
 11
94.2621
 21
-37.7361
  0
LINE
  8
0
 10
94.2621
 20
-37.7361
 11
94.188
 21
-37.6934
  0
LINE
  8
0
 10
94.188
 20
-37.6934
 11
94.1152
 21
-37.6473
  0
LINE
  8
0
 10
94.1152
 20
-37.6473
 11
94.045
 21
-37.5981
  0
LINE
  8
0
 10
94.045
 20
-37.5981
 11
93.9764
 21
-37.5465
  0
LINE
  8
0
 10
93.9764
 20
-37.5465
 11
93.9102
 21
-37.4915
  0
LINE
  8
0
 10
93.9102
 20
-37.4915
 11
93.8466
 21
-37.4341
  0
LINE
  8
0
 10
93.8466
 20
-37.4341
 11
93.785
 21
-37.3741
  0
LINE
  8
0
 10
93.785
 20
-37.3741
 11
93.7264
 21
-37.3117
  0
LINE
  8
0
 10
93.7264
 20
-37.3117
 11
93.6703
 21
-37.2466
  0
LINE
  8
0
 10
93.6703
 20
-37.2466
 11
93.6168
 21
-37.1791
  0
LINE
  8
0
 10
93.6168
 20
-37.1791
 11
93.5664
 21
-37.1098
  0
LINE
  8
0
 10
93.5664
 20
-37.1098
 11
93.5191
 21
-37.038
  0
LINE
  8
0
 10
93.5191
 20
-37.038
 11
93.4745
 21
-36.9648
  0
LINE
  8
0
 10
93.4745
 20
-36.9648
 11
93.4331
 21
-36.8896
  0
LINE
  8
0
 10
93.4331
 20
-36.8896
 11
93.3951
 21
-36.8125
  0
LINE
  8
0
 10
93.3951
 20
-36.8125
 11
93.3602
 21
-36.7342
  0
LINE
  8
0
 10
93.3602
 20
-36.7342
 11
93.3284
 21
-36.6544
  0
LINE
  8
0
 10
93.3284
 20
-36.6544
 11
93.3001
 21
-36.5733
  0
LINE
  8
0
 10
93.3001
 20
-36.5733
 11
93.2753
 21
-36.4912
  0
LINE
  8
0
 10
93.2753
 20
-36.4912
 11
93.254
 21
-36.4079
  0
LINE
  8
0
 10
93.254
 20
-36.4079
 11
93.2362
 21
-36.3238
  0
LINE
  8
0
 10
93.2362
 20
-36.3238
 11
93.2218
 21
-36.2393
  0
LINE
  8
0
 10
93.2218
 20
-36.2393
 11
93.211
 21
-36.154
  0
LINE
  8
0
 10
93.211
 20
-36.154
 11
93.204
 21
-36.0683
  0
LINE
  8
0
 10
93.204
 20
-36.0683
 11
93.2001
 21
-35.9827
  0
LINE
  8
0
 10
93.2001
 20
-35.9827
 11
93.2001
 21
-35.897
  0
LINE
  8
0
 10
93.2001
 20
-35.897
 11
93.204
 21
-35.811
  0
LINE
  8
0
 10
93.204
 20
-35.811
 11
93.211
 21
-35.7253
  0
LINE
  8
0
 10
93.211
 20
-35.7253
 11
93.2218
 21
-35.6405
  0
LINE
  8
0
 10
93.2218
 20
-35.6405
 11
93.2362
 21
-35.5556
  0
LINE
  8
0
 10
93.2362
 20
-35.5556
 11
93.254
 21
-35.4715
  0
LINE
  8
0
 10
93.254
 20
-35.4715
 11
93.2753
 21
-35.3885
  0
LINE
  8
0
 10
93.2753
 20
-35.3885
 11
93.3001
 21
-35.3064
  0
LINE
  8
0
 10
93.3001
 20
-35.3064
 11
93.3284
 21
-35.2254
  0
LINE
  8
0
 10
93.3284
 20
-35.2254
 11
93.3602
 21
-35.1455
  0
LINE
  8
0
 10
93.3602
 20
-35.1455
 11
93.3951
 21
-35.0669
  0
LINE
  8
0
 10
93.3951
 20
-35.0669
 11
93.4331
 21
-34.9901
  0
LINE
  8
0
 10
93.4331
 20
-34.9901
 11
93.4745
 21
-34.9149
  0
LINE
  8
0
 10
93.4745
 20
-34.9149
 11
93.5191
 21
-34.8413
  0
LINE
  8
0
 10
93.5191
 20
-34.8413
 11
93.5664
 21
-34.77
  0
LINE
  8
0
 10
93.5664
 20
-34.77
 11
93.6168
 21
-34.7002
  0
LINE
  8
0
 10
93.6168
 20
-34.7002
 11
93.6703
 21
-34.6332
  0
LINE
  8
0
 10
93.6703
 20
-34.6332
 11
93.7264
 21
-34.568
  0
LINE
  8
0
 10
93.7264
 20
-34.568
 11
93.785
 21
-34.5056
  0
LINE
  8
0
 10
93.785
 20
-34.5056
 11
93.8466
 21
-34.4456
  0
LINE
  8
0
 10
93.8466
 20
-34.4456
 11
93.9102
 21
-34.3878
  0
LINE
  8
0
 10
93.9102
 20
-34.3878
 11
93.9764
 21
-34.3332
  0
LINE
  8
0
 10
93.9764
 20
-34.3332
 11
94.045
 21
-34.2812
  0
LINE
  8
0
 10
94.045
 20
-34.2812
 11
94.1152
 21
-34.2324
  0
LINE
  8
0
 10
94.1152
 20
-34.2324
 11
94.188
 21
-34.1863
  0
LINE
  8
0
 10
94.188
 20
-34.1863
 11
94.2621
 21
-34.1433
  0
LINE
  8
0
 10
94.2621
 20
-34.1433
 11
94.3384
 21
-34.1037
  0
LINE
  8
0
 10
94.3384
 20
-34.1037
 11
94.4159
 21
-34.0669
  0
LINE
  8
0
 10
94.4159
 20
-34.0669
 11
94.495
 21
-34.0336
  0
LINE
  8
0
 10
94.495
 20
-34.0336
 11
94.5756
 21
-34.0037
  0
LINE
  8
0
 10
94.5756
 20
-34.0037
 11
94.6574
 21
-33.9774
  0
LINE
  8
0
 10
94.6574
 20
-33.9774
 11
94.74
 21
-33.9541
  0
LINE
  8
0
 10
94.74
 20
-33.9541
 11
94.8237
 21
-33.9348
  0
LINE
  8
0
 10
94.8237
 20
-33.9348
 11
94.9078
 21
-33.9185
  0
LINE
  8
0
 10
94.9078
 20
-33.9185
 11
94.993
 21
-33.9061
  0
LINE
  8
0
 10
94.993
 20
-33.9061
 11
95.0783
 21
-33.8972
  0
LINE
  8
0
 10
95.0783
 20
-33.8972
 11
95.164
 21
-33.8917
  0
LINE
  8
0
 10
95.164
 20
-33.8917
 11
95.25
 21
-33.8898
  0
LINE
  8
0
 10
95.25
 20
-33.8898
 11
95.3357
 21
-33.8917
  0
LINE
  8
0
 10
95.3357
 20
-33.8917
 11
95.4213
 21
-33.8972
  0
LINE
  8
0
 10
95.4213
 20
-33.8972
 11
95.5066
 21
-33.9061
  0
LINE
  8
0
 10
95.5066
 20
-33.9061
 11
95.5918
 21
-33.9185
  0
LINE
  8
0
 10
95.5918
 20
-33.9185
 11
95.6759
 21
-33.9348
  0
LINE
  8
0
 10
95.6759
 20
-33.9348
 11
95.7597
 21
-33.9541
  0
LINE
  8
0
 10
95.7597
 20
-33.9541
 11
95.8422
 21
-33.9774
  0
LINE
  8
0
 10
95.8422
 20
-33.9774
 11
95.924
 21
-34.0037
  0
LINE
  8
0
 10
95.924
 20
-34.0037
 11
96.0046
 21
-34.0336
  0
LINE
  8
0
 10
96.0046
 20
-34.0336
 11
96.0837
 21
-34.0669
  0
LINE
  8
0
 10
96.0837
 20
-34.0669
 11
96.1612
 21
-34.1037
  0
LINE
  8
0
 10
96.1612
 20
-34.1037
 11
96.2375
 21
-34.1433
  0
LINE
  8
0
 10
96.2375
 20
-34.1433
 11
96.312
 21
-34.1863
  0
LINE
  8
0
 10
96.312
 20
-34.1863
 11
96.3844
 21
-34.2324
  0
LINE
  8
0
 10
96.3844
 20
-34.2324
 11
96.4546
 21
-34.2812
  0
LINE
  8
0
 10
96.4546
 20
-34.2812
 11
96.5232
 21
-34.3332
  0
LINE
  8
0
 10
96.5232
 20
-34.3332
 11
96.5895
 21
-34.3878
  0
LINE
  8
0
 10
96.5895
 20
-34.3878
 11
96.653
 21
-34.4456
  0
LINE
  8
0
 10
96.653
 20
-34.4456
 11
96.7146
 21
-34.5056
  0
LINE
  8
0
 10
96.7146
 20
-34.5056
 11
96.7732
 21
-34.568
  0
LINE
  8
0
 10
96.7732
 20
-34.568
 11
96.8294
 21
-34.6332
  0
LINE
  8
0
 10
96.8294
 20
-34.6332
 11
96.8828
 21
-34.7002
  0
LINE
  8
0
 10
96.8828
 20
-34.7002
 11
96.9332
 21
-34.77
  0
LINE
  8
0
 10
96.9332
 20
-34.77
 11
96.9805
 21
-34.8413
  0
LINE
  8
0
 10
96.9805
 20
-34.8413
 11
97.0251
 21
-34.9149
  0
LINE
  8
0
 10
97.0251
 20
-34.9149
 11
97.0666
 21
-34.9901
  0
LINE
  8
0
 10
97.0666
 20
-34.9901
 11
97.1045
 21
-35.0669
  0
LINE
  8
0
 10
97.1045
 20
-35.0669
 11
97.1398
 21
-35.1455
  0
LINE
  8
0
 10
97.1398
 20
-35.1455
 11
97.1712
 21
-35.2254
  0
LINE
  8
0
 10
97.1712
 20
-35.2254
 11
97.1995
 21
-35.3064
  0
LINE
  8
0
 10
97.1995
 20
-35.3064
 11
97.2243
 21
-35.3885
  0
LINE
  8
0
 10
97.2243
 20
-35.3885
 11
97.2456
 21
-35.4715
  0
LINE
  8
0
 10
97.2456
 20
-35.4715
 11
97.2634
 21
-35.5556
  0
LINE
  8
0
 10
97.2634
 20
-35.5556
 11
97.2778
 21
-35.6405
  0
LINE
  8
0
 10
97.2778
 20
-35.6405
 11
97.2886
 21
-35.7253
  0
LINE
  8
0
 10
97.2886
 20
-35.7253
 11
97.2956
 21
-35.811
  0
LINE
  8
0
 10
97.2956
 20
-35.811
 11
97.2995
 21
-35.897
  0
LINE
  8
0
 10
97.2995
 20
-35.897
 11
97.2995
 21
-35.9827
  0
LINE
  8
0
 10
97.2995
 20
-35.9827
 11
97.2956
 21
-36.0683
  0
LINE
  8
0
 10
97.2956
 20
-36.0683
 11
97.2886
 21
-36.154
  0
LINE
  8
0
 10
97.2886
 20
-36.154
 11
97.2778
 21
-36.2393
  0
LINE
  8
0
 10
97.2778
 20
-36.2393
 11
97.2634
 21
-36.3238
  0
LINE
  8
0
 10
97.2634
 20
-36.3238
 11
97.2456
 21
-36.4079
  0
LINE
  8
0
 10
97.2456
 20
-36.4079
 11
97.2243
 21
-36.4912
  0
LINE
  8
0
 10
97.2243
 20
-36.4912
 11
97.1995
 21
-36.5733
  0
LINE
  8
0
 10
97.1995
 20
-36.5733
 11
97.1712
 21
-36.6544
  0
LINE
  8
0
 10
97.1712
 20
-36.6544
 11
97.1398
 21
-36.7342
  0
LINE
  8
0
 10
97.1398
 20
-36.7342
 11
97.1045
 21
-36.8125
  0
LINE
  8
0
 10
97.1045
 20
-36.8125
 11
97.0666
 21
-36.8896
  0
LINE
  8
0
 10
97.0666
 20
-36.8896
 11
97.0251
 21
-36.9648
  0
LINE
  8
0
 10
97.0251
 20
-36.9648
 11
96.9805
 21
-37.038
  0
LINE
  8
0
 10
96.9805
 20
-37.038
 11
96.9332
 21
-37.1098
  0
LINE
  8
0
 10
96.9332
 20
-37.1098
 11
96.8828
 21
-37.1791
  0
LINE
  8
0
 10
96.8828
 20
-37.1791
 11
96.8294
 21
-37.2466
  0
LINE
  8
0
 10
96.8294
 20
-37.2466
 11
96.7732
 21
-37.3117
  0
LINE
  8
0
 10
96.7732
 20
-37.3117
 11
96.7146
 21
-37.3741
  0
LINE
  8
0
 10
96.7146
 20
-37.3741
 11
96.653
 21
-37.4341
  0
LINE
  8
0
 10
96.653
 20
-37.4341
 11
96.5895
 21
-37.4915
  0
LINE
  8
0
 10
96.5895
 20
-37.4915
 11
96.5232
 21
-37.5465
  0
LINE
  8
0
 10
96.5232
 20
-37.5465
 11
96.4546
 21
-37.5981
  0
LINE
  8
0
 10
96.4546
 20
-37.5981
 11
96.3844
 21
-37.6473
  0
LINE
  8
0
 10
96.3844
 20
-37.6473
 11
96.312
 21
-37.6934
  0
LINE
  8
0
 10
96.312
 20
-37.6934
 11
96.2375
 21
-37.7361
  0
LINE
  8
0
 10
96.2375
 20
-37.7361
 11
96.1612
 21
-37.776
  0
LINE
  8
0
 10
96.1612
 20
-37.776
 11
96.0837
 21
-37.8124
  0
LINE
  8
0
 10
96.0837
 20
-37.8124
 11
96.0046
 21
-37.8458
  0
LINE
  8
0
 10
96.0046
 20
-37.8458
 11
95.924
 21
-37.8756
  0
LINE
  8
0
 10
95.924
 20
-37.8756
 11
95.8422
 21
-37.9023
  0
LINE
  8
0
 10
95.8422
 20
-37.9023
 11
95.7597
 21
-37.9252
  0
LINE
  8
0
 10
95.7597
 20
-37.9252
 11
95.6759
 21
-37.945
  0
LINE
  8
0
 10
95.6759
 20
-37.945
 11
95.5918
 21
-37.9612
  0
LINE
  8
0
 10
95.5918
 20
-37.9612
 11
95.5066
 21
-37.9737
  0
LINE
  8
0
 10
95.5066
 20
-37.9737
 11
95.4213
 21
-37.9826
  0
LINE
  8
0
 10
95.4213
 20
-37.9826
 11
95.3357
 21
-37.988
  0
LINE
  8
0
 10
95.3357
 20
-37.988
 11
95.25
 21
-37.9899
  0
LINE
  8
0
 10
95.25
 20
-37.9899
 11
95.164
 21
-37.988
  0
LINE
  8
0
 10
95.164
 20
-45.9879
 11
95.0783
 21
-45.9825
  0
LINE
  8
0
 10
95.0783
 20
-45.9825
 11
94.993
 21
-45.9736
  0
LINE
  8
0
 10
94.993
 20
-45.9736
 11
94.9078
 21
-45.9611
  0
LINE
  8
0
 10
94.9078
 20
-45.9611
 11
94.8237
 21
-45.9449
  0
LINE
  8
0
 10
94.8237
 20
-45.9449
 11
94.74
 21
-45.9255
  0
LINE
  8
0
 10
94.74
 20
-45.9255
 11
94.6574
 21
-45.9022
  0
LINE
  8
0
 10
94.6574
 20
-45.9022
 11
94.5756
 21
-45.8759
  0
LINE
  8
0
 10
94.5756
 20
-45.8759
 11
94.495
 21
-45.8457
  0
LINE
  8
0
 10
94.495
 20
-45.8457
 11
94.4159
 21
-45.8127
  0
LINE
  8
0
 10
94.4159
 20
-45.8127
 11
94.3384
 21
-45.7759
  0
LINE
  8
0
 10
94.3384
 20
-45.7759
 11
94.2621
 21
-45.7364
  0
LINE
  8
0
 10
94.2621
 20
-45.7364
 11
94.188
 21
-45.6933
  0
LINE
  8
0
 10
94.188
 20
-45.6933
 11
94.1152
 21
-45.6472
  0
LINE
  8
0
 10
94.1152
 20
-45.6472
 11
94.045
 21
-45.5984
  0
LINE
  8
0
 10
94.045
 20
-45.5984
 11
93.9764
 21
-45.5464
  0
LINE
  8
0
 10
93.9764
 20
-45.5464
 11
93.9102
 21
-45.4918
  0
LINE
  8
0
 10
93.9102
 20
-45.4918
 11
93.8466
 21
-45.434
  0
LINE
  8
0
 10
93.8466
 20
-45.434
 11
93.785
 21
-45.374
  0
LINE
  8
0
 10
93.785
 20
-45.374
 11
93.7264
 21
-45.3116
  0
LINE
  8
0
 10
93.7264
 20
-45.3116
 11
93.6703
 21
-45.2465
  0
LINE
  8
0
 10
93.6703
 20
-45.2465
 11
93.6168
 21
-45.1794
  0
LINE
  8
0
 10
93.6168
 20
-45.1794
 11
93.5664
 21
-45.1096
  0
LINE
  8
0
 10
93.5664
 20
-45.1096
 11
93.5191
 21
-45.0383
  0
LINE
  8
0
 10
93.5191
 20
-45.0383
 11
93.4745
 21
-44.9647
  0
LINE
  8
0
 10
93.4745
 20
-44.9647
 11
93.4331
 21
-44.8895
  0
LINE
  8
0
 10
93.4331
 20
-44.8895
 11
93.3951
 21
-44.8128
  0
LINE
  8
0
 10
93.3951
 20
-44.8128
 11
93.3602
 21
-44.7341
  0
LINE
  8
0
 10
93.3602
 20
-44.7341
 11
93.3284
 21
-44.6543
  0
LINE
  8
0
 10
93.3284
 20
-44.6543
 11
93.3001
 21
-44.5732
  0
LINE
  8
0
 10
93.3001
 20
-44.5732
 11
93.2753
 21
-44.4911
  0
LINE
  8
0
 10
93.2753
 20
-44.4911
 11
93.254
 21
-44.4078
  0
LINE
  8
0
 10
93.254
 20
-44.4078
 11
93.2362
 21
-44.324
  0
LINE
  8
0
 10
93.2362
 20
-44.324
 11
93.2218
 21
-44.2392
  0
LINE
  8
0
 10
93.2218
 20
-44.2392
 11
93.211
 21
-44.1539
  0
LINE
  8
0
 10
93.211
 20
-44.1539
 11
93.204
 21
-44.0686
  0
LINE
  8
0
 10
93.204
 20
-44.0686
 11
93.2001
 21
-43.9826
  0
LINE
  8
0
 10
93.2001
 20
-43.9826
 11
93.2001
 21
-43.8969
  0
LINE
  8
0
 10
93.2001
 20
-43.8969
 11
93.204
 21
-43.8109
  0
LINE
  8
0
 10
93.204
 20
-43.8109
 11
93.211
 21
-43.7256
  0
LINE
  8
0
 10
93.211
 20
-43.7256
 11
93.2218
 21
-43.6404
  0
LINE
  8
0
 10
93.2218
 20
-43.6404
 11
93.2362
 21
-43.5555
  0
LINE
  8
0
 10
93.2362
 20
-43.5555
 11
93.254
 21
-43.4718
  0
LINE
  8
0
 10
93.254
 20
-43.4718
 11
93.2753
 21
-43.3884
  0
LINE
  8
0
 10
93.2753
 20
-43.3884
 11
93.3001
 21
-43.3063
  0
LINE
  8
0
 10
93.3001
 20
-43.3063
 11
93.3284
 21
-43.2253
  0
LINE
  8
0
 10
93.3284
 20
-43.2253
 11
93.3602
 21
-43.1454
  0
LINE
  8
0
 10
93.3602
 20
-43.1454
 11
93.3951
 21
-43.0668
  0
LINE
  8
0
 10
93.3951
 20
-43.0668
 11
93.4331
 21
-42.99
  0
LINE
  8
0
 10
93.4331
 20
-42.99
 11
93.4745
 21
-42.9148
  0
LINE
  8
0
 10
93.4745
 20
-42.9148
 11
93.5191
 21
-42.8412
  0
LINE
  8
0
 10
93.5191
 20
-42.8412
 11
93.5664
 21
-42.7699
  0
LINE
  8
0
 10
93.5664
 20
-42.7699
 11
93.6168
 21
-42.7005
  0
LINE
  8
0
 10
93.6168
 20
-42.7005
 11
93.6703
 21
-42.6331
  0
LINE
  8
0
 10
93.6703
 20
-42.6331
 11
93.7264
 21
-42.5679
  0
LINE
  8
0
 10
93.7264
 20
-42.5679
 11
93.785
 21
-42.5055
  0
LINE
  8
0
 10
93.785
 20
-42.5055
 11
93.8466
 21
-42.4455
  0
LINE
  8
0
 10
93.8466
 20
-42.4455
 11
93.9102
 21
-42.3881
  0
LINE
  8
0
 10
93.9102
 20
-42.3881
 11
93.9764
 21
-42.3331
  0
LINE
  8
0
 10
93.9764
 20
-42.3331
 11
94.045
 21
-42.2811
  0
LINE
  8
0
 10
94.045
 20
-42.2811
 11
94.1152
 21
-42.2323
  0
LINE
  8
0
 10
94.1152
 20
-42.2323
 11
94.188
 21
-42.1862
  0
LINE
  8
0
 10
94.188
 20
-42.1862
 11
94.2621
 21
-42.1436
  0
LINE
  8
0
 10
94.2621
 20
-42.1436
 11
94.3384
 21
-42.1036
  0
LINE
  8
0
 10
94.3384
 20
-42.1036
 11
94.4159
 21
-42.0672
  0
LINE
  8
0
 10
94.4159
 20
-42.0672
 11
94.495
 21
-42.0339
  0
LINE
  8
0
 10
94.495
 20
-42.0339
 11
94.5756
 21
-42.0036
  0
LINE
  8
0
 10
94.5756
 20
-42.0036
 11
94.6574
 21
-41.9773
  0
LINE
  8
0
 10
94.6574
 20
-41.9773
 11
94.74
 21
-41.954
  0
LINE
  8
0
 10
94.74
 20
-41.954
 11
94.8237
 21
-41.9346
  0
LINE
  8
0
 10
94.8237
 20
-41.9346
 11
94.9078
 21
-41.9184
  0
LINE
  8
0
 10
94.9078
 20
-41.9184
 11
94.993
 21
-41.906
  0
LINE
  8
0
 10
94.993
 20
-41.906
 11
95.0783
 21
-41.8971
  0
LINE
  8
0
 10
95.0783
 20
-41.8971
 11
95.164
 21
-41.8916
  0
LINE
  8
0
 10
95.164
 20
-41.8916
 11
95.25
 21
-41.8897
  0
LINE
  8
0
 10
95.25
 20
-41.8897
 11
95.3357
 21
-41.8916
  0
LINE
  8
0
 10
95.3357
 20
-41.8916
 11
95.4213
 21
-41.8971
  0
LINE
  8
0
 10
95.4213
 20
-41.8971
 11
95.5066
 21
-41.906
  0
LINE
  8
0
 10
95.5066
 20
-41.906
 11
95.5918
 21
-41.9184
  0
LINE
  8
0
 10
95.5918
 20
-41.9184
 11
95.6759
 21
-41.9346
  0
LINE
  8
0
 10
95.6759
 20
-41.9346
 11
95.7597
 21
-41.954
  0
LINE
  8
0
 10
95.7597
 20
-41.954
 11
95.8422
 21
-41.9773
  0
LINE
  8
0
 10
95.8422
 20
-41.9773
 11
95.924
 21
-42.0036
  0
LINE
  8
0
 10
95.924
 20
-42.0036
 11
96.0046
 21
-42.0339
  0
LINE
  8
0
 10
96.0046
 20
-42.0339
 11
96.0837
 21
-42.0672
  0
LINE
  8
0
 10
96.0837
 20
-42.0672
 11
96.1612
 21
-42.1036
  0
LINE
  8
0
 10
96.1612
 20
-42.1036
 11
96.2375
 21
-42.1436
  0
LINE
  8
0
 10
96.2375
 20
-42.1436
 11
96.312
 21
-42.1862
  0
LINE
  8
0
 10
96.312
 20
-42.1862
 11
96.3844
 21
-42.2323
  0
LINE
  8
0
 10
96.3844
 20
-42.2323
 11
96.4546
 21
-42.2811
  0
LINE
  8
0
 10
96.4546
 20
-42.2811
 11
96.5232
 21
-42.3331
  0
LINE
  8
0
 10
96.5232
 20
-42.3331
 11
96.5895
 21
-42.3881
  0
LINE
  8
0
 10
96.5895
 20
-42.3881
 11
96.653
 21
-42.4455
  0
LINE
  8
0
 10
96.653
 20
-42.4455
 11
96.7146
 21
-42.5055
  0
LINE
  8
0
 10
96.7146
 20
-42.5055
 11
96.7732
 21
-42.5679
  0
LINE
  8
0
 10
96.7732
 20
-42.5679
 11
96.8294
 21
-42.6331
  0
LINE
  8
0
 10
96.8294
 20
-42.6331
 11
96.8828
 21
-42.7005
  0
LINE
  8
0
 10
96.8828
 20
-42.7005
 11
96.9332
 21
-42.7699
  0
LINE
  8
0
 10
96.9332
 20
-42.7699
 11
96.9805
 21
-42.8412
  0
LINE
  8
0
 10
96.9805
 20
-42.8412
 11
97.0251
 21
-42.9148
  0
LINE
  8
0
 10
97.0251
 20
-42.9148
 11
97.0666
 21
-42.99
  0
LINE
  8
0
 10
97.0666
 20
-42.99
 11
97.1045
 21
-43.0668
  0
LINE
  8
0
 10
97.1045
 20
-43.0668
 11
97.1398
 21
-43.1454
  0
LINE
  8
0
 10
97.1398
 20
-43.1454
 11
97.1712
 21
-43.2253
  0
LINE
  8
0
 10
97.1712
 20
-43.2253
 11
97.1995
 21
-43.3063
  0
LINE
  8
0
 10
97.1995
 20
-43.3063
 11
97.2243
 21
-43.3884
  0
LINE
  8
0
 10
97.2243
 20
-43.3884
 11
97.2456
 21
-43.4718
  0
LINE
  8
0
 10
97.2456
 20
-43.4718
 11
97.2634
 21
-43.5555
  0
LINE
  8
0
 10
97.2634
 20
-43.5555
 11
97.2778
 21
-43.6404
  0
LINE
  8
0
 10
97.2778
 20
-43.6404
 11
97.2886
 21
-43.7256
  0
LINE
  8
0
 10
97.2886
 20
-43.7256
 11
97.2956
 21
-43.8109
  0
LINE
  8
0
 10
97.2956
 20
-43.8109
 11
97.2995
 21
-43.8969
  0
LINE
  8
0
 10
97.2995
 20
-43.8969
 11
97.2995
 21
-43.9826
  0
LINE
  8
0
 10
97.2995
 20
-43.9826
 11
97.2956
 21
-44.0686
  0
LINE
  8
0
 10
97.2956
 20
-44.0686
 11
97.2886
 21
-44.1539
  0
LINE
  8
0
 10
97.2886
 20
-44.1539
 11
97.2778
 21
-44.2392
  0
LINE
  8
0
 10
97.2778
 20
-44.2392
 11
97.2634
 21
-44.324
  0
LINE
  8
0
 10
97.2634
 20
-44.324
 11
97.2456
 21
-44.4078
  0
LINE
  8
0
 10
97.2456
 20
-44.4078
 11
97.2243
 21
-44.4911
  0
LINE
  8
0
 10
97.2243
 20
-44.4911
 11
97.1995
 21
-44.5732
  0
LINE
  8
0
 10
97.1995
 20
-44.5732
 11
97.1712
 21
-44.6543
  0
LINE
  8
0
 10
97.1712
 20
-44.6543
 11
97.1398
 21
-44.7341
  0
LINE
  8
0
 10
97.1398
 20
-44.7341
 11
97.1045
 21
-44.8128
  0
LINE
  8
0
 10
97.1045
 20
-44.8128
 11
97.0666
 21
-44.8895
  0
LINE
  8
0
 10
97.0666
 20
-44.8895
 11
97.0251
 21
-44.9647
  0
LINE
  8
0
 10
97.0251
 20
-44.9647
 11
96.9805
 21
-45.0383
  0
LINE
  8
0
 10
96.9805
 20
-45.0383
 11
96.9332
 21
-45.1096
  0
LINE
  8
0
 10
96.9332
 20
-45.1096
 11
96.8828
 21
-45.1794
  0
LINE
  8
0
 10
96.8828
 20
-45.1794
 11
96.8294
 21
-45.2465
  0
LINE
  8
0
 10
96.8294
 20
-45.2465
 11
96.7732
 21
-45.3116
  0
LINE
  8
0
 10
96.7732
 20
-45.3116
 11
96.7146
 21
-45.374
  0
LINE
  8
0
 10
96.7146
 20
-45.374
 11
96.653
 21
-45.434
  0
LINE
  8
0
 10
96.653
 20
-45.434
 11
96.5895
 21
-45.4918
  0
LINE
  8
0
 10
96.5895
 20
-45.4918
 11
96.5232
 21
-45.5464
  0
LINE
  8
0
 10
96.5232
 20
-45.5464
 11
96.4546
 21
-45.5984
  0
LINE
  8
0
 10
96.4546
 20
-45.5984
 11
96.3844
 21
-45.6472
  0
LINE
  8
0
 10
96.3844
 20
-45.6472
 11
96.312
 21
-45.6933
  0
LINE
  8
0
 10
96.312
 20
-45.6933
 11
96.2375
 21
-45.7364
  0
LINE
  8
0
 10
96.2375
 20
-45.7364
 11
96.1612
 21
-45.7759
  0
LINE
  8
0
 10
96.1612
 20
-45.7759
 11
96.0837
 21
-45.8127
  0
LINE
  8
0
 10
96.0837
 20
-45.8127
 11
96.0046
 21
-45.8457
  0
LINE
  8
0
 10
96.0046
 20
-45.8457
 11
95.924
 21
-45.8759
  0
LINE
  8
0
 10
95.924
 20
-45.8759
 11
95.8422
 21
-45.9022
  0
LINE
  8
0
 10
95.8422
 20
-45.9022
 11
95.7597
 21
-45.9255
  0
LINE
  8
0
 10
95.7597
 20
-45.9255
 11
95.6759
 21
-45.9449
  0
LINE
  8
0
 10
95.6759
 20
-45.9449
 11
95.5918
 21
-45.9611
  0
LINE
  8
0
 10
95.5918
 20
-45.9611
 11
95.5066
 21
-45.9736
  0
LINE
  8
0
 10
95.5066
 20
-45.9736
 11
95.4213
 21
-45.9825
  0
LINE
  8
0
 10
95.4213
 20
-45.9825
 11
95.3357
 21
-45.9879
  0
LINE
  8
0
 10
95.3357
 20
-45.9879
 11
95.25
 21
-45.9898
  0
LINE
  8
0
 10
95.25
 20
-45.9898
 11
95.164
 21
-45.9879
  0
LINE
  8
0
 10
86.3168
 20
-50.0493
 11
86.2312
 21
-50.0458
  0
LINE
  8
0
 10
86.2312
 20
-50.0458
 11
86.1455
 21
-50.0384
  0
LINE
  8
0
 10
86.1455
 20
-50.0384
 11
86.0603
 21
-50.028
  0
LINE
  8
0
 10
86.0603
 20
-50.028
 11
85.9758
 21
-50.0136
  0
LINE
  8
0
 10
85.9758
 20
-50.0136
 11
85.8917
 21
-49.9958
  0
LINE
  8
0
 10
85.8917
 20
-49.9958
 11
85.8083
 21
-49.9745
  0
LINE
  8
0
 10
85.8083
 20
-49.9745
 11
85.7262
 21
-49.9497
  0
LINE
  8
0
 10
85.7262
 20
-49.9497
 11
85.6452
 21
-49.9214
  0
LINE
  8
0
 10
85.6452
 20
-49.9214
 11
85.5653
 21
-49.8896
  0
LINE
  8
0
 10
85.5653
 20
-49.8896
 11
85.487
 21
-49.8547
  0
LINE
  8
0
 10
85.487
 20
-49.8547
 11
85.4099
 21
-49.8163
  0
LINE
  8
0
 10
85.4099
 20
-49.8163
 11
85.3347
 21
-49.7753
  0
LINE
  8
0
 10
85.3347
 20
-49.7753
 11
85.2615
 21
-49.7307
  0
LINE
  8
0
 10
85.2615
 20
-49.7307
 11
85.1898
 21
-49.683
  0
LINE
  8
0
 10
85.1898
 20
-49.683
 11
85.1204
 21
-49.6326
  0
LINE
  8
0
 10
85.1204
 20
-49.6326
 11
85.0529
 21
-49.5795
  0
LINE
  8
0
 10
85.0529
 20
-49.5795
 11
84.9882
 21
-49.5233
  0
LINE
  8
0
 10
84.9882
 20
-49.5233
 11
84.9254
 21
-49.4644
  0
LINE
  8
0
 10
84.9254
 20
-49.4644
 11
84.8654
 21
-49.4032
  0
LINE
  8
0
 10
84.8654
 20
-49.4032
 11
84.808
 21
-49.3392
  0
LINE
  8
0
 10
84.808
 20
-49.3392
 11
84.7534
 21
-49.2733
  0
LINE
  8
0
 10
84.7534
 20
-49.2733
 11
84.7014
 21
-49.2047
  0
LINE
  8
0
 10
84.7014
 20
-49.2047
 11
84.6522
 21
-49.1342
  0
LINE
  8
0
 10
84.6522
 20
-49.1342
 11
84.6065
 21
-49.0617
  0
LINE
  8
0
 10
84.6065
 20
-49.0617
 11
84.5634
 21
-48.9873
  0
LINE
  8
0
 10
84.5634
 20
-48.9873
 11
84.5235
 21
-48.9114
  0
LINE
  8
0
 10
84.5235
 20
-48.9114
 11
84.4871
 21
-48.8335
  0
LINE
  8
0
 10
84.4871
 20
-48.8335
 11
84.4538
 21
-48.7544
  0
LINE
  8
0
 10
84.4538
 20
-48.7544
 11
84.4239
 21
-48.6742
  0
LINE
  8
0
 10
84.4239
 20
-48.6742
 11
84.3972
 21
-48.5924
  0
LINE
  8
0
 10
84.3972
 20
-48.5924
 11
84.3743
 21
-48.5094
  0
LINE
  8
0
 10
84.3743
 20
-48.5094
 11
84.3545
 21
-48.4261
  0
LINE
  8
0
 10
84.3545
 20
-48.4261
 11
84.3387
 21
-48.3416
  0
LINE
  8
0
 10
84.3387
 20
-48.3416
 11
84.3259
 21
-48.2567
  0
LINE
  8
0
 10
84.3259
 20
-48.2567
 11
84.3169
 21
-48.1715
  0
LINE
  8
0
 10
84.3169
 20
-48.1715
 11
84.3115
 21
-48.0858
  0
LINE
  8
0
 10
84.3115
 20
-48.0858
 11
84.31
 21
-47.9998
  0
LINE
  8
0
 10
84.31
 20
-47.9998
 11
84.3115
 21
-47.9141
  0
LINE
  8
0
 10
84.3115
 20
-47.9141
 11
84.3169
 21
-47.8281
  0
LINE
  8
0
 10
84.3169
 20
-47.8281
 11
84.3259
 21
-47.7428
  0
LINE
  8
0
 10
84.3259
 20
-47.7428
 11
84.3387
 21
-47.6579
  0
LINE
  8
0
 10
84.3387
 20
-47.6579
 11
84.3545
 21
-47.5735
  0
LINE
  8
0
 10
84.3545
 20
-47.5735
 11
84.3743
 21
-47.4901
  0
LINE
  8
0
 10
84.3743
 20
-47.4901
 11
84.3972
 21
-47.4072
  0
LINE
  8
0
 10
84.3972
 20
-47.4072
 11
84.4239
 21
-47.3258
  0
LINE
  8
0
 10
84.4239
 20
-47.3258
 11
84.4538
 21
-47.2452
  0
LINE
  8
0
 10
84.4538
 20
-47.2452
 11
84.4871
 21
-47.1661
  0
LINE
  8
0
 10
84.4871
 20
-47.1661
 11
84.5235
 21
-47.0882
  0
LINE
  8
0
 10
84.5235
 20
-47.0882
 11
84.5634
 21
-47.0122
  0
LINE
  8
0
 10
84.5634
 20
-47.0122
 11
84.6065
 21
-46.9378
  0
LINE
  8
0
 10
84.6065
 20
-46.9378
 11
84.6522
 21
-46.8654
  0
LINE
  8
0
 10
84.6522
 20
-46.8654
 11
84.7014
 21
-46.7948
  0
LINE
  8
0
 10
84.7014
 20
-46.7948
 11
84.7534
 21
-46.7266
  0
LINE
  8
0
 10
84.7534
 20
-46.7266
 11
84.808
 21
-46.6603
  0
LINE
  8
0
 10
84.808
 20
-46.6603
 11
84.8654
 21
-46.5964
  0
LINE
  8
0
 10
84.8654
 20
-46.5964
 11
84.9254
 21
-46.5351
  0
LINE
  8
0
 10
84.9254
 20
-46.5351
 11
84.9882
 21
-46.4762
  0
LINE
  8
0
 10
84.9882
 20
-46.4762
 11
85.0529
 21
-46.4204
  0
LINE
  8
0
 10
85.0529
 20
-46.4204
 11
85.1204
 21
-46.3669
  0
LINE
  8
0
 10
85.1204
 20
-46.3669
 11
85.1898
 21
-46.3166
  0
LINE
  8
0
 10
85.1898
 20
-46.3166
 11
85.2615
 21
-46.2689
  0
LINE
  8
0
 10
85.2615
 20
-46.2689
 11
85.3347
 21
-46.2243
  0
LINE
  8
0
 10
85.3347
 20
-46.2243
 11
85.4099
 21
-46.1832
  0
LINE
  8
0
 10
85.4099
 20
-46.1832
 11
85.487
 21
-46.1449
  0
LINE
  8
0
 10
85.487
 20
-46.1449
 11
85.5653
 21
-46.11
  0
LINE
  8
0
 10
85.5653
 20
-46.11
 11
85.6452
 21
-46.0782
  0
LINE
  8
0
 10
85.6452
 20
-46.0782
 11
85.7262
 21
-46.0503
  0
LINE
  8
0
 10
85.7262
 20
-46.0503
 11
85.8083
 21
-46.0255
  0
LINE
  8
0
 10
85.8083
 20
-46.0255
 11
85.8917
 21
-46.0038
  0
LINE
  8
0
 10
85.8917
 20
-46.0038
 11
85.9758
 21
-45.986
  0
LINE
  8
0
 10
85.9758
 20
-45.986
 11
86.0603
 21
-45.9716
  0
LINE
  8
0
 10
86.0603
 20
-45.9716
 11
86.1455
 21
-45.9611
  0
LINE
  8
0
 10
86.1455
 20
-45.9611
 11
86.2312
 21
-45.9538
  0
LINE
  8
0
 10
86.2312
 20
-45.9538
 11
86.3168
 21
-45.9503
  0
LINE
  8
0
 10
86.3168
 20
-45.9503
 11
86.4029
 21
-45.9503
  0
LINE
  8
0
 10
86.4029
 20
-45.9503
 11
86.4885
 21
-45.9538
  0
LINE
  8
0
 10
86.4885
 20
-45.9538
 11
86.5742
 21
-45.9611
  0
LINE
  8
0
 10
86.5742
 20
-45.9611
 11
86.6594
 21
-45.9716
  0
LINE
  8
0
 10
86.6594
 20
-45.9716
 11
86.7439
 21
-45.986
  0
LINE
  8
0
 10
86.7439
 20
-45.986
 11
86.828
 21
-46.0038
  0
LINE
  8
0
 10
86.828
 20
-46.0038
 11
86.911
 21
-46.0255
  0
LINE
  8
0
 10
86.911
 20
-46.0255
 11
86.9931
 21
-46.0503
  0
LINE
  8
0
 10
86.9931
 20
-46.0503
 11
87.0745
 21
-46.0782
  0
LINE
  8
0
 10
87.0745
 20
-46.0782
 11
87.1544
 21
-46.11
  0
LINE
  8
0
 10
87.1544
 20
-46.11
 11
87.2327
 21
-46.1449
  0
LINE
  8
0
 10
87.2327
 20
-46.1449
 11
87.3094
 21
-46.1832
  0
LINE
  8
0
 10
87.3094
 20
-46.1832
 11
87.385
 21
-46.2243
  0
LINE
  8
0
 10
87.385
 20
-46.2243
 11
87.4582
 21
-46.2689
  0
LINE
  8
0
 10
87.4582
 20
-46.2689
 11
87.5299
 21
-46.3166
  0
LINE
  8
0
 10
87.5299
 20
-46.3166
 11
87.5993
 21
-46.3669
  0
LINE
  8
0
 10
87.5993
 20
-46.3669
 11
87.6664
 21
-46.4204
  0
LINE
  8
0
 10
87.6664
 20
-46.4204
 11
87.7315
 21
-46.4762
  0
LINE
  8
0
 10
87.7315
 20
-46.4762
 11
87.7943
 21
-46.5351
  0
LINE
  8
0
 10
87.7943
 20
-46.5351
 11
87.8543
 21
-46.5964
  0
LINE
  8
0
 10
87.8543
 20
-46.5964
 11
87.9117
 21
-46.6603
  0
LINE
  8
0
 10
87.9117
 20
-46.6603
 11
87.9663
 21
-46.7266
  0
LINE
  8
0
 10
87.9663
 20
-46.7266
 11
88.0183
 21
-46.7948
  0
LINE
  8
0
 10
88.0183
 20
-46.7948
 11
88.0675
 21
-46.8654
  0
LINE
  8
0
 10
88.0675
 20
-46.8654
 11
88.1132
 21
-46.9378
  0
LINE
  8
0
 10
88.1132
 20
-46.9378
 11
88.1562
 21
-47.0122
  0
LINE
  8
0
 10
88.1562
 20
-47.0122
 11
88.1962
 21
-47.0882
  0
LINE
  8
0
 10
88.1962
 20
-47.0882
 11
88.2326
 21
-47.1661
  0
LINE
  8
0
 10
88.2326
 20
-47.1661
 11
88.2659
 21
-47.2452
  0
LINE
  8
0
 10
88.2659
 20
-47.2452
 11
88.2958
 21
-47.3258
  0
LINE
  8
0
 10
88.2958
 20
-47.3258
 11
88.3221
 21
-47.4072
  0
LINE
  8
0
 10
88.3221
 20
-47.4072
 11
88.3454
 21
-47.4901
  0
LINE
  8
0
 10
88.3454
 20
-47.4901
 11
88.3651
 21
-47.5735
  0
LINE
  8
0
 10
88.3651
 20
-47.5735
 11
88.381
 21
-47.6579
  0
LINE
  8
0
 10
88.381
 20
-47.6579
 11
88.3938
 21
-47.7428
  0
LINE
  8
0
 10
88.3938
 20
-47.7428
 11
88.4027
 21
-47.8281
  0
LINE
  8
0
 10
88.4027
 20
-47.8281
 11
88.4082
 21
-47.9141
  0
LINE
  8
0
 10
88.4082
 20
-47.9141
 11
88.4097
 21
-47.9998
  0
LINE
  8
0
 10
88.4097
 20
-47.9998
 11
88.4082
 21
-48.0858
  0
LINE
  8
0
 10
88.4082
 20
-48.0858
 11
88.4027
 21
-48.1715
  0
LINE
  8
0
 10
88.4027
 20
-48.1715
 11
88.3938
 21
-48.2567
  0
LINE
  8
0
 10
88.3938
 20
-48.2567
 11
88.381
 21
-48.3416
  0
LINE
  8
0
 10
88.381
 20
-48.3416
 11
88.3651
 21
-48.4261
  0
LINE
  8
0
 10
88.3651
 20
-48.4261
 11
88.3454
 21
-48.5094
  0
LINE
  8
0
 10
88.3454
 20
-48.5094
 11
88.3221
 21
-48.5924
  0
LINE
  8
0
 10
88.3221
 20
-48.5924
 11
88.2958
 21
-48.6742
  0
LINE
  8
0
 10
88.2958
 20
-48.6742
 11
88.2659
 21
-48.7544
  0
LINE
  8
0
 10
88.2659
 20
-48.7544
 11
88.2326
 21
-48.8335
  0
LINE
  8
0
 10
88.2326
 20
-48.8335
 11
88.1962
 21
-48.9114
  0
LINE
  8
0
 10
88.1962
 20
-48.9114
 11
88.1562
 21
-48.9873
  0
LINE
  8
0
 10
88.1562
 20
-48.9873
 11
88.1132
 21
-49.0617
  0
LINE
  8
0
 10
88.1132
 20
-49.0617
 11
88.0675
 21
-49.1342
  0
LINE
  8
0
 10
88.0675
 20
-49.1342
 11
88.0183
 21
-49.2047
  0
LINE
  8
0
 10
88.0183
 20
-49.2047
 11
87.9663
 21
-49.2733
  0
LINE
  8
0
 10
87.9663
 20
-49.2733
 11
87.9117
 21
-49.3392
  0
LINE
  8
0
 10
87.9117
 20
-49.3392
 11
87.8543
 21
-49.4032
  0
LINE
  8
0
 10
87.8543
 20
-49.4032
 11
87.7943
 21
-49.4644
  0
LINE
  8
0
 10
87.7943
 20
-49.4644
 11
87.7315
 21
-49.5233
  0
LINE
  8
0
 10
87.7315
 20
-49.5233
 11
87.6664
 21
-49.5795
  0
LINE
  8
0
 10
87.6664
 20
-49.5795
 11
87.5993
 21
-49.6326
  0
LINE
  8
0
 10
87.5993
 20
-49.6326
 11
87.5299
 21
-49.683
  0
LINE
  8
0
 10
87.5299
 20
-49.683
 11
87.4582
 21
-49.7307
  0
LINE
  8
0
 10
87.4582
 20
-49.7307
 11
87.385
 21
-49.7753
  0
LINE
  8
0
 10
87.385
 20
-49.7753
 11
87.3094
 21
-49.8163
  0
LINE
  8
0
 10
87.3094
 20
-49.8163
 11
87.2327
 21
-49.8547
  0
LINE
  8
0
 10
87.2327
 20
-49.8547
 11
87.1544
 21
-49.8896
  0
LINE
  8
0
 10
87.1544
 20
-49.8896
 11
87.0745
 21
-49.9214
  0
LINE
  8
0
 10
87.0745
 20
-49.9214
 11
86.9931
 21
-49.9497
  0
LINE
  8
0
 10
86.9931
 20
-49.9497
 11
86.911
 21
-49.9745
  0
LINE
  8
0
 10
86.911
 20
-49.9745
 11
86.828
 21
-49.9958
  0
LINE
  8
0
 10
86.828
 20
-49.9958
 11
86.7439
 21
-50.0136
  0
LINE
  8
0
 10
86.7439
 20
-50.0136
 11
86.6594
 21
-50.028
  0
LINE
  8
0
 10
86.6594
 20
-50.028
 11
86.5742
 21
-50.0384
  0
LINE
  8
0
 10
86.5742
 20
-50.0384
 11
86.4885
 21
-50.0458
  0
LINE
  8
0
 10
86.4885
 20
-50.0458
 11
86.4029
 21
-50.0493
  0
LINE
  8
0
 10
86.4029
 20
-50.0493
 11
86.3168
 21
-50.0493
  0
LINE
  8
0
 10
9.22696
 20
-50.0493
 11
9.14091
 21
-50.0458
  0
LINE
  8
0
 10
9.14091
 20
-50.0458
 11
9.05565
 21
-50.0384
  0
LINE
  8
0
 10
9.05565
 20
-50.0384
 11
8.97038
 21
-50.028
  0
LINE
  8
0
 10
8.97038
 20
-50.028
 11
8.8855
 21
-50.0136
  0
LINE
  8
0
 10
8.8855
 20
-50.0136
 11
8.80179
 21
-49.9958
  0
LINE
  8
0
 10
8.80179
 20
-49.9958
 11
8.71846
 21
-49.9745
  0
LINE
  8
0
 10
8.71846
 20
-49.9745
 11
8.63629
 21
-49.9497
  0
LINE
  8
0
 10
8.63629
 20
-49.9497
 11
8.55529
 21
-49.9214
  0
LINE
  8
0
 10
8.55529
 20
-49.9214
 11
8.47545
 21
-49.8896
  0
LINE
  8
0
 10
8.47545
 20
-49.8896
 11
8.39677
 21
-49.8547
  0
LINE
  8
0
 10
8.39677
 20
-49.8547
 11
8.32003
 21
-49.8163
  0
LINE
  8
0
 10
8.32003
 20
-49.8163
 11
8.24485
 21
-49.7753
  0
LINE
  8
0
 10
8.24485
 20
-49.7753
 11
8.17121
 21
-49.7307
  0
LINE
  8
0
 10
8.17121
 20
-49.7307
 11
8.09989
 21
-49.683
  0
LINE
  8
0
 10
8.09989
 20
-49.683
 11
8.03052
 21
-49.6326
  0
LINE
  8
0
 10
8.03052
 20
-49.6326
 11
7.96308
 21
-49.5795
  0
LINE
  8
0
 10
7.96308
 20
-49.5795
 11
7.89797
 21
-49.5233
  0
LINE
  8
0
 10
7.89797
 20
-49.5233
 11
7.83557
 21
-49.4644
  0
LINE
  8
0
 10
7.83557
 20
-49.4644
 11
7.77549
 21
-49.4032
  0
LINE
  8
0
 10
7.77549
 20
-49.4032
 11
7.71813
 21
-49.3392
  0
LINE
  8
0
 10
7.71813
 20
-49.3392
 11
7.6631
 21
-49.2733
  0
LINE
  8
0
 10
7.6631
 20
-49.2733
 11
7.61116
 21
-49.2047
  0
LINE
  8
0
 10
7.61116
 20
-49.2047
 11
7.56233
 21
-49.1342
  0
LINE
  8
0
 10
7.56233
 20
-49.1342
 11
7.51621
 21
-49.0617
  0
LINE
  8
0
 10
7.51621
 20
-49.0617
 11
7.47319
 21
-48.9873
  0
LINE
  8
0
 10
7.47319
 20
-48.9873
 11
7.43365
 21
-48.9114
  0
LINE
  8
0
 10
7.43365
 20
-48.9114
 11
7.39722
 21
-48.8335
  0
LINE
  8
0
 10
7.39722
 20
-48.8335
 11
7.36389
 21
-48.7544
  0
LINE
  8
0
 10
7.36389
 20
-48.7544
 11
7.33366
 21
-48.6742
  0
LINE
  8
0
 10
7.33366
 20
-48.6742
 11
7.30731
 21
-48.5924
  0
LINE
  8
0
 10
7.30731
 20
-48.5924
 11
7.28405
 21
-48.5094
  0
LINE
  8
0
 10
7.28405
 20
-48.5094
 11
7.26467
 21
-48.4261
  0
LINE
  8
0
 10
7.26467
 20
-48.4261
 11
7.24839
 21
-48.3416
  0
LINE
  8
0
 10
7.24839
 20
-48.3416
 11
7.23599
 21
-48.2567
  0
LINE
  8
0
 10
7.23599
 20
-48.2567
 11
7.22708
 21
-48.1715
  0
LINE
  8
0
 10
7.22708
 20
-48.1715
 11
7.22165
 21
-48.0858
  0
LINE
  8
0
 10
7.22165
 20
-48.0858
 11
7.21971
 21
-47.9998
  0
LINE
  8
0
 10
7.21971
 20
-47.9998
 11
7.22165
 21
-47.9141
  0
LINE
  8
0
 10
7.22165
 20
-47.9141
 11
7.22708
 21
-47.8281
  0
LINE
  8
0
 10
7.22708
 20
-47.8281
 11
7.23599
 21
-47.7428
  0
LINE
  8
0
 10
7.23599
 20
-47.7428
 11
7.24839
 21
-47.6579
  0
LINE
  8
0
 10
7.24839
 20
-47.6579
 11
7.26467
 21
-47.5735
  0
LINE
  8
0
 10
7.26467
 20
-47.5735
 11
7.28405
 21
-47.4901
  0
LINE
  8
0
 10
7.28405
 20
-47.4901
 11
7.30731
 21
-47.4072
  0
LINE
  8
0
 10
7.30731
 20
-47.4072
 11
7.33366
 21
-47.3258
  0
LINE
  8
0
 10
7.33366
 20
-47.3258
 11
7.36389
 21
-47.2452
  0
LINE
  8
0
 10
7.36389
 20
-47.2452
 11
7.39722
 21
-47.1661
  0
LINE
  8
0
 10
7.39722
 20
-47.1661
 11
7.43365
 21
-47.0882
  0
LINE
  8
0
 10
7.43365
 20
-47.0882
 11
7.47319
 21
-47.0122
  0
LINE
  8
0
 10
7.47319
 20
-47.0122
 11
7.51621
 21
-46.9378
  0
LINE
  8
0
 10
7.51621
 20
-46.9378
 11
7.56233
 21
-46.8654
  0
LINE
  8
0
 10
7.56233
 20
-46.8654
 11
7.61116
 21
-46.7948
  0
LINE
  8
0
 10
7.61116
 20
-46.7948
 11
7.6631
 21
-46.7266
  0
LINE
  8
0
 10
7.6631
 20
-46.7266
 11
7.71813
 21
-46.6603
  0
LINE
  8
0
 10
7.71813
 20
-46.6603
 11
7.77549
 21
-46.5964
  0
LINE
  8
0
 10
7.77549
 20
-46.5964
 11
7.83557
 21
-46.5351
  0
LINE
  8
0
 10
7.83557
 20
-46.5351
 11
7.89797
 21
-46.4762
  0
LINE
  8
0
 10
7.89797
 20
-46.4762
 11
7.96308
 21
-46.4204
  0
LINE
  8
0
 10
7.96308
 20
-46.4204
 11
8.03052
 21
-46.3669
  0
LINE
  8
0
 10
8.03052
 20
-46.3669
 11
8.09989
 21
-46.3166
  0
LINE
  8
0
 10
8.09989
 20
-46.3166
 11
8.17121
 21
-46.2689
  0
LINE
  8
0
 10
8.17121
 20
-46.2689
 11
8.24485
 21
-46.2243
  0
LINE
  8
0
 10
8.24485
 20
-46.2243
 11
8.32003
 21
-46.1832
  0
LINE
  8
0
 10
8.32003
 20
-46.1832
 11
8.39677
 21
-46.1449
  0
LINE
  8
0
 10
8.39677
 20
-46.1449
 11
8.47545
 21
-46.11
  0
LINE
  8
0
 10
8.47545
 20
-46.11
 11
8.55529
 21
-46.0782
  0
LINE
  8
0
 10
8.55529
 20
-46.0782
 11
8.63629
 21
-46.0503
  0
LINE
  8
0
 10
8.63629
 20
-46.0503
 11
8.71846
 21
-46.0255
  0
LINE
  8
0
 10
8.71846
 20
-46.0255
 11
8.80179
 21
-46.0038
  0
LINE
  8
0
 10
8.80179
 20
-46.0038
 11
8.8855
 21
-45.986
  0
LINE
  8
0
 10
8.8855
 20
-45.986
 11
8.97038
 21
-45.9716
  0
LINE
  8
0
 10
8.97038
 20
-45.9716
 11
9.05565
 21
-45.9611
  0
LINE
  8
0
 10
9.05565
 20
-45.9611
 11
9.14091
 21
-45.9538
  0
LINE
  8
0
 10
9.14091
 20
-45.9538
 11
9.22696
 21
-45.9503
  0
LINE
  8
0
 10
9.22696
 20
-45.9503
 11
9.31261
 21
-45.9503
  0
LINE
  8
0
 10
9.31261
 20
-45.9503
 11
9.39865
 21
-45.9538
  0
LINE
  8
0
 10
9.39865
 20
-45.9538
 11
9.48392
 21
-45.9611
  0
LINE
  8
0
 10
9.48392
 20
-45.9611
 11
9.56918
 21
-45.9716
  0
LINE
  8
0
 10
9.56918
 20
-45.9716
 11
9.65406
 21
-45.986
  0
LINE
  8
0
 10
9.65406
 20
-45.986
 11
9.73778
 21
-46.0038
  0
LINE
  8
0
 10
9.73778
 20
-46.0038
 11
9.82111
 21
-46.0255
  0
LINE
  8
0
 10
9.82111
 20
-46.0255
 11
9.90327
 21
-46.0503
  0
LINE
  8
0
 10
9.90327
 20
-46.0503
 11
9.98427
 21
-46.0782
  0
LINE
  8
0
 10
9.98427
 20
-46.0782
 11
10.0641
 21
-46.11
  0
LINE
  8
0
 10
10.0641
 20
-46.11
 11
10.1428
 21
-46.1449
  0
LINE
  8
0
 10
10.1428
 20
-46.1449
 11
10.2195
 21
-46.1832
  0
LINE
  8
0
 10
10.2195
 20
-46.1832
 11
10.2947
 21
-46.2243
  0
LINE
  8
0
 10
10.2947
 20
-46.2243
 11
10.3684
 21
-46.2689
  0
LINE
  8
0
 10
10.3684
 20
-46.2689
 11
10.4397
 21
-46.3166
  0
LINE
  8
0
 10
10.4397
 20
-46.3166
 11
10.509
 21
-46.3669
  0
LINE
  8
0
 10
10.509
 20
-46.3669
 11
10.5765
 21
-46.4204
  0
LINE
  8
0
 10
10.5765
 20
-46.4204
 11
10.6416
 21
-46.4762
  0
LINE
  8
0
 10
10.6416
 20
-46.4762
 11
10.704
 21
-46.5351
  0
LINE
  8
0
 10
10.704
 20
-46.5351
 11
10.7641
 21
-46.5964
  0
LINE
  8
0
 10
10.7641
 20
-46.5964
 11
10.8218
 21
-46.6603
  0
LINE
  8
0
 10
10.8218
 20
-46.6603
 11
10.8765
 21
-46.7266
  0
LINE
  8
0
 10
10.8765
 20
-46.7266
 11
10.9284
 21
-46.7948
  0
LINE
  8
0
 10
10.9284
 20
-46.7948
 11
10.9772
 21
-46.8654
  0
LINE
  8
0
 10
10.9772
 20
-46.8654
 11
11.0234
 21
-46.9378
  0
LINE
  8
0
 10
11.0234
 20
-46.9378
 11
11.0664
 21
-47.0122
  0
LINE
  8
0
 10
11.0664
 20
-47.0122
 11
11.1059
 21
-47.0882
  0
LINE
  8
0
 10
11.1059
 20
-47.0882
 11
11.1427
 21
-47.1661
  0
LINE
  8
0
 10
11.1427
 20
-47.1661
 11
11.1757
 21
-47.2452
  0
LINE
  8
0
 10
11.1757
 20
-47.2452
 11
11.2059
 21
-47.3258
  0
LINE
  8
0
 10
11.2059
 20
-47.3258
 11
11.2323
 21
-47.4072
  0
LINE
  8
0
 10
11.2323
 20
-47.4072
 11
11.2555
 21
-47.4901
  0
LINE
  8
0
 10
11.2555
 20
-47.4901
 11
11.2749
 21
-47.5735
  0
LINE
  8
0
 10
11.2749
 20
-47.5735
 11
11.2912
 21
-47.6579
  0
LINE
  8
0
 10
11.2912
 20
-47.6579
 11
11.3036
 21
-47.7428
  0
LINE
  8
0
 10
11.3036
 20
-47.7428
 11
11.3125
 21
-47.8281
  0
LINE
  8
0
 10
11.3125
 20
-47.8281
 11
11.3179
 21
-47.9141
  0
LINE
  8
0
 10
11.3179
 20
-47.9141
 11
11.3199
 21
-47.9998
  0
LINE
  8
0
 10
11.3199
 20
-47.9998
 11
11.3179
 21
-48.0858
  0
LINE
  8
0
 10
11.3179
 20
-48.0858
 11
11.3125
 21
-48.1715
  0
LINE
  8
0
 10
11.3125
 20
-48.1715
 11
11.3036
 21
-48.2567
  0
LINE
  8
0
 10
11.3036
 20
-48.2567
 11
11.2912
 21
-48.3416
  0
LINE
  8
0
 10
11.2912
 20
-48.3416
 11
11.2749
 21
-48.4261
  0
LINE
  8
0
 10
11.2749
 20
-48.4261
 11
11.2555
 21
-48.5094
  0
LINE
  8
0
 10
11.2555
 20
-48.5094
 11
11.2323
 21
-48.5924
  0
LINE
  8
0
 10
11.2323
 20
-48.5924
 11
11.2059
 21
-48.6742
  0
LINE
  8
0
 10
11.2059
 20
-48.6742
 11
11.1757
 21
-48.7544
  0
LINE
  8
0
 10
11.1757
 20
-48.7544
 11
11.1427
 21
-48.8335
  0
LINE
  8
0
 10
11.1427
 20
-48.8335
 11
11.1059
 21
-48.9114
  0
LINE
  8
0
 10
11.1059
 20
-48.9114
 11
11.0664
 21
-48.9873
  0
LINE
  8
0
 10
11.0664
 20
-48.9873
 11
11.0234
 21
-49.0617
  0
LINE
  8
0
 10
11.0234
 20
-49.0617
 11
10.9772
 21
-49.1342
  0
LINE
  8
0
 10
10.9772
 20
-49.1342
 11
10.9284
 21
-49.2047
  0
LINE
  8
0
 10
10.9284
 20
-49.2047
 11
10.8765
 21
-49.2733
  0
LINE
  8
0
 10
10.8765
 20
-49.2733
 11
10.8218
 21
-49.3392
  0
LINE
  8
0
 10
10.8218
 20
-49.3392
 11
10.7641
 21
-49.4032
  0
LINE
  8
0
 10
10.7641
 20
-49.4032
 11
10.704
 21
-49.4644
  0
LINE
  8
0
 10
10.704
 20
-49.4644
 11
10.6416
 21
-49.5233
  0
LINE
  8
0
 10
10.6416
 20
-49.5233
 11
10.5765
 21
-49.5795
  0
LINE
  8
0
 10
10.5765
 20
-49.5795
 11
10.509
 21
-49.6326
  0
LINE
  8
0
 10
10.509
 20
-49.6326
 11
10.4397
 21
-49.683
  0
LINE
  8
0
 10
10.4397
 20
-49.683
 11
10.3684
 21
-49.7307
  0
LINE
  8
0
 10
10.3684
 20
-49.7307
 11
10.2947
 21
-49.7753
  0
LINE
  8
0
 10
10.2947
 20
-49.7753
 11
10.2195
 21
-49.8163
  0
LINE
  8
0
 10
10.2195
 20
-49.8163
 11
10.1428
 21
-49.8547
  0
LINE
  8
0
 10
10.1428
 20
-49.8547
 11
10.0641
 21
-49.8896
  0
LINE
  8
0
 10
10.0641
 20
-49.8896
 11
9.98427
 21
-49.9214
  0
LINE
  8
0
 10
9.98427
 20
-49.9214
 11
9.90327
 21
-49.9497
  0
LINE
  8
0
 10
9.90327
 20
-49.9497
 11
9.82111
 21
-49.9745
  0
LINE
  8
0
 10
9.82111
 20
-49.9745
 11
9.73778
 21
-49.9958
  0
LINE
  8
0
 10
9.73778
 20
-49.9958
 11
9.65406
 21
-50.0136
  0
LINE
  8
0
 10
9.65406
 20
-50.0136
 11
9.56918
 21
-50.028
  0
LINE
  8
0
 10
9.56918
 20
-50.028
 11
9.48392
 21
-50.0384
  0
LINE
  8
0
 10
9.48392
 20
-50.0384
 11
9.39865
 21
-50.0458
  0
LINE
  8
0
 10
9.39865
 20
-50.0458
 11
9.31261
 21
-50.0493
  0
LINE
  8
0
 10
9.31261
 20
-50.0493
 11
9.22696
 21
-50.0493
  0
LINE
  8
0
 10
95.164
 20
-53.9882
 11
95.0783
 21
-53.9828
  0
LINE
  8
0
 10
95.0783
 20
-53.9828
 11
94.993
 21
-53.9734
  0
LINE
  8
0
 10
94.993
 20
-53.9734
 11
94.9078
 21
-53.961
  0
LINE
  8
0
 10
94.9078
 20
-53.961
 11
94.8237
 21
-53.9452
  0
LINE
  8
0
 10
94.8237
 20
-53.9452
 11
94.74
 21
-53.9254
  0
LINE
  8
0
 10
94.74
 20
-53.9254
 11
94.6574
 21
-53.9021
  0
LINE
  8
0
 10
94.6574
 20
-53.9021
 11
94.5756
 21
-53.8758
  0
LINE
  8
0
 10
94.5756
 20
-53.8758
 11
94.495
 21
-53.8459
  0
LINE
  8
0
 10
94.495
 20
-53.8459
 11
94.4159
 21
-53.8126
  0
LINE
  8
0
 10
94.4159
 20
-53.8126
 11
94.3384
 21
-53.7762
  0
LINE
  8
0
 10
94.3384
 20
-53.7762
 11
94.2621
 21
-53.7363
  0
LINE
  8
0
 10
94.2621
 20
-53.7363
 11
94.188
 21
-53.6932
  0
LINE
  8
0
 10
94.188
 20
-53.6932
 11
94.1152
 21
-53.6471
  0
LINE
  8
0
 10
94.1152
 20
-53.6471
 11
94.045
 21
-53.5983
  0
LINE
  8
0
 10
94.045
 20
-53.5983
 11
93.9764
 21
-53.5463
  0
LINE
  8
0
 10
93.9764
 20
-53.5463
 11
93.9102
 21
-53.4917
  0
LINE
  8
0
 10
93.9102
 20
-53.4917
 11
93.8466
 21
-53.4343
  0
LINE
  8
0
 10
93.8466
 20
-53.4343
 11
93.785
 21
-53.3743
  0
LINE
  8
0
 10
93.785
 20
-53.3743
 11
93.7264
 21
-53.3115
  0
LINE
  8
0
 10
93.7264
 20
-53.3115
 11
93.6703
 21
-53.2464
  0
LINE
  8
0
 10
93.6703
 20
-53.2464
 11
93.6168
 21
-53.1793
  0
LINE
  8
0
 10
93.6168
 20
-53.1793
 11
93.5664
 21
-53.1099
  0
LINE
  8
0
 10
93.5664
 20
-53.1099
 11
93.5191
 21
-53.0382
  0
LINE
  8
0
 10
93.5191
 20
-53.0382
 11
93.4745
 21
-52.965
  0
LINE
  8
0
 10
93.4745
 20
-52.965
 11
93.4331
 21
-52.8894
  0
LINE
  8
0
 10
93.4331
 20
-52.8894
 11
93.3951
 21
-52.8127
  0
LINE
  8
0
 10
93.3951
 20
-52.8127
 11
93.3602
 21
-52.7344
  0
LINE
  8
0
 10
93.3602
 20
-52.7344
 11
93.3284
 21
-52.6545
  0
LINE
  8
0
 10
93.3284
 20
-52.6545
 11
93.3001
 21
-52.5731
  0
LINE
  8
0
 10
93.3001
 20
-52.5731
 11
93.2753
 21
-52.491
  0
LINE
  8
0
 10
93.2753
 20
-52.491
 11
93.254
 21
-52.408
  0
LINE
  8
0
 10
93.254
 20
-52.408
 11
93.2362
 21
-52.3239
  0
LINE
  8
0
 10
93.2362
 20
-52.3239
 11
93.2218
 21
-52.2394
  0
LINE
  8
0
 10
93.2218
 20
-52.2394
 11
93.211
 21
-52.1542
  0
LINE
  8
0
 10
93.211
 20
-52.1542
 11
93.204
 21
-52.0685
  0
LINE
  8
0
 10
93.204
 20
-52.0685
 11
93.2001
 21
-51.9829
  0
LINE
  8
0
 10
93.2001
 20
-51.9829
 11
93.2001
 21
-51.8968
  0
LINE
  8
0
 10
93.2001
 20
-51.8968
 11
93.204
 21
-51.8112
  0
LINE
  8
0
 10
93.204
 20
-51.8112
 11
93.211
 21
-51.7255
  0
LINE
  8
0
 10
93.211
 20
-51.7255
 11
93.2218
 21
-51.6403
  0
LINE
  8
0
 10
93.2218
 20
-51.6403
 11
93.2362
 21
-51.5558
  0
LINE
  8
0
 10
93.2362
 20
-51.5558
 11
93.254
 21
-51.4717
  0
LINE
  8
0
 10
93.254
 20
-51.4717
 11
93.2753
 21
-51.3883
  0
LINE
  8
0
 10
93.2753
 20
-51.3883
 11
93.3001
 21
-51.3062
  0
LINE
  8
0
 10
93.3001
 20
-51.3062
 11
93.3284
 21
-51.2252
  0
LINE
  8
0
 10
93.3284
 20
-51.2252
 11
93.3602
 21
-51.1453
  0
LINE
  8
0
 10
93.3602
 20
-51.1453
 11
93.3951
 21
-51.067
  0
LINE
  8
0
 10
93.3951
 20
-51.067
 11
93.4331
 21
-50.9899
  0
LINE
  8
0
 10
93.4331
 20
-50.9899
 11
93.4745
 21
-50.9147
  0
LINE
  8
0
 10
93.4745
 20
-50.9147
 11
93.5191
 21
-50.8415
  0
LINE
  8
0
 10
93.5191
 20
-50.8415
 11
93.5664
 21
-50.7698
  0
LINE
  8
0
 10
93.5664
 20
-50.7698
 11
93.6168
 21
-50.7004
  0
LINE
  8
0
 10
93.6168
 20
-50.7004
 11
93.6703
 21
-50.633
  0
LINE
  8
0
 10
93.6703
 20
-50.633
 11
93.7264
 21
-50.5682
  0
LINE
  8
0
 10
93.7264
 20
-50.5682
 11
93.785
 21
-50.5054
  0
LINE
  8
0
 10
93.785
 20
-50.5054
 11
93.8466
 21
-50.4454
  0
LINE
  8
0
 10
93.8466
 20
-50.4454
 11
93.9102
 21
-50.388
  0
LINE
  8
0
 10
93.9102
 20
-50.388
 11
93.9764
 21
-50.3334
  0
LINE
  8
0
 10
93.9764
 20
-50.3334
 11
94.045
 21
-50.2814
  0
LINE
  8
0
 10
94.045
 20
-50.2814
 11
94.1152
 21
-50.2322
  0
LINE
  8
0
 10
94.1152
 20
-50.2322
 11
94.188
 21
-50.1865
  0
LINE
  8
0
 10
94.188
 20
-50.1865
 11
94.2621
 21
-50.1435
  0
LINE
  8
0
 10
94.2621
 20
-50.1435
 11
94.3384
 21
-50.1035
  0
LINE
  8
0
 10
94.3384
 20
-50.1035
 11
94.4159
 21
-50.0671
  0
LINE
  8
0
 10
94.4159
 20
-50.0671
 11
94.495
 21
-50.0338
  0
LINE
  8
0
 10
94.495
 20
-50.0338
 11
94.5756
 21
-50.0039
  0
LINE
  8
0
 10
94.5756
 20
-50.0039
 11
94.6574
 21
-49.9772
  0
LINE
  8
0
 10
94.6574
 20
-49.9772
 11
94.74
 21
-49.9543
  0
LINE
  8
0
 10
94.74
 20
-49.9543
 11
94.8237
 21
-49.9345
  0
LINE
  8
0
 10
94.8237
 20
-49.9345
 11
94.9078
 21
-49.9187
  0
LINE
  8
0
 10
94.9078
 20
-49.9187
 11
94.993
 21
-49.9059
  0
LINE
  8
0
 10
94.993
 20
-49.9059
 11
95.0783
 21
-49.897
  0
LINE
  8
0
 10
95.0783
 20
-49.897
 11
95.164
 21
-49.8915
  0
LINE
  8
0
 10
95.164
 20
-49.8915
 11
95.25
 21
-49.89
  0
LINE
  8
0
 10
95.25
 20
-49.89
 11
95.3357
 21
-49.8915
  0
LINE
  8
0
 10
95.3357
 20
-49.8915
 11
95.4213
 21
-49.897
  0
LINE
  8
0
 10
95.4213
 20
-49.897
 11
95.5066
 21
-49.9059
  0
LINE
  8
0
 10
95.5066
 20
-49.9059
 11
95.5918
 21
-49.9187
  0
LINE
  8
0
 10
95.5918
 20
-49.9187
 11
95.6759
 21
-49.9345
  0
LINE
  8
0
 10
95.6759
 20
-49.9345
 11
95.7597
 21
-49.9543
  0
LINE
  8
0
 10
95.7597
 20
-49.9543
 11
95.8422
 21
-49.9772
  0
LINE
  8
0
 10
95.8422
 20
-49.9772
 11
95.924
 21
-50.0039
  0
LINE
  8
0
 10
95.924
 20
-50.0039
 11
96.0046
 21
-50.0338
  0
LINE
  8
0
 10
96.0046
 20
-50.0338
 11
96.0837
 21
-50.0671
  0
LINE
  8
0
 10
96.0837
 20
-50.0671
 11
96.1612
 21
-50.1035
  0
LINE
  8
0
 10
96.1612
 20
-50.1035
 11
96.2375
 21
-50.1435
  0
LINE
  8
0
 10
96.2375
 20
-50.1435
 11
96.312
 21
-50.1865
  0
LINE
  8
0
 10
96.312
 20
-50.1865
 11
96.3844
 21
-50.2322
  0
LINE
  8
0
 10
96.3844
 20
-50.2322
 11
96.4546
 21
-50.2814
  0
LINE
  8
0
 10
96.4546
 20
-50.2814
 11
96.5232
 21
-50.3334
  0
LINE
  8
0
 10
96.5232
 20
-50.3334
 11
96.5895
 21
-50.388
  0
LINE
  8
0
 10
96.5895
 20
-50.388
 11
96.653
 21
-50.4454
  0
LINE
  8
0
 10
96.653
 20
-50.4454
 11
96.7146
 21
-50.5054
  0
LINE
  8
0
 10
96.7146
 20
-50.5054
 11
96.7732
 21
-50.5682
  0
LINE
  8
0
 10
96.7732
 20
-50.5682
 11
96.8294
 21
-50.633
  0
LINE
  8
0
 10
96.8294
 20
-50.633
 11
96.8828
 21
-50.7004
  0
LINE
  8
0
 10
96.8828
 20
-50.7004
 11
96.9332
 21
-50.7698
  0
LINE
  8
0
 10
96.9332
 20
-50.7698
 11
96.9805
 21
-50.8415
  0
LINE
  8
0
 10
96.9805
 20
-50.8415
 11
97.0251
 21
-50.9147
  0
LINE
  8
0
 10
97.0251
 20
-50.9147
 11
97.0666
 21
-50.9899
  0
LINE
  8
0
 10
97.0666
 20
-50.9899
 11
97.1045
 21
-51.067
  0
LINE
  8
0
 10
97.1045
 20
-51.067
 11
97.1398
 21
-51.1453
  0
LINE
  8
0
 10
97.1398
 20
-51.1453
 11
97.1712
 21
-51.2252
  0
LINE
  8
0
 10
97.1712
 20
-51.2252
 11
97.1995
 21
-51.3062
  0
LINE
  8
0
 10
97.1995
 20
-51.3062
 11
97.2243
 21
-51.3883
  0
LINE
  8
0
 10
97.2243
 20
-51.3883
 11
97.2456
 21
-51.4717
  0
LINE
  8
0
 10
97.2456
 20
-51.4717
 11
97.2634
 21
-51.5558
  0
LINE
  8
0
 10
97.2634
 20
-51.5558
 11
97.2778
 21
-51.6403
  0
LINE
  8
0
 10
97.2778
 20
-51.6403
 11
97.2886
 21
-51.7255
  0
LINE
  8
0
 10
97.2886
 20
-51.7255
 11
97.2956
 21
-51.8112
  0
LINE
  8
0
 10
97.2956
 20
-51.8112
 11
97.2995
 21
-51.8968
  0
LINE
  8
0
 10
97.2995
 20
-51.8968
 11
97.2995
 21
-51.9829
  0
LINE
  8
0
 10
97.2995
 20
-51.9829
 11
97.2956
 21
-52.0685
  0
LINE
  8
0
 10
97.2956
 20
-52.0685
 11
97.2886
 21
-52.1542
  0
LINE
  8
0
 10
97.2886
 20
-52.1542
 11
97.2778
 21
-52.2394
  0
LINE
  8
0
 10
97.2778
 20
-52.2394
 11
97.2634
 21
-52.3239
  0
LINE
  8
0
 10
97.2634
 20
-52.3239
 11
97.2456
 21
-52.408
  0
LINE
  8
0
 10
97.2456
 20
-52.408
 11
97.2243
 21
-52.491
  0
LINE
  8
0
 10
97.2243
 20
-52.491
 11
97.1995
 21
-52.5731
  0
LINE
  8
0
 10
97.1995
 20
-52.5731
 11
97.1712
 21
-52.6545
  0
LINE
  8
0
 10
97.1712
 20
-52.6545
 11
97.1398
 21
-52.7344
  0
LINE
  8
0
 10
97.1398
 20
-52.7344
 11
97.1045
 21
-52.8127
  0
LINE
  8
0
 10
97.1045
 20
-52.8127
 11
97.0666
 21
-52.8894
  0
LINE
  8
0
 10
97.0666
 20
-52.8894
 11
97.0251
 21
-52.965
  0
LINE
  8
0
 10
97.0251
 20
-52.965
 11
96.9805
 21
-53.0382
  0
LINE
  8
0
 10
96.9805
 20
-53.0382
 11
96.9332
 21
-53.1099
  0
LINE
  8
0
 10
96.9332
 20
-53.1099
 11
96.8828
 21
-53.1793
  0
LINE
  8
0
 10
96.8828
 20
-53.1793
 11
96.8294
 21
-53.2464
  0
LINE
  8
0
 10
96.8294
 20
-53.2464
 11
96.7732
 21
-53.3115
  0
LINE
  8
0
 10
96.7732
 20
-53.3115
 11
96.7146
 21
-53.3743
  0
LINE
  8
0
 10
96.7146
 20
-53.3743
 11
96.653
 21
-53.4343
  0
LINE
  8
0
 10
96.653
 20
-53.4343
 11
96.5895
 21
-53.4917
  0
LINE
  8
0
 10
96.5895
 20
-53.4917
 11
96.5232
 21
-53.5463
  0
LINE
  8
0
 10
96.5232
 20
-53.5463
 11
96.4546
 21
-53.5983
  0
LINE
  8
0
 10
96.4546
 20
-53.5983
 11
96.3844
 21
-53.6471
  0
LINE
  8
0
 10
96.3844
 20
-53.6471
 11
96.312
 21
-53.6932
  0
LINE
  8
0
 10
96.312
 20
-53.6932
 11
96.2375
 21
-53.7363
  0
LINE
  8
0
 10
96.2375
 20
-53.7363
 11
96.1612
 21
-53.7762
  0
LINE
  8
0
 10
96.1612
 20
-53.7762
 11
96.0837
 21
-53.8126
  0
LINE
  8
0
 10
96.0837
 20
-53.8126
 11
96.0046
 21
-53.8459
  0
LINE
  8
0
 10
96.0046
 20
-53.8459
 11
95.924
 21
-53.8758
  0
LINE
  8
0
 10
95.924
 20
-53.8758
 11
95.8422
 21
-53.9021
  0
LINE
  8
0
 10
95.8422
 20
-53.9021
 11
95.7597
 21
-53.9254
  0
LINE
  8
0
 10
95.7597
 20
-53.9254
 11
95.6759
 21
-53.9452
  0
LINE
  8
0
 10
95.6759
 20
-53.9452
 11
95.5918
 21
-53.961
  0
LINE
  8
0
 10
95.5918
 20
-53.961
 11
95.5066
 21
-53.9734
  0
LINE
  8
0
 10
95.5066
 20
-53.9734
 11
95.4213
 21
-53.9828
  0
LINE
  8
0
 10
95.4213
 20
-53.9828
 11
95.3357
 21
-53.9882
  0
LINE
  8
0
 10
95.3357
 20
-53.9882
 11
95.25
 21
-53.9897
  0
LINE
  8
0
 10
95.25
 20
-53.9897
 11
95.164
 21
-53.9882
  0
LINE
  8
0
 10
95.164
 20
-61.9881
 11
95.0783
 21
-61.9827
  0
LINE
  8
0
 10
95.0783
 20
-61.9827
 11
94.993
 21
-61.9737
  0
LINE
  8
0
 10
94.993
 20
-61.9737
 11
94.9078
 21
-61.9609
  0
LINE
  8
0
 10
94.9078
 20
-61.9609
 11
94.8237
 21
-61.9451
  0
LINE
  8
0
 10
94.8237
 20
-61.9451
 11
94.74
 21
-61.9253
  0
LINE
  8
0
 10
94.74
 20
-61.9253
 11
94.6574
 21
-61.9024
  0
LINE
  8
0
 10
94.6574
 20
-61.9024
 11
94.5756
 21
-61.8757
  0
LINE
  8
0
 10
94.5756
 20
-61.8757
 11
94.495
 21
-61.8458
  0
LINE
  8
0
 10
94.495
 20
-61.8458
 11
94.4159
 21
-61.8125
  0
LINE
  8
0
 10
94.4159
 20
-61.8125
 11
94.3384
 21
-61.7761
  0
LINE
  8
0
 10
94.3384
 20
-61.7761
 11
94.2621
 21
-61.7362
  0
LINE
  8
0
 10
94.2621
 20
-61.7362
 11
94.188
 21
-61.6931
  0
LINE
  8
0
 10
94.188
 20
-61.6931
 11
94.1152
 21
-61.6474
  0
LINE
  8
0
 10
94.1152
 20
-61.6474
 11
94.045
 21
-61.5982
  0
LINE
  8
0
 10
94.045
 20
-61.5982
 11
93.9764
 21
-61.5462
  0
LINE
  8
0
 10
93.9764
 20
-61.5462
 11
93.9102
 21
-61.4916
  0
LINE
  8
0
 10
93.9102
 20
-61.4916
 11
93.8466
 21
-61.4342
  0
LINE
  8
0
 10
93.8466
 20
-61.4342
 11
93.785
 21
-61.3742
  0
LINE
  8
0
 10
93.785
 20
-61.3742
 11
93.7264
 21
-61.3114
  0
LINE
  8
0
 10
93.7264
 20
-61.3114
 11
93.6703
 21
-61.2466
  0
LINE
  8
0
 10
93.6703
 20
-61.2466
 11
93.6168
 21
-61.1792
  0
LINE
  8
0
 10
93.6168
 20
-61.1792
 11
93.5664
 21
-61.1098
  0
LINE
  8
0
 10
93.5664
 20
-61.1098
 11
93.5191
 21
-61.0381
  0
LINE
  8
0
 10
93.5191
 20
-61.0381
 11
93.4745
 21
-60.9649
  0
LINE
  8
0
 10
93.4745
 20
-60.9649
 11
93.4331
 21
-60.8897
  0
LINE
  8
0
 10
93.4331
 20
-60.8897
 11
93.3951
 21
-60.8126
  0
LINE
  8
0
 10
93.3951
 20
-60.8126
 11
93.3602
 21
-60.7343
  0
LINE
  8
0
 10
93.3602
 20
-60.7343
 11
93.3284
 21
-60.6544
  0
LINE
  8
0
 10
93.3284
 20
-60.6544
 11
93.3001
 21
-60.5734
  0
LINE
  8
0
 10
93.3001
 20
-60.5734
 11
93.2753
 21
-60.4913
  0
LINE
  8
0
 10
93.2753
 20
-60.4913
 11
93.254
 21
-60.4079
  0
LINE
  8
0
 10
93.254
 20
-60.4079
 11
93.2362
 21
-60.3238
  0
LINE
  8
0
 10
93.2362
 20
-60.3238
 11
93.2218
 21
-60.2393
  0
LINE
  8
0
 10
93.2218
 20
-60.2393
 11
93.211
 21
-60.1541
  0
LINE
  8
0
 10
93.211
 20
-60.1541
 11
93.204
 21
-60.0684
  0
LINE
  8
0
 10
93.204
 20
-60.0684
 11
93.2001
 21
-59.9828
  0
LINE
  8
0
 10
93.2001
 20
-59.9828
 11
93.2001
 21
-59.8967
  0
LINE
  8
0
 10
93.2001
 20
-59.8967
 11
93.204
 21
-59.8111
  0
LINE
  8
0
 10
93.204
 20
-59.8111
 11
93.211
 21
-59.7254
  0
LINE
  8
0
 10
93.211
 20
-59.7254
 11
93.2218
 21
-59.6402
  0
LINE
  8
0
 10
93.2218
 20
-59.6402
 11
93.2362
 21
-59.5557
  0
LINE
  8
0
 10
93.2362
 20
-59.5557
 11
93.254
 21
-59.4716
  0
LINE
  8
0
 10
93.254
 20
-59.4716
 11
93.2753
 21
-59.3886
  0
LINE
  8
0
 10
93.2753
 20
-59.3886
 11
93.3001
 21
-59.3065
  0
LINE
  8
0
 10
93.3001
 20
-59.3065
 11
93.3284
 21
-59.2251
  0
LINE
  8
0
 10
93.3284
 20
-59.2251
 11
93.3602
 21
-59.1452
  0
LINE
  8
0
 10
93.3602
 20
-59.1452
 11
93.3951
 21
-59.0669
  0
LINE
  8
0
 10
93.3951
 20
-59.0669
 11
93.4331
 21
-58.9902
  0
LINE
  8
0
 10
93.4331
 20
-58.9902
 11
93.4745
 21
-58.9146
  0
LINE
  8
0
 10
93.4745
 20
-58.9146
 11
93.5191
 21
-58.8414
  0
LINE
  8
0
 10
93.5191
 20
-58.8414
 11
93.5664
 21
-58.7697
  0
LINE
  8
0
 10
93.5664
 20
-58.7697
 11
93.6168
 21
-58.7003
  0
LINE
  8
0
 10
93.6168
 20
-58.7003
 11
93.6703
 21
-58.6332
  0
LINE
  8
0
 10
93.6703
 20
-58.6332
 11
93.7264
 21
-58.5681
  0
LINE
  8
0
 10
93.7264
 20
-58.5681
 11
93.785
 21
-58.5053
  0
LINE
  8
0
 10
93.785
 20
-58.5053
 11
93.8466
 21
-58.4453
  0
LINE
  8
0
 10
93.8466
 20
-58.4453
 11
93.9102
 21
-58.3879
  0
LINE
  8
0
 10
93.9102
 20
-58.3879
 11
93.9764
 21
-58.3333
  0
LINE
  8
0
 10
93.9764
 20
-58.3333
 11
94.045
 21
-58.2813
  0
LINE
  8
0
 10
94.045
 20
-58.2813
 11
94.1152
 21
-58.2325
  0
LINE
  8
0
 10
94.1152
 20
-58.2325
 11
94.188
 21
-58.1864
  0
LINE
  8
0
 10
94.188
 20
-58.1864
 11
94.2621
 21
-58.1434
  0
LINE
  8
0
 10
94.2621
 20
-58.1434
 11
94.3384
 21
-58.1034
  0
LINE
  8
0
 10
94.3384
 20
-58.1034
 11
94.4159
 21
-58.067
  0
LINE
  8
0
 10
94.4159
 20
-58.067
 11
94.495
 21
-58.0337
  0
LINE
  8
0
 10
94.495
 20
-58.0337
 11
94.5756
 21
-58.0038
  0
LINE
  8
0
 10
94.5756
 20
-58.0038
 11
94.6574
 21
-57.9775
  0
LINE
  8
0
 10
94.6574
 20
-57.9775
 11
94.74
 21
-57.9542
  0
LINE
  8
0
 10
94.74
 20
-57.9542
 11
94.8237
 21
-57.9344
  0
LINE
  8
0
 10
94.8237
 20
-57.9344
 11
94.9078
 21
-57.9186
  0
LINE
  8
0
 10
94.9078
 20
-57.9186
 11
94.993
 21
-57.9058
  0
LINE
  8
0
 10
94.993
 20
-57.9058
 11
95.0783
 21
-57.8969
  0
LINE
  8
0
 10
95.0783
 20
-57.8969
 11
95.164
 21
-57.8914
  0
LINE
  8
0
 10
95.164
 20
-57.8914
 11
95.25
 21
-57.8899
  0
LINE
  8
0
 10
95.25
 20
-57.8899
 11
95.3357
 21
-57.8914
  0
LINE
  8
0
 10
95.3357
 20
-57.8914
 11
95.4213
 21
-57.8969
  0
LINE
  8
0
 10
95.4213
 20
-57.8969
 11
95.5066
 21
-57.9058
  0
LINE
  8
0
 10
95.5066
 20
-57.9058
 11
95.5918
 21
-57.9186
  0
LINE
  8
0
 10
95.5918
 20
-57.9186
 11
95.6759
 21
-57.9344
  0
LINE
  8
0
 10
95.6759
 20
-57.9344
 11
95.7597
 21
-57.9542
  0
LINE
  8
0
 10
95.7597
 20
-57.9542
 11
95.8422
 21
-57.9775
  0
LINE
  8
0
 10
95.8422
 20
-57.9775
 11
95.924
 21
-58.0038
  0
LINE
  8
0
 10
95.924
 20
-58.0038
 11
96.0046
 21
-58.0337
  0
LINE
  8
0
 10
96.0046
 20
-58.0337
 11
96.0837
 21
-58.067
  0
LINE
  8
0
 10
96.0837
 20
-58.067
 11
96.1612
 21
-58.1034
  0
LINE
  8
0
 10
96.1612
 20
-58.1034
 11
96.2375
 21
-58.1434
  0
LINE
  8
0
 10
96.2375
 20
-58.1434
 11
96.312
 21
-58.1864
  0
LINE
  8
0
 10
96.312
 20
-58.1864
 11
96.3844
 21
-58.2325
  0
LINE
  8
0
 10
96.3844
 20
-58.2325
 11
96.4546
 21
-58.2813
  0
LINE
  8
0
 10
96.4546
 20
-58.2813
 11
96.5232
 21
-58.3333
  0
LINE
  8
0
 10
96.5232
 20
-58.3333
 11
96.5895
 21
-58.3879
  0
LINE
  8
0
 10
96.5895
 20
-58.3879
 11
96.653
 21
-58.4453
  0
LINE
  8
0
 10
96.653
 20
-58.4453
 11
96.7146
 21
-58.5053
  0
LINE
  8
0
 10
96.7146
 20
-58.5053
 11
96.7732
 21
-58.5681
  0
LINE
  8
0
 10
96.7732
 20
-58.5681
 11
96.8294
 21
-58.6332
  0
LINE
  8
0
 10
96.8294
 20
-58.6332
 11
96.8828
 21
-58.7003
  0
LINE
  8
0
 10
96.8828
 20
-58.7003
 11
96.9332
 21
-58.7697
  0
LINE
  8
0
 10
96.9332
 20
-58.7697
 11
96.9805
 21
-58.8414
  0
LINE
  8
0
 10
96.9805
 20
-58.8414
 11
97.0251
 21
-58.9146
  0
LINE
  8
0
 10
97.0251
 20
-58.9146
 11
97.0666
 21
-58.9902
  0
LINE
  8
0
 10
97.0666
 20
-58.9902
 11
97.1045
 21
-59.0669
  0
LINE
  8
0
 10
97.1045
 20
-59.0669
 11
97.1398
 21
-59.1452
  0
LINE
  8
0
 10
97.1398
 20
-59.1452
 11
97.1712
 21
-59.2251
  0
LINE
  8
0
 10
97.1712
 20
-59.2251
 11
97.1995
 21
-59.3065
  0
LINE
  8
0
 10
97.1995
 20
-59.3065
 11
97.2243
 21
-59.3886
  0
LINE
  8
0
 10
97.2243
 20
-59.3886
 11
97.2456
 21
-59.4716
  0
LINE
  8
0
 10
97.2456
 20
-59.4716
 11
97.2634
 21
-59.5557
  0
LINE
  8
0
 10
97.2634
 20
-59.5557
 11
97.2778
 21
-59.6402
  0
LINE
  8
0
 10
97.2778
 20
-59.6402
 11
97.2886
 21
-59.7254
  0
LINE
  8
0
 10
97.2886
 20
-59.7254
 11
97.2956
 21
-59.8111
  0
LINE
  8
0
 10
97.2956
 20
-59.8111
 11
97.2995
 21
-59.8967
  0
LINE
  8
0
 10
97.2995
 20
-59.8967
 11
97.2995
 21
-59.9828
  0
LINE
  8
0
 10
97.2995
 20
-59.9828
 11
97.2956
 21
-60.0684
  0
LINE
  8
0
 10
97.2956
 20
-60.0684
 11
97.2886
 21
-60.1541
  0
LINE
  8
0
 10
97.2886
 20
-60.1541
 11
97.2778
 21
-60.2393
  0
LINE
  8
0
 10
97.2778
 20
-60.2393
 11
97.2634
 21
-60.3238
  0
LINE
  8
0
 10
97.2634
 20
-60.3238
 11
97.2456
 21
-60.4079
  0
LINE
  8
0
 10
97.2456
 20
-60.4079
 11
97.2243
 21
-60.4913
  0
LINE
  8
0
 10
97.2243
 20
-60.4913
 11
97.1995
 21
-60.5734
  0
LINE
  8
0
 10
97.1995
 20
-60.5734
 11
97.1712
 21
-60.6544
  0
LINE
  8
0
 10
97.1712
 20
-60.6544
 11
97.1398
 21
-60.7343
  0
LINE
  8
0
 10
97.1398
 20
-60.7343
 11
97.1045
 21
-60.8126
  0
LINE
  8
0
 10
97.1045
 20
-60.8126
 11
97.0666
 21
-60.8897
  0
LINE
  8
0
 10
97.0666
 20
-60.8897
 11
97.0251
 21
-60.9649
  0
LINE
  8
0
 10
97.0251
 20
-60.9649
 11
96.9805
 21
-61.0381
  0
LINE
  8
0
 10
96.9805
 20
-61.0381
 11
96.9332
 21
-61.1098
  0
LINE
  8
0
 10
96.9332
 20
-61.1098
 11
96.8828
 21
-61.1792
  0
LINE
  8
0
 10
96.8828
 20
-61.1792
 11
96.8294
 21
-61.2466
  0
LINE
  8
0
 10
96.8294
 20
-61.2466
 11
96.7732
 21
-61.3114
  0
LINE
  8
0
 10
96.7732
 20
-61.3114
 11
96.7146
 21
-61.3742
  0
LINE
  8
0
 10
96.7146
 20
-61.3742
 11
96.653
 21
-61.4342
  0
LINE
  8
0
 10
96.653
 20
-61.4342
 11
96.5895
 21
-61.4916
  0
LINE
  8
0
 10
96.5895
 20
-61.4916
 11
96.5232
 21
-61.5462
  0
LINE
  8
0
 10
96.5232
 20
-61.5462
 11
96.4546
 21
-61.5982
  0
LINE
  8
0
 10
96.4546
 20
-61.5982
 11
96.3844
 21
-61.6474
  0
LINE
  8
0
 10
96.3844
 20
-61.6474
 11
96.312
 21
-61.6931
  0
LINE
  8
0
 10
96.312
 20
-61.6931
 11
96.2375
 21
-61.7362
  0
LINE
  8
0
 10
96.2375
 20
-61.7362
 11
96.1612
 21
-61.7761
  0
LINE
  8
0
 10
96.1612
 20
-61.7761
 11
96.0837
 21
-61.8125
  0
LINE
  8
0
 10
96.0837
 20
-61.8125
 11
96.0046
 21
-61.8458
  0
LINE
  8
0
 10
96.0046
 20
-61.8458
 11
95.924
 21
-61.8757
  0
LINE
  8
0
 10
95.924
 20
-61.8757
 11
95.8422
 21
-61.9024
  0
LINE
  8
0
 10
95.8422
 20
-61.9024
 11
95.7597
 21
-61.9253
  0
LINE
  8
0
 10
95.7597
 20
-61.9253
 11
95.6759
 21
-61.9451
  0
LINE
  8
0
 10
95.6759
 20
-61.9451
 11
95.5918
 21
-61.9609
  0
LINE
  8
0
 10
95.5918
 20
-61.9609
 11
95.5066
 21
-61.9737
  0
LINE
  8
0
 10
95.5066
 20
-61.9737
 11
95.4213
 21
-61.9827
  0
LINE
  8
0
 10
95.4213
 20
-61.9827
 11
95.3357
 21
-61.9881
  0
LINE
  8
0
 10
95.3357
 20
-61.9881
 11
95.25
 21
-61.9896
  0
LINE
  8
0
 10
95.25
 20
-61.9896
 11
95.164
 21
-61.9881
  0
LINE
  8
0
 10
9.22696
 20
-66.0495
 11
9.14091
 21
-66.0456
  0
LINE
  8
0
 10
9.14091
 20
-66.0456
 11
9.05565
 21
-66.0386
  0
LINE
  8
0
 10
9.05565
 20
-66.0386
 11
8.97038
 21
-66.0278
  0
LINE
  8
0
 10
8.97038
 20
-66.0278
 11
8.8855
 21
-66.0134
  0
LINE
  8
0
 10
8.8855
 20
-66.0134
 11
8.80179
 21
-65.9956
  0
LINE
  8
0
 10
8.80179
 20
-65.9956
 11
8.71846
 21
-65.9743
  0
LINE
  8
0
 10
8.71846
 20
-65.9743
 11
8.63629
 21
-65.9495
  0
LINE
  8
0
 10
8.63629
 20
-65.9495
 11
8.55529
 21
-65.9212
  0
LINE
  8
0
 10
8.55529
 20
-65.9212
 11
8.47545
 21
-65.8898
  0
LINE
  8
0
 10
8.47545
 20
-65.8898
 11
8.39677
 21
-65.8549
  0
LINE
  8
0
 10
8.39677
 20
-65.8549
 11
8.32003
 21
-65.8165
  0
LINE
  8
0
 10
8.32003
 20
-65.8165
 11
8.24485
 21
-65.7751
  0
LINE
  8
0
 10
8.24485
 20
-65.7751
 11
8.17121
 21
-65.7309
  0
LINE
  8
0
 10
8.17121
 20
-65.7309
 11
8.09989
 21
-65.6832
  0
LINE
  8
0
 10
8.09989
 20
-65.6832
 11
8.03052
 21
-65.6328
  0
LINE
  8
0
 10
8.03052
 20
-65.6328
 11
7.96308
 21
-65.5793
  0
LINE
  8
0
 10
7.96308
 20
-65.5793
 11
7.89797
 21
-65.5231
  0
LINE
  8
0
 10
7.89797
 20
-65.5231
 11
7.83557
 21
-65.4646
  0
LINE
  8
0
 10
7.83557
 20
-65.4646
 11
7.77549
 21
-65.403
  0
LINE
  8
0
 10
7.77549
 20
-65.403
 11
7.71813
 21
-65.3394
  0
LINE
  8
0
 10
7.71813
 20
-65.3394
 11
7.6631
 21
-65.2731
  0
LINE
  8
0
 10
7.6631
 20
-65.2731
 11
7.61116
 21
-65.2049
  0
LINE
  8
0
 10
7.61116
 20
-65.2049
 11
7.56233
 21
-65.1344
  0
LINE
  8
0
 10
7.56233
 20
-65.1344
 11
7.51621
 21
-65.0619
  0
LINE
  8
0
 10
7.51621
 20
-65.0619
 11
7.47319
 21
-64.9875
  0
LINE
  8
0
 10
7.47319
 20
-64.9875
 11
7.43365
 21
-64.9112
  0
LINE
  8
0
 10
7.43365
 20
-64.9112
 11
7.39722
 21
-64.8336
  0
LINE
  8
0
 10
7.39722
 20
-64.8336
 11
7.36389
 21
-64.7546
  0
LINE
  8
0
 10
7.36389
 20
-64.7546
 11
7.33366
 21
-64.674
  0
LINE
  8
0
 10
7.33366
 20
-64.674
 11
7.30731
 21
-64.5922
  0
LINE
  8
0
 10
7.30731
 20
-64.5922
 11
7.28405
 21
-64.5096
  0
LINE
  8
0
 10
7.28405
 20
-64.5096
 11
7.26467
 21
-64.4259
  0
LINE
  8
0
 10
7.26467
 20
-64.4259
 11
7.24839
 21
-64.3418
  0
LINE
  8
0
 10
7.24839
 20
-64.3418
 11
7.23599
 21
-64.2569
  0
LINE
  8
0
 10
7.23599
 20
-64.2569
 11
7.22708
 21
-64.1713
  0
LINE
  8
0
 10
7.22708
 20
-64.1713
 11
7.22165
 21
-64.0856
  0
LINE
  8
0
 10
7.22165
 20
-64.0856
 11
7.21971
 21
-64
  0
LINE
  8
0
 10
7.21971
 20
-64
 11
7.22165
 21
-63.9139
  0
LINE
  8
0
 10
7.22165
 20
-63.9139
 11
7.22708
 21
-63.8283
  0
LINE
  8
0
 10
7.22708
 20
-63.8283
 11
7.23599
 21
-63.743
  0
LINE
  8
0
 10
7.23599
 20
-63.743
 11
7.24839
 21
-63.6577
  0
LINE
  8
0
 10
7.24839
 20
-63.6577
 11
7.26467
 21
-63.5736
  0
LINE
  8
0
 10
7.26467
 20
-63.5736
 11
7.28405
 21
-63.4899
  0
LINE
  8
0
 10
7.28405
 20
-63.4899
 11
7.30731
 21
-63.4074
  0
LINE
  8
0
 10
7.30731
 20
-63.4074
 11
7.33366
 21
-63.3256
  0
LINE
  8
0
 10
7.33366
 20
-63.3256
 11
7.36389
 21
-63.245
  0
LINE
  8
0
 10
7.36389
 20
-63.245
 11
7.39722
 21
-63.1659
  0
LINE
  8
0
 10
7.39722
 20
-63.1659
 11
7.43365
 21
-63.0884
  0
LINE
  8
0
 10
7.43365
 20
-63.0884
 11
7.47319
 21
-63.012
  0
LINE
  8
0
 10
7.47319
 20
-63.012
 11
7.51621
 21
-62.938
  0
LINE
  8
0
 10
7.51621
 20
-62.938
 11
7.56233
 21
-62.8655
  0
LINE
  8
0
 10
7.56233
 20
-62.8655
 11
7.61116
 21
-62.795
  0
LINE
  8
0
 10
7.61116
 20
-62.795
 11
7.6631
 21
-62.7264
  0
LINE
  8
0
 10
7.6631
 20
-62.7264
 11
7.71813
 21
-62.6601
  0
LINE
  8
0
 10
7.71813
 20
-62.6601
 11
7.77549
 21
-62.5966
  0
LINE
  8
0
 10
7.77549
 20
-62.5966
 11
7.83557
 21
-62.5349
  0
LINE
  8
0
 10
7.83557
 20
-62.5349
 11
7.89797
 21
-62.4764
  0
LINE
  8
0
 10
7.89797
 20
-62.4764
 11
7.96308
 21
-62.4202
  0
LINE
  8
0
 10
7.96308
 20
-62.4202
 11
8.03052
 21
-62.3667
  0
LINE
  8
0
 10
8.03052
 20
-62.3667
 11
8.09989
 21
-62.3164
  0
LINE
  8
0
 10
8.09989
 20
-62.3164
 11
8.17121
 21
-62.2691
  0
LINE
  8
0
 10
8.17121
 20
-62.2691
 11
8.24485
 21
-62.2245
  0
LINE
  8
0
 10
8.24485
 20
-62.2245
 11
8.32003
 21
-62.183
  0
LINE
  8
0
 10
8.32003
 20
-62.183
 11
8.39677
 21
-62.145
  0
LINE
  8
0
 10
8.39677
 20
-62.145
 11
8.47545
 21
-62.1102
  0
LINE
  8
0
 10
8.47545
 20
-62.1102
 11
8.55529
 21
-62.0784
  0
LINE
  8
0
 10
8.55529
 20
-62.0784
 11
8.63629
 21
-62.0501
  0
LINE
  8
0
 10
8.63629
 20
-62.0501
 11
8.71846
 21
-62.0253
  0
LINE
  8
0
 10
8.71846
 20
-62.0253
 11
8.80179
 21
-62.004
  0
LINE
  8
0
 10
8.80179
 20
-62.004
 11
8.8855
 21
-61.9861
  0
LINE
  8
0
 10
8.8855
 20
-61.9861
 11
8.97038
 21
-61.9718
  0
LINE
  8
0
 10
8.97038
 20
-61.9718
 11
9.05565
 21
-61.9609
  0
LINE
  8
0
 10
9.05565
 20
-61.9609
 11
9.14091
 21
-61.954
  0
LINE
  8
0
 10
9.14091
 20
-61.954
 11
9.22696
 21
-61.9501
  0
LINE
  8
0
 10
9.22696
 20
-61.9501
 11
9.31261
 21
-61.9501
  0
LINE
  8
0
 10
9.31261
 20
-61.9501
 11
9.39865
 21
-61.954
  0
LINE
  8
0
 10
9.39865
 20
-61.954
 11
9.48392
 21
-61.9609
  0
LINE
  8
0
 10
9.48392
 20
-61.9609
 11
9.56918
 21
-61.9718
  0
LINE
  8
0
 10
9.56918
 20
-61.9718
 11
9.65406
 21
-61.9861
  0
LINE
  8
0
 10
9.65406
 20
-61.9861
 11
9.73778
 21
-62.004
  0
LINE
  8
0
 10
9.73778
 20
-62.004
 11
9.82111
 21
-62.0253
  0
LINE
  8
0
 10
9.82111
 20
-62.0253
 11
9.90327
 21
-62.0501
  0
LINE
  8
0
 10
9.90327
 20
-62.0501
 11
9.98427
 21
-62.0784
  0
LINE
  8
0
 10
9.98427
 20
-62.0784
 11
10.0641
 21
-62.1102
  0
LINE
  8
0
 10
10.0641
 20
-62.1102
 11
10.1428
 21
-62.145
  0
LINE
  8
0
 10
10.1428
 20
-62.145
 11
10.2195
 21
-62.183
  0
LINE
  8
0
 10
10.2195
 20
-62.183
 11
10.2947
 21
-62.2245
  0
LINE
  8
0
 10
10.2947
 20
-62.2245
 11
10.3684
 21
-62.2691
  0
LINE
  8
0
 10
10.3684
 20
-62.2691
 11
10.4397
 21
-62.3164
  0
LINE
  8
0
 10
10.4397
 20
-62.3164
 11
10.509
 21
-62.3667
  0
LINE
  8
0
 10
10.509
 20
-62.3667
 11
10.5765
 21
-62.4202
  0
LINE
  8
0
 10
10.5765
 20
-62.4202
 11
10.6416
 21
-62.4764
  0
LINE
  8
0
 10
10.6416
 20
-62.4764
 11
10.704
 21
-62.5349
  0
LINE
  8
0
 10
10.704
 20
-62.5349
 11
10.7641
 21
-62.5966
  0
LINE
  8
0
 10
10.7641
 20
-62.5966
 11
10.8218
 21
-62.6601
  0
LINE
  8
0
 10
10.8218
 20
-62.6601
 11
10.8765
 21
-62.7264
  0
LINE
  8
0
 10
10.8765
 20
-62.7264
 11
10.9284
 21
-62.795
  0
LINE
  8
0
 10
10.9284
 20
-62.795
 11
10.9772
 21
-62.8655
  0
LINE
  8
0
 10
10.9772
 20
-62.8655
 11
11.0234
 21
-62.938
  0
LINE
  8
0
 10
11.0234
 20
-62.938
 11
11.0664
 21
-63.012
  0
LINE
  8
0
 10
11.0664
 20
-63.012
 11
11.1059
 21
-63.0884
  0
LINE
  8
0
 10
11.1059
 20
-63.0884
 11
11.1427
 21
-63.1659
  0
LINE
  8
0
 10
11.1427
 20
-63.1659
 11
11.1757
 21
-63.245
  0
LINE
  8
0
 10
11.1757
 20
-63.245
 11
11.2059
 21
-63.3256
  0
LINE
  8
0
 10
11.2059
 20
-63.3256
 11
11.2323
 21
-63.4074
  0
LINE
  8
0
 10
11.2323
 20
-63.4074
 11
11.2555
 21
-63.4899
  0
LINE
  8
0
 10
11.2555
 20
-63.4899
 11
11.2749
 21
-63.5736
  0
LINE
  8
0
 10
11.2749
 20
-63.5736
 11
11.2912
 21
-63.6577
  0
LINE
  8
0
 10
11.2912
 20
-63.6577
 11
11.3036
 21
-63.743
  0
LINE
  8
0
 10
11.3036
 20
-63.743
 11
11.3125
 21
-63.8283
  0
LINE
  8
0
 10
11.3125
 20
-63.8283
 11
11.3179
 21
-63.9139
  0
LINE
  8
0
 10
11.3179
 20
-63.9139
 11
11.3199
 21
-64
  0
LINE
  8
0
 10
11.3199
 20
-64
 11
11.3179
 21
-64.0856
  0
LINE
  8
0
 10
11.3179
 20
-64.0856
 11
11.3125
 21
-64.1713
  0
LINE
  8
0
 10
11.3125
 20
-64.1713
 11
11.3036
 21
-64.2569
  0
LINE
  8
0
 10
11.3036
 20
-64.2569
 11
11.2912
 21
-64.3418
  0
LINE
  8
0
 10
11.2912
 20
-64.3418
 11
11.2749
 21
-64.4259
  0
LINE
  8
0
 10
11.2749
 20
-64.4259
 11
11.2555
 21
-64.5096
  0
LINE
  8
0
 10
11.2555
 20
-64.5096
 11
11.2323
 21
-64.5922
  0
LINE
  8
0
 10
11.2323
 20
-64.5922
 11
11.2059
 21
-64.674
  0
LINE
  8
0
 10
11.2059
 20
-64.674
 11
11.1757
 21
-64.7546
  0
LINE
  8
0
 10
11.1757
 20
-64.7546
 11
11.1427
 21
-64.8336
  0
LINE
  8
0
 10
11.1427
 20
-64.8336
 11
11.1059
 21
-64.9112
  0
LINE
  8
0
 10
11.1059
 20
-64.9112
 11
11.0664
 21
-64.9875
  0
LINE
  8
0
 10
11.0664
 20
-64.9875
 11
11.0234
 21
-65.0619
  0
LINE
  8
0
 10
11.0234
 20
-65.0619
 11
10.9772
 21
-65.1344
  0
LINE
  8
0
 10
10.9772
 20
-65.1344
 11
10.9284
 21
-65.2049
  0
LINE
  8
0
 10
10.9284
 20
-65.2049
 11
10.8765
 21
-65.2731
  0
LINE
  8
0
 10
10.8765
 20
-65.2731
 11
10.8218
 21
-65.3394
  0
LINE
  8
0
 10
10.8218
 20
-65.3394
 11
10.7641
 21
-65.403
  0
LINE
  8
0
 10
10.7641
 20
-65.403
 11
10.704
 21
-65.4646
  0
LINE
  8
0
 10
10.704
 20
-65.4646
 11
10.6416
 21
-65.5231
  0
LINE
  8
0
 10
10.6416
 20
-65.5231
 11
10.5765
 21
-65.5793
  0
LINE
  8
0
 10
10.5765
 20
-65.5793
 11
10.509
 21
-65.6328
  0
LINE
  8
0
 10
10.509
 20
-65.6328
 11
10.4397
 21
-65.6832
  0
LINE
  8
0
 10
10.4397
 20
-65.6832
 11
10.3684
 21
-65.7309
  0
LINE
  8
0
 10
10.3684
 20
-65.7309
 11
10.2947
 21
-65.7751
  0
LINE
  8
0
 10
10.2947
 20
-65.7751
 11
10.2195
 21
-65.8165
  0
LINE
  8
0
 10
10.2195
 20
-65.8165
 11
10.1428
 21
-65.8549
  0
LINE
  8
0
 10
10.1428
 20
-65.8549
 11
10.0641
 21
-65.8898
  0
LINE
  8
0
 10
10.0641
 20
-65.8898
 11
9.98427
 21
-65.9212
  0
LINE
  8
0
 10
9.98427
 20
-65.9212
 11
9.90327
 21
-65.9495
  0
LINE
  8
0
 10
9.90327
 20
-65.9495
 11
9.82111
 21
-65.9743
  0
LINE
  8
0
 10
9.82111
 20
-65.9743
 11
9.73778
 21
-65.9956
  0
LINE
  8
0
 10
9.73778
 20
-65.9956
 11
9.65406
 21
-66.0134
  0
LINE
  8
0
 10
9.65406
 20
-66.0134
 11
9.56918
 21
-66.0278
  0
LINE
  8
0
 10
9.56918
 20
-66.0278
 11
9.48392
 21
-66.0386
  0
LINE
  8
0
 10
9.48392
 20
-66.0386
 11
9.39865
 21
-66.0456
  0
LINE
  8
0
 10
9.39865
 20
-66.0456
 11
9.31261
 21
-66.0495
  0
LINE
  8
0
 10
9.31261
 20
-66.0495
 11
9.22696
 21
-66.0495
  0
LINE
  8
0
 10
95.164
 20
-69.988
 11
95.0783
 21
-69.9826
  0
LINE
  8
0
 10
95.0783
 20
-69.9826
 11
94.993
 21
-69.9736
  0
LINE
  8
0
 10
94.993
 20
-69.9736
 11
94.9078
 21
-69.9612
  0
LINE
  8
0
 10
94.9078
 20
-69.9612
 11
94.8237
 21
-69.945
  0
LINE
  8
0
 10
94.8237
 20
-69.945
 11
94.74
 21
-69.9256
  0
LINE
  8
0
 10
94.74
 20
-69.9256
 11
94.6574
 21
-69.9023
  0
LINE
  8
0
 10
94.6574
 20
-69.9023
 11
94.5756
 21
-69.8756
  0
LINE
  8
0
 10
94.5756
 20
-69.8756
 11
94.495
 21
-69.8457
  0
LINE
  8
0
 10
94.495
 20
-69.8457
 11
94.4159
 21
-69.8124
  0
LINE
  8
0
 10
94.4159
 20
-69.8124
 11
94.3384
 21
-69.776
  0
LINE
  8
0
 10
94.3384
 20
-69.776
 11
94.2621
 21
-69.7361
  0
LINE
  8
0
 10
94.2621
 20
-69.7361
 11
94.188
 21
-69.6934
  0
LINE
  8
0
 10
94.188
 20
-69.6934
 11
94.1152
 21
-69.6473
  0
LINE
  8
0
 10
94.1152
 20
-69.6473
 11
94.045
 21
-69.5985
  0
LINE
  8
0
 10
94.045
 20
-69.5985
 11
93.9764
 21
-69.5465
  0
LINE
  8
0
 10
93.9764
 20
-69.5465
 11
93.9102
 21
-69.4915
  0
LINE
  8
0
 10
93.9102
 20
-69.4915
 11
93.8466
 21
-69.4341
  0
LINE
  8
0
 10
93.8466
 20
-69.4341
 11
93.785
 21
-69.3741
  0
LINE
  8
0
 10
93.785
 20
-69.3741
 11
93.7264
 21
-69.3117
  0
LINE
  8
0
 10
93.7264
 20
-69.3117
 11
93.6703
 21
-69.2465
  0
LINE
  8
0
 10
93.6703
 20
-69.2465
 11
93.6168
 21
-69.1791
  0
LINE
  8
0
 10
93.6168
 20
-69.1791
 11
93.5664
 21
-69.1097
  0
LINE
  8
0
 10
93.5664
 20
-69.1097
 11
93.5191
 21
-69.0384
  0
LINE
  8
0
 10
93.5191
 20
-69.0384
 11
93.4745
 21
-68.9648
  0
LINE
  8
0
 10
93.4745
 20
-68.9648
 11
93.4331
 21
-68.8896
  0
LINE
  8
0
 10
93.4331
 20
-68.8896
 11
93.3951
 21
-68.8125
  0
LINE
  8
0
 10
93.3951
 20
-68.8125
 11
93.3602
 21
-68.7342
  0
LINE
  8
0
 10
93.3602
 20
-68.7342
 11
93.3284
 21
-68.6543
  0
LINE
  8
0
 10
93.3284
 20
-68.6543
 11
93.3001
 21
-68.5733
  0
LINE
  8
0
 10
93.3001
 20
-68.5733
 11
93.2753
 21
-68.4912
  0
LINE
  8
0
 10
93.2753
 20
-68.4912
 11
93.254
 21
-68.4078
  0
LINE
  8
0
 10
93.254
 20
-68.4078
 11
93.2362
 21
-68.3237
  0
LINE
  8
0
 10
93.2362
 20
-68.3237
 11
93.2218
 21
-68.2392
  0
LINE
  8
0
 10
93.2218
 20
-68.2392
 11
93.211
 21
-68.154
  0
LINE
  8
0
 10
93.211
 20
-68.154
 11
93.204
 21
-68.0683
  0
LINE
  8
0
 10
93.204
 20
-68.0683
 11
93.2001
 21
-67.9827
  0
LINE
  8
0
 10
93.2001
 20
-67.9827
 11
93.2001
 21
-67.897
  0
LINE
  8
0
 10
93.2001
 20
-67.897
 11
93.204
 21
-67.811
  0
LINE
  8
0
 10
93.204
 20
-67.811
 11
93.211
 21
-67.7253
  0
LINE
  8
0
 10
93.211
 20
-67.7253
 11
93.2218
 21
-67.6404
  0
LINE
  8
0
 10
93.2218
 20
-67.6404
 11
93.2362
 21
-67.5556
  0
LINE
  8
0
 10
93.2362
 20
-67.5556
 11
93.254
 21
-67.4719
  0
LINE
  8
0
 10
93.254
 20
-67.4719
 11
93.2753
 21
-67.3885
  0
LINE
  8
0
 10
93.2753
 20
-67.3885
 11
93.3001
 21
-67.3064
  0
LINE
  8
0
 10
93.3001
 20
-67.3064
 11
93.3284
 21
-67.2254
  0
LINE
  8
0
 10
93.3284
 20
-67.2254
 11
93.3602
 21
-67.1455
  0
LINE
  8
0
 10
93.3602
 20
-67.1455
 11
93.3951
 21
-67.0668
  0
LINE
  8
0
 10
93.3951
 20
-67.0668
 11
93.4331
 21
-66.9901
  0
LINE
  8
0
 10
93.4331
 20
-66.9901
 11
93.4745
 21
-66.9149
  0
LINE
  8
0
 10
93.4745
 20
-66.9149
 11
93.5191
 21
-66.8413
  0
LINE
  8
0
 10
93.5191
 20
-66.8413
 11
93.5664
 21
-66.77
  0
LINE
  8
0
 10
93.5664
 20
-66.77
 11
93.6168
 21
-66.7002
  0
LINE
  8
0
 10
93.6168
 20
-66.7002
 11
93.6703
 21
-66.6331
  0
LINE
  8
0
 10
93.6703
 20
-66.6331
 11
93.7264
 21
-66.568
  0
LINE
  8
0
 10
93.7264
 20
-66.568
 11
93.785
 21
-66.5056
  0
LINE
  8
0
 10
93.785
 20
-66.5056
 11
93.8466
 21
-66.4456
  0
LINE
  8
0
 10
93.8466
 20
-66.4456
 11
93.9102
 21
-66.3878
  0
LINE
  8
0
 10
93.9102
 20
-66.3878
 11
93.9764
 21
-66.3332
  0
LINE
  8
0
 10
93.9764
 20
-66.3332
 11
94.045
 21
-66.2812
  0
LINE
  8
0
 10
94.045
 20
-66.2812
 11
94.1152
 21
-66.2324
  0
LINE
  8
0
 10
94.1152
 20
-66.2324
 11
94.188
 21
-66.1863
  0
LINE
  8
0
 10
94.188
 20
-66.1863
 11
94.2621
 21
-66.1432
  0
LINE
  8
0
 10
94.2621
 20
-66.1432
 11
94.3384
 21
-66.1037
  0
LINE
  8
0
 10
94.3384
 20
-66.1037
 11
94.4159
 21
-66.0669
  0
LINE
  8
0
 10
94.4159
 20
-66.0669
 11
94.495
 21
-66.0336
  0
LINE
  8
0
 10
94.495
 20
-66.0336
 11
94.5756
 21
-66.0037
  0
LINE
  8
0
 10
94.5756
 20
-66.0037
 11
94.6574
 21
-65.9774
  0
LINE
  8
0
 10
94.6574
 20
-65.9774
 11
94.74
 21
-65.9541
  0
LINE
  8
0
 10
94.74
 20
-65.9541
 11
94.8237
 21
-65.9347
  0
LINE
  8
0
 10
94.8237
 20
-65.9347
 11
94.9078
 21
-65.9185
  0
LINE
  8
0
 10
94.9078
 20
-65.9185
 11
94.993
 21
-65.9061
  0
LINE
  8
0
 10
94.993
 20
-65.9061
 11
95.0783
 21
-65.8971
  0
LINE
  8
0
 10
95.0783
 20
-65.8971
 11
95.164
 21
-65.8917
  0
LINE
  8
0
 10
95.164
 20
-65.8917
 11
95.25
 21
-65.8898
  0
LINE
  8
0
 10
95.25
 20
-65.8898
 11
95.3357
 21
-65.8917
  0
LINE
  8
0
 10
95.3357
 20
-65.8917
 11
95.4213
 21
-65.8971
  0
LINE
  8
0
 10
95.4213
 20
-65.8971
 11
95.5066
 21
-65.9061
  0
LINE
  8
0
 10
95.5066
 20
-65.9061
 11
95.5918
 21
-65.9185
  0
LINE
  8
0
 10
95.5918
 20
-65.9185
 11
95.6759
 21
-65.9347
  0
LINE
  8
0
 10
95.6759
 20
-65.9347
 11
95.7597
 21
-65.9541
  0
LINE
  8
0
 10
95.7597
 20
-65.9541
 11
95.8422
 21
-65.9774
  0
LINE
  8
0
 10
95.8422
 20
-65.9774
 11
95.924
 21
-66.0037
  0
LINE
  8
0
 10
95.924
 20
-66.0037
 11
96.0046
 21
-66.0336
  0
LINE
  8
0
 10
96.0046
 20
-66.0336
 11
96.0837
 21
-66.0669
  0
LINE
  8
0
 10
96.0837
 20
-66.0669
 11
96.1612
 21
-66.1037
  0
LINE
  8
0
 10
96.1612
 20
-66.1037
 11
96.2375
 21
-66.1432
  0
LINE
  8
0
 10
96.2375
 20
-66.1432
 11
96.312
 21
-66.1863
  0
LINE
  8
0
 10
96.312
 20
-66.1863
 11
96.3844
 21
-66.2324
  0
LINE
  8
0
 10
96.3844
 20
-66.2324
 11
96.4546
 21
-66.2812
  0
LINE
  8
0
 10
96.4546
 20
-66.2812
 11
96.5232
 21
-66.3332
  0
LINE
  8
0
 10
96.5232
 20
-66.3332
 11
96.5895
 21
-66.3878
  0
LINE
  8
0
 10
96.5895
 20
-66.3878
 11
96.653
 21
-66.4456
  0
LINE
  8
0
 10
96.653
 20
-66.4456
 11
96.7146
 21
-66.5056
  0
LINE
  8
0
 10
96.7146
 20
-66.5056
 11
96.7732
 21
-66.568
  0
LINE
  8
0
 10
96.7732
 20
-66.568
 11
96.8294
 21
-66.6331
  0
LINE
  8
0
 10
96.8294
 20
-66.6331
 11
96.8828
 21
-66.7002
  0
LINE
  8
0
 10
96.8828
 20
-66.7002
 11
96.9332
 21
-66.77
  0
LINE
  8
0
 10
96.9332
 20
-66.77
 11
96.9805
 21
-66.8413
  0
LINE
  8
0
 10
96.9805
 20
-66.8413
 11
97.0251
 21
-66.9149
  0
LINE
  8
0
 10
97.0251
 20
-66.9149
 11
97.0666
 21
-66.9901
  0
LINE
  8
0
 10
97.0666
 20
-66.9901
 11
97.1045
 21
-67.0668
  0
LINE
  8
0
 10
97.1045
 20
-67.0668
 11
97.1398
 21
-67.1455
  0
LINE
  8
0
 10
97.1398
 20
-67.1455
 11
97.1712
 21
-67.2254
  0
LINE
  8
0
 10
97.1712
 20
-67.2254
 11
97.1995
 21
-67.3064
  0
LINE
  8
0
 10
97.1995
 20
-67.3064
 11
97.2243
 21
-67.3885
  0
LINE
  8
0
 10
97.2243
 20
-67.3885
 11
97.2456
 21
-67.4719
  0
LINE
  8
0
 10
97.2456
 20
-67.4719
 11
97.2634
 21
-67.5556
  0
LINE
  8
0
 10
97.2634
 20
-67.5556
 11
97.2778
 21
-67.6404
  0
LINE
  8
0
 10
97.2778
 20
-67.6404
 11
97.2886
 21
-67.7253
  0
LINE
  8
0
 10
97.2886
 20
-67.7253
 11
97.2956
 21
-67.811
  0
LINE
  8
0
 10
97.2956
 20
-67.811
 11
97.2995
 21
-67.897
  0
LINE
  8
0
 10
97.2995
 20
-67.897
 11
97.2995
 21
-67.9827
  0
LINE
  8
0
 10
97.2995
 20
-67.9827
 11
97.2956
 21
-68.0683
  0
LINE
  8
0
 10
97.2956
 20
-68.0683
 11
97.2886
 21
-68.154
  0
LINE
  8
0
 10
97.2886
 20
-68.154
 11
97.2778
 21
-68.2392
  0
LINE
  8
0
 10
97.2778
 20
-68.2392
 11
97.2634
 21
-68.3237
  0
LINE
  8
0
 10
97.2634
 20
-68.3237
 11
97.2456
 21
-68.4078
  0
LINE
  8
0
 10
97.2456
 20
-68.4078
 11
97.2243
 21
-68.4912
  0
LINE
  8
0
 10
97.2243
 20
-68.4912
 11
97.1995
 21
-68.5733
  0
LINE
  8
0
 10
97.1995
 20
-68.5733
 11
97.1712
 21
-68.6543
  0
LINE
  8
0
 10
97.1712
 20
-68.6543
 11
97.1398
 21
-68.7342
  0
LINE
  8
0
 10
97.1398
 20
-68.7342
 11
97.1045
 21
-68.8125
  0
LINE
  8
0
 10
97.1045
 20
-68.8125
 11
97.0666
 21
-68.8896
  0
LINE
  8
0
 10
97.0666
 20
-68.8896
 11
97.0251
 21
-68.9648
  0
LINE
  8
0
 10
97.0251
 20
-68.9648
 11
96.9805
 21
-69.0384
  0
LINE
  8
0
 10
96.9805
 20
-69.0384
 11
96.9332
 21
-69.1097
  0
LINE
  8
0
 10
96.9332
 20
-69.1097
 11
96.8828
 21
-69.1791
  0
LINE
  8
0
 10
96.8828
 20
-69.1791
 11
96.8294
 21
-69.2465
  0
LINE
  8
0
 10
96.8294
 20
-69.2465
 11
96.7732
 21
-69.3117
  0
LINE
  8
0
 10
96.7732
 20
-69.3117
 11
96.7146
 21
-69.3741
  0
LINE
  8
0
 10
96.7146
 20
-69.3741
 11
96.653
 21
-69.4341
  0
LINE
  8
0
 10
96.653
 20
-69.4341
 11
96.5895
 21
-69.4915
  0
LINE
  8
0
 10
96.5895
 20
-69.4915
 11
96.5232
 21
-69.5465
  0
LINE
  8
0
 10
96.5232
 20
-69.5465
 11
96.4546
 21
-69.5985
  0
LINE
  8
0
 10
96.4546
 20
-69.5985
 11
96.3844
 21
-69.6473
  0
LINE
  8
0
 10
96.3844
 20
-69.6473
 11
96.312
 21
-69.6934
  0
LINE
  8
0
 10
96.312
 20
-69.6934
 11
96.2375
 21
-69.7361
  0
LINE
  8
0
 10
96.2375
 20
-69.7361
 11
96.1612
 21
-69.776
  0
LINE
  8
0
 10
96.1612
 20
-69.776
 11
96.0837
 21
-69.8124
  0
LINE
  8
0
 10
96.0837
 20
-69.8124
 11
96.0046
 21
-69.8457
  0
LINE
  8
0
 10
96.0046
 20
-69.8457
 11
95.924
 21
-69.8756
  0
LINE
  8
0
 10
95.924
 20
-69.8756
 11
95.8422
 21
-69.9023
  0
LINE
  8
0
 10
95.8422
 20
-69.9023
 11
95.7597
 21
-69.9256
  0
LINE
  8
0
 10
95.7597
 20
-69.9256
 11
95.6759
 21
-69.945
  0
LINE
  8
0
 10
95.6759
 20
-69.945
 11
95.5918
 21
-69.9612
  0
LINE
  8
0
 10
95.5918
 20
-69.9612
 11
95.5066
 21
-69.9736
  0
LINE
  8
0
 10
95.5066
 20
-69.9736
 11
95.4213
 21
-69.9826
  0
LINE
  8
0
 10
95.4213
 20
-69.9826
 11
95.3357
 21
-69.988
  0
LINE
  8
0
 10
95.3357
 20
-69.988
 11
95.25
 21
-69.9899
  0
LINE
  8
0
 10
95.25
 20
-69.9899
 11
95.164
 21
-69.988
  0
LINE
  8
0
 10
86.3168
 20
-74.0494
 11
86.2312
 21
-74.0459
  0
LINE
  8
0
 10
86.2312
 20
-74.0459
 11
86.1455
 21
-74.0385
  0
LINE
  8
0
 10
86.1455
 20
-74.0385
 11
86.0603
 21
-74.0277
  0
LINE
  8
0
 10
86.0603
 20
-74.0277
 11
85.9758
 21
-74.0133
  0
LINE
  8
0
 10
85.9758
 20
-74.0133
 11
85.8917
 21
-73.9955
  0
LINE
  8
0
 10
85.8917
 20
-73.9955
 11
85.8083
 21
-73.9742
  0
LINE
  8
0
 10
85.8083
 20
-73.9742
 11
85.7262
 21
-73.9494
  0
LINE
  8
0
 10
85.7262
 20
-73.9494
 11
85.6452
 21
-73.9211
  0
LINE
  8
0
 10
85.6452
 20
-73.9211
 11
85.5653
 21
-73.8897
  0
LINE
  8
0
 10
85.5653
 20
-73.8897
 11
85.487
 21
-73.8548
  0
LINE
  8
0
 10
85.487
 20
-73.8548
 11
85.4099
 21
-73.8164
  0
LINE
  8
0
 10
85.4099
 20
-73.8164
 11
85.3347
 21
-73.7753
  0
LINE
  8
0
 10
85.3347
 20
-73.7753
 11
85.2615
 21
-73.7308
  0
LINE
  8
0
 10
85.2615
 20
-73.7308
 11
85.1898
 21
-73.6831
  0
LINE
  8
0
 10
85.1898
 20
-73.6831
 11
85.1204
 21
-73.6327
  0
LINE
  8
0
 10
85.1204
 20
-73.6327
 11
85.0529
 21
-73.5792
  0
LINE
  8
0
 10
85.0529
 20
-73.5792
 11
84.9882
 21
-73.5234
  0
LINE
  8
0
 10
84.9882
 20
-73.5234
 11
84.9254
 21
-73.4645
  0
LINE
  8
0
 10
84.9254
 20
-73.4645
 11
84.8654
 21
-73.4033
  0
LINE
  8
0
 10
84.8654
 20
-73.4033
 11
84.808
 21
-73.3393
  0
LINE
  8
0
 10
84.808
 20
-73.3393
 11
84.7534
 21
-73.273
  0
LINE
  8
0
 10
84.7534
 20
-73.273
 11
84.7014
 21
-73.2048
  0
LINE
  8
0
 10
84.7014
 20
-73.2048
 11
84.6522
 21
-73.1343
  0
LINE
  8
0
 10
84.6522
 20
-73.1343
 11
84.6065
 21
-73.0618
  0
LINE
  8
0
 10
84.6065
 20
-73.0618
 11
84.5634
 21
-72.9874
  0
LINE
  8
0
 10
84.5634
 20
-72.9874
 11
84.5235
 21
-72.9114
  0
LINE
  8
0
 10
84.5235
 20
-72.9114
 11
84.4871
 21
-72.8335
  0
LINE
  8
0
 10
84.4871
 20
-72.8335
 11
84.4538
 21
-72.7545
  0
LINE
  8
0
 10
84.4538
 20
-72.7545
 11
84.4239
 21
-72.6739
  0
LINE
  8
0
 10
84.4239
 20
-72.6739
 11
84.3972
 21
-72.5925
  0
LINE
  8
0
 10
84.3972
 20
-72.5925
 11
84.3743
 21
-72.5095
  0
LINE
  8
0
 10
84.3743
 20
-72.5095
 11
84.3545
 21
-72.4262
  0
LINE
  8
0
 10
84.3545
 20
-72.4262
 11
84.3387
 21
-72.3417
  0
LINE
  8
0
 10
84.3387
 20
-72.3417
 11
84.3259
 21
-72.2568
  0
LINE
  8
0
 10
84.3259
 20
-72.2568
 11
84.3169
 21
-72.1712
  0
LINE
  8
0
 10
84.3169
 20
-72.1712
 11
84.3115
 21
-72.0855
  0
LINE
  8
0
 10
84.3115
 20
-72.0855
 11
84.31
 21
-71.9999
  0
LINE
  8
0
 10
84.31
 20
-71.9999
 11
84.3115
 21
-71.9138
  0
LINE
  8
0
 10
84.3115
 20
-71.9138
 11
84.3169
 21
-71.8282
  0
LINE
  8
0
 10
84.3169
 20
-71.8282
 11
84.3259
 21
-71.7429
  0
LINE
  8
0
 10
84.3259
 20
-71.7429
 11
84.3387
 21
-71.658
  0
LINE
  8
0
 10
84.3387
 20
-71.658
 11
84.3545
 21
-71.5735
  0
LINE
  8
0
 10
84.3545
 20
-71.5735
 11
84.3743
 21
-71.4898
  0
LINE
  8
0
 10
84.3743
 20
-71.4898
 11
84.3972
 21
-71.4073
  0
LINE
  8
0
 10
84.3972
 20
-71.4073
 11
84.4239
 21
-71.3255
  0
LINE
  8
0
 10
84.4239
 20
-71.3255
 11
84.4538
 21
-71.2453
  0
LINE
  8
0
 10
84.4538
 20
-71.2453
 11
84.4871
 21
-71.1658
  0
LINE
  8
0
 10
84.4871
 20
-71.1658
 11
84.5235
 21
-71.0883
  0
LINE
  8
0
 10
84.5235
 20
-71.0883
 11
84.5634
 21
-71.0123
  0
LINE
  8
0
 10
84.5634
 20
-71.0123
 11
84.6065
 21
-70.9379
  0
LINE
  8
0
 10
84.6065
 20
-70.9379
 11
84.6522
 21
-70.8654
  0
LINE
  8
0
 10
84.6522
 20
-70.8654
 11
84.7014
 21
-70.7949
  0
LINE
  8
0
 10
84.7014
 20
-70.7949
 11
84.7534
 21
-70.7263
  0
LINE
  8
0
 10
84.7534
 20
-70.7263
 11
84.808
 21
-70.6604
  0
LINE
  8
0
 10
84.808
 20
-70.6604
 11
84.8654
 21
-70.5965
  0
LINE
  8
0
 10
84.8654
 20
-70.5965
 11
84.9254
 21
-70.5352
  0
LINE
  8
0
 10
84.9254
 20
-70.5352
 11
84.9882
 21
-70.4763
  0
LINE
  8
0
 10
84.9882
 20
-70.4763
 11
85.0529
 21
-70.4201
  0
LINE
  8
0
 10
85.0529
 20
-70.4201
 11
85.1204
 21
-70.367
  0
LINE
  8
0
 10
85.1204
 20
-70.367
 11
85.1898
 21
-70.3166
  0
LINE
  8
0
 10
85.1898
 20
-70.3166
 11
85.2615
 21
-70.269
  0
LINE
  8
0
 10
85.2615
 20
-70.269
 11
85.3347
 21
-70.2244
  0
LINE
  8
0
 10
85.3347
 20
-70.2244
 11
85.4099
 21
-70.1829
  0
LINE
  8
0
 10
85.4099
 20
-70.1829
 11
85.487
 21
-70.1449
  0
LINE
  8
0
 10
85.487
 20
-70.1449
 11
85.5653
 21
-70.1101
  0
LINE
  8
0
 10
85.5653
 20
-70.1101
 11
85.6452
 21
-70.0783
  0
LINE
  8
0
 10
85.6452
 20
-70.0783
 11
85.7262
 21
-70.05
  0
LINE
  8
0
 10
85.7262
 20
-70.05
 11
85.8083
 21
-70.0252
  0
LINE
  8
0
 10
85.8083
 20
-70.0252
 11
85.8917
 21
-70.0039
  0
LINE
  8
0
 10
85.8917
 20
-70.0039
 11
85.9758
 21
-69.986
  0
LINE
  8
0
 10
85.9758
 20
-69.986
 11
86.0603
 21
-69.9717
  0
LINE
  8
0
 10
86.0603
 20
-69.9717
 11
86.1455
 21
-69.9608
  0
LINE
  8
0
 10
86.1455
 20
-69.9608
 11
86.2312
 21
-69.9539
  0
LINE
  8
0
 10
86.2312
 20
-69.9539
 11
86.3168
 21
-69.9504
  0
LINE
  8
0
 10
86.3168
 20
-69.9504
 11
86.4029
 21
-69.9504
  0
LINE
  8
0
 10
86.4029
 20
-69.9504
 11
86.4885
 21
-69.9539
  0
LINE
  8
0
 10
86.4885
 20
-69.9539
 11
86.5742
 21
-69.9608
  0
LINE
  8
0
 10
86.5742
 20
-69.9608
 11
86.6594
 21
-69.9717
  0
LINE
  8
0
 10
86.6594
 20
-69.9717
 11
86.7439
 21
-69.986
  0
LINE
  8
0
 10
86.7439
 20
-69.986
 11
86.828
 21
-70.0039
  0
LINE
  8
0
 10
86.828
 20
-70.0039
 11
86.911
 21
-70.0252
  0
LINE
  8
0
 10
86.911
 20
-70.0252
 11
86.9931
 21
-70.05
  0
LINE
  8
0
 10
86.9931
 20
-70.05
 11
87.0745
 21
-70.0783
  0
LINE
  8
0
 10
87.0745
 20
-70.0783
 11
87.1544
 21
-70.1101
  0
LINE
  8
0
 10
87.1544
 20
-70.1101
 11
87.2327
 21
-70.1449
  0
LINE
  8
0
 10
87.2327
 20
-70.1449
 11
87.3094
 21
-70.1829
  0
LINE
  8
0
 10
87.3094
 20
-70.1829
 11
87.385
 21
-70.2244
  0
LINE
  8
0
 10
87.385
 20
-70.2244
 11
87.4582
 21
-70.269
  0
LINE
  8
0
 10
87.4582
 20
-70.269
 11
87.5299
 21
-70.3166
  0
LINE
  8
0
 10
87.5299
 20
-70.3166
 11
87.5993
 21
-70.367
  0
LINE
  8
0
 10
87.5993
 20
-70.367
 11
87.6664
 21
-70.4201
  0
LINE
  8
0
 10
87.6664
 20
-70.4201
 11
87.7315
 21
-70.4763
  0
LINE
  8
0
 10
87.7315
 20
-70.4763
 11
87.7943
 21
-70.5352
  0
LINE
  8
0
 10
87.7943
 20
-70.5352
 11
87.8543
 21
-70.5965
  0
LINE
  8
0
 10
87.8543
 20
-70.5965
 11
87.9117
 21
-70.6604
  0
LINE
  8
0
 10
87.9117
 20
-70.6604
 11
87.9663
 21
-70.7263
  0
LINE
  8
0
 10
87.9663
 20
-70.7263
 11
88.0183
 21
-70.7949
  0
LINE
  8
0
 10
88.0183
 20
-70.7949
 11
88.0675
 21
-70.8654
  0
LINE
  8
0
 10
88.0675
 20
-70.8654
 11
88.1132
 21
-70.9379
  0
LINE
  8
0
 10
88.1132
 20
-70.9379
 11
88.1562
 21
-71.0123
  0
LINE
  8
0
 10
88.1562
 20
-71.0123
 11
88.1962
 21
-71.0883
  0
LINE
  8
0
 10
88.1962
 20
-71.0883
 11
88.2326
 21
-71.1658
  0
LINE
  8
0
 10
88.2326
 20
-71.1658
 11
88.2659
 21
-71.2453
  0
LINE
  8
0
 10
88.2659
 20
-71.2453
 11
88.2958
 21
-71.3255
  0
LINE
  8
0
 10
88.2958
 20
-71.3255
 11
88.3221
 21
-71.4073
  0
LINE
  8
0
 10
88.3221
 20
-71.4073
 11
88.3454
 21
-71.4898
  0
LINE
  8
0
 10
88.3454
 20
-71.4898
 11
88.3651
 21
-71.5735
  0
LINE
  8
0
 10
88.3651
 20
-71.5735
 11
88.381
 21
-71.658
  0
LINE
  8
0
 10
88.381
 20
-71.658
 11
88.3938
 21
-71.7429
  0
LINE
  8
0
 10
88.3938
 20
-71.7429
 11
88.4027
 21
-71.8282
  0
LINE
  8
0
 10
88.4027
 20
-71.8282
 11
88.4082
 21
-71.9138
  0
LINE
  8
0
 10
88.4082
 20
-71.9138
 11
88.4097
 21
-71.9999
  0
LINE
  8
0
 10
88.4097
 20
-71.9999
 11
88.4082
 21
-72.0855
  0
LINE
  8
0
 10
88.4082
 20
-72.0855
 11
88.4027
 21
-72.1712
  0
LINE
  8
0
 10
88.4027
 20
-72.1712
 11
88.3938
 21
-72.2568
  0
LINE
  8
0
 10
88.3938
 20
-72.2568
 11
88.381
 21
-72.3417
  0
LINE
  8
0
 10
88.381
 20
-72.3417
 11
88.3651
 21
-72.4262
  0
LINE
  8
0
 10
88.3651
 20
-72.4262
 11
88.3454
 21
-72.5095
  0
LINE
  8
0
 10
88.3454
 20
-72.5095
 11
88.3221
 21
-72.5925
  0
LINE
  8
0
 10
88.3221
 20
-72.5925
 11
88.2958
 21
-72.6739
  0
LINE
  8
0
 10
88.2958
 20
-72.6739
 11
88.2659
 21
-72.7545
  0
LINE
  8
0
 10
88.2659
 20
-72.7545
 11
88.2326
 21
-72.8335
  0
LINE
  8
0
 10
88.2326
 20
-72.8335
 11
88.1962
 21
-72.9114
  0
LINE
  8
0
 10
88.1962
 20
-72.9114
 11
88.1562
 21
-72.9874
  0
LINE
  8
0
 10
88.1562
 20
-72.9874
 11
88.1132
 21
-73.0618
  0
LINE
  8
0
 10
88.1132
 20
-73.0618
 11
88.0675
 21
-73.1343
  0
LINE
  8
0
 10
88.0675
 20
-73.1343
 11
88.0183
 21
-73.2048
  0
LINE
  8
0
 10
88.0183
 20
-73.2048
 11
87.9663
 21
-73.273
  0
LINE
  8
0
 10
87.9663
 20
-73.273
 11
87.9117
 21
-73.3393
  0
LINE
  8
0
 10
87.9117
 20
-73.3393
 11
87.8543
 21
-73.4033
  0
LINE
  8
0
 10
87.8543
 20
-73.4033
 11
87.7943
 21
-73.4645
  0
LINE
  8
0
 10
87.7943
 20
-73.4645
 11
87.7315
 21
-73.5234
  0
LINE
  8
0
 10
87.7315
 20
-73.5234
 11
87.6664
 21
-73.5792
  0
LINE
  8
0
 10
87.6664
 20
-73.5792
 11
87.5993
 21
-73.6327
  0
LINE
  8
0
 10
87.5993
 20
-73.6327
 11
87.5299
 21
-73.6831
  0
LINE
  8
0
 10
87.5299
 20
-73.6831
 11
87.4582
 21
-73.7308
  0
LINE
  8
0
 10
87.4582
 20
-73.7308
 11
87.385
 21
-73.7753
  0
LINE
  8
0
 10
87.385
 20
-73.7753
 11
87.3094
 21
-73.8164
  0
LINE
  8
0
 10
87.3094
 20
-73.8164
 11
87.2327
 21
-73.8548
  0
LINE
  8
0
 10
87.2327
 20
-73.8548
 11
87.1544
 21
-73.8897
  0
LINE
  8
0
 10
87.1544
 20
-73.8897
 11
87.0745
 21
-73.9211
  0
LINE
  8
0
 10
87.0745
 20
-73.9211
 11
86.9931
 21
-73.9494
  0
LINE
  8
0
 10
86.9931
 20
-73.9494
 11
86.911
 21
-73.9742
  0
LINE
  8
0
 10
86.911
 20
-73.9742
 11
86.828
 21
-73.9955
  0
LINE
  8
0
 10
86.828
 20
-73.9955
 11
86.7439
 21
-74.0133
  0
LINE
  8
0
 10
86.7439
 20
-74.0133
 11
86.6594
 21
-74.0277
  0
LINE
  8
0
 10
86.6594
 20
-74.0277
 11
86.5742
 21
-74.0385
  0
LINE
  8
0
 10
86.5742
 20
-74.0385
 11
86.4885
 21
-74.0459
  0
LINE
  8
0
 10
86.4885
 20
-74.0459
 11
86.4029
 21
-74.0494
  0
LINE
  8
0
 10
86.4029
 20
-74.0494
 11
86.3168
 21
-74.0494
  0
LINE
  8
0
 10
9.22696
 20
-82.0493
 11
9.14091
 21
-82.0458
  0
LINE
  8
0
 10
9.14091
 20
-82.0458
 11
9.05565
 21
-82.0384
  0
LINE
  8
0
 10
9.05565
 20
-82.0384
 11
8.97038
 21
-82.0279
  0
LINE
  8
0
 10
8.97038
 20
-82.0279
 11
8.8855
 21
-82.0136
  0
LINE
  8
0
 10
8.8855
 20
-82.0136
 11
8.80179
 21
-81.9958
  0
LINE
  8
0
 10
8.80179
 20
-81.9958
 11
8.71846
 21
-81.9745
  0
LINE
  8
0
 10
8.71846
 20
-81.9745
 11
8.63629
 21
-81.9496
  0
LINE
  8
0
 10
8.63629
 20
-81.9496
 11
8.55529
 21
-81.9214
  0
LINE
  8
0
 10
8.55529
 20
-81.9214
 11
8.47545
 21
-81.8896
  0
LINE
  8
0
 10
8.47545
 20
-81.8896
 11
8.39677
 21
-81.8547
  0
LINE
  8
0
 10
8.39677
 20
-81.8547
 11
8.32003
 21
-81.8167
  0
LINE
  8
0
 10
8.32003
 20
-81.8167
 11
8.24485
 21
-81.7752
  0
LINE
  8
0
 10
8.24485
 20
-81.7752
 11
8.17121
 21
-81.7307
  0
LINE
  8
0
 10
8.17121
 20
-81.7307
 11
8.09989
 21
-81.683
  0
LINE
  8
0
 10
8.09989
 20
-81.683
 11
8.03052
 21
-81.6326
  0
LINE
  8
0
 10
8.03052
 20
-81.6326
 11
7.96308
 21
-81.5795
  0
LINE
  8
0
 10
7.96308
 20
-81.5795
 11
7.89797
 21
-81.5233
  0
LINE
  8
0
 10
7.89797
 20
-81.5233
 11
7.83557
 21
-81.4644
  0
LINE
  8
0
 10
7.83557
 20
-81.4644
 11
7.77549
 21
-81.4032
  0
LINE
  8
0
 10
7.77549
 20
-81.4032
 11
7.71813
 21
-81.3392
  0
LINE
  8
0
 10
7.71813
 20
-81.3392
 11
7.6631
 21
-81.2733
  0
LINE
  8
0
 10
7.6631
 20
-81.2733
 11
7.61116
 21
-81.2047
  0
LINE
  8
0
 10
7.61116
 20
-81.2047
 11
7.56233
 21
-81.1342
  0
LINE
  8
0
 10
7.56233
 20
-81.1342
 11
7.51621
 21
-81.0617
  0
LINE
  8
0
 10
7.51621
 20
-81.0617
 11
7.47319
 21
-80.9873
  0
LINE
  8
0
 10
7.47319
 20
-80.9873
 11
7.43365
 21
-80.9113
  0
LINE
  8
0
 10
7.43365
 20
-80.9113
 11
7.39722
 21
-80.8334
  0
LINE
  8
0
 10
7.39722
 20
-80.8334
 11
7.36389
 21
-80.7544
  0
LINE
  8
0
 10
7.36389
 20
-80.7544
 11
7.33366
 21
-80.6741
  0
LINE
  8
0
 10
7.33366
 20
-80.6741
 11
7.30731
 21
-80.5924
  0
LINE
  8
0
 10
7.30731
 20
-80.5924
 11
7.28405
 21
-80.5098
  0
LINE
  8
0
 10
7.28405
 20
-80.5098
 11
7.26467
 21
-80.4261
  0
LINE
  8
0
 10
7.26467
 20
-80.4261
 11
7.24839
 21
-80.3416
  0
LINE
  8
0
 10
7.24839
 20
-80.3416
 11
7.23599
 21
-80.2567
  0
LINE
  8
0
 10
7.23599
 20
-80.2567
 11
7.22708
 21
-80.1715
  0
LINE
  8
0
 10
7.22708
 20
-80.1715
 11
7.22165
 21
-80.0858
  0
LINE
  8
0
 10
7.22165
 20
-80.0858
 11
7.21971
 21
-79.9998
  0
LINE
  8
0
 10
7.21971
 20
-79.9998
 11
7.22165
 21
-79.9141
  0
LINE
  8
0
 10
7.22165
 20
-79.9141
 11
7.22708
 21
-79.8281
  0
LINE
  8
0
 10
7.22708
 20
-79.8281
 11
7.23599
 21
-79.7428
  0
LINE
  8
0
 10
7.23599
 20
-79.7428
 11
7.24839
 21
-79.6579
  0
LINE
  8
0
 10
7.24839
 20
-79.6579
 11
7.26467
 21
-79.5734
  0
LINE
  8
0
 10
7.26467
 20
-79.5734
 11
7.28405
 21
-79.4901
  0
LINE
  8
0
 10
7.28405
 20
-79.4901
 11
7.30731
 21
-79.4072
  0
LINE
  8
0
 10
7.30731
 20
-79.4072
 11
7.33366
 21
-79.3258
  0
LINE
  8
0
 10
7.33366
 20
-79.3258
 11
7.36389
 21
-79.2452
  0
LINE
  8
0
 10
7.36389
 20
-79.2452
 11
7.39722
 21
-79.1661
  0
LINE
  8
0
 10
7.39722
 20
-79.1661
 11
7.43365
 21
-79.0882
  0
LINE
  8
0
 10
7.43365
 20
-79.0882
 11
7.47319
 21
-79.0122
  0
LINE
  8
0
 10
7.47319
 20
-79.0122
 11
7.51621
 21
-78.9378
  0
LINE
  8
0
 10
7.51621
 20
-78.9378
 11
7.56233
 21
-78.8653
  0
LINE
  8
0
 10
7.56233
 20
-78.8653
 11
7.61116
 21
-78.7948
  0
LINE
  8
0
 10
7.61116
 20
-78.7948
 11
7.6631
 21
-78.7266
  0
LINE
  8
0
 10
7.6631
 20
-78.7266
 11
7.71813
 21
-78.6603
  0
LINE
  8
0
 10
7.71813
 20
-78.6603
 11
7.77549
 21
-78.5964
  0
LINE
  8
0
 10
7.77549
 20
-78.5964
 11
7.83557
 21
-78.5351
  0
LINE
  8
0
 10
7.83557
 20
-78.5351
 11
7.89797
 21
-78.4762
  0
LINE
  8
0
 10
7.89797
 20
-78.4762
 11
7.96308
 21
-78.4204
  0
LINE
  8
0
 10
7.96308
 20
-78.4204
 11
8.03052
 21
-78.3669
  0
LINE
  8
0
 10
8.03052
 20
-78.3669
 11
8.09989
 21
-78.3165
  0
LINE
  8
0
 10
8.09989
 20
-78.3165
 11
8.17121
 21
-78.2689
  0
LINE
  8
0
 10
8.17121
 20
-78.2689
 11
8.24485
 21
-78.2243
  0
LINE
  8
0
 10
8.24485
 20
-78.2243
 11
8.32003
 21
-78.1832
  0
LINE
  8
0
 10
8.32003
 20
-78.1832
 11
8.39677
 21
-78.1448
  0
LINE
  8
0
 10
8.39677
 20
-78.1448
 11
8.47545
 21
-78.11
  0
LINE
  8
0
 10
8.47545
 20
-78.11
 11
8.55529
 21
-78.0782
  0
LINE
  8
0
 10
8.55529
 20
-78.0782
 11
8.63629
 21
-78.0503
  0
LINE
  8
0
 10
8.63629
 20
-78.0503
 11
8.71846
 21
-78.0255
  0
LINE
  8
0
 10
8.71846
 20
-78.0255
 11
8.80179
 21
-78.0042
  0
LINE
  8
0
 10
8.80179
 20
-78.0042
 11
8.8855
 21
-77.9859
  0
LINE
  8
0
 10
8.8855
 20
-77.9859
 11
8.97038
 21
-77.972
  0
LINE
  8
0
 10
8.97038
 20
-77.972
 11
9.05565
 21
-77.9611
  0
LINE
  8
0
 10
9.05565
 20
-77.9611
 11
9.14091
 21
-77.9538
  0
LINE
  8
0
 10
9.14091
 20
-77.9538
 11
9.22696
 21
-77.9503
  0
LINE
  8
0
 10
9.22696
 20
-77.9503
 11
9.31261
 21
-77.9503
  0
LINE
  8
0
 10
9.31261
 20
-77.9503
 11
9.39865
 21
-77.9538
  0
LINE
  8
0
 10
9.39865
 20
-77.9538
 11
9.48392
 21
-77.9611
  0
LINE
  8
0
 10
9.48392
 20
-77.9611
 11
9.56918
 21
-77.972
  0
LINE
  8
0
 10
9.56918
 20
-77.972
 11
9.65406
 21
-77.9859
  0
LINE
  8
0
 10
9.65406
 20
-77.9859
 11
9.73778
 21
-78.0042
  0
LINE
  8
0
 10
9.73778
 20
-78.0042
 11
9.82111
 21
-78.0255
  0
LINE
  8
0
 10
9.82111
 20
-78.0255
 11
9.90327
 21
-78.0503
  0
LINE
  8
0
 10
9.90327
 20
-78.0503
 11
9.98427
 21
-78.0782
  0
LINE
  8
0
 10
9.98427
 20
-78.0782
 11
10.0641
 21
-78.11
  0
LINE
  8
0
 10
10.0641
 20
-78.11
 11
10.1428
 21
-78.1448
  0
LINE
  8
0
 10
10.1428
 20
-78.1448
 11
10.2195
 21
-78.1832
  0
LINE
  8
0
 10
10.2195
 20
-78.1832
 11
10.2947
 21
-78.2243
  0
LINE
  8
0
 10
10.2947
 20
-78.2243
 11
10.3684
 21
-78.2689
  0
LINE
  8
0
 10
10.3684
 20
-78.2689
 11
10.4397
 21
-78.3165
  0
LINE
  8
0
 10
10.4397
 20
-78.3165
 11
10.509
 21
-78.3669
  0
LINE
  8
0
 10
10.509
 20
-78.3669
 11
10.5765
 21
-78.4204
  0
LINE
  8
0
 10
10.5765
 20
-78.4204
 11
10.6416
 21
-78.4762
  0
LINE
  8
0
 10
10.6416
 20
-78.4762
 11
10.704
 21
-78.5351
  0
LINE
  8
0
 10
10.704
 20
-78.5351
 11
10.7641
 21
-78.5964
  0
LINE
  8
0
 10
10.7641
 20
-78.5964
 11
10.8218
 21
-78.6603
  0
LINE
  8
0
 10
10.8218
 20
-78.6603
 11
10.8765
 21
-78.7266
  0
LINE
  8
0
 10
10.8765
 20
-78.7266
 11
10.9284
 21
-78.7948
  0
LINE
  8
0
 10
10.9284
 20
-78.7948
 11
10.9772
 21
-78.8653
  0
LINE
  8
0
 10
10.9772
 20
-78.8653
 11
11.0234
 21
-78.9378
  0
LINE
  8
0
 10
11.0234
 20
-78.9378
 11
11.0664
 21
-79.0122
  0
LINE
  8
0
 10
11.0664
 20
-79.0122
 11
11.1059
 21
-79.0882
  0
LINE
  8
0
 10
11.1059
 20
-79.0882
 11
11.1427
 21
-79.1661
  0
LINE
  8
0
 10
11.1427
 20
-79.1661
 11
11.1757
 21
-79.2452
  0
LINE
  8
0
 10
11.1757
 20
-79.2452
 11
11.2059
 21
-79.3258
  0
LINE
  8
0
 10
11.2059
 20
-79.3258
 11
11.2323
 21
-79.4072
  0
LINE
  8
0
 10
11.2323
 20
-79.4072
 11
11.2555
 21
-79.4901
  0
LINE
  8
0
 10
11.2555
 20
-79.4901
 11
11.2749
 21
-79.5734
  0
LINE
  8
0
 10
11.2749
 20
-79.5734
 11
11.2912
 21
-79.6579
  0
LINE
  8
0
 10
11.2912
 20
-79.6579
 11
11.3036
 21
-79.7428
  0
LINE
  8
0
 10
11.3036
 20
-79.7428
 11
11.3125
 21
-79.8281
  0
LINE
  8
0
 10
11.3125
 20
-79.8281
 11
11.3179
 21
-79.9141
  0
LINE
  8
0
 10
11.3179
 20
-79.9141
 11
11.3199
 21
-79.9998
  0
LINE
  8
0
 10
11.3199
 20
-79.9998
 11
11.3179
 21
-80.0858
  0
LINE
  8
0
 10
11.3179
 20
-80.0858
 11
11.3125
 21
-80.1715
  0
LINE
  8
0
 10
11.3125
 20
-80.1715
 11
11.3036
 21
-80.2567
  0
LINE
  8
0
 10
11.3036
 20
-80.2567
 11
11.2912
 21
-80.3416
  0
LINE
  8
0
 10
11.2912
 20
-80.3416
 11
11.2749
 21
-80.4261
  0
LINE
  8
0
 10
11.2749
 20
-80.4261
 11
11.2555
 21
-80.5098
  0
LINE
  8
0
 10
11.2555
 20
-80.5098
 11
11.2323
 21
-80.5924
  0
LINE
  8
0
 10
11.2323
 20
-80.5924
 11
11.2059
 21
-80.6741
  0
LINE
  8
0
 10
11.2059
 20
-80.6741
 11
11.1757
 21
-80.7544
  0
LINE
  8
0
 10
11.1757
 20
-80.7544
 11
11.1427
 21
-80.8334
  0
LINE
  8
0
 10
11.1427
 20
-80.8334
 11
11.1059
 21
-80.9113
  0
LINE
  8
0
 10
11.1059
 20
-80.9113
 11
11.0664
 21
-80.9873
  0
LINE
  8
0
 10
11.0664
 20
-80.9873
 11
11.0234
 21
-81.0617
  0
LINE
  8
0
 10
11.0234
 20
-81.0617
 11
10.9772
 21
-81.1342
  0
LINE
  8
0
 10
10.9772
 20
-81.1342
 11
10.9284
 21
-81.2047
  0
LINE
  8
0
 10
10.9284
 20
-81.2047
 11
10.8765
 21
-81.2733
  0
LINE
  8
0
 10
10.8765
 20
-81.2733
 11
10.8218
 21
-81.3392
  0
LINE
  8
0
 10
10.8218
 20
-81.3392
 11
10.7641
 21
-81.4032
  0
LINE
  8
0
 10
10.7641
 20
-81.4032
 11
10.704
 21
-81.4644
  0
LINE
  8
0
 10
10.704
 20
-81.4644
 11
10.6416
 21
-81.5233
  0
LINE
  8
0
 10
10.6416
 20
-81.5233
 11
10.5765
 21
-81.5795
  0
LINE
  8
0
 10
10.5765
 20
-81.5795
 11
10.509
 21
-81.6326
  0
LINE
  8
0
 10
10.509
 20
-81.6326
 11
10.4397
 21
-81.683
  0
LINE
  8
0
 10
10.4397
 20
-81.683
 11
10.3684
 21
-81.7307
  0
LINE
  8
0
 10
10.3684
 20
-81.7307
 11
10.2947
 21
-81.7752
  0
LINE
  8
0
 10
10.2947
 20
-81.7752
 11
10.2195
 21
-81.8167
  0
LINE
  8
0
 10
10.2195
 20
-81.8167
 11
10.1428
 21
-81.8547
  0
LINE
  8
0
 10
10.1428
 20
-81.8547
 11
10.0641
 21
-81.8896
  0
LINE
  8
0
 10
10.0641
 20
-81.8896
 11
9.98427
 21
-81.9214
  0
LINE
  8
0
 10
9.98427
 20
-81.9214
 11
9.90327
 21
-81.9496
  0
LINE
  8
0
 10
9.90327
 20
-81.9496
 11
9.82111
 21
-81.9745
  0
LINE
  8
0
 10
9.82111
 20
-81.9745
 11
9.73778
 21
-81.9958
  0
LINE
  8
0
 10
9.73778
 20
-81.9958
 11
9.65406
 21
-82.0136
  0
LINE
  8
0
 10
9.65406
 20
-82.0136
 11
9.56918
 21
-82.0279
  0
LINE
  8
0
 10
9.56918
 20
-82.0279
 11
9.48392
 21
-82.0384
  0
LINE
  8
0
 10
9.48392
 20
-82.0384
 11
9.39865
 21
-82.0458
  0
LINE
  8
0
 10
9.39865
 20
-82.0458
 11
9.31261
 21
-82.0493
  0
LINE
  8
0
 10
9.31261
 20
-82.0493
 11
9.22696
 21
-82.0493
  0
LINE
  8
0
 10
9.22696
 20
-98.0494
 11
9.14091
 21
-98.046
  0
LINE
  8
0
 10
9.14091
 20
-98.046
 11
9.05565
 21
-98.0386
  0
LINE
  8
0
 10
9.05565
 20
-98.0386
 11
8.97038
 21
-98.0277
  0
LINE
  8
0
 10
8.97038
 20
-98.0277
 11
8.8855
 21
-98.0134
  0
LINE
  8
0
 10
8.8855
 20
-98.0134
 11
8.80179
 21
-97.9956
  0
LINE
  8
0
 10
8.80179
 20
-97.9956
 11
8.71846
 21
-97.9743
  0
LINE
  8
0
 10
8.71846
 20
-97.9743
 11
8.63629
 21
-97.9494
  0
LINE
  8
0
 10
8.63629
 20
-97.9494
 11
8.55529
 21
-97.9212
  0
LINE
  8
0
 10
8.55529
 20
-97.9212
 11
8.47545
 21
-97.8898
  0
LINE
  8
0
 10
8.47545
 20
-97.8898
 11
8.39677
 21
-97.8549
  0
LINE
  8
0
 10
8.39677
 20
-97.8549
 11
8.32003
 21
-97.8165
  0
LINE
  8
0
 10
8.32003
 20
-97.8165
 11
8.24485
 21
-97.775
  0
LINE
  8
0
 10
8.24485
 20
-97.775
 11
8.17121
 21
-97.7309
  0
LINE
  8
0
 10
8.17121
 20
-97.7309
 11
8.09989
 21
-97.6832
  0
LINE
  8
0
 10
8.09989
 20
-97.6832
 11
8.03052
 21
-97.6328
  0
LINE
  8
0
 10
8.03052
 20
-97.6328
 11
7.96308
 21
-97.5793
  0
LINE
  8
0
 10
7.96308
 20
-97.5793
 11
7.89797
 21
-97.5231
  0
LINE
  8
0
 10
7.89797
 20
-97.5231
 11
7.83557
 21
-97.4646
  0
LINE
  8
0
 10
7.83557
 20
-97.4646
 11
7.77549
 21
-97.403
  0
LINE
  8
0
 10
7.77549
 20
-97.403
 11
7.71813
 21
-97.3394
  0
LINE
  8
0
 10
7.71813
 20
-97.3394
 11
7.6631
 21
-97.2731
  0
LINE
  8
0
 10
7.6631
 20
-97.2731
 11
7.61116
 21
-97.2049
  0
LINE
  8
0
 10
7.61116
 20
-97.2049
 11
7.56233
 21
-97.1344
  0
LINE
  8
0
 10
7.56233
 20
-97.1344
 11
7.51621
 21
-97.0619
  0
LINE
  8
0
 10
7.51621
 20
-97.0619
 11
7.47319
 21
-96.9875
  0
LINE
  8
0
 10
7.47319
 20
-96.9875
 11
7.43365
 21
-96.9111
  0
LINE
  8
0
 10
7.43365
 20
-96.9111
 11
7.39722
 21
-96.8336
  0
LINE
  8
0
 10
7.39722
 20
-96.8336
 11
7.36389
 21
-96.7546
  0
LINE
  8
0
 10
7.36389
 20
-96.7546
 11
7.33366
 21
-96.6739
  0
LINE
  8
0
 10
7.33366
 20
-96.6739
 11
7.30731
 21
-96.5922
  0
LINE
  8
0
 10
7.30731
 20
-96.5922
 11
7.28405
 21
-96.5096
  0
LINE
  8
0
 10
7.28405
 20
-96.5096
 11
7.26467
 21
-96.4259
  0
LINE
  8
0
 10
7.26467
 20
-96.4259
 11
7.24839
 21
-96.3418
  0
LINE
  8
0
 10
7.24839
 20
-96.3418
 11
7.23599
 21
-96.2569
  0
LINE
  8
0
 10
7.23599
 20
-96.2569
 11
7.22708
 21
-96.1713
  0
LINE
  8
0
 10
7.22708
 20
-96.1713
 11
7.22165
 21
-96.0856
  0
LINE
  8
0
 10
7.22165
 20
-96.0856
 11
7.21971
 21
-96
  0
LINE
  8
0
 10
7.21971
 20
-96
 11
7.22165
 21
-95.9139
  0
LINE
  8
0
 10
7.22165
 20
-95.9139
 11
7.22708
 21
-95.8283
  0
LINE
  8
0
 10
7.22708
 20
-95.8283
 11
7.23599
 21
-95.743
  0
LINE
  8
0
 10
7.23599
 20
-95.743
 11
7.24839
 21
-95.6581
  0
LINE
  8
0
 10
7.24839
 20
-95.6581
 11
7.26467
 21
-95.5736
  0
LINE
  8
0
 10
7.26467
 20
-95.5736
 11
7.28405
 21
-95.4899
  0
LINE
  8
0
 10
7.28405
 20
-95.4899
 11
7.30731
 21
-95.4074
  0
LINE
  8
0
 10
7.30731
 20
-95.4074
 11
7.33366
 21
-95.3256
  0
LINE
  8
0
 10
7.33366
 20
-95.3256
 11
7.36389
 21
-95.245
  0
LINE
  8
0
 10
7.36389
 20
-95.245
 11
7.39722
 21
-95.1659
  0
LINE
  8
0
 10
7.39722
 20
-95.1659
 11
7.43365
 21
-95.0884
  0
LINE
  8
0
 10
7.43365
 20
-95.0884
 11
7.47319
 21
-95.012
  0
LINE
  8
0
 10
7.47319
 20
-95.012
 11
7.51621
 21
-94.938
  0
LINE
  8
0
 10
7.51621
 20
-94.938
 11
7.56233
 21
-94.8655
  0
LINE
  8
0
 10
7.56233
 20
-94.8655
 11
7.61116
 21
-94.795
  0
LINE
  8
0
 10
7.61116
 20
-94.795
 11
7.6631
 21
-94.7264
  0
LINE
  8
0
 10
7.6631
 20
-94.7264
 11
7.71813
 21
-94.6601
  0
LINE
  8
0
 10
7.71813
 20
-94.6601
 11
7.77549
 21
-94.5966
  0
LINE
  8
0
 10
7.77549
 20
-94.5966
 11
7.83557
 21
-94.5353
  0
LINE
  8
0
 10
7.83557
 20
-94.5353
 11
7.89797
 21
-94.4764
  0
LINE
  8
0
 10
7.89797
 20
-94.4764
 11
7.96308
 21
-94.4202
  0
LINE
  8
0
 10
7.96308
 20
-94.4202
 11
8.03052
 21
-94.3671
  0
LINE
  8
0
 10
8.03052
 20
-94.3671
 11
8.09989
 21
-94.3163
  0
LINE
  8
0
 10
8.09989
 20
-94.3163
 11
8.17121
 21
-94.2691
  0
LINE
  8
0
 10
8.17121
 20
-94.2691
 11
8.24485
 21
-94.2245
  0
LINE
  8
0
 10
8.24485
 20
-94.2245
 11
8.32003
 21
-94.183
  0
LINE
  8
0
 10
8.32003
 20
-94.183
 11
8.39677
 21
-94.145
  0
LINE
  8
0
 10
8.39677
 20
-94.145
 11
8.47545
 21
-94.1101
  0
LINE
  8
0
 10
8.47545
 20
-94.1101
 11
8.55529
 21
-94.0784
  0
LINE
  8
0
 10
8.55529
 20
-94.0784
 11
8.63629
 21
-94.0501
  0
LINE
  8
0
 10
8.63629
 20
-94.0501
 11
8.71846
 21
-94.0253
  0
LINE
  8
0
 10
8.71846
 20
-94.0253
 11
8.80179
 21
-94.004
  0
LINE
  8
0
 10
8.80179
 20
-94.004
 11
8.8855
 21
-93.9861
  0
LINE
  8
0
 10
8.8855
 20
-93.9861
 11
8.97038
 21
-93.9718
  0
LINE
  8
0
 10
8.97038
 20
-93.9718
 11
9.05565
 21
-93.9609
  0
LINE
  8
0
 10
9.05565
 20
-93.9609
 11
9.14091
 21
-93.954
  0
LINE
  8
0
 10
9.14091
 20
-93.954
 11
9.22696
 21
-93.9501
  0
LINE
  8
0
 10
9.22696
 20
-93.9501
 11
9.31261
 21
-93.9501
  0
LINE
  8
0
 10
9.31261
 20
-93.9501
 11
9.39865
 21
-93.954
  0
LINE
  8
0
 10
9.39865
 20
-93.954
 11
9.48392
 21
-93.9609
  0
LINE
  8
0
 10
9.48392
 20
-93.9609
 11
9.56918
 21
-93.9718
  0
LINE
  8
0
 10
9.56918
 20
-93.9718
 11
9.65406
 21
-93.9861
  0
LINE
  8
0
 10
9.65406
 20
-93.9861
 11
9.73778
 21
-94.004
  0
LINE
  8
0
 10
9.73778
 20
-94.004
 11
9.82111
 21
-94.0253
  0
LINE
  8
0
 10
9.82111
 20
-94.0253
 11
9.90327
 21
-94.0501
  0
LINE
  8
0
 10
9.90327
 20
-94.0501
 11
9.98427
 21
-94.0784
  0
LINE
  8
0
 10
9.98427
 20
-94.0784
 11
10.0641
 21
-94.1101
  0
LINE
  8
0
 10
10.0641
 20
-94.1101
 11
10.1428
 21
-94.145
  0
LINE
  8
0
 10
10.1428
 20
-94.145
 11
10.2195
 21
-94.183
  0
LINE
  8
0
 10
10.2195
 20
-94.183
 11
10.2947
 21
-94.2245
  0
LINE
  8
0
 10
10.2947
 20
-94.2245
 11
10.3684
 21
-94.2691
  0
LINE
  8
0
 10
10.3684
 20
-94.2691
 11
10.4397
 21
-94.3163
  0
LINE
  8
0
 10
10.4397
 20
-94.3163
 11
10.509
 21
-94.3671
  0
LINE
  8
0
 10
10.509
 20
-94.3671
 11
10.5765
 21
-94.4202
  0
LINE
  8
0
 10
10.5765
 20
-94.4202
 11
10.6416
 21
-94.4764
  0
LINE
  8
0
 10
10.6416
 20
-94.4764
 11
10.704
 21
-94.5353
  0
LINE
  8
0
 10
10.704
 20
-94.5353
 11
10.7641
 21
-94.5966
  0
LINE
  8
0
 10
10.7641
 20
-94.5966
 11
10.8218
 21
-94.6601
  0
LINE
  8
0
 10
10.8218
 20
-94.6601
 11
10.8765
 21
-94.7264
  0
LINE
  8
0
 10
10.8765
 20
-94.7264
 11
10.9284
 21
-94.795
  0
LINE
  8
0
 10
10.9284
 20
-94.795
 11
10.9772
 21
-94.8655
  0
LINE
  8
0
 10
10.9772
 20
-94.8655
 11
11.0234
 21
-94.938
  0
LINE
  8
0
 10
11.0234
 20
-94.938
 11
11.0664
 21
-95.012
  0
LINE
  8
0
 10
11.0664
 20
-95.012
 11
11.1059
 21
-95.0884
  0
LINE
  8
0
 10
11.1059
 20
-95.0884
 11
11.1427
 21
-95.1659
  0
LINE
  8
0
 10
11.1427
 20
-95.1659
 11
11.1757
 21
-95.245
  0
LINE
  8
0
 10
11.1757
 20
-95.245
 11
11.2059
 21
-95.3256
  0
LINE
  8
0
 10
11.2059
 20
-95.3256
 11
11.2323
 21
-95.4074
  0
LINE
  8
0
 10
11.2323
 20
-95.4074
 11
11.2555
 21
-95.4899
  0
LINE
  8
0
 10
11.2555
 20
-95.4899
 11
11.2749
 21
-95.5736
  0
LINE
  8
0
 10
11.2749
 20
-95.5736
 11
11.2912
 21
-95.6581
  0
LINE
  8
0
 10
11.2912
 20
-95.6581
 11
11.3036
 21
-95.743
  0
LINE
  8
0
 10
11.3036
 20
-95.743
 11
11.3125
 21
-95.8283
  0
LINE
  8
0
 10
11.3125
 20
-95.8283
 11
11.3179
 21
-95.9139
  0
LINE
  8
0
 10
11.3179
 20
-95.9139
 11
11.3199
 21
-96
  0
LINE
  8
0
 10
11.3199
 20
-96
 11
11.3179
 21
-96.0856
  0
LINE
  8
0
 10
11.3179
 20
-96.0856
 11
11.3125
 21
-96.1713
  0
LINE
  8
0
 10
11.3125
 20
-96.1713
 11
11.3036
 21
-96.2569
  0
LINE
  8
0
 10
11.3036
 20
-96.2569
 11
11.2912
 21
-96.3418
  0
LINE
  8
0
 10
11.2912
 20
-96.3418
 11
11.2749
 21
-96.4259
  0
LINE
  8
0
 10
11.2749
 20
-96.4259
 11
11.2555
 21
-96.5096
  0
LINE
  8
0
 10
11.2555
 20
-96.5096
 11
11.2323
 21
-96.5922
  0
LINE
  8
0
 10
11.2323
 20
-96.5922
 11
11.2059
 21
-96.6739
  0
LINE
  8
0
 10
11.2059
 20
-96.6739
 11
11.1757
 21
-96.7546
  0
LINE
  8
0
 10
11.1757
 20
-96.7546
 11
11.1427
 21
-96.8336
  0
LINE
  8
0
 10
11.1427
 20
-96.8336
 11
11.1059
 21
-96.9111
  0
LINE
  8
0
 10
11.1059
 20
-96.9111
 11
11.0664
 21
-96.9875
  0
LINE
  8
0
 10
11.0664
 20
-96.9875
 11
11.0234
 21
-97.0619
  0
LINE
  8
0
 10
11.0234
 20
-97.0619
 11
10.9772
 21
-97.1344
  0
LINE
  8
0
 10
10.9772
 20
-97.1344
 11
10.9284
 21
-97.2049
  0
LINE
  8
0
 10
10.9284
 20
-97.2049
 11
10.8765
 21
-97.2731
  0
LINE
  8
0
 10
10.8765
 20
-97.2731
 11
10.8218
 21
-97.3394
  0
LINE
  8
0
 10
10.8218
 20
-97.3394
 11
10.7641
 21
-97.403
  0
LINE
  8
0
 10
10.7641
 20
-97.403
 11
10.704
 21
-97.4646
  0
LINE
  8
0
 10
10.704
 20
-97.4646
 11
10.6416
 21
-97.5231
  0
LINE
  8
0
 10
10.6416
 20
-97.5231
 11
10.5765
 21
-97.5793
  0
LINE
  8
0
 10
10.5765
 20
-97.5793
 11
10.509
 21
-97.6328
  0
LINE
  8
0
 10
10.509
 20
-97.6328
 11
10.4397
 21
-97.6832
  0
LINE
  8
0
 10
10.4397
 20
-97.6832
 11
10.3684
 21
-97.7309
  0
LINE
  8
0
 10
10.3684
 20
-97.7309
 11
10.2947
 21
-97.775
  0
LINE
  8
0
 10
10.2947
 20
-97.775
 11
10.2195
 21
-97.8165
  0
LINE
  8
0
 10
10.2195
 20
-97.8165
 11
10.1428
 21
-97.8549
  0
LINE
  8
0
 10
10.1428
 20
-97.8549
 11
10.0641
 21
-97.8898
  0
LINE
  8
0
 10
10.0641
 20
-97.8898
 11
9.98427
 21
-97.9212
  0
LINE
  8
0
 10
9.98427
 20
-97.9212
 11
9.90327
 21
-97.9494
  0
LINE
  8
0
 10
9.90327
 20
-97.9494
 11
9.82111
 21
-97.9743
  0
LINE
  8
0
 10
9.82111
 20
-97.9743
 11
9.73778
 21
-97.9956
  0
LINE
  8
0
 10
9.73778
 20
-97.9956
 11
9.65406
 21
-98.0134
  0
LINE
  8
0
 10
9.65406
 20
-98.0134
 11
9.56918
 21
-98.0277
  0
LINE
  8
0
 10
9.56918
 20
-98.0277
 11
9.48392
 21
-98.0386
  0
LINE
  8
0
 10
9.48392
 20
-98.0386
 11
9.39865
 21
-98.046
  0
LINE
  8
0
 10
9.39865
 20
-98.046
 11
9.31261
 21
-98.0494
  0
LINE
  8
0
 10
9.31261
 20
-98.0494
 11
9.22696
 21
-98.0494
  0
LINE
  8
0
 10
86.3168
 20
-98.0494
 11
86.2312
 21
-98.046
  0
LINE
  8
0
 10
86.2312
 20
-98.046
 11
86.1455
 21
-98.0386
  0
LINE
  8
0
 10
86.1455
 20
-98.0386
 11
86.0603
 21
-98.0277
  0
LINE
  8
0
 10
86.0603
 20
-98.0277
 11
85.9758
 21
-98.0134
  0
LINE
  8
0
 10
85.9758
 20
-98.0134
 11
85.8917
 21
-97.9956
  0
LINE
  8
0
 10
85.8917
 20
-97.9956
 11
85.8083
 21
-97.9743
  0
LINE
  8
0
 10
85.8083
 20
-97.9743
 11
85.7262
 21
-97.9494
  0
LINE
  8
0
 10
85.7262
 20
-97.9494
 11
85.6452
 21
-97.9212
  0
LINE
  8
0
 10
85.6452
 20
-97.9212
 11
85.5653
 21
-97.8898
  0
LINE
  8
0
 10
85.5653
 20
-97.8898
 11
85.487
 21
-97.8549
  0
LINE
  8
0
 10
85.487
 20
-97.8549
 11
85.4099
 21
-97.8165
  0
LINE
  8
0
 10
85.4099
 20
-97.8165
 11
85.3347
 21
-97.775
  0
LINE
  8
0
 10
85.3347
 20
-97.775
 11
85.2615
 21
-97.7309
  0
LINE
  8
0
 10
85.2615
 20
-97.7309
 11
85.1898
 21
-97.6832
  0
LINE
  8
0
 10
85.1898
 20
-97.6832
 11
85.1204
 21
-97.6328
  0
LINE
  8
0
 10
85.1204
 20
-97.6328
 11
85.0529
 21
-97.5793
  0
LINE
  8
0
 10
85.0529
 20
-97.5793
 11
84.9882
 21
-97.5231
  0
LINE
  8
0
 10
84.9882
 20
-97.5231
 11
84.9254
 21
-97.4646
  0
LINE
  8
0
 10
84.9254
 20
-97.4646
 11
84.8654
 21
-97.403
  0
LINE
  8
0
 10
84.8654
 20
-97.403
 11
84.808
 21
-97.3394
  0
LINE
  8
0
 10
84.808
 20
-97.3394
 11
84.7534
 21
-97.2731
  0
LINE
  8
0
 10
84.7534
 20
-97.2731
 11
84.7014
 21
-97.2049
  0
LINE
  8
0
 10
84.7014
 20
-97.2049
 11
84.6522
 21
-97.1344
  0
LINE
  8
0
 10
84.6522
 20
-97.1344
 11
84.6065
 21
-97.0619
  0
LINE
  8
0
 10
84.6065
 20
-97.0619
 11
84.5634
 21
-96.9875
  0
LINE
  8
0
 10
84.5634
 20
-96.9875
 11
84.5235
 21
-96.9111
  0
LINE
  8
0
 10
84.5235
 20
-96.9111
 11
84.4871
 21
-96.8336
  0
LINE
  8
0
 10
84.4871
 20
-96.8336
 11
84.4538
 21
-96.7546
  0
LINE
  8
0
 10
84.4538
 20
-96.7546
 11
84.4239
 21
-96.6739
  0
LINE
  8
0
 10
84.4239
 20
-96.6739
 11
84.3972
 21
-96.5922
  0
LINE
  8
0
 10
84.3972
 20
-96.5922
 11
84.3743
 21
-96.5096
  0
LINE
  8
0
 10
84.3743
 20
-96.5096
 11
84.3545
 21
-96.4259
  0
LINE
  8
0
 10
84.3545
 20
-96.4259
 11
84.3387
 21
-96.3418
  0
LINE
  8
0
 10
84.3387
 20
-96.3418
 11
84.3259
 21
-96.2569
  0
LINE
  8
0
 10
84.3259
 20
-96.2569
 11
84.3169
 21
-96.1713
  0
LINE
  8
0
 10
84.3169
 20
-96.1713
 11
84.3115
 21
-96.0856
  0
LINE
  8
0
 10
84.3115
 20
-96.0856
 11
84.31
 21
-96
  0
LINE
  8
0
 10
84.31
 20
-96
 11
84.3115
 21
-95.9139
  0
LINE
  8
0
 10
84.3115
 20
-95.9139
 11
84.3169
 21
-95.8283
  0
LINE
  8
0
 10
84.3169
 20
-95.8283
 11
84.3259
 21
-95.743
  0
LINE
  8
0
 10
84.3259
 20
-95.743
 11
84.3387
 21
-95.6581
  0
LINE
  8
0
 10
84.3387
 20
-95.6581
 11
84.3545
 21
-95.5736
  0
LINE
  8
0
 10
84.3545
 20
-95.5736
 11
84.3743
 21
-95.4899
  0
LINE
  8
0
 10
84.3743
 20
-95.4899
 11
84.3972
 21
-95.4074
  0
LINE
  8
0
 10
84.3972
 20
-95.4074
 11
84.4239
 21
-95.3256
  0
LINE
  8
0
 10
84.4239
 20
-95.3256
 11
84.4538
 21
-95.245
  0
LINE
  8
0
 10
84.4538
 20
-95.245
 11
84.4871
 21
-95.1659
  0
LINE
  8
0
 10
84.4871
 20
-95.1659
 11
84.5235
 21
-95.0884
  0
LINE
  8
0
 10
84.5235
 20
-95.0884
 11
84.5634
 21
-95.012
  0
LINE
  8
0
 10
84.5634
 20
-95.012
 11
84.6065
 21
-94.938
  0
LINE
  8
0
 10
84.6065
 20
-94.938
 11
84.6522
 21
-94.8655
  0
LINE
  8
0
 10
84.6522
 20
-94.8655
 11
84.7014
 21
-94.795
  0
LINE
  8
0
 10
84.7014
 20
-94.795
 11
84.7534
 21
-94.7264
  0
LINE
  8
0
 10
84.7534
 20
-94.7264
 11
84.808
 21
-94.6601
  0
LINE
  8
0
 10
84.808
 20
-94.6601
 11
84.8654
 21
-94.5966
  0
LINE
  8
0
 10
84.8654
 20
-94.5966
 11
84.9254
 21
-94.5353
  0
LINE
  8
0
 10
84.9254
 20
-94.5353
 11
84.9882
 21
-94.4764
  0
LINE
  8
0
 10
84.9882
 20
-94.4764
 11
85.0529
 21
-94.4202
  0
LINE
  8
0
 10
85.0529
 20
-94.4202
 11
85.1204
 21
-94.3671
  0
LINE
  8
0
 10
85.1204
 20
-94.3671
 11
85.1898
 21
-94.3163
  0
LINE
  8
0
 10
85.1898
 20
-94.3163
 11
85.2615
 21
-94.2691
  0
LINE
  8
0
 10
85.2615
 20
-94.2691
 11
85.3347
 21
-94.2245
  0
LINE
  8
0
 10
85.3347
 20
-94.2245
 11
85.4099
 21
-94.183
  0
LINE
  8
0
 10
85.4099
 20
-94.183
 11
85.487
 21
-94.145
  0
LINE
  8
0
 10
85.487
 20
-94.145
 11
85.5653
 21
-94.1101
  0
LINE
  8
0
 10
85.5653
 20
-94.1101
 11
85.6452
 21
-94.0784
  0
LINE
  8
0
 10
85.6452
 20
-94.0784
 11
85.7262
 21
-94.0501
  0
LINE
  8
0
 10
85.7262
 20
-94.0501
 11
85.8083
 21
-94.0253
  0
LINE
  8
0
 10
85.8083
 20
-94.0253
 11
85.8917
 21
-94.004
  0
LINE
  8
0
 10
85.8917
 20
-94.004
 11
85.9758
 21
-93.9861
  0
LINE
  8
0
 10
85.9758
 20
-93.9861
 11
86.0603
 21
-93.9718
  0
LINE
  8
0
 10
86.0603
 20
-93.9718
 11
86.1455
 21
-93.9609
  0
LINE
  8
0
 10
86.1455
 20
-93.9609
 11
86.2312
 21
-93.954
  0
LINE
  8
0
 10
86.2312
 20
-93.954
 11
86.3168
 21
-93.9501
  0
LINE
  8
0
 10
86.3168
 20
-93.9501
 11
86.4029
 21
-93.9501
  0
LINE
  8
0
 10
86.4029
 20
-93.9501
 11
86.4885
 21
-93.954
  0
LINE
  8
0
 10
86.4885
 20
-93.954
 11
86.5742
 21
-93.9609
  0
LINE
  8
0
 10
86.5742
 20
-93.9609
 11
86.6594
 21
-93.9718
  0
LINE
  8
0
 10
86.6594
 20
-93.9718
 11
86.7439
 21
-93.9861
  0
LINE
  8
0
 10
86.7439
 20
-93.9861
 11
86.828
 21
-94.004
  0
LINE
  8
0
 10
86.828
 20
-94.004
 11
86.911
 21
-94.0253
  0
LINE
  8
0
 10
86.911
 20
-94.0253
 11
86.9931
 21
-94.0501
  0
LINE
  8
0
 10
86.9931
 20
-94.0501
 11
87.0745
 21
-94.0784
  0
LINE
  8
0
 10
87.0745
 20
-94.0784
 11
87.1544
 21
-94.1101
  0
LINE
  8
0
 10
87.1544
 20
-94.1101
 11
87.2327
 21
-94.145
  0
LINE
  8
0
 10
87.2327
 20
-94.145
 11
87.3094
 21
-94.183
  0
LINE
  8
0
 10
87.3094
 20
-94.183
 11
87.385
 21
-94.2245
  0
LINE
  8
0
 10
87.385
 20
-94.2245
 11
87.4582
 21
-94.2691
  0
LINE
  8
0
 10
87.4582
 20
-94.2691
 11
87.5299
 21
-94.3163
  0
LINE
  8
0
 10
87.5299
 20
-94.3163
 11
87.5993
 21
-94.3671
  0
LINE
  8
0
 10
87.5993
 20
-94.3671
 11
87.6664
 21
-94.4202
  0
LINE
  8
0
 10
87.6664
 20
-94.4202
 11
87.7315
 21
-94.4764
  0
LINE
  8
0
 10
87.7315
 20
-94.4764
 11
87.7943
 21
-94.5353
  0
LINE
  8
0
 10
87.7943
 20
-94.5353
 11
87.8543
 21
-94.5966
  0
LINE
  8
0
 10
87.8543
 20
-94.5966
 11
87.9117
 21
-94.6601
  0
LINE
  8
0
 10
87.9117
 20
-94.6601
 11
87.9663
 21
-94.7264
  0
LINE
  8
0
 10
87.9663
 20
-94.7264
 11
88.0183
 21
-94.795
  0
LINE
  8
0
 10
88.0183
 20
-94.795
 11
88.0675
 21
-94.8655
  0
LINE
  8
0
 10
88.0675
 20
-94.8655
 11
88.1132
 21
-94.938
  0
LINE
  8
0
 10
88.1132
 20
-94.938
 11
88.1562
 21
-95.012
  0
LINE
  8
0
 10
88.1562
 20
-95.012
 11
88.1962
 21
-95.0884
  0
LINE
  8
0
 10
88.1962
 20
-95.0884
 11
88.2326
 21
-95.1659
  0
LINE
  8
0
 10
88.2326
 20
-95.1659
 11
88.2659
 21
-95.245
  0
LINE
  8
0
 10
88.2659
 20
-95.245
 11
88.2958
 21
-95.3256
  0
LINE
  8
0
 10
88.2958
 20
-95.3256
 11
88.3221
 21
-95.4074
  0
LINE
  8
0
 10
88.3221
 20
-95.4074
 11
88.3454
 21
-95.4899
  0
LINE
  8
0
 10
88.3454
 20
-95.4899
 11
88.3651
 21
-95.5736
  0
LINE
  8
0
 10
88.3651
 20
-95.5736
 11
88.381
 21
-95.6581
  0
LINE
  8
0
 10
88.381
 20
-95.6581
 11
88.3938
 21
-95.743
  0
LINE
  8
0
 10
88.3938
 20
-95.743
 11
88.4027
 21
-95.8283
  0
LINE
  8
0
 10
88.4027
 20
-95.8283
 11
88.4082
 21
-95.9139
  0
LINE
  8
0
 10
88.4082
 20
-95.9139
 11
88.4097
 21
-96
  0
LINE
  8
0
 10
88.4097
 20
-96
 11
88.4082
 21
-96.0856
  0
LINE
  8
0
 10
88.4082
 20
-96.0856
 11
88.4027
 21
-96.1713
  0
LINE
  8
0
 10
88.4027
 20
-96.1713
 11
88.3938
 21
-96.2569
  0
LINE
  8
0
 10
88.3938
 20
-96.2569
 11
88.381
 21
-96.3418
  0
LINE
  8
0
 10
88.381
 20
-96.3418
 11
88.3651
 21
-96.4259
  0
LINE
  8
0
 10
88.3651
 20
-96.4259
 11
88.3454
 21
-96.5096
  0
LINE
  8
0
 10
88.3454
 20
-96.5096
 11
88.3221
 21
-96.5922
  0
LINE
  8
0
 10
88.3221
 20
-96.5922
 11
88.2958
 21
-96.6739
  0
LINE
  8
0
 10
88.2958
 20
-96.6739
 11
88.2659
 21
-96.7546
  0
LINE
  8
0
 10
88.2659
 20
-96.7546
 11
88.2326
 21
-96.8336
  0
LINE
  8
0
 10
88.2326
 20
-96.8336
 11
88.1962
 21
-96.9111
  0
LINE
  8
0
 10
88.1962
 20
-96.9111
 11
88.1562
 21
-96.9875
  0
LINE
  8
0
 10
88.1562
 20
-96.9875
 11
88.1132
 21
-97.0619
  0
LINE
  8
0
 10
88.1132
 20
-97.0619
 11
88.0675
 21
-97.1344
  0
LINE
  8
0
 10
88.0675
 20
-97.1344
 11
88.0183
 21
-97.2049
  0
LINE
  8
0
 10
88.0183
 20
-97.2049
 11
87.9663
 21
-97.2731
  0
LINE
  8
0
 10
87.9663
 20
-97.2731
 11
87.9117
 21
-97.3394
  0
LINE
  8
0
 10
87.9117
 20
-97.3394
 11
87.8543
 21
-97.403
  0
LINE
  8
0
 10
87.8543
 20
-97.403
 11
87.7943
 21
-97.4646
  0
LINE
  8
0
 10
87.7943
 20
-97.4646
 11
87.7315
 21
-97.5231
  0
LINE
  8
0
 10
87.7315
 20
-97.5231
 11
87.6664
 21
-97.5793
  0
LINE
  8
0
 10
87.6664
 20
-97.5793
 11
87.5993
 21
-97.6328
  0
LINE
  8
0
 10
87.5993
 20
-97.6328
 11
87.5299
 21
-97.6832
  0
LINE
  8
0
 10
87.5299
 20
-97.6832
 11
87.4582
 21
-97.7309
  0
LINE
  8
0
 10
87.4582
 20
-97.7309
 11
87.385
 21
-97.775
  0
LINE
  8
0
 10
87.385
 20
-97.775
 11
87.3094
 21
-97.8165
  0
LINE
  8
0
 10
87.3094
 20
-97.8165
 11
87.2327
 21
-97.8549
  0
LINE
  8
0
 10
87.2327
 20
-97.8549
 11
87.1544
 21
-97.8898
  0
LINE
  8
0
 10
87.1544
 20
-97.8898
 11
87.0745
 21
-97.9212
  0
LINE
  8
0
 10
87.0745
 20
-97.9212
 11
86.9931
 21
-97.9494
  0
LINE
  8
0
 10
86.9931
 20
-97.9494
 11
86.911
 21
-97.9743
  0
LINE
  8
0
 10
86.911
 20
-97.9743
 11
86.828
 21
-97.9956
  0
LINE
  8
0
 10
86.828
 20
-97.9956
 11
86.7439
 21
-98.0134
  0
LINE
  8
0
 10
86.7439
 20
-98.0134
 11
86.6594
 21
-98.0277
  0
LINE
  8
0
 10
86.6594
 20
-98.0277
 11
86.5742
 21
-98.0386
  0
LINE
  8
0
 10
86.5742
 20
-98.0386
 11
86.4885
 21
-98.046
  0
LINE
  8
0
 10
86.4885
 20
-98.046
 11
86.4029
 21
-98.0494
  0
LINE
  8
0
 10
86.4029
 20
-98.0494
 11
86.3168
 21
-98.0494
  0
LINE
  8
0
 10
42.3939
 20
-116.668
 11
42.3083
 21
-116.663
  0
LINE
  8
0
 10
42.3083
 20
-116.663
 11
42.223
 21
-116.654
  0
LINE
  8
0
 10
42.223
 20
-116.654
 11
42.1377
 21
-116.641
  0
LINE
  8
0
 10
42.1377
 20
-116.641
 11
42.0536
 21
-116.625
  0
LINE
  8
0
 10
42.0536
 20
-116.625
 11
41.9699
 21
-116.605
  0
LINE
  8
0
 10
41.9699
 20
-116.605
 11
41.8874
 21
-116.582
  0
LINE
  8
0
 10
41.8874
 20
-116.582
 11
41.8056
 21
-116.556
  0
LINE
  8
0
 10
41.8056
 20
-116.556
 11
41.725
 21
-116.526
  0
LINE
  8
0
 10
41.725
 20
-116.526
 11
41.6459
 21
-116.493
  0
LINE
  8
0
 10
41.6459
 20
-116.493
 11
41.5684
 21
-116.456
  0
LINE
  8
0
 10
41.5684
 20
-116.456
 11
41.492
 21
-116.416
  0
LINE
  8
0
 10
41.492
 20
-116.416
 11
41.418
 21
-116.374
  0
LINE
  8
0
 10
41.418
 20
-116.374
 11
41.3455
 21
-116.327
  0
LINE
  8
0
 10
41.3455
 20
-116.327
 11
41.275
 21
-116.278
  0
LINE
  8
0
 10
41.275
 20
-116.278
 11
41.2064
 21
-116.226
  0
LINE
  8
0
 10
41.2064
 20
-116.226
 11
41.1401
 21
-116.172
  0
LINE
  8
0
 10
41.1401
 20
-116.172
 11
41.0766
 21
-116.114
  0
LINE
  8
0
 10
41.0766
 20
-116.114
 11
41.0149
 21
-116.054
  0
LINE
  8
0
 10
41.0149
 20
-116.054
 11
40.9564
 21
-115.991
  0
LINE
  8
0
 10
40.9564
 20
-115.991
 11
40.9002
 21
-115.927
  0
LINE
  8
0
 10
40.9002
 20
-115.927
 11
40.8467
 21
-115.859
  0
LINE
  8
0
 10
40.8467
 20
-115.859
 11
40.7963
 21
-115.79
  0
LINE
  8
0
 10
40.7963
 20
-115.79
 11
40.7491
 21
-115.718
  0
LINE
  8
0
 10
40.7491
 20
-115.718
 11
40.7045
 21
-115.645
  0
LINE
  8
0
 10
40.7045
 20
-115.645
 11
40.663
 21
-115.57
  0
LINE
  8
0
 10
40.663
 20
-115.57
 11
40.625
 21
-115.493
  0
LINE
  8
0
 10
40.625
 20
-115.493
 11
40.5902
 21
-115.414
  0
LINE
  8
0
 10
40.5902
 20
-115.414
 11
40.5584
 21
-115.334
  0
LINE
  8
0
 10
40.5584
 20
-115.334
 11
40.5301
 21
-115.253
  0
LINE
  8
0
 10
40.5301
 20
-115.253
 11
40.5053
 21
-115.171
  0
LINE
  8
0
 10
40.5053
 20
-115.171
 11
40.484
 21
-115.088
  0
LINE
  8
0
 10
40.484
 20
-115.088
 11
40.4661
 21
-115.004
  0
LINE
  8
0
 10
40.4661
 20
-115.004
 11
40.4518
 21
-114.919
  0
LINE
  8
0
 10
40.4518
 20
-114.919
 11
40.4409
 21
-114.834
  0
LINE
  8
0
 10
40.4409
 20
-114.834
 11
40.434
 21
-114.748
  0
LINE
  8
0
 10
40.434
 20
-114.748
 11
40.4301
 21
-114.663
  0
LINE
  8
0
 10
40.4301
 20
-114.663
 11
40.4301
 21
-114.577
  0
LINE
  8
0
 10
40.4301
 20
-114.577
 11
40.434
 21
-114.491
  0
LINE
  8
0
 10
40.434
 20
-114.491
 11
40.4409
 21
-114.405
  0
LINE
  8
0
 10
40.4409
 20
-114.405
 11
40.4518
 21
-114.321
  0
LINE
  8
0
 10
40.4518
 20
-114.321
 11
40.4661
 21
-114.236
  0
LINE
  8
0
 10
40.4661
 20
-114.236
 11
40.484
 21
-114.152
  0
LINE
  8
0
 10
40.484
 20
-114.152
 11
40.5053
 21
-114.069
  0
LINE
  8
0
 10
40.5053
 20
-114.069
 11
40.5301
 21
-113.986
  0
LINE
  8
0
 10
40.5301
 20
-113.986
 11
40.5584
 21
-113.905
  0
LINE
  8
0
 10
40.5584
 20
-113.905
 11
40.5902
 21
-113.826
  0
LINE
  8
0
 10
40.5902
 20
-113.826
 11
40.625
 21
-113.747
  0
LINE
  8
0
 10
40.625
 20
-113.747
 11
40.663
 21
-113.67
  0
LINE
  8
0
 10
40.663
 20
-113.67
 11
40.7045
 21
-113.595
  0
LINE
  8
0
 10
40.7045
 20
-113.595
 11
40.7491
 21
-113.521
  0
LINE
  8
0
 10
40.7491
 20
-113.521
 11
40.7963
 21
-113.45
  0
LINE
  8
0
 10
40.7963
 20
-113.45
 11
40.8467
 21
-113.38
  0
LINE
  8
0
 10
40.8467
 20
-113.38
 11
40.9002
 21
-113.313
  0
LINE
  8
0
 10
40.9002
 20
-113.313
 11
40.9564
 21
-113.248
  0
LINE
  8
0
 10
40.9564
 20
-113.248
 11
41.0149
 21
-113.185
  0
LINE
  8
0
 10
41.0149
 20
-113.185
 11
41.0766
 21
-113.125
  0
LINE
  8
0
 10
41.0766
 20
-113.125
 11
41.1401
 21
-113.068
  0
LINE
  8
0
 10
41.1401
 20
-113.068
 11
41.2064
 21
-113.013
  0
LINE
  8
0
 10
41.2064
 20
-113.013
 11
41.275
 21
-112.961
  0
LINE
  8
0
 10
41.275
 20
-112.961
 11
41.3455
 21
-112.912
  0
LINE
  8
0
 10
41.3455
 20
-112.912
 11
41.418
 21
-112.866
  0
LINE
  8
0
 10
41.418
 20
-112.866
 11
41.492
 21
-112.823
  0
LINE
  8
0
 10
41.492
 20
-112.823
 11
41.5684
 21
-112.784
  0
LINE
  8
0
 10
41.5684
 20
-112.784
 11
41.6459
 21
-112.747
  0
LINE
  8
0
 10
41.6459
 20
-112.747
 11
41.725
 21
-112.714
  0
LINE
  8
0
 10
41.725
 20
-112.714
 11
41.8056
 21
-112.684
  0
LINE
  8
0
 10
41.8056
 20
-112.684
 11
41.8874
 21
-112.657
  0
LINE
  8
0
 10
41.8874
 20
-112.657
 11
41.9699
 21
-112.634
  0
LINE
  8
0
 10
41.9699
 20
-112.634
 11
42.0536
 21
-112.614
  0
LINE
  8
0
 10
42.0536
 20
-112.614
 11
42.1377
 21
-112.599
  0
LINE
  8
0
 10
42.1377
 20
-112.599
 11
42.223
 21
-112.586
  0
LINE
  8
0
 10
42.223
 20
-112.586
 11
42.3083
 21
-112.577
  0
LINE
  8
0
 10
42.3083
 20
-112.577
 11
42.3939
 21
-112.572
  0
LINE
  8
0
 10
42.3939
 20
-112.572
 11
42.48
 21
-112.57
  0
LINE
  8
0
 10
42.48
 20
-112.57
 11
42.5656
 21
-112.572
  0
LINE
  8
0
 10
42.5656
 20
-112.572
 11
42.6513
 21
-112.577
  0
LINE
  8
0
 10
42.6513
 20
-112.577
 11
42.7369
 21
-112.586
  0
LINE
  8
0
 10
42.7369
 20
-112.586
 11
42.8218
 21
-112.599
  0
LINE
  8
0
 10
42.8218
 20
-112.599
 11
42.9059
 21
-112.614
  0
LINE
  8
0
 10
42.9059
 20
-112.614
 11
42.9896
 21
-112.634
  0
LINE
  8
0
 10
42.9896
 20
-112.634
 11
43.0722
 21
-112.657
  0
LINE
  8
0
 10
43.0722
 20
-112.657
 11
43.154
 21
-112.684
  0
LINE
  8
0
 10
43.154
 20
-112.684
 11
43.2346
 21
-112.714
  0
LINE
  8
0
 10
43.2346
 20
-112.714
 11
43.3136
 21
-112.747
  0
LINE
  8
0
 10
43.3136
 20
-112.747
 11
43.3911
 21
-112.784
  0
LINE
  8
0
 10
43.3911
 20
-112.784
 11
43.4675
 21
-112.823
  0
LINE
  8
0
 10
43.4675
 20
-112.823
 11
43.5419
 21
-112.866
  0
LINE
  8
0
 10
43.5419
 20
-112.866
 11
43.6144
 21
-112.912
  0
LINE
  8
0
 10
43.6144
 20
-112.912
 11
43.6849
 21
-112.961
  0
LINE
  8
0
 10
43.6849
 20
-112.961
 11
43.7531
 21
-113.013
  0
LINE
  8
0
 10
43.7531
 20
-113.013
 11
43.8194
 21
-113.068
  0
LINE
  8
0
 10
43.8194
 20
-113.068
 11
43.883
 21
-113.125
  0
LINE
  8
0
 10
43.883
 20
-113.125
 11
43.9446
 21
-113.185
  0
LINE
  8
0
 10
43.9446
 20
-113.185
 11
44.0031
 21
-113.248
  0
LINE
  8
0
 10
44.0031
 20
-113.248
 11
44.0593
 21
-113.313
  0
LINE
  8
0
 10
44.0593
 20
-113.313
 11
44.1128
 21
-113.38
  0
LINE
  8
0
 10
44.1128
 20
-113.38
 11
44.1632
 21
-113.45
  0
LINE
  8
0
 10
44.1632
 20
-113.45
 11
44.2109
 21
-113.521
  0
LINE
  8
0
 10
44.2109
 20
-113.521
 11
44.2551
 21
-113.595
  0
LINE
  8
0
 10
44.2551
 20
-113.595
 11
44.2965
 21
-113.67
  0
LINE
  8
0
 10
44.2965
 20
-113.67
 11
44.3349
 21
-113.747
  0
LINE
  8
0
 10
44.3349
 20
-113.747
 11
44.3698
 21
-113.826
  0
LINE
  8
0
 10
44.3698
 20
-113.826
 11
44.4012
 21
-113.905
  0
LINE
  8
0
 10
44.4012
 20
-113.905
 11
44.4295
 21
-113.986
  0
LINE
  8
0
 10
44.4295
 20
-113.986
 11
44.4543
 21
-114.069
  0
LINE
  8
0
 10
44.4543
 20
-114.069
 11
44.4756
 21
-114.152
  0
LINE
  8
0
 10
44.4756
 20
-114.152
 11
44.4934
 21
-114.236
  0
LINE
  8
0
 10
44.4934
 20
-114.236
 11
44.5077
 21
-114.321
  0
LINE
  8
0
 10
44.5077
 20
-114.321
 11
44.5186
 21
-114.405
  0
LINE
  8
0
 10
44.5186
 20
-114.405
 11
44.5256
 21
-114.491
  0
LINE
  8
0
 10
44.5256
 20
-114.491
 11
44.5295
 21
-114.577
  0
LINE
  8
0
 10
44.5295
 20
-114.577
 11
44.5295
 21
-114.663
  0
LINE
  8
0
 10
44.5295
 20
-114.663
 11
44.5256
 21
-114.748
  0
LINE
  8
0
 10
44.5256
 20
-114.748
 11
44.5186
 21
-114.834
  0
LINE
  8
0
 10
44.5186
 20
-114.834
 11
44.5077
 21
-114.919
  0
LINE
  8
0
 10
44.5077
 20
-114.919
 11
44.4934
 21
-115.004
  0
LINE
  8
0
 10
44.4934
 20
-115.004
 11
44.4756
 21
-115.088
  0
LINE
  8
0
 10
44.4756
 20
-115.088
 11
44.4543
 21
-115.171
  0
LINE
  8
0
 10
44.4543
 20
-115.171
 11
44.4295
 21
-115.253
  0
LINE
  8
0
 10
44.4295
 20
-115.253
 11
44.4012
 21
-115.334
  0
LINE
  8
0
 10
44.4012
 20
-115.334
 11
44.3698
 21
-115.414
  0
LINE
  8
0
 10
44.3698
 20
-115.414
 11
44.3349
 21
-115.493
  0
LINE
  8
0
 10
44.3349
 20
-115.493
 11
44.2965
 21
-115.57
  0
LINE
  8
0
 10
44.2965
 20
-115.57
 11
44.2551
 21
-115.645
  0
LINE
  8
0
 10
44.2551
 20
-115.645
 11
44.2109
 21
-115.718
  0
LINE
  8
0
 10
44.2109
 20
-115.718
 11
44.1632
 21
-115.79
  0
LINE
  8
0
 10
44.1632
 20
-115.79
 11
44.1128
 21
-115.859
  0
LINE
  8
0
 10
44.1128
 20
-115.859
 11
44.0593
 21
-115.927
  0
LINE
  8
0
 10
44.0593
 20
-115.927
 11
44.0031
 21
-115.991
  0
LINE
  8
0
 10
44.0031
 20
-115.991
 11
43.9446
 21
-116.054
  0
LINE
  8
0
 10
43.9446
 20
-116.054
 11
43.883
 21
-116.114
  0
LINE
  8
0
 10
43.883
 20
-116.114
 11
43.8194
 21
-116.172
  0
LINE
  8
0
 10
43.8194
 20
-116.172
 11
43.7531
 21
-116.226
  0
LINE
  8
0
 10
43.7531
 20
-116.226
 11
43.6849
 21
-116.278
  0
LINE
  8
0
 10
43.6849
 20
-116.278
 11
43.6144
 21
-116.327
  0
LINE
  8
0
 10
43.6144
 20
-116.327
 11
43.5419
 21
-116.374
  0
LINE
  8
0
 10
43.5419
 20
-116.374
 11
43.4675
 21
-116.416
  0
LINE
  8
0
 10
43.4675
 20
-116.416
 11
43.3911
 21
-116.456
  0
LINE
  8
0
 10
43.3911
 20
-116.456
 11
43.3136
 21
-116.493
  0
LINE
  8
0
 10
43.3136
 20
-116.493
 11
43.2346
 21
-116.526
  0
LINE
  8
0
 10
43.2346
 20
-116.526
 11
43.154
 21
-116.556
  0
LINE
  8
0
 10
43.154
 20
-116.556
 11
43.0722
 21
-116.582
  0
LINE
  8
0
 10
43.0722
 20
-116.582
 11
42.9896
 21
-116.605
  0
LINE
  8
0
 10
42.9896
 20
-116.605
 11
42.9059
 21
-116.625
  0
LINE
  8
0
 10
42.9059
 20
-116.625
 11
42.8218
 21
-116.641
  0
LINE
  8
0
 10
42.8218
 20
-116.641
 11
42.7369
 21
-116.654
  0
LINE
  8
0
 10
42.7369
 20
-116.654
 11
42.6513
 21
-116.663
  0
LINE
  8
0
 10
42.6513
 20
-116.663
 11
42.5656
 21
-116.668
  0
LINE
  8
0
 10
42.5656
 20
-116.668
 11
42.48
 21
-116.67
  0
LINE
  8
0
 10
42.48
 20
-116.67
 11
42.3939
 21
-116.668
  0
LINE
  8
0
 10
18.3938
 20
-116.668
 11
18.3082
 21
-116.663
  0
LINE
  8
0
 10
18.3082
 20
-116.663
 11
18.2229
 21
-116.654
  0
LINE
  8
0
 10
18.2229
 20
-116.654
 11
18.138
 21
-116.641
  0
LINE
  8
0
 10
18.138
 20
-116.641
 11
18.0535
 21
-116.625
  0
LINE
  8
0
 10
18.0535
 20
-116.625
 11
17.9698
 21
-116.605
  0
LINE
  8
0
 10
17.9698
 20
-116.605
 11
17.8873
 21
-116.582
  0
LINE
  8
0
 10
17.8873
 20
-116.582
 11
17.8055
 21
-116.556
  0
LINE
  8
0
 10
17.8055
 20
-116.556
 11
17.7253
 21
-116.526
  0
LINE
  8
0
 10
17.7253
 20
-116.526
 11
17.6458
 21
-116.493
  0
LINE
  8
0
 10
17.6458
 20
-116.493
 11
17.5683
 21
-116.456
  0
LINE
  8
0
 10
17.5683
 20
-116.456
 11
17.4923
 21
-116.416
  0
LINE
  8
0
 10
17.4923
 20
-116.416
 11
17.4179
 21
-116.374
  0
LINE
  8
0
 10
17.4179
 20
-116.374
 11
17.3455
 21
-116.327
  0
LINE
  8
0
 10
17.3455
 20
-116.327
 11
17.2749
 21
-116.278
  0
LINE
  8
0
 10
17.2749
 20
-116.278
 11
17.2063
 21
-116.226
  0
LINE
  8
0
 10
17.2063
 20
-116.226
 11
17.1404
 21
-116.172
  0
LINE
  8
0
 10
17.1404
 20
-116.172
 11
17.0765
 21
-116.114
  0
LINE
  8
0
 10
17.0765
 20
-116.114
 11
17.0152
 21
-116.054
  0
LINE
  8
0
 10
17.0152
 20
-116.054
 11
16.9563
 21
-115.991
  0
LINE
  8
0
 10
16.9563
 20
-115.991
 11
16.9001
 21
-115.927
  0
LINE
  8
0
 10
16.9001
 20
-115.927
 11
16.847
 21
-115.859
  0
LINE
  8
0
 10
16.847
 20
-115.859
 11
16.7966
 21
-115.79
  0
LINE
  8
0
 10
16.7966
 20
-115.79
 11
16.749
 21
-115.718
  0
LINE
  8
0
 10
16.749
 20
-115.718
 11
16.7044
 21
-115.645
  0
LINE
  8
0
 10
16.7044
 20
-115.645
 11
16.6629
 21
-115.57
  0
LINE
  8
0
 10
16.6629
 20
-115.57
 11
16.625
 21
-115.493
  0
LINE
  8
0
 10
16.625
 20
-115.493
 11
16.5901
 21
-115.414
  0
LINE
  8
0
 10
16.5901
 20
-115.414
 11
16.5583
 21
-115.334
  0
LINE
  8
0
 10
16.5583
 20
-115.334
 11
16.53
 21
-115.253
  0
LINE
  8
0
 10
16.53
 20
-115.253
 11
16.5052
 21
-115.171
  0
LINE
  8
0
 10
16.5052
 20
-115.171
 11
16.4839
 21
-115.088
  0
LINE
  8
0
 10
16.4839
 20
-115.088
 11
16.466
 21
-115.004
  0
LINE
  8
0
 10
16.466
 20
-115.004
 11
16.4517
 21
-114.919
  0
LINE
  8
0
 10
16.4517
 20
-114.919
 11
16.4412
 21
-114.834
  0
LINE
  8
0
 10
16.4412
 20
-114.834
 11
16.4339
 21
-114.748
  0
LINE
  8
0
 10
16.4339
 20
-114.748
 11
16.4304
 21
-114.663
  0
LINE
  8
0
 10
16.4304
 20
-114.663
 11
16.4304
 21
-114.577
  0
LINE
  8
0
 10
16.4304
 20
-114.577
 11
16.4339
 21
-114.491
  0
LINE
  8
0
 10
16.4339
 20
-114.491
 11
16.4412
 21
-114.405
  0
LINE
  8
0
 10
16.4412
 20
-114.405
 11
16.4517
 21
-114.321
  0
LINE
  8
0
 10
16.4517
 20
-114.321
 11
16.466
 21
-114.236
  0
LINE
  8
0
 10
16.466
 20
-114.236
 11
16.4839
 21
-114.152
  0
LINE
  8
0
 10
16.4839
 20
-114.152
 11
16.5052
 21
-114.069
  0
LINE
  8
0
 10
16.5052
 20
-114.069
 11
16.53
 21
-113.986
  0
LINE
  8
0
 10
16.53
 20
-113.986
 11
16.5583
 21
-113.905
  0
LINE
  8
0
 10
16.5583
 20
-113.905
 11
16.5901
 21
-113.826
  0
LINE
  8
0
 10
16.5901
 20
-113.826
 11
16.625
 21
-113.747
  0
LINE
  8
0
 10
16.625
 20
-113.747
 11
16.6629
 21
-113.67
  0
LINE
  8
0
 10
16.6629
 20
-113.67
 11
16.7044
 21
-113.595
  0
LINE
  8
0
 10
16.7044
 20
-113.595
 11
16.749
 21
-113.521
  0
LINE
  8
0
 10
16.749
 20
-113.521
 11
16.7966
 21
-113.45
  0
LINE
  8
0
 10
16.7966
 20
-113.45
 11
16.847
 21
-113.38
  0
LINE
  8
0
 10
16.847
 20
-113.38
 11
16.9001
 21
-113.313
  0
LINE
  8
0
 10
16.9001
 20
-113.313
 11
16.9563
 21
-113.248
  0
LINE
  8
0
 10
16.9563
 20
-113.248
 11
17.0152
 21
-113.185
  0
LINE
  8
0
 10
17.0152
 20
-113.185
 11
17.0765
 21
-113.125
  0
LINE
  8
0
 10
17.0765
 20
-113.125
 11
17.1404
 21
-113.068
  0
LINE
  8
0
 10
17.1404
 20
-113.068
 11
17.2063
 21
-113.013
  0
LINE
  8
0
 10
17.2063
 20
-113.013
 11
17.2749
 21
-112.961
  0
LINE
  8
0
 10
17.2749
 20
-112.961
 11
17.3455
 21
-112.912
  0
LINE
  8
0
 10
17.3455
 20
-112.912
 11
17.4179
 21
-112.866
  0
LINE
  8
0
 10
17.4179
 20
-112.866
 11
17.4923
 21
-112.823
  0
LINE
  8
0
 10
17.4923
 20
-112.823
 11
17.5683
 21
-112.784
  0
LINE
  8
0
 10
17.5683
 20
-112.784
 11
17.6458
 21
-112.747
  0
LINE
  8
0
 10
17.6458
 20
-112.747
 11
17.7253
 21
-112.714
  0
LINE
  8
0
 10
17.7253
 20
-112.714
 11
17.8055
 21
-112.684
  0
LINE
  8
0
 10
17.8055
 20
-112.684
 11
17.8873
 21
-112.657
  0
LINE
  8
0
 10
17.8873
 20
-112.657
 11
17.9698
 21
-112.634
  0
LINE
  8
0
 10
17.9698
 20
-112.634
 11
18.0535
 21
-112.614
  0
LINE
  8
0
 10
18.0535
 20
-112.614
 11
18.138
 21
-112.599
  0
LINE
  8
0
 10
18.138
 20
-112.599
 11
18.2229
 21
-112.586
  0
LINE
  8
0
 10
18.2229
 20
-112.586
 11
18.3082
 21
-112.577
  0
LINE
  8
0
 10
18.3082
 20
-112.577
 11
18.3938
 21
-112.572
  0
LINE
  8
0
 10
18.3938
 20
-112.572
 11
18.4799
 21
-112.57
  0
LINE
  8
0
 10
18.4799
 20
-112.57
 11
18.5655
 21
-112.572
  0
LINE
  8
0
 10
18.5655
 20
-112.572
 11
18.6512
 21
-112.577
  0
LINE
  8
0
 10
18.6512
 20
-112.577
 11
18.7368
 21
-112.586
  0
LINE
  8
0
 10
18.7368
 20
-112.586
 11
18.8217
 21
-112.599
  0
LINE
  8
0
 10
18.8217
 20
-112.599
 11
18.9062
 21
-112.614
  0
LINE
  8
0
 10
18.9062
 20
-112.614
 11
18.9895
 21
-112.634
  0
LINE
  8
0
 10
18.9895
 20
-112.634
 11
19.0725
 21
-112.657
  0
LINE
  8
0
 10
19.0725
 20
-112.657
 11
19.1539
 21
-112.684
  0
LINE
  8
0
 10
19.1539
 20
-112.684
 11
19.2345
 21
-112.714
  0
LINE
  8
0
 10
19.2345
 20
-112.714
 11
19.3135
 21
-112.747
  0
LINE
  8
0
 10
19.3135
 20
-112.747
 11
19.3915
 21
-112.784
  0
LINE
  8
0
 10
19.3915
 20
-112.784
 11
19.4674
 21
-112.823
  0
LINE
  8
0
 10
19.4674
 20
-112.823
 11
19.5418
 21
-112.866
  0
LINE
  8
0
 10
19.5418
 20
-112.866
 11
19.6143
 21
-112.912
  0
LINE
  8
0
 10
19.6143
 20
-112.912
 11
19.6848
 21
-112.961
  0
LINE
  8
0
 10
19.6848
 20
-112.961
 11
19.7531
 21
-113.013
  0
LINE
  8
0
 10
19.7531
 20
-113.013
 11
19.8193
 21
-113.068
  0
LINE
  8
0
 10
19.8193
 20
-113.068
 11
19.8833
 21
-113.125
  0
LINE
  8
0
 10
19.8833
 20
-113.125
 11
19.9445
 21
-113.185
  0
LINE
  8
0
 10
19.9445
 20
-113.185
 11
20.0034
 21
-113.248
  0
LINE
  8
0
 10
20.0034
 20
-113.248
 11
20.0592
 21
-113.313
  0
LINE
  8
0
 10
20.0592
 20
-113.313
 11
20.1127
 21
-113.38
  0
LINE
  8
0
 10
20.1127
 20
-113.38
 11
20.1631
 21
-113.45
  0
LINE
  8
0
 10
20.1631
 20
-113.45
 11
20.2108
 21
-113.521
  0
LINE
  8
0
 10
20.2108
 20
-113.521
 11
20.2554
 21
-113.595
  0
LINE
  8
0
 10
20.2554
 20
-113.595
 11
20.2964
 21
-113.67
  0
LINE
  8
0
 10
20.2964
 20
-113.67
 11
20.3348
 21
-113.747
  0
LINE
  8
0
 10
20.3348
 20
-113.747
 11
20.3697
 21
-113.826
  0
LINE
  8
0
 10
20.3697
 20
-113.826
 11
20.4011
 21
-113.905
  0
LINE
  8
0
 10
20.4011
 20
-113.905
 11
20.4294
 21
-113.986
  0
LINE
  8
0
 10
20.4294
 20
-113.986
 11
20.4542
 21
-114.069
  0
LINE
  8
0
 10
20.4542
 20
-114.069
 11
20.4755
 21
-114.152
  0
LINE
  8
0
 10
20.4755
 20
-114.152
 11
20.4937
 21
-114.236
  0
LINE
  8
0
 10
20.4937
 20
-114.236
 11
20.5077
 21
-114.321
  0
LINE
  8
0
 10
20.5077
 20
-114.321
 11
20.5185
 21
-114.405
  0
LINE
  8
0
 10
20.5185
 20
-114.405
 11
20.5259
 21
-114.491
  0
LINE
  8
0
 10
20.5259
 20
-114.491
 11
20.5294
 21
-114.577
  0
LINE
  8
0
 10
20.5294
 20
-114.577
 11
20.5294
 21
-114.663
  0
LINE
  8
0
 10
20.5294
 20
-114.663
 11
20.5259
 21
-114.748
  0
LINE
  8
0
 10
20.5259
 20
-114.748
 11
20.5185
 21
-114.834
  0
LINE
  8
0
 10
20.5185
 20
-114.834
 11
20.5077
 21
-114.919
  0
LINE
  8
0
 10
20.5077
 20
-114.919
 11
20.4937
 21
-115.004
  0
LINE
  8
0
 10
20.4937
 20
-115.004
 11
20.4755
 21
-115.088
  0
LINE
  8
0
 10
20.4755
 20
-115.088
 11
20.4542
 21
-115.171
  0
LINE
  8
0
 10
20.4542
 20
-115.171
 11
20.4294
 21
-115.253
  0
LINE
  8
0
 10
20.4294
 20
-115.253
 11
20.4011
 21
-115.334
  0
LINE
  8
0
 10
20.4011
 20
-115.334
 11
20.3697
 21
-115.414
  0
LINE
  8
0
 10
20.3697
 20
-115.414
 11
20.3348
 21
-115.493
  0
LINE
  8
0
 10
20.3348
 20
-115.493
 11
20.2964
 21
-115.57
  0
LINE
  8
0
 10
20.2964
 20
-115.57
 11
20.2554
 21
-115.645
  0
LINE
  8
0
 10
20.2554
 20
-115.645
 11
20.2108
 21
-115.718
  0
LINE
  8
0
 10
20.2108
 20
-115.718
 11
20.1631
 21
-115.79
  0
LINE
  8
0
 10
20.1631
 20
-115.79
 11
20.1127
 21
-115.859
  0
LINE
  8
0
 10
20.1127
 20
-115.859
 11
20.0592
 21
-115.927
  0
LINE
  8
0
 10
20.0592
 20
-115.927
 11
20.0034
 21
-115.991
  0
LINE
  8
0
 10
20.0034
 20
-115.991
 11
19.9445
 21
-116.054
  0
LINE
  8
0
 10
19.9445
 20
-116.054
 11
19.8833
 21
-116.114
  0
LINE
  8
0
 10
19.8833
 20
-116.114
 11
19.8193
 21
-116.172
  0
LINE
  8
0
 10
19.8193
 20
-116.172
 11
19.7531
 21
-116.226
  0
LINE
  8
0
 10
19.7531
 20
-116.226
 11
19.6848
 21
-116.278
  0
LINE
  8
0
 10
19.6848
 20
-116.278
 11
19.6143
 21
-116.327
  0
LINE
  8
0
 10
19.6143
 20
-116.327
 11
19.5418
 21
-116.374
  0
LINE
  8
0
 10
19.5418
 20
-116.374
 11
19.4674
 21
-116.416
  0
LINE
  8
0
 10
19.4674
 20
-116.416
 11
19.3915
 21
-116.456
  0
LINE
  8
0
 10
19.3915
 20
-116.456
 11
19.3135
 21
-116.493
  0
LINE
  8
0
 10
19.3135
 20
-116.493
 11
19.2345
 21
-116.526
  0
LINE
  8
0
 10
19.2345
 20
-116.526
 11
19.1539
 21
-116.556
  0
LINE
  8
0
 10
19.1539
 20
-116.556
 11
19.0725
 21
-116.582
  0
LINE
  8
0
 10
19.0725
 20
-116.582
 11
18.9895
 21
-116.605
  0
LINE
  8
0
 10
18.9895
 20
-116.605
 11
18.9062
 21
-116.625
  0
LINE
  8
0
 10
18.9062
 20
-116.625
 11
18.8217
 21
-116.641
  0
LINE
  8
0
 10
18.8217
 20
-116.641
 11
18.7368
 21
-116.654
  0
LINE
  8
0
 10
18.7368
 20
-116.654
 11
18.6512
 21
-116.663
  0
LINE
  8
0
 10
18.6512
 20
-116.663
 11
18.5655
 21
-116.668
  0
LINE
  8
0
 10
18.5655
 20
-116.668
 11
18.4799
 21
-116.67
  0
LINE
  8
0
 10
18.4799
 20
-116.67
 11
18.3938
 21
-116.668
  0
LINE
  8
0
 10
86.3168
 20
-122.05
 11
86.2312
 21
-122.046
  0
LINE
  8
0
 10
86.2312
 20
-122.046
 11
86.1455
 21
-122.039
  0
LINE
  8
0
 10
86.1455
 20
-122.039
 11
86.0603
 21
-122.028
  0
LINE
  8
0
 10
86.0603
 20
-122.028
 11
85.9758
 21
-122.013
  0
LINE
  8
0
 10
85.9758
 20
-122.013
 11
85.8917
 21
-121.996
  0
LINE
  8
0
 10
85.8917
 20
-121.996
 11
85.8083
 21
-121.974
  0
LINE
  8
0
 10
85.8083
 20
-121.974
 11
85.7262
 21
-121.95
  0
LINE
  8
0
 10
85.7262
 20
-121.95
 11
85.6452
 21
-121.921
  0
LINE
  8
0
 10
85.6452
 20
-121.921
 11
85.5653
 21
-121.889
  0
LINE
  8
0
 10
85.5653
 20
-121.889
 11
85.487
 21
-121.855
  0
LINE
  8
0
 10
85.487
 20
-121.855
 11
85.4099
 21
-121.817
  0
LINE
  8
0
 10
85.4099
 20
-121.817
 11
85.3347
 21
-121.775
  0
LINE
  8
0
 10
85.3347
 20
-121.775
 11
85.2615
 21
-121.731
  0
LINE
  8
0
 10
85.2615
 20
-121.731
 11
85.1898
 21
-121.683
  0
LINE
  8
0
 10
85.1898
 20
-121.683
 11
85.1204
 21
-121.633
  0
LINE
  8
0
 10
85.1204
 20
-121.633
 11
85.0529
 21
-121.579
  0
LINE
  8
0
 10
85.0529
 20
-121.579
 11
84.9882
 21
-121.523
  0
LINE
  8
0
 10
84.9882
 20
-121.523
 11
84.9254
 21
-121.464
  0
LINE
  8
0
 10
84.9254
 20
-121.464
 11
84.8654
 21
-121.403
  0
LINE
  8
0
 10
84.8654
 20
-121.403
 11
84.808
 21
-121.339
  0
LINE
  8
0
 10
84.808
 20
-121.339
 11
84.7534
 21
-121.273
  0
LINE
  8
0
 10
84.7534
 20
-121.273
 11
84.7014
 21
-121.205
  0
LINE
  8
0
 10
84.7014
 20
-121.205
 11
84.6522
 21
-121.134
  0
LINE
  8
0
 10
84.6522
 20
-121.134
 11
84.6065
 21
-121.062
  0
LINE
  8
0
 10
84.6065
 20
-121.062
 11
84.5634
 21
-120.988
  0
LINE
  8
0
 10
84.5634
 20
-120.988
 11
84.5235
 21
-120.911
  0
LINE
  8
0
 10
84.5235
 20
-120.911
 11
84.4871
 21
-120.834
  0
LINE
  8
0
 10
84.4871
 20
-120.834
 11
84.4538
 21
-120.755
  0
LINE
  8
0
 10
84.4538
 20
-120.755
 11
84.4239
 21
-120.674
  0
LINE
  8
0
 10
84.4239
 20
-120.674
 11
84.3972
 21
-120.592
  0
LINE
  8
0
 10
84.3972
 20
-120.592
 11
84.3743
 21
-120.51
  0
LINE
  8
0
 10
84.3743
 20
-120.51
 11
84.3545
 21
-120.426
  0
LINE
  8
0
 10
84.3545
 20
-120.426
 11
84.3387
 21
-120.341
  0
LINE
  8
0
 10
84.3387
 20
-120.341
 11
84.3259
 21
-120.257
  0
LINE
  8
0
 10
84.3259
 20
-120.257
 11
84.3169
 21
-120.171
  0
LINE
  8
0
 10
84.3169
 20
-120.171
 11
84.3115
 21
-120.086
  0
LINE
  8
0
 10
84.3115
 20
-120.086
 11
84.31
 21
-120
  0
LINE
  8
0
 10
84.31
 20
-120
 11
84.3115
 21
-119.914
  0
LINE
  8
0
 10
84.3115
 20
-119.914
 11
84.3169
 21
-119.828
  0
LINE
  8
0
 10
84.3169
 20
-119.828
 11
84.3259
 21
-119.743
  0
LINE
  8
0
 10
84.3259
 20
-119.743
 11
84.3387
 21
-119.658
  0
LINE
  8
0
 10
84.3387
 20
-119.658
 11
84.3545
 21
-119.574
  0
LINE
  8
0
 10
84.3545
 20
-119.574
 11
84.3743
 21
-119.49
  0
LINE
  8
0
 10
84.3743
 20
-119.49
 11
84.3972
 21
-119.407
  0
LINE
  8
0
 10
84.3972
 20
-119.407
 11
84.4239
 21
-119.326
  0
LINE
  8
0
 10
84.4239
 20
-119.326
 11
84.4538
 21
-119.245
  0
LINE
  8
0
 10
84.4538
 20
-119.245
 11
84.4871
 21
-119.166
  0
LINE
  8
0
 10
84.4871
 20
-119.166
 11
84.5235
 21
-119.088
  0
LINE
  8
0
 10
84.5235
 20
-119.088
 11
84.5634
 21
-119.012
  0
LINE
  8
0
 10
84.5634
 20
-119.012
 11
84.6065
 21
-118.938
  0
LINE
  8
0
 10
84.6065
 20
-118.938
 11
84.6522
 21
-118.865
  0
LINE
  8
0
 10
84.6522
 20
-118.865
 11
84.7014
 21
-118.795
  0
LINE
  8
0
 10
84.7014
 20
-118.795
 11
84.7534
 21
-118.726
  0
LINE
  8
0
 10
84.7534
 20
-118.726
 11
84.808
 21
-118.66
  0
LINE
  8
0
 10
84.808
 20
-118.66
 11
84.8654
 21
-118.597
  0
LINE
  8
0
 10
84.8654
 20
-118.597
 11
84.9254
 21
-118.535
  0
LINE
  8
0
 10
84.9254
 20
-118.535
 11
84.9882
 21
-118.476
  0
LINE
  8
0
 10
84.9882
 20
-118.476
 11
85.0529
 21
-118.42
  0
LINE
  8
0
 10
85.0529
 20
-118.42
 11
85.1204
 21
-118.367
  0
LINE
  8
0
 10
85.1204
 20
-118.367
 11
85.1898
 21
-118.316
  0
LINE
  8
0
 10
85.1898
 20
-118.316
 11
85.2615
 21
-118.269
  0
LINE
  8
0
 10
85.2615
 20
-118.269
 11
85.3347
 21
-118.225
  0
LINE
  8
0
 10
85.3347
 20
-118.225
 11
85.4099
 21
-118.183
  0
LINE
  8
0
 10
85.4099
 20
-118.183
 11
85.487
 21
-118.145
  0
LINE
  8
0
 10
85.487
 20
-118.145
 11
85.5653
 21
-118.11
  0
LINE
  8
0
 10
85.5653
 20
-118.11
 11
85.6452
 21
-118.078
  0
LINE
  8
0
 10
85.6452
 20
-118.078
 11
85.7262
 21
-118.05
  0
LINE
  8
0
 10
85.7262
 20
-118.05
 11
85.8083
 21
-118.025
  0
LINE
  8
0
 10
85.8083
 20
-118.025
 11
85.8917
 21
-118.004
  0
LINE
  8
0
 10
85.8917
 20
-118.004
 11
85.9758
 21
-117.986
  0
LINE
  8
0
 10
85.9758
 20
-117.986
 11
86.0603
 21
-117.972
  0
LINE
  8
0
 10
86.0603
 20
-117.972
 11
86.1455
 21
-117.961
  0
LINE
  8
0
 10
86.1455
 20
-117.961
 11
86.2312
 21
-117.954
  0
LINE
  8
0
 10
86.2312
 20
-117.954
 11
86.3168
 21
-117.95
  0
LINE
  8
0
 10
86.3168
 20
-117.95
 11
86.4029
 21
-117.95
  0
LINE
  8
0
 10
86.4029
 20
-117.95
 11
86.4885
 21
-117.954
  0
LINE
  8
0
 10
86.4885
 20
-117.954
 11
86.5742
 21
-117.961
  0
LINE
  8
0
 10
86.5742
 20
-117.961
 11
86.6594
 21
-117.972
  0
LINE
  8
0
 10
86.6594
 20
-117.972
 11
86.7439
 21
-117.986
  0
LINE
  8
0
 10
86.7439
 20
-117.986
 11
86.828
 21
-118.004
  0
LINE
  8
0
 10
86.828
 20
-118.004
 11
86.911
 21
-118.025
  0
LINE
  8
0
 10
86.911
 20
-118.025
 11
86.9931
 21
-118.05
  0
LINE
  8
0
 10
86.9931
 20
-118.05
 11
87.0745
 21
-118.078
  0
LINE
  8
0
 10
87.0745
 20
-118.078
 11
87.1544
 21
-118.11
  0
LINE
  8
0
 10
87.1544
 20
-118.11
 11
87.2327
 21
-118.145
  0
LINE
  8
0
 10
87.2327
 20
-118.145
 11
87.3094
 21
-118.183
  0
LINE
  8
0
 10
87.3094
 20
-118.183
 11
87.385
 21
-118.225
  0
LINE
  8
0
 10
87.385
 20
-118.225
 11
87.4582
 21
-118.269
  0
LINE
  8
0
 10
87.4582
 20
-118.269
 11
87.5299
 21
-118.316
  0
LINE
  8
0
 10
87.5299
 20
-118.316
 11
87.5993
 21
-118.367
  0
LINE
  8
0
 10
87.5993
 20
-118.367
 11
87.6664
 21
-118.42
  0
LINE
  8
0
 10
87.6664
 20
-118.42
 11
87.7315
 21
-118.476
  0
LINE
  8
0
 10
87.7315
 20
-118.476
 11
87.7943
 21
-118.535
  0
LINE
  8
0
 10
87.7943
 20
-118.535
 11
87.8543
 21
-118.597
  0
LINE
  8
0
 10
87.8543
 20
-118.597
 11
87.9117
 21
-118.66
  0
LINE
  8
0
 10
87.9117
 20
-118.66
 11
87.9663
 21
-118.726
  0
LINE
  8
0
 10
87.9663
 20
-118.726
 11
88.0183
 21
-118.795
  0
LINE
  8
0
 10
88.0183
 20
-118.795
 11
88.0675
 21
-118.865
  0
LINE
  8
0
 10
88.0675
 20
-118.865
 11
88.1132
 21
-118.938
  0
LINE
  8
0
 10
88.1132
 20
-118.938
 11
88.1562
 21
-119.012
  0
LINE
  8
0
 10
88.1562
 20
-119.012
 11
88.1962
 21
-119.088
  0
LINE
  8
0
 10
88.1962
 20
-119.088
 11
88.2326
 21
-119.166
  0
LINE
  8
0
 10
88.2326
 20
-119.166
 11
88.2659
 21
-119.245
  0
LINE
  8
0
 10
88.2659
 20
-119.245
 11
88.2958
 21
-119.326
  0
LINE
  8
0
 10
88.2958
 20
-119.326
 11
88.3221
 21
-119.407
  0
LINE
  8
0
 10
88.3221
 20
-119.407
 11
88.3454
 21
-119.49
  0
LINE
  8
0
 10
88.3454
 20
-119.49
 11
88.3651
 21
-119.574
  0
LINE
  8
0
 10
88.3651
 20
-119.574
 11
88.381
 21
-119.658
  0
LINE
  8
0
 10
88.381
 20
-119.658
 11
88.3938
 21
-119.743
  0
LINE
  8
0
 10
88.3938
 20
-119.743
 11
88.4027
 21
-119.828
  0
LINE
  8
0
 10
88.4027
 20
-119.828
 11
88.4082
 21
-119.914
  0
LINE
  8
0
 10
88.4082
 20
-119.914
 11
88.4097
 21
-120
  0
LINE
  8
0
 10
88.4097
 20
-120
 11
88.4082
 21
-120.086
  0
LINE
  8
0
 10
88.4082
 20
-120.086
 11
88.4027
 21
-120.171
  0
LINE
  8
0
 10
88.4027
 20
-120.171
 11
88.3938
 21
-120.257
  0
LINE
  8
0
 10
88.3938
 20
-120.257
 11
88.381
 21
-120.341
  0
LINE
  8
0
 10
88.381
 20
-120.341
 11
88.3651
 21
-120.426
  0
LINE
  8
0
 10
88.3651
 20
-120.426
 11
88.3454
 21
-120.51
  0
LINE
  8
0
 10
88.3454
 20
-120.51
 11
88.3221
 21
-120.592
  0
LINE
  8
0
 10
88.3221
 20
-120.592
 11
88.2958
 21
-120.674
  0
LINE
  8
0
 10
88.2958
 20
-120.674
 11
88.2659
 21
-120.755
  0
LINE
  8
0
 10
88.2659
 20
-120.755
 11
88.2326
 21
-120.834
  0
LINE
  8
0
 10
88.2326
 20
-120.834
 11
88.1962
 21
-120.911
  0
LINE
  8
0
 10
88.1962
 20
-120.911
 11
88.1562
 21
-120.988
  0
LINE
  8
0
 10
88.1562
 20
-120.988
 11
88.1132
 21
-121.062
  0
LINE
  8
0
 10
88.1132
 20
-121.062
 11
88.0675
 21
-121.134
  0
LINE
  8
0
 10
88.0675
 20
-121.134
 11
88.0183
 21
-121.205
  0
LINE
  8
0
 10
88.0183
 20
-121.205
 11
87.9663
 21
-121.273
  0
LINE
  8
0
 10
87.9663
 20
-121.273
 11
87.9117
 21
-121.339
  0
LINE
  8
0
 10
87.9117
 20
-121.339
 11
87.8543
 21
-121.403
  0
LINE
  8
0
 10
87.8543
 20
-121.403
 11
87.7943
 21
-121.464
  0
LINE
  8
0
 10
87.7943
 20
-121.464
 11
87.7315
 21
-121.523
  0
LINE
  8
0
 10
87.7315
 20
-121.523
 11
87.6664
 21
-121.579
  0
LINE
  8
0
 10
87.6664
 20
-121.579
 11
87.5993
 21
-121.633
  0
LINE
  8
0
 10
87.5993
 20
-121.633
 11
87.5299
 21
-121.683
  0
LINE
  8
0
 10
87.5299
 20
-121.683
 11
87.4582
 21
-121.731
  0
LINE
  8
0
 10
87.4582
 20
-121.731
 11
87.385
 21
-121.775
  0
LINE
  8
0
 10
87.385
 20
-121.775
 11
87.3094
 21
-121.817
  0
LINE
  8
0
 10
87.3094
 20
-121.817
 11
87.2327
 21
-121.855
  0
LINE
  8
0
 10
87.2327
 20
-121.855
 11
87.1544
 21
-121.889
  0
LINE
  8
0
 10
87.1544
 20
-121.889
 11
87.0745
 21
-121.921
  0
LINE
  8
0
 10
87.0745
 20
-121.921
 11
86.9931
 21
-121.95
  0
LINE
  8
0
 10
86.9931
 20
-121.95
 11
86.911
 21
-121.974
  0
LINE
  8
0
 10
86.911
 20
-121.974
 11
86.828
 21
-121.996
  0
LINE
  8
0
 10
86.828
 20
-121.996
 11
86.7439
 21
-122.013
  0
LINE
  8
0
 10
86.7439
 20
-122.013
 11
86.6594
 21
-122.028
  0
LINE
  8
0
 10
86.6594
 20
-122.028
 11
86.5742
 21
-122.039
  0
LINE
  8
0
 10
86.5742
 20
-122.039
 11
86.4885
 21
-122.046
  0
LINE
  8
0
 10
86.4885
 20
-122.046
 11
86.4029
 21
-122.05
  0
LINE
  8
0
 10
86.4029
 20
-122.05
 11
86.3168
 21
-122.05
  0
LINE
  8
0
 10
86.3168
 20
-146.049
 11
86.2312
 21
-146.046
  0
LINE
  8
0
 10
86.2312
 20
-146.046
 11
86.1455
 21
-146.039
  0
LINE
  8
0
 10
86.1455
 20
-146.039
 11
86.0603
 21
-146.028
  0
LINE
  8
0
 10
86.0603
 20
-146.028
 11
85.9758
 21
-146.014
  0
LINE
  8
0
 10
85.9758
 20
-146.014
 11
85.8917
 21
-145.996
  0
LINE
  8
0
 10
85.8917
 20
-145.996
 11
85.8083
 21
-145.974
  0
LINE
  8
0
 10
85.8083
 20
-145.974
 11
85.7262
 21
-145.95
  0
LINE
  8
0
 10
85.7262
 20
-145.95
 11
85.6452
 21
-145.921
  0
LINE
  8
0
 10
85.6452
 20
-145.921
 11
85.5653
 21
-145.89
  0
LINE
  8
0
 10
85.5653
 20
-145.89
 11
85.487
 21
-145.855
  0
LINE
  8
0
 10
85.487
 20
-145.855
 11
85.4099
 21
-145.817
  0
LINE
  8
0
 10
85.4099
 20
-145.817
 11
85.3347
 21
-145.775
  0
LINE
  8
0
 10
85.3347
 20
-145.775
 11
85.2615
 21
-145.731
  0
LINE
  8
0
 10
85.2615
 20
-145.731
 11
85.1898
 21
-145.683
  0
LINE
  8
0
 10
85.1898
 20
-145.683
 11
85.1204
 21
-145.633
  0
LINE
  8
0
 10
85.1204
 20
-145.633
 11
85.0529
 21
-145.579
  0
LINE
  8
0
 10
85.0529
 20
-145.579
 11
84.9882
 21
-145.523
  0
LINE
  8
0
 10
84.9882
 20
-145.523
 11
84.9254
 21
-145.464
  0
LINE
  8
0
 10
84.9254
 20
-145.464
 11
84.8654
 21
-145.403
  0
LINE
  8
0
 10
84.8654
 20
-145.403
 11
84.808
 21
-145.339
  0
LINE
  8
0
 10
84.808
 20
-145.339
 11
84.7534
 21
-145.273
  0
LINE
  8
0
 10
84.7534
 20
-145.273
 11
84.7014
 21
-145.205
  0
LINE
  8
0
 10
84.7014
 20
-145.205
 11
84.6522
 21
-145.134
  0
LINE
  8
0
 10
84.6522
 20
-145.134
 11
84.6065
 21
-145.062
  0
LINE
  8
0
 10
84.6065
 20
-145.062
 11
84.5634
 21
-144.987
  0
LINE
  8
0
 10
84.5634
 20
-144.987
 11
84.5235
 21
-144.911
  0
LINE
  8
0
 10
84.5235
 20
-144.911
 11
84.4871
 21
-144.834
  0
LINE
  8
0
 10
84.4871
 20
-144.834
 11
84.4538
 21
-144.754
  0
LINE
  8
0
 10
84.4538
 20
-144.754
 11
84.4239
 21
-144.674
  0
LINE
  8
0
 10
84.4239
 20
-144.674
 11
84.3972
 21
-144.592
  0
LINE
  8
0
 10
84.3972
 20
-144.592
 11
84.3743
 21
-144.51
  0
LINE
  8
0
 10
84.3743
 20
-144.51
 11
84.3545
 21
-144.426
  0
LINE
  8
0
 10
84.3545
 20
-144.426
 11
84.3387
 21
-144.342
  0
LINE
  8
0
 10
84.3387
 20
-144.342
 11
84.3259
 21
-144.257
  0
LINE
  8
0
 10
84.3259
 20
-144.257
 11
84.3169
 21
-144.171
  0
LINE
  8
0
 10
84.3169
 20
-144.171
 11
84.3115
 21
-144.086
  0
LINE
  8
0
 10
84.3115
 20
-144.086
 11
84.31
 21
-144
  0
LINE
  8
0
 10
84.31
 20
-144
 11
84.3115
 21
-143.914
  0
LINE
  8
0
 10
84.3115
 20
-143.914
 11
84.3169
 21
-143.828
  0
LINE
  8
0
 10
84.3169
 20
-143.828
 11
84.3259
 21
-143.743
  0
LINE
  8
0
 10
84.3259
 20
-143.743
 11
84.3387
 21
-143.658
  0
LINE
  8
0
 10
84.3387
 20
-143.658
 11
84.3545
 21
-143.573
  0
LINE
  8
0
 10
84.3545
 20
-143.573
 11
84.3743
 21
-143.49
  0
LINE
  8
0
 10
84.3743
 20
-143.49
 11
84.3972
 21
-143.407
  0
LINE
  8
0
 10
84.3972
 20
-143.407
 11
84.4239
 21
-143.326
  0
LINE
  8
0
 10
84.4239
 20
-143.326
 11
84.4538
 21
-143.245
  0
LINE
  8
0
 10
84.4538
 20
-143.245
 11
84.4871
 21
-143.166
  0
LINE
  8
0
 10
84.4871
 20
-143.166
 11
84.5235
 21
-143.088
  0
LINE
  8
0
 10
84.5235
 20
-143.088
 11
84.5634
 21
-143.012
  0
LINE
  8
0
 10
84.5634
 20
-143.012
 11
84.6065
 21
-142.938
  0
LINE
  8
0
 10
84.6065
 20
-142.938
 11
84.6522
 21
-142.865
  0
LINE
  8
0
 10
84.6522
 20
-142.865
 11
84.7014
 21
-142.795
  0
LINE
  8
0
 10
84.7014
 20
-142.795
 11
84.7534
 21
-142.727
  0
LINE
  8
0
 10
84.7534
 20
-142.727
 11
84.808
 21
-142.66
  0
LINE
  8
0
 10
84.808
 20
-142.66
 11
84.8654
 21
-142.596
  0
LINE
  8
0
 10
84.8654
 20
-142.596
 11
84.9254
 21
-142.535
  0
LINE
  8
0
 10
84.9254
 20
-142.535
 11
84.9882
 21
-142.476
  0
LINE
  8
0
 10
84.9882
 20
-142.476
 11
85.0529
 21
-142.42
  0
LINE
  8
0
 10
85.0529
 20
-142.42
 11
85.1204
 21
-142.367
  0
LINE
  8
0
 10
85.1204
 20
-142.367
 11
85.1898
 21
-142.317
  0
LINE
  8
0
 10
85.1898
 20
-142.317
 11
85.2615
 21
-142.269
  0
LINE
  8
0
 10
85.2615
 20
-142.269
 11
85.3347
 21
-142.224
  0
LINE
  8
0
 10
85.3347
 20
-142.224
 11
85.4099
 21
-142.183
  0
LINE
  8
0
 10
85.4099
 20
-142.183
 11
85.487
 21
-142.145
  0
LINE
  8
0
 10
85.487
 20
-142.145
 11
85.5653
 21
-142.11
  0
LINE
  8
0
 10
85.5653
 20
-142.11
 11
85.6452
 21
-142.079
  0
LINE
  8
0
 10
85.6452
 20
-142.079
 11
85.7262
 21
-142.05
  0
LINE
  8
0
 10
85.7262
 20
-142.05
 11
85.8083
 21
-142.025
  0
LINE
  8
0
 10
85.8083
 20
-142.025
 11
85.8917
 21
-142.004
  0
LINE
  8
0
 10
85.8917
 20
-142.004
 11
85.9758
 21
-141.986
  0
LINE
  8
0
 10
85.9758
 20
-141.986
 11
86.0603
 21
-141.972
  0
LINE
  8
0
 10
86.0603
 20
-141.972
 11
86.1455
 21
-141.961
  0
LINE
  8
0
 10
86.1455
 20
-141.961
 11
86.2312
 21
-141.954
  0
LINE
  8
0
 10
86.2312
 20
-141.954
 11
86.3168
 21
-141.95
  0
LINE
  8
0
 10
86.3168
 20
-141.95
 11
86.4029
 21
-141.95
  0
LINE
  8
0
 10
86.4029
 20
-141.95
 11
86.4885
 21
-141.954
  0
LINE
  8
0
 10
86.4885
 20
-141.954
 11
86.5742
 21
-141.961
  0
LINE
  8
0
 10
86.5742
 20
-141.961
 11
86.6594
 21
-141.972
  0
LINE
  8
0
 10
86.6594
 20
-141.972
 11
86.7439
 21
-141.986
  0
LINE
  8
0
 10
86.7439
 20
-141.986
 11
86.828
 21
-142.004
  0
LINE
  8
0
 10
86.828
 20
-142.004
 11
86.911
 21
-142.025
  0
LINE
  8
0
 10
86.911
 20
-142.025
 11
86.9931
 21
-142.05
  0
LINE
  8
0
 10
86.9931
 20
-142.05
 11
87.0745
 21
-142.079
  0
LINE
  8
0
 10
87.0745
 20
-142.079
 11
87.1544
 21
-142.11
  0
LINE
  8
0
 10
87.1544
 20
-142.11
 11
87.2327
 21
-142.145
  0
LINE
  8
0
 10
87.2327
 20
-142.145
 11
87.3094
 21
-142.183
  0
LINE
  8
0
 10
87.3094
 20
-142.183
 11
87.385
 21
-142.224
  0
LINE
  8
0
 10
87.385
 20
-142.224
 11
87.4582
 21
-142.269
  0
LINE
  8
0
 10
87.4582
 20
-142.269
 11
87.5299
 21
-142.317
  0
LINE
  8
0
 10
87.5299
 20
-142.317
 11
87.5993
 21
-142.367
  0
LINE
  8
0
 10
87.5993
 20
-142.367
 11
87.6664
 21
-142.42
  0
LINE
  8
0
 10
87.6664
 20
-142.42
 11
87.7315
 21
-142.476
  0
LINE
  8
0
 10
87.7315
 20
-142.476
 11
87.7943
 21
-142.535
  0
LINE
  8
0
 10
87.7943
 20
-142.535
 11
87.8543
 21
-142.596
  0
LINE
  8
0
 10
87.8543
 20
-142.596
 11
87.9117
 21
-142.66
  0
LINE
  8
0
 10
87.9117
 20
-142.66
 11
87.9663
 21
-142.727
  0
LINE
  8
0
 10
87.9663
 20
-142.727
 11
88.0183
 21
-142.795
  0
LINE
  8
0
 10
88.0183
 20
-142.795
 11
88.0675
 21
-142.865
  0
LINE
  8
0
 10
88.0675
 20
-142.865
 11
88.1132
 21
-142.938
  0
LINE
  8
0
 10
88.1132
 20
-142.938
 11
88.1562
 21
-143.012
  0
LINE
  8
0
 10
88.1562
 20
-143.012
 11
88.1962
 21
-143.088
  0
LINE
  8
0
 10
88.1962
 20
-143.088
 11
88.2326
 21
-143.166
  0
LINE
  8
0
 10
88.2326
 20
-143.166
 11
88.2659
 21
-143.245
  0
LINE
  8
0
 10
88.2659
 20
-143.245
 11
88.2958
 21
-143.326
  0
LINE
  8
0
 10
88.2958
 20
-143.326
 11
88.3221
 21
-143.407
  0
LINE
  8
0
 10
88.3221
 20
-143.407
 11
88.3454
 21
-143.49
  0
LINE
  8
0
 10
88.3454
 20
-143.49
 11
88.3651
 21
-143.573
  0
LINE
  8
0
 10
88.3651
 20
-143.573
 11
88.381
 21
-143.658
  0
LINE
  8
0
 10
88.381
 20
-143.658
 11
88.3938
 21
-143.743
  0
LINE
  8
0
 10
88.3938
 20
-143.743
 11
88.4027
 21
-143.828
  0
LINE
  8
0
 10
88.4027
 20
-143.828
 11
88.4082
 21
-143.914
  0
LINE
  8
0
 10
88.4082
 20
-143.914
 11
88.4097
 21
-144
  0
LINE
  8
0
 10
88.4097
 20
-144
 11
88.4082
 21
-144.086
  0
LINE
  8
0
 10
88.4082
 20
-144.086
 11
88.4027
 21
-144.171
  0
LINE
  8
0
 10
88.4027
 20
-144.171
 11
88.3938
 21
-144.257
  0
LINE
  8
0
 10
88.3938
 20
-144.257
 11
88.381
 21
-144.342
  0
LINE
  8
0
 10
88.381
 20
-144.342
 11
88.3651
 21
-144.426
  0
LINE
  8
0
 10
88.3651
 20
-144.426
 11
88.3454
 21
-144.51
  0
LINE
  8
0
 10
88.3454
 20
-144.51
 11
88.3221
 21
-144.592
  0
LINE
  8
0
 10
88.3221
 20
-144.592
 11
88.2958
 21
-144.674
  0
LINE
  8
0
 10
88.2958
 20
-144.674
 11
88.2659
 21
-144.754
  0
LINE
  8
0
 10
88.2659
 20
-144.754
 11
88.2326
 21
-144.834
  0
LINE
  8
0
 10
88.2326
 20
-144.834
 11
88.1962
 21
-144.911
  0
LINE
  8
0
 10
88.1962
 20
-144.911
 11
88.1562
 21
-144.987
  0
LINE
  8
0
 10
88.1562
 20
-144.987
 11
88.1132
 21
-145.062
  0
LINE
  8
0
 10
88.1132
 20
-145.062
 11
88.0675
 21
-145.134
  0
LINE
  8
0
 10
88.0675
 20
-145.134
 11
88.0183
 21
-145.205
  0
LINE
  8
0
 10
88.0183
 20
-145.205
 11
87.9663
 21
-145.273
  0
LINE
  8
0
 10
87.9663
 20
-145.273
 11
87.9117
 21
-145.339
  0
LINE
  8
0
 10
87.9117
 20
-145.339
 11
87.8543
 21
-145.403
  0
LINE
  8
0
 10
87.8543
 20
-145.403
 11
87.7943
 21
-145.464
  0
LINE
  8
0
 10
87.7943
 20
-145.464
 11
87.7315
 21
-145.523
  0
LINE
  8
0
 10
87.7315
 20
-145.523
 11
87.6664
 21
-145.579
  0
LINE
  8
0
 10
87.6664
 20
-145.579
 11
87.5993
 21
-145.633
  0
LINE
  8
0
 10
87.5993
 20
-145.633
 11
87.5299
 21
-145.683
  0
LINE
  8
0
 10
87.5299
 20
-145.683
 11
87.4582
 21
-145.731
  0
LINE
  8
0
 10
87.4582
 20
-145.731
 11
87.385
 21
-145.775
  0
LINE
  8
0
 10
87.385
 20
-145.775
 11
87.3094
 21
-145.817
  0
LINE
  8
0
 10
87.3094
 20
-145.817
 11
87.2327
 21
-145.855
  0
LINE
  8
0
 10
87.2327
 20
-145.855
 11
87.1544
 21
-145.89
  0
LINE
  8
0
 10
87.1544
 20
-145.89
 11
87.0745
 21
-145.921
  0
LINE
  8
0
 10
87.0745
 20
-145.921
 11
86.9931
 21
-145.95
  0
LINE
  8
0
 10
86.9931
 20
-145.95
 11
86.911
 21
-145.974
  0
LINE
  8
0
 10
86.911
 20
-145.974
 11
86.828
 21
-145.996
  0
LINE
  8
0
 10
86.828
 20
-145.996
 11
86.7439
 21
-146.014
  0
LINE
  8
0
 10
86.7439
 20
-146.014
 11
86.6594
 21
-146.028
  0
LINE
  8
0
 10
86.6594
 20
-146.028
 11
86.5742
 21
-146.039
  0
LINE
  8
0
 10
86.5742
 20
-146.039
 11
86.4885
 21
-146.046
  0
LINE
  8
0
 10
86.4885
 20
-146.046
 11
86.4029
 21
-146.049
  0
LINE
  8
0
 10
86.4029
 20
-146.049
 11
86.3168
 21
-146.049
  0
LINE
  8
0
 10
42.3939
 20
-156.668
 11
42.3083
 21
-156.663
  0
LINE
  8
0
 10
42.3083
 20
-156.663
 11
42.223
 21
-156.654
  0
LINE
  8
0
 10
42.223
 20
-156.654
 11
42.1377
 21
-156.641
  0
LINE
  8
0
 10
42.1377
 20
-156.641
 11
42.0536
 21
-156.625
  0
LINE
  8
0
 10
42.0536
 20
-156.625
 11
41.9699
 21
-156.606
  0
LINE
  8
0
 10
41.9699
 20
-156.606
 11
41.8874
 21
-156.582
  0
LINE
  8
0
 10
41.8874
 20
-156.582
 11
41.8056
 21
-156.556
  0
LINE
  8
0
 10
41.8056
 20
-156.556
 11
41.725
 21
-156.526
  0
LINE
  8
0
 10
41.725
 20
-156.526
 11
41.6459
 21
-156.493
  0
LINE
  8
0
 10
41.6459
 20
-156.493
 11
41.5684
 21
-156.456
  0
LINE
  8
0
 10
41.5684
 20
-156.456
 11
41.492
 21
-156.416
  0
LINE
  8
0
 10
41.492
 20
-156.416
 11
41.418
 21
-156.373
  0
LINE
  8
0
 10
41.418
 20
-156.373
 11
41.3455
 21
-156.327
  0
LINE
  8
0
 10
41.3455
 20
-156.327
 11
41.275
 21
-156.278
  0
LINE
  8
0
 10
41.275
 20
-156.278
 11
41.2064
 21
-156.227
  0
LINE
  8
0
 10
41.2064
 20
-156.227
 11
41.1401
 21
-156.171
  0
LINE
  8
0
 10
41.1401
 20
-156.171
 11
41.0766
 21
-156.114
  0
LINE
  8
0
 10
41.0766
 20
-156.114
 11
41.0149
 21
-156.054
  0
LINE
  8
0
 10
41.0149
 20
-156.054
 11
40.9564
 21
-155.992
  0
LINE
  8
0
 10
40.9564
 20
-155.992
 11
40.9002
 21
-155.927
  0
LINE
  8
0
 10
40.9002
 20
-155.927
 11
40.8467
 21
-155.859
  0
LINE
  8
0
 10
40.8467
 20
-155.859
 11
40.7963
 21
-155.79
  0
LINE
  8
0
 10
40.7963
 20
-155.79
 11
40.7491
 21
-155.718
  0
LINE
  8
0
 10
40.7491
 20
-155.718
 11
40.7045
 21
-155.645
  0
LINE
  8
0
 10
40.7045
 20
-155.645
 11
40.663
 21
-155.57
  0
LINE
  8
0
 10
40.663
 20
-155.57
 11
40.625
 21
-155.493
  0
LINE
  8
0
 10
40.625
 20
-155.493
 11
40.5902
 21
-155.414
  0
LINE
  8
0
 10
40.5902
 20
-155.414
 11
40.5584
 21
-155.334
  0
LINE
  8
0
 10
40.5584
 20
-155.334
 11
40.5301
 21
-155.253
  0
LINE
  8
0
 10
40.5301
 20
-155.253
 11
40.5053
 21
-155.171
  0
LINE
  8
0
 10
40.5053
 20
-155.171
 11
40.484
 21
-155.088
  0
LINE
  8
0
 10
40.484
 20
-155.088
 11
40.4661
 21
-155.004
  0
LINE
  8
0
 10
40.4661
 20
-155.004
 11
40.4518
 21
-154.919
  0
LINE
  8
0
 10
40.4518
 20
-154.919
 11
40.4409
 21
-154.834
  0
LINE
  8
0
 10
40.4409
 20
-154.834
 11
40.434
 21
-154.749
  0
LINE
  8
0
 10
40.434
 20
-154.749
 11
40.4301
 21
-154.663
  0
LINE
  8
0
 10
40.4301
 20
-154.663
 11
40.4301
 21
-154.577
  0
LINE
  8
0
 10
40.4301
 20
-154.577
 11
40.434
 21
-154.491
  0
LINE
  8
0
 10
40.434
 20
-154.491
 11
40.4409
 21
-154.406
  0
LINE
  8
0
 10
40.4409
 20
-154.406
 11
40.4518
 21
-154.32
  0
LINE
  8
0
 10
40.4518
 20
-154.32
 11
40.4661
 21
-154.236
  0
LINE
  8
0
 10
40.4661
 20
-154.236
 11
40.484
 21
-154.152
  0
LINE
  8
0
 10
40.484
 20
-154.152
 11
40.5053
 21
-154.069
  0
LINE
  8
0
 10
40.5053
 20
-154.069
 11
40.5301
 21
-153.986
  0
LINE
  8
0
 10
40.5301
 20
-153.986
 11
40.5584
 21
-153.905
  0
LINE
  8
0
 10
40.5584
 20
-153.905
 11
40.5902
 21
-153.825
  0
LINE
  8
0
 10
40.5902
 20
-153.825
 11
40.625
 21
-153.747
  0
LINE
  8
0
 10
40.625
 20
-153.747
 11
40.663
 21
-153.67
  0
LINE
  8
0
 10
40.663
 20
-153.67
 11
40.7045
 21
-153.595
  0
LINE
  8
0
 10
40.7045
 20
-153.595
 11
40.7491
 21
-153.521
  0
LINE
  8
0
 10
40.7491
 20
-153.521
 11
40.7963
 21
-153.45
  0
LINE
  8
0
 10
40.7963
 20
-153.45
 11
40.8467
 21
-153.381
  0
LINE
  8
0
 10
40.8467
 20
-153.381
 11
40.9002
 21
-153.313
  0
LINE
  8
0
 10
40.9002
 20
-153.313
 11
40.9564
 21
-153.248
  0
LINE
  8
0
 10
40.9564
 20
-153.248
 11
41.0149
 21
-153.186
  0
LINE
  8
0
 10
41.0149
 20
-153.186
 11
41.0766
 21
-153.126
  0
LINE
  8
0
 10
41.0766
 20
-153.126
 11
41.1401
 21
-153.068
  0
LINE
  8
0
 10
41.1401
 20
-153.068
 11
41.2064
 21
-153.013
  0
LINE
  8
0
 10
41.2064
 20
-153.013
 11
41.275
 21
-152.961
  0
LINE
  8
0
 10
41.275
 20
-152.961
 11
41.3455
 21
-152.912
  0
LINE
  8
0
 10
41.3455
 20
-152.912
 11
41.418
 21
-152.866
  0
LINE
  8
0
 10
41.418
 20
-152.866
 11
41.492
 21
-152.823
  0
LINE
  8
0
 10
41.492
 20
-152.823
 11
41.5684
 21
-152.784
  0
LINE
  8
0
 10
41.5684
 20
-152.784
 11
41.6459
 21
-152.747
  0
LINE
  8
0
 10
41.6459
 20
-152.747
 11
41.725
 21
-152.714
  0
LINE
  8
0
 10
41.725
 20
-152.714
 11
41.8056
 21
-152.684
  0
LINE
  8
0
 10
41.8056
 20
-152.684
 11
41.8874
 21
-152.657
  0
LINE
  8
0
 10
41.8874
 20
-152.657
 11
41.9699
 21
-152.634
  0
LINE
  8
0
 10
41.9699
 20
-152.634
 11
42.0536
 21
-152.615
  0
LINE
  8
0
 10
42.0536
 20
-152.615
 11
42.1377
 21
-152.598
  0
LINE
  8
0
 10
42.1377
 20
-152.598
 11
42.223
 21
-152.586
  0
LINE
  8
0
 10
42.223
 20
-152.586
 11
42.3083
 21
-152.577
  0
LINE
  8
0
 10
42.3083
 20
-152.577
 11
42.3939
 21
-152.572
  0
LINE
  8
0
 10
42.3939
 20
-152.572
 11
42.48
 21
-152.57
  0
LINE
  8
0
 10
42.48
 20
-152.57
 11
42.5656
 21
-152.572
  0
LINE
  8
0
 10
42.5656
 20
-152.572
 11
42.6513
 21
-152.577
  0
LINE
  8
0
 10
42.6513
 20
-152.577
 11
42.7369
 21
-152.586
  0
LINE
  8
0
 10
42.7369
 20
-152.586
 11
42.8218
 21
-152.598
  0
LINE
  8
0
 10
42.8218
 20
-152.598
 11
42.9059
 21
-152.615
  0
LINE
  8
0
 10
42.9059
 20
-152.615
 11
42.9896
 21
-152.634
  0
LINE
  8
0
 10
42.9896
 20
-152.634
 11
43.0722
 21
-152.657
  0
LINE
  8
0
 10
43.0722
 20
-152.657
 11
43.154
 21
-152.684
  0
LINE
  8
0
 10
43.154
 20
-152.684
 11
43.2346
 21
-152.714
  0
LINE
  8
0
 10
43.2346
 20
-152.714
 11
43.3136
 21
-152.747
  0
LINE
  8
0
 10
43.3136
 20
-152.747
 11
43.3911
 21
-152.784
  0
LINE
  8
0
 10
43.3911
 20
-152.784
 11
43.4675
 21
-152.823
  0
LINE
  8
0
 10
43.4675
 20
-152.823
 11
43.5419
 21
-152.866
  0
LINE
  8
0
 10
43.5419
 20
-152.866
 11
43.6144
 21
-152.912
  0
LINE
  8
0
 10
43.6144
 20
-152.912
 11
43.6849
 21
-152.961
  0
LINE
  8
0
 10
43.6849
 20
-152.961
 11
43.7531
 21
-153.013
  0
LINE
  8
0
 10
43.7531
 20
-153.013
 11
43.8194
 21
-153.068
  0
LINE
  8
0
 10
43.8194
 20
-153.068
 11
43.883
 21
-153.126
  0
LINE
  8
0
 10
43.883
 20
-153.126
 11
43.9446
 21
-153.186
  0
LINE
  8
0
 10
43.9446
 20
-153.186
 11
44.0031
 21
-153.248
  0
LINE
  8
0
 10
44.0031
 20
-153.248
 11
44.0593
 21
-153.313
  0
LINE
  8
0
 10
44.0593
 20
-153.313
 11
44.1128
 21
-153.381
  0
LINE
  8
0
 10
44.1128
 20
-153.381
 11
44.1632
 21
-153.45
  0
LINE
  8
0
 10
44.1632
 20
-153.45
 11
44.2109
 21
-153.521
  0
LINE
  8
0
 10
44.2109
 20
-153.521
 11
44.2551
 21
-153.595
  0
LINE
  8
0
 10
44.2551
 20
-153.595
 11
44.2965
 21
-153.67
  0
LINE
  8
0
 10
44.2965
 20
-153.67
 11
44.3349
 21
-153.747
  0
LINE
  8
0
 10
44.3349
 20
-153.747
 11
44.3698
 21
-153.825
  0
LINE
  8
0
 10
44.3698
 20
-153.825
 11
44.4012
 21
-153.905
  0
LINE
  8
0
 10
44.4012
 20
-153.905
 11
44.4295
 21
-153.986
  0
LINE
  8
0
 10
44.4295
 20
-153.986
 11
44.4543
 21
-154.069
  0
LINE
  8
0
 10
44.4543
 20
-154.069
 11
44.4756
 21
-154.152
  0
LINE
  8
0
 10
44.4756
 20
-154.152
 11
44.4934
 21
-154.236
  0
LINE
  8
0
 10
44.4934
 20
-154.236
 11
44.5077
 21
-154.32
  0
LINE
  8
0
 10
44.5077
 20
-154.32
 11
44.5186
 21
-154.406
  0
LINE
  8
0
 10
44.5186
 20
-154.406
 11
44.5256
 21
-154.491
  0
LINE
  8
0
 10
44.5256
 20
-154.491
 11
44.5295
 21
-154.577
  0
LINE
  8
0
 10
44.5295
 20
-154.577
 11
44.5295
 21
-154.663
  0
LINE
  8
0
 10
44.5295
 20
-154.663
 11
44.5256
 21
-154.749
  0
LINE
  8
0
 10
44.5256
 20
-154.749
 11
44.5186
 21
-154.834
  0
LINE
  8
0
 10
44.5186
 20
-154.834
 11
44.5077
 21
-154.919
  0
LINE
  8
0
 10
44.5077
 20
-154.919
 11
44.4934
 21
-155.004
  0
LINE
  8
0
 10
44.4934
 20
-155.004
 11
44.4756
 21
-155.088
  0
LINE
  8
0
 10
44.4756
 20
-155.088
 11
44.4543
 21
-155.171
  0
LINE
  8
0
 10
44.4543
 20
-155.171
 11
44.4295
 21
-155.253
  0
LINE
  8
0
 10
44.4295
 20
-155.253
 11
44.4012
 21
-155.334
  0
LINE
  8
0
 10
44.4012
 20
-155.334
 11
44.3698
 21
-155.414
  0
LINE
  8
0
 10
44.3698
 20
-155.414
 11
44.3349
 21
-155.493
  0
LINE
  8
0
 10
44.3349
 20
-155.493
 11
44.2965
 21
-155.57
  0
LINE
  8
0
 10
44.2965
 20
-155.57
 11
44.2551
 21
-155.645
  0
LINE
  8
0
 10
44.2551
 20
-155.645
 11
44.2109
 21
-155.718
  0
LINE
  8
0
 10
44.2109
 20
-155.718
 11
44.1632
 21
-155.79
  0
LINE
  8
0
 10
44.1632
 20
-155.79
 11
44.1128
 21
-155.859
  0
LINE
  8
0
 10
44.1128
 20
-155.859
 11
44.0593
 21
-155.927
  0
LINE
  8
0
 10
44.0593
 20
-155.927
 11
44.0031
 21
-155.992
  0
LINE
  8
0
 10
44.0031
 20
-155.992
 11
43.9446
 21
-156.054
  0
LINE
  8
0
 10
43.9446
 20
-156.054
 11
43.883
 21
-156.114
  0
LINE
  8
0
 10
43.883
 20
-156.114
 11
43.8194
 21
-156.171
  0
LINE
  8
0
 10
43.8194
 20
-156.171
 11
43.7531
 21
-156.227
  0
LINE
  8
0
 10
43.7531
 20
-156.227
 11
43.6849
 21
-156.278
  0
LINE
  8
0
 10
43.6849
 20
-156.278
 11
43.6144
 21
-156.327
  0
LINE
  8
0
 10
43.6144
 20
-156.327
 11
43.5419
 21
-156.373
  0
LINE
  8
0
 10
43.5419
 20
-156.373
 11
43.4675
 21
-156.416
  0
LINE
  8
0
 10
43.4675
 20
-156.416
 11
43.3911
 21
-156.456
  0
LINE
  8
0
 10
43.3911
 20
-156.456
 11
43.3136
 21
-156.493
  0
LINE
  8
0
 10
43.3136
 20
-156.493
 11
43.2346
 21
-156.526
  0
LINE
  8
0
 10
43.2346
 20
-156.526
 11
43.154
 21
-156.556
  0
LINE
  8
0
 10
43.154
 20
-156.556
 11
43.0722
 21
-156.582
  0
LINE
  8
0
 10
43.0722
 20
-156.582
 11
42.9896
 21
-156.606
  0
LINE
  8
0
 10
42.9896
 20
-156.606
 11
42.9059
 21
-156.625
  0
LINE
  8
0
 10
42.9059
 20
-156.625
 11
42.8218
 21
-156.641
  0
LINE
  8
0
 10
42.8218
 20
-156.641
 11
42.7369
 21
-156.654
  0
LINE
  8
0
 10
42.7369
 20
-156.654
 11
42.6513
 21
-156.663
  0
LINE
  8
0
 10
42.6513
 20
-156.663
 11
42.5656
 21
-156.668
  0
LINE
  8
0
 10
42.5656
 20
-156.668
 11
42.48
 21
-156.67
  0
LINE
  8
0
 10
42.48
 20
-156.67
 11
42.3939
 21
-156.668
  0
LINE
  8
0
 10
18.3938
 20
-156.668
 11
18.3082
 21
-156.663
  0
LINE
  8
0
 10
18.3082
 20
-156.663
 11
18.2229
 21
-156.654
  0
LINE
  8
0
 10
18.2229
 20
-156.654
 11
18.138
 21
-156.641
  0
LINE
  8
0
 10
18.138
 20
-156.641
 11
18.0535
 21
-156.625
  0
LINE
  8
0
 10
18.0535
 20
-156.625
 11
17.9698
 21
-156.606
  0
LINE
  8
0
 10
17.9698
 20
-156.606
 11
17.8873
 21
-156.582
  0
LINE
  8
0
 10
17.8873
 20
-156.582
 11
17.8055
 21
-156.556
  0
LINE
  8
0
 10
17.8055
 20
-156.556
 11
17.7253
 21
-156.526
  0
LINE
  8
0
 10
17.7253
 20
-156.526
 11
17.6458
 21
-156.493
  0
LINE
  8
0
 10
17.6458
 20
-156.493
 11
17.5683
 21
-156.456
  0
LINE
  8
0
 10
17.5683
 20
-156.456
 11
17.4923
 21
-156.416
  0
LINE
  8
0
 10
17.4923
 20
-156.416
 11
17.4179
 21
-156.373
  0
LINE
  8
0
 10
17.4179
 20
-156.373
 11
17.3455
 21
-156.327
  0
LINE
  8
0
 10
17.3455
 20
-156.327
 11
17.2749
 21
-156.278
  0
LINE
  8
0
 10
17.2749
 20
-156.278
 11
17.2063
 21
-156.227
  0
LINE
  8
0
 10
17.2063
 20
-156.227
 11
17.1404
 21
-156.171
  0
LINE
  8
0
 10
17.1404
 20
-156.171
 11
17.0765
 21
-156.114
  0
LINE
  8
0
 10
17.0765
 20
-156.114
 11
17.0152
 21
-156.054
  0
LINE
  8
0
 10
17.0152
 20
-156.054
 11
16.9563
 21
-155.992
  0
LINE
  8
0
 10
16.9563
 20
-155.992
 11
16.9001
 21
-155.927
  0
LINE
  8
0
 10
16.9001
 20
-155.927
 11
16.847
 21
-155.859
  0
LINE
  8
0
 10
16.847
 20
-155.859
 11
16.7966
 21
-155.79
  0
LINE
  8
0
 10
16.7966
 20
-155.79
 11
16.749
 21
-155.718
  0
LINE
  8
0
 10
16.749
 20
-155.718
 11
16.7044
 21
-155.645
  0
LINE
  8
0
 10
16.7044
 20
-155.645
 11
16.6629
 21
-155.57
  0
LINE
  8
0
 10
16.6629
 20
-155.57
 11
16.625
 21
-155.493
  0
LINE
  8
0
 10
16.625
 20
-155.493
 11
16.5901
 21
-155.414
  0
LINE
  8
0
 10
16.5901
 20
-155.414
 11
16.5583
 21
-155.334
  0
LINE
  8
0
 10
16.5583
 20
-155.334
 11
16.53
 21
-155.253
  0
LINE
  8
0
 10
16.53
 20
-155.253
 11
16.5052
 21
-155.171
  0
LINE
  8
0
 10
16.5052
 20
-155.171
 11
16.4839
 21
-155.088
  0
LINE
  8
0
 10
16.4839
 20
-155.088
 11
16.466
 21
-155.004
  0
LINE
  8
0
 10
16.466
 20
-155.004
 11
16.4517
 21
-154.919
  0
LINE
  8
0
 10
16.4517
 20
-154.919
 11
16.4412
 21
-154.834
  0
LINE
  8
0
 10
16.4412
 20
-154.834
 11
16.4339
 21
-154.749
  0
LINE
  8
0
 10
16.4339
 20
-154.749
 11
16.4304
 21
-154.663
  0
LINE
  8
0
 10
16.4304
 20
-154.663
 11
16.4304
 21
-154.577
  0
LINE
  8
0
 10
16.4304
 20
-154.577
 11
16.4339
 21
-154.491
  0
LINE
  8
0
 10
16.4339
 20
-154.491
 11
16.4412
 21
-154.406
  0
LINE
  8
0
 10
16.4412
 20
-154.406
 11
16.4517
 21
-154.32
  0
LINE
  8
0
 10
16.4517
 20
-154.32
 11
16.466
 21
-154.236
  0
LINE
  8
0
 10
16.466
 20
-154.236
 11
16.4839
 21
-154.152
  0
LINE
  8
0
 10
16.4839
 20
-154.152
 11
16.5052
 21
-154.069
  0
LINE
  8
0
 10
16.5052
 20
-154.069
 11
16.53
 21
-153.986
  0
LINE
  8
0
 10
16.53
 20
-153.986
 11
16.5583
 21
-153.905
  0
LINE
  8
0
 10
16.5583
 20
-153.905
 11
16.5901
 21
-153.825
  0
LINE
  8
0
 10
16.5901
 20
-153.825
 11
16.625
 21
-153.747
  0
LINE
  8
0
 10
16.625
 20
-153.747
 11
16.6629
 21
-153.67
  0
LINE
  8
0
 10
16.6629
 20
-153.67
 11
16.7044
 21
-153.595
  0
LINE
  8
0
 10
16.7044
 20
-153.595
 11
16.749
 21
-153.521
  0
LINE
  8
0
 10
16.749
 20
-153.521
 11
16.7966
 21
-153.45
  0
LINE
  8
0
 10
16.7966
 20
-153.45
 11
16.847
 21
-153.381
  0
LINE
  8
0
 10
16.847
 20
-153.381
 11
16.9001
 21
-153.313
  0
LINE
  8
0
 10
16.9001
 20
-153.313
 11
16.9563
 21
-153.248
  0
LINE
  8
0
 10
16.9563
 20
-153.248
 11
17.0152
 21
-153.186
  0
LINE
  8
0
 10
17.0152
 20
-153.186
 11
17.0765
 21
-153.126
  0
LINE
  8
0
 10
17.0765
 20
-153.126
 11
17.1404
 21
-153.068
  0
LINE
  8
0
 10
17.1404
 20
-153.068
 11
17.2063
 21
-153.013
  0
LINE
  8
0
 10
17.2063
 20
-153.013
 11
17.2749
 21
-152.961
  0
LINE
  8
0
 10
17.2749
 20
-152.961
 11
17.3455
 21
-152.912
  0
LINE
  8
0
 10
17.3455
 20
-152.912
 11
17.4179
 21
-152.866
  0
LINE
  8
0
 10
17.4179
 20
-152.866
 11
17.4923
 21
-152.823
  0
LINE
  8
0
 10
17.4923
 20
-152.823
 11
17.5683
 21
-152.784
  0
LINE
  8
0
 10
17.5683
 20
-152.784
 11
17.6458
 21
-152.747
  0
LINE
  8
0
 10
17.6458
 20
-152.747
 11
17.7253
 21
-152.714
  0
LINE
  8
0
 10
17.7253
 20
-152.714
 11
17.8055
 21
-152.684
  0
LINE
  8
0
 10
17.8055
 20
-152.684
 11
17.8873
 21
-152.657
  0
LINE
  8
0
 10
17.8873
 20
-152.657
 11
17.9698
 21
-152.634
  0
LINE
  8
0
 10
17.9698
 20
-152.634
 11
18.0535
 21
-152.615
  0
LINE
  8
0
 10
18.0535
 20
-152.615
 11
18.138
 21
-152.598
  0
LINE
  8
0
 10
18.138
 20
-152.598
 11
18.2229
 21
-152.586
  0
LINE
  8
0
 10
18.2229
 20
-152.586
 11
18.3082
 21
-152.577
  0
LINE
  8
0
 10
18.3082
 20
-152.577
 11
18.3938
 21
-152.572
  0
LINE
  8
0
 10
18.3938
 20
-152.572
 11
18.4799
 21
-152.57
  0
LINE
  8
0
 10
18.4799
 20
-152.57
 11
18.5655
 21
-152.572
  0
LINE
  8
0
 10
18.5655
 20
-152.572
 11
18.6512
 21
-152.577
  0
LINE
  8
0
 10
18.6512
 20
-152.577
 11
18.7368
 21
-152.586
  0
LINE
  8
0
 10
18.7368
 20
-152.586
 11
18.8217
 21
-152.598
  0
LINE
  8
0
 10
18.8217
 20
-152.598
 11
18.9062
 21
-152.615
  0
LINE
  8
0
 10
18.9062
 20
-152.615
 11
18.9895
 21
-152.634
  0
LINE
  8
0
 10
18.9895
 20
-152.634
 11
19.0725
 21
-152.657
  0
LINE
  8
0
 10
19.0725
 20
-152.657
 11
19.1539
 21
-152.684
  0
LINE
  8
0
 10
19.1539
 20
-152.684
 11
19.2345
 21
-152.714
  0
LINE
  8
0
 10
19.2345
 20
-152.714
 11
19.3135
 21
-152.747
  0
LINE
  8
0
 10
19.3135
 20
-152.747
 11
19.3915
 21
-152.784
  0
LINE
  8
0
 10
19.3915
 20
-152.784
 11
19.4674
 21
-152.823
  0
LINE
  8
0
 10
19.4674
 20
-152.823
 11
19.5418
 21
-152.866
  0
LINE
  8
0
 10
19.5418
 20
-152.866
 11
19.6143
 21
-152.912
  0
LINE
  8
0
 10
19.6143
 20
-152.912
 11
19.6848
 21
-152.961
  0
LINE
  8
0
 10
19.6848
 20
-152.961
 11
19.7531
 21
-153.013
  0
LINE
  8
0
 10
19.7531
 20
-153.013
 11
19.8193
 21
-153.068
  0
LINE
  8
0
 10
19.8193
 20
-153.068
 11
19.8833
 21
-153.126
  0
LINE
  8
0
 10
19.8833
 20
-153.126
 11
19.9445
 21
-153.186
  0
LINE
  8
0
 10
19.9445
 20
-153.186
 11
20.0034
 21
-153.248
  0
LINE
  8
0
 10
20.0034
 20
-153.248
 11
20.0592
 21
-153.313
  0
LINE
  8
0
 10
20.0592
 20
-153.313
 11
20.1127
 21
-153.381
  0
LINE
  8
0
 10
20.1127
 20
-153.381
 11
20.1631
 21
-153.45
  0
LINE
  8
0
 10
20.1631
 20
-153.45
 11
20.2108
 21
-153.521
  0
LINE
  8
0
 10
20.2108
 20
-153.521
 11
20.2554
 21
-153.595
  0
LINE
  8
0
 10
20.2554
 20
-153.595
 11
20.2964
 21
-153.67
  0
LINE
  8
0
 10
20.2964
 20
-153.67
 11
20.3348
 21
-153.747
  0
LINE
  8
0
 10
20.3348
 20
-153.747
 11
20.3697
 21
-153.825
  0
LINE
  8
0
 10
20.3697
 20
-153.825
 11
20.4011
 21
-153.905
  0
LINE
  8
0
 10
20.4011
 20
-153.905
 11
20.4294
 21
-153.986
  0
LINE
  8
0
 10
20.4294
 20
-153.986
 11
20.4542
 21
-154.069
  0
LINE
  8
0
 10
20.4542
 20
-154.069
 11
20.4755
 21
-154.152
  0
LINE
  8
0
 10
20.4755
 20
-154.152
 11
20.4937
 21
-154.236
  0
LINE
  8
0
 10
20.4937
 20
-154.236
 11
20.5077
 21
-154.32
  0
LINE
  8
0
 10
20.5077
 20
-154.32
 11
20.5185
 21
-154.406
  0
LINE
  8
0
 10
20.5185
 20
-154.406
 11
20.5259
 21
-154.491
  0
LINE
  8
0
 10
20.5259
 20
-154.491
 11
20.5294
 21
-154.577
  0
LINE
  8
0
 10
20.5294
 20
-154.577
 11
20.5294
 21
-154.663
  0
LINE
  8
0
 10
20.5294
 20
-154.663
 11
20.5259
 21
-154.749
  0
LINE
  8
0
 10
20.5259
 20
-154.749
 11
20.5185
 21
-154.834
  0
LINE
  8
0
 10
20.5185
 20
-154.834
 11
20.5077
 21
-154.919
  0
LINE
  8
0
 10
20.5077
 20
-154.919
 11
20.4937
 21
-155.004
  0
LINE
  8
0
 10
20.4937
 20
-155.004
 11
20.4755
 21
-155.088
  0
LINE
  8
0
 10
20.4755
 20
-155.088
 11
20.4542
 21
-155.171
  0
LINE
  8
0
 10
20.4542
 20
-155.171
 11
20.4294
 21
-155.253
  0
LINE
  8
0
 10
20.4294
 20
-155.253
 11
20.4011
 21
-155.334
  0
LINE
  8
0
 10
20.4011
 20
-155.334
 11
20.3697
 21
-155.414
  0
LINE
  8
0
 10
20.3697
 20
-155.414
 11
20.3348
 21
-155.493
  0
LINE
  8
0
 10
20.3348
 20
-155.493
 11
20.2964
 21
-155.57
  0
LINE
  8
0
 10
20.2964
 20
-155.57
 11
20.2554
 21
-155.645
  0
LINE
  8
0
 10
20.2554
 20
-155.645
 11
20.2108
 21
-155.718
  0
LINE
  8
0
 10
20.2108
 20
-155.718
 11
20.1631
 21
-155.79
  0
LINE
  8
0
 10
20.1631
 20
-155.79
 11
20.1127
 21
-155.859
  0
LINE
  8
0
 10
20.1127
 20
-155.859
 11
20.0592
 21
-155.927
  0
LINE
  8
0
 10
20.0592
 20
-155.927
 11
20.0034
 21
-155.992
  0
LINE
  8
0
 10
20.0034
 20
-155.992
 11
19.9445
 21
-156.054
  0
LINE
  8
0
 10
19.9445
 20
-156.054
 11
19.8833
 21
-156.114
  0
LINE
  8
0
 10
19.8833
 20
-156.114
 11
19.8193
 21
-156.171
  0
LINE
  8
0
 10
19.8193
 20
-156.171
 11
19.7531
 21
-156.227
  0
LINE
  8
0
 10
19.7531
 20
-156.227
 11
19.6848
 21
-156.278
  0
LINE
  8
0
 10
19.6848
 20
-156.278
 11
19.6143
 21
-156.327
  0
LINE
  8
0
 10
19.6143
 20
-156.327
 11
19.5418
 21
-156.373
  0
LINE
  8
0
 10
19.5418
 20
-156.373
 11
19.4674
 21
-156.416
  0
LINE
  8
0
 10
19.4674
 20
-156.416
 11
19.3915
 21
-156.456
  0
LINE
  8
0
 10
19.3915
 20
-156.456
 11
19.3135
 21
-156.493
  0
LINE
  8
0
 10
19.3135
 20
-156.493
 11
19.2345
 21
-156.526
  0
LINE
  8
0
 10
19.2345
 20
-156.526
 11
19.1539
 21
-156.556
  0
LINE
  8
0
 10
19.1539
 20
-156.556
 11
19.0725
 21
-156.582
  0
LINE
  8
0
 10
19.0725
 20
-156.582
 11
18.9895
 21
-156.606
  0
LINE
  8
0
 10
18.9895
 20
-156.606
 11
18.9062
 21
-156.625
  0
LINE
  8
0
 10
18.9062
 20
-156.625
 11
18.8217
 21
-156.641
  0
LINE
  8
0
 10
18.8217
 20
-156.641
 11
18.7368
 21
-156.654
  0
LINE
  8
0
 10
18.7368
 20
-156.654
 11
18.6512
 21
-156.663
  0
LINE
  8
0
 10
18.6512
 20
-156.663
 11
18.5655
 21
-156.668
  0
LINE
  8
0
 10
18.5655
 20
-156.668
 11
18.4799
 21
-156.67
  0
LINE
  8
0
 10
18.4799
 20
-156.67
 11
18.3938
 21
-156.668
  0
LINE
  8
0
 10
97.7467
 20
-167.149
 11
97.6611
 21
-167.146
  0
LINE
  8
0
 10
97.6611
 20
-167.146
 11
97.5754
 21
-167.139
  0
LINE
  8
0
 10
97.5754
 20
-167.139
 11
97.4902
 21
-167.128
  0
LINE
  8
0
 10
97.4902
 20
-167.128
 11
97.4057
 21
-167.113
  0
LINE
  8
0
 10
97.4057
 20
-167.113
 11
97.3216
 21
-167.096
  0
LINE
  8
0
 10
97.3216
 20
-167.096
 11
97.2386
 21
-167.074
  0
LINE
  8
0
 10
97.2386
 20
-167.074
 11
97.1565
 21
-167.049
  0
LINE
  8
0
 10
97.1565
 20
-167.049
 11
97.0751
 21
-167.021
  0
LINE
  8
0
 10
97.0751
 20
-167.021
 11
96.9952
 21
-166.99
  0
LINE
  8
0
 10
96.9952
 20
-166.99
 11
96.917
 21
-166.955
  0
LINE
  8
0
 10
96.917
 20
-166.955
 11
96.8402
 21
-166.917
  0
LINE
  8
0
 10
96.8402
 20
-166.917
 11
96.7646
 21
-166.875
  0
LINE
  8
0
 10
96.7646
 20
-166.875
 11
96.6914
 21
-166.831
  0
LINE
  8
0
 10
96.6914
 20
-166.831
 11
96.6197
 21
-166.783
  0
LINE
  8
0
 10
96.6197
 20
-166.783
 11
96.5503
 21
-166.733
  0
LINE
  8
0
 10
96.5503
 20
-166.733
 11
96.4833
 21
-166.679
  0
LINE
  8
0
 10
96.4833
 20
-166.679
 11
96.4181
 21
-166.623
  0
LINE
  8
0
 10
96.4181
 20
-166.623
 11
96.3554
 21
-166.565
  0
LINE
  8
0
 10
96.3554
 20
-166.565
 11
96.2953
 21
-166.503
  0
LINE
  8
0
 10
96.2953
 20
-166.503
 11
96.2379
 21
-166.439
  0
LINE
  8
0
 10
96.2379
 20
-166.439
 11
96.1833
 21
-166.373
  0
LINE
  8
0
 10
96.1833
 20
-166.373
 11
96.1313
 21
-166.305
  0
LINE
  8
0
 10
96.1313
 20
-166.305
 11
96.0825
 21
-166.234
  0
LINE
  8
0
 10
96.0825
 20
-166.234
 11
96.0364
 21
-166.162
  0
LINE
  8
0
 10
96.0364
 20
-166.162
 11
95.9934
 21
-166.088
  0
LINE
  8
0
 10
95.9934
 20
-166.088
 11
95.9534
 21
-166.011
  0
LINE
  8
0
 10
95.9534
 20
-166.011
 11
95.917
 21
-165.934
  0
LINE
  8
0
 10
95.917
 20
-165.934
 11
95.8837
 21
-165.855
  0
LINE
  8
0
 10
95.8837
 20
-165.855
 11
95.8538
 21
-165.774
  0
LINE
  8
0
 10
95.8538
 20
-165.774
 11
95.8275
 21
-165.692
  0
LINE
  8
0
 10
95.8275
 20
-165.692
 11
95.8042
 21
-165.61
  0
LINE
  8
0
 10
95.8042
 20
-165.61
 11
95.7845
 21
-165.526
  0
LINE
  8
0
 10
95.7845
 20
-165.526
 11
95.7686
 21
-165.442
  0
LINE
  8
0
 10
95.7686
 20
-165.442
 11
95.7558
 21
-165.357
  0
LINE
  8
0
 10
95.7558
 20
-165.357
 11
95.7469
 21
-165.271
  0
LINE
  8
0
 10
95.7469
 20
-165.271
 11
95.7414
 21
-165.186
  0
LINE
  8
0
 10
95.7414
 20
-165.186
 11
95.7399
 21
-165.1
  0
LINE
  8
0
 10
95.7399
 20
-165.1
 11
95.7414
 21
-165.014
  0
LINE
  8
0
 10
95.7414
 20
-165.014
 11
95.7469
 21
-164.928
  0
LINE
  8
0
 10
95.7469
 20
-164.928
 11
95.7558
 21
-164.843
  0
LINE
  8
0
 10
95.7558
 20
-164.843
 11
95.7686
 21
-164.758
  0
LINE
  8
0
 10
95.7686
 20
-164.758
 11
95.7845
 21
-164.674
  0
LINE
  8
0
 10
95.7845
 20
-164.674
 11
95.8042
 21
-164.59
  0
LINE
  8
0
 10
95.8042
 20
-164.59
 11
95.8275
 21
-164.507
  0
LINE
  8
0
 10
95.8275
 20
-164.507
 11
95.8538
 21
-164.426
  0
LINE
  8
0
 10
95.8538
 20
-164.426
 11
95.8837
 21
-164.345
  0
LINE
  8
0
 10
95.8837
 20
-164.345
 11
95.917
 21
-164.266
  0
LINE
  8
0
 10
95.917
 20
-164.266
 11
95.9534
 21
-164.188
  0
LINE
  8
0
 10
95.9534
 20
-164.188
 11
95.9934
 21
-164.112
  0
LINE
  8
0
 10
95.9934
 20
-164.112
 11
96.0364
 21
-164.038
  0
LINE
  8
0
 10
96.0364
 20
-164.038
 11
96.0825
 21
-163.965
  0
LINE
  8
0
 10
96.0825
 20
-163.965
 11
96.1313
 21
-163.895
  0
LINE
  8
0
 10
96.1313
 20
-163.895
 11
96.1833
 21
-163.826
  0
LINE
  8
0
 10
96.1833
 20
-163.826
 11
96.2379
 21
-163.76
  0
LINE
  8
0
 10
96.2379
 20
-163.76
 11
96.2953
 21
-163.697
  0
LINE
  8
0
 10
96.2953
 20
-163.697
 11
96.3554
 21
-163.635
  0
LINE
  8
0
 10
96.3554
 20
-163.635
 11
96.4181
 21
-163.576
  0
LINE
  8
0
 10
96.4181
 20
-163.576
 11
96.4833
 21
-163.52
  0
LINE
  8
0
 10
96.4833
 20
-163.52
 11
96.5503
 21
-163.467
  0
LINE
  8
0
 10
96.5503
 20
-163.467
 11
96.6197
 21
-163.416
  0
LINE
  8
0
 10
96.6197
 20
-163.416
 11
96.6914
 21
-163.369
  0
LINE
  8
0
 10
96.6914
 20
-163.369
 11
96.7646
 21
-163.325
  0
LINE
  8
0
 10
96.7646
 20
-163.325
 11
96.8402
 21
-163.283
  0
LINE
  8
0
 10
96.8402
 20
-163.283
 11
96.917
 21
-163.245
  0
LINE
  8
0
 10
96.917
 20
-163.245
 11
96.9952
 21
-163.21
  0
LINE
  8
0
 10
96.9952
 20
-163.21
 11
97.0751
 21
-163.178
  0
LINE
  8
0
 10
97.0751
 20
-163.178
 11
97.1565
 21
-163.15
  0
LINE
  8
0
 10
97.1565
 20
-163.15
 11
97.2386
 21
-163.125
  0
LINE
  8
0
 10
97.2386
 20
-163.125
 11
97.3216
 21
-163.104
  0
LINE
  8
0
 10
97.3216
 20
-163.104
 11
97.4057
 21
-163.086
  0
LINE
  8
0
 10
97.4057
 20
-163.086
 11
97.4902
 21
-163.072
  0
LINE
  8
0
 10
97.4902
 20
-163.072
 11
97.5754
 21
-163.061
  0
LINE
  8
0
 10
97.5754
 20
-163.061
 11
97.6611
 21
-163.054
  0
LINE
  8
0
 10
97.6611
 20
-163.054
 11
97.7467
 21
-163.05
  0
LINE
  8
0
 10
97.7467
 20
-163.05
 11
97.8328
 21
-163.05
  0
LINE
  8
0
 10
97.8328
 20
-163.05
 11
97.9184
 21
-163.054
  0
LINE
  8
0
 10
97.9184
 20
-163.054
 11
98.0041
 21
-163.061
  0
LINE
  8
0
 10
98.0041
 20
-163.061
 11
98.0894
 21
-163.072
  0
LINE
  8
0
 10
98.0894
 20
-163.072
 11
98.1739
 21
-163.086
  0
LINE
  8
0
 10
98.1739
 20
-163.086
 11
98.258
 21
-163.104
  0
LINE
  8
0
 10
98.258
 20
-163.104
 11
98.3409
 21
-163.125
  0
LINE
  8
0
 10
98.3409
 20
-163.125
 11
98.4234
 21
-163.15
  0
LINE
  8
0
 10
98.4234
 20
-163.15
 11
98.5045
 21
-163.178
  0
LINE
  8
0
 10
98.5045
 20
-163.178
 11
98.5843
 21
-163.21
  0
LINE
  8
0
 10
98.5843
 20
-163.21
 11
98.6626
 21
-163.245
  0
LINE
  8
0
 10
98.6626
 20
-163.245
 11
98.7397
 21
-163.283
  0
LINE
  8
0
 10
98.7397
 20
-163.283
 11
98.8149
 21
-163.325
  0
LINE
  8
0
 10
98.8149
 20
-163.325
 11
98.8882
 21
-163.369
  0
LINE
  8
0
 10
98.8882
 20
-163.369
 11
98.9599
 21
-163.416
  0
LINE
  8
0
 10
98.9599
 20
-163.416
 11
99.0292
 21
-163.467
  0
LINE
  8
0
 10
99.0292
 20
-163.467
 11
99.0967
 21
-163.52
  0
LINE
  8
0
 10
99.0967
 20
-163.52
 11
99.1614
 21
-163.576
  0
LINE
  8
0
 10
99.1614
 20
-163.576
 11
99.2242
 21
-163.635
  0
LINE
  8
0
 10
99.2242
 20
-163.635
 11
99.2842
 21
-163.697
  0
LINE
  8
0
 10
99.2842
 20
-163.697
 11
99.3416
 21
-163.76
  0
LINE
  8
0
 10
99.3416
 20
-163.76
 11
99.3963
 21
-163.826
  0
LINE
  8
0
 10
99.3963
 20
-163.826
 11
99.4482
 21
-163.895
  0
LINE
  8
0
 10
99.4482
 20
-163.895
 11
99.4974
 21
-163.965
  0
LINE
  8
0
 10
99.4974
 20
-163.965
 11
99.5431
 21
-164.038
  0
LINE
  8
0
 10
99.5431
 20
-164.038
 11
99.5862
 21
-164.112
  0
LINE
  8
0
 10
99.5862
 20
-164.112
 11
99.6261
 21
-164.188
  0
LINE
  8
0
 10
99.6261
 20
-164.188
 11
99.6625
 21
-164.266
  0
LINE
  8
0
 10
99.6625
 20
-164.266
 11
99.6959
 21
-164.345
  0
LINE
  8
0
 10
99.6959
 20
-164.345
 11
99.7257
 21
-164.426
  0
LINE
  8
0
 10
99.7257
 20
-164.426
 11
99.7524
 21
-164.507
  0
LINE
  8
0
 10
99.7524
 20
-164.507
 11
99.7753
 21
-164.59
  0
LINE
  8
0
 10
99.7753
 20
-164.59
 11
99.7951
 21
-164.674
  0
LINE
  8
0
 10
99.7951
 20
-164.674
 11
99.811
 21
-164.758
  0
LINE
  8
0
 10
99.811
 20
-164.758
 11
99.8238
 21
-164.843
  0
LINE
  8
0
 10
99.8238
 20
-164.843
 11
99.8327
 21
-164.928
  0
LINE
  8
0
 10
99.8327
 20
-164.928
 11
99.8381
 21
-165.014
  0
LINE
  8
0
 10
99.8381
 20
-165.014
 11
99.8396
 21
-165.1
  0
LINE
  8
0
 10
99.8396
 20
-165.1
 11
99.8381
 21
-165.186
  0
LINE
  8
0
 10
99.8381
 20
-165.186
 11
99.8327
 21
-165.271
  0
LINE
  8
0
 10
99.8327
 20
-165.271
 11
99.8238
 21
-165.357
  0
LINE
  8
0
 10
99.8238
 20
-165.357
 11
99.811
 21
-165.442
  0
LINE
  8
0
 10
99.811
 20
-165.442
 11
99.7951
 21
-165.526
  0
LINE
  8
0
 10
99.7951
 20
-165.526
 11
99.7753
 21
-165.61
  0
LINE
  8
0
 10
99.7753
 20
-165.61
 11
99.7524
 21
-165.692
  0
LINE
  8
0
 10
99.7524
 20
-165.692
 11
99.7257
 21
-165.774
  0
LINE
  8
0
 10
99.7257
 20
-165.774
 11
99.6959
 21
-165.855
  0
LINE
  8
0
 10
99.6959
 20
-165.855
 11
99.6625
 21
-165.934
  0
LINE
  8
0
 10
99.6625
 20
-165.934
 11
99.6261
 21
-166.011
  0
LINE
  8
0
 10
99.6261
 20
-166.011
 11
99.5862
 21
-166.088
  0
LINE
  8
0
 10
99.5862
 20
-166.088
 11
99.5431
 21
-166.162
  0
LINE
  8
0
 10
99.5431
 20
-166.162
 11
99.4974
 21
-166.234
  0
LINE
  8
0
 10
99.4974
 20
-166.234
 11
99.4482
 21
-166.305
  0
LINE
  8
0
 10
99.4482
 20
-166.305
 11
99.3963
 21
-166.373
  0
LINE
  8
0
 10
99.3963
 20
-166.373
 11
99.3416
 21
-166.439
  0
LINE
  8
0
 10
99.3416
 20
-166.439
 11
99.2842
 21
-166.503
  0
LINE
  8
0
 10
99.2842
 20
-166.503
 11
99.2242
 21
-166.565
  0
LINE
  8
0
 10
99.2242
 20
-166.565
 11
99.1614
 21
-166.623
  0
LINE
  8
0
 10
99.1614
 20
-166.623
 11
99.0967
 21
-166.679
  0
LINE
  8
0
 10
99.0967
 20
-166.679
 11
99.0292
 21
-166.733
  0
LINE
  8
0
 10
99.0292
 20
-166.733
 11
98.9599
 21
-166.783
  0
LINE
  8
0
 10
98.9599
 20
-166.783
 11
98.8882
 21
-166.831
  0
LINE
  8
0
 10
98.8882
 20
-166.831
 11
98.8149
 21
-166.875
  0
LINE
  8
0
 10
98.8149
 20
-166.875
 11
98.7397
 21
-166.917
  0
LINE
  8
0
 10
98.7397
 20
-166.917
 11
98.6626
 21
-166.955
  0
LINE
  8
0
 10
98.6626
 20
-166.955
 11
98.5843
 21
-166.99
  0
LINE
  8
0
 10
98.5843
 20
-166.99
 11
98.5045
 21
-167.021
  0
LINE
  8
0
 10
98.5045
 20
-167.021
 11
98.4234
 21
-167.049
  0
LINE
  8
0
 10
98.4234
 20
-167.049
 11
98.3409
 21
-167.074
  0
LINE
  8
0
 10
98.3409
 20
-167.074
 11
98.258
 21
-167.096
  0
LINE
  8
0
 10
98.258
 20
-167.096
 11
98.1739
 21
-167.113
  0
LINE
  8
0
 10
98.1739
 20
-167.113
 11
98.0894
 21
-167.128
  0
LINE
  8
0
 10
98.0894
 20
-167.128
 11
98.0041
 21
-167.139
  0
LINE
  8
0
 10
98.0041
 20
-167.139
 11
97.9184
 21
-167.146
  0
LINE
  8
0
 10
97.9184
 20
-167.146
 11
97.8328
 21
-167.149
  0
LINE
  8
0
 10
97.8328
 20
-167.149
 11
97.7467
 21
-167.149
  0
LINE
  8
0
 10
113.747
 20
-167.149
 11
113.661
 21
-167.146
  0
LINE
  8
0
 10
113.661
 20
-167.146
 11
113.576
 21
-167.139
  0
LINE
  8
0
 10
113.576
 20
-167.139
 11
113.49
 21
-167.128
  0
LINE
  8
0
 10
113.49
 20
-167.128
 11
113.405
 21
-167.113
  0
LINE
  8
0
 10
113.405
 20
-167.113
 11
113.322
 21
-167.096
  0
LINE
  8
0
 10
113.322
 20
-167.096
 11
113.238
 21
-167.074
  0
LINE
  8
0
 10
113.238
 20
-167.074
 11
113.156
 21
-167.049
  0
LINE
  8
0
 10
113.156
 20
-167.049
 11
113.075
 21
-167.021
  0
LINE
  8
0
 10
113.075
 20
-167.021
 11
112.995
 21
-166.99
  0
LINE
  8
0
 10
112.995
 20
-166.99
 11
112.917
 21
-166.955
  0
LINE
  8
0
 10
112.917
 20
-166.955
 11
112.84
 21
-166.917
  0
LINE
  8
0
 10
112.84
 20
-166.917
 11
112.765
 21
-166.875
  0
LINE
  8
0
 10
112.765
 20
-166.875
 11
112.691
 21
-166.831
  0
LINE
  8
0
 10
112.691
 20
-166.831
 11
112.62
 21
-166.783
  0
LINE
  8
0
 10
112.62
 20
-166.783
 11
112.55
 21
-166.733
  0
LINE
  8
0
 10
112.55
 20
-166.733
 11
112.483
 21
-166.679
  0
LINE
  8
0
 10
112.483
 20
-166.679
 11
112.418
 21
-166.623
  0
LINE
  8
0
 10
112.418
 20
-166.623
 11
112.356
 21
-166.565
  0
LINE
  8
0
 10
112.356
 20
-166.565
 11
112.295
 21
-166.503
  0
LINE
  8
0
 10
112.295
 20
-166.503
 11
112.238
 21
-166.439
  0
LINE
  8
0
 10
112.238
 20
-166.439
 11
112.183
 21
-166.373
  0
LINE
  8
0
 10
112.183
 20
-166.373
 11
112.131
 21
-166.305
  0
LINE
  8
0
 10
112.131
 20
-166.305
 11
112.082
 21
-166.234
  0
LINE
  8
0
 10
112.082
 20
-166.234
 11
112.036
 21
-166.162
  0
LINE
  8
0
 10
112.036
 20
-166.162
 11
111.994
 21
-166.088
  0
LINE
  8
0
 10
111.994
 20
-166.088
 11
111.954
 21
-166.011
  0
LINE
  8
0
 10
111.954
 20
-166.011
 11
111.917
 21
-165.934
  0
LINE
  8
0
 10
111.917
 20
-165.934
 11
111.884
 21
-165.855
  0
LINE
  8
0
 10
111.884
 20
-165.855
 11
111.854
 21
-165.774
  0
LINE
  8
0
 10
111.854
 20
-165.774
 11
111.827
 21
-165.692
  0
LINE
  8
0
 10
111.827
 20
-165.692
 11
111.804
 21
-165.61
  0
LINE
  8
0
 10
111.804
 20
-165.61
 11
111.785
 21
-165.526
  0
LINE
  8
0
 10
111.785
 20
-165.526
 11
111.768
 21
-165.442
  0
LINE
  8
0
 10
111.768
 20
-165.442
 11
111.756
 21
-165.357
  0
LINE
  8
0
 10
111.756
 20
-165.357
 11
111.747
 21
-165.271
  0
LINE
  8
0
 10
111.747
 20
-165.271
 11
111.742
 21
-165.186
  0
LINE
  8
0
 10
111.742
 20
-165.186
 11
111.74
 21
-165.1
  0
LINE
  8
0
 10
111.74
 20
-165.1
 11
111.742
 21
-165.014
  0
LINE
  8
0
 10
111.742
 20
-165.014
 11
111.747
 21
-164.928
  0
LINE
  8
0
 10
111.747
 20
-164.928
 11
111.756
 21
-164.843
  0
LINE
  8
0
 10
111.756
 20
-164.843
 11
111.768
 21
-164.758
  0
LINE
  8
0
 10
111.768
 20
-164.758
 11
111.785
 21
-164.674
  0
LINE
  8
0
 10
111.785
 20
-164.674
 11
111.804
 21
-164.59
  0
LINE
  8
0
 10
111.804
 20
-164.59
 11
111.827
 21
-164.507
  0
LINE
  8
0
 10
111.827
 20
-164.507
 11
111.854
 21
-164.426
  0
LINE
  8
0
 10
111.854
 20
-164.426
 11
111.884
 21
-164.345
  0
LINE
  8
0
 10
111.884
 20
-164.345
 11
111.917
 21
-164.266
  0
LINE
  8
0
 10
111.917
 20
-164.266
 11
111.954
 21
-164.188
  0
LINE
  8
0
 10
111.954
 20
-164.188
 11
111.994
 21
-164.112
  0
LINE
  8
0
 10
111.994
 20
-164.112
 11
112.036
 21
-164.038
  0
LINE
  8
0
 10
112.036
 20
-164.038
 11
112.082
 21
-163.965
  0
LINE
  8
0
 10
112.082
 20
-163.965
 11
112.131
 21
-163.895
  0
LINE
  8
0
 10
112.131
 20
-163.895
 11
112.183
 21
-163.826
  0
LINE
  8
0
 10
112.183
 20
-163.826
 11
112.238
 21
-163.76
  0
LINE
  8
0
 10
112.238
 20
-163.76
 11
112.295
 21
-163.697
  0
LINE
  8
0
 10
112.295
 20
-163.697
 11
112.356
 21
-163.635
  0
LINE
  8
0
 10
112.356
 20
-163.635
 11
112.418
 21
-163.576
  0
LINE
  8
0
 10
112.418
 20
-163.576
 11
112.483
 21
-163.52
  0
LINE
  8
0
 10
112.483
 20
-163.52
 11
112.55
 21
-163.467
  0
LINE
  8
0
 10
112.55
 20
-163.467
 11
112.62
 21
-163.416
  0
LINE
  8
0
 10
112.62
 20
-163.416
 11
112.691
 21
-163.369
  0
LINE
  8
0
 10
112.691
 20
-163.369
 11
112.765
 21
-163.325
  0
LINE
  8
0
 10
112.765
 20
-163.325
 11
112.84
 21
-163.283
  0
LINE
  8
0
 10
112.84
 20
-163.283
 11
112.917
 21
-163.245
  0
LINE
  8
0
 10
112.917
 20
-163.245
 11
112.995
 21
-163.21
  0
LINE
  8
0
 10
112.995
 20
-163.21
 11
113.075
 21
-163.178
  0
LINE
  8
0
 10
113.075
 20
-163.178
 11
113.156
 21
-163.15
  0
LINE
  8
0
 10
113.156
 20
-163.15
 11
113.238
 21
-163.125
  0
LINE
  8
0
 10
113.238
 20
-163.125
 11
113.322
 21
-163.104
  0
LINE
  8
0
 10
113.322
 20
-163.104
 11
113.405
 21
-163.086
  0
LINE
  8
0
 10
113.405
 20
-163.086
 11
113.49
 21
-163.072
  0
LINE
  8
0
 10
113.49
 20
-163.072
 11
113.576
 21
-163.061
  0
LINE
  8
0
 10
113.576
 20
-163.061
 11
113.661
 21
-163.054
  0
LINE
  8
0
 10
113.661
 20
-163.054
 11
113.747
 21
-163.05
  0
LINE
  8
0
 10
113.747
 20
-163.05
 11
113.833
 21
-163.05
  0
LINE
  8
0
 10
113.833
 20
-163.05
 11
113.919
 21
-163.054
  0
LINE
  8
0
 10
113.919
 20
-163.054
 11
114.004
 21
-163.061
  0
LINE
  8
0
 10
114.004
 20
-163.061
 11
114.089
 21
-163.072
  0
LINE
  8
0
 10
114.089
 20
-163.072
 11
114.174
 21
-163.086
  0
LINE
  8
0
 10
114.174
 20
-163.086
 11
114.258
 21
-163.104
  0
LINE
  8
0
 10
114.258
 20
-163.104
 11
114.341
 21
-163.125
  0
LINE
  8
0
 10
114.341
 20
-163.125
 11
114.423
 21
-163.15
  0
LINE
  8
0
 10
114.423
 20
-163.15
 11
114.504
 21
-163.178
  0
LINE
  8
0
 10
114.504
 20
-163.178
 11
114.584
 21
-163.21
  0
LINE
  8
0
 10
114.584
 20
-163.21
 11
114.663
 21
-163.245
  0
LINE
  8
0
 10
114.663
 20
-163.245
 11
114.74
 21
-163.283
  0
LINE
  8
0
 10
114.74
 20
-163.283
 11
114.815
 21
-163.325
  0
LINE
  8
0
 10
114.815
 20
-163.325
 11
114.888
 21
-163.369
  0
LINE
  8
0
 10
114.888
 20
-163.369
 11
114.96
 21
-163.416
  0
LINE
  8
0
 10
114.96
 20
-163.416
 11
115.029
 21
-163.467
  0
LINE
  8
0
 10
115.029
 20
-163.467
 11
115.096
 21
-163.52
  0
LINE
  8
0
 10
115.096
 20
-163.52
 11
115.162
 21
-163.576
  0
LINE
  8
0
 10
115.162
 20
-163.576
 11
115.224
 21
-163.635
  0
LINE
  8
0
 10
115.224
 20
-163.635
 11
115.284
 21
-163.697
  0
LINE
  8
0
 10
115.284
 20
-163.697
 11
115.342
 21
-163.76
  0
LINE
  8
0
 10
115.342
 20
-163.76
 11
115.396
 21
-163.826
  0
LINE
  8
0
 10
115.396
 20
-163.826
 11
115.448
 21
-163.895
  0
LINE
  8
0
 10
115.448
 20
-163.895
 11
115.497
 21
-163.965
  0
LINE
  8
0
 10
115.497
 20
-163.965
 11
115.543
 21
-164.038
  0
LINE
  8
0
 10
115.543
 20
-164.038
 11
115.586
 21
-164.112
  0
LINE
  8
0
 10
115.586
 20
-164.112
 11
115.626
 21
-164.188
  0
LINE
  8
0
 10
115.626
 20
-164.188
 11
115.663
 21
-164.266
  0
LINE
  8
0
 10
115.663
 20
-164.266
 11
115.696
 21
-164.345
  0
LINE
  8
0
 10
115.696
 20
-164.345
 11
115.726
 21
-164.426
  0
LINE
  8
0
 10
115.726
 20
-164.426
 11
115.752
 21
-164.507
  0
LINE
  8
0
 10
115.752
 20
-164.507
 11
115.775
 21
-164.59
  0
LINE
  8
0
 10
115.775
 20
-164.59
 11
115.795
 21
-164.674
  0
LINE
  8
0
 10
115.795
 20
-164.674
 11
115.811
 21
-164.758
  0
LINE
  8
0
 10
115.811
 20
-164.758
 11
115.824
 21
-164.843
  0
LINE
  8
0
 10
115.824
 20
-164.843
 11
115.832
 21
-164.928
  0
LINE
  8
0
 10
115.832
 20
-164.928
 11
115.838
 21
-165.014
  0
LINE
  8
0
 10
115.838
 20
-165.014
 11
115.84
 21
-165.1
  0
LINE
  8
0
 10
115.84
 20
-165.1
 11
115.838
 21
-165.186
  0
LINE
  8
0
 10
115.838
 20
-165.186
 11
115.832
 21
-165.271
  0
LINE
  8
0
 10
115.832
 20
-165.271
 11
115.824
 21
-165.357
  0
LINE
  8
0
 10
115.824
 20
-165.357
 11
115.811
 21
-165.442
  0
LINE
  8
0
 10
115.811
 20
-165.442
 11
115.795
 21
-165.526
  0
LINE
  8
0
 10
115.795
 20
-165.526
 11
115.775
 21
-165.61
  0
LINE
  8
0
 10
115.775
 20
-165.61
 11
115.752
 21
-165.692
  0
LINE
  8
0
 10
115.752
 20
-165.692
 11
115.726
 21
-165.774
  0
LINE
  8
0
 10
115.726
 20
-165.774
 11
115.696
 21
-165.855
  0
LINE
  8
0
 10
115.696
 20
-165.855
 11
115.663
 21
-165.934
  0
LINE
  8
0
 10
115.663
 20
-165.934
 11
115.626
 21
-166.011
  0
LINE
  8
0
 10
115.626
 20
-166.011
 11
115.586
 21
-166.088
  0
LINE
  8
0
 10
115.586
 20
-166.088
 11
115.543
 21
-166.162
  0
LINE
  8
0
 10
115.543
 20
-166.162
 11
115.497
 21
-166.234
  0
LINE
  8
0
 10
115.497
 20
-166.234
 11
115.448
 21
-166.305
  0
LINE
  8
0
 10
115.448
 20
-166.305
 11
115.396
 21
-166.373
  0
LINE
  8
0
 10
115.396
 20
-166.373
 11
115.342
 21
-166.439
  0
LINE
  8
0
 10
115.342
 20
-166.439
 11
115.284
 21
-166.503
  0
LINE
  8
0
 10
115.284
 20
-166.503
 11
115.224
 21
-166.565
  0
LINE
  8
0
 10
115.224
 20
-166.565
 11
115.162
 21
-166.623
  0
LINE
  8
0
 10
115.162
 20
-166.623
 11
115.096
 21
-166.679
  0
LINE
  8
0
 10
115.096
 20
-166.679
 11
115.029
 21
-166.733
  0
LINE
  8
0
 10
115.029
 20
-166.733
 11
114.96
 21
-166.783
  0
LINE
  8
0
 10
114.96
 20
-166.783
 11
114.888
 21
-166.831
  0
LINE
  8
0
 10
114.888
 20
-166.831
 11
114.815
 21
-166.875
  0
LINE
  8
0
 10
114.815
 20
-166.875
 11
114.74
 21
-166.917
  0
LINE
  8
0
 10
114.74
 20
-166.917
 11
114.663
 21
-166.955
  0
LINE
  8
0
 10
114.663
 20
-166.955
 11
114.584
 21
-166.99
  0
LINE
  8
0
 10
114.584
 20
-166.99
 11
114.504
 21
-167.021
  0
LINE
  8
0
 10
114.504
 20
-167.021
 11
114.423
 21
-167.049
  0
LINE
  8
0
 10
114.423
 20
-167.049
 11
114.341
 21
-167.074
  0
LINE
  8
0
 10
114.341
 20
-167.074
 11
114.258
 21
-167.096
  0
LINE
  8
0
 10
114.258
 20
-167.096
 11
114.174
 21
-167.113
  0
LINE
  8
0
 10
114.174
 20
-167.113
 11
114.089
 21
-167.128
  0
LINE
  8
0
 10
114.089
 20
-167.128
 11
114.004
 21
-167.139
  0
LINE
  8
0
 10
114.004
 20
-167.139
 11
113.919
 21
-167.146
  0
LINE
  8
0
 10
113.919
 20
-167.146
 11
113.833
 21
-167.149
  0
LINE
  8
0
 10
113.833
 20
-167.149
 11
113.747
 21
-167.149
  0
LINE
  8
0
 10
105.747
 20
-167.149
 11
105.661
 21
-167.146
  0
LINE
  8
0
 10
105.661
 20
-167.146
 11
105.575
 21
-167.139
  0
LINE
  8
0
 10
105.575
 20
-167.139
 11
105.49
 21
-167.128
  0
LINE
  8
0
 10
105.49
 20
-167.128
 11
105.406
 21
-167.113
  0
LINE
  8
0
 10
105.406
 20
-167.113
 11
105.321
 21
-167.096
  0
LINE
  8
0
 10
105.321
 20
-167.096
 11
105.239
 21
-167.074
  0
LINE
  8
0
 10
105.239
 20
-167.074
 11
105.156
 21
-167.049
  0
LINE
  8
0
 10
105.156
 20
-167.049
 11
105.075
 21
-167.021
  0
LINE
  8
0
 10
105.075
 20
-167.021
 11
104.996
 21
-166.99
  0
LINE
  8
0
 10
104.996
 20
-166.99
 11
104.917
 21
-166.955
  0
LINE
  8
0
 10
104.917
 20
-166.955
 11
104.84
 21
-166.917
  0
LINE
  8
0
 10
104.84
 20
-166.917
 11
104.765
 21
-166.875
  0
LINE
  8
0
 10
104.765
 20
-166.875
 11
104.691
 21
-166.831
  0
LINE
  8
0
 10
104.691
 20
-166.831
 11
104.62
 21
-166.783
  0
LINE
  8
0
 10
104.62
 20
-166.783
 11
104.55
 21
-166.733
  0
LINE
  8
0
 10
104.55
 20
-166.733
 11
104.483
 21
-166.679
  0
LINE
  8
0
 10
104.483
 20
-166.679
 11
104.418
 21
-166.623
  0
LINE
  8
0
 10
104.418
 20
-166.623
 11
104.356
 21
-166.565
  0
LINE
  8
0
 10
104.356
 20
-166.565
 11
104.296
 21
-166.503
  0
LINE
  8
0
 10
104.296
 20
-166.503
 11
104.238
 21
-166.439
  0
LINE
  8
0
 10
104.238
 20
-166.439
 11
104.183
 21
-166.373
  0
LINE
  8
0
 10
104.183
 20
-166.373
 11
104.131
 21
-166.305
  0
LINE
  8
0
 10
104.131
 20
-166.305
 11
104.082
 21
-166.234
  0
LINE
  8
0
 10
104.082
 20
-166.234
 11
104.036
 21
-166.162
  0
LINE
  8
0
 10
104.036
 20
-166.162
 11
103.993
 21
-166.088
  0
LINE
  8
0
 10
103.993
 20
-166.088
 11
103.954
 21
-166.011
  0
LINE
  8
0
 10
103.954
 20
-166.011
 11
103.917
 21
-165.934
  0
LINE
  8
0
 10
103.917
 20
-165.934
 11
103.884
 21
-165.855
  0
LINE
  8
0
 10
103.884
 20
-165.855
 11
103.854
 21
-165.774
  0
LINE
  8
0
 10
103.854
 20
-165.774
 11
103.827
 21
-165.692
  0
LINE
  8
0
 10
103.827
 20
-165.692
 11
103.804
 21
-165.61
  0
LINE
  8
0
 10
103.804
 20
-165.61
 11
103.785
 21
-165.526
  0
LINE
  8
0
 10
103.785
 20
-165.526
 11
103.768
 21
-165.442
  0
LINE
  8
0
 10
103.768
 20
-165.442
 11
103.756
 21
-165.357
  0
LINE
  8
0
 10
103.756
 20
-165.357
 11
103.747
 21
-165.271
  0
LINE
  8
0
 10
103.747
 20
-165.271
 11
103.742
 21
-165.186
  0
LINE
  8
0
 10
103.742
 20
-165.186
 11
103.74
 21
-165.1
  0
LINE
  8
0
 10
103.74
 20
-165.1
 11
103.742
 21
-165.014
  0
LINE
  8
0
 10
103.742
 20
-165.014
 11
103.747
 21
-164.928
  0
LINE
  8
0
 10
103.747
 20
-164.928
 11
103.756
 21
-164.843
  0
LINE
  8
0
 10
103.756
 20
-164.843
 11
103.768
 21
-164.758
  0
LINE
  8
0
 10
103.768
 20
-164.758
 11
103.785
 21
-164.674
  0
LINE
  8
0
 10
103.785
 20
-164.674
 11
103.804
 21
-164.59
  0
LINE
  8
0
 10
103.804
 20
-164.59
 11
103.827
 21
-164.507
  0
LINE
  8
0
 10
103.827
 20
-164.507
 11
103.854
 21
-164.426
  0
LINE
  8
0
 10
103.854
 20
-164.426
 11
103.884
 21
-164.345
  0
LINE
  8
0
 10
103.884
 20
-164.345
 11
103.917
 21
-164.266
  0
LINE
  8
0
 10
103.917
 20
-164.266
 11
103.954
 21
-164.188
  0
LINE
  8
0
 10
103.954
 20
-164.188
 11
103.993
 21
-164.112
  0
LINE
  8
0
 10
103.993
 20
-164.112
 11
104.036
 21
-164.038
  0
LINE
  8
0
 10
104.036
 20
-164.038
 11
104.082
 21
-163.965
  0
LINE
  8
0
 10
104.082
 20
-163.965
 11
104.131
 21
-163.895
  0
LINE
  8
0
 10
104.131
 20
-163.895
 11
104.183
 21
-163.826
  0
LINE
  8
0
 10
104.183
 20
-163.826
 11
104.238
 21
-163.76
  0
LINE
  8
0
 10
104.238
 20
-163.76
 11
104.296
 21
-163.697
  0
LINE
  8
0
 10
104.296
 20
-163.697
 11
104.356
 21
-163.635
  0
LINE
  8
0
 10
104.356
 20
-163.635
 11
104.418
 21
-163.576
  0
LINE
  8
0
 10
104.418
 20
-163.576
 11
104.483
 21
-163.52
  0
LINE
  8
0
 10
104.483
 20
-163.52
 11
104.55
 21
-163.467
  0
LINE
  8
0
 10
104.55
 20
-163.467
 11
104.62
 21
-163.416
  0
LINE
  8
0
 10
104.62
 20
-163.416
 11
104.691
 21
-163.369
  0
LINE
  8
0
 10
104.691
 20
-163.369
 11
104.765
 21
-163.325
  0
LINE
  8
0
 10
104.765
 20
-163.325
 11
104.84
 21
-163.283
  0
LINE
  8
0
 10
104.84
 20
-163.283
 11
104.917
 21
-163.245
  0
LINE
  8
0
 10
104.917
 20
-163.245
 11
104.996
 21
-163.21
  0
LINE
  8
0
 10
104.996
 20
-163.21
 11
105.075
 21
-163.178
  0
LINE
  8
0
 10
105.075
 20
-163.178
 11
105.156
 21
-163.15
  0
LINE
  8
0
 10
105.156
 20
-163.15
 11
105.239
 21
-163.125
  0
LINE
  8
0
 10
105.239
 20
-163.125
 11
105.321
 21
-163.104
  0
LINE
  8
0
 10
105.321
 20
-163.104
 11
105.406
 21
-163.086
  0
LINE
  8
0
 10
105.406
 20
-163.086
 11
105.49
 21
-163.072
  0
LINE
  8
0
 10
105.49
 20
-163.072
 11
105.575
 21
-163.061
  0
LINE
  8
0
 10
105.575
 20
-163.061
 11
105.661
 21
-163.054
  0
LINE
  8
0
 10
105.661
 20
-163.054
 11
105.747
 21
-163.05
  0
LINE
  8
0
 10
105.747
 20
-163.05
 11
105.833
 21
-163.05
  0
LINE
  8
0
 10
105.833
 20
-163.05
 11
105.918
 21
-163.054
  0
LINE
  8
0
 10
105.918
 20
-163.054
 11
106.004
 21
-163.061
  0
LINE
  8
0
 10
106.004
 20
-163.061
 11
106.089
 21
-163.072
  0
LINE
  8
0
 10
106.089
 20
-163.072
 11
106.174
 21
-163.086
  0
LINE
  8
0
 10
106.174
 20
-163.086
 11
106.258
 21
-163.104
  0
LINE
  8
0
 10
106.258
 20
-163.104
 11
106.341
 21
-163.125
  0
LINE
  8
0
 10
106.341
 20
-163.125
 11
106.423
 21
-163.15
  0
LINE
  8
0
 10
106.423
 20
-163.15
 11
106.504
 21
-163.178
  0
LINE
  8
0
 10
106.504
 20
-163.178
 11
106.584
 21
-163.21
  0
LINE
  8
0
 10
106.584
 20
-163.21
 11
106.662
 21
-163.245
  0
LINE
  8
0
 10
106.662
 20
-163.245
 11
106.74
 21
-163.283
  0
LINE
  8
0
 10
106.74
 20
-163.283
 11
106.815
 21
-163.325
  0
LINE
  8
0
 10
106.815
 20
-163.325
 11
106.888
 21
-163.369
  0
LINE
  8
0
 10
106.888
 20
-163.369
 11
106.96
 21
-163.416
  0
LINE
  8
0
 10
106.96
 20
-163.416
 11
107.029
 21
-163.467
  0
LINE
  8
0
 10
107.029
 20
-163.467
 11
107.097
 21
-163.52
  0
LINE
  8
0
 10
107.097
 20
-163.52
 11
107.162
 21
-163.576
  0
LINE
  8
0
 10
107.162
 20
-163.576
 11
107.224
 21
-163.635
  0
LINE
  8
0
 10
107.224
 20
-163.635
 11
107.284
 21
-163.697
  0
LINE
  8
0
 10
107.284
 20
-163.697
 11
107.342
 21
-163.76
  0
LINE
  8
0
 10
107.342
 20
-163.76
 11
107.397
 21
-163.826
  0
LINE
  8
0
 10
107.397
 20
-163.826
 11
107.448
 21
-163.895
  0
LINE
  8
0
 10
107.448
 20
-163.895
 11
107.497
 21
-163.965
  0
LINE
  8
0
 10
107.497
 20
-163.965
 11
107.543
 21
-164.038
  0
LINE
  8
0
 10
107.543
 20
-164.038
 11
107.586
 21
-164.112
  0
LINE
  8
0
 10
107.586
 20
-164.112
 11
107.626
 21
-164.188
  0
LINE
  8
0
 10
107.626
 20
-164.188
 11
107.662
 21
-164.266
  0
LINE
  8
0
 10
107.662
 20
-164.266
 11
107.696
 21
-164.345
  0
LINE
  8
0
 10
107.696
 20
-164.345
 11
107.726
 21
-164.426
  0
LINE
  8
0
 10
107.726
 20
-164.426
 11
107.752
 21
-164.507
  0
LINE
  8
0
 10
107.752
 20
-164.507
 11
107.775
 21
-164.59
  0
LINE
  8
0
 10
107.775
 20
-164.59
 11
107.795
 21
-164.674
  0
LINE
  8
0
 10
107.795
 20
-164.674
 11
107.811
 21
-164.758
  0
LINE
  8
0
 10
107.811
 20
-164.758
 11
107.824
 21
-164.843
  0
LINE
  8
0
 10
107.824
 20
-164.843
 11
107.833
 21
-164.928
  0
LINE
  8
0
 10
107.833
 20
-164.928
 11
107.838
 21
-165.014
  0
LINE
  8
0
 10
107.838
 20
-165.014
 11
107.84
 21
-165.1
  0
LINE
  8
0
 10
107.84
 20
-165.1
 11
107.838
 21
-165.186
  0
LINE
  8
0
 10
107.838
 20
-165.186
 11
107.833
 21
-165.271
  0
LINE
  8
0
 10
107.833
 20
-165.271
 11
107.824
 21
-165.357
  0
LINE
  8
0
 10
107.824
 20
-165.357
 11
107.811
 21
-165.442
  0
LINE
  8
0
 10
107.811
 20
-165.442
 11
107.795
 21
-165.526
  0
LINE
  8
0
 10
107.795
 20
-165.526
 11
107.775
 21
-165.61
  0
LINE
  8
0
 10
107.775
 20
-165.61
 11
107.752
 21
-165.692
  0
LINE
  8
0
 10
107.752
 20
-165.692
 11
107.726
 21
-165.774
  0
LINE
  8
0
 10
107.726
 20
-165.774
 11
107.696
 21
-165.855
  0
LINE
  8
0
 10
107.696
 20
-165.855
 11
107.662
 21
-165.934
  0
LINE
  8
0
 10
107.662
 20
-165.934
 11
107.626
 21
-166.011
  0
LINE
  8
0
 10
107.626
 20
-166.011
 11
107.586
 21
-166.088
  0
LINE
  8
0
 10
107.586
 20
-166.088
 11
107.543
 21
-166.162
  0
LINE
  8
0
 10
107.543
 20
-166.162
 11
107.497
 21
-166.234
  0
LINE
  8
0
 10
107.497
 20
-166.234
 11
107.448
 21
-166.305
  0
LINE
  8
0
 10
107.448
 20
-166.305
 11
107.397
 21
-166.373
  0
LINE
  8
0
 10
107.397
 20
-166.373
 11
107.342
 21
-166.439
  0
LINE
  8
0
 10
107.342
 20
-166.439
 11
107.284
 21
-166.503
  0
LINE
  8
0
 10
107.284
 20
-166.503
 11
107.224
 21
-166.565
  0
LINE
  8
0
 10
107.224
 20
-166.565
 11
107.162
 21
-166.623
  0
LINE
  8
0
 10
107.162
 20
-166.623
 11
107.097
 21
-166.679
  0
LINE
  8
0
 10
107.097
 20
-166.679
 11
107.029
 21
-166.733
  0
LINE
  8
0
 10
107.029
 20
-166.733
 11
106.96
 21
-166.783
  0
LINE
  8
0
 10
106.96
 20
-166.783
 11
106.888
 21
-166.831
  0
LINE
  8
0
 10
106.888
 20
-166.831
 11
106.815
 21
-166.875
  0
LINE
  8
0
 10
106.815
 20
-166.875
 11
106.74
 21
-166.917
  0
LINE
  8
0
 10
106.74
 20
-166.917
 11
106.662
 21
-166.955
  0
LINE
  8
0
 10
106.662
 20
-166.955
 11
106.584
 21
-166.99
  0
LINE
  8
0
 10
106.584
 20
-166.99
 11
106.504
 21
-167.021
  0
LINE
  8
0
 10
106.504
 20
-167.021
 11
106.423
 21
-167.049
  0
LINE
  8
0
 10
106.423
 20
-167.049
 11
106.341
 21
-167.074
  0
LINE
  8
0
 10
106.341
 20
-167.074
 11
106.258
 21
-167.096
  0
LINE
  8
0
 10
106.258
 20
-167.096
 11
106.174
 21
-167.113
  0
LINE
  8
0
 10
106.174
 20
-167.113
 11
106.089
 21
-167.128
  0
LINE
  8
0
 10
106.089
 20
-167.128
 11
106.004
 21
-167.139
  0
LINE
  8
0
 10
106.004
 20
-167.139
 11
105.918
 21
-167.146
  0
LINE
  8
0
 10
105.918
 20
-167.146
 11
105.833
 21
-167.149
  0
LINE
  8
0
 10
105.833
 20
-167.149
 11
105.747
 21
-167.149
  0
LINE
  8
0
 10
86.3168
 20
-170.049
 11
86.2312
 21
-170.046
  0
LINE
  8
0
 10
86.2312
 20
-170.046
 11
86.1455
 21
-170.038
  0
LINE
  8
0
 10
86.1455
 20
-170.038
 11
86.0603
 21
-170.028
  0
LINE
  8
0
 10
86.0603
 20
-170.028
 11
85.9758
 21
-170.014
  0
LINE
  8
0
 10
85.9758
 20
-170.014
 11
85.8917
 21
-169.996
  0
LINE
  8
0
 10
85.8917
 20
-169.996
 11
85.8083
 21
-169.974
  0
LINE
  8
0
 10
85.8083
 20
-169.974
 11
85.7262
 21
-169.949
  0
LINE
  8
0
 10
85.7262
 20
-169.949
 11
85.6452
 21
-169.921
  0
LINE
  8
0
 10
85.6452
 20
-169.921
 11
85.5653
 21
-169.89
  0
LINE
  8
0
 10
85.5653
 20
-169.89
 11
85.487
 21
-169.855
  0
LINE
  8
0
 10
85.487
 20
-169.855
 11
85.4099
 21
-169.816
  0
LINE
  8
0
 10
85.4099
 20
-169.816
 11
85.3347
 21
-169.775
  0
LINE
  8
0
 10
85.3347
 20
-169.775
 11
85.2615
 21
-169.731
  0
LINE
  8
0
 10
85.2615
 20
-169.731
 11
85.1898
 21
-169.683
  0
LINE
  8
0
 10
85.1898
 20
-169.683
 11
85.1204
 21
-169.633
  0
LINE
  8
0
 10
85.1204
 20
-169.633
 11
85.0529
 21
-169.579
  0
LINE
  8
0
 10
85.0529
 20
-169.579
 11
84.9882
 21
-169.523
  0
LINE
  8
0
 10
84.9882
 20
-169.523
 11
84.9254
 21
-169.464
  0
LINE
  8
0
 10
84.9254
 20
-169.464
 11
84.8654
 21
-169.403
  0
LINE
  8
0
 10
84.8654
 20
-169.403
 11
84.808
 21
-169.339
  0
LINE
  8
0
 10
84.808
 20
-169.339
 11
84.7534
 21
-169.273
  0
LINE
  8
0
 10
84.7534
 20
-169.273
 11
84.7014
 21
-169.205
  0
LINE
  8
0
 10
84.7014
 20
-169.205
 11
84.6522
 21
-169.134
  0
LINE
  8
0
 10
84.6522
 20
-169.134
 11
84.6065
 21
-169.062
  0
LINE
  8
0
 10
84.6065
 20
-169.062
 11
84.5634
 21
-168.987
  0
LINE
  8
0
 10
84.5634
 20
-168.987
 11
84.5235
 21
-168.911
  0
LINE
  8
0
 10
84.5235
 20
-168.911
 11
84.4871
 21
-168.833
  0
LINE
  8
0
 10
84.4871
 20
-168.833
 11
84.4538
 21
-168.754
  0
LINE
  8
0
 10
84.4538
 20
-168.754
 11
84.4239
 21
-168.674
  0
LINE
  8
0
 10
84.4239
 20
-168.674
 11
84.3972
 21
-168.592
  0
LINE
  8
0
 10
84.3972
 20
-168.592
 11
84.3743
 21
-168.509
  0
LINE
  8
0
 10
84.3743
 20
-168.509
 11
84.3545
 21
-168.426
  0
LINE
  8
0
 10
84.3545
 20
-168.426
 11
84.3387
 21
-168.342
  0
LINE
  8
0
 10
84.3387
 20
-168.342
 11
84.3259
 21
-168.257
  0
LINE
  8
0
 10
84.3259
 20
-168.257
 11
84.3169
 21
-168.172
  0
LINE
  8
0
 10
84.3169
 20
-168.172
 11
84.3115
 21
-168.085
  0
LINE
  8
0
 10
84.3115
 20
-168.085
 11
84.31
 21
-168
  0
LINE
  8
0
 10
84.31
 20
-168
 11
84.3115
 21
-167.914
  0
LINE
  8
0
 10
84.3115
 20
-167.914
 11
84.3169
 21
-167.828
  0
LINE
  8
0
 10
84.3169
 20
-167.828
 11
84.3259
 21
-167.743
  0
LINE
  8
0
 10
84.3259
 20
-167.743
 11
84.3387
 21
-167.658
  0
LINE
  8
0
 10
84.3387
 20
-167.658
 11
84.3545
 21
-167.573
  0
LINE
  8
0
 10
84.3545
 20
-167.573
 11
84.3743
 21
-167.49
  0
LINE
  8
0
 10
84.3743
 20
-167.49
 11
84.3972
 21
-167.407
  0
LINE
  8
0
 10
84.3972
 20
-167.407
 11
84.4239
 21
-167.325
  0
LINE
  8
0
 10
84.4239
 20
-167.325
 11
84.4538
 21
-167.245
  0
LINE
  8
0
 10
84.4538
 20
-167.245
 11
84.4871
 21
-167.166
  0
LINE
  8
0
 10
84.4871
 20
-167.166
 11
84.5235
 21
-167.088
  0
LINE
  8
0
 10
84.5235
 20
-167.088
 11
84.5634
 21
-167.012
  0
LINE
  8
0
 10
84.5634
 20
-167.012
 11
84.6065
 21
-166.938
  0
LINE
  8
0
 10
84.6065
 20
-166.938
 11
84.6522
 21
-166.865
  0
LINE
  8
0
 10
84.6522
 20
-166.865
 11
84.7014
 21
-166.795
  0
LINE
  8
0
 10
84.7014
 20
-166.795
 11
84.7534
 21
-166.726
  0
LINE
  8
0
 10
84.7534
 20
-166.726
 11
84.808
 21
-166.66
  0
LINE
  8
0
 10
84.808
 20
-166.66
 11
84.8654
 21
-166.596
  0
LINE
  8
0
 10
84.8654
 20
-166.596
 11
84.9254
 21
-166.535
  0
LINE
  8
0
 10
84.9254
 20
-166.535
 11
84.9882
 21
-166.476
  0
LINE
  8
0
 10
84.9882
 20
-166.476
 11
85.0529
 21
-166.42
  0
LINE
  8
0
 10
85.0529
 20
-166.42
 11
85.1204
 21
-166.367
  0
LINE
  8
0
 10
85.1204
 20
-166.367
 11
85.1898
 21
-166.317
  0
LINE
  8
0
 10
85.1898
 20
-166.317
 11
85.2615
 21
-166.269
  0
LINE
  8
0
 10
85.2615
 20
-166.269
 11
85.3347
 21
-166.224
  0
LINE
  8
0
 10
85.3347
 20
-166.224
 11
85.4099
 21
-166.183
  0
LINE
  8
0
 10
85.4099
 20
-166.183
 11
85.487
 21
-166.145
  0
LINE
  8
0
 10
85.487
 20
-166.145
 11
85.5653
 21
-166.11
  0
LINE
  8
0
 10
85.5653
 20
-166.11
 11
85.6452
 21
-166.078
  0
LINE
  8
0
 10
85.6452
 20
-166.078
 11
85.7262
 21
-166.05
  0
LINE
  8
0
 10
85.7262
 20
-166.05
 11
85.8083
 21
-166.025
  0
LINE
  8
0
 10
85.8083
 20
-166.025
 11
85.8917
 21
-166.004
  0
LINE
  8
0
 10
85.8917
 20
-166.004
 11
85.9758
 21
-165.986
  0
LINE
  8
0
 10
85.9758
 20
-165.986
 11
86.0603
 21
-165.972
  0
LINE
  8
0
 10
86.0603
 20
-165.972
 11
86.1455
 21
-165.961
  0
LINE
  8
0
 10
86.1455
 20
-165.961
 11
86.2312
 21
-165.954
  0
LINE
  8
0
 10
86.2312
 20
-165.954
 11
86.3168
 21
-165.95
  0
LINE
  8
0
 10
86.3168
 20
-165.95
 11
86.4029
 21
-165.95
  0
LINE
  8
0
 10
86.4029
 20
-165.95
 11
86.4885
 21
-165.954
  0
LINE
  8
0
 10
86.4885
 20
-165.954
 11
86.5742
 21
-165.961
  0
LINE
  8
0
 10
86.5742
 20
-165.961
 11
86.6594
 21
-165.972
  0
LINE
  8
0
 10
86.6594
 20
-165.972
 11
86.7439
 21
-165.986
  0
LINE
  8
0
 10
86.7439
 20
-165.986
 11
86.828
 21
-166.004
  0
LINE
  8
0
 10
86.828
 20
-166.004
 11
86.911
 21
-166.025
  0
LINE
  8
0
 10
86.911
 20
-166.025
 11
86.9931
 21
-166.05
  0
LINE
  8
0
 10
86.9931
 20
-166.05
 11
87.0745
 21
-166.078
  0
LINE
  8
0
 10
87.0745
 20
-166.078
 11
87.1544
 21
-166.11
  0
LINE
  8
0
 10
87.1544
 20
-166.11
 11
87.2327
 21
-166.145
  0
LINE
  8
0
 10
87.2327
 20
-166.145
 11
87.3094
 21
-166.183
  0
LINE
  8
0
 10
87.3094
 20
-166.183
 11
87.385
 21
-166.224
  0
LINE
  8
0
 10
87.385
 20
-166.224
 11
87.4582
 21
-166.269
  0
LINE
  8
0
 10
87.4582
 20
-166.269
 11
87.5299
 21
-166.317
  0
LINE
  8
0
 10
87.5299
 20
-166.317
 11
87.5993
 21
-166.367
  0
LINE
  8
0
 10
87.5993
 20
-166.367
 11
87.6664
 21
-166.42
  0
LINE
  8
0
 10
87.6664
 20
-166.42
 11
87.7315
 21
-166.476
  0
LINE
  8
0
 10
87.7315
 20
-166.476
 11
87.7943
 21
-166.535
  0
LINE
  8
0
 10
87.7943
 20
-166.535
 11
87.8543
 21
-166.596
  0
LINE
  8
0
 10
87.8543
 20
-166.596
 11
87.9117
 21
-166.66
  0
LINE
  8
0
 10
87.9117
 20
-166.66
 11
87.9663
 21
-166.726
  0
LINE
  8
0
 10
87.9663
 20
-166.726
 11
88.0183
 21
-166.795
  0
LINE
  8
0
 10
88.0183
 20
-166.795
 11
88.0675
 21
-166.865
  0
LINE
  8
0
 10
88.0675
 20
-166.865
 11
88.1132
 21
-166.938
  0
LINE
  8
0
 10
88.1132
 20
-166.938
 11
88.1562
 21
-167.012
  0
LINE
  8
0
 10
88.1562
 20
-167.012
 11
88.1962
 21
-167.088
  0
LINE
  8
0
 10
88.1962
 20
-167.088
 11
88.2326
 21
-167.166
  0
LINE
  8
0
 10
88.2326
 20
-167.166
 11
88.2659
 21
-167.245
  0
LINE
  8
0
 10
88.2659
 20
-167.245
 11
88.2958
 21
-167.325
  0
LINE
  8
0
 10
88.2958
 20
-167.325
 11
88.3221
 21
-167.407
  0
LINE
  8
0
 10
88.3221
 20
-167.407
 11
88.3454
 21
-167.49
  0
LINE
  8
0
 10
88.3454
 20
-167.49
 11
88.3651
 21
-167.573
  0
LINE
  8
0
 10
88.3651
 20
-167.573
 11
88.381
 21
-167.658
  0
LINE
  8
0
 10
88.381
 20
-167.658
 11
88.3938
 21
-167.743
  0
LINE
  8
0
 10
88.3938
 20
-167.743
 11
88.4027
 21
-167.828
  0
LINE
  8
0
 10
88.4027
 20
-167.828
 11
88.4082
 21
-167.914
  0
LINE
  8
0
 10
88.4082
 20
-167.914
 11
88.4097
 21
-168
  0
LINE
  8
0
 10
88.4097
 20
-168
 11
88.4082
 21
-168.085
  0
LINE
  8
0
 10
88.4082
 20
-168.085
 11
88.4027
 21
-168.172
  0
LINE
  8
0
 10
88.4027
 20
-168.172
 11
88.3938
 21
-168.257
  0
LINE
  8
0
 10
88.3938
 20
-168.257
 11
88.381
 21
-168.342
  0
LINE
  8
0
 10
88.381
 20
-168.342
 11
88.3651
 21
-168.426
  0
LINE
  8
0
 10
88.3651
 20
-168.426
 11
88.3454
 21
-168.509
  0
LINE
  8
0
 10
88.3454
 20
-168.509
 11
88.3221
 21
-168.592
  0
LINE
  8
0
 10
88.3221
 20
-168.592
 11
88.2958
 21
-168.674
  0
LINE
  8
0
 10
88.2958
 20
-168.674
 11
88.2659
 21
-168.754
  0
LINE
  8
0
 10
88.2659
 20
-168.754
 11
88.2326
 21
-168.833
  0
LINE
  8
0
 10
88.2326
 20
-168.833
 11
88.1962
 21
-168.911
  0
LINE
  8
0
 10
88.1962
 20
-168.911
 11
88.1562
 21
-168.987
  0
LINE
  8
0
 10
88.1562
 20
-168.987
 11
88.1132
 21
-169.062
  0
LINE
  8
0
 10
88.1132
 20
-169.062
 11
88.0675
 21
-169.134
  0
LINE
  8
0
 10
88.0675
 20
-169.134
 11
88.0183
 21
-169.205
  0
LINE
  8
0
 10
88.0183
 20
-169.205
 11
87.9663
 21
-169.273
  0
LINE
  8
0
 10
87.9663
 20
-169.273
 11
87.9117
 21
-169.339
  0
LINE
  8
0
 10
87.9117
 20
-169.339
 11
87.8543
 21
-169.403
  0
LINE
  8
0
 10
87.8543
 20
-169.403
 11
87.7943
 21
-169.464
  0
LINE
  8
0
 10
87.7943
 20
-169.464
 11
87.7315
 21
-169.523
  0
LINE
  8
0
 10
87.7315
 20
-169.523
 11
87.6664
 21
-169.579
  0
LINE
  8
0
 10
87.6664
 20
-169.579
 11
87.5993
 21
-169.633
  0
LINE
  8
0
 10
87.5993
 20
-169.633
 11
87.5299
 21
-169.683
  0
LINE
  8
0
 10
87.5299
 20
-169.683
 11
87.4582
 21
-169.731
  0
LINE
  8
0
 10
87.4582
 20
-169.731
 11
87.385
 21
-169.775
  0
LINE
  8
0
 10
87.385
 20
-169.775
 11
87.3094
 21
-169.816
  0
LINE
  8
0
 10
87.3094
 20
-169.816
 11
87.2327
 21
-169.855
  0
LINE
  8
0
 10
87.2327
 20
-169.855
 11
87.1544
 21
-169.89
  0
LINE
  8
0
 10
87.1544
 20
-169.89
 11
87.0745
 21
-169.921
  0
LINE
  8
0
 10
87.0745
 20
-169.921
 11
86.9931
 21
-169.949
  0
LINE
  8
0
 10
86.9931
 20
-169.949
 11
86.911
 21
-169.974
  0
LINE
  8
0
 10
86.911
 20
-169.974
 11
86.828
 21
-169.996
  0
LINE
  8
0
 10
86.828
 20
-169.996
 11
86.7439
 21
-170.014
  0
LINE
  8
0
 10
86.7439
 20
-170.014
 11
86.6594
 21
-170.028
  0
LINE
  8
0
 10
86.6594
 20
-170.028
 11
86.5742
 21
-170.038
  0
LINE
  8
0
 10
86.5742
 20
-170.038
 11
86.4885
 21
-170.046
  0
LINE
  8
0
 10
86.4885
 20
-170.046
 11
86.4029
 21
-170.049
  0
LINE
  8
0
 10
86.4029
 20
-170.049
 11
86.3168
 21
-170.049
  0
LINE
  8
0
 10
12.657
 20
-188.049
 11
12.5709
 21
-188.046
  0
LINE
  8
0
 10
12.5709
 20
-188.046
 11
12.4857
 21
-188.039
  0
LINE
  8
0
 10
12.4857
 20
-188.039
 11
12.4004
 21
-188.028
  0
LINE
  8
0
 10
12.4004
 20
-188.028
 11
12.3155
 21
-188.013
  0
LINE
  8
0
 10
12.3155
 20
-188.013
 11
12.2318
 21
-187.996
  0
LINE
  8
0
 10
12.2318
 20
-187.996
 11
12.1485
 21
-187.974
  0
LINE
  8
0
 10
12.1485
 20
-187.974
 11
12.0663
 21
-187.949
  0
LINE
  8
0
 10
12.0663
 20
-187.949
 11
11.9853
 21
-187.921
  0
LINE
  8
0
 10
11.9853
 20
-187.921
 11
11.9055
 21
-187.89
  0
LINE
  8
0
 10
11.9055
 20
-187.89
 11
11.8268
 21
-187.855
  0
LINE
  8
0
 10
11.8268
 20
-187.855
 11
11.7501
 21
-187.816
  0
LINE
  8
0
 10
11.7501
 20
-187.816
 11
11.6749
 21
-187.775
  0
LINE
  8
0
 10
11.6749
 20
-187.775
 11
11.6012
 21
-187.731
  0
LINE
  8
0
 10
11.6012
 20
-187.731
 11
11.5299
 21
-187.683
  0
LINE
  8
0
 10
11.5299
 20
-187.683
 11
11.4605
 21
-187.633
  0
LINE
  8
0
 10
11.4605
 20
-187.633
 11
11.3931
 21
-187.579
  0
LINE
  8
0
 10
11.3931
 20
-187.579
 11
11.328
 21
-187.523
  0
LINE
  8
0
 10
11.328
 20
-187.523
 11
11.2656
 21
-187.465
  0
LINE
  8
0
 10
11.2656
 20
-187.465
 11
11.2055
 21
-187.403
  0
LINE
  8
0
 10
11.2055
 20
-187.403
 11
11.1482
 21
-187.339
  0
LINE
  8
0
 10
11.1482
 20
-187.339
 11
11.0931
 21
-187.273
  0
LINE
  8
0
 10
11.0931
 20
-187.273
 11
11.0412
 21
-187.205
  0
LINE
  8
0
 10
11.0412
 20
-187.205
 11
10.9924
 21
-187.134
  0
LINE
  8
0
 10
10.9924
 20
-187.134
 11
10.9462
 21
-187.062
  0
LINE
  8
0
 10
10.9462
 20
-187.062
 11
10.9032
 21
-186.987
  0
LINE
  8
0
 10
10.9032
 20
-186.987
 11
10.8637
 21
-186.911
  0
LINE
  8
0
 10
10.8637
 20
-186.911
 11
10.8272
 21
-186.834
  0
LINE
  8
0
 10
10.8272
 20
-186.834
 11
10.7939
 21
-186.754
  0
LINE
  8
0
 10
10.7939
 20
-186.754
 11
10.7637
 21
-186.674
  0
LINE
  8
0
 10
10.7637
 20
-186.674
 11
10.7373
 21
-186.592
  0
LINE
  8
0
 10
10.7373
 20
-186.592
 11
10.7141
 21
-186.51
  0
LINE
  8
0
 10
10.7141
 20
-186.51
 11
10.6947
 21
-186.426
  0
LINE
  8
0
 10
10.6947
 20
-186.426
 11
10.6784
 21
-186.342
  0
LINE
  8
0
 10
10.6784
 20
-186.342
 11
10.666
 21
-186.257
  0
LINE
  8
0
 10
10.666
 20
-186.257
 11
10.6571
 21
-186.171
  0
LINE
  8
0
 10
10.6571
 20
-186.171
 11
10.6517
 21
-186.086
  0
LINE
  8
0
 10
10.6517
 20
-186.086
 11
10.6497
 21
-186
  0
LINE
  8
0
 10
10.6497
 20
-186
 11
10.6517
 21
-185.914
  0
LINE
  8
0
 10
10.6517
 20
-185.914
 11
10.6571
 21
-185.828
  0
LINE
  8
0
 10
10.6571
 20
-185.828
 11
10.666
 21
-185.743
  0
LINE
  8
0
 10
10.666
 20
-185.743
 11
10.6784
 21
-185.658
  0
LINE
  8
0
 10
10.6784
 20
-185.658
 11
10.6947
 21
-185.574
  0
LINE
  8
0
 10
10.6947
 20
-185.574
 11
10.7141
 21
-185.49
  0
LINE
  8
0
 10
10.7141
 20
-185.49
 11
10.7373
 21
-185.407
  0
LINE
  8
0
 10
10.7373
 20
-185.407
 11
10.7637
 21
-185.326
  0
LINE
  8
0
 10
10.7637
 20
-185.326
 11
10.7939
 21
-185.245
  0
LINE
  8
0
 10
10.7939
 20
-185.245
 11
10.8272
 21
-185.166
  0
LINE
  8
0
 10
10.8272
 20
-185.166
 11
10.8637
 21
-185.088
  0
LINE
  8
0
 10
10.8637
 20
-185.088
 11
10.9032
 21
-185.012
  0
LINE
  8
0
 10
10.9032
 20
-185.012
 11
10.9462
 21
-184.938
  0
LINE
  8
0
 10
10.9462
 20
-184.938
 11
10.9924
 21
-184.865
  0
LINE
  8
0
 10
10.9924
 20
-184.865
 11
11.0412
 21
-184.795
  0
LINE
  8
0
 10
11.0412
 20
-184.795
 11
11.0931
 21
-184.726
  0
LINE
  8
0
 10
11.0931
 20
-184.726
 11
11.1482
 21
-184.66
  0
LINE
  8
0
 10
11.1482
 20
-184.66
 11
11.2055
 21
-184.596
  0
LINE
  8
0
 10
11.2055
 20
-184.596
 11
11.2656
 21
-184.535
  0
LINE
  8
0
 10
11.2656
 20
-184.535
 11
11.328
 21
-184.476
  0
LINE
  8
0
 10
11.328
 20
-184.476
 11
11.3931
 21
-184.42
  0
LINE
  8
0
 10
11.3931
 20
-184.42
 11
11.4605
 21
-184.367
  0
LINE
  8
0
 10
11.4605
 20
-184.367
 11
11.5299
 21
-184.316
  0
LINE
  8
0
 10
11.5299
 20
-184.316
 11
11.6012
 21
-184.269
  0
LINE
  8
0
 10
11.6012
 20
-184.269
 11
11.6749
 21
-184.224
  0
LINE
  8
0
 10
11.6749
 20
-184.224
 11
11.7501
 21
-184.183
  0
LINE
  8
0
 10
11.7501
 20
-184.183
 11
11.8268
 21
-184.145
  0
LINE
  8
0
 10
11.8268
 20
-184.145
 11
11.9055
 21
-184.11
  0
LINE
  8
0
 10
11.9055
 20
-184.11
 11
11.9853
 21
-184.078
  0
LINE
  8
0
 10
11.9853
 20
-184.078
 11
12.0663
 21
-184.05
  0
LINE
  8
0
 10
12.0663
 20
-184.05
 11
12.1485
 21
-184.025
  0
LINE
  8
0
 10
12.1485
 20
-184.025
 11
12.2318
 21
-184.004
  0
LINE
  8
0
 10
12.2318
 20
-184.004
 11
12.3155
 21
-183.986
  0
LINE
  8
0
 10
12.3155
 20
-183.986
 11
12.4004
 21
-183.972
  0
LINE
  8
0
 10
12.4004
 20
-183.972
 11
12.4857
 21
-183.961
  0
LINE
  8
0
 10
12.4857
 20
-183.961
 11
12.5709
 21
-183.954
  0
LINE
  8
0
 10
12.5709
 20
-183.954
 11
12.657
 21
-183.95
  0
LINE
  8
0
 10
12.657
 20
-183.95
 11
12.7426
 21
-183.95
  0
LINE
  8
0
 10
12.7426
 20
-183.95
 11
12.8287
 21
-183.954
  0
LINE
  8
0
 10
12.8287
 20
-183.954
 11
12.9139
 21
-183.961
  0
LINE
  8
0
 10
12.9139
 20
-183.961
 11
12.9992
 21
-183.972
  0
LINE
  8
0
 10
12.9992
 20
-183.972
 11
13.0841
 21
-183.986
  0
LINE
  8
0
 10
13.0841
 20
-183.986
 11
13.1678
 21
-184.004
  0
LINE
  8
0
 10
13.1678
 20
-184.004
 11
13.2511
 21
-184.025
  0
LINE
  8
0
 10
13.2511
 20
-184.025
 11
13.3333
 21
-184.05
  0
LINE
  8
0
 10
13.3333
 20
-184.05
 11
13.4143
 21
-184.078
  0
LINE
  8
0
 10
13.4143
 20
-184.078
 11
13.4941
 21
-184.11
  0
LINE
  8
0
 10
13.4941
 20
-184.11
 11
13.5728
 21
-184.145
  0
LINE
  8
0
 10
13.5728
 20
-184.145
 11
13.6496
 21
-184.183
  0
LINE
  8
0
 10
13.6496
 20
-184.183
 11
13.7247
 21
-184.224
  0
LINE
  8
0
 10
13.7247
 20
-184.224
 11
13.7984
 21
-184.269
  0
LINE
  8
0
 10
13.7984
 20
-184.269
 11
13.8697
 21
-184.316
  0
LINE
  8
0
 10
13.8697
 20
-184.316
 11
13.9391
 21
-184.367
  0
LINE
  8
0
 10
13.9391
 20
-184.367
 11
14.0065
 21
-184.42
  0
LINE
  8
0
 10
14.0065
 20
-184.42
 11
14.0716
 21
-184.476
  0
LINE
  8
0
 10
14.0716
 20
-184.476
 11
14.134
 21
-184.535
  0
LINE
  8
0
 10
14.134
 20
-184.535
 11
14.1941
 21
-184.596
  0
LINE
  8
0
 10
14.1941
 20
-184.596
 11
14.2518
 21
-184.66
  0
LINE
  8
0
 10
14.2518
 20
-184.66
 11
14.3065
 21
-184.726
  0
LINE
  8
0
 10
14.3065
 20
-184.726
 11
14.3584
 21
-184.795
  0
LINE
  8
0
 10
14.3584
 20
-184.795
 11
14.4073
 21
-184.865
  0
LINE
  8
0
 10
14.4073
 20
-184.865
 11
14.4534
 21
-184.938
  0
LINE
  8
0
 10
14.4534
 20
-184.938
 11
14.4964
 21
-185.012
  0
LINE
  8
0
 10
14.4964
 20
-185.012
 11
14.5359
 21
-185.088
  0
LINE
  8
0
 10
14.5359
 20
-185.088
 11
14.5728
 21
-185.166
  0
LINE
  8
0
 10
14.5728
 20
-185.166
 11
14.6057
 21
-185.245
  0
LINE
  8
0
 10
14.6057
 20
-185.245
 11
14.6359
 21
-185.326
  0
LINE
  8
0
 10
14.6359
 20
-185.326
 11
14.6623
 21
-185.407
  0
LINE
  8
0
 10
14.6623
 20
-185.407
 11
14.6855
 21
-185.49
  0
LINE
  8
0
 10
14.6855
 20
-185.49
 11
14.7049
 21
-185.574
  0
LINE
  8
0
 10
14.7049
 20
-185.574
 11
14.7212
 21
-185.658
  0
LINE
  8
0
 10
14.7212
 20
-185.658
 11
14.7336
 21
-185.743
  0
LINE
  8
0
 10
14.7336
 20
-185.743
 11
14.7425
 21
-185.828
  0
LINE
  8
0
 10
14.7425
 20
-185.828
 11
14.7479
 21
-185.914
  0
LINE
  8
0
 10
14.7479
 20
-185.914
 11
14.7499
 21
-186
  0
LINE
  8
0
 10
14.7499
 20
-186
 11
14.7479
 21
-186.086
  0
LINE
  8
0
 10
14.7479
 20
-186.086
 11
14.7425
 21
-186.171
  0
LINE
  8
0
 10
14.7425
 20
-186.171
 11
14.7336
 21
-186.257
  0
LINE
  8
0
 10
14.7336
 20
-186.257
 11
14.7212
 21
-186.342
  0
LINE
  8
0
 10
14.7212
 20
-186.342
 11
14.7049
 21
-186.426
  0
LINE
  8
0
 10
14.7049
 20
-186.426
 11
14.6855
 21
-186.51
  0
LINE
  8
0
 10
14.6855
 20
-186.51
 11
14.6623
 21
-186.592
  0
LINE
  8
0
 10
14.6623
 20
-186.592
 11
14.6359
 21
-186.674
  0
LINE
  8
0
 10
14.6359
 20
-186.674
 11
14.6057
 21
-186.754
  0
LINE
  8
0
 10
14.6057
 20
-186.754
 11
14.5728
 21
-186.834
  0
LINE
  8
0
 10
14.5728
 20
-186.834
 11
14.5359
 21
-186.911
  0
LINE
  8
0
 10
14.5359
 20
-186.911
 11
14.4964
 21
-186.987
  0
LINE
  8
0
 10
14.4964
 20
-186.987
 11
14.4534
 21
-187.062
  0
LINE
  8
0
 10
14.4534
 20
-187.062
 11
14.4073
 21
-187.134
  0
LINE
  8
0
 10
14.4073
 20
-187.134
 11
14.3584
 21
-187.205
  0
LINE
  8
0
 10
14.3584
 20
-187.205
 11
14.3065
 21
-187.273
  0
LINE
  8
0
 10
14.3065
 20
-187.273
 11
14.2518
 21
-187.339
  0
LINE
  8
0
 10
14.2518
 20
-187.339
 11
14.1941
 21
-187.403
  0
LINE
  8
0
 10
14.1941
 20
-187.403
 11
14.134
 21
-187.465
  0
LINE
  8
0
 10
14.134
 20
-187.465
 11
14.0716
 21
-187.523
  0
LINE
  8
0
 10
14.0716
 20
-187.523
 11
14.0065
 21
-187.579
  0
LINE
  8
0
 10
14.0065
 20
-187.579
 11
13.9391
 21
-187.633
  0
LINE
  8
0
 10
13.9391
 20
-187.633
 11
13.8697
 21
-187.683
  0
LINE
  8
0
 10
13.8697
 20
-187.683
 11
13.7984
 21
-187.731
  0
LINE
  8
0
 10
13.7984
 20
-187.731
 11
13.7247
 21
-187.775
  0
LINE
  8
0
 10
13.7247
 20
-187.775
 11
13.6496
 21
-187.816
  0
LINE
  8
0
 10
13.6496
 20
-187.816
 11
13.5728
 21
-187.855
  0
LINE
  8
0
 10
13.5728
 20
-187.855
 11
13.4941
 21
-187.89
  0
LINE
  8
0
 10
13.4941
 20
-187.89
 11
13.4143
 21
-187.921
  0
LINE
  8
0
 10
13.4143
 20
-187.921
 11
13.3333
 21
-187.949
  0
LINE
  8
0
 10
13.3333
 20
-187.949
 11
13.2511
 21
-187.974
  0
LINE
  8
0
 10
13.2511
 20
-187.974
 11
13.1678
 21
-187.996
  0
LINE
  8
0
 10
13.1678
 20
-187.996
 11
13.0841
 21
-188.013
  0
LINE
  8
0
 10
13.0841
 20
-188.013
 11
12.9992
 21
-188.028
  0
LINE
  8
0
 10
12.9992
 20
-188.028
 11
12.9139
 21
-188.039
  0
LINE
  8
0
 10
12.9139
 20
-188.039
 11
12.8287
 21
-188.046
  0
LINE
  8
0
 10
12.8287
 20
-188.046
 11
12.7426
 21
-188.049
  0
LINE
  8
0
 10
12.7426
 20
-188.049
 11
12.657
 21
-188.049
  0
LINE
  8
0
 10
60.6568
 20
-188.049
 11
60.5711
 21
-188.046
  0
LINE
  8
0
 10
60.5711
 20
-188.046
 11
60.4855
 21
-188.039
  0
LINE
  8
0
 10
60.4855
 20
-188.039
 11
60.4002
 21
-188.028
  0
LINE
  8
0
 10
60.4002
 20
-188.028
 11
60.3157
 21
-188.013
  0
LINE
  8
0
 10
60.3157
 20
-188.013
 11
60.2316
 21
-187.996
  0
LINE
  8
0
 10
60.2316
 20
-187.996
 11
60.1487
 21
-187.974
  0
LINE
  8
0
 10
60.1487
 20
-187.974
 11
60.0665
 21
-187.949
  0
LINE
  8
0
 10
60.0665
 20
-187.949
 11
59.9851
 21
-187.921
  0
LINE
  8
0
 10
59.9851
 20
-187.921
 11
59.9053
 21
-187.89
  0
LINE
  8
0
 10
59.9053
 20
-187.89
 11
59.827
 21
-187.855
  0
LINE
  8
0
 10
59.827
 20
-187.855
 11
59.7502
 21
-187.816
  0
LINE
  8
0
 10
59.7502
 20
-187.816
 11
59.6747
 21
-187.775
  0
LINE
  8
0
 10
59.6747
 20
-187.775
 11
59.6014
 21
-187.731
  0
LINE
  8
0
 10
59.6014
 20
-187.731
 11
59.5297
 21
-187.683
  0
LINE
  8
0
 10
59.5297
 20
-187.683
 11
59.4603
 21
-187.633
  0
LINE
  8
0
 10
59.4603
 20
-187.633
 11
59.3933
 21
-187.579
  0
LINE
  8
0
 10
59.3933
 20
-187.579
 11
59.3282
 21
-187.523
  0
LINE
  8
0
 10
59.3282
 20
-187.523
 11
59.2654
 21
-187.465
  0
LINE
  8
0
 10
59.2654
 20
-187.465
 11
59.2053
 21
-187.403
  0
LINE
  8
0
 10
59.2053
 20
-187.403
 11
59.1479
 21
-187.339
  0
LINE
  8
0
 10
59.1479
 20
-187.339
 11
59.0933
 21
-187.273
  0
LINE
  8
0
 10
59.0933
 20
-187.273
 11
59.0414
 21
-187.205
  0
LINE
  8
0
 10
59.0414
 20
-187.205
 11
58.9921
 21
-187.134
  0
LINE
  8
0
 10
58.9921
 20
-187.134
 11
58.9464
 21
-187.062
  0
LINE
  8
0
 10
58.9464
 20
-187.062
 11
58.9034
 21
-186.987
  0
LINE
  8
0
 10
58.9034
 20
-186.987
 11
58.8635
 21
-186.911
  0
LINE
  8
0
 10
58.8635
 20
-186.911
 11
58.827
 21
-186.834
  0
LINE
  8
0
 10
58.827
 20
-186.834
 11
58.7937
 21
-186.754
  0
LINE
  8
0
 10
58.7937
 20
-186.754
 11
58.7639
 21
-186.674
  0
LINE
  8
0
 10
58.7639
 20
-186.674
 11
58.7371
 21
-186.592
  0
LINE
  8
0
 10
58.7371
 20
-186.592
 11
58.7142
 21
-186.51
  0
LINE
  8
0
 10
58.7142
 20
-186.51
 11
58.6945
 21
-186.426
  0
LINE
  8
0
 10
58.6945
 20
-186.426
 11
58.6786
 21
-186.342
  0
LINE
  8
0
 10
58.6786
 20
-186.342
 11
58.6658
 21
-186.257
  0
LINE
  8
0
 10
58.6658
 20
-186.257
 11
58.6569
 21
-186.171
  0
LINE
  8
0
 10
58.6569
 20
-186.171
 11
58.6515
 21
-186.086
  0
LINE
  8
0
 10
58.6515
 20
-186.086
 11
58.6499
 21
-186
  0
LINE
  8
0
 10
58.6499
 20
-186
 11
58.6515
 21
-185.914
  0
LINE
  8
0
 10
58.6515
 20
-185.914
 11
58.6569
 21
-185.828
  0
LINE
  8
0
 10
58.6569
 20
-185.828
 11
58.6658
 21
-185.743
  0
LINE
  8
0
 10
58.6658
 20
-185.743
 11
58.6786
 21
-185.658
  0
LINE
  8
0
 10
58.6786
 20
-185.658
 11
58.6945
 21
-185.574
  0
LINE
  8
0
 10
58.6945
 20
-185.574
 11
58.7142
 21
-185.49
  0
LINE
  8
0
 10
58.7142
 20
-185.49
 11
58.7371
 21
-185.407
  0
LINE
  8
0
 10
58.7371
 20
-185.407
 11
58.7639
 21
-185.326
  0
LINE
  8
0
 10
58.7639
 20
-185.326
 11
58.7937
 21
-185.245
  0
LINE
  8
0
 10
58.7937
 20
-185.245
 11
58.827
 21
-185.166
  0
LINE
  8
0
 10
58.827
 20
-185.166
 11
58.8635
 21
-185.088
  0
LINE
  8
0
 10
58.8635
 20
-185.088
 11
58.9034
 21
-185.012
  0
LINE
  8
0
 10
58.9034
 20
-185.012
 11
58.9464
 21
-184.938
  0
LINE
  8
0
 10
58.9464
 20
-184.938
 11
58.9921
 21
-184.865
  0
LINE
  8
0
 10
58.9921
 20
-184.865
 11
59.0414
 21
-184.795
  0
LINE
  8
0
 10
59.0414
 20
-184.795
 11
59.0933
 21
-184.726
  0
LINE
  8
0
 10
59.0933
 20
-184.726
 11
59.1479
 21
-184.66
  0
LINE
  8
0
 10
59.1479
 20
-184.66
 11
59.2053
 21
-184.596
  0
LINE
  8
0
 10
59.2053
 20
-184.596
 11
59.2654
 21
-184.535
  0
LINE
  8
0
 10
59.2654
 20
-184.535
 11
59.3282
 21
-184.476
  0
LINE
  8
0
 10
59.3282
 20
-184.476
 11
59.3933
 21
-184.42
  0
LINE
  8
0
 10
59.3933
 20
-184.42
 11
59.4603
 21
-184.367
  0
LINE
  8
0
 10
59.4603
 20
-184.367
 11
59.5297
 21
-184.316
  0
LINE
  8
0
 10
59.5297
 20
-184.316
 11
59.6014
 21
-184.269
  0
LINE
  8
0
 10
59.6014
 20
-184.269
 11
59.6747
 21
-184.224
  0
LINE
  8
0
 10
59.6747
 20
-184.224
 11
59.7502
 21
-184.183
  0
LINE
  8
0
 10
59.7502
 20
-184.183
 11
59.827
 21
-184.145
  0
LINE
  8
0
 10
59.827
 20
-184.145
 11
59.9053
 21
-184.11
  0
LINE
  8
0
 10
59.9053
 20
-184.11
 11
59.9851
 21
-184.078
  0
LINE
  8
0
 10
59.9851
 20
-184.078
 11
60.0665
 21
-184.05
  0
LINE
  8
0
 10
60.0665
 20
-184.05
 11
60.1487
 21
-184.025
  0
LINE
  8
0
 10
60.1487
 20
-184.025
 11
60.2316
 21
-184.004
  0
LINE
  8
0
 10
60.2316
 20
-184.004
 11
60.3157
 21
-183.986
  0
LINE
  8
0
 10
60.3157
 20
-183.986
 11
60.4002
 21
-183.972
  0
LINE
  8
0
 10
60.4002
 20
-183.972
 11
60.4855
 21
-183.961
  0
LINE
  8
0
 10
60.4855
 20
-183.961
 11
60.5711
 21
-183.954
  0
LINE
  8
0
 10
60.5711
 20
-183.954
 11
60.6568
 21
-183.95
  0
LINE
  8
0
 10
60.6568
 20
-183.95
 11
60.7428
 21
-183.95
  0
LINE
  8
0
 10
60.7428
 20
-183.95
 11
60.8285
 21
-183.954
  0
LINE
  8
0
 10
60.8285
 20
-183.954
 11
60.9141
 21
-183.961
  0
LINE
  8
0
 10
60.9141
 20
-183.961
 11
60.9994
 21
-183.972
  0
LINE
  8
0
 10
60.9994
 20
-183.972
 11
61.0839
 21
-183.986
  0
LINE
  8
0
 10
61.0839
 20
-183.986
 11
61.168
 21
-184.004
  0
LINE
  8
0
 10
61.168
 20
-184.004
 11
61.2509
 21
-184.025
  0
LINE
  8
0
 10
61.2509
 20
-184.025
 11
61.3335
 21
-184.05
  0
LINE
  8
0
 10
61.3335
 20
-184.05
 11
61.4145
 21
-184.078
  0
LINE
  8
0
 10
61.4145
 20
-184.078
 11
61.4943
 21
-184.11
  0
LINE
  8
0
 10
61.4943
 20
-184.11
 11
61.5726
 21
-184.145
  0
LINE
  8
0
 10
61.5726
 20
-184.145
 11
61.6497
 21
-184.183
  0
LINE
  8
0
 10
61.6497
 20
-184.183
 11
61.7249
 21
-184.224
  0
LINE
  8
0
 10
61.7249
 20
-184.224
 11
61.7982
 21
-184.269
  0
LINE
  8
0
 10
61.7982
 20
-184.269
 11
61.8699
 21
-184.316
  0
LINE
  8
0
 10
61.8699
 20
-184.316
 11
61.9392
 21
-184.367
  0
LINE
  8
0
 10
61.9392
 20
-184.367
 11
62.0067
 21
-184.42
  0
LINE
  8
0
 10
62.0067
 20
-184.42
 11
62.0714
 21
-184.476
  0
LINE
  8
0
 10
62.0714
 20
-184.476
 11
62.1342
 21
-184.535
  0
LINE
  8
0
 10
62.1342
 20
-184.535
 11
62.1943
 21
-184.596
  0
LINE
  8
0
 10
62.1943
 20
-184.596
 11
62.2516
 21
-184.66
  0
LINE
  8
0
 10
62.2516
 20
-184.66
 11
62.3063
 21
-184.726
  0
LINE
  8
0
 10
62.3063
 20
-184.726
 11
62.3582
 21
-184.795
  0
LINE
  8
0
 10
62.3582
 20
-184.795
 11
62.4074
 21
-184.865
  0
LINE
  8
0
 10
62.4074
 20
-184.865
 11
62.4532
 21
-184.938
  0
LINE
  8
0
 10
62.4532
 20
-184.938
 11
62.4962
 21
-185.012
  0
LINE
  8
0
 10
62.4962
 20
-185.012
 11
62.5361
 21
-185.088
  0
LINE
  8
0
 10
62.5361
 20
-185.088
 11
62.5725
 21
-185.166
  0
LINE
  8
0
 10
62.5725
 20
-185.166
 11
62.6059
 21
-185.245
  0
LINE
  8
0
 10
62.6059
 20
-185.245
 11
62.6357
 21
-185.326
  0
LINE
  8
0
 10
62.6357
 20
-185.326
 11
62.6625
 21
-185.407
  0
LINE
  8
0
 10
62.6625
 20
-185.407
 11
62.6853
 21
-185.49
  0
LINE
  8
0
 10
62.6853
 20
-185.49
 11
62.7051
 21
-185.574
  0
LINE
  8
0
 10
62.7051
 20
-185.574
 11
62.721
 21
-185.658
  0
LINE
  8
0
 10
62.721
 20
-185.658
 11
62.7338
 21
-185.743
  0
LINE
  8
0
 10
62.7338
 20
-185.743
 11
62.7427
 21
-185.828
  0
LINE
  8
0
 10
62.7427
 20
-185.828
 11
62.7481
 21
-185.914
  0
LINE
  8
0
 10
62.7481
 20
-185.914
 11
62.7497
 21
-186
  0
LINE
  8
0
 10
62.7497
 20
-186
 11
62.7481
 21
-186.086
  0
LINE
  8
0
 10
62.7481
 20
-186.086
 11
62.7427
 21
-186.171
  0
LINE
  8
0
 10
62.7427
 20
-186.171
 11
62.7338
 21
-186.257
  0
LINE
  8
0
 10
62.7338
 20
-186.257
 11
62.721
 21
-186.342
  0
LINE
  8
0
 10
62.721
 20
-186.342
 11
62.7051
 21
-186.426
  0
LINE
  8
0
 10
62.7051
 20
-186.426
 11
62.6853
 21
-186.51
  0
LINE
  8
0
 10
62.6853
 20
-186.51
 11
62.6625
 21
-186.592
  0
LINE
  8
0
 10
62.6625
 20
-186.592
 11
62.6357
 21
-186.674
  0
LINE
  8
0
 10
62.6357
 20
-186.674
 11
62.6059
 21
-186.754
  0
LINE
  8
0
 10
62.6059
 20
-186.754
 11
62.5725
 21
-186.834
  0
LINE
  8
0
 10
62.5725
 20
-186.834
 11
62.5361
 21
-186.911
  0
LINE
  8
0
 10
62.5361
 20
-186.911
 11
62.4962
 21
-186.987
  0
LINE
  8
0
 10
62.4962
 20
-186.987
 11
62.4532
 21
-187.062
  0
LINE
  8
0
 10
62.4532
 20
-187.062
 11
62.4074
 21
-187.134
  0
LINE
  8
0
 10
62.4074
 20
-187.134
 11
62.3582
 21
-187.205
  0
LINE
  8
0
 10
62.3582
 20
-187.205
 11
62.3063
 21
-187.273
  0
LINE
  8
0
 10
62.3063
 20
-187.273
 11
62.2516
 21
-187.339
  0
LINE
  8
0
 10
62.2516
 20
-187.339
 11
62.1943
 21
-187.403
  0
LINE
  8
0
 10
62.1943
 20
-187.403
 11
62.1342
 21
-187.465
  0
LINE
  8
0
 10
62.1342
 20
-187.465
 11
62.0714
 21
-187.523
  0
LINE
  8
0
 10
62.0714
 20
-187.523
 11
62.0067
 21
-187.579
  0
LINE
  8
0
 10
62.0067
 20
-187.579
 11
61.9392
 21
-187.633
  0
LINE
  8
0
 10
61.9392
 20
-187.633
 11
61.8699
 21
-187.683
  0
LINE
  8
0
 10
61.8699
 20
-187.683
 11
61.7982
 21
-187.731
  0
LINE
  8
0
 10
61.7982
 20
-187.731
 11
61.7249
 21
-187.775
  0
LINE
  8
0
 10
61.7249
 20
-187.775
 11
61.6497
 21
-187.816
  0
LINE
  8
0
 10
61.6497
 20
-187.816
 11
61.5726
 21
-187.855
  0
LINE
  8
0
 10
61.5726
 20
-187.855
 11
61.4943
 21
-187.89
  0
LINE
  8
0
 10
61.4943
 20
-187.89
 11
61.4145
 21
-187.921
  0
LINE
  8
0
 10
61.4145
 20
-187.921
 11
61.3335
 21
-187.949
  0
LINE
  8
0
 10
61.3335
 20
-187.949
 11
61.2509
 21
-187.974
  0
LINE
  8
0
 10
61.2509
 20
-187.974
 11
61.168
 21
-187.996
  0
LINE
  8
0
 10
61.168
 20
-187.996
 11
61.0839
 21
-188.013
  0
LINE
  8
0
 10
61.0839
 20
-188.013
 11
60.9994
 21
-188.028
  0
LINE
  8
0
 10
60.9994
 20
-188.028
 11
60.9141
 21
-188.039
  0
LINE
  8
0
 10
60.9141
 20
-188.039
 11
60.8285
 21
-188.046
  0
LINE
  8
0
 10
60.8285
 20
-188.046
 11
60.7428
 21
-188.049
  0
LINE
  8
0
 10
60.7428
 20
-188.049
 11
60.6568
 21
-188.049
  0
LINE
  8
0
 10
44.657
 20
-188.049
 11
44.5709
 21
-188.046
  0
LINE
  8
0
 10
44.5709
 20
-188.046
 11
44.4857
 21
-188.039
  0
LINE
  8
0
 10
44.4857
 20
-188.039
 11
44.4004
 21
-188.028
  0
LINE
  8
0
 10
44.4004
 20
-188.028
 11
44.3155
 21
-188.013
  0
LINE
  8
0
 10
44.3155
 20
-188.013
 11
44.2318
 21
-187.996
  0
LINE
  8
0
 10
44.2318
 20
-187.996
 11
44.1485
 21
-187.974
  0
LINE
  8
0
 10
44.1485
 20
-187.974
 11
44.0663
 21
-187.949
  0
LINE
  8
0
 10
44.0663
 20
-187.949
 11
43.9853
 21
-187.921
  0
LINE
  8
0
 10
43.9853
 20
-187.921
 11
43.9055
 21
-187.89
  0
LINE
  8
0
 10
43.9055
 20
-187.89
 11
43.8268
 21
-187.855
  0
LINE
  8
0
 10
43.8268
 20
-187.855
 11
43.75
 21
-187.816
  0
LINE
  8
0
 10
43.75
 20
-187.816
 11
43.6749
 21
-187.775
  0
LINE
  8
0
 10
43.6749
 20
-187.775
 11
43.6012
 21
-187.731
  0
LINE
  8
0
 10
43.6012
 20
-187.731
 11
43.5299
 21
-187.683
  0
LINE
  8
0
 10
43.5299
 20
-187.683
 11
43.4605
 21
-187.633
  0
LINE
  8
0
 10
43.4605
 20
-187.633
 11
43.3931
 21
-187.579
  0
LINE
  8
0
 10
43.3931
 20
-187.579
 11
43.328
 21
-187.523
  0
LINE
  8
0
 10
43.328
 20
-187.523
 11
43.2656
 21
-187.465
  0
LINE
  8
0
 10
43.2656
 20
-187.465
 11
43.2055
 21
-187.403
  0
LINE
  8
0
 10
43.2055
 20
-187.403
 11
43.1481
 21
-187.339
  0
LINE
  8
0
 10
43.1481
 20
-187.339
 11
43.0931
 21
-187.273
  0
LINE
  8
0
 10
43.0931
 20
-187.273
 11
43.0412
 21
-187.205
  0
LINE
  8
0
 10
43.0412
 20
-187.205
 11
42.9923
 21
-187.134
  0
LINE
  8
0
 10
42.9923
 20
-187.134
 11
42.9462
 21
-187.062
  0
LINE
  8
0
 10
42.9462
 20
-187.062
 11
42.9032
 21
-186.987
  0
LINE
  8
0
 10
42.9032
 20
-186.987
 11
42.8637
 21
-186.911
  0
LINE
  8
0
 10
42.8637
 20
-186.911
 11
42.8268
 21
-186.834
  0
LINE
  8
0
 10
42.8268
 20
-186.834
 11
42.7939
 21
-186.754
  0
LINE
  8
0
 10
42.7939
 20
-186.754
 11
42.7637
 21
-186.674
  0
LINE
  8
0
 10
42.7637
 20
-186.674
 11
42.7373
 21
-186.592
  0
LINE
  8
0
 10
42.7373
 20
-186.592
 11
42.7141
 21
-186.51
  0
LINE
  8
0
 10
42.7141
 20
-186.51
 11
42.6947
 21
-186.426
  0
LINE
  8
0
 10
42.6947
 20
-186.426
 11
42.6784
 21
-186.342
  0
LINE
  8
0
 10
42.6784
 20
-186.342
 11
42.666
 21
-186.257
  0
LINE
  8
0
 10
42.666
 20
-186.257
 11
42.6571
 21
-186.171
  0
LINE
  8
0
 10
42.6571
 20
-186.171
 11
42.6517
 21
-186.086
  0
LINE
  8
0
 10
42.6517
 20
-186.086
 11
42.6497
 21
-186
  0
LINE
  8
0
 10
42.6497
 20
-186
 11
42.6517
 21
-185.914
  0
LINE
  8
0
 10
42.6517
 20
-185.914
 11
42.6571
 21
-185.828
  0
LINE
  8
0
 10
42.6571
 20
-185.828
 11
42.666
 21
-185.743
  0
LINE
  8
0
 10
42.666
 20
-185.743
 11
42.6784
 21
-185.658
  0
LINE
  8
0
 10
42.6784
 20
-185.658
 11
42.6947
 21
-185.574
  0
LINE
  8
0
 10
42.6947
 20
-185.574
 11
42.7141
 21
-185.49
  0
LINE
  8
0
 10
42.7141
 20
-185.49
 11
42.7373
 21
-185.407
  0
LINE
  8
0
 10
42.7373
 20
-185.407
 11
42.7637
 21
-185.326
  0
LINE
  8
0
 10
42.7637
 20
-185.326
 11
42.7939
 21
-185.245
  0
LINE
  8
0
 10
42.7939
 20
-185.245
 11
42.8268
 21
-185.166
  0
LINE
  8
0
 10
42.8268
 20
-185.166
 11
42.8637
 21
-185.088
  0
LINE
  8
0
 10
42.8637
 20
-185.088
 11
42.9032
 21
-185.012
  0
LINE
  8
0
 10
42.9032
 20
-185.012
 11
42.9462
 21
-184.938
  0
LINE
  8
0
 10
42.9462
 20
-184.938
 11
42.9923
 21
-184.865
  0
LINE
  8
0
 10
42.9923
 20
-184.865
 11
43.0412
 21
-184.795
  0
LINE
  8
0
 10
43.0412
 20
-184.795
 11
43.0931
 21
-184.726
  0
LINE
  8
0
 10
43.0931
 20
-184.726
 11
43.1481
 21
-184.66
  0
LINE
  8
0
 10
43.1481
 20
-184.66
 11
43.2055
 21
-184.596
  0
LINE
  8
0
 10
43.2055
 20
-184.596
 11
43.2656
 21
-184.535
  0
LINE
  8
0
 10
43.2656
 20
-184.535
 11
43.328
 21
-184.476
  0
LINE
  8
0
 10
43.328
 20
-184.476
 11
43.3931
 21
-184.42
  0
LINE
  8
0
 10
43.3931
 20
-184.42
 11
43.4605
 21
-184.367
  0
LINE
  8
0
 10
43.4605
 20
-184.367
 11
43.5299
 21
-184.316
  0
LINE
  8
0
 10
43.5299
 20
-184.316
 11
43.6012
 21
-184.269
  0
LINE
  8
0
 10
43.6012
 20
-184.269
 11
43.6749
 21
-184.224
  0
LINE
  8
0
 10
43.6749
 20
-184.224
 11
43.75
 21
-184.183
  0
LINE
  8
0
 10
43.75
 20
-184.183
 11
43.8268
 21
-184.145
  0
LINE
  8
0
 10
43.8268
 20
-184.145
 11
43.9055
 21
-184.11
  0
LINE
  8
0
 10
43.9055
 20
-184.11
 11
43.9853
 21
-184.078
  0
LINE
  8
0
 10
43.9853
 20
-184.078
 11
44.0663
 21
-184.05
  0
LINE
  8
0
 10
44.0663
 20
-184.05
 11
44.1485
 21
-184.025
  0
LINE
  8
0
 10
44.1485
 20
-184.025
 11
44.2318
 21
-184.004
  0
LINE
  8
0
 10
44.2318
 20
-184.004
 11
44.3155
 21
-183.986
  0
LINE
  8
0
 10
44.3155
 20
-183.986
 11
44.4004
 21
-183.972
  0
LINE
  8
0
 10
44.4004
 20
-183.972
 11
44.4857
 21
-183.961
  0
LINE
  8
0
 10
44.4857
 20
-183.961
 11
44.5709
 21
-183.954
  0
LINE
  8
0
 10
44.5709
 20
-183.954
 11
44.657
 21
-183.95
  0
LINE
  8
0
 10
44.657
 20
-183.95
 11
44.7426
 21
-183.95
  0
LINE
  8
0
 10
44.7426
 20
-183.95
 11
44.8287
 21
-183.954
  0
LINE
  8
0
 10
44.8287
 20
-183.954
 11
44.9139
 21
-183.961
  0
LINE
  8
0
 10
44.9139
 20
-183.961
 11
44.9992
 21
-183.972
  0
LINE
  8
0
 10
44.9992
 20
-183.972
 11
45.0841
 21
-183.986
  0
LINE
  8
0
 10
45.0841
 20
-183.986
 11
45.1678
 21
-184.004
  0
LINE
  8
0
 10
45.1678
 20
-184.004
 11
45.2511
 21
-184.025
  0
LINE
  8
0
 10
45.2511
 20
-184.025
 11
45.3333
 21
-184.05
  0
LINE
  8
0
 10
45.3333
 20
-184.05
 11
45.4143
 21
-184.078
  0
LINE
  8
0
 10
45.4143
 20
-184.078
 11
45.4941
 21
-184.11
  0
LINE
  8
0
 10
45.4941
 20
-184.11
 11
45.5728
 21
-184.145
  0
LINE
  8
0
 10
45.5728
 20
-184.145
 11
45.6495
 21
-184.183
  0
LINE
  8
0
 10
45.6495
 20
-184.183
 11
45.7247
 21
-184.224
  0
LINE
  8
0
 10
45.7247
 20
-184.224
 11
45.7984
 21
-184.269
  0
LINE
  8
0
 10
45.7984
 20
-184.269
 11
45.8697
 21
-184.316
  0
LINE
  8
0
 10
45.8697
 20
-184.316
 11
45.9391
 21
-184.367
  0
LINE
  8
0
 10
45.9391
 20
-184.367
 11
46.0065
 21
-184.42
  0
LINE
  8
0
 10
46.0065
 20
-184.42
 11
46.0716
 21
-184.476
  0
LINE
  8
0
 10
46.0716
 20
-184.476
 11
46.134
 21
-184.535
  0
LINE
  8
0
 10
46.134
 20
-184.535
 11
46.1941
 21
-184.596
  0
LINE
  8
0
 10
46.1941
 20
-184.596
 11
46.2518
 21
-184.66
  0
LINE
  8
0
 10
46.2518
 20
-184.66
 11
46.3065
 21
-184.726
  0
LINE
  8
0
 10
46.3065
 20
-184.726
 11
46.3584
 21
-184.795
  0
LINE
  8
0
 10
46.3584
 20
-184.795
 11
46.4072
 21
-184.865
  0
LINE
  8
0
 10
46.4072
 20
-184.865
 11
46.4534
 21
-184.938
  0
LINE
  8
0
 10
46.4534
 20
-184.938
 11
46.4964
 21
-185.012
  0
LINE
  8
0
 10
46.4964
 20
-185.012
 11
46.5359
 21
-185.088
  0
LINE
  8
0
 10
46.5359
 20
-185.088
 11
46.5727
 21
-185.166
  0
LINE
  8
0
 10
46.5727
 20
-185.166
 11
46.6057
 21
-185.245
  0
LINE
  8
0
 10
46.6057
 20
-185.245
 11
46.6359
 21
-185.326
  0
LINE
  8
0
 10
46.6359
 20
-185.326
 11
46.6623
 21
-185.407
  0
LINE
  8
0
 10
46.6623
 20
-185.407
 11
46.6855
 21
-185.49
  0
LINE
  8
0
 10
46.6855
 20
-185.49
 11
46.7049
 21
-185.574
  0
LINE
  8
0
 10
46.7049
 20
-185.574
 11
46.7212
 21
-185.658
  0
LINE
  8
0
 10
46.7212
 20
-185.658
 11
46.7336
 21
-185.743
  0
LINE
  8
0
 10
46.7336
 20
-185.743
 11
46.7425
 21
-185.828
  0
LINE
  8
0
 10
46.7425
 20
-185.828
 11
46.7479
 21
-185.914
  0
LINE
  8
0
 10
46.7479
 20
-185.914
 11
46.7499
 21
-186
  0
LINE
  8
0
 10
46.7499
 20
-186
 11
46.7479
 21
-186.086
  0
LINE
  8
0
 10
46.7479
 20
-186.086
 11
46.7425
 21
-186.171
  0
LINE
  8
0
 10
46.7425
 20
-186.171
 11
46.7336
 21
-186.257
  0
LINE
  8
0
 10
46.7336
 20
-186.257
 11
46.7212
 21
-186.342
  0
LINE
  8
0
 10
46.7212
 20
-186.342
 11
46.7049
 21
-186.426
  0
LINE
  8
0
 10
46.7049
 20
-186.426
 11
46.6855
 21
-186.51
  0
LINE
  8
0
 10
46.6855
 20
-186.51
 11
46.6623
 21
-186.592
  0
LINE
  8
0
 10
46.6623
 20
-186.592
 11
46.6359
 21
-186.674
  0
LINE
  8
0
 10
46.6359
 20
-186.674
 11
46.6057
 21
-186.754
  0
LINE
  8
0
 10
46.6057
 20
-186.754
 11
46.5727
 21
-186.834
  0
LINE
  8
0
 10
46.5727
 20
-186.834
 11
46.5359
 21
-186.911
  0
LINE
  8
0
 10
46.5359
 20
-186.911
 11
46.4964
 21
-186.987
  0
LINE
  8
0
 10
46.4964
 20
-186.987
 11
46.4534
 21
-187.062
  0
LINE
  8
0
 10
46.4534
 20
-187.062
 11
46.4072
 21
-187.134
  0
LINE
  8
0
 10
46.4072
 20
-187.134
 11
46.3584
 21
-187.205
  0
LINE
  8
0
 10
46.3584
 20
-187.205
 11
46.3065
 21
-187.273
  0
LINE
  8
0
 10
46.3065
 20
-187.273
 11
46.2518
 21
-187.339
  0
LINE
  8
0
 10
46.2518
 20
-187.339
 11
46.1941
 21
-187.403
  0
LINE
  8
0
 10
46.1941
 20
-187.403
 11
46.134
 21
-187.465
  0
LINE
  8
0
 10
46.134
 20
-187.465
 11
46.0716
 21
-187.523
  0
LINE
  8
0
 10
46.0716
 20
-187.523
 11
46.0065
 21
-187.579
  0
LINE
  8
0
 10
46.0065
 20
-187.579
 11
45.9391
 21
-187.633
  0
LINE
  8
0
 10
45.9391
 20
-187.633
 11
45.8697
 21
-187.683
  0
LINE
  8
0
 10
45.8697
 20
-187.683
 11
45.7984
 21
-187.731
  0
LINE
  8
0
 10
45.7984
 20
-187.731
 11
45.7247
 21
-187.775
  0
LINE
  8
0
 10
45.7247
 20
-187.775
 11
45.6495
 21
-187.816
  0
LINE
  8
0
 10
45.6495
 20
-187.816
 11
45.5728
 21
-187.855
  0
LINE
  8
0
 10
45.5728
 20
-187.855
 11
45.4941
 21
-187.89
  0
LINE
  8
0
 10
45.4941
 20
-187.89
 11
45.4143
 21
-187.921
  0
LINE
  8
0
 10
45.4143
 20
-187.921
 11
45.3333
 21
-187.949
  0
LINE
  8
0
 10
45.3333
 20
-187.949
 11
45.2511
 21
-187.974
  0
LINE
  8
0
 10
45.2511
 20
-187.974
 11
45.1678
 21
-187.996
  0
LINE
  8
0
 10
45.1678
 20
-187.996
 11
45.0841
 21
-188.013
  0
LINE
  8
0
 10
45.0841
 20
-188.013
 11
44.9992
 21
-188.028
  0
LINE
  8
0
 10
44.9992
 20
-188.028
 11
44.9139
 21
-188.039
  0
LINE
  8
0
 10
44.9139
 20
-188.039
 11
44.8287
 21
-188.046
  0
LINE
  8
0
 10
44.8287
 20
-188.046
 11
44.7426
 21
-188.049
  0
LINE
  8
0
 10
44.7426
 20
-188.049
 11
44.657
 21
-188.049
  0
LINE
  8
0
 10
28.6568
 20
-188.049
 11
28.5711
 21
-188.046
  0
LINE
  8
0
 10
28.5711
 20
-188.046
 11
28.4855
 21
-188.039
  0
LINE
  8
0
 10
28.4855
 20
-188.039
 11
28.4002
 21
-188.028
  0
LINE
  8
0
 10
28.4002
 20
-188.028
 11
28.3157
 21
-188.013
  0
LINE
  8
0
 10
28.3157
 20
-188.013
 11
28.2316
 21
-187.996
  0
LINE
  8
0
 10
28.2316
 20
-187.996
 11
28.1487
 21
-187.974
  0
LINE
  8
0
 10
28.1487
 20
-187.974
 11
28.0665
 21
-187.949
  0
LINE
  8
0
 10
28.0665
 20
-187.949
 11
27.9851
 21
-187.921
  0
LINE
  8
0
 10
27.9851
 20
-187.921
 11
27.9053
 21
-187.89
  0
LINE
  8
0
 10
27.9053
 20
-187.89
 11
27.827
 21
-187.855
  0
LINE
  8
0
 10
27.827
 20
-187.855
 11
27.7499
 21
-187.816
  0
LINE
  8
0
 10
27.7499
 20
-187.816
 11
27.6747
 21
-187.775
  0
LINE
  8
0
 10
27.6747
 20
-187.775
 11
27.6014
 21
-187.731
  0
LINE
  8
0
 10
27.6014
 20
-187.731
 11
27.5297
 21
-187.683
  0
LINE
  8
0
 10
27.5297
 20
-187.683
 11
27.4603
 21
-187.633
  0
LINE
  8
0
 10
27.4603
 20
-187.633
 11
27.3929
 21
-187.579
  0
LINE
  8
0
 10
27.3929
 20
-187.579
 11
27.3282
 21
-187.523
  0
LINE
  8
0
 10
27.3282
 20
-187.523
 11
27.2654
 21
-187.465
  0
LINE
  8
0
 10
27.2654
 20
-187.465
 11
27.2053
 21
-187.403
  0
LINE
  8
0
 10
27.2053
 20
-187.403
 11
27.148
 21
-187.339
  0
LINE
  8
0
 10
27.148
 20
-187.339
 11
27.0933
 21
-187.273
  0
LINE
  8
0
 10
27.0933
 20
-187.273
 11
27.0414
 21
-187.205
  0
LINE
  8
0
 10
27.0414
 20
-187.205
 11
26.9922
 21
-187.134
  0
LINE
  8
0
 10
26.9922
 20
-187.134
 11
26.9464
 21
-187.062
  0
LINE
  8
0
 10
26.9464
 20
-187.062
 11
26.9034
 21
-186.987
  0
LINE
  8
0
 10
26.9034
 20
-186.987
 11
26.8635
 21
-186.911
  0
LINE
  8
0
 10
26.8635
 20
-186.911
 11
26.827
 21
-186.834
  0
LINE
  8
0
 10
26.827
 20
-186.834
 11
26.7937
 21
-186.754
  0
LINE
  8
0
 10
26.7937
 20
-186.754
 11
26.7639
 21
-186.674
  0
LINE
  8
0
 10
26.7639
 20
-186.674
 11
26.7371
 21
-186.592
  0
LINE
  8
0
 10
26.7371
 20
-186.592
 11
26.7143
 21
-186.51
  0
LINE
  8
0
 10
26.7143
 20
-186.51
 11
26.6945
 21
-186.426
  0
LINE
  8
0
 10
26.6945
 20
-186.426
 11
26.6786
 21
-186.342
  0
LINE
  8
0
 10
26.6786
 20
-186.342
 11
26.6658
 21
-186.257
  0
LINE
  8
0
 10
26.6658
 20
-186.257
 11
26.6569
 21
-186.171
  0
LINE
  8
0
 10
26.6569
 20
-186.171
 11
26.6515
 21
-186.086
  0
LINE
  8
0
 10
26.6515
 20
-186.086
 11
26.6499
 21
-186
  0
LINE
  8
0
 10
26.6499
 20
-186
 11
26.6515
 21
-185.914
  0
LINE
  8
0
 10
26.6515
 20
-185.914
 11
26.6569
 21
-185.828
  0
LINE
  8
0
 10
26.6569
 20
-185.828
 11
26.6658
 21
-185.743
  0
LINE
  8
0
 10
26.6658
 20
-185.743
 11
26.6786
 21
-185.658
  0
LINE
  8
0
 10
26.6786
 20
-185.658
 11
26.6945
 21
-185.574
  0
LINE
  8
0
 10
26.6945
 20
-185.574
 11
26.7143
 21
-185.49
  0
LINE
  8
0
 10
26.7143
 20
-185.49
 11
26.7371
 21
-185.407
  0
LINE
  8
0
 10
26.7371
 20
-185.407
 11
26.7639
 21
-185.326
  0
LINE
  8
0
 10
26.7639
 20
-185.326
 11
26.7937
 21
-185.245
  0
LINE
  8
0
 10
26.7937
 20
-185.245
 11
26.827
 21
-185.166
  0
LINE
  8
0
 10
26.827
 20
-185.166
 11
26.8635
 21
-185.088
  0
LINE
  8
0
 10
26.8635
 20
-185.088
 11
26.9034
 21
-185.012
  0
LINE
  8
0
 10
26.9034
 20
-185.012
 11
26.9464
 21
-184.938
  0
LINE
  8
0
 10
26.9464
 20
-184.938
 11
26.9922
 21
-184.865
  0
LINE
  8
0
 10
26.9922
 20
-184.865
 11
27.0414
 21
-184.795
  0
LINE
  8
0
 10
27.0414
 20
-184.795
 11
27.0933
 21
-184.726
  0
LINE
  8
0
 10
27.0933
 20
-184.726
 11
27.148
 21
-184.66
  0
LINE
  8
0
 10
27.148
 20
-184.66
 11
27.2053
 21
-184.596
  0
LINE
  8
0
 10
27.2053
 20
-184.596
 11
27.2654
 21
-184.535
  0
LINE
  8
0
 10
27.2654
 20
-184.535
 11
27.3282
 21
-184.476
  0
LINE
  8
0
 10
27.3282
 20
-184.476
 11
27.3929
 21
-184.42
  0
LINE
  8
0
 10
27.3929
 20
-184.42
 11
27.4603
 21
-184.367
  0
LINE
  8
0
 10
27.4603
 20
-184.367
 11
27.5297
 21
-184.316
  0
LINE
  8
0
 10
27.5297
 20
-184.316
 11
27.6014
 21
-184.269
  0
LINE
  8
0
 10
27.6014
 20
-184.269
 11
27.6747
 21
-184.224
  0
LINE
  8
0
 10
27.6747
 20
-184.224
 11
27.7499
 21
-184.183
  0
LINE
  8
0
 10
27.7499
 20
-184.183
 11
27.827
 21
-184.145
  0
LINE
  8
0
 10
27.827
 20
-184.145
 11
27.9053
 21
-184.11
  0
LINE
  8
0
 10
27.9053
 20
-184.11
 11
27.9851
 21
-184.078
  0
LINE
  8
0
 10
27.9851
 20
-184.078
 11
28.0665
 21
-184.05
  0
LINE
  8
0
 10
28.0665
 20
-184.05
 11
28.1487
 21
-184.025
  0
LINE
  8
0
 10
28.1487
 20
-184.025
 11
28.2316
 21
-184.004
  0
LINE
  8
0
 10
28.2316
 20
-184.004
 11
28.3157
 21
-183.986
  0
LINE
  8
0
 10
28.3157
 20
-183.986
 11
28.4002
 21
-183.972
  0
LINE
  8
0
 10
28.4002
 20
-183.972
 11
28.4855
 21
-183.961
  0
LINE
  8
0
 10
28.4855
 20
-183.961
 11
28.5711
 21
-183.954
  0
LINE
  8
0
 10
28.5711
 20
-183.954
 11
28.6568
 21
-183.95
  0
LINE
  8
0
 10
28.6568
 20
-183.95
 11
28.7428
 21
-183.95
  0
LINE
  8
0
 10
28.7428
 20
-183.95
 11
28.8285
 21
-183.954
  0
LINE
  8
0
 10
28.8285
 20
-183.954
 11
28.9141
 21
-183.961
  0
LINE
  8
0
 10
28.9141
 20
-183.961
 11
28.9994
 21
-183.972
  0
LINE
  8
0
 10
28.9994
 20
-183.972
 11
29.0839
 21
-183.986
  0
LINE
  8
0
 10
29.0839
 20
-183.986
 11
29.168
 21
-184.004
  0
LINE
  8
0
 10
29.168
 20
-184.004
 11
29.2509
 21
-184.025
  0
LINE
  8
0
 10
29.2509
 20
-184.025
 11
29.3335
 21
-184.05
  0
LINE
  8
0
 10
29.3335
 20
-184.05
 11
29.4145
 21
-184.078
  0
LINE
  8
0
 10
29.4145
 20
-184.078
 11
29.4943
 21
-184.11
  0
LINE
  8
0
 10
29.4943
 20
-184.11
 11
29.5726
 21
-184.145
  0
LINE
  8
0
 10
29.5726
 20
-184.145
 11
29.6497
 21
-184.183
  0
LINE
  8
0
 10
29.6497
 20
-184.183
 11
29.7249
 21
-184.224
  0
LINE
  8
0
 10
29.7249
 20
-184.224
 11
29.7982
 21
-184.269
  0
LINE
  8
0
 10
29.7982
 20
-184.269
 11
29.8699
 21
-184.316
  0
LINE
  8
0
 10
29.8699
 20
-184.316
 11
29.9393
 21
-184.367
  0
LINE
  8
0
 10
29.9393
 20
-184.367
 11
30.0067
 21
-184.42
  0
LINE
  8
0
 10
30.0067
 20
-184.42
 11
30.0714
 21
-184.476
  0
LINE
  8
0
 10
30.0714
 20
-184.476
 11
30.1342
 21
-184.535
  0
LINE
  8
0
 10
30.1342
 20
-184.535
 11
30.1943
 21
-184.596
  0
LINE
  8
0
 10
30.1943
 20
-184.596
 11
30.2516
 21
-184.66
  0
LINE
  8
0
 10
30.2516
 20
-184.66
 11
30.3063
 21
-184.726
  0
LINE
  8
0
 10
30.3063
 20
-184.726
 11
30.3582
 21
-184.795
  0
LINE
  8
0
 10
30.3582
 20
-184.795
 11
30.4074
 21
-184.865
  0
LINE
  8
0
 10
30.4074
 20
-184.865
 11
30.4532
 21
-184.938
  0
LINE
  8
0
 10
30.4532
 20
-184.938
 11
30.4962
 21
-185.012
  0
LINE
  8
0
 10
30.4962
 20
-185.012
 11
30.5361
 21
-185.088
  0
LINE
  8
0
 10
30.5361
 20
-185.088
 11
30.5726
 21
-185.166
  0
LINE
  8
0
 10
30.5726
 20
-185.166
 11
30.6059
 21
-185.245
  0
LINE
  8
0
 10
30.6059
 20
-185.245
 11
30.6357
 21
-185.326
  0
LINE
  8
0
 10
30.6357
 20
-185.326
 11
30.6625
 21
-185.407
  0
LINE
  8
0
 10
30.6625
 20
-185.407
 11
30.6853
 21
-185.49
  0
LINE
  8
0
 10
30.6853
 20
-185.49
 11
30.7051
 21
-185.574
  0
LINE
  8
0
 10
30.7051
 20
-185.574
 11
30.721
 21
-185.658
  0
LINE
  8
0
 10
30.721
 20
-185.658
 11
30.7338
 21
-185.743
  0
LINE
  8
0
 10
30.7338
 20
-185.743
 11
30.7427
 21
-185.828
  0
LINE
  8
0
 10
30.7427
 20
-185.828
 11
30.7481
 21
-185.914
  0
LINE
  8
0
 10
30.7481
 20
-185.914
 11
30.7497
 21
-186
  0
LINE
  8
0
 10
30.7497
 20
-186
 11
30.7481
 21
-186.086
  0
LINE
  8
0
 10
30.7481
 20
-186.086
 11
30.7427
 21
-186.171
  0
LINE
  8
0
 10
30.7427
 20
-186.171
 11
30.7338
 21
-186.257
  0
LINE
  8
0
 10
30.7338
 20
-186.257
 11
30.721
 21
-186.342
  0
LINE
  8
0
 10
30.721
 20
-186.342
 11
30.7051
 21
-186.426
  0
LINE
  8
0
 10
30.7051
 20
-186.426
 11
30.6853
 21
-186.51
  0
LINE
  8
0
 10
30.6853
 20
-186.51
 11
30.6625
 21
-186.592
  0
LINE
  8
0
 10
30.6625
 20
-186.592
 11
30.6357
 21
-186.674
  0
LINE
  8
0
 10
30.6357
 20
-186.674
 11
30.6059
 21
-186.754
  0
LINE
  8
0
 10
30.6059
 20
-186.754
 11
30.5726
 21
-186.834
  0
LINE
  8
0
 10
30.5726
 20
-186.834
 11
30.5361
 21
-186.911
  0
LINE
  8
0
 10
30.5361
 20
-186.911
 11
30.4962
 21
-186.987
  0
LINE
  8
0
 10
30.4962
 20
-186.987
 11
30.4532
 21
-187.062
  0
LINE
  8
0
 10
30.4532
 20
-187.062
 11
30.4074
 21
-187.134
  0
LINE
  8
0
 10
30.4074
 20
-187.134
 11
30.3582
 21
-187.205
  0
LINE
  8
0
 10
30.3582
 20
-187.205
 11
30.3063
 21
-187.273
  0
LINE
  8
0
 10
30.3063
 20
-187.273
 11
30.2516
 21
-187.339
  0
LINE
  8
0
 10
30.2516
 20
-187.339
 11
30.1943
 21
-187.403
  0
LINE
  8
0
 10
30.1943
 20
-187.403
 11
30.1342
 21
-187.465
  0
LINE
  8
0
 10
30.1342
 20
-187.465
 11
30.0714
 21
-187.523
  0
LINE
  8
0
 10
30.0714
 20
-187.523
 11
30.0067
 21
-187.579
  0
LINE
  8
0
 10
30.0067
 20
-187.579
 11
29.9393
 21
-187.633
  0
LINE
  8
0
 10
29.9393
 20
-187.633
 11
29.8699
 21
-187.683
  0
LINE
  8
0
 10
29.8699
 20
-187.683
 11
29.7982
 21
-187.731
  0
LINE
  8
0
 10
29.7982
 20
-187.731
 11
29.7249
 21
-187.775
  0
LINE
  8
0
 10
29.7249
 20
-187.775
 11
29.6497
 21
-187.816
  0
LINE
  8
0
 10
29.6497
 20
-187.816
 11
29.5726
 21
-187.855
  0
LINE
  8
0
 10
29.5726
 20
-187.855
 11
29.4943
 21
-187.89
  0
LINE
  8
0
 10
29.4943
 20
-187.89
 11
29.4145
 21
-187.921
  0
LINE
  8
0
 10
29.4145
 20
-187.921
 11
29.3335
 21
-187.949
  0
LINE
  8
0
 10
29.3335
 20
-187.949
 11
29.2509
 21
-187.974
  0
LINE
  8
0
 10
29.2509
 20
-187.974
 11
29.168
 21
-187.996
  0
LINE
  8
0
 10
29.168
 20
-187.996
 11
29.0839
 21
-188.013
  0
LINE
  8
0
 10
29.0839
 20
-188.013
 11
28.9994
 21
-188.028
  0
LINE
  8
0
 10
28.9994
 20
-188.028
 11
28.9141
 21
-188.039
  0
LINE
  8
0
 10
28.9141
 20
-188.039
 11
28.8285
 21
-188.046
  0
LINE
  8
0
 10
28.8285
 20
-188.046
 11
28.7428
 21
-188.049
  0
LINE
  8
0
 10
28.7428
 20
-188.049
 11
28.6568
 21
-188.049
  0
ENDSEC
  0
SECTION
  2
OBJECTS
  0
DICTIONARY
  0
ENDSEC
  0
EOF
