  0
SECTION
  2
BLOCKS
  0
ENDSEC
  0
SECTION
  2
ENTITIES
  0
LINE
  8
0
 10
0.207108
 20
-4.24103
 11
0.332321
 21
-4.23578
  0
LINE
  8
0
 10
0.332321
 20
-4.23578
 11
0.456985
 21
-4.22791
  0
LINE
  8
0
 10
0.456985
 20
-4.22791
 11
0.580887
 21
-4.21742
  0
LINE
  8
0
 10
0.580887
 20
-4.21742
 11
0.703796
 21
-4.20436
  0
LINE
  8
0
 10
0.703796
 20
-4.20436
 11
0.8255
 21
-4.18874
  0
LINE
  8
0
 10
0.8255
 20
-4.18874
 11
0.945801
 21
-4.17058
  0
LINE
  8
0
 10
0.945801
 20
-4.17058
 11
1.06445
 21
-4.14992
  0
LINE
  8
0
 10
1.06445
 20
-4.14992
 11
1.18129
 21
-4.12679
  0
LINE
  8
0
 10
1.18129
 20
-4.12679
 11
1.29608
 21
-4.10123
  0
LINE
  8
0
 10
1.29608
 20
-4.10123
 11
1.40863
 21
-4.0733
  0
LINE
  8
0
 10
1.40863
 20
-4.0733
 11
1.51874
 21
-4.04303
  0
LINE
  8
0
 10
1.51874
 20
-4.04303
 11
1.62622
 21
-4.01048
  0
LINE
  8
0
 10
1.62622
 20
-4.01048
 11
1.73088
 21
-3.97572
  0
LINE
  8
0
 10
1.73088
 20
-3.97572
 11
1.83253
 21
-3.93878
  0
LINE
  8
0
 10
1.83253
 20
-3.93878
 11
1.93102
 21
-3.89977
  0
LINE
  8
0
 10
1.93102
 20
-3.89977
 11
2.02614
 21
-3.8587
  0
LINE
  8
0
 10
2.02614
 20
-3.8587
 11
2.11774
 21
-3.8157
  0
LINE
  8
0
 10
2.11774
 20
-3.8157
 11
2.20564
 21
-3.77081
  0
LINE
  8
0
 10
2.20564
 20
-3.77081
 11
2.28973
 21
-3.72412
  0
LINE
  8
0
 10
2.28973
 20
-3.72412
 11
2.36983
 21
-3.67572
  0
LINE
  8
0
 10
2.36983
 20
-3.67572
 11
2.4458
 21
-3.62567
  0
LINE
  8
0
 10
2.4458
 20
-3.62567
 11
2.5175
 21
-3.57408
  0
LINE
  8
0
 10
2.5175
 20
-3.57408
 11
2.58484
 21
-3.52103
  0
LINE
  8
0
 10
2.58484
 20
-3.52103
 11
2.64766
 21
-3.46663
  0
LINE
  8
0
 10
2.64766
 20
-3.46663
 11
2.70587
 21
-3.41095
  0
LINE
  8
0
 10
2.70587
 20
-3.41095
 11
2.75938
 21
-3.3541
  0
LINE
  8
0
 10
2.75938
 20
-3.3541
 11
2.80807
 21
-3.29617
  0
LINE
  8
0
 10
2.80807
 20
-3.29617
 11
2.85187
 21
-3.23729
  0
LINE
  8
0
 10
2.85187
 20
-3.23729
 11
2.8907
 21
-3.17754
  0
LINE
  8
0
 10
2.8907
 20
-3.17754
 11
2.92448
 21
-3.11702
  0
LINE
  8
0
 10
2.92448
 20
-3.11702
 11
2.95319
 21
-3.05586
  0
LINE
  8
0
 10
2.95319
 20
-3.05586
 11
3.875
 21
-1.034
  0
LINE
  8
0
 10
3.875
 20
-1.034
 11
3.875
 21
4.56599
  0
LINE
  8
0
 10
3.875
 20
4.56599
 11
1.73088
 21
5.28772
  0
LINE
  8
0
 10
1.73088
 20
5.28772
 11
1.62622
 21
5.32248
  0
LINE
  8
0
 10
1.62622
 20
5.32248
 11
1.51874
 21
5.35503
  0
LINE
  8
0
 10
1.51874
 20
5.35503
 11
1.40863
 21
5.3853
  0
LINE
  8
0
 10
1.40863
 20
5.3853
 11
1.29608
 21
5.41324
  0
LINE
  8
0
 10
1.29608
 20
5.41324
 11
1.18129
 21
5.43878
  0
LINE
  8
0
 10
1.18129
 20
5.43878
 11
1.06445
 21
5.46191
  0
LINE
  8
0
 10
1.06445
 20
5.46191
 11
0.945801
 21
5.48257
  0
LINE
  8
0
 10
0.945801
 20
5.48257
 11
0.8255
 21
5.50073
  0
LINE
  8
0
 10
0.8255
 20
5.50073
 11
0.703796
 21
5.51636
  0
LINE
  8
0
 10
0.703796
 20
5.51636
 11
0.580887
 21
5.52942
  0
LINE
  8
0
 10
0.580887
 20
5.52942
 11
0.456985
 21
5.5399
  0
LINE
  8
0
 10
0.456985
 20
5.5399
 11
0.332321
 21
5.54778
  0
LINE
  8
0
 10
0.332321
 20
5.54778
 11
0.207108
 21
5.55304
  0
LINE
  8
0
 10
0.207108
 20
5.55304
 11
0.0815735
 21
5.55566
  0
LINE
  8
0
 10
0.0815735
 20
5.55566
 11
-0.0440674
 21
5.55566
  0
LINE
  8
0
 10
-0.0440674
 20
5.55566
 11
-0.169617
 21
5.55304
  0
LINE
  8
0
 10
-0.169617
 20
5.55304
 11
-0.29483
 21
5.54778
  0
LINE
  8
0
 10
-0.29483
 20
5.54778
 11
-0.419495
 21
5.5399
  0
LINE
  8
0
 10
-0.419495
 20
5.5399
 11
-0.543381
 21
5.52942
  0
LINE
  8
0
 10
-0.543381
 20
5.52942
 11
-0.66629
 21
5.51636
  0
LINE
  8
0
 10
-0.66629
 20
5.51636
 11
-0.787994
 21
5.50073
  0
LINE
  8
0
 10
-0.787994
 20
5.50073
 11
-0.908295
 21
5.48257
  0
LINE
  8
0
 10
-0.908295
 20
5.48257
 11
-1.02696
 21
5.46191
  0
LINE
  8
0
 10
-1.02696
 20
5.46191
 11
-1.14378
 21
5.43878
  0
LINE
  8
0
 10
-1.14378
 20
5.43878
 11
-5.4175
 21
4.56599
  0
LINE
  8
0
 10
-5.4175
 20
4.56599
 11
-5.4175
 21
-1.034
  0
LINE
  8
0
 10
-5.4175
 20
-1.034
 11
-2.61017
 21
-3.46663
  0
LINE
  8
0
 10
-2.61017
 20
-3.46663
 11
-2.54733
 21
-3.52103
  0
LINE
  8
0
 10
-2.54733
 20
-3.52103
 11
-2.48001
 21
-3.57408
  0
LINE
  8
0
 10
-2.48001
 20
-3.57408
 11
-2.40829
 21
-3.62567
  0
LINE
  8
0
 10
-2.40829
 20
-3.62567
 11
-2.33232
 21
-3.67572
  0
LINE
  8
0
 10
-2.33232
 20
-3.67572
 11
-2.25223
 21
-3.72412
  0
LINE
  8
0
 10
-2.25223
 20
-3.72412
 11
-2.16815
 21
-3.77081
  0
LINE
  8
0
 10
-2.16815
 20
-3.77081
 11
-2.08023
 21
-3.8157
  0
LINE
  8
0
 10
-2.08023
 20
-3.8157
 11
-1.98863
 21
-3.8587
  0
LINE
  8
0
 10
-1.98863
 20
-3.8587
 11
-1.89351
 21
-3.89977
  0
LINE
  8
0
 10
-1.89351
 20
-3.89977
 11
-1.79504
 21
-3.93878
  0
LINE
  8
0
 10
-1.79504
 20
-3.93878
 11
-1.69339
 21
-3.97572
  0
LINE
  8
0
 10
-1.69339
 20
-3.97572
 11
-1.58873
 21
-4.01048
  0
LINE
  8
0
 10
-1.58873
 20
-4.01048
 11
-1.48125
 21
-4.04303
  0
LINE
  8
0
 10
-1.48125
 20
-4.04303
 11
-1.37112
 21
-4.0733
  0
LINE
  8
0
 10
-1.37112
 20
-4.0733
 11
-1.25858
 21
-4.10123
  0
LINE
  8
0
 10
-1.25858
 20
-4.10123
 11
-1.14378
 21
-4.12679
  0
LINE
  8
0
 10
-1.14378
 20
-4.12679
 11
-1.02696
 21
-4.14992
  0
LINE
  8
0
 10
-1.02696
 20
-4.14992
 11
-0.908295
 21
-4.17058
  0
LINE
  8
0
 10
-0.908295
 20
-4.17058
 11
-0.787994
 21
-4.18874
  0
LINE
  8
0
 10
-0.787994
 20
-4.18874
 11
-0.66629
 21
-4.20436
  0
LINE
  8
0
 10
-0.66629
 20
-4.20436
 11
-0.543381
 21
-4.21742
  0
LINE
  8
0
 10
-0.543381
 20
-4.21742
 11
-0.419495
 21
-4.22791
  0
LINE
  8
0
 10
-0.419495
 20
-4.22791
 11
-0.29483
 21
-4.23578
  0
LINE
  8
0
 10
-0.29483
 20
-4.23578
 11
-0.169617
 21
-4.24103
  0
LINE
  8
0
 10
-0.169617
 20
-4.24103
 11
-0.0440674
 21
-4.24367
  0
LINE
  8
0
 10
-0.0440674
 20
-4.24367
 11
0.0815735
 21
-4.24367
  0
LINE
  8
0
 10
0.0815735
 20
-4.24367
 11
0.207108
 21
-4.24103
  0
LINE
  8
0
 10
1.49615
 20
4.21696
 11
1.48849
 21
4.21729
  0
LINE
  8
0
 10
1.48849
 20
4.21729
 11
1.48085
 21
4.21793
  0
LINE
  8
0
 10
1.48085
 20
4.21793
 11
1.47325
 21
4.21889
  0
LINE
  8
0
 10
1.47325
 20
4.21889
 11
1.46568
 21
4.22017
  0
LINE
  8
0
 10
1.46568
 20
4.22017
 11
1.45819
 21
4.22176
  0
LINE
  8
0
 10
1.45819
 20
4.22176
 11
1.45076
 21
4.22366
  0
LINE
  8
0
 10
1.45076
 20
4.22366
 11
1.44342
 21
4.22588
  0
LINE
  8
0
 10
1.44342
 20
4.22588
 11
1.43617
 21
4.22841
  0
LINE
  8
0
 10
1.43617
 20
4.22841
 11
1.42905
 21
4.23123
  0
LINE
  8
0
 10
1.42905
 20
4.23123
 11
1.42204
 21
4.23434
  0
LINE
  8
0
 10
1.42204
 20
4.23434
 11
1.41518
 21
4.23776
  0
LINE
  8
0
 10
1.41518
 20
4.23776
 11
1.40846
 21
4.24146
  0
LINE
  8
0
 10
1.40846
 20
4.24146
 11
1.4019
 21
4.24542
  0
LINE
  8
0
 10
1.4019
 20
4.24542
 11
1.39551
 21
4.24966
  0
LINE
  8
0
 10
1.39551
 20
4.24966
 11
1.38931
 21
4.25417
  0
LINE
  8
0
 10
1.38931
 20
4.25417
 11
1.3833
 21
4.25894
  0
LINE
  8
0
 10
1.3833
 20
4.25894
 11
1.3775
 21
4.26395
  0
LINE
  8
0
 10
1.3775
 20
4.26395
 11
1.3719
 21
4.2692
  0
LINE
  8
0
 10
1.3719
 20
4.2692
 11
1.36655
 21
4.27467
  0
LINE
  8
0
 10
1.36655
 20
4.27467
 11
1.3614
 21
4.28036
  0
LINE
  8
0
 10
1.3614
 20
4.28036
 11
1.35652
 21
4.28629
  0
LINE
  8
0
 10
1.35652
 20
4.28629
 11
1.35188
 21
4.29239
  0
LINE
  8
0
 10
1.35188
 20
4.29239
 11
1.3475
 21
4.29868
  0
LINE
  8
0
 10
1.3475
 20
4.29868
 11
1.3434
 21
4.30516
  0
LINE
  8
0
 10
1.3434
 20
4.30516
 11
1.33957
 21
4.3118
  0
LINE
  8
0
 10
1.33957
 20
4.3118
 11
1.33601
 21
4.31859
  0
LINE
  8
0
 10
1.33601
 20
4.31859
 11
1.33267
 21
4.32571
  0
LINE
  8
0
 10
1.33267
 20
4.32571
 11
1.33267
 21
4.47426
  0
LINE
  8
0
 10
1.33267
 20
4.47426
 11
1.33601
 21
4.48138
  0
LINE
  8
0
 10
1.33601
 20
4.48138
 11
1.33957
 21
4.48819
  0
LINE
  8
0
 10
1.33957
 20
4.48819
 11
1.3434
 21
4.49483
  0
LINE
  8
0
 10
1.3434
 20
4.49483
 11
1.3475
 21
4.5013
  0
LINE
  8
0
 10
1.3475
 20
4.5013
 11
1.35188
 21
4.5076
  0
LINE
  8
0
 10
1.35188
 20
4.5076
 11
1.35652
 21
4.5137
  0
LINE
  8
0
 10
1.35652
 20
4.5137
 11
1.3614
 21
4.51961
  0
LINE
  8
0
 10
1.3614
 20
4.51961
 11
1.36655
 21
4.52531
  0
LINE
  8
0
 10
1.36655
 20
4.52531
 11
1.3719
 21
4.53079
  0
LINE
  8
0
 10
1.3719
 20
4.53079
 11
1.3775
 21
4.53604
  0
LINE
  8
0
 10
1.3775
 20
4.53604
 11
1.3833
 21
4.54105
  0
LINE
  8
0
 10
1.3833
 20
4.54105
 11
1.38931
 21
4.54581
  0
LINE
  8
0
 10
1.38931
 20
4.54581
 11
1.39551
 21
4.55032
  0
LINE
  8
0
 10
1.39551
 20
4.55032
 11
1.4019
 21
4.55457
  0
LINE
  8
0
 10
1.4019
 20
4.55457
 11
1.40846
 21
4.55853
  0
LINE
  8
0
 10
1.40846
 20
4.55853
 11
1.41518
 21
4.56223
  0
LINE
  8
0
 10
1.41518
 20
4.56223
 11
1.42204
 21
4.56564
  0
LINE
  8
0
 10
1.42204
 20
4.56564
 11
1.42905
 21
4.56876
  0
LINE
  8
0
 10
1.42905
 20
4.56876
 11
1.43617
 21
4.57158
  0
LINE
  8
0
 10
1.43617
 20
4.57158
 11
1.44342
 21
4.5741
  0
LINE
  8
0
 10
1.44342
 20
4.5741
 11
1.45076
 21
4.57632
  0
LINE
  8
0
 10
1.45076
 20
4.57632
 11
1.45819
 21
4.57823
  0
LINE
  8
0
 10
1.45819
 20
4.57823
 11
1.46568
 21
4.57982
  0
LINE
  8
0
 10
1.46568
 20
4.57982
 11
1.47325
 21
4.5811
  0
LINE
  8
0
 10
1.47325
 20
4.5811
 11
1.48085
 21
4.58206
  0
LINE
  8
0
 10
1.48085
 20
4.58206
 11
1.48849
 21
4.5827
  0
LINE
  8
0
 10
1.48849
 20
4.5827
 11
1.49615
 21
4.58302
  0
LINE
  8
0
 10
1.49615
 20
4.58302
 11
1.50383
 21
4.58302
  0
LINE
  8
0
 10
1.50383
 20
4.58302
 11
1.51149
 21
4.5827
  0
LINE
  8
0
 10
1.51149
 20
4.5827
 11
1.51913
 21
4.58206
  0
LINE
  8
0
 10
1.51913
 20
4.58206
 11
1.52673
 21
4.5811
  0
LINE
  8
0
 10
1.52673
 20
4.5811
 11
1.5343
 21
4.57982
  0
LINE
  8
0
 10
1.5343
 20
4.57982
 11
1.54179
 21
4.57823
  0
LINE
  8
0
 10
1.54179
 20
4.57823
 11
1.54922
 21
4.57632
  0
LINE
  8
0
 10
1.54922
 20
4.57632
 11
1.55656
 21
4.5741
  0
LINE
  8
0
 10
1.55656
 20
4.5741
 11
1.56381
 21
4.57158
  0
LINE
  8
0
 10
1.56381
 20
4.57158
 11
1.57094
 21
4.56876
  0
LINE
  8
0
 10
1.57094
 20
4.56876
 11
1.57794
 21
4.56564
  0
LINE
  8
0
 10
1.57794
 20
4.56564
 11
1.58481
 21
4.56223
  0
LINE
  8
0
 10
1.58481
 20
4.56223
 11
1.59152
 21
4.55853
  0
LINE
  8
0
 10
1.59152
 20
4.55853
 11
1.59808
 21
4.55457
  0
LINE
  8
0
 10
1.59808
 20
4.55457
 11
1.60448
 21
4.55032
  0
LINE
  8
0
 10
1.60448
 20
4.55032
 11
1.61067
 21
4.54581
  0
LINE
  8
0
 10
1.61067
 20
4.54581
 11
1.61668
 21
4.54105
  0
LINE
  8
0
 10
1.61668
 20
4.54105
 11
1.6225
 21
4.53604
  0
LINE
  8
0
 10
1.6225
 20
4.53604
 11
1.62808
 21
4.53079
  0
LINE
  8
0
 10
1.62808
 20
4.53079
 11
1.63344
 21
4.52531
  0
LINE
  8
0
 10
1.63344
 20
4.52531
 11
1.63858
 21
4.51961
  0
LINE
  8
0
 10
1.63858
 20
4.51961
 11
1.64346
 21
4.5137
  0
LINE
  8
0
 10
1.64346
 20
4.5137
 11
1.6481
 21
4.5076
  0
LINE
  8
0
 10
1.6481
 20
4.5076
 11
1.65248
 21
4.5013
  0
LINE
  8
0
 10
1.65248
 20
4.5013
 11
1.65659
 21
4.49483
  0
LINE
  8
0
 10
1.65659
 20
4.49483
 11
1.66042
 21
4.48819
  0
LINE
  8
0
 10
1.66042
 20
4.48819
 11
1.66397
 21
4.48138
  0
LINE
  8
0
 10
1.66397
 20
4.48138
 11
1.66731
 21
4.47426
  0
LINE
  8
0
 10
1.66731
 20
4.47426
 11
1.66731
 21
4.32571
  0
LINE
  8
0
 10
1.66731
 20
4.32571
 11
1.66397
 21
4.31859
  0
LINE
  8
0
 10
1.66397
 20
4.31859
 11
1.66042
 21
4.3118
  0
LINE
  8
0
 10
1.66042
 20
4.3118
 11
1.65659
 21
4.30516
  0
LINE
  8
0
 10
1.65659
 20
4.30516
 11
1.65248
 21
4.29868
  0
LINE
  8
0
 10
1.65248
 20
4.29868
 11
1.6481
 21
4.29239
  0
LINE
  8
0
 10
1.6481
 20
4.29239
 11
1.64346
 21
4.28629
  0
LINE
  8
0
 10
1.64346
 20
4.28629
 11
1.63858
 21
4.28036
  0
LINE
  8
0
 10
1.63858
 20
4.28036
 11
1.63344
 21
4.27467
  0
LINE
  8
0
 10
1.63344
 20
4.27467
 11
1.62808
 21
4.2692
  0
LINE
  8
0
 10
1.62808
 20
4.2692
 11
1.6225
 21
4.26395
  0
LINE
  8
0
 10
1.6225
 20
4.26395
 11
1.61668
 21
4.25894
  0
LINE
  8
0
 10
1.61668
 20
4.25894
 11
1.61067
 21
4.25417
  0
LINE
  8
0
 10
1.61067
 20
4.25417
 11
1.60448
 21
4.24966
  0
LINE
  8
0
 10
1.60448
 20
4.24966
 11
1.59808
 21
4.24542
  0
LINE
  8
0
 10
1.59808
 20
4.24542
 11
1.59152
 21
4.24146
  0
LINE
  8
0
 10
1.59152
 20
4.24146
 11
1.58481
 21
4.23776
  0
LINE
  8
0
 10
1.58481
 20
4.23776
 11
1.57794
 21
4.23434
  0
LINE
  8
0
 10
1.57794
 20
4.23434
 11
1.57094
 21
4.23123
  0
LINE
  8
0
 10
1.57094
 20
4.23123
 11
1.56381
 21
4.22841
  0
LINE
  8
0
 10
1.56381
 20
4.22841
 11
1.55656
 21
4.22588
  0
LINE
  8
0
 10
1.55656
 20
4.22588
 11
1.54922
 21
4.22366
  0
LINE
  8
0
 10
1.54922
 20
4.22366
 11
1.54179
 21
4.22176
  0
LINE
  8
0
 10
1.54179
 20
4.22176
 11
1.5343
 21
4.22017
  0
LINE
  8
0
 10
1.5343
 20
4.22017
 11
1.52673
 21
4.21889
  0
LINE
  8
0
 10
1.52673
 20
4.21889
 11
1.51913
 21
4.21793
  0
LINE
  8
0
 10
1.51913
 20
4.21793
 11
1.51149
 21
4.21729
  0
LINE
  8
0
 10
1.51149
 20
4.21729
 11
1.50383
 21
4.21696
  0
LINE
  8
0
 10
1.50383
 20
4.21696
 11
1.49615
 21
4.21696
  0
LINE
  8
0
 10
-3.30708
 20
3.6628
 11
-3.30708
 21
4.51279
  0
LINE
  8
0
 10
-3.30708
 20
4.51279
 11
-1.6929
 21
4.51279
  0
LINE
  8
0
 10
-1.6929
 20
4.51279
 11
-1.6929
 21
3.6628
  0
LINE
  8
0
 10
-1.6929
 20
3.6628
 11
-3.30708
 21
3.6628
  0
LINE
  8
0
 10
3.61371
 20
4.35474
 11
3.61116
 21
4.35484
  0
LINE
  8
0
 10
3.61116
 20
4.35484
 11
3.60861
 21
4.35506
  0
LINE
  8
0
 10
3.60861
 20
4.35506
 11
3.60608
 21
4.35538
  0
LINE
  8
0
 10
3.60608
 20
4.35538
 11
3.60356
 21
4.3558
  0
LINE
  8
0
 10
3.60356
 20
4.3558
 11
3.60106
 21
4.35632
  0
LINE
  8
0
 10
3.60106
 20
4.35632
 11
3.59859
 21
4.35696
  0
LINE
  8
0
 10
3.59859
 20
4.35696
 11
3.59613
 21
4.3577
  0
LINE
  8
0
 10
3.59613
 20
4.3577
 11
3.59372
 21
4.35855
  0
LINE
  8
0
 10
3.59372
 20
4.35855
 11
3.59134
 21
4.35948
  0
LINE
  8
0
 10
3.59134
 20
4.35948
 11
3.589
 21
4.36052
  0
LINE
  8
0
 10
3.589
 20
4.36052
 11
3.58672
 21
4.36166
  0
LINE
  8
0
 10
3.58672
 20
4.36166
 11
3.58449
 21
4.36288
  0
LINE
  8
0
 10
3.58449
 20
4.36288
 11
3.58229
 21
4.36421
  0
LINE
  8
0
 10
3.58229
 20
4.36421
 11
3.58017
 21
4.36563
  0
LINE
  8
0
 10
3.58017
 20
4.36563
 11
3.57809
 21
4.36713
  0
LINE
  8
0
 10
3.57809
 20
4.36713
 11
3.5761
 21
4.36871
  0
LINE
  8
0
 10
3.5761
 20
4.36871
 11
3.57416
 21
4.37039
  0
LINE
  8
0
 10
3.57416
 20
4.37039
 11
3.5723
 21
4.37215
  0
LINE
  8
0
 10
3.5723
 20
4.37215
 11
3.57051
 21
4.37396
  0
LINE
  8
0
 10
3.57051
 20
4.37396
 11
3.5688
 21
4.37587
  0
LINE
  8
0
 10
3.5688
 20
4.37587
 11
3.56717
 21
4.37784
  0
LINE
  8
0
 10
3.56717
 20
4.37784
 11
3.56563
 21
4.37987
  0
LINE
  8
0
 10
3.56563
 20
4.37987
 11
3.56416
 21
4.38197
  0
LINE
  8
0
 10
3.56416
 20
4.38197
 11
3.56279
 21
4.38412
  0
LINE
  8
0
 10
3.56279
 20
4.38412
 11
3.56152
 21
4.38634
  0
LINE
  8
0
 10
3.56152
 20
4.38634
 11
3.56033
 21
4.38861
  0
LINE
  8
0
 10
3.56033
 20
4.38861
 11
3.55925
 21
4.39091
  0
LINE
  8
0
 10
3.55925
 20
4.39091
 11
3.55826
 21
4.39328
  0
LINE
  8
0
 10
3.55826
 20
4.39328
 11
3.55736
 21
4.39568
  0
LINE
  8
0
 10
3.55736
 20
4.39568
 11
3.55658
 21
4.3981
  0
LINE
  8
0
 10
3.55658
 20
4.3981
 11
3.55589
 21
4.40056
  0
LINE
  8
0
 10
3.55589
 20
4.40056
 11
3.5553
 21
4.40305
  0
LINE
  8
0
 10
3.5553
 20
4.40305
 11
3.55482
 21
4.40556
  0
LINE
  8
0
 10
3.55482
 20
4.40556
 11
3.55444
 21
4.4081
  0
LINE
  8
0
 10
3.55444
 20
4.4081
 11
3.55418
 21
4.41063
  0
LINE
  8
0
 10
3.55418
 20
4.41063
 11
3.55402
 21
4.41318
  0
LINE
  8
0
 10
3.55402
 20
4.41318
 11
3.55397
 21
4.41574
  0
LINE
  8
0
 10
3.55397
 20
4.41574
 11
3.55402
 21
4.41829
  0
LINE
  8
0
 10
3.55402
 20
4.41829
 11
3.55418
 21
4.42085
  0
LINE
  8
0
 10
3.55418
 20
4.42085
 11
3.55444
 21
4.42339
  0
LINE
  8
0
 10
3.55444
 20
4.42339
 11
3.55482
 21
4.42592
  0
LINE
  8
0
 10
3.55482
 20
4.42592
 11
3.5553
 21
4.42842
  0
LINE
  8
0
 10
3.5553
 20
4.42842
 11
3.55589
 21
4.43092
  0
LINE
  8
0
 10
3.55589
 20
4.43092
 11
3.55658
 21
4.43338
  0
LINE
  8
0
 10
3.55658
 20
4.43338
 11
3.55736
 21
4.43581
  0
LINE
  8
0
 10
3.55736
 20
4.43581
 11
3.55826
 21
4.4382
  0
LINE
  8
0
 10
3.55826
 20
4.4382
 11
3.55925
 21
4.44057
  0
LINE
  8
0
 10
3.55925
 20
4.44057
 11
3.56033
 21
4.44287
  0
LINE
  8
0
 10
3.56033
 20
4.44287
 11
3.56152
 21
4.44514
  0
LINE
  8
0
 10
3.56152
 20
4.44514
 11
3.56279
 21
4.44736
  0
LINE
  8
0
 10
3.56279
 20
4.44736
 11
3.56416
 21
4.44951
  0
LINE
  8
0
 10
3.56416
 20
4.44951
 11
3.56563
 21
4.45161
  0
LINE
  8
0
 10
3.56563
 20
4.45161
 11
3.56717
 21
4.45364
  0
LINE
  8
0
 10
3.56717
 20
4.45364
 11
3.5688
 21
4.45561
  0
LINE
  8
0
 10
3.5688
 20
4.45561
 11
3.57051
 21
4.45752
  0
LINE
  8
0
 10
3.57051
 20
4.45752
 11
3.5723
 21
4.45934
  0
LINE
  8
0
 10
3.5723
 20
4.45934
 11
3.57416
 21
4.46109
  0
LINE
  8
0
 10
3.57416
 20
4.46109
 11
3.5761
 21
4.46275
  0
LINE
  8
0
 10
3.5761
 20
4.46275
 11
3.57809
 21
4.46434
  0
LINE
  8
0
 10
3.57809
 20
4.46434
 11
3.58017
 21
4.46585
  0
LINE
  8
0
 10
3.58017
 20
4.46585
 11
3.58229
 21
4.46727
  0
LINE
  8
0
 10
3.58229
 20
4.46727
 11
3.58449
 21
4.46858
  0
LINE
  8
0
 10
3.58449
 20
4.46858
 11
3.58672
 21
4.46982
  0
LINE
  8
0
 10
3.58672
 20
4.46982
 11
3.589
 21
4.47096
  0
LINE
  8
0
 10
3.589
 20
4.47096
 11
3.59134
 21
4.472
  0
LINE
  8
0
 10
3.59134
 20
4.472
 11
3.59372
 21
4.47293
  0
LINE
  8
0
 10
3.59372
 20
4.47293
 11
3.59613
 21
4.47377
  0
LINE
  8
0
 10
3.59613
 20
4.47377
 11
3.59859
 21
4.47452
  0
LINE
  8
0
 10
3.59859
 20
4.47452
 11
3.60106
 21
4.47516
  0
LINE
  8
0
 10
3.60106
 20
4.47516
 11
3.60356
 21
4.47568
  0
LINE
  8
0
 10
3.60356
 20
4.47568
 11
3.60608
 21
4.4761
  0
LINE
  8
0
 10
3.60608
 20
4.4761
 11
3.60861
 21
4.47643
  0
LINE
  8
0
 10
3.60861
 20
4.47643
 11
3.61116
 21
4.47664
  0
LINE
  8
0
 10
3.61116
 20
4.47664
 11
3.61371
 21
4.47675
  0
LINE
  8
0
 10
3.61371
 20
4.47675
 11
3.61627
 21
4.47675
  0
LINE
  8
0
 10
3.61627
 20
4.47675
 11
3.61882
 21
4.47664
  0
LINE
  8
0
 10
3.61882
 20
4.47664
 11
3.62137
 21
4.47643
  0
LINE
  8
0
 10
3.62137
 20
4.47643
 11
3.6239
 21
4.4761
  0
LINE
  8
0
 10
3.6239
 20
4.4761
 11
3.62643
 21
4.47568
  0
LINE
  8
0
 10
3.62643
 20
4.47568
 11
3.62892
 21
4.47516
  0
LINE
  8
0
 10
3.62892
 20
4.47516
 11
3.63141
 21
4.47452
  0
LINE
  8
0
 10
3.63141
 20
4.47452
 11
3.63385
 21
4.47377
  0
LINE
  8
0
 10
3.63385
 20
4.47377
 11
3.63626
 21
4.47293
  0
LINE
  8
0
 10
3.63626
 20
4.47293
 11
3.63864
 21
4.472
  0
LINE
  8
0
 10
3.63864
 20
4.472
 11
3.64098
 21
4.47096
  0
LINE
  8
0
 10
3.64098
 20
4.47096
 11
3.64326
 21
4.46982
  0
LINE
  8
0
 10
3.64326
 20
4.46982
 11
3.64551
 21
4.46858
  0
LINE
  8
0
 10
3.64551
 20
4.46858
 11
3.64769
 21
4.46727
  0
LINE
  8
0
 10
3.64769
 20
4.46727
 11
3.64983
 21
4.46585
  0
LINE
  8
0
 10
3.64983
 20
4.46585
 11
3.65189
 21
4.46434
  0
LINE
  8
0
 10
3.65189
 20
4.46434
 11
3.65388
 21
4.46275
  0
LINE
  8
0
 10
3.65388
 20
4.46275
 11
3.65582
 21
4.46109
  0
LINE
  8
0
 10
3.65582
 20
4.46109
 11
3.65768
 21
4.45934
  0
LINE
  8
0
 10
3.65768
 20
4.45934
 11
3.65947
 21
4.45752
  0
LINE
  8
0
 10
3.65947
 20
4.45752
 11
3.66119
 21
4.45561
  0
LINE
  8
0
 10
3.66119
 20
4.45561
 11
3.66281
 21
4.45364
  0
LINE
  8
0
 10
3.66281
 20
4.45364
 11
3.66437
 21
4.45161
  0
LINE
  8
0
 10
3.66437
 20
4.45161
 11
3.66582
 21
4.44951
  0
LINE
  8
0
 10
3.66582
 20
4.44951
 11
3.66719
 21
4.44736
  0
LINE
  8
0
 10
3.66719
 20
4.44736
 11
3.66847
 21
4.44514
  0
LINE
  8
0
 10
3.66847
 20
4.44514
 11
3.66965
 21
4.44287
  0
LINE
  8
0
 10
3.66965
 20
4.44287
 11
3.67075
 21
4.44057
  0
LINE
  8
0
 10
3.67075
 20
4.44057
 11
3.67174
 21
4.4382
  0
LINE
  8
0
 10
3.67174
 20
4.4382
 11
3.67262
 21
4.43581
  0
LINE
  8
0
 10
3.67262
 20
4.43581
 11
3.67342
 21
4.43338
  0
LINE
  8
0
 10
3.67342
 20
4.43338
 11
3.6741
 21
4.43092
  0
LINE
  8
0
 10
3.6741
 20
4.43092
 11
3.67468
 21
4.42842
  0
LINE
  8
0
 10
3.67468
 20
4.42842
 11
3.67516
 21
4.42592
  0
LINE
  8
0
 10
3.67516
 20
4.42592
 11
3.67554
 21
4.42339
  0
LINE
  8
0
 10
3.67554
 20
4.42339
 11
3.6758
 21
4.42085
  0
LINE
  8
0
 10
3.6758
 20
4.42085
 11
3.67596
 21
4.41829
  0
LINE
  8
0
 10
3.67596
 20
4.41829
 11
3.67601
 21
4.41574
  0
LINE
  8
0
 10
3.67601
 20
4.41574
 11
3.67596
 21
4.41318
  0
LINE
  8
0
 10
3.67596
 20
4.41318
 11
3.6758
 21
4.41063
  0
LINE
  8
0
 10
3.6758
 20
4.41063
 11
3.67554
 21
4.4081
  0
LINE
  8
0
 10
3.67554
 20
4.4081
 11
3.67516
 21
4.40556
  0
LINE
  8
0
 10
3.67516
 20
4.40556
 11
3.67468
 21
4.40305
  0
LINE
  8
0
 10
3.67468
 20
4.40305
 11
3.6741
 21
4.40056
  0
LINE
  8
0
 10
3.6741
 20
4.40056
 11
3.67342
 21
4.3981
  0
LINE
  8
0
 10
3.67342
 20
4.3981
 11
3.67262
 21
4.39568
  0
LINE
  8
0
 10
3.67262
 20
4.39568
 11
3.67174
 21
4.39328
  0
LINE
  8
0
 10
3.67174
 20
4.39328
 11
3.67075
 21
4.39091
  0
LINE
  8
0
 10
3.67075
 20
4.39091
 11
3.66965
 21
4.38861
  0
LINE
  8
0
 10
3.66965
 20
4.38861
 11
3.66847
 21
4.38634
  0
LINE
  8
0
 10
3.66847
 20
4.38634
 11
3.66719
 21
4.38412
  0
LINE
  8
0
 10
3.66719
 20
4.38412
 11
3.66582
 21
4.38197
  0
LINE
  8
0
 10
3.66582
 20
4.38197
 11
3.66437
 21
4.37987
  0
LINE
  8
0
 10
3.66437
 20
4.37987
 11
3.66281
 21
4.37784
  0
LINE
  8
0
 10
3.66281
 20
4.37784
 11
3.66119
 21
4.37587
  0
LINE
  8
0
 10
3.66119
 20
4.37587
 11
3.65947
 21
4.37396
  0
LINE
  8
0
 10
3.65947
 20
4.37396
 11
3.65768
 21
4.37215
  0
LINE
  8
0
 10
3.65768
 20
4.37215
 11
3.65582
 21
4.37039
  0
LINE
  8
0
 10
3.65582
 20
4.37039
 11
3.65388
 21
4.36871
  0
LINE
  8
0
 10
3.65388
 20
4.36871
 11
3.65189
 21
4.36713
  0
LINE
  8
0
 10
3.65189
 20
4.36713
 11
3.64983
 21
4.36563
  0
LINE
  8
0
 10
3.64983
 20
4.36563
 11
3.64769
 21
4.36421
  0
LINE
  8
0
 10
3.64769
 20
4.36421
 11
3.64551
 21
4.36288
  0
LINE
  8
0
 10
3.64551
 20
4.36288
 11
3.64326
 21
4.36166
  0
LINE
  8
0
 10
3.64326
 20
4.36166
 11
3.64098
 21
4.36052
  0
LINE
  8
0
 10
3.64098
 20
4.36052
 11
3.63864
 21
4.35948
  0
LINE
  8
0
 10
3.63864
 20
4.35948
 11
3.63626
 21
4.35855
  0
LINE
  8
0
 10
3.63626
 20
4.35855
 11
3.63385
 21
4.3577
  0
LINE
  8
0
 10
3.63385
 20
4.3577
 11
3.63141
 21
4.35696
  0
LINE
  8
0
 10
3.63141
 20
4.35696
 11
3.62892
 21
4.35632
  0
LINE
  8
0
 10
3.62892
 20
4.35632
 11
3.62643
 21
4.3558
  0
LINE
  8
0
 10
3.62643
 20
4.3558
 11
3.6239
 21
4.35538
  0
LINE
  8
0
 10
3.6239
 20
4.35538
 11
3.62137
 21
4.35506
  0
LINE
  8
0
 10
3.62137
 20
4.35506
 11
3.61882
 21
4.35484
  0
LINE
  8
0
 10
3.61882
 20
4.35484
 11
3.61627
 21
4.35474
  0
LINE
  8
0
 10
3.61627
 20
4.35474
 11
3.61371
 21
4.35474
  0
LINE
  8
0
 10
-5.29626
 20
4.35474
 11
-5.29883
 21
4.35484
  0
LINE
  8
0
 10
-5.29883
 20
4.35484
 11
-5.30138
 21
4.35506
  0
LINE
  8
0
 10
-5.30138
 20
4.35506
 11
-5.30391
 21
4.35538
  0
LINE
  8
0
 10
-5.30391
 20
4.35538
 11
-5.30643
 21
4.3558
  0
LINE
  8
0
 10
-5.30643
 20
4.3558
 11
-5.30893
 21
4.35632
  0
LINE
  8
0
 10
-5.30893
 20
4.35632
 11
-5.3114
 21
4.35696
  0
LINE
  8
0
 10
-5.3114
 20
4.35696
 11
-5.31384
 21
4.3577
  0
LINE
  8
0
 10
-5.31384
 20
4.3577
 11
-5.31627
 21
4.35855
  0
LINE
  8
0
 10
-5.31627
 20
4.35855
 11
-5.31863
 21
4.35948
  0
LINE
  8
0
 10
-5.31863
 20
4.35948
 11
-5.32097
 21
4.36052
  0
LINE
  8
0
 10
-5.32097
 20
4.36052
 11
-5.32326
 21
4.36166
  0
LINE
  8
0
 10
-5.32326
 20
4.36166
 11
-5.3255
 21
4.36288
  0
LINE
  8
0
 10
-5.3255
 20
4.36288
 11
-5.3277
 21
4.36421
  0
LINE
  8
0
 10
-5.3277
 20
4.36421
 11
-5.32982
 21
4.36563
  0
LINE
  8
0
 10
-5.32982
 20
4.36563
 11
-5.33189
 21
4.36713
  0
LINE
  8
0
 10
-5.33189
 20
4.36713
 11
-5.33389
 21
4.36871
  0
LINE
  8
0
 10
-5.33389
 20
4.36871
 11
-5.33583
 21
4.37039
  0
LINE
  8
0
 10
-5.33583
 20
4.37039
 11
-5.33769
 21
4.37215
  0
LINE
  8
0
 10
-5.33769
 20
4.37215
 11
-5.33948
 21
4.37396
  0
LINE
  8
0
 10
-5.33948
 20
4.37396
 11
-5.34119
 21
4.37587
  0
LINE
  8
0
 10
-5.34119
 20
4.37587
 11
-5.34282
 21
4.37784
  0
LINE
  8
0
 10
-5.34282
 20
4.37784
 11
-5.34436
 21
4.37987
  0
LINE
  8
0
 10
-5.34436
 20
4.37987
 11
-5.34583
 21
4.38197
  0
LINE
  8
0
 10
-5.34583
 20
4.38197
 11
-5.34718
 21
4.38412
  0
LINE
  8
0
 10
-5.34718
 20
4.38412
 11
-5.34846
 21
4.38634
  0
LINE
  8
0
 10
-5.34846
 20
4.38634
 11
-5.34966
 21
4.38861
  0
LINE
  8
0
 10
-5.34966
 20
4.38861
 11
-5.35074
 21
4.39091
  0
LINE
  8
0
 10
-5.35074
 20
4.39091
 11
-5.35173
 21
4.39328
  0
LINE
  8
0
 10
-5.35173
 20
4.39328
 11
-5.35262
 21
4.39568
  0
LINE
  8
0
 10
-5.35262
 20
4.39568
 11
-5.35341
 21
4.3981
  0
LINE
  8
0
 10
-5.35341
 20
4.3981
 11
-5.3541
 21
4.40056
  0
LINE
  8
0
 10
-5.3541
 20
4.40056
 11
-5.35468
 21
4.40305
  0
LINE
  8
0
 10
-5.35468
 20
4.40305
 11
-5.35516
 21
4.40556
  0
LINE
  8
0
 10
-5.35516
 20
4.40556
 11
-5.35553
 21
4.4081
  0
LINE
  8
0
 10
-5.35553
 20
4.4081
 11
-5.3558
 21
4.41063
  0
LINE
  8
0
 10
-5.3558
 20
4.41063
 11
-5.35596
 21
4.41318
  0
LINE
  8
0
 10
-5.35596
 20
4.41318
 11
-5.35602
 21
4.41574
  0
LINE
  8
0
 10
-5.35602
 20
4.41574
 11
-5.35596
 21
4.41829
  0
LINE
  8
0
 10
-5.35596
 20
4.41829
 11
-5.3558
 21
4.42085
  0
LINE
  8
0
 10
-5.3558
 20
4.42085
 11
-5.35553
 21
4.42339
  0
LINE
  8
0
 10
-5.35553
 20
4.42339
 11
-5.35516
 21
4.42592
  0
LINE
  8
0
 10
-5.35516
 20
4.42592
 11
-5.35468
 21
4.42842
  0
LINE
  8
0
 10
-5.35468
 20
4.42842
 11
-5.3541
 21
4.43092
  0
LINE
  8
0
 10
-5.3541
 20
4.43092
 11
-5.35341
 21
4.43338
  0
LINE
  8
0
 10
-5.35341
 20
4.43338
 11
-5.35262
 21
4.43581
  0
LINE
  8
0
 10
-5.35262
 20
4.43581
 11
-5.35173
 21
4.4382
  0
LINE
  8
0
 10
-5.35173
 20
4.4382
 11
-5.35074
 21
4.44057
  0
LINE
  8
0
 10
-5.35074
 20
4.44057
 11
-5.34966
 21
4.44287
  0
LINE
  8
0
 10
-5.34966
 20
4.44287
 11
-5.34846
 21
4.44514
  0
LINE
  8
0
 10
-5.34846
 20
4.44514
 11
-5.34718
 21
4.44736
  0
LINE
  8
0
 10
-5.34718
 20
4.44736
 11
-5.34583
 21
4.44951
  0
LINE
  8
0
 10
-5.34583
 20
4.44951
 11
-5.34436
 21
4.45161
  0
LINE
  8
0
 10
-5.34436
 20
4.45161
 11
-5.34282
 21
4.45364
  0
LINE
  8
0
 10
-5.34282
 20
4.45364
 11
-5.34119
 21
4.45561
  0
LINE
  8
0
 10
-5.34119
 20
4.45561
 11
-5.33948
 21
4.45752
  0
LINE
  8
0
 10
-5.33948
 20
4.45752
 11
-5.33769
 21
4.45934
  0
LINE
  8
0
 10
-5.33769
 20
4.45934
 11
-5.33583
 21
4.46109
  0
LINE
  8
0
 10
-5.33583
 20
4.46109
 11
-5.33389
 21
4.46275
  0
LINE
  8
0
 10
-5.33389
 20
4.46275
 11
-5.33189
 21
4.46434
  0
LINE
  8
0
 10
-5.33189
 20
4.46434
 11
-5.32982
 21
4.46585
  0
LINE
  8
0
 10
-5.32982
 20
4.46585
 11
-5.3277
 21
4.46727
  0
LINE
  8
0
 10
-5.3277
 20
4.46727
 11
-5.3255
 21
4.46858
  0
LINE
  8
0
 10
-5.3255
 20
4.46858
 11
-5.32326
 21
4.46982
  0
LINE
  8
0
 10
-5.32326
 20
4.46982
 11
-5.32097
 21
4.47096
  0
LINE
  8
0
 10
-5.32097
 20
4.47096
 11
-5.31863
 21
4.472
  0
LINE
  8
0
 10
-5.31863
 20
4.472
 11
-5.31627
 21
4.47293
  0
LINE
  8
0
 10
-5.31627
 20
4.47293
 11
-5.31384
 21
4.47377
  0
LINE
  8
0
 10
-5.31384
 20
4.47377
 11
-5.3114
 21
4.47452
  0
LINE
  8
0
 10
-5.3114
 20
4.47452
 11
-5.30893
 21
4.47516
  0
LINE
  8
0
 10
-5.30893
 20
4.47516
 11
-5.30643
 21
4.47568
  0
LINE
  8
0
 10
-5.30643
 20
4.47568
 11
-5.30391
 21
4.4761
  0
LINE
  8
0
 10
-5.30391
 20
4.4761
 11
-5.30138
 21
4.47643
  0
LINE
  8
0
 10
-5.30138
 20
4.47643
 11
-5.29883
 21
4.47664
  0
LINE
  8
0
 10
-5.29883
 20
4.47664
 11
-5.29626
 21
4.47675
  0
LINE
  8
0
 10
-5.29626
 20
4.47675
 11
-5.29372
 21
4.47675
  0
LINE
  8
0
 10
-5.29372
 20
4.47675
 11
-5.29117
 21
4.47664
  0
LINE
  8
0
 10
-5.29117
 20
4.47664
 11
-5.28862
 21
4.47643
  0
LINE
  8
0
 10
-5.28862
 20
4.47643
 11
-5.28607
 21
4.4761
  0
LINE
  8
0
 10
-5.28607
 20
4.4761
 11
-5.28355
 21
4.47568
  0
LINE
  8
0
 10
-5.28355
 20
4.47568
 11
-5.28105
 21
4.47516
  0
LINE
  8
0
 10
-5.28105
 20
4.47516
 11
-5.27858
 21
4.47452
  0
LINE
  8
0
 10
-5.27858
 20
4.47452
 11
-5.27614
 21
4.47377
  0
LINE
  8
0
 10
-5.27614
 20
4.47377
 11
-5.27373
 21
4.47293
  0
LINE
  8
0
 10
-5.27373
 20
4.47293
 11
-5.27135
 21
4.472
  0
LINE
  8
0
 10
-5.27135
 20
4.472
 11
-5.26901
 21
4.47096
  0
LINE
  8
0
 10
-5.26901
 20
4.47096
 11
-5.26672
 21
4.46982
  0
LINE
  8
0
 10
-5.26672
 20
4.46982
 11
-5.26448
 21
4.46858
  0
LINE
  8
0
 10
-5.26448
 20
4.46858
 11
-5.2623
 21
4.46727
  0
LINE
  8
0
 10
-5.2623
 20
4.46727
 11
-5.26016
 21
4.46585
  0
LINE
  8
0
 10
-5.26016
 20
4.46585
 11
-5.2581
 21
4.46434
  0
LINE
  8
0
 10
-5.2581
 20
4.46434
 11
-5.25609
 21
4.46275
  0
LINE
  8
0
 10
-5.25609
 20
4.46275
 11
-5.25417
 21
4.46109
  0
LINE
  8
0
 10
-5.25417
 20
4.46109
 11
-5.2523
 21
4.45934
  0
LINE
  8
0
 10
-5.2523
 20
4.45934
 11
-5.2505
 21
4.45752
  0
LINE
  8
0
 10
-5.2505
 20
4.45752
 11
-5.24879
 21
4.45561
  0
LINE
  8
0
 10
-5.24879
 20
4.45561
 11
-5.24716
 21
4.45364
  0
LINE
  8
0
 10
-5.24716
 20
4.45364
 11
-5.24562
 21
4.45161
  0
LINE
  8
0
 10
-5.24562
 20
4.45161
 11
-5.24417
 21
4.44951
  0
LINE
  8
0
 10
-5.24417
 20
4.44951
 11
-5.2428
 21
4.44736
  0
LINE
  8
0
 10
-5.2428
 20
4.44736
 11
-5.24152
 21
4.44514
  0
LINE
  8
0
 10
-5.24152
 20
4.44514
 11
-5.24034
 21
4.44287
  0
LINE
  8
0
 10
-5.24034
 20
4.44287
 11
-5.23924
 21
4.44057
  0
LINE
  8
0
 10
-5.23924
 20
4.44057
 11
-5.23825
 21
4.4382
  0
LINE
  8
0
 10
-5.23825
 20
4.4382
 11
-5.23737
 21
4.43581
  0
LINE
  8
0
 10
-5.23737
 20
4.43581
 11
-5.23657
 21
4.43338
  0
LINE
  8
0
 10
-5.23657
 20
4.43338
 11
-5.23589
 21
4.43092
  0
LINE
  8
0
 10
-5.23589
 20
4.43092
 11
-5.23531
 21
4.42842
  0
LINE
  8
0
 10
-5.23531
 20
4.42842
 11
-5.23482
 21
4.42592
  0
LINE
  8
0
 10
-5.23482
 20
4.42592
 11
-5.23445
 21
4.42339
  0
LINE
  8
0
 10
-5.23445
 20
4.42339
 11
-5.23418
 21
4.42085
  0
LINE
  8
0
 10
-5.23418
 20
4.42085
 11
-5.23402
 21
4.41829
  0
LINE
  8
0
 10
-5.23402
 20
4.41829
 11
-5.23396
 21
4.41574
  0
LINE
  8
0
 10
-5.23396
 20
4.41574
 11
-5.23402
 21
4.41318
  0
LINE
  8
0
 10
-5.23402
 20
4.41318
 11
-5.23418
 21
4.41063
  0
LINE
  8
0
 10
-5.23418
 20
4.41063
 11
-5.23445
 21
4.4081
  0
LINE
  8
0
 10
-5.23445
 20
4.4081
 11
-5.23482
 21
4.40556
  0
LINE
  8
0
 10
-5.23482
 20
4.40556
 11
-5.23531
 21
4.40305
  0
LINE
  8
0
 10
-5.23531
 20
4.40305
 11
-5.23589
 21
4.40056
  0
LINE
  8
0
 10
-5.23589
 20
4.40056
 11
-5.23657
 21
4.3981
  0
LINE
  8
0
 10
-5.23657
 20
4.3981
 11
-5.23737
 21
4.39568
  0
LINE
  8
0
 10
-5.23737
 20
4.39568
 11
-5.23825
 21
4.39328
  0
LINE
  8
0
 10
-5.23825
 20
4.39328
 11
-5.23924
 21
4.39091
  0
LINE
  8
0
 10
-5.23924
 20
4.39091
 11
-5.24034
 21
4.38861
  0
LINE
  8
0
 10
-5.24034
 20
4.38861
 11
-5.24152
 21
4.38634
  0
LINE
  8
0
 10
-5.24152
 20
4.38634
 11
-5.2428
 21
4.38412
  0
LINE
  8
0
 10
-5.2428
 20
4.38412
 11
-5.24417
 21
4.38197
  0
LINE
  8
0
 10
-5.24417
 20
4.38197
 11
-5.24562
 21
4.37987
  0
LINE
  8
0
 10
-5.24562
 20
4.37987
 11
-5.24716
 21
4.37784
  0
LINE
  8
0
 10
-5.24716
 20
4.37784
 11
-5.24879
 21
4.37587
  0
LINE
  8
0
 10
-5.24879
 20
4.37587
 11
-5.2505
 21
4.37396
  0
LINE
  8
0
 10
-5.2505
 20
4.37396
 11
-5.2523
 21
4.37215
  0
LINE
  8
0
 10
-5.2523
 20
4.37215
 11
-5.25417
 21
4.37039
  0
LINE
  8
0
 10
-5.25417
 20
4.37039
 11
-5.25609
 21
4.36871
  0
LINE
  8
0
 10
-5.25609
 20
4.36871
 11
-5.2581
 21
4.36713
  0
LINE
  8
0
 10
-5.2581
 20
4.36713
 11
-5.26016
 21
4.36563
  0
LINE
  8
0
 10
-5.26016
 20
4.36563
 11
-5.2623
 21
4.36421
  0
LINE
  8
0
 10
-5.2623
 20
4.36421
 11
-5.26448
 21
4.36288
  0
LINE
  8
0
 10
-5.26448
 20
4.36288
 11
-5.26672
 21
4.36166
  0
LINE
  8
0
 10
-5.26672
 20
4.36166
 11
-5.26901
 21
4.36052
  0
LINE
  8
0
 10
-5.26901
 20
4.36052
 11
-5.27135
 21
4.35948
  0
LINE
  8
0
 10
-5.27135
 20
4.35948
 11
-5.27373
 21
4.35855
  0
LINE
  8
0
 10
-5.27373
 20
4.35855
 11
-5.27614
 21
4.3577
  0
LINE
  8
0
 10
-5.27614
 20
4.3577
 11
-5.27858
 21
4.35696
  0
LINE
  8
0
 10
-5.27858
 20
4.35696
 11
-5.28105
 21
4.35632
  0
LINE
  8
0
 10
-5.28105
 20
4.35632
 11
-5.28355
 21
4.3558
  0
LINE
  8
0
 10
-5.28355
 20
4.3558
 11
-5.28607
 21
4.35538
  0
LINE
  8
0
 10
-5.28607
 20
4.35538
 11
-5.28862
 21
4.35506
  0
LINE
  8
0
 10
-5.28862
 20
4.35506
 11
-5.29117
 21
4.35484
  0
LINE
  8
0
 10
-5.29117
 20
4.35484
 11
-5.29372
 21
4.35474
  0
LINE
  8
0
 10
-5.29372
 20
4.35474
 11
-5.29626
 21
4.35474
  0
LINE
  8
0
 10
-1.55882
 20
4.19417
 11
-1.56253
 21
4.1944
  0
LINE
  8
0
 10
-1.56253
 20
4.1944
 11
-1.56621
 21
4.19478
  0
LINE
  8
0
 10
-1.56621
 20
4.19478
 11
-1.56989
 21
4.19533
  0
LINE
  8
0
 10
-1.56989
 20
4.19533
 11
-1.57353
 21
4.19603
  0
LINE
  8
0
 10
-1.57353
 20
4.19603
 11
-1.57715
 21
4.19687
  0
LINE
  8
0
 10
-1.57715
 20
4.19687
 11
-1.58072
 21
4.19786
  0
LINE
  8
0
 10
-1.58072
 20
4.19786
 11
-1.58424
 21
4.19902
  0
LINE
  8
0
 10
-1.58424
 20
4.19902
 11
-1.58772
 21
4.2003
  0
LINE
  8
0
 10
-1.58772
 20
4.2003
 11
-1.59114
 21
4.20175
  0
LINE
  8
0
 10
-1.59114
 20
4.20175
 11
-1.5945
 21
4.20332
  0
LINE
  8
0
 10
-1.5945
 20
4.20332
 11
-1.59779
 21
4.20505
  0
LINE
  8
0
 10
-1.59779
 20
4.20505
 11
-1.601
 21
4.20689
  0
LINE
  8
0
 10
-1.601
 20
4.20689
 11
-1.60413
 21
4.20889
  0
LINE
  8
0
 10
-1.60413
 20
4.20889
 11
-1.60718
 21
4.211
  0
LINE
  8
0
 10
-1.60718
 20
4.211
 11
-1.61014
 21
4.21324
  0
LINE
  8
0
 10
-1.61014
 20
4.21324
 11
-1.61299
 21
4.21561
  0
LINE
  8
0
 10
-1.61299
 20
4.21561
 11
-1.61575
 21
4.21809
  0
LINE
  8
0
 10
-1.61575
 20
4.21809
 11
-1.61841
 21
4.22069
  0
LINE
  8
0
 10
-1.61841
 20
4.22069
 11
-1.62094
 21
4.22339
  0
LINE
  8
0
 10
-1.62094
 20
4.22339
 11
-1.62337
 21
4.22621
  0
LINE
  8
0
 10
-1.62337
 20
4.22621
 11
-1.62567
 21
4.22911
  0
LINE
  8
0
 10
-1.62567
 20
4.22911
 11
-1.62785
 21
4.23212
  0
LINE
  8
0
 10
-1.62785
 20
4.23212
 11
-1.6299
 21
4.2352
  0
LINE
  8
0
 10
-1.6299
 20
4.2352
 11
-1.63182
 21
4.23837
  0
LINE
  8
0
 10
-1.63182
 20
4.23837
 11
-1.63362
 21
4.24162
  0
LINE
  8
0
 10
-1.63362
 20
4.24162
 11
-1.63527
 21
4.24495
  0
LINE
  8
0
 10
-1.63527
 20
4.24495
 11
-1.63678
 21
4.24834
  0
LINE
  8
0
 10
-1.63678
 20
4.24834
 11
-1.63814
 21
4.25179
  0
LINE
  8
0
 10
-1.63814
 20
4.25179
 11
-1.63936
 21
4.25529
  0
LINE
  8
0
 10
-1.63936
 20
4.25529
 11
-1.64043
 21
4.25885
  0
LINE
  8
0
 10
-1.64043
 20
4.25885
 11
-1.64136
 21
4.26244
  0
LINE
  8
0
 10
-1.64136
 20
4.26244
 11
-1.64212
 21
4.26607
  0
LINE
  8
0
 10
-1.64212
 20
4.26607
 11
-1.64275
 21
4.26973
  0
LINE
  8
0
 10
-1.64275
 20
4.26973
 11
-1.6432
 21
4.27341
  0
LINE
  8
0
 10
-1.6432
 20
4.27341
 11
-1.64352
 21
4.27711
  0
LINE
  8
0
 10
-1.64352
 20
4.27711
 11
-1.64368
 21
4.28081
  0
LINE
  8
0
 10
-1.64368
 20
4.28081
 11
-1.64368
 21
4.28453
  0
LINE
  8
0
 10
-1.64368
 20
4.28453
 11
-1.64352
 21
4.28824
  0
LINE
  8
0
 10
-1.64352
 20
4.28824
 11
-1.6432
 21
4.29193
  0
LINE
  8
0
 10
-1.6432
 20
4.29193
 11
-1.64275
 21
4.29561
  0
LINE
  8
0
 10
-1.64275
 20
4.29561
 11
-1.64212
 21
4.29927
  0
LINE
  8
0
 10
-1.64212
 20
4.29927
 11
-1.64136
 21
4.3029
  0
LINE
  8
0
 10
-1.64136
 20
4.3029
 11
-1.64043
 21
4.30649
  0
LINE
  8
0
 10
-1.64043
 20
4.30649
 11
-1.63936
 21
4.31004
  0
LINE
  8
0
 10
-1.63936
 20
4.31004
 11
-1.63814
 21
4.31355
  0
LINE
  8
0
 10
-1.63814
 20
4.31355
 11
-1.63678
 21
4.317
  0
LINE
  8
0
 10
-1.63678
 20
4.317
 11
-1.63527
 21
4.32039
  0
LINE
  8
0
 10
-1.63527
 20
4.32039
 11
-1.63362
 21
4.32372
  0
LINE
  8
0
 10
-1.63362
 20
4.32372
 11
-1.63182
 21
4.32697
  0
LINE
  8
0
 10
-1.63182
 20
4.32697
 11
-1.6299
 21
4.33014
  0
LINE
  8
0
 10
-1.6299
 20
4.33014
 11
-1.62785
 21
4.33322
  0
LINE
  8
0
 10
-1.62785
 20
4.33322
 11
-1.62567
 21
4.33623
  0
LINE
  8
0
 10
-1.62567
 20
4.33623
 11
-1.62337
 21
4.33914
  0
LINE
  8
0
 10
-1.62337
 20
4.33914
 11
-1.62094
 21
4.34195
  0
LINE
  8
0
 10
-1.62094
 20
4.34195
 11
-1.61841
 21
4.34465
  0
LINE
  8
0
 10
-1.61841
 20
4.34465
 11
-1.61575
 21
4.34724
  0
LINE
  8
0
 10
-1.61575
 20
4.34724
 11
-1.61299
 21
4.34973
  0
LINE
  8
0
 10
-1.61299
 20
4.34973
 11
-1.61014
 21
4.3521
  0
LINE
  8
0
 10
-1.61014
 20
4.3521
 11
-1.60718
 21
4.35434
  0
LINE
  8
0
 10
-1.60718
 20
4.35434
 11
-1.60413
 21
4.35645
  0
LINE
  8
0
 10
-1.60413
 20
4.35645
 11
-1.601
 21
4.35844
  0
LINE
  8
0
 10
-1.601
 20
4.35844
 11
-1.59779
 21
4.36029
  0
LINE
  8
0
 10
-1.59779
 20
4.36029
 11
-1.5945
 21
4.36201
  0
LINE
  8
0
 10
-1.5945
 20
4.36201
 11
-1.59114
 21
4.36359
  0
LINE
  8
0
 10
-1.59114
 20
4.36359
 11
-1.58772
 21
4.36504
  0
LINE
  8
0
 10
-1.58772
 20
4.36504
 11
-1.58424
 21
4.36632
  0
LINE
  8
0
 10
-1.58424
 20
4.36632
 11
-1.58072
 21
4.36748
  0
LINE
  8
0
 10
-1.58072
 20
4.36748
 11
-1.57715
 21
4.36847
  0
LINE
  8
0
 10
-1.57715
 20
4.36847
 11
-1.57353
 21
4.36932
  0
LINE
  8
0
 10
-1.57353
 20
4.36932
 11
-1.56989
 21
4.37001
  0
LINE
  8
0
 10
-1.56989
 20
4.37001
 11
-1.56621
 21
4.37056
  0
LINE
  8
0
 10
-1.56621
 20
4.37056
 11
-1.56253
 21
4.37094
  0
LINE
  8
0
 10
-1.56253
 20
4.37094
 11
-1.55882
 21
4.37117
  0
LINE
  8
0
 10
-1.55882
 20
4.37117
 11
-1.55511
 21
4.37125
  0
LINE
  8
0
 10
-1.55511
 20
4.37125
 11
-1.55141
 21
4.37117
  0
LINE
  8
0
 10
-1.55141
 20
4.37117
 11
-1.5477
 21
4.37094
  0
LINE
  8
0
 10
-1.5477
 20
4.37094
 11
-1.54401
 21
4.37056
  0
LINE
  8
0
 10
-1.54401
 20
4.37056
 11
-1.54034
 21
4.37001
  0
LINE
  8
0
 10
-1.54034
 20
4.37001
 11
-1.5367
 21
4.36932
  0
LINE
  8
0
 10
-1.5367
 20
4.36932
 11
-1.53308
 21
4.36847
  0
LINE
  8
0
 10
-1.53308
 20
4.36847
 11
-1.52951
 21
4.36748
  0
LINE
  8
0
 10
-1.52951
 20
4.36748
 11
-1.52599
 21
4.36632
  0
LINE
  8
0
 10
-1.52599
 20
4.36632
 11
-1.52251
 21
4.36504
  0
LINE
  8
0
 10
-1.52251
 20
4.36504
 11
-1.51909
 21
4.36359
  0
LINE
  8
0
 10
-1.51909
 20
4.36359
 11
-1.51573
 21
4.36201
  0
LINE
  8
0
 10
-1.51573
 20
4.36201
 11
-1.51244
 21
4.36029
  0
LINE
  8
0
 10
-1.51244
 20
4.36029
 11
-1.50922
 21
4.35844
  0
LINE
  8
0
 10
-1.50922
 20
4.35844
 11
-1.50609
 21
4.35645
  0
LINE
  8
0
 10
-1.50609
 20
4.35645
 11
-1.50304
 21
4.35434
  0
LINE
  8
0
 10
-1.50304
 20
4.35434
 11
-1.50009
 21
4.3521
  0
LINE
  8
0
 10
-1.50009
 20
4.3521
 11
-1.49722
 21
4.34973
  0
LINE
  8
0
 10
-1.49722
 20
4.34973
 11
-1.49448
 21
4.34724
  0
LINE
  8
0
 10
-1.49448
 20
4.34724
 11
-1.49182
 21
4.34465
  0
LINE
  8
0
 10
-1.49182
 20
4.34465
 11
-1.48929
 21
4.34195
  0
LINE
  8
0
 10
-1.48929
 20
4.34195
 11
-1.48686
 21
4.33914
  0
LINE
  8
0
 10
-1.48686
 20
4.33914
 11
-1.48456
 21
4.33623
  0
LINE
  8
0
 10
-1.48456
 20
4.33623
 11
-1.48238
 21
4.33322
  0
LINE
  8
0
 10
-1.48238
 20
4.33322
 11
-1.48032
 21
4.33014
  0
LINE
  8
0
 10
-1.48032
 20
4.33014
 11
-1.47839
 21
4.32697
  0
LINE
  8
0
 10
-1.47839
 20
4.32697
 11
-1.47661
 21
4.32372
  0
LINE
  8
0
 10
-1.47661
 20
4.32372
 11
-1.47496
 21
4.32039
  0
LINE
  8
0
 10
-1.47496
 20
4.32039
 11
-1.47345
 21
4.317
  0
LINE
  8
0
 10
-1.47345
 20
4.317
 11
-1.47209
 21
4.31355
  0
LINE
  8
0
 10
-1.47209
 20
4.31355
 11
-1.47087
 21
4.31004
  0
LINE
  8
0
 10
-1.47087
 20
4.31004
 11
-1.46979
 21
4.30649
  0
LINE
  8
0
 10
-1.46979
 20
4.30649
 11
-1.46887
 21
4.3029
  0
LINE
  8
0
 10
-1.46887
 20
4.3029
 11
-1.46809
 21
4.29927
  0
LINE
  8
0
 10
-1.46809
 20
4.29927
 11
-1.46748
 21
4.29561
  0
LINE
  8
0
 10
-1.46748
 20
4.29561
 11
-1.46701
 21
4.29193
  0
LINE
  8
0
 10
-1.46701
 20
4.29193
 11
-1.46671
 21
4.28824
  0
LINE
  8
0
 10
-1.46671
 20
4.28824
 11
-1.46655
 21
4.28453
  0
LINE
  8
0
 10
-1.46655
 20
4.28453
 11
-1.46655
 21
4.28081
  0
LINE
  8
0
 10
-1.46655
 20
4.28081
 11
-1.46671
 21
4.27711
  0
LINE
  8
0
 10
-1.46671
 20
4.27711
 11
-1.46701
 21
4.27341
  0
LINE
  8
0
 10
-1.46701
 20
4.27341
 11
-1.46748
 21
4.26973
  0
LINE
  8
0
 10
-1.46748
 20
4.26973
 11
-1.46809
 21
4.26607
  0
LINE
  8
0
 10
-1.46809
 20
4.26607
 11
-1.46887
 21
4.26244
  0
LINE
  8
0
 10
-1.46887
 20
4.26244
 11
-1.46979
 21
4.25885
  0
LINE
  8
0
 10
-1.46979
 20
4.25885
 11
-1.47087
 21
4.25529
  0
LINE
  8
0
 10
-1.47087
 20
4.25529
 11
-1.47209
 21
4.25179
  0
LINE
  8
0
 10
-1.47209
 20
4.25179
 11
-1.47345
 21
4.24834
  0
LINE
  8
0
 10
-1.47345
 20
4.24834
 11
-1.47496
 21
4.24495
  0
LINE
  8
0
 10
-1.47496
 20
4.24495
 11
-1.47661
 21
4.24162
  0
LINE
  8
0
 10
-1.47661
 20
4.24162
 11
-1.47839
 21
4.23837
  0
LINE
  8
0
 10
-1.47839
 20
4.23837
 11
-1.48032
 21
4.2352
  0
LINE
  8
0
 10
-1.48032
 20
4.2352
 11
-1.48238
 21
4.23212
  0
LINE
  8
0
 10
-1.48238
 20
4.23212
 11
-1.48456
 21
4.22911
  0
LINE
  8
0
 10
-1.48456
 20
4.22911
 11
-1.48686
 21
4.22621
  0
LINE
  8
0
 10
-1.48686
 20
4.22621
 11
-1.48929
 21
4.22339
  0
LINE
  8
0
 10
-1.48929
 20
4.22339
 11
-1.49182
 21
4.22069
  0
LINE
  8
0
 10
-1.49182
 20
4.22069
 11
-1.49448
 21
4.21809
  0
LINE
  8
0
 10
-1.49448
 20
4.21809
 11
-1.49722
 21
4.21561
  0
LINE
  8
0
 10
-1.49722
 20
4.21561
 11
-1.50009
 21
4.21324
  0
LINE
  8
0
 10
-1.50009
 20
4.21324
 11
-1.50304
 21
4.211
  0
LINE
  8
0
 10
-1.50304
 20
4.211
 11
-1.50609
 21
4.20889
  0
LINE
  8
0
 10
-1.50609
 20
4.20889
 11
-1.50922
 21
4.20689
  0
LINE
  8
0
 10
-1.50922
 20
4.20689
 11
-1.51244
 21
4.20505
  0
LINE
  8
0
 10
-1.51244
 20
4.20505
 11
-1.51573
 21
4.20332
  0
LINE
  8
0
 10
-1.51573
 20
4.20332
 11
-1.51909
 21
4.20175
  0
LINE
  8
0
 10
-1.51909
 20
4.20175
 11
-1.52251
 21
4.2003
  0
LINE
  8
0
 10
-1.52251
 20
4.2003
 11
-1.52599
 21
4.19902
  0
LINE
  8
0
 10
-1.52599
 20
4.19902
 11
-1.52951
 21
4.19786
  0
LINE
  8
0
 10
-1.52951
 20
4.19786
 11
-1.53308
 21
4.19687
  0
LINE
  8
0
 10
-1.53308
 20
4.19687
 11
-1.5367
 21
4.19603
  0
LINE
  8
0
 10
-1.5367
 20
4.19603
 11
-1.54034
 21
4.19533
  0
LINE
  8
0
 10
-1.54034
 20
4.19533
 11
-1.54401
 21
4.19478
  0
LINE
  8
0
 10
-1.54401
 20
4.19478
 11
-1.5477
 21
4.1944
  0
LINE
  8
0
 10
-1.5477
 20
4.1944
 11
-1.55141
 21
4.19417
  0
LINE
  8
0
 10
-1.55141
 20
4.19417
 11
-1.55511
 21
4.19409
  0
LINE
  8
0
 10
-1.55511
 20
4.19409
 11
-1.55882
 21
4.19417
  0
LINE
  8
0
 10
-3.44858
 20
4.19417
 11
-3.45229
 21
4.1944
  0
LINE
  8
0
 10
-3.45229
 20
4.1944
 11
-3.45598
 21
4.19478
  0
LINE
  8
0
 10
-3.45598
 20
4.19478
 11
-3.45964
 21
4.19533
  0
LINE
  8
0
 10
-3.45964
 20
4.19533
 11
-3.46329
 21
4.19603
  0
LINE
  8
0
 10
-3.46329
 20
4.19603
 11
-3.4669
 21
4.19687
  0
LINE
  8
0
 10
-3.4669
 20
4.19687
 11
-3.47047
 21
4.19786
  0
LINE
  8
0
 10
-3.47047
 20
4.19786
 11
-3.474
 21
4.19902
  0
LINE
  8
0
 10
-3.474
 20
4.19902
 11
-3.47748
 21
4.2003
  0
LINE
  8
0
 10
-3.47748
 20
4.2003
 11
-3.48091
 21
4.20175
  0
LINE
  8
0
 10
-3.48091
 20
4.20175
 11
-3.48427
 21
4.20332
  0
LINE
  8
0
 10
-3.48427
 20
4.20332
 11
-3.48755
 21
4.20505
  0
LINE
  8
0
 10
-3.48755
 20
4.20505
 11
-3.49077
 21
4.20689
  0
LINE
  8
0
 10
-3.49077
 20
4.20689
 11
-3.4939
 21
4.20889
  0
LINE
  8
0
 10
-3.4939
 20
4.20889
 11
-3.49695
 21
4.211
  0
LINE
  8
0
 10
-3.49695
 20
4.211
 11
-3.49989
 21
4.21324
  0
LINE
  8
0
 10
-3.49989
 20
4.21324
 11
-3.50276
 21
4.21561
  0
LINE
  8
0
 10
-3.50276
 20
4.21561
 11
-3.50551
 21
4.21809
  0
LINE
  8
0
 10
-3.50551
 20
4.21809
 11
-3.50816
 21
4.22069
  0
LINE
  8
0
 10
-3.50816
 20
4.22069
 11
-3.5107
 21
4.22339
  0
LINE
  8
0
 10
-3.5107
 20
4.22339
 11
-3.51312
 21
4.22621
  0
LINE
  8
0
 10
-3.51312
 20
4.22621
 11
-3.51543
 21
4.22911
  0
LINE
  8
0
 10
-3.51543
 20
4.22911
 11
-3.51761
 21
4.23212
  0
LINE
  8
0
 10
-3.51761
 20
4.23212
 11
-3.51967
 21
4.2352
  0
LINE
  8
0
 10
-3.51967
 20
4.2352
 11
-3.52159
 21
4.23837
  0
LINE
  8
0
 10
-3.52159
 20
4.23837
 11
-3.52338
 21
4.24162
  0
LINE
  8
0
 10
-3.52338
 20
4.24162
 11
-3.52502
 21
4.24495
  0
LINE
  8
0
 10
-3.52502
 20
4.24495
 11
-3.52654
 21
4.24834
  0
LINE
  8
0
 10
-3.52654
 20
4.24834
 11
-3.52791
 21
4.25179
  0
LINE
  8
0
 10
-3.52791
 20
4.25179
 11
-3.52911
 21
4.25529
  0
LINE
  8
0
 10
-3.52911
 20
4.25529
 11
-3.5302
 21
4.25885
  0
LINE
  8
0
 10
-3.5302
 20
4.25885
 11
-3.53111
 21
4.26244
  0
LINE
  8
0
 10
-3.53111
 20
4.26244
 11
-3.53189
 21
4.26607
  0
LINE
  8
0
 10
-3.53189
 20
4.26607
 11
-3.5325
 21
4.26973
  0
LINE
  8
0
 10
-3.5325
 20
4.26973
 11
-3.53297
 21
4.27341
  0
LINE
  8
0
 10
-3.53297
 20
4.27341
 11
-3.53328
 21
4.27711
  0
LINE
  8
0
 10
-3.53328
 20
4.27711
 11
-3.53343
 21
4.28081
  0
LINE
  8
0
 10
-3.53343
 20
4.28081
 11
-3.53343
 21
4.28453
  0
LINE
  8
0
 10
-3.53343
 20
4.28453
 11
-3.53328
 21
4.28824
  0
LINE
  8
0
 10
-3.53328
 20
4.28824
 11
-3.53297
 21
4.29193
  0
LINE
  8
0
 10
-3.53297
 20
4.29193
 11
-3.5325
 21
4.29561
  0
LINE
  8
0
 10
-3.5325
 20
4.29561
 11
-3.53189
 21
4.29927
  0
LINE
  8
0
 10
-3.53189
 20
4.29927
 11
-3.53111
 21
4.3029
  0
LINE
  8
0
 10
-3.53111
 20
4.3029
 11
-3.5302
 21
4.30649
  0
LINE
  8
0
 10
-3.5302
 20
4.30649
 11
-3.52911
 21
4.31004
  0
LINE
  8
0
 10
-3.52911
 20
4.31004
 11
-3.52791
 21
4.31355
  0
LINE
  8
0
 10
-3.52791
 20
4.31355
 11
-3.52654
 21
4.317
  0
LINE
  8
0
 10
-3.52654
 20
4.317
 11
-3.52502
 21
4.32039
  0
LINE
  8
0
 10
-3.52502
 20
4.32039
 11
-3.52338
 21
4.32372
  0
LINE
  8
0
 10
-3.52338
 20
4.32372
 11
-3.52159
 21
4.32697
  0
LINE
  8
0
 10
-3.52159
 20
4.32697
 11
-3.51967
 21
4.33014
  0
LINE
  8
0
 10
-3.51967
 20
4.33014
 11
-3.51761
 21
4.33322
  0
LINE
  8
0
 10
-3.51761
 20
4.33322
 11
-3.51543
 21
4.33623
  0
LINE
  8
0
 10
-3.51543
 20
4.33623
 11
-3.51312
 21
4.33914
  0
LINE
  8
0
 10
-3.51312
 20
4.33914
 11
-3.5107
 21
4.34195
  0
LINE
  8
0
 10
-3.5107
 20
4.34195
 11
-3.50816
 21
4.34465
  0
LINE
  8
0
 10
-3.50816
 20
4.34465
 11
-3.50551
 21
4.34724
  0
LINE
  8
0
 10
-3.50551
 20
4.34724
 11
-3.50276
 21
4.34973
  0
LINE
  8
0
 10
-3.50276
 20
4.34973
 11
-3.49989
 21
4.3521
  0
LINE
  8
0
 10
-3.49989
 20
4.3521
 11
-3.49695
 21
4.35434
  0
LINE
  8
0
 10
-3.49695
 20
4.35434
 11
-3.4939
 21
4.35645
  0
LINE
  8
0
 10
-3.4939
 20
4.35645
 11
-3.49077
 21
4.35844
  0
LINE
  8
0
 10
-3.49077
 20
4.35844
 11
-3.48755
 21
4.36029
  0
LINE
  8
0
 10
-3.48755
 20
4.36029
 11
-3.48427
 21
4.36201
  0
LINE
  8
0
 10
-3.48427
 20
4.36201
 11
-3.48091
 21
4.36359
  0
LINE
  8
0
 10
-3.48091
 20
4.36359
 11
-3.47748
 21
4.36504
  0
LINE
  8
0
 10
-3.47748
 20
4.36504
 11
-3.474
 21
4.36632
  0
LINE
  8
0
 10
-3.474
 20
4.36632
 11
-3.47047
 21
4.36748
  0
LINE
  8
0
 10
-3.47047
 20
4.36748
 11
-3.4669
 21
4.36847
  0
LINE
  8
0
 10
-3.4669
 20
4.36847
 11
-3.46329
 21
4.36932
  0
LINE
  8
0
 10
-3.46329
 20
4.36932
 11
-3.45964
 21
4.37001
  0
LINE
  8
0
 10
-3.45964
 20
4.37001
 11
-3.45598
 21
4.37056
  0
LINE
  8
0
 10
-3.45598
 20
4.37056
 11
-3.45229
 21
4.37094
  0
LINE
  8
0
 10
-3.45229
 20
4.37094
 11
-3.44858
 21
4.37117
  0
LINE
  8
0
 10
-3.44858
 20
4.37117
 11
-3.44487
 21
4.37125
  0
LINE
  8
0
 10
-3.44487
 20
4.37125
 11
-3.44116
 21
4.37117
  0
LINE
  8
0
 10
-3.44116
 20
4.37117
 11
-3.43745
 21
4.37094
  0
LINE
  8
0
 10
-3.43745
 20
4.37094
 11
-3.43378
 21
4.37056
  0
LINE
  8
0
 10
-3.43378
 20
4.37056
 11
-3.4301
 21
4.37001
  0
LINE
  8
0
 10
-3.4301
 20
4.37001
 11
-3.42645
 21
4.36932
  0
LINE
  8
0
 10
-3.42645
 20
4.36932
 11
-3.42285
 21
4.36847
  0
LINE
  8
0
 10
-3.42285
 20
4.36847
 11
-3.41927
 21
4.36748
  0
LINE
  8
0
 10
-3.41927
 20
4.36748
 11
-3.41574
 21
4.36632
  0
LINE
  8
0
 10
-3.41574
 20
4.36632
 11
-3.41226
 21
4.36504
  0
LINE
  8
0
 10
-3.41226
 20
4.36504
 11
-3.40884
 21
4.36359
  0
LINE
  8
0
 10
-3.40884
 20
4.36359
 11
-3.40549
 21
4.36201
  0
LINE
  8
0
 10
-3.40549
 20
4.36201
 11
-3.40221
 21
4.36029
  0
LINE
  8
0
 10
-3.40221
 20
4.36029
 11
-3.39899
 21
4.35844
  0
LINE
  8
0
 10
-3.39899
 20
4.35844
 11
-3.39586
 21
4.35645
  0
LINE
  8
0
 10
-3.39586
 20
4.35645
 11
-3.39281
 21
4.35434
  0
LINE
  8
0
 10
-3.39281
 20
4.35434
 11
-3.38985
 21
4.3521
  0
LINE
  8
0
 10
-3.38985
 20
4.3521
 11
-3.38699
 21
4.34973
  0
LINE
  8
0
 10
-3.38699
 20
4.34973
 11
-3.38423
 21
4.34724
  0
LINE
  8
0
 10
-3.38423
 20
4.34724
 11
-3.38159
 21
4.34465
  0
LINE
  8
0
 10
-3.38159
 20
4.34465
 11
-3.37904
 21
4.34195
  0
LINE
  8
0
 10
-3.37904
 20
4.34195
 11
-3.37662
 21
4.33914
  0
LINE
  8
0
 10
-3.37662
 20
4.33914
 11
-3.37431
 21
4.33623
  0
LINE
  8
0
 10
-3.37431
 20
4.33623
 11
-3.37213
 21
4.33322
  0
LINE
  8
0
 10
-3.37213
 20
4.33322
 11
-3.37009
 21
4.33014
  0
LINE
  8
0
 10
-3.37009
 20
4.33014
 11
-3.36816
 21
4.32697
  0
LINE
  8
0
 10
-3.36816
 20
4.32697
 11
-3.36638
 21
4.32372
  0
LINE
  8
0
 10
-3.36638
 20
4.32372
 11
-3.36472
 21
4.32039
  0
LINE
  8
0
 10
-3.36472
 20
4.32039
 11
-3.36322
 21
4.317
  0
LINE
  8
0
 10
-3.36322
 20
4.317
 11
-3.36185
 21
4.31355
  0
LINE
  8
0
 10
-3.36185
 20
4.31355
 11
-3.36063
 21
4.31004
  0
LINE
  8
0
 10
-3.36063
 20
4.31004
 11
-3.35956
 21
4.30649
  0
LINE
  8
0
 10
-3.35956
 20
4.30649
 11
-3.35863
 21
4.3029
  0
LINE
  8
0
 10
-3.35863
 20
4.3029
 11
-3.35786
 21
4.29927
  0
LINE
  8
0
 10
-3.35786
 20
4.29927
 11
-3.35724
 21
4.29561
  0
LINE
  8
0
 10
-3.35724
 20
4.29561
 11
-3.35678
 21
4.29193
  0
LINE
  8
0
 10
-3.35678
 20
4.29193
 11
-3.35646
 21
4.28824
  0
LINE
  8
0
 10
-3.35646
 20
4.28824
 11
-3.35631
 21
4.28453
  0
LINE
  8
0
 10
-3.35631
 20
4.28453
 11
-3.35631
 21
4.28081
  0
LINE
  8
0
 10
-3.35631
 20
4.28081
 11
-3.35646
 21
4.27711
  0
LINE
  8
0
 10
-3.35646
 20
4.27711
 11
-3.35678
 21
4.27341
  0
LINE
  8
0
 10
-3.35678
 20
4.27341
 11
-3.35724
 21
4.26973
  0
LINE
  8
0
 10
-3.35724
 20
4.26973
 11
-3.35786
 21
4.26607
  0
LINE
  8
0
 10
-3.35786
 20
4.26607
 11
-3.35863
 21
4.26244
  0
LINE
  8
0
 10
-3.35863
 20
4.26244
 11
-3.35956
 21
4.25885
  0
LINE
  8
0
 10
-3.35956
 20
4.25885
 11
-3.36063
 21
4.25529
  0
LINE
  8
0
 10
-3.36063
 20
4.25529
 11
-3.36185
 21
4.25179
  0
LINE
  8
0
 10
-3.36185
 20
4.25179
 11
-3.36322
 21
4.24834
  0
LINE
  8
0
 10
-3.36322
 20
4.24834
 11
-3.36472
 21
4.24495
  0
LINE
  8
0
 10
-3.36472
 20
4.24495
 11
-3.36638
 21
4.24162
  0
LINE
  8
0
 10
-3.36638
 20
4.24162
 11
-3.36816
 21
4.23837
  0
LINE
  8
0
 10
-3.36816
 20
4.23837
 11
-3.37009
 21
4.2352
  0
LINE
  8
0
 10
-3.37009
 20
4.2352
 11
-3.37213
 21
4.23212
  0
LINE
  8
0
 10
-3.37213
 20
4.23212
 11
-3.37431
 21
4.22911
  0
LINE
  8
0
 10
-3.37431
 20
4.22911
 11
-3.37662
 21
4.22621
  0
LINE
  8
0
 10
-3.37662
 20
4.22621
 11
-3.37904
 21
4.22339
  0
LINE
  8
0
 10
-3.37904
 20
4.22339
 11
-3.38159
 21
4.22069
  0
LINE
  8
0
 10
-3.38159
 20
4.22069
 11
-3.38423
 21
4.21809
  0
LINE
  8
0
 10
-3.38423
 20
4.21809
 11
-3.38699
 21
4.21561
  0
LINE
  8
0
 10
-3.38699
 20
4.21561
 11
-3.38985
 21
4.21324
  0
LINE
  8
0
 10
-3.38985
 20
4.21324
 11
-3.39281
 21
4.211
  0
LINE
  8
0
 10
-3.39281
 20
4.211
 11
-3.39586
 21
4.20889
  0
LINE
  8
0
 10
-3.39586
 20
4.20889
 11
-3.39899
 21
4.20689
  0
LINE
  8
0
 10
-3.39899
 20
4.20689
 11
-3.40221
 21
4.20505
  0
LINE
  8
0
 10
-3.40221
 20
4.20505
 11
-3.40549
 21
4.20332
  0
LINE
  8
0
 10
-3.40549
 20
4.20332
 11
-3.40884
 21
4.20175
  0
LINE
  8
0
 10
-3.40884
 20
4.20175
 11
-3.41226
 21
4.2003
  0
LINE
  8
0
 10
-3.41226
 20
4.2003
 11
-3.41574
 21
4.19902
  0
LINE
  8
0
 10
-3.41574
 20
4.19902
 11
-3.41927
 21
4.19786
  0
LINE
  8
0
 10
-3.41927
 20
4.19786
 11
-3.42285
 21
4.19687
  0
LINE
  8
0
 10
-3.42285
 20
4.19687
 11
-3.42645
 21
4.19603
  0
LINE
  8
0
 10
-3.42645
 20
4.19603
 11
-3.4301
 21
4.19533
  0
LINE
  8
0
 10
-3.4301
 20
4.19533
 11
-3.43378
 21
4.19478
  0
LINE
  8
0
 10
-3.43378
 20
4.19478
 11
-3.43745
 21
4.1944
  0
LINE
  8
0
 10
-3.43745
 20
4.1944
 11
-3.44116
 21
4.19417
  0
LINE
  8
0
 10
-3.44116
 20
4.19417
 11
-3.44487
 21
4.19409
  0
LINE
  8
0
 10
-3.44487
 20
4.19409
 11
-3.44858
 21
4.19417
  0
LINE
  8
0
 10
-5.29668
 20
3.96205
 11
-5.30006
 21
3.96219
  0
LINE
  8
0
 10
-5.30006
 20
3.96219
 11
-5.30344
 21
3.96248
  0
LINE
  8
0
 10
-5.30344
 20
3.96248
 11
-5.30678
 21
3.96289
  0
LINE
  8
0
 10
-5.30678
 20
3.96289
 11
-5.31012
 21
3.96346
  0
LINE
  8
0
 10
-5.31012
 20
3.96346
 11
-5.31342
 21
3.96416
  0
LINE
  8
0
 10
-5.31342
 20
3.96416
 11
-5.3167
 21
3.96501
  0
LINE
  8
0
 10
-5.3167
 20
3.96501
 11
-5.31993
 21
3.96599
  0
LINE
  8
0
 10
-5.31993
 20
3.96599
 11
-5.32312
 21
3.96709
  0
LINE
  8
0
 10
-5.32312
 20
3.96709
 11
-5.32626
 21
3.96834
  0
LINE
  8
0
 10
-5.32626
 20
3.96834
 11
-5.32936
 21
3.96971
  0
LINE
  8
0
 10
-5.32936
 20
3.96971
 11
-5.33238
 21
3.97122
  0
LINE
  8
0
 10
-5.33238
 20
3.97122
 11
-5.33534
 21
3.97284
  0
LINE
  8
0
 10
-5.33534
 20
3.97284
 11
-5.33824
 21
3.97459
  0
LINE
  8
0
 10
-5.33824
 20
3.97459
 11
-5.34105
 21
3.97647
  0
LINE
  8
0
 10
-5.34105
 20
3.97647
 11
-5.3438
 21
3.97845
  0
LINE
  8
0
 10
-5.3438
 20
3.97845
 11
-5.34644
 21
3.98056
  0
LINE
  8
0
 10
-5.34644
 20
3.98056
 11
-5.349
 21
3.98276
  0
LINE
  8
0
 10
-5.349
 20
3.98276
 11
-5.35146
 21
3.98508
  0
LINE
  8
0
 10
-5.35146
 20
3.98508
 11
-5.35382
 21
3.98749
  0
LINE
  8
0
 10
-5.35382
 20
3.98749
 11
-5.35609
 21
3.99001
  0
LINE
  8
0
 10
-5.35609
 20
3.99001
 11
-5.35825
 21
3.99261
  0
LINE
  8
0
 10
-5.35825
 20
3.99261
 11
-5.36029
 21
3.9953
  0
LINE
  8
0
 10
-5.36029
 20
3.9953
 11
-5.36221
 21
3.99808
  0
LINE
  8
0
 10
-5.36221
 20
3.99808
 11
-5.36403
 21
4.00093
  0
LINE
  8
0
 10
-5.36403
 20
4.00093
 11
-5.36572
 21
4.00386
  0
LINE
  8
0
 10
-5.36572
 20
4.00386
 11
-5.36728
 21
4.00685
  0
LINE
  8
0
 10
-5.36728
 20
4.00685
 11
-5.36873
 21
4.00992
  0
LINE
  8
0
 10
-5.36873
 20
4.00992
 11
-5.37004
 21
4.01303
  0
LINE
  8
0
 10
-5.37004
 20
4.01303
 11
-5.37122
 21
4.0162
  0
LINE
  8
0
 10
-5.37122
 20
4.0162
 11
-5.37225
 21
4.01941
  0
LINE
  8
0
 10
-5.37225
 20
4.01941
 11
-5.37317
 21
4.02267
  0
LINE
  8
0
 10
-5.37317
 20
4.02267
 11
-5.37393
 21
4.02596
  0
LINE
  8
0
 10
-5.37393
 20
4.02596
 11
-5.37457
 21
4.02928
  0
LINE
  8
0
 10
-5.37457
 20
4.02928
 11
-5.37506
 21
4.03262
  0
LINE
  8
0
 10
-5.37506
 20
4.03262
 11
-5.37541
 21
4.03598
  0
LINE
  8
0
 10
-5.37541
 20
4.03598
 11
-5.37563
 21
4.03937
  0
LINE
  8
0
 10
-5.37563
 20
4.03937
 11
-5.3757
 21
4.04274
  0
LINE
  8
0
 10
-5.3757
 20
4.04274
 11
-5.37563
 21
4.04613
  0
LINE
  8
0
 10
-5.37563
 20
4.04613
 11
-5.37541
 21
4.0495
  0
LINE
  8
0
 10
-5.37541
 20
4.0495
 11
-5.37506
 21
4.05286
  0
LINE
  8
0
 10
-5.37506
 20
4.05286
 11
-5.37457
 21
4.0562
  0
LINE
  8
0
 10
-5.37457
 20
4.0562
 11
-5.37393
 21
4.05952
  0
LINE
  8
0
 10
-5.37393
 20
4.05952
 11
-5.37317
 21
4.06281
  0
LINE
  8
0
 10
-5.37317
 20
4.06281
 11
-5.37225
 21
4.06607
  0
LINE
  8
0
 10
-5.37225
 20
4.06607
 11
-5.37122
 21
4.06929
  0
LINE
  8
0
 10
-5.37122
 20
4.06929
 11
-5.37004
 21
4.07245
  0
LINE
  8
0
 10
-5.37004
 20
4.07245
 11
-5.36873
 21
4.07556
  0
LINE
  8
0
 10
-5.36873
 20
4.07556
 11
-5.36728
 21
4.07863
  0
LINE
  8
0
 10
-5.36728
 20
4.07863
 11
-5.36572
 21
4.08162
  0
LINE
  8
0
 10
-5.36572
 20
4.08162
 11
-5.36403
 21
4.08455
  0
LINE
  8
0
 10
-5.36403
 20
4.08455
 11
-5.36221
 21
4.0874
  0
LINE
  8
0
 10
-5.36221
 20
4.0874
 11
-5.36029
 21
4.09018
  0
LINE
  8
0
 10
-5.36029
 20
4.09018
 11
-5.35825
 21
4.09286
  0
LINE
  8
0
 10
-5.35825
 20
4.09286
 11
-5.35609
 21
4.09547
  0
LINE
  8
0
 10
-5.35609
 20
4.09547
 11
-5.35382
 21
4.09799
  0
LINE
  8
0
 10
-5.35382
 20
4.09799
 11
-5.35146
 21
4.1004
  0
LINE
  8
0
 10
-5.35146
 20
4.1004
 11
-5.349
 21
4.10272
  0
LINE
  8
0
 10
-5.349
 20
4.10272
 11
-5.34644
 21
4.10493
  0
LINE
  8
0
 10
-5.34644
 20
4.10493
 11
-5.3438
 21
4.10703
  0
LINE
  8
0
 10
-5.3438
 20
4.10703
 11
-5.34105
 21
4.10901
  0
LINE
  8
0
 10
-5.34105
 20
4.10901
 11
-5.33824
 21
4.11089
  0
LINE
  8
0
 10
-5.33824
 20
4.11089
 11
-5.33534
 21
4.11264
  0
LINE
  8
0
 10
-5.33534
 20
4.11264
 11
-5.33238
 21
4.11426
  0
LINE
  8
0
 10
-5.33238
 20
4.11426
 11
-5.32936
 21
4.11577
  0
LINE
  8
0
 10
-5.32936
 20
4.11577
 11
-5.32626
 21
4.11714
  0
LINE
  8
0
 10
-5.32626
 20
4.11714
 11
-5.32312
 21
4.11839
  0
LINE
  8
0
 10
-5.32312
 20
4.11839
 11
-5.31993
 21
4.11949
  0
LINE
  8
0
 10
-5.31993
 20
4.11949
 11
-5.3167
 21
4.12048
  0
LINE
  8
0
 10
-5.3167
 20
4.12048
 11
-5.31342
 21
4.12132
  0
LINE
  8
0
 10
-5.31342
 20
4.12132
 11
-5.31012
 21
4.12202
  0
LINE
  8
0
 10
-5.31012
 20
4.12202
 11
-5.30678
 21
4.12259
  0
LINE
  8
0
 10
-5.30678
 20
4.12259
 11
-5.30344
 21
4.123
  0
LINE
  8
0
 10
-5.30344
 20
4.123
 11
-5.30006
 21
4.12329
  0
LINE
  8
0
 10
-5.30006
 20
4.12329
 11
-5.29668
 21
4.12343
  0
LINE
  8
0
 10
-5.29668
 20
4.12343
 11
-5.2933
 21
4.12343
  0
LINE
  8
0
 10
-5.2933
 20
4.12343
 11
-5.28993
 21
4.12329
  0
LINE
  8
0
 10
-5.28993
 20
4.12329
 11
-5.28656
 21
4.123
  0
LINE
  8
0
 10
-5.28656
 20
4.123
 11
-5.2832
 21
4.12259
  0
LINE
  8
0
 10
-5.2832
 20
4.12259
 11
-5.27988
 21
4.12202
  0
LINE
  8
0
 10
-5.27988
 20
4.12202
 11
-5.27657
 21
4.12132
  0
LINE
  8
0
 10
-5.27657
 20
4.12132
 11
-5.27328
 21
4.12048
  0
LINE
  8
0
 10
-5.27328
 20
4.12048
 11
-5.27005
 21
4.11949
  0
LINE
  8
0
 10
-5.27005
 20
4.11949
 11
-5.26686
 21
4.11839
  0
LINE
  8
0
 10
-5.26686
 20
4.11839
 11
-5.26372
 21
4.11714
  0
LINE
  8
0
 10
-5.26372
 20
4.11714
 11
-5.26064
 21
4.11577
  0
LINE
  8
0
 10
-5.26064
 20
4.11577
 11
-5.2576
 21
4.11426
  0
LINE
  8
0
 10
-5.2576
 20
4.11426
 11
-5.25464
 21
4.11264
  0
LINE
  8
0
 10
-5.25464
 20
4.11264
 11
-5.25175
 21
4.11089
  0
LINE
  8
0
 10
-5.25175
 20
4.11089
 11
-5.24893
 21
4.10901
  0
LINE
  8
0
 10
-5.24893
 20
4.10901
 11
-5.2462
 21
4.10703
  0
LINE
  8
0
 10
-5.2462
 20
4.10703
 11
-5.24355
 21
4.10493
  0
LINE
  8
0
 10
-5.24355
 20
4.10493
 11
-5.24098
 21
4.10272
  0
LINE
  8
0
 10
-5.24098
 20
4.10272
 11
-5.23853
 21
4.1004
  0
LINE
  8
0
 10
-5.23853
 20
4.1004
 11
-5.23616
 21
4.09799
  0
LINE
  8
0
 10
-5.23616
 20
4.09799
 11
-5.2339
 21
4.09547
  0
LINE
  8
0
 10
-5.2339
 20
4.09547
 11
-5.23174
 21
4.09286
  0
LINE
  8
0
 10
-5.23174
 20
4.09286
 11
-5.22971
 21
4.09018
  0
LINE
  8
0
 10
-5.22971
 20
4.09018
 11
-5.22777
 21
4.0874
  0
LINE
  8
0
 10
-5.22777
 20
4.0874
 11
-5.22595
 21
4.08455
  0
LINE
  8
0
 10
-5.22595
 20
4.08455
 11
-5.22427
 21
4.08162
  0
LINE
  8
0
 10
-5.22427
 20
4.08162
 11
-5.2227
 21
4.07863
  0
LINE
  8
0
 10
-5.2227
 20
4.07863
 11
-5.22127
 21
4.07556
  0
LINE
  8
0
 10
-5.22127
 20
4.07556
 11
-5.21996
 21
4.07245
  0
LINE
  8
0
 10
-5.21996
 20
4.07245
 11
-5.21878
 21
4.06929
  0
LINE
  8
0
 10
-5.21878
 20
4.06929
 11
-5.21773
 21
4.06607
  0
LINE
  8
0
 10
-5.21773
 20
4.06607
 11
-5.21683
 21
4.06281
  0
LINE
  8
0
 10
-5.21683
 20
4.06281
 11
-5.21605
 21
4.05952
  0
LINE
  8
0
 10
-5.21605
 20
4.05952
 11
-5.21541
 21
4.0562
  0
LINE
  8
0
 10
-5.21541
 20
4.0562
 11
-5.21492
 21
4.05286
  0
LINE
  8
0
 10
-5.21492
 20
4.05286
 11
-5.21457
 21
4.0495
  0
LINE
  8
0
 10
-5.21457
 20
4.0495
 11
-5.21436
 21
4.04613
  0
LINE
  8
0
 10
-5.21436
 20
4.04613
 11
-5.21428
 21
4.04274
  0
LINE
  8
0
 10
-5.21428
 20
4.04274
 11
-5.21436
 21
4.03937
  0
LINE
  8
0
 10
-5.21436
 20
4.03937
 11
-5.21457
 21
4.03598
  0
LINE
  8
0
 10
-5.21457
 20
4.03598
 11
-5.21492
 21
4.03262
  0
LINE
  8
0
 10
-5.21492
 20
4.03262
 11
-5.21541
 21
4.02928
  0
LINE
  8
0
 10
-5.21541
 20
4.02928
 11
-5.21605
 21
4.02596
  0
LINE
  8
0
 10
-5.21605
 20
4.02596
 11
-5.21683
 21
4.02267
  0
LINE
  8
0
 10
-5.21683
 20
4.02267
 11
-5.21773
 21
4.01941
  0
LINE
  8
0
 10
-5.21773
 20
4.01941
 11
-5.21878
 21
4.0162
  0
LINE
  8
0
 10
-5.21878
 20
4.0162
 11
-5.21996
 21
4.01303
  0
LINE
  8
0
 10
-5.21996
 20
4.01303
 11
-5.22127
 21
4.00992
  0
LINE
  8
0
 10
-5.22127
 20
4.00992
 11
-5.2227
 21
4.00685
  0
LINE
  8
0
 10
-5.2227
 20
4.00685
 11
-5.22427
 21
4.00386
  0
LINE
  8
0
 10
-5.22427
 20
4.00386
 11
-5.22595
 21
4.00093
  0
LINE
  8
0
 10
-5.22595
 20
4.00093
 11
-5.22777
 21
3.99808
  0
LINE
  8
0
 10
-5.22777
 20
3.99808
 11
-5.22971
 21
3.9953
  0
LINE
  8
0
 10
-5.22971
 20
3.9953
 11
-5.23174
 21
3.99261
  0
LINE
  8
0
 10
-5.23174
 20
3.99261
 11
-5.2339
 21
3.99001
  0
LINE
  8
0
 10
-5.2339
 20
3.99001
 11
-5.23616
 21
3.98749
  0
LINE
  8
0
 10
-5.23616
 20
3.98749
 11
-5.23853
 21
3.98508
  0
LINE
  8
0
 10
-5.23853
 20
3.98508
 11
-5.24098
 21
3.98276
  0
LINE
  8
0
 10
-5.24098
 20
3.98276
 11
-5.24355
 21
3.98056
  0
LINE
  8
0
 10
-5.24355
 20
3.98056
 11
-5.2462
 21
3.97845
  0
LINE
  8
0
 10
-5.2462
 20
3.97845
 11
-5.24893
 21
3.97647
  0
LINE
  8
0
 10
-5.24893
 20
3.97647
 11
-5.25175
 21
3.97459
  0
LINE
  8
0
 10
-5.25175
 20
3.97459
 11
-5.25464
 21
3.97284
  0
LINE
  8
0
 10
-5.25464
 20
3.97284
 11
-5.2576
 21
3.97122
  0
LINE
  8
0
 10
-5.2576
 20
3.97122
 11
-5.26064
 21
3.96971
  0
LINE
  8
0
 10
-5.26064
 20
3.96971
 11
-5.26372
 21
3.96834
  0
LINE
  8
0
 10
-5.26372
 20
3.96834
 11
-5.26686
 21
3.96709
  0
LINE
  8
0
 10
-5.26686
 20
3.96709
 11
-5.27005
 21
3.96599
  0
LINE
  8
0
 10
-5.27005
 20
3.96599
 11
-5.27328
 21
3.96501
  0
LINE
  8
0
 10
-5.27328
 20
3.96501
 11
-5.27657
 21
3.96416
  0
LINE
  8
0
 10
-5.27657
 20
3.96416
 11
-5.27988
 21
3.96346
  0
LINE
  8
0
 10
-5.27988
 20
3.96346
 11
-5.2832
 21
3.96289
  0
LINE
  8
0
 10
-5.2832
 20
3.96289
 11
-5.28656
 21
3.96248
  0
LINE
  8
0
 10
-5.28656
 20
3.96248
 11
-5.28993
 21
3.96219
  0
LINE
  8
0
 10
-5.28993
 20
3.96219
 11
-5.2933
 21
3.96205
  0
LINE
  8
0
 10
-5.2933
 20
3.96205
 11
-5.29668
 21
3.96205
  0
LINE
  8
0
 10
3.6133
 20
3.96205
 11
3.60992
 21
3.96219
  0
LINE
  8
0
 10
3.60992
 20
3.96219
 11
3.60655
 21
3.96248
  0
LINE
  8
0
 10
3.60655
 20
3.96248
 11
3.60321
 21
3.96289
  0
LINE
  8
0
 10
3.60321
 20
3.96289
 11
3.59987
 21
3.96346
  0
LINE
  8
0
 10
3.59987
 20
3.96346
 11
3.59656
 21
3.96416
  0
LINE
  8
0
 10
3.59656
 20
3.96416
 11
3.59329
 21
3.96501
  0
LINE
  8
0
 10
3.59329
 20
3.96501
 11
3.59006
 21
3.96599
  0
LINE
  8
0
 10
3.59006
 20
3.96599
 11
3.58685
 21
3.96709
  0
LINE
  8
0
 10
3.58685
 20
3.96709
 11
3.58371
 21
3.96834
  0
LINE
  8
0
 10
3.58371
 20
3.96834
 11
3.58063
 21
3.96971
  0
LINE
  8
0
 10
3.58063
 20
3.96971
 11
3.57761
 21
3.97122
  0
LINE
  8
0
 10
3.57761
 20
3.97122
 11
3.57465
 21
3.97284
  0
LINE
  8
0
 10
3.57465
 20
3.97284
 11
3.57175
 21
3.97459
  0
LINE
  8
0
 10
3.57175
 20
3.97459
 11
3.56892
 21
3.97647
  0
LINE
  8
0
 10
3.56892
 20
3.97647
 11
3.56619
 21
3.97845
  0
LINE
  8
0
 10
3.56619
 20
3.97845
 11
3.56355
 21
3.98056
  0
LINE
  8
0
 10
3.56355
 20
3.98056
 11
3.56099
 21
3.98276
  0
LINE
  8
0
 10
3.56099
 20
3.98276
 11
3.55852
 21
3.98508
  0
LINE
  8
0
 10
3.55852
 20
3.98508
 11
3.55615
 21
3.98749
  0
LINE
  8
0
 10
3.55615
 20
3.98749
 11
3.55389
 21
3.99001
  0
LINE
  8
0
 10
3.55389
 20
3.99001
 11
3.55174
 21
3.99261
  0
LINE
  8
0
 10
3.55174
 20
3.99261
 11
3.5497
 21
3.9953
  0
LINE
  8
0
 10
3.5497
 20
3.9953
 11
3.54778
 21
3.99808
  0
LINE
  8
0
 10
3.54778
 20
3.99808
 11
3.54596
 21
4.00093
  0
LINE
  8
0
 10
3.54596
 20
4.00093
 11
3.54427
 21
4.00386
  0
LINE
  8
0
 10
3.54427
 20
4.00386
 11
3.54269
 21
4.00685
  0
LINE
  8
0
 10
3.54269
 20
4.00685
 11
3.54126
 21
4.00992
  0
LINE
  8
0
 10
3.54126
 20
4.00992
 11
3.53995
 21
4.01303
  0
LINE
  8
0
 10
3.53995
 20
4.01303
 11
3.53877
 21
4.0162
  0
LINE
  8
0
 10
3.53877
 20
4.0162
 11
3.53773
 21
4.01941
  0
LINE
  8
0
 10
3.53773
 20
4.01941
 11
3.53682
 21
4.02267
  0
LINE
  8
0
 10
3.53682
 20
4.02267
 11
3.53604
 21
4.02596
  0
LINE
  8
0
 10
3.53604
 20
4.02596
 11
3.53542
 21
4.02928
  0
LINE
  8
0
 10
3.53542
 20
4.02928
 11
3.53493
 21
4.03262
  0
LINE
  8
0
 10
3.53493
 20
4.03262
 11
3.53456
 21
4.03598
  0
LINE
  8
0
 10
3.53456
 20
4.03598
 11
3.53435
 21
4.03937
  0
LINE
  8
0
 10
3.53435
 20
4.03937
 11
3.53429
 21
4.04274
  0
LINE
  8
0
 10
3.53429
 20
4.04274
 11
3.53435
 21
4.04613
  0
LINE
  8
0
 10
3.53435
 20
4.04613
 11
3.53456
 21
4.0495
  0
LINE
  8
0
 10
3.53456
 20
4.0495
 11
3.53493
 21
4.05286
  0
LINE
  8
0
 10
3.53493
 20
4.05286
 11
3.53542
 21
4.0562
  0
LINE
  8
0
 10
3.53542
 20
4.0562
 11
3.53604
 21
4.05952
  0
LINE
  8
0
 10
3.53604
 20
4.05952
 11
3.53682
 21
4.06281
  0
LINE
  8
0
 10
3.53682
 20
4.06281
 11
3.53773
 21
4.06607
  0
LINE
  8
0
 10
3.53773
 20
4.06607
 11
3.53877
 21
4.06929
  0
LINE
  8
0
 10
3.53877
 20
4.06929
 11
3.53995
 21
4.07245
  0
LINE
  8
0
 10
3.53995
 20
4.07245
 11
3.54126
 21
4.07556
  0
LINE
  8
0
 10
3.54126
 20
4.07556
 11
3.54269
 21
4.07863
  0
LINE
  8
0
 10
3.54269
 20
4.07863
 11
3.54427
 21
4.08162
  0
LINE
  8
0
 10
3.54427
 20
4.08162
 11
3.54596
 21
4.08455
  0
LINE
  8
0
 10
3.54596
 20
4.08455
 11
3.54778
 21
4.0874
  0
LINE
  8
0
 10
3.54778
 20
4.0874
 11
3.5497
 21
4.09018
  0
LINE
  8
0
 10
3.5497
 20
4.09018
 11
3.55174
 21
4.09286
  0
LINE
  8
0
 10
3.55174
 20
4.09286
 11
3.55389
 21
4.09547
  0
LINE
  8
0
 10
3.55389
 20
4.09547
 11
3.55615
 21
4.09799
  0
LINE
  8
0
 10
3.55615
 20
4.09799
 11
3.55852
 21
4.1004
  0
LINE
  8
0
 10
3.55852
 20
4.1004
 11
3.56099
 21
4.10272
  0
LINE
  8
0
 10
3.56099
 20
4.10272
 11
3.56355
 21
4.10493
  0
LINE
  8
0
 10
3.56355
 20
4.10493
 11
3.56619
 21
4.10703
  0
LINE
  8
0
 10
3.56619
 20
4.10703
 11
3.56892
 21
4.10901
  0
LINE
  8
0
 10
3.56892
 20
4.10901
 11
3.57175
 21
4.11089
  0
LINE
  8
0
 10
3.57175
 20
4.11089
 11
3.57465
 21
4.11264
  0
LINE
  8
0
 10
3.57465
 20
4.11264
 11
3.57761
 21
4.11426
  0
LINE
  8
0
 10
3.57761
 20
4.11426
 11
3.58063
 21
4.11577
  0
LINE
  8
0
 10
3.58063
 20
4.11577
 11
3.58371
 21
4.11714
  0
LINE
  8
0
 10
3.58371
 20
4.11714
 11
3.58685
 21
4.11839
  0
LINE
  8
0
 10
3.58685
 20
4.11839
 11
3.59006
 21
4.11949
  0
LINE
  8
0
 10
3.59006
 20
4.11949
 11
3.59329
 21
4.12048
  0
LINE
  8
0
 10
3.59329
 20
4.12048
 11
3.59656
 21
4.12132
  0
LINE
  8
0
 10
3.59656
 20
4.12132
 11
3.59987
 21
4.12202
  0
LINE
  8
0
 10
3.59987
 20
4.12202
 11
3.60321
 21
4.12259
  0
LINE
  8
0
 10
3.60321
 20
4.12259
 11
3.60655
 21
4.123
  0
LINE
  8
0
 10
3.60655
 20
4.123
 11
3.60992
 21
4.12329
  0
LINE
  8
0
 10
3.60992
 20
4.12329
 11
3.6133
 21
4.12343
  0
LINE
  8
0
 10
3.6133
 20
4.12343
 11
3.61668
 21
4.12343
  0
LINE
  8
0
 10
3.61668
 20
4.12343
 11
3.62006
 21
4.12329
  0
LINE
  8
0
 10
3.62006
 20
4.12329
 11
3.62343
 21
4.123
  0
LINE
  8
0
 10
3.62343
 20
4.123
 11
3.62679
 21
4.12259
  0
LINE
  8
0
 10
3.62679
 20
4.12259
 11
3.63011
 21
4.12202
  0
LINE
  8
0
 10
3.63011
 20
4.12202
 11
3.63342
 21
4.12132
  0
LINE
  8
0
 10
3.63342
 20
4.12132
 11
3.6367
 21
4.12048
  0
LINE
  8
0
 10
3.6367
 20
4.12048
 11
3.63994
 21
4.11949
  0
LINE
  8
0
 10
3.63994
 20
4.11949
 11
3.64313
 21
4.11839
  0
LINE
  8
0
 10
3.64313
 20
4.11839
 11
3.64627
 21
4.11714
  0
LINE
  8
0
 10
3.64627
 20
4.11714
 11
3.64935
 21
4.11577
  0
LINE
  8
0
 10
3.64935
 20
4.11577
 11
3.65239
 21
4.11426
  0
LINE
  8
0
 10
3.65239
 20
4.11426
 11
3.65535
 21
4.11264
  0
LINE
  8
0
 10
3.65535
 20
4.11264
 11
3.65823
 21
4.11089
  0
LINE
  8
0
 10
3.65823
 20
4.11089
 11
3.66106
 21
4.10901
  0
LINE
  8
0
 10
3.66106
 20
4.10901
 11
3.66379
 21
4.10703
  0
LINE
  8
0
 10
3.66379
 20
4.10703
 11
3.66644
 21
4.10493
  0
LINE
  8
0
 10
3.66644
 20
4.10493
 11
3.66899
 21
4.10272
  0
LINE
  8
0
 10
3.66899
 20
4.10272
 11
3.67146
 21
4.1004
  0
LINE
  8
0
 10
3.67146
 20
4.1004
 11
3.67383
 21
4.09799
  0
LINE
  8
0
 10
3.67383
 20
4.09799
 11
3.67609
 21
4.09547
  0
LINE
  8
0
 10
3.67609
 20
4.09547
 11
3.67824
 21
4.09286
  0
LINE
  8
0
 10
3.67824
 20
4.09286
 11
3.68028
 21
4.09018
  0
LINE
  8
0
 10
3.68028
 20
4.09018
 11
3.68222
 21
4.0874
  0
LINE
  8
0
 10
3.68222
 20
4.0874
 11
3.68402
 21
4.08455
  0
LINE
  8
0
 10
3.68402
 20
4.08455
 11
3.68571
 21
4.08162
  0
LINE
  8
0
 10
3.68571
 20
4.08162
 11
3.68729
 21
4.07863
  0
LINE
  8
0
 10
3.68729
 20
4.07863
 11
3.68872
 21
4.07556
  0
LINE
  8
0
 10
3.68872
 20
4.07556
 11
3.69003
 21
4.07245
  0
LINE
  8
0
 10
3.69003
 20
4.07245
 11
3.69121
 21
4.06929
  0
LINE
  8
0
 10
3.69121
 20
4.06929
 11
3.69226
 21
4.06607
  0
LINE
  8
0
 10
3.69226
 20
4.06607
 11
3.69316
 21
4.06281
  0
LINE
  8
0
 10
3.69316
 20
4.06281
 11
3.69394
 21
4.05952
  0
LINE
  8
0
 10
3.69394
 20
4.05952
 11
3.69456
 21
4.0562
  0
LINE
  8
0
 10
3.69456
 20
4.0562
 11
3.69507
 21
4.05286
  0
LINE
  8
0
 10
3.69507
 20
4.05286
 11
3.69542
 21
4.0495
  0
LINE
  8
0
 10
3.69542
 20
4.0495
 11
3.69563
 21
4.04613
  0
LINE
  8
0
 10
3.69563
 20
4.04613
 11
3.69569
 21
4.04274
  0
LINE
  8
0
 10
3.69569
 20
4.04274
 11
3.69563
 21
4.03937
  0
LINE
  8
0
 10
3.69563
 20
4.03937
 11
3.69542
 21
4.03598
  0
LINE
  8
0
 10
3.69542
 20
4.03598
 11
3.69507
 21
4.03262
  0
LINE
  8
0
 10
3.69507
 20
4.03262
 11
3.69456
 21
4.02928
  0
LINE
  8
0
 10
3.69456
 20
4.02928
 11
3.69394
 21
4.02596
  0
LINE
  8
0
 10
3.69394
 20
4.02596
 11
3.69316
 21
4.02267
  0
LINE
  8
0
 10
3.69316
 20
4.02267
 11
3.69226
 21
4.01941
  0
LINE
  8
0
 10
3.69226
 20
4.01941
 11
3.69121
 21
4.0162
  0
LINE
  8
0
 10
3.69121
 20
4.0162
 11
3.69003
 21
4.01303
  0
LINE
  8
0
 10
3.69003
 20
4.01303
 11
3.68872
 21
4.00992
  0
LINE
  8
0
 10
3.68872
 20
4.00992
 11
3.68729
 21
4.00685
  0
LINE
  8
0
 10
3.68729
 20
4.00685
 11
3.68571
 21
4.00386
  0
LINE
  8
0
 10
3.68571
 20
4.00386
 11
3.68402
 21
4.00093
  0
LINE
  8
0
 10
3.68402
 20
4.00093
 11
3.68222
 21
3.99808
  0
LINE
  8
0
 10
3.68222
 20
3.99808
 11
3.68028
 21
3.9953
  0
LINE
  8
0
 10
3.68028
 20
3.9953
 11
3.67824
 21
3.99261
  0
LINE
  8
0
 10
3.67824
 20
3.99261
 11
3.67609
 21
3.99001
  0
LINE
  8
0
 10
3.67609
 20
3.99001
 11
3.67383
 21
3.98749
  0
LINE
  8
0
 10
3.67383
 20
3.98749
 11
3.67146
 21
3.98508
  0
LINE
  8
0
 10
3.67146
 20
3.98508
 11
3.66899
 21
3.98276
  0
LINE
  8
0
 10
3.66899
 20
3.98276
 11
3.66644
 21
3.98056
  0
LINE
  8
0
 10
3.66644
 20
3.98056
 11
3.66379
 21
3.97845
  0
LINE
  8
0
 10
3.66379
 20
3.97845
 11
3.66106
 21
3.97647
  0
LINE
  8
0
 10
3.66106
 20
3.97647
 11
3.65823
 21
3.97459
  0
LINE
  8
0
 10
3.65823
 20
3.97459
 11
3.65535
 21
3.97284
  0
LINE
  8
0
 10
3.65535
 20
3.97284
 11
3.65239
 21
3.97122
  0
LINE
  8
0
 10
3.65239
 20
3.97122
 11
3.64935
 21
3.96971
  0
LINE
  8
0
 10
3.64935
 20
3.96971
 11
3.64627
 21
3.96834
  0
LINE
  8
0
 10
3.64627
 20
3.96834
 11
3.64313
 21
3.96709
  0
LINE
  8
0
 10
3.64313
 20
3.96709
 11
3.63994
 21
3.96599
  0
LINE
  8
0
 10
3.63994
 20
3.96599
 11
3.6367
 21
3.96501
  0
LINE
  8
0
 10
3.6367
 20
3.96501
 11
3.63342
 21
3.96416
  0
LINE
  8
0
 10
3.63342
 20
3.96416
 11
3.63011
 21
3.96346
  0
LINE
  8
0
 10
3.63011
 20
3.96346
 11
3.62679
 21
3.96289
  0
LINE
  8
0
 10
3.62679
 20
3.96289
 11
3.62343
 21
3.96248
  0
LINE
  8
0
 10
3.62343
 20
3.96248
 11
3.62006
 21
3.96219
  0
LINE
  8
0
 10
3.62006
 20
3.96219
 11
3.61668
 21
3.96205
  0
LINE
  8
0
 10
3.61668
 20
3.96205
 11
3.6133
 21
3.96205
  0
LINE
  8
0
 10
-3.44858
 20
3.8044
 11
-3.45229
 21
3.80464
  0
LINE
  8
0
 10
-3.45229
 20
3.80464
 11
-3.45598
 21
3.80502
  0
LINE
  8
0
 10
-3.45598
 20
3.80502
 11
-3.45964
 21
3.80556
  0
LINE
  8
0
 10
-3.45964
 20
3.80556
 11
-3.46329
 21
3.80626
  0
LINE
  8
0
 10
-3.46329
 20
3.80626
 11
-3.4669
 21
3.80711
  0
LINE
  8
0
 10
-3.4669
 20
3.80711
 11
-3.47047
 21
3.80811
  0
LINE
  8
0
 10
-3.47047
 20
3.80811
 11
-3.474
 21
3.80925
  0
LINE
  8
0
 10
-3.474
 20
3.80925
 11
-3.47748
 21
3.81055
  0
LINE
  8
0
 10
-3.47748
 20
3.81055
 11
-3.48091
 21
3.81198
  0
LINE
  8
0
 10
-3.48091
 20
3.81198
 11
-3.48427
 21
3.81357
  0
LINE
  8
0
 10
-3.48427
 20
3.81357
 11
-3.48755
 21
3.81528
  0
LINE
  8
0
 10
-3.48755
 20
3.81528
 11
-3.49077
 21
3.81714
  0
LINE
  8
0
 10
-3.49077
 20
3.81714
 11
-3.4939
 21
3.81912
  0
LINE
  8
0
 10
-3.4939
 20
3.81912
 11
-3.49695
 21
3.82124
  0
LINE
  8
0
 10
-3.49695
 20
3.82124
 11
-3.49989
 21
3.82349
  0
LINE
  8
0
 10
-3.49989
 20
3.82349
 11
-3.50276
 21
3.82585
  0
LINE
  8
0
 10
-3.50276
 20
3.82585
 11
-3.50551
 21
3.82834
  0
LINE
  8
0
 10
-3.50551
 20
3.82834
 11
-3.50816
 21
3.83093
  0
LINE
  8
0
 10
-3.50816
 20
3.83093
 11
-3.5107
 21
3.83363
  0
LINE
  8
0
 10
-3.5107
 20
3.83363
 11
-3.51312
 21
3.83644
  0
LINE
  8
0
 10
-3.51312
 20
3.83644
 11
-3.51543
 21
3.83936
  0
LINE
  8
0
 10
-3.51543
 20
3.83936
 11
-3.51761
 21
3.84235
  0
LINE
  8
0
 10
-3.51761
 20
3.84235
 11
-3.51967
 21
3.84544
  0
LINE
  8
0
 10
-3.51967
 20
3.84544
 11
-3.52159
 21
3.84862
  0
LINE
  8
0
 10
-3.52159
 20
3.84862
 11
-3.52338
 21
3.85187
  0
LINE
  8
0
 10
-3.52338
 20
3.85187
 11
-3.52502
 21
3.85519
  0
LINE
  8
0
 10
-3.52502
 20
3.85519
 11
-3.52654
 21
3.85858
  0
LINE
  8
0
 10
-3.52654
 20
3.85858
 11
-3.52791
 21
3.86203
  0
LINE
  8
0
 10
-3.52791
 20
3.86203
 11
-3.52911
 21
3.86554
  0
LINE
  8
0
 10
-3.52911
 20
3.86554
 11
-3.5302
 21
3.86908
  0
LINE
  8
0
 10
-3.5302
 20
3.86908
 11
-3.53111
 21
3.87268
  0
LINE
  8
0
 10
-3.53111
 20
3.87268
 11
-3.53189
 21
3.87631
  0
LINE
  8
0
 10
-3.53189
 20
3.87631
 11
-3.5325
 21
3.87996
  0
LINE
  8
0
 10
-3.5325
 20
3.87996
 11
-3.53297
 21
3.88365
  0
LINE
  8
0
 10
-3.53297
 20
3.88365
 11
-3.53328
 21
3.88734
  0
LINE
  8
0
 10
-3.53328
 20
3.88734
 11
-3.53343
 21
3.89105
  0
LINE
  8
0
 10
-3.53343
 20
3.89105
 11
-3.53343
 21
3.89476
  0
LINE
  8
0
 10
-3.53343
 20
3.89476
 11
-3.53328
 21
3.89847
  0
LINE
  8
0
 10
-3.53328
 20
3.89847
 11
-3.53297
 21
3.90216
  0
LINE
  8
0
 10
-3.53297
 20
3.90216
 11
-3.5325
 21
3.90585
  0
LINE
  8
0
 10
-3.5325
 20
3.90585
 11
-3.53189
 21
3.9095
  0
LINE
  8
0
 10
-3.53189
 20
3.9095
 11
-3.53111
 21
3.91313
  0
LINE
  8
0
 10
-3.53111
 20
3.91313
 11
-3.5302
 21
3.91673
  0
LINE
  8
0
 10
-3.5302
 20
3.91673
 11
-3.52911
 21
3.92027
  0
LINE
  8
0
 10
-3.52911
 20
3.92027
 11
-3.52791
 21
3.92378
  0
LINE
  8
0
 10
-3.52791
 20
3.92378
 11
-3.52654
 21
3.92723
  0
LINE
  8
0
 10
-3.52654
 20
3.92723
 11
-3.52502
 21
3.93062
  0
LINE
  8
0
 10
-3.52502
 20
3.93062
 11
-3.52338
 21
3.93394
  0
LINE
  8
0
 10
-3.52338
 20
3.93394
 11
-3.52159
 21
3.93719
  0
LINE
  8
0
 10
-3.52159
 20
3.93719
 11
-3.51967
 21
3.94037
  0
LINE
  8
0
 10
-3.51967
 20
3.94037
 11
-3.51761
 21
3.94347
  0
LINE
  8
0
 10
-3.51761
 20
3.94347
 11
-3.51543
 21
3.94646
  0
LINE
  8
0
 10
-3.51543
 20
3.94646
 11
-3.51312
 21
3.94937
  0
LINE
  8
0
 10
-3.51312
 20
3.94937
 11
-3.5107
 21
3.95218
  0
LINE
  8
0
 10
-3.5107
 20
3.95218
 11
-3.50816
 21
3.95488
  0
LINE
  8
0
 10
-3.50816
 20
3.95488
 11
-3.50551
 21
3.95747
  0
LINE
  8
0
 10
-3.50551
 20
3.95747
 11
-3.50276
 21
3.95996
  0
LINE
  8
0
 10
-3.50276
 20
3.95996
 11
-3.49989
 21
3.96233
  0
LINE
  8
0
 10
-3.49989
 20
3.96233
 11
-3.49695
 21
3.96457
  0
LINE
  8
0
 10
-3.49695
 20
3.96457
 11
-3.4939
 21
3.96669
  0
LINE
  8
0
 10
-3.4939
 20
3.96669
 11
-3.49077
 21
3.96867
  0
LINE
  8
0
 10
-3.49077
 20
3.96867
 11
-3.48755
 21
3.97054
  0
LINE
  8
0
 10
-3.48755
 20
3.97054
 11
-3.48427
 21
3.97224
  0
LINE
  8
0
 10
-3.48427
 20
3.97224
 11
-3.48091
 21
3.97383
  0
LINE
  8
0
 10
-3.48091
 20
3.97383
 11
-3.47748
 21
3.97527
  0
LINE
  8
0
 10
-3.47748
 20
3.97527
 11
-3.474
 21
3.97656
  0
LINE
  8
0
 10
-3.474
 20
3.97656
 11
-3.47047
 21
3.97771
  0
LINE
  8
0
 10
-3.47047
 20
3.97771
 11
-3.4669
 21
3.97871
  0
LINE
  8
0
 10
-3.4669
 20
3.97871
 11
-3.46329
 21
3.97955
  0
LINE
  8
0
 10
-3.46329
 20
3.97955
 11
-3.45964
 21
3.98026
  0
LINE
  8
0
 10
-3.45964
 20
3.98026
 11
-3.45598
 21
3.98079
  0
LINE
  8
0
 10
-3.45598
 20
3.98079
 11
-3.45229
 21
3.98119
  0
LINE
  8
0
 10
-3.45229
 20
3.98119
 11
-3.44858
 21
3.98141
  0
LINE
  8
0
 10
-3.44858
 20
3.98141
 11
-3.44487
 21
3.98149
  0
LINE
  8
0
 10
-3.44487
 20
3.98149
 11
-3.44116
 21
3.98141
  0
LINE
  8
0
 10
-3.44116
 20
3.98141
 11
-3.43745
 21
3.98119
  0
LINE
  8
0
 10
-3.43745
 20
3.98119
 11
-3.43378
 21
3.98079
  0
LINE
  8
0
 10
-3.43378
 20
3.98079
 11
-3.4301
 21
3.98026
  0
LINE
  8
0
 10
-3.4301
 20
3.98026
 11
-3.42645
 21
3.97955
  0
LINE
  8
0
 10
-3.42645
 20
3.97955
 11
-3.42285
 21
3.97871
  0
LINE
  8
0
 10
-3.42285
 20
3.97871
 11
-3.41927
 21
3.97771
  0
LINE
  8
0
 10
-3.41927
 20
3.97771
 11
-3.41574
 21
3.97656
  0
LINE
  8
0
 10
-3.41574
 20
3.97656
 11
-3.41226
 21
3.97527
  0
LINE
  8
0
 10
-3.41226
 20
3.97527
 11
-3.40884
 21
3.97383
  0
LINE
  8
0
 10
-3.40884
 20
3.97383
 11
-3.40549
 21
3.97224
  0
LINE
  8
0
 10
-3.40549
 20
3.97224
 11
-3.40221
 21
3.97054
  0
LINE
  8
0
 10
-3.40221
 20
3.97054
 11
-3.39899
 21
3.96867
  0
LINE
  8
0
 10
-3.39899
 20
3.96867
 11
-3.39586
 21
3.96669
  0
LINE
  8
0
 10
-3.39586
 20
3.96669
 11
-3.39281
 21
3.96457
  0
LINE
  8
0
 10
-3.39281
 20
3.96457
 11
-3.38985
 21
3.96233
  0
LINE
  8
0
 10
-3.38985
 20
3.96233
 11
-3.38699
 21
3.95996
  0
LINE
  8
0
 10
-3.38699
 20
3.95996
 11
-3.38423
 21
3.95747
  0
LINE
  8
0
 10
-3.38423
 20
3.95747
 11
-3.38159
 21
3.95488
  0
LINE
  8
0
 10
-3.38159
 20
3.95488
 11
-3.37904
 21
3.95218
  0
LINE
  8
0
 10
-3.37904
 20
3.95218
 11
-3.37662
 21
3.94937
  0
LINE
  8
0
 10
-3.37662
 20
3.94937
 11
-3.37431
 21
3.94646
  0
LINE
  8
0
 10
-3.37431
 20
3.94646
 11
-3.37213
 21
3.94347
  0
LINE
  8
0
 10
-3.37213
 20
3.94347
 11
-3.37009
 21
3.94037
  0
LINE
  8
0
 10
-3.37009
 20
3.94037
 11
-3.36816
 21
3.93719
  0
LINE
  8
0
 10
-3.36816
 20
3.93719
 11
-3.36638
 21
3.93394
  0
LINE
  8
0
 10
-3.36638
 20
3.93394
 11
-3.36472
 21
3.93062
  0
LINE
  8
0
 10
-3.36472
 20
3.93062
 11
-3.36322
 21
3.92723
  0
LINE
  8
0
 10
-3.36322
 20
3.92723
 11
-3.36185
 21
3.92378
  0
LINE
  8
0
 10
-3.36185
 20
3.92378
 11
-3.36063
 21
3.92027
  0
LINE
  8
0
 10
-3.36063
 20
3.92027
 11
-3.35956
 21
3.91673
  0
LINE
  8
0
 10
-3.35956
 20
3.91673
 11
-3.35863
 21
3.91313
  0
LINE
  8
0
 10
-3.35863
 20
3.91313
 11
-3.35786
 21
3.9095
  0
LINE
  8
0
 10
-3.35786
 20
3.9095
 11
-3.35724
 21
3.90585
  0
LINE
  8
0
 10
-3.35724
 20
3.90585
 11
-3.35678
 21
3.90216
  0
LINE
  8
0
 10
-3.35678
 20
3.90216
 11
-3.35646
 21
3.89847
  0
LINE
  8
0
 10
-3.35646
 20
3.89847
 11
-3.35631
 21
3.89476
  0
LINE
  8
0
 10
-3.35631
 20
3.89476
 11
-3.35631
 21
3.89105
  0
LINE
  8
0
 10
-3.35631
 20
3.89105
 11
-3.35646
 21
3.88734
  0
LINE
  8
0
 10
-3.35646
 20
3.88734
 11
-3.35678
 21
3.88365
  0
LINE
  8
0
 10
-3.35678
 20
3.88365
 11
-3.35724
 21
3.87996
  0
LINE
  8
0
 10
-3.35724
 20
3.87996
 11
-3.35786
 21
3.87631
  0
LINE
  8
0
 10
-3.35786
 20
3.87631
 11
-3.35863
 21
3.87268
  0
LINE
  8
0
 10
-3.35863
 20
3.87268
 11
-3.35956
 21
3.86908
  0
LINE
  8
0
 10
-3.35956
 20
3.86908
 11
-3.36063
 21
3.86554
  0
LINE
  8
0
 10
-3.36063
 20
3.86554
 11
-3.36185
 21
3.86203
  0
LINE
  8
0
 10
-3.36185
 20
3.86203
 11
-3.36322
 21
3.85858
  0
LINE
  8
0
 10
-3.36322
 20
3.85858
 11
-3.36472
 21
3.85519
  0
LINE
  8
0
 10
-3.36472
 20
3.85519
 11
-3.36638
 21
3.85187
  0
LINE
  8
0
 10
-3.36638
 20
3.85187
 11
-3.36816
 21
3.84862
  0
LINE
  8
0
 10
-3.36816
 20
3.84862
 11
-3.37009
 21
3.84544
  0
LINE
  8
0
 10
-3.37009
 20
3.84544
 11
-3.37213
 21
3.84235
  0
LINE
  8
0
 10
-3.37213
 20
3.84235
 11
-3.37431
 21
3.83936
  0
LINE
  8
0
 10
-3.37431
 20
3.83936
 11
-3.37662
 21
3.83644
  0
LINE
  8
0
 10
-3.37662
 20
3.83644
 11
-3.37904
 21
3.83363
  0
LINE
  8
0
 10
-3.37904
 20
3.83363
 11
-3.38159
 21
3.83093
  0
LINE
  8
0
 10
-3.38159
 20
3.83093
 11
-3.38423
 21
3.82834
  0
LINE
  8
0
 10
-3.38423
 20
3.82834
 11
-3.38699
 21
3.82585
  0
LINE
  8
0
 10
-3.38699
 20
3.82585
 11
-3.38985
 21
3.82349
  0
LINE
  8
0
 10
-3.38985
 20
3.82349
 11
-3.39281
 21
3.82124
  0
LINE
  8
0
 10
-3.39281
 20
3.82124
 11
-3.39586
 21
3.81912
  0
LINE
  8
0
 10
-3.39586
 20
3.81912
 11
-3.39899
 21
3.81714
  0
LINE
  8
0
 10
-3.39899
 20
3.81714
 11
-3.40221
 21
3.81528
  0
LINE
  8
0
 10
-3.40221
 20
3.81528
 11
-3.40549
 21
3.81357
  0
LINE
  8
0
 10
-3.40549
 20
3.81357
 11
-3.40884
 21
3.81198
  0
LINE
  8
0
 10
-3.40884
 20
3.81198
 11
-3.41226
 21
3.81055
  0
LINE
  8
0
 10
-3.41226
 20
3.81055
 11
-3.41574
 21
3.80925
  0
LINE
  8
0
 10
-3.41574
 20
3.80925
 11
-3.41927
 21
3.80811
  0
LINE
  8
0
 10
-3.41927
 20
3.80811
 11
-3.42285
 21
3.80711
  0
LINE
  8
0
 10
-3.42285
 20
3.80711
 11
-3.42645
 21
3.80626
  0
LINE
  8
0
 10
-3.42645
 20
3.80626
 11
-3.4301
 21
3.80556
  0
LINE
  8
0
 10
-3.4301
 20
3.80556
 11
-3.43378
 21
3.80502
  0
LINE
  8
0
 10
-3.43378
 20
3.80502
 11
-3.43745
 21
3.80464
  0
LINE
  8
0
 10
-3.43745
 20
3.80464
 11
-3.44116
 21
3.8044
  0
LINE
  8
0
 10
-3.44116
 20
3.8044
 11
-3.44487
 21
3.80432
  0
LINE
  8
0
 10
-3.44487
 20
3.80432
 11
-3.44858
 21
3.8044
  0
LINE
  8
0
 10
-1.55882
 20
3.8044
 11
-1.56253
 21
3.80464
  0
LINE
  8
0
 10
-1.56253
 20
3.80464
 11
-1.56621
 21
3.80502
  0
LINE
  8
0
 10
-1.56621
 20
3.80502
 11
-1.56989
 21
3.80556
  0
LINE
  8
0
 10
-1.56989
 20
3.80556
 11
-1.57353
 21
3.80626
  0
LINE
  8
0
 10
-1.57353
 20
3.80626
 11
-1.57715
 21
3.80711
  0
LINE
  8
0
 10
-1.57715
 20
3.80711
 11
-1.58072
 21
3.80811
  0
LINE
  8
0
 10
-1.58072
 20
3.80811
 11
-1.58424
 21
3.80925
  0
LINE
  8
0
 10
-1.58424
 20
3.80925
 11
-1.58772
 21
3.81055
  0
LINE
  8
0
 10
-1.58772
 20
3.81055
 11
-1.59114
 21
3.81198
  0
LINE
  8
0
 10
-1.59114
 20
3.81198
 11
-1.5945
 21
3.81357
  0
LINE
  8
0
 10
-1.5945
 20
3.81357
 11
-1.59779
 21
3.81528
  0
LINE
  8
0
 10
-1.59779
 20
3.81528
 11
-1.601
 21
3.81714
  0
LINE
  8
0
 10
-1.601
 20
3.81714
 11
-1.60413
 21
3.81912
  0
LINE
  8
0
 10
-1.60413
 20
3.81912
 11
-1.60718
 21
3.82124
  0
LINE
  8
0
 10
-1.60718
 20
3.82124
 11
-1.61014
 21
3.82349
  0
LINE
  8
0
 10
-1.61014
 20
3.82349
 11
-1.61299
 21
3.82585
  0
LINE
  8
0
 10
-1.61299
 20
3.82585
 11
-1.61575
 21
3.82834
  0
LINE
  8
0
 10
-1.61575
 20
3.82834
 11
-1.61841
 21
3.83093
  0
LINE
  8
0
 10
-1.61841
 20
3.83093
 11
-1.62094
 21
3.83363
  0
LINE
  8
0
 10
-1.62094
 20
3.83363
 11
-1.62337
 21
3.83644
  0
LINE
  8
0
 10
-1.62337
 20
3.83644
 11
-1.62567
 21
3.83936
  0
LINE
  8
0
 10
-1.62567
 20
3.83936
 11
-1.62785
 21
3.84235
  0
LINE
  8
0
 10
-1.62785
 20
3.84235
 11
-1.6299
 21
3.84544
  0
LINE
  8
0
 10
-1.6299
 20
3.84544
 11
-1.63182
 21
3.84862
  0
LINE
  8
0
 10
-1.63182
 20
3.84862
 11
-1.63362
 21
3.85187
  0
LINE
  8
0
 10
-1.63362
 20
3.85187
 11
-1.63527
 21
3.85519
  0
LINE
  8
0
 10
-1.63527
 20
3.85519
 11
-1.63678
 21
3.85858
  0
LINE
  8
0
 10
-1.63678
 20
3.85858
 11
-1.63814
 21
3.86203
  0
LINE
  8
0
 10
-1.63814
 20
3.86203
 11
-1.63936
 21
3.86554
  0
LINE
  8
0
 10
-1.63936
 20
3.86554
 11
-1.64043
 21
3.86908
  0
LINE
  8
0
 10
-1.64043
 20
3.86908
 11
-1.64136
 21
3.87268
  0
LINE
  8
0
 10
-1.64136
 20
3.87268
 11
-1.64212
 21
3.87631
  0
LINE
  8
0
 10
-1.64212
 20
3.87631
 11
-1.64275
 21
3.87996
  0
LINE
  8
0
 10
-1.64275
 20
3.87996
 11
-1.6432
 21
3.88365
  0
LINE
  8
0
 10
-1.6432
 20
3.88365
 11
-1.64352
 21
3.88734
  0
LINE
  8
0
 10
-1.64352
 20
3.88734
 11
-1.64368
 21
3.89105
  0
LINE
  8
0
 10
-1.64368
 20
3.89105
 11
-1.64368
 21
3.89476
  0
LINE
  8
0
 10
-1.64368
 20
3.89476
 11
-1.64352
 21
3.89847
  0
LINE
  8
0
 10
-1.64352
 20
3.89847
 11
-1.6432
 21
3.90216
  0
LINE
  8
0
 10
-1.6432
 20
3.90216
 11
-1.64275
 21
3.90585
  0
LINE
  8
0
 10
-1.64275
 20
3.90585
 11
-1.64212
 21
3.9095
  0
LINE
  8
0
 10
-1.64212
 20
3.9095
 11
-1.64136
 21
3.91313
  0
LINE
  8
0
 10
-1.64136
 20
3.91313
 11
-1.64043
 21
3.91673
  0
LINE
  8
0
 10
-1.64043
 20
3.91673
 11
-1.63936
 21
3.92027
  0
LINE
  8
0
 10
-1.63936
 20
3.92027
 11
-1.63814
 21
3.92378
  0
LINE
  8
0
 10
-1.63814
 20
3.92378
 11
-1.63678
 21
3.92723
  0
LINE
  8
0
 10
-1.63678
 20
3.92723
 11
-1.63527
 21
3.93062
  0
LINE
  8
0
 10
-1.63527
 20
3.93062
 11
-1.63362
 21
3.93394
  0
LINE
  8
0
 10
-1.63362
 20
3.93394
 11
-1.63182
 21
3.93719
  0
LINE
  8
0
 10
-1.63182
 20
3.93719
 11
-1.6299
 21
3.94037
  0
LINE
  8
0
 10
-1.6299
 20
3.94037
 11
-1.62785
 21
3.94347
  0
LINE
  8
0
 10
-1.62785
 20
3.94347
 11
-1.62567
 21
3.94646
  0
LINE
  8
0
 10
-1.62567
 20
3.94646
 11
-1.62337
 21
3.94937
  0
LINE
  8
0
 10
-1.62337
 20
3.94937
 11
-1.62094
 21
3.95218
  0
LINE
  8
0
 10
-1.62094
 20
3.95218
 11
-1.61841
 21
3.95488
  0
LINE
  8
0
 10
-1.61841
 20
3.95488
 11
-1.61575
 21
3.95747
  0
LINE
  8
0
 10
-1.61575
 20
3.95747
 11
-1.61299
 21
3.95996
  0
LINE
  8
0
 10
-1.61299
 20
3.95996
 11
-1.61014
 21
3.96233
  0
LINE
  8
0
 10
-1.61014
 20
3.96233
 11
-1.60718
 21
3.96457
  0
LINE
  8
0
 10
-1.60718
 20
3.96457
 11
-1.60413
 21
3.96669
  0
LINE
  8
0
 10
-1.60413
 20
3.96669
 11
-1.601
 21
3.96867
  0
LINE
  8
0
 10
-1.601
 20
3.96867
 11
-1.59779
 21
3.97054
  0
LINE
  8
0
 10
-1.59779
 20
3.97054
 11
-1.5945
 21
3.97224
  0
LINE
  8
0
 10
-1.5945
 20
3.97224
 11
-1.59114
 21
3.97383
  0
LINE
  8
0
 10
-1.59114
 20
3.97383
 11
-1.58772
 21
3.97527
  0
LINE
  8
0
 10
-1.58772
 20
3.97527
 11
-1.58424
 21
3.97656
  0
LINE
  8
0
 10
-1.58424
 20
3.97656
 11
-1.58072
 21
3.97771
  0
LINE
  8
0
 10
-1.58072
 20
3.97771
 11
-1.57715
 21
3.97871
  0
LINE
  8
0
 10
-1.57715
 20
3.97871
 11
-1.57353
 21
3.97955
  0
LINE
  8
0
 10
-1.57353
 20
3.97955
 11
-1.56989
 21
3.98026
  0
LINE
  8
0
 10
-1.56989
 20
3.98026
 11
-1.56621
 21
3.98079
  0
LINE
  8
0
 10
-1.56621
 20
3.98079
 11
-1.56253
 21
3.98119
  0
LINE
  8
0
 10
-1.56253
 20
3.98119
 11
-1.55882
 21
3.98141
  0
LINE
  8
0
 10
-1.55882
 20
3.98141
 11
-1.55511
 21
3.98149
  0
LINE
  8
0
 10
-1.55511
 20
3.98149
 11
-1.55141
 21
3.98141
  0
LINE
  8
0
 10
-1.55141
 20
3.98141
 11
-1.5477
 21
3.98119
  0
LINE
  8
0
 10
-1.5477
 20
3.98119
 11
-1.54401
 21
3.98079
  0
LINE
  8
0
 10
-1.54401
 20
3.98079
 11
-1.54034
 21
3.98026
  0
LINE
  8
0
 10
-1.54034
 20
3.98026
 11
-1.5367
 21
3.97955
  0
LINE
  8
0
 10
-1.5367
 20
3.97955
 11
-1.53308
 21
3.97871
  0
LINE
  8
0
 10
-1.53308
 20
3.97871
 11
-1.52951
 21
3.97771
  0
LINE
  8
0
 10
-1.52951
 20
3.97771
 11
-1.52599
 21
3.97656
  0
LINE
  8
0
 10
-1.52599
 20
3.97656
 11
-1.52251
 21
3.97527
  0
LINE
  8
0
 10
-1.52251
 20
3.97527
 11
-1.51909
 21
3.97383
  0
LINE
  8
0
 10
-1.51909
 20
3.97383
 11
-1.51573
 21
3.97224
  0
LINE
  8
0
 10
-1.51573
 20
3.97224
 11
-1.51244
 21
3.97054
  0
LINE
  8
0
 10
-1.51244
 20
3.97054
 11
-1.50922
 21
3.96867
  0
LINE
  8
0
 10
-1.50922
 20
3.96867
 11
-1.50609
 21
3.96669
  0
LINE
  8
0
 10
-1.50609
 20
3.96669
 11
-1.50304
 21
3.96457
  0
LINE
  8
0
 10
-1.50304
 20
3.96457
 11
-1.50009
 21
3.96233
  0
LINE
  8
0
 10
-1.50009
 20
3.96233
 11
-1.49722
 21
3.95996
  0
LINE
  8
0
 10
-1.49722
 20
3.95996
 11
-1.49448
 21
3.95747
  0
LINE
  8
0
 10
-1.49448
 20
3.95747
 11
-1.49182
 21
3.95488
  0
LINE
  8
0
 10
-1.49182
 20
3.95488
 11
-1.48929
 21
3.95218
  0
LINE
  8
0
 10
-1.48929
 20
3.95218
 11
-1.48686
 21
3.94937
  0
LINE
  8
0
 10
-1.48686
 20
3.94937
 11
-1.48456
 21
3.94646
  0
LINE
  8
0
 10
-1.48456
 20
3.94646
 11
-1.48238
 21
3.94347
  0
LINE
  8
0
 10
-1.48238
 20
3.94347
 11
-1.48032
 21
3.94037
  0
LINE
  8
0
 10
-1.48032
 20
3.94037
 11
-1.47839
 21
3.93719
  0
LINE
  8
0
 10
-1.47839
 20
3.93719
 11
-1.47661
 21
3.93394
  0
LINE
  8
0
 10
-1.47661
 20
3.93394
 11
-1.47496
 21
3.93062
  0
LINE
  8
0
 10
-1.47496
 20
3.93062
 11
-1.47345
 21
3.92723
  0
LINE
  8
0
 10
-1.47345
 20
3.92723
 11
-1.47209
 21
3.92378
  0
LINE
  8
0
 10
-1.47209
 20
3.92378
 11
-1.47087
 21
3.92027
  0
LINE
  8
0
 10
-1.47087
 20
3.92027
 11
-1.46979
 21
3.91673
  0
LINE
  8
0
 10
-1.46979
 20
3.91673
 11
-1.46887
 21
3.91313
  0
LINE
  8
0
 10
-1.46887
 20
3.91313
 11
-1.46809
 21
3.9095
  0
LINE
  8
0
 10
-1.46809
 20
3.9095
 11
-1.46748
 21
3.90585
  0
LINE
  8
0
 10
-1.46748
 20
3.90585
 11
-1.46701
 21
3.90216
  0
LINE
  8
0
 10
-1.46701
 20
3.90216
 11
-1.46671
 21
3.89847
  0
LINE
  8
0
 10
-1.46671
 20
3.89847
 11
-1.46655
 21
3.89476
  0
LINE
  8
0
 10
-1.46655
 20
3.89476
 11
-1.46655
 21
3.89105
  0
LINE
  8
0
 10
-1.46655
 20
3.89105
 11
-1.46671
 21
3.88734
  0
LINE
  8
0
 10
-1.46671
 20
3.88734
 11
-1.46701
 21
3.88365
  0
LINE
  8
0
 10
-1.46701
 20
3.88365
 11
-1.46748
 21
3.87996
  0
LINE
  8
0
 10
-1.46748
 20
3.87996
 11
-1.46809
 21
3.87631
  0
LINE
  8
0
 10
-1.46809
 20
3.87631
 11
-1.46887
 21
3.87268
  0
LINE
  8
0
 10
-1.46887
 20
3.87268
 11
-1.46979
 21
3.86908
  0
LINE
  8
0
 10
-1.46979
 20
3.86908
 11
-1.47087
 21
3.86554
  0
LINE
  8
0
 10
-1.47087
 20
3.86554
 11
-1.47209
 21
3.86203
  0
LINE
  8
0
 10
-1.47209
 20
3.86203
 11
-1.47345
 21
3.85858
  0
LINE
  8
0
 10
-1.47345
 20
3.85858
 11
-1.47496
 21
3.85519
  0
LINE
  8
0
 10
-1.47496
 20
3.85519
 11
-1.47661
 21
3.85187
  0
LINE
  8
0
 10
-1.47661
 20
3.85187
 11
-1.47839
 21
3.84862
  0
LINE
  8
0
 10
-1.47839
 20
3.84862
 11
-1.48032
 21
3.84544
  0
LINE
  8
0
 10
-1.48032
 20
3.84544
 11
-1.48238
 21
3.84235
  0
LINE
  8
0
 10
-1.48238
 20
3.84235
 11
-1.48456
 21
3.83936
  0
LINE
  8
0
 10
-1.48456
 20
3.83936
 11
-1.48686
 21
3.83644
  0
LINE
  8
0
 10
-1.48686
 20
3.83644
 11
-1.48929
 21
3.83363
  0
LINE
  8
0
 10
-1.48929
 20
3.83363
 11
-1.49182
 21
3.83093
  0
LINE
  8
0
 10
-1.49182
 20
3.83093
 11
-1.49448
 21
3.82834
  0
LINE
  8
0
 10
-1.49448
 20
3.82834
 11
-1.49722
 21
3.82585
  0
LINE
  8
0
 10
-1.49722
 20
3.82585
 11
-1.50009
 21
3.82349
  0
LINE
  8
0
 10
-1.50009
 20
3.82349
 11
-1.50304
 21
3.82124
  0
LINE
  8
0
 10
-1.50304
 20
3.82124
 11
-1.50609
 21
3.81912
  0
LINE
  8
0
 10
-1.50609
 20
3.81912
 11
-1.50922
 21
3.81714
  0
LINE
  8
0
 10
-1.50922
 20
3.81714
 11
-1.51244
 21
3.81528
  0
LINE
  8
0
 10
-1.51244
 20
3.81528
 11
-1.51573
 21
3.81357
  0
LINE
  8
0
 10
-1.51573
 20
3.81357
 11
-1.51909
 21
3.81198
  0
LINE
  8
0
 10
-1.51909
 20
3.81198
 11
-1.52251
 21
3.81055
  0
LINE
  8
0
 10
-1.52251
 20
3.81055
 11
-1.52599
 21
3.80925
  0
LINE
  8
0
 10
-1.52599
 20
3.80925
 11
-1.52951
 21
3.80811
  0
LINE
  8
0
 10
-1.52951
 20
3.80811
 11
-1.53308
 21
3.80711
  0
LINE
  8
0
 10
-1.53308
 20
3.80711
 11
-1.5367
 21
3.80626
  0
LINE
  8
0
 10
-1.5367
 20
3.80626
 11
-1.54034
 21
3.80556
  0
LINE
  8
0
 10
-1.54034
 20
3.80556
 11
-1.54401
 21
3.80502
  0
LINE
  8
0
 10
-1.54401
 20
3.80502
 11
-1.5477
 21
3.80464
  0
LINE
  8
0
 10
-1.5477
 20
3.80464
 11
-1.55141
 21
3.8044
  0
LINE
  8
0
 10
-1.55141
 20
3.8044
 11
-1.55511
 21
3.80432
  0
LINE
  8
0
 10
-1.55511
 20
3.80432
 11
-1.55882
 21
3.8044
  0
LINE
  8
0
 10
-0.0606995
 20
-2.89838
 11
-0.182022
 21
-2.89328
  0
LINE
  8
0
 10
-0.182022
 20
-2.89328
 11
-0.303024
 21
-2.88313
  0
LINE
  8
0
 10
-0.303024
 20
-2.88313
 11
-0.423492
 21
-2.8679
  0
LINE
  8
0
 10
-0.423492
 20
-2.8679
 11
-0.543213
 21
-2.84766
  0
LINE
  8
0
 10
-0.543213
 20
-2.84766
 11
-0.661987
 21
-2.82242
  0
LINE
  8
0
 10
-0.661987
 20
-2.82242
 11
-0.779602
 21
-2.79222
  0
LINE
  8
0
 10
-0.779602
 20
-2.79222
 11
-0.895844
 21
-2.75713
  0
LINE
  8
0
 10
-0.895844
 20
-2.75713
 11
-1.01051
 21
-2.71719
  0
LINE
  8
0
 10
-1.01051
 20
-2.71719
 11
-1.12341
 21
-2.67249
  0
LINE
  8
0
 10
-1.12341
 20
-2.67249
 11
-1.23433
 21
-2.62309
  0
LINE
  8
0
 10
-1.23433
 20
-2.62309
 11
-1.34309
 21
-2.56911
  0
LINE
  8
0
 10
-1.34309
 20
-2.56911
 11
-1.44949
 21
-2.51062
  0
LINE
  8
0
 10
-1.44949
 20
-2.51062
 11
-1.55336
 21
-2.44771
  0
LINE
  8
0
 10
-1.55336
 20
-2.44771
 11
-1.6545
 21
-2.38052
  0
LINE
  8
0
 10
-1.6545
 20
-2.38052
 11
-1.75273
 21
-2.30914
  0
LINE
  8
0
 10
-1.75273
 20
-2.30914
 11
-1.8479
 21
-2.23372
  0
LINE
  8
0
 10
-1.8479
 20
-2.23372
 11
-1.93982
 21
-2.15439
  0
LINE
  8
0
 10
-1.93982
 20
-2.15439
 11
-2.02832
 21
-2.07126
  0
LINE
  8
0
 10
-2.02832
 20
-2.07126
 11
-2.11328
 21
-1.98451
  0
LINE
  8
0
 10
-2.11328
 20
-1.98451
 11
-2.19453
 21
-1.89427
  0
LINE
  8
0
 10
-2.19453
 20
-1.89427
 11
-2.27193
 21
-1.8007
  0
LINE
  8
0
 10
-2.27193
 20
-1.8007
 11
-2.34535
 21
-1.70399
  0
LINE
  8
0
 10
-2.34535
 20
-1.70399
 11
-2.41464
 21
-1.60428
  0
LINE
  8
0
 10
-2.41464
 20
-1.60428
 11
-2.47971
 21
-1.50175
  0
LINE
  8
0
 10
-2.47971
 20
-1.50175
 11
-2.54042
 21
-1.39661
  0
LINE
  8
0
 10
-2.54042
 20
-1.39661
 11
-2.59668
 21
-1.289
  0
LINE
  8
0
 10
-2.59668
 20
-1.289
 11
-2.64838
 21
-1.17912
  0
LINE
  8
0
 10
-2.64838
 20
-1.17912
 11
-2.69543
 21
-1.06718
  0
LINE
  8
0
 10
-2.69543
 20
-1.06718
 11
-2.73775
 21
-0.953384
  0
LINE
  8
0
 10
-2.73775
 20
-0.953384
 11
-2.77528
 21
-0.837906
  0
LINE
  8
0
 10
-2.77528
 20
-0.837906
 11
-2.80794
 21
-0.720947
  0
LINE
  8
0
 10
-2.80794
 20
-0.720947
 11
-2.83566
 21
-0.602737
  0
LINE
  8
0
 10
-2.83566
 20
-0.602737
 11
-2.85841
 21
-0.483459
  0
LINE
  8
0
 10
-2.85841
 20
-0.483459
 11
-2.87614
 21
-0.363342
  0
LINE
  8
0
 10
-2.87614
 20
-0.363342
 11
-2.88884
 21
-0.242569
  0
LINE
  8
0
 10
-2.88884
 20
-0.242569
 11
-2.89647
 21
-0.121384
  0
LINE
  8
0
 10
-2.89647
 20
-0.121384
 11
-2.899
 21
0
  0
LINE
  8
0
 10
-2.899
 20
0
 11
-2.89647
 21
0.121384
  0
LINE
  8
0
 10
-2.89647
 20
0.121384
 11
-2.88884
 21
0.242569
  0
LINE
  8
0
 10
-2.88884
 20
0.242569
 11
-2.87614
 21
0.363342
  0
LINE
  8
0
 10
-2.87614
 20
0.363342
 11
-2.85841
 21
0.483459
  0
LINE
  8
0
 10
-2.85841
 20
0.483459
 11
-2.83566
 21
0.602737
  0
LINE
  8
0
 10
-2.83566
 20
0.602737
 11
-2.80794
 21
0.720947
  0
LINE
  8
0
 10
-2.80794
 20
0.720947
 11
-2.77528
 21
0.837906
  0
LINE
  8
0
 10
-2.77528
 20
0.837906
 11
-2.73775
 21
0.953384
  0
LINE
  8
0
 10
-2.73775
 20
0.953384
 11
-2.69543
 21
1.06718
  0
LINE
  8
0
 10
-2.69543
 20
1.06718
 11
-2.64838
 21
1.17912
  0
LINE
  8
0
 10
-2.64838
 20
1.17912
 11
-2.59668
 21
1.289
  0
LINE
  8
0
 10
-2.59668
 20
1.289
 11
-2.54042
 21
1.39661
  0
LINE
  8
0
 10
-2.54042
 20
1.39661
 11
-2.47971
 21
1.50175
  0
LINE
  8
0
 10
-2.47971
 20
1.50175
 11
-2.41464
 21
1.60428
  0
LINE
  8
0
 10
-2.41464
 20
1.60428
 11
-2.34535
 21
1.70399
  0
LINE
  8
0
 10
-2.34535
 20
1.70399
 11
-2.27193
 21
1.8007
  0
LINE
  8
0
 10
-2.27193
 20
1.8007
 11
-2.19453
 21
1.89427
  0
LINE
  8
0
 10
-2.19453
 20
1.89427
 11
-2.11328
 21
1.98451
  0
LINE
  8
0
 10
-2.11328
 20
1.98451
 11
-2.02832
 21
2.07126
  0
LINE
  8
0
 10
-2.02832
 20
2.07126
 11
-1.93982
 21
2.15439
  0
LINE
  8
0
 10
-1.93982
 20
2.15439
 11
-1.8479
 21
2.23372
  0
LINE
  8
0
 10
-1.8479
 20
2.23372
 11
-1.75273
 21
2.30914
  0
LINE
  8
0
 10
-1.75273
 20
2.30914
 11
-1.6545
 21
2.38052
  0
LINE
  8
0
 10
-1.6545
 20
2.38052
 11
-1.55336
 21
2.44771
  0
LINE
  8
0
 10
-1.55336
 20
2.44771
 11
-1.44949
 21
2.51062
  0
LINE
  8
0
 10
-1.44949
 20
2.51062
 11
-1.34309
 21
2.56911
  0
LINE
  8
0
 10
-1.34309
 20
2.56911
 11
-1.23433
 21
2.62309
  0
LINE
  8
0
 10
-1.23433
 20
2.62309
 11
-1.12341
 21
2.67249
  0
LINE
  8
0
 10
-1.12341
 20
2.67249
 11
-1.01051
 21
2.71719
  0
LINE
  8
0
 10
-1.01051
 20
2.71719
 11
-0.895844
 21
2.75713
  0
LINE
  8
0
 10
-0.895844
 20
2.75713
 11
-0.779602
 21
2.79222
  0
LINE
  8
0
 10
-0.779602
 20
2.79222
 11
-0.661987
 21
2.82242
  0
LINE
  8
0
 10
-0.661987
 20
2.82242
 11
-0.543213
 21
2.84766
  0
LINE
  8
0
 10
-0.543213
 20
2.84766
 11
-0.423492
 21
2.8679
  0
LINE
  8
0
 10
-0.423492
 20
2.8679
 11
-0.303024
 21
2.88313
  0
LINE
  8
0
 10
-0.303024
 20
2.88313
 11
-0.182022
 21
2.89328
  0
LINE
  8
0
 10
-0.182022
 20
2.89328
 11
-0.0606995
 21
2.89838
  0
LINE
  8
0
 10
-0.0606995
 20
2.89838
 11
0.0606995
 21
2.89838
  0
LINE
  8
0
 10
0.0606995
 20
2.89838
 11
0.182022
 21
2.89328
  0
LINE
  8
0
 10
0.182022
 20
2.89328
 11
0.303024
 21
2.88313
  0
LINE
  8
0
 10
0.303024
 20
2.88313
 11
0.423492
 21
2.8679
  0
LINE
  8
0
 10
0.423492
 20
2.8679
 11
0.543213
 21
2.84766
  0
LINE
  8
0
 10
0.543213
 20
2.84766
 11
0.661987
 21
2.82242
  0
LINE
  8
0
 10
0.661987
 20
2.82242
 11
0.779602
 21
2.79222
  0
LINE
  8
0
 10
0.779602
 20
2.79222
 11
0.895844
 21
2.75713
  0
LINE
  8
0
 10
0.895844
 20
2.75713
 11
1.01051
 21
2.71719
  0
LINE
  8
0
 10
1.01051
 20
2.71719
 11
1.12341
 21
2.67249
  0
LINE
  8
0
 10
1.12341
 20
2.67249
 11
1.23433
 21
2.62309
  0
LINE
  8
0
 10
1.23433
 20
2.62309
 11
1.34309
 21
2.56911
  0
LINE
  8
0
 10
1.34309
 20
2.56911
 11
1.44949
 21
2.51062
  0
LINE
  8
0
 10
1.44949
 20
2.51062
 11
1.55336
 21
2.44771
  0
LINE
  8
0
 10
1.55336
 20
2.44771
 11
1.6545
 21
2.38052
  0
LINE
  8
0
 10
1.6545
 20
2.38052
 11
1.75273
 21
2.30914
  0
LINE
  8
0
 10
1.75273
 20
2.30914
 11
1.8479
 21
2.23372
  0
LINE
  8
0
 10
1.8479
 20
2.23372
 11
1.93982
 21
2.15439
  0
LINE
  8
0
 10
1.93982
 20
2.15439
 11
2.02832
 21
2.07126
  0
LINE
  8
0
 10
2.02832
 20
2.07126
 11
2.11328
 21
1.98451
  0
LINE
  8
0
 10
2.11328
 20
1.98451
 11
2.19453
 21
1.89427
  0
LINE
  8
0
 10
2.19453
 20
1.89427
 11
2.27193
 21
1.8007
  0
LINE
  8
0
 10
2.27193
 20
1.8007
 11
2.34535
 21
1.70399
  0
LINE
  8
0
 10
2.34535
 20
1.70399
 11
2.41464
 21
1.60428
  0
LINE
  8
0
 10
2.41464
 20
1.60428
 11
2.47971
 21
1.50175
  0
LINE
  8
0
 10
2.47971
 20
1.50175
 11
2.54042
 21
1.39661
  0
LINE
  8
0
 10
2.54042
 20
1.39661
 11
2.59668
 21
1.289
  0
LINE
  8
0
 10
2.59668
 20
1.289
 11
2.64838
 21
1.17912
  0
LINE
  8
0
 10
2.64838
 20
1.17912
 11
2.69543
 21
1.06718
  0
LINE
  8
0
 10
2.69543
 20
1.06718
 11
2.73775
 21
0.953384
  0
LINE
  8
0
 10
2.73775
 20
0.953384
 11
2.77528
 21
0.837906
  0
LINE
  8
0
 10
2.77528
 20
0.837906
 11
2.80794
 21
0.720947
  0
LINE
  8
0
 10
2.80794
 20
0.720947
 11
2.83566
 21
0.602737
  0
LINE
  8
0
 10
2.83566
 20
0.602737
 11
2.85841
 21
0.483459
  0
LINE
  8
0
 10
2.85841
 20
0.483459
 11
2.87614
 21
0.363342
  0
LINE
  8
0
 10
2.87614
 20
0.363342
 11
2.88884
 21
0.242569
  0
LINE
  8
0
 10
2.88884
 20
0.242569
 11
2.89647
 21
0.121384
  0
LINE
  8
0
 10
2.89647
 20
0.121384
 11
2.899
 21
0
  0
LINE
  8
0
 10
2.899
 20
0
 11
2.89647
 21
-0.121384
  0
LINE
  8
0
 10
2.89647
 20
-0.121384
 11
2.88884
 21
-0.242569
  0
LINE
  8
0
 10
2.88884
 20
-0.242569
 11
2.87614
 21
-0.363342
  0
LINE
  8
0
 10
2.87614
 20
-0.363342
 11
2.85841
 21
-0.483459
  0
LINE
  8
0
 10
2.85841
 20
-0.483459
 11
2.83566
 21
-0.602737
  0
LINE
  8
0
 10
2.83566
 20
-0.602737
 11
2.80794
 21
-0.720947
  0
LINE
  8
0
 10
2.80794
 20
-0.720947
 11
2.77528
 21
-0.837906
  0
LINE
  8
0
 10
2.77528
 20
-0.837906
 11
2.73775
 21
-0.953384
  0
LINE
  8
0
 10
2.73775
 20
-0.953384
 11
2.69543
 21
-1.06718
  0
LINE
  8
0
 10
2.69543
 20
-1.06718
 11
2.64838
 21
-1.17912
  0
LINE
  8
0
 10
2.64838
 20
-1.17912
 11
2.59668
 21
-1.289
  0
LINE
  8
0
 10
2.59668
 20
-1.289
 11
2.54042
 21
-1.39661
  0
LINE
  8
0
 10
2.54042
 20
-1.39661
 11
2.47971
 21
-1.50175
  0
LINE
  8
0
 10
2.47971
 20
-1.50175
 11
2.41464
 21
-1.60428
  0
LINE
  8
0
 10
2.41464
 20
-1.60428
 11
2.34535
 21
-1.70399
  0
LINE
  8
0
 10
2.34535
 20
-1.70399
 11
2.27193
 21
-1.8007
  0
LINE
  8
0
 10
2.27193
 20
-1.8007
 11
2.19453
 21
-1.89427
  0
LINE
  8
0
 10
2.19453
 20
-1.89427
 11
2.11328
 21
-1.98451
  0
LINE
  8
0
 10
2.11328
 20
-1.98451
 11
2.02832
 21
-2.07126
  0
LINE
  8
0
 10
2.02832
 20
-2.07126
 11
1.93982
 21
-2.15439
  0
LINE
  8
0
 10
1.93982
 20
-2.15439
 11
1.8479
 21
-2.23372
  0
LINE
  8
0
 10
1.8479
 20
-2.23372
 11
1.75273
 21
-2.30914
  0
LINE
  8
0
 10
1.75273
 20
-2.30914
 11
1.6545
 21
-2.38052
  0
LINE
  8
0
 10
1.6545
 20
-2.38052
 11
1.55336
 21
-2.44771
  0
LINE
  8
0
 10
1.55336
 20
-2.44771
 11
1.44949
 21
-2.51062
  0
LINE
  8
0
 10
1.44949
 20
-2.51062
 11
1.34309
 21
-2.56911
  0
LINE
  8
0
 10
1.34309
 20
-2.56911
 11
1.23433
 21
-2.62309
  0
LINE
  8
0
 10
1.23433
 20
-2.62309
 11
1.12341
 21
-2.67249
  0
LINE
  8
0
 10
1.12341
 20
-2.67249
 11
1.01051
 21
-2.71719
  0
LINE
  8
0
 10
1.01051
 20
-2.71719
 11
0.895844
 21
-2.75713
  0
LINE
  8
0
 10
0.895844
 20
-2.75713
 11
0.779602
 21
-2.79222
  0
LINE
  8
0
 10
0.779602
 20
-2.79222
 11
0.661987
 21
-2.82242
  0
LINE
  8
0
 10
0.661987
 20
-2.82242
 11
0.543213
 21
-2.84766
  0
LINE
  8
0
 10
0.543213
 20
-2.84766
 11
0.423492
 21
-2.8679
  0
LINE
  8
0
 10
0.423492
 20
-2.8679
 11
0.303024
 21
-2.88313
  0
LINE
  8
0
 10
0.303024
 20
-2.88313
 11
0.182022
 21
-2.89328
  0
LINE
  8
0
 10
0.182022
 20
-2.89328
 11
0.0606995
 21
-2.89838
  0
LINE
  8
0
 10
0.0606995
 20
-2.89838
 11
-0.0606995
 21
-2.89838
  0
LINE
  8
0
 10
-2.61374
 20
2.39651
 11
-2.62238
 21
2.39716
  0
LINE
  8
0
 10
-2.62238
 20
2.39716
 11
-2.63098
 21
2.39815
  0
LINE
  8
0
 10
-2.63098
 20
2.39815
 11
-2.63953
 21
2.39951
  0
LINE
  8
0
 10
-2.63953
 20
2.39951
 11
-2.64801
 21
2.40121
  0
LINE
  8
0
 10
-2.64801
 20
2.40121
 11
-2.65642
 21
2.40327
  0
LINE
  8
0
 10
-2.65642
 20
2.40327
 11
-2.66473
 21
2.40569
  0
LINE
  8
0
 10
-2.66473
 20
2.40569
 11
-2.67294
 21
2.40845
  0
LINE
  8
0
 10
-2.67294
 20
2.40845
 11
-2.68102
 21
2.41156
  0
LINE
  8
0
 10
-2.68102
 20
2.41156
 11
-2.68896
 21
2.41499
  0
LINE
  8
0
 10
-2.68896
 20
2.41499
 11
-2.69676
 21
2.41876
  0
LINE
  8
0
 10
-2.69676
 20
2.41876
 11
-2.70439
 21
2.42285
  0
LINE
  8
0
 10
-2.70439
 20
2.42285
 11
-2.71184
 21
2.42726
  0
LINE
  8
0
 10
-2.71184
 20
2.42726
 11
-2.7191
 21
2.43198
  0
LINE
  8
0
 10
-2.7191
 20
2.43198
 11
-2.72617
 21
2.43698
  0
LINE
  8
0
 10
-2.72617
 20
2.43698
 11
-2.733
 21
2.44229
  0
LINE
  8
0
 10
-2.733
 20
2.44229
 11
-2.73961
 21
2.44788
  0
LINE
  8
0
 10
-2.73961
 20
2.44788
 11
-2.74599
 21
2.45374
  0
LINE
  8
0
 10
-2.74599
 20
2.45374
 11
-2.75211
 21
2.45987
  0
LINE
  8
0
 10
-2.75211
 20
2.45987
 11
-2.75797
 21
2.46623
  0
LINE
  8
0
 10
-2.75797
 20
2.46623
 11
-2.76355
 21
2.47285
  0
LINE
  8
0
 10
-2.76355
 20
2.47285
 11
-2.76886
 21
2.47969
  0
LINE
  8
0
 10
-2.76886
 20
2.47969
 11
-2.77388
 21
2.48674
  0
LINE
  8
0
 10
-2.77388
 20
2.48674
 11
-2.77859
 21
2.494
  0
LINE
  8
0
 10
-2.77859
 20
2.494
 11
-2.783
 21
2.50146
  0
LINE
  8
0
 10
-2.783
 20
2.50146
 11
-2.78709
 21
2.50909
  0
LINE
  8
0
 10
-2.78709
 20
2.50909
 11
-2.79086
 21
2.51688
  0
LINE
  8
0
 10
-2.79086
 20
2.51688
 11
-2.7943
 21
2.52483
  0
LINE
  8
0
 10
-2.7943
 20
2.52483
 11
-2.79739
 21
2.53291
  0
LINE
  8
0
 10
-2.79739
 20
2.53291
 11
-2.80016
 21
2.54112
  0
LINE
  8
0
 10
-2.80016
 20
2.54112
 11
-2.80258
 21
2.54942
  0
LINE
  8
0
 10
-2.80258
 20
2.54942
 11
-2.80464
 21
2.55783
  0
LINE
  8
0
 10
-2.80464
 20
2.55783
 11
-2.80635
 21
2.56633
  0
LINE
  8
0
 10
-2.80635
 20
2.56633
 11
-2.80771
 21
2.57487
  0
LINE
  8
0
 10
-2.80771
 20
2.57487
 11
-2.8087
 21
2.58348
  0
LINE
  8
0
 10
-2.8087
 20
2.58348
 11
-2.80934
 21
2.5921
  0
LINE
  8
0
 10
-2.80934
 20
2.5921
 11
-2.8096
 21
2.60075
  0
LINE
  8
0
 10
-2.8096
 20
2.60075
 11
-2.80951
 21
2.60942
  0
LINE
  8
0
 10
-2.80951
 20
2.60942
 11
-2.80907
 21
2.61806
  0
LINE
  8
0
 10
-2.80907
 20
2.61806
 11
-2.80824
 21
2.62668
  0
LINE
  8
0
 10
-2.80824
 20
2.62668
 11
-2.80707
 21
2.63525
  0
LINE
  8
0
 10
-2.80707
 20
2.63525
 11
-2.80554
 21
2.64378
  0
LINE
  8
0
 10
-2.80554
 20
2.64378
 11
-2.80365
 21
2.65222
  0
LINE
  8
0
 10
-2.80365
 20
2.65222
 11
-2.80141
 21
2.66058
  0
LINE
  8
0
 10
-2.80141
 20
2.66058
 11
-2.79883
 21
2.66885
  0
LINE
  8
0
 10
-2.79883
 20
2.66885
 11
-2.79588
 21
2.677
  0
LINE
  8
0
 10
-2.79588
 20
2.677
 11
-2.79262
 21
2.68501
  0
LINE
  8
0
 10
-2.79262
 20
2.68501
 11
-2.78902
 21
2.69289
  0
LINE
  8
0
 10
-2.78902
 20
2.69289
 11
-2.78508
 21
2.70059
  0
LINE
  8
0
 10
-2.78508
 20
2.70059
 11
-2.78084
 21
2.70815
  0
LINE
  8
0
 10
-2.78084
 20
2.70815
 11
-2.77628
 21
2.7155
  0
LINE
  8
0
 10
-2.77628
 20
2.7155
 11
-2.77141
 21
2.72266
  0
LINE
  8
0
 10
-2.77141
 20
2.72266
 11
-2.76625
 21
2.72961
  0
LINE
  8
0
 10
-2.76625
 20
2.72961
 11
-2.7608
 21
2.73634
  0
LINE
  8
0
 10
-2.7608
 20
2.73634
 11
-2.75507
 21
2.74283
  0
LINE
  8
0
 10
-2.75507
 20
2.74283
 11
-2.74908
 21
2.74908
  0
LINE
  8
0
 10
-2.74908
 20
2.74908
 11
-2.74283
 21
2.75507
  0
LINE
  8
0
 10
-2.74283
 20
2.75507
 11
-2.73634
 21
2.7608
  0
LINE
  8
0
 10
-2.73634
 20
2.7608
 11
-2.72961
 21
2.76625
  0
LINE
  8
0
 10
-2.72961
 20
2.76625
 11
-2.72266
 21
2.77141
  0
LINE
  8
0
 10
-2.72266
 20
2.77141
 11
-2.7155
 21
2.77628
  0
LINE
  8
0
 10
-2.7155
 20
2.77628
 11
-2.70815
 21
2.78084
  0
LINE
  8
0
 10
-2.70815
 20
2.78084
 11
-2.70059
 21
2.78508
  0
LINE
  8
0
 10
-2.70059
 20
2.78508
 11
-2.69289
 21
2.78902
  0
LINE
  8
0
 10
-2.69289
 20
2.78902
 11
-2.68501
 21
2.79262
  0
LINE
  8
0
 10
-2.68501
 20
2.79262
 11
-2.677
 21
2.79588
  0
LINE
  8
0
 10
-2.677
 20
2.79588
 11
-2.66885
 21
2.79883
  0
LINE
  8
0
 10
-2.66885
 20
2.79883
 11
-2.66058
 21
2.80141
  0
LINE
  8
0
 10
-2.66058
 20
2.80141
 11
-2.65222
 21
2.80365
  0
LINE
  8
0
 10
-2.65222
 20
2.80365
 11
-2.64378
 21
2.80554
  0
LINE
  8
0
 10
-2.64378
 20
2.80554
 11
-2.63525
 21
2.80707
  0
LINE
  8
0
 10
-2.63525
 20
2.80707
 11
-2.62668
 21
2.80824
  0
LINE
  8
0
 10
-2.62668
 20
2.80824
 11
-2.61806
 21
2.80907
  0
LINE
  8
0
 10
-2.61806
 20
2.80907
 11
-2.60942
 21
2.80951
  0
LINE
  8
0
 10
-2.60942
 20
2.80951
 11
-2.60075
 21
2.8096
  0
LINE
  8
0
 10
-2.60075
 20
2.8096
 11
-2.5921
 21
2.80934
  0
LINE
  8
0
 10
-2.5921
 20
2.80934
 11
-2.58348
 21
2.8087
  0
LINE
  8
0
 10
-2.58348
 20
2.8087
 11
-2.57487
 21
2.80771
  0
LINE
  8
0
 10
-2.57487
 20
2.80771
 11
-2.56633
 21
2.80635
  0
LINE
  8
0
 10
-2.56633
 20
2.80635
 11
-2.55783
 21
2.80464
  0
LINE
  8
0
 10
-2.55783
 20
2.80464
 11
-2.54942
 21
2.80258
  0
LINE
  8
0
 10
-2.54942
 20
2.80258
 11
-2.54112
 21
2.80016
  0
LINE
  8
0
 10
-2.54112
 20
2.80016
 11
-2.53291
 21
2.79739
  0
LINE
  8
0
 10
-2.53291
 20
2.79739
 11
-2.52483
 21
2.7943
  0
LINE
  8
0
 10
-2.52483
 20
2.7943
 11
-2.51688
 21
2.79086
  0
LINE
  8
0
 10
-2.51688
 20
2.79086
 11
-2.50909
 21
2.78709
  0
LINE
  8
0
 10
-2.50909
 20
2.78709
 11
-2.50146
 21
2.783
  0
LINE
  8
0
 10
-2.50146
 20
2.783
 11
-2.494
 21
2.77859
  0
LINE
  8
0
 10
-2.494
 20
2.77859
 11
-2.48674
 21
2.77388
  0
LINE
  8
0
 10
-2.48674
 20
2.77388
 11
-2.47969
 21
2.76886
  0
LINE
  8
0
 10
-2.47969
 20
2.76886
 11
-2.47285
 21
2.76355
  0
LINE
  8
0
 10
-2.47285
 20
2.76355
 11
-2.46623
 21
2.75797
  0
LINE
  8
0
 10
-2.46623
 20
2.75797
 11
-2.45987
 21
2.75211
  0
LINE
  8
0
 10
-2.45987
 20
2.75211
 11
-2.45374
 21
2.74599
  0
LINE
  8
0
 10
-2.45374
 20
2.74599
 11
-2.44788
 21
2.73961
  0
LINE
  8
0
 10
-2.44788
 20
2.73961
 11
-2.44229
 21
2.733
  0
LINE
  8
0
 10
-2.44229
 20
2.733
 11
-2.43698
 21
2.72617
  0
LINE
  8
0
 10
-2.43698
 20
2.72617
 11
-2.43198
 21
2.7191
  0
LINE
  8
0
 10
-2.43198
 20
2.7191
 11
-2.42726
 21
2.71184
  0
LINE
  8
0
 10
-2.42726
 20
2.71184
 11
-2.42285
 21
2.70439
  0
LINE
  8
0
 10
-2.42285
 20
2.70439
 11
-2.41876
 21
2.69676
  0
LINE
  8
0
 10
-2.41876
 20
2.69676
 11
-2.41499
 21
2.68896
  0
LINE
  8
0
 10
-2.41499
 20
2.68896
 11
-2.41156
 21
2.68102
  0
LINE
  8
0
 10
-2.41156
 20
2.68102
 11
-2.40845
 21
2.67294
  0
LINE
  8
0
 10
-2.40845
 20
2.67294
 11
-2.40569
 21
2.66473
  0
LINE
  8
0
 10
-2.40569
 20
2.66473
 11
-2.40327
 21
2.65642
  0
LINE
  8
0
 10
-2.40327
 20
2.65642
 11
-2.40121
 21
2.64801
  0
LINE
  8
0
 10
-2.40121
 20
2.64801
 11
-2.39951
 21
2.63953
  0
LINE
  8
0
 10
-2.39951
 20
2.63953
 11
-2.39815
 21
2.63098
  0
LINE
  8
0
 10
-2.39815
 20
2.63098
 11
-2.39716
 21
2.62238
  0
LINE
  8
0
 10
-2.39716
 20
2.62238
 11
-2.39651
 21
2.61374
  0
LINE
  8
0
 10
-2.39651
 20
2.61374
 11
-2.39624
 21
2.60509
  0
LINE
  8
0
 10
-2.39624
 20
2.60509
 11
-2.39633
 21
2.59644
  0
LINE
  8
0
 10
-2.39633
 20
2.59644
 11
-2.39679
 21
2.58778
  0
LINE
  8
0
 10
-2.39679
 20
2.58778
 11
-2.3976
 21
2.57916
  0
LINE
  8
0
 10
-2.3976
 20
2.57916
 11
-2.39877
 21
2.57059
  0
LINE
  8
0
 10
-2.39877
 20
2.57059
 11
-2.40031
 21
2.56207
  0
LINE
  8
0
 10
-2.40031
 20
2.56207
 11
-2.40219
 21
2.55362
  0
LINE
  8
0
 10
-2.40219
 20
2.55362
 11
-2.40443
 21
2.54526
  0
LINE
  8
0
 10
-2.40443
 20
2.54526
 11
-2.40703
 21
2.537
  0
LINE
  8
0
 10
-2.40703
 20
2.537
 11
-2.40996
 21
2.52885
  0
LINE
  8
0
 10
-2.40996
 20
2.52885
 11
-2.41324
 21
2.52084
  0
LINE
  8
0
 10
-2.41324
 20
2.52084
 11
-2.41684
 21
2.51297
  0
LINE
  8
0
 10
-2.41684
 20
2.51297
 11
-2.42076
 21
2.50525
  0
LINE
  8
0
 10
-2.42076
 20
2.50525
 11
-2.42502
 21
2.49771
  0
LINE
  8
0
 10
-2.42502
 20
2.49771
 11
-2.42958
 21
2.49036
  0
LINE
  8
0
 10
-2.42958
 20
2.49036
 11
-2.43445
 21
2.48318
  0
LINE
  8
0
 10
-2.43445
 20
2.48318
 11
-2.43961
 21
2.47624
  0
LINE
  8
0
 10
-2.43961
 20
2.47624
 11
-2.44505
 21
2.46951
  0
LINE
  8
0
 10
-2.44505
 20
2.46951
 11
-2.45078
 21
2.46301
  0
LINE
  8
0
 10
-2.45078
 20
2.46301
 11
-2.45677
 21
2.45677
  0
LINE
  8
0
 10
-2.45677
 20
2.45677
 11
-2.46301
 21
2.45078
  0
LINE
  8
0
 10
-2.46301
 20
2.45078
 11
-2.46951
 21
2.44505
  0
LINE
  8
0
 10
-2.46951
 20
2.44505
 11
-2.47624
 21
2.43961
  0
LINE
  8
0
 10
-2.47624
 20
2.43961
 11
-2.48318
 21
2.43445
  0
LINE
  8
0
 10
-2.48318
 20
2.43445
 11
-2.49036
 21
2.42958
  0
LINE
  8
0
 10
-2.49036
 20
2.42958
 11
-2.49771
 21
2.42502
  0
LINE
  8
0
 10
-2.49771
 20
2.42502
 11
-2.50525
 21
2.42076
  0
LINE
  8
0
 10
-2.50525
 20
2.42076
 11
-2.51297
 21
2.41684
  0
LINE
  8
0
 10
-2.51297
 20
2.41684
 11
-2.52084
 21
2.41324
  0
LINE
  8
0
 10
-2.52084
 20
2.41324
 11
-2.52885
 21
2.40996
  0
LINE
  8
0
 10
-2.52885
 20
2.40996
 11
-2.537
 21
2.40703
  0
LINE
  8
0
 10
-2.537
 20
2.40703
 11
-2.54526
 21
2.40443
  0
LINE
  8
0
 10
-2.54526
 20
2.40443
 11
-2.55362
 21
2.40219
  0
LINE
  8
0
 10
-2.55362
 20
2.40219
 11
-2.56207
 21
2.40031
  0
LINE
  8
0
 10
-2.56207
 20
2.40031
 11
-2.57059
 21
2.39877
  0
LINE
  8
0
 10
-2.57059
 20
2.39877
 11
-2.57916
 21
2.3976
  0
LINE
  8
0
 10
-2.57916
 20
2.3976
 11
-2.58778
 21
2.39679
  0
LINE
  8
0
 10
-2.58778
 20
2.39679
 11
-2.59644
 21
2.39633
  0
LINE
  8
0
 10
-2.59644
 20
2.39633
 11
-2.60509
 21
2.39624
  0
LINE
  8
0
 10
-2.60509
 20
2.39624
 11
-2.61374
 21
2.39651
  0
LINE
  8
0
 10
2.59644
 20
2.39633
 11
2.58778
 21
2.39679
  0
LINE
  8
0
 10
2.58778
 20
2.39679
 11
2.57916
 21
2.3976
  0
LINE
  8
0
 10
2.57916
 20
2.3976
 11
2.57059
 21
2.39877
  0
LINE
  8
0
 10
2.57059
 20
2.39877
 11
2.56207
 21
2.40031
  0
LINE
  8
0
 10
2.56207
 20
2.40031
 11
2.55362
 21
2.40219
  0
LINE
  8
0
 10
2.55362
 20
2.40219
 11
2.54526
 21
2.40443
  0
LINE
  8
0
 10
2.54526
 20
2.40443
 11
2.537
 21
2.40703
  0
LINE
  8
0
 10
2.537
 20
2.40703
 11
2.52885
 21
2.40996
  0
LINE
  8
0
 10
2.52885
 20
2.40996
 11
2.52084
 21
2.41324
  0
LINE
  8
0
 10
2.52084
 20
2.41324
 11
2.51297
 21
2.41684
  0
LINE
  8
0
 10
2.51297
 20
2.41684
 11
2.50525
 21
2.42076
  0
LINE
  8
0
 10
2.50525
 20
2.42076
 11
2.49771
 21
2.42502
  0
LINE
  8
0
 10
2.49771
 20
2.42502
 11
2.49036
 21
2.42958
  0
LINE
  8
0
 10
2.49036
 20
2.42958
 11
2.48318
 21
2.43445
  0
LINE
  8
0
 10
2.48318
 20
2.43445
 11
2.47624
 21
2.43961
  0
LINE
  8
0
 10
2.47624
 20
2.43961
 11
2.46951
 21
2.44505
  0
LINE
  8
0
 10
2.46951
 20
2.44505
 11
2.46301
 21
2.45078
  0
LINE
  8
0
 10
2.46301
 20
2.45078
 11
2.45677
 21
2.45677
  0
LINE
  8
0
 10
2.45677
 20
2.45677
 11
2.45078
 21
2.46301
  0
LINE
  8
0
 10
2.45078
 20
2.46301
 11
2.44505
 21
2.46951
  0
LINE
  8
0
 10
2.44505
 20
2.46951
 11
2.43961
 21
2.47624
  0
LINE
  8
0
 10
2.43961
 20
2.47624
 11
2.43445
 21
2.48318
  0
LINE
  8
0
 10
2.43445
 20
2.48318
 11
2.42958
 21
2.49036
  0
LINE
  8
0
 10
2.42958
 20
2.49036
 11
2.42502
 21
2.49771
  0
LINE
  8
0
 10
2.42502
 20
2.49771
 11
2.42076
 21
2.50525
  0
LINE
  8
0
 10
2.42076
 20
2.50525
 11
2.41684
 21
2.51297
  0
LINE
  8
0
 10
2.41684
 20
2.51297
 11
2.41324
 21
2.52084
  0
LINE
  8
0
 10
2.41324
 20
2.52084
 11
2.40996
 21
2.52885
  0
LINE
  8
0
 10
2.40996
 20
2.52885
 11
2.40703
 21
2.537
  0
LINE
  8
0
 10
2.40703
 20
2.537
 11
2.40443
 21
2.54526
  0
LINE
  8
0
 10
2.40443
 20
2.54526
 11
2.40219
 21
2.55362
  0
LINE
  8
0
 10
2.40219
 20
2.55362
 11
2.40031
 21
2.56207
  0
LINE
  8
0
 10
2.40031
 20
2.56207
 11
2.39877
 21
2.57059
  0
LINE
  8
0
 10
2.39877
 20
2.57059
 11
2.3976
 21
2.57916
  0
LINE
  8
0
 10
2.3976
 20
2.57916
 11
2.39679
 21
2.58778
  0
LINE
  8
0
 10
2.39679
 20
2.58778
 11
2.39633
 21
2.59644
  0
LINE
  8
0
 10
2.39633
 20
2.59644
 11
2.39624
 21
2.60509
  0
LINE
  8
0
 10
2.39624
 20
2.60509
 11
2.39651
 21
2.61374
  0
LINE
  8
0
 10
2.39651
 20
2.61374
 11
2.39716
 21
2.62238
  0
LINE
  8
0
 10
2.39716
 20
2.62238
 11
2.39815
 21
2.63098
  0
LINE
  8
0
 10
2.39815
 20
2.63098
 11
2.39951
 21
2.63953
  0
LINE
  8
0
 10
2.39951
 20
2.63953
 11
2.40121
 21
2.64801
  0
LINE
  8
0
 10
2.40121
 20
2.64801
 11
2.40327
 21
2.65642
  0
LINE
  8
0
 10
2.40327
 20
2.65642
 11
2.40569
 21
2.66473
  0
LINE
  8
0
 10
2.40569
 20
2.66473
 11
2.40845
 21
2.67294
  0
LINE
  8
0
 10
2.40845
 20
2.67294
 11
2.41156
 21
2.68102
  0
LINE
  8
0
 10
2.41156
 20
2.68102
 11
2.41499
 21
2.68896
  0
LINE
  8
0
 10
2.41499
 20
2.68896
 11
2.41876
 21
2.69676
  0
LINE
  8
0
 10
2.41876
 20
2.69676
 11
2.42285
 21
2.70439
  0
LINE
  8
0
 10
2.42285
 20
2.70439
 11
2.42726
 21
2.71184
  0
LINE
  8
0
 10
2.42726
 20
2.71184
 11
2.43198
 21
2.7191
  0
LINE
  8
0
 10
2.43198
 20
2.7191
 11
2.43698
 21
2.72617
  0
LINE
  8
0
 10
2.43698
 20
2.72617
 11
2.44229
 21
2.733
  0
LINE
  8
0
 10
2.44229
 20
2.733
 11
2.44788
 21
2.73961
  0
LINE
  8
0
 10
2.44788
 20
2.73961
 11
2.45374
 21
2.74599
  0
LINE
  8
0
 10
2.45374
 20
2.74599
 11
2.45987
 21
2.75211
  0
LINE
  8
0
 10
2.45987
 20
2.75211
 11
2.46623
 21
2.75797
  0
LINE
  8
0
 10
2.46623
 20
2.75797
 11
2.47285
 21
2.76355
  0
LINE
  8
0
 10
2.47285
 20
2.76355
 11
2.47969
 21
2.76886
  0
LINE
  8
0
 10
2.47969
 20
2.76886
 11
2.48674
 21
2.77388
  0
LINE
  8
0
 10
2.48674
 20
2.77388
 11
2.494
 21
2.77859
  0
LINE
  8
0
 10
2.494
 20
2.77859
 11
2.50146
 21
2.783
  0
LINE
  8
0
 10
2.50146
 20
2.783
 11
2.50909
 21
2.78709
  0
LINE
  8
0
 10
2.50909
 20
2.78709
 11
2.51688
 21
2.79086
  0
LINE
  8
0
 10
2.51688
 20
2.79086
 11
2.52483
 21
2.7943
  0
LINE
  8
0
 10
2.52483
 20
2.7943
 11
2.53291
 21
2.79739
  0
LINE
  8
0
 10
2.53291
 20
2.79739
 11
2.54112
 21
2.80016
  0
LINE
  8
0
 10
2.54112
 20
2.80016
 11
2.54942
 21
2.80258
  0
LINE
  8
0
 10
2.54942
 20
2.80258
 11
2.55783
 21
2.80464
  0
LINE
  8
0
 10
2.55783
 20
2.80464
 11
2.56633
 21
2.80635
  0
LINE
  8
0
 10
2.56633
 20
2.80635
 11
2.57487
 21
2.80771
  0
LINE
  8
0
 10
2.57487
 20
2.80771
 11
2.58348
 21
2.8087
  0
LINE
  8
0
 10
2.58348
 20
2.8087
 11
2.5921
 21
2.80934
  0
LINE
  8
0
 10
2.5921
 20
2.80934
 11
2.60075
 21
2.8096
  0
LINE
  8
0
 10
2.60075
 20
2.8096
 11
2.60942
 21
2.80951
  0
LINE
  8
0
 10
2.60942
 20
2.80951
 11
2.61806
 21
2.80907
  0
LINE
  8
0
 10
2.61806
 20
2.80907
 11
2.62668
 21
2.80824
  0
LINE
  8
0
 10
2.62668
 20
2.80824
 11
2.63525
 21
2.80707
  0
LINE
  8
0
 10
2.63525
 20
2.80707
 11
2.64378
 21
2.80554
  0
LINE
  8
0
 10
2.64378
 20
2.80554
 11
2.65222
 21
2.80365
  0
LINE
  8
0
 10
2.65222
 20
2.80365
 11
2.66058
 21
2.80141
  0
LINE
  8
0
 10
2.66058
 20
2.80141
 11
2.66885
 21
2.79883
  0
LINE
  8
0
 10
2.66885
 20
2.79883
 11
2.677
 21
2.79588
  0
LINE
  8
0
 10
2.677
 20
2.79588
 11
2.68501
 21
2.79262
  0
LINE
  8
0
 10
2.68501
 20
2.79262
 11
2.69289
 21
2.78902
  0
LINE
  8
0
 10
2.69289
 20
2.78902
 11
2.70059
 21
2.78508
  0
LINE
  8
0
 10
2.70059
 20
2.78508
 11
2.70815
 21
2.78084
  0
LINE
  8
0
 10
2.70815
 20
2.78084
 11
2.7155
 21
2.77628
  0
LINE
  8
0
 10
2.7155
 20
2.77628
 11
2.72266
 21
2.77141
  0
LINE
  8
0
 10
2.72266
 20
2.77141
 11
2.72961
 21
2.76625
  0
LINE
  8
0
 10
2.72961
 20
2.76625
 11
2.73634
 21
2.7608
  0
LINE
  8
0
 10
2.73634
 20
2.7608
 11
2.74283
 21
2.75507
  0
LINE
  8
0
 10
2.74283
 20
2.75507
 11
2.74908
 21
2.74908
  0
LINE
  8
0
 10
2.74908
 20
2.74908
 11
2.75507
 21
2.74283
  0
LINE
  8
0
 10
2.75507
 20
2.74283
 11
2.7608
 21
2.73634
  0
LINE
  8
0
 10
2.7608
 20
2.73634
 11
2.76625
 21
2.72961
  0
LINE
  8
0
 10
2.76625
 20
2.72961
 11
2.77141
 21
2.72266
  0
LINE
  8
0
 10
2.77141
 20
2.72266
 11
2.77628
 21
2.7155
  0
LINE
  8
0
 10
2.77628
 20
2.7155
 11
2.78084
 21
2.70815
  0
LINE
  8
0
 10
2.78084
 20
2.70815
 11
2.78508
 21
2.70059
  0
LINE
  8
0
 10
2.78508
 20
2.70059
 11
2.78902
 21
2.69289
  0
LINE
  8
0
 10
2.78902
 20
2.69289
 11
2.79262
 21
2.68501
  0
LINE
  8
0
 10
2.79262
 20
2.68501
 11
2.79588
 21
2.677
  0
LINE
  8
0
 10
2.79588
 20
2.677
 11
2.79883
 21
2.66885
  0
LINE
  8
0
 10
2.79883
 20
2.66885
 11
2.80141
 21
2.66058
  0
LINE
  8
0
 10
2.80141
 20
2.66058
 11
2.80365
 21
2.65222
  0
LINE
  8
0
 10
2.80365
 20
2.65222
 11
2.80554
 21
2.64378
  0
LINE
  8
0
 10
2.80554
 20
2.64378
 11
2.80707
 21
2.63525
  0
LINE
  8
0
 10
2.80707
 20
2.63525
 11
2.80824
 21
2.62668
  0
LINE
  8
0
 10
2.80824
 20
2.62668
 11
2.80907
 21
2.61806
  0
LINE
  8
0
 10
2.80907
 20
2.61806
 11
2.80951
 21
2.60942
  0
LINE
  8
0
 10
2.80951
 20
2.60942
 11
2.8096
 21
2.60075
  0
LINE
  8
0
 10
2.8096
 20
2.60075
 11
2.80934
 21
2.5921
  0
LINE
  8
0
 10
2.80934
 20
2.5921
 11
2.8087
 21
2.58348
  0
LINE
  8
0
 10
2.8087
 20
2.58348
 11
2.80771
 21
2.57487
  0
LINE
  8
0
 10
2.80771
 20
2.57487
 11
2.80635
 21
2.56633
  0
LINE
  8
0
 10
2.80635
 20
2.56633
 11
2.80464
 21
2.55783
  0
LINE
  8
0
 10
2.80464
 20
2.55783
 11
2.80258
 21
2.54942
  0
LINE
  8
0
 10
2.80258
 20
2.54942
 11
2.80016
 21
2.54112
  0
LINE
  8
0
 10
2.80016
 20
2.54112
 11
2.79739
 21
2.53291
  0
LINE
  8
0
 10
2.79739
 20
2.53291
 11
2.7943
 21
2.52483
  0
LINE
  8
0
 10
2.7943
 20
2.52483
 11
2.79086
 21
2.51688
  0
LINE
  8
0
 10
2.79086
 20
2.51688
 11
2.78709
 21
2.50909
  0
LINE
  8
0
 10
2.78709
 20
2.50909
 11
2.783
 21
2.50146
  0
LINE
  8
0
 10
2.783
 20
2.50146
 11
2.77859
 21
2.494
  0
LINE
  8
0
 10
2.77859
 20
2.494
 11
2.77388
 21
2.48674
  0
LINE
  8
0
 10
2.77388
 20
2.48674
 11
2.76886
 21
2.47969
  0
LINE
  8
0
 10
2.76886
 20
2.47969
 11
2.76355
 21
2.47285
  0
LINE
  8
0
 10
2.76355
 20
2.47285
 11
2.75797
 21
2.46623
  0
LINE
  8
0
 10
2.75797
 20
2.46623
 11
2.75211
 21
2.45987
  0
LINE
  8
0
 10
2.75211
 20
2.45987
 11
2.74599
 21
2.45374
  0
LINE
  8
0
 10
2.74599
 20
2.45374
 11
2.73961
 21
2.44788
  0
LINE
  8
0
 10
2.73961
 20
2.44788
 11
2.733
 21
2.44229
  0
LINE
  8
0
 10
2.733
 20
2.44229
 11
2.72617
 21
2.43698
  0
LINE
  8
0
 10
2.72617
 20
2.43698
 11
2.7191
 21
2.43198
  0
LINE
  8
0
 10
2.7191
 20
2.43198
 11
2.71184
 21
2.42726
  0
LINE
  8
0
 10
2.71184
 20
2.42726
 11
2.70439
 21
2.42285
  0
LINE
  8
0
 10
2.70439
 20
2.42285
 11
2.69676
 21
2.41876
  0
LINE
  8
0
 10
2.69676
 20
2.41876
 11
2.68896
 21
2.41499
  0
LINE
  8
0
 10
2.68896
 20
2.41499
 11
2.68102
 21
2.41156
  0
LINE
  8
0
 10
2.68102
 20
2.41156
 11
2.67294
 21
2.40845
  0
LINE
  8
0
 10
2.67294
 20
2.40845
 11
2.66473
 21
2.40569
  0
LINE
  8
0
 10
2.66473
 20
2.40569
 11
2.65642
 21
2.40327
  0
LINE
  8
0
 10
2.65642
 20
2.40327
 11
2.64801
 21
2.40121
  0
LINE
  8
0
 10
2.64801
 20
2.40121
 11
2.63953
 21
2.39951
  0
LINE
  8
0
 10
2.63953
 20
2.39951
 11
2.63098
 21
2.39815
  0
LINE
  8
0
 10
2.63098
 20
2.39815
 11
2.62238
 21
2.39716
  0
LINE
  8
0
 10
2.62238
 20
2.39716
 11
2.61374
 21
2.39651
  0
LINE
  8
0
 10
2.61374
 20
2.39651
 11
2.60509
 21
2.39624
  0
LINE
  8
0
 10
2.60509
 20
2.39624
 11
2.59644
 21
2.39633
  0
LINE
  8
0
 10
-5.29668
 20
2.30804
 11
-5.30006
 21
2.3082
  0
LINE
  8
0
 10
-5.30006
 20
2.3082
 11
-5.30344
 21
2.30847
  0
LINE
  8
0
 10
-5.30344
 20
2.30847
 11
-5.30678
 21
2.3089
  0
LINE
  8
0
 10
-5.30678
 20
2.3089
 11
-5.31012
 21
2.30946
  0
LINE
  8
0
 10
-5.31012
 20
2.30946
 11
-5.31342
 21
2.31017
  0
LINE
  8
0
 10
-5.31342
 20
2.31017
 11
-5.3167
 21
2.311
  0
LINE
  8
0
 10
-5.3167
 20
2.311
 11
-5.31993
 21
2.31198
  0
LINE
  8
0
 10
-5.31993
 20
2.31198
 11
-5.32312
 21
2.3131
  0
LINE
  8
0
 10
-5.32312
 20
2.3131
 11
-5.32626
 21
2.31433
  0
LINE
  8
0
 10
-5.32626
 20
2.31433
 11
-5.32936
 21
2.31572
  0
LINE
  8
0
 10
-5.32936
 20
2.31572
 11
-5.33238
 21
2.31721
  0
LINE
  8
0
 10
-5.33238
 20
2.31721
 11
-5.33534
 21
2.31885
  0
LINE
  8
0
 10
-5.33534
 20
2.31885
 11
-5.33824
 21
2.3206
  0
LINE
  8
0
 10
-5.33824
 20
2.3206
 11
-5.34105
 21
2.32246
  0
LINE
  8
0
 10
-5.34105
 20
2.32246
 11
-5.3438
 21
2.32445
  0
LINE
  8
0
 10
-5.3438
 20
2.32445
 11
-5.34644
 21
2.32655
  0
LINE
  8
0
 10
-5.34644
 20
2.32655
 11
-5.349
 21
2.32877
  0
LINE
  8
0
 10
-5.349
 20
2.32877
 11
-5.35146
 21
2.33107
  0
LINE
  8
0
 10
-5.35146
 20
2.33107
 11
-5.35382
 21
2.3335
  0
LINE
  8
0
 10
-5.35382
 20
2.3335
 11
-5.35609
 21
2.336
  0
LINE
  8
0
 10
-5.35609
 20
2.336
 11
-5.35825
 21
2.33861
  0
LINE
  8
0
 10
-5.35825
 20
2.33861
 11
-5.36029
 21
2.34131
  0
LINE
  8
0
 10
-5.36029
 20
2.34131
 11
-5.36221
 21
2.34407
  0
LINE
  8
0
 10
-5.36221
 20
2.34407
 11
-5.36403
 21
2.34694
  0
LINE
  8
0
 10
-5.36403
 20
2.34694
 11
-5.36572
 21
2.34985
  0
LINE
  8
0
 10
-5.36572
 20
2.34985
 11
-5.36728
 21
2.35286
  0
LINE
  8
0
 10
-5.36728
 20
2.35286
 11
-5.36873
 21
2.35591
  0
LINE
  8
0
 10
-5.36873
 20
2.35591
 11
-5.37004
 21
2.35902
  0
LINE
  8
0
 10
-5.37004
 20
2.35902
 11
-5.37122
 21
2.3622
  0
LINE
  8
0
 10
-5.37122
 20
2.3622
 11
-5.37225
 21
2.36542
  0
LINE
  8
0
 10
-5.37225
 20
2.36542
 11
-5.37317
 21
2.36867
  0
LINE
  8
0
 10
-5.37317
 20
2.36867
 11
-5.37393
 21
2.37196
  0
LINE
  8
0
 10
-5.37393
 20
2.37196
 11
-5.37457
 21
2.37527
  0
LINE
  8
0
 10
-5.37457
 20
2.37527
 11
-5.37506
 21
2.37863
  0
LINE
  8
0
 10
-5.37506
 20
2.37863
 11
-5.37541
 21
2.38199
  0
LINE
  8
0
 10
-5.37541
 20
2.38199
 11
-5.37563
 21
2.38536
  0
LINE
  8
0
 10
-5.37563
 20
2.38536
 11
-5.3757
 21
2.38875
  0
LINE
  8
0
 10
-5.3757
 20
2.38875
 11
-5.37563
 21
2.39212
  0
LINE
  8
0
 10
-5.37563
 20
2.39212
 11
-5.37541
 21
2.39549
  0
LINE
  8
0
 10
-5.37541
 20
2.39549
 11
-5.37506
 21
2.39885
  0
LINE
  8
0
 10
-5.37506
 20
2.39885
 11
-5.37457
 21
2.40221
  0
LINE
  8
0
 10
-5.37457
 20
2.40221
 11
-5.37393
 21
2.40552
  0
LINE
  8
0
 10
-5.37393
 20
2.40552
 11
-5.37317
 21
2.40881
  0
LINE
  8
0
 10
-5.37317
 20
2.40881
 11
-5.37225
 21
2.41206
  0
LINE
  8
0
 10
-5.37225
 20
2.41206
 11
-5.37122
 21
2.41528
  0
LINE
  8
0
 10
-5.37122
 20
2.41528
 11
-5.37004
 21
2.41846
  0
LINE
  8
0
 10
-5.37004
 20
2.41846
 11
-5.36873
 21
2.42157
  0
LINE
  8
0
 10
-5.36873
 20
2.42157
 11
-5.36728
 21
2.42462
  0
LINE
  8
0
 10
-5.36728
 20
2.42462
 11
-5.36572
 21
2.42763
  0
LINE
  8
0
 10
-5.36572
 20
2.42763
 11
-5.36403
 21
2.43056
  0
LINE
  8
0
 10
-5.36403
 20
2.43056
 11
-5.36221
 21
2.43341
  0
LINE
  8
0
 10
-5.36221
 20
2.43341
 11
-5.36029
 21
2.43619
  0
LINE
  8
0
 10
-5.36029
 20
2.43619
 11
-5.35825
 21
2.43887
  0
LINE
  8
0
 10
-5.35825
 20
2.43887
 11
-5.35609
 21
2.44148
  0
LINE
  8
0
 10
-5.35609
 20
2.44148
 11
-5.35382
 21
2.44398
  0
LINE
  8
0
 10
-5.35382
 20
2.44398
 11
-5.35146
 21
2.44641
  0
LINE
  8
0
 10
-5.35146
 20
2.44641
 11
-5.349
 21
2.44872
  0
LINE
  8
0
 10
-5.349
 20
2.44872
 11
-5.34644
 21
2.45093
  0
LINE
  8
0
 10
-5.34644
 20
2.45093
 11
-5.3438
 21
2.45303
  0
LINE
  8
0
 10
-5.3438
 20
2.45303
 11
-5.34105
 21
2.45502
  0
LINE
  8
0
 10
-5.34105
 20
2.45502
 11
-5.33824
 21
2.45688
  0
LINE
  8
0
 10
-5.33824
 20
2.45688
 11
-5.33534
 21
2.45863
  0
LINE
  8
0
 10
-5.33534
 20
2.45863
 11
-5.33238
 21
2.46027
  0
LINE
  8
0
 10
-5.33238
 20
2.46027
 11
-5.32936
 21
2.46176
  0
LINE
  8
0
 10
-5.32936
 20
2.46176
 11
-5.32626
 21
2.46315
  0
LINE
  8
0
 10
-5.32626
 20
2.46315
 11
-5.32312
 21
2.46439
  0
LINE
  8
0
 10
-5.32312
 20
2.46439
 11
-5.31993
 21
2.4655
  0
LINE
  8
0
 10
-5.31993
 20
2.4655
 11
-5.3167
 21
2.46648
  0
LINE
  8
0
 10
-5.3167
 20
2.46648
 11
-5.31342
 21
2.46732
  0
LINE
  8
0
 10
-5.31342
 20
2.46732
 11
-5.31012
 21
2.46802
  0
LINE
  8
0
 10
-5.31012
 20
2.46802
 11
-5.30678
 21
2.46858
  0
LINE
  8
0
 10
-5.30678
 20
2.46858
 11
-5.30344
 21
2.46901
  0
LINE
  8
0
 10
-5.30344
 20
2.46901
 11
-5.30006
 21
2.46928
  0
LINE
  8
0
 10
-5.30006
 20
2.46928
 11
-5.29668
 21
2.46944
  0
LINE
  8
0
 10
-5.29668
 20
2.46944
 11
-5.2933
 21
2.46944
  0
LINE
  8
0
 10
-5.2933
 20
2.46944
 11
-5.28993
 21
2.46928
  0
LINE
  8
0
 10
-5.28993
 20
2.46928
 11
-5.28656
 21
2.46901
  0
LINE
  8
0
 10
-5.28656
 20
2.46901
 11
-5.2832
 21
2.46858
  0
LINE
  8
0
 10
-5.2832
 20
2.46858
 11
-5.27988
 21
2.46802
  0
LINE
  8
0
 10
-5.27988
 20
2.46802
 11
-5.27657
 21
2.46732
  0
LINE
  8
0
 10
-5.27657
 20
2.46732
 11
-5.27328
 21
2.46648
  0
LINE
  8
0
 10
-5.27328
 20
2.46648
 11
-5.27005
 21
2.4655
  0
LINE
  8
0
 10
-5.27005
 20
2.4655
 11
-5.26686
 21
2.46439
  0
LINE
  8
0
 10
-5.26686
 20
2.46439
 11
-5.26372
 21
2.46315
  0
LINE
  8
0
 10
-5.26372
 20
2.46315
 11
-5.26064
 21
2.46176
  0
LINE
  8
0
 10
-5.26064
 20
2.46176
 11
-5.2576
 21
2.46027
  0
LINE
  8
0
 10
-5.2576
 20
2.46027
 11
-5.25464
 21
2.45863
  0
LINE
  8
0
 10
-5.25464
 20
2.45863
 11
-5.25175
 21
2.45688
  0
LINE
  8
0
 10
-5.25175
 20
2.45688
 11
-5.24893
 21
2.45502
  0
LINE
  8
0
 10
-5.24893
 20
2.45502
 11
-5.2462
 21
2.45303
  0
LINE
  8
0
 10
-5.2462
 20
2.45303
 11
-5.24355
 21
2.45093
  0
LINE
  8
0
 10
-5.24355
 20
2.45093
 11
-5.24098
 21
2.44872
  0
LINE
  8
0
 10
-5.24098
 20
2.44872
 11
-5.23853
 21
2.44641
  0
LINE
  8
0
 10
-5.23853
 20
2.44641
 11
-5.23616
 21
2.44398
  0
LINE
  8
0
 10
-5.23616
 20
2.44398
 11
-5.2339
 21
2.44148
  0
LINE
  8
0
 10
-5.2339
 20
2.44148
 11
-5.23174
 21
2.43887
  0
LINE
  8
0
 10
-5.23174
 20
2.43887
 11
-5.22971
 21
2.43619
  0
LINE
  8
0
 10
-5.22971
 20
2.43619
 11
-5.22777
 21
2.43341
  0
LINE
  8
0
 10
-5.22777
 20
2.43341
 11
-5.22595
 21
2.43056
  0
LINE
  8
0
 10
-5.22595
 20
2.43056
 11
-5.22427
 21
2.42763
  0
LINE
  8
0
 10
-5.22427
 20
2.42763
 11
-5.2227
 21
2.42462
  0
LINE
  8
0
 10
-5.2227
 20
2.42462
 11
-5.22127
 21
2.42157
  0
LINE
  8
0
 10
-5.22127
 20
2.42157
 11
-5.21996
 21
2.41846
  0
LINE
  8
0
 10
-5.21996
 20
2.41846
 11
-5.21878
 21
2.41528
  0
LINE
  8
0
 10
-5.21878
 20
2.41528
 11
-5.21773
 21
2.41206
  0
LINE
  8
0
 10
-5.21773
 20
2.41206
 11
-5.21683
 21
2.40881
  0
LINE
  8
0
 10
-5.21683
 20
2.40881
 11
-5.21605
 21
2.40552
  0
LINE
  8
0
 10
-5.21605
 20
2.40552
 11
-5.21541
 21
2.40221
  0
LINE
  8
0
 10
-5.21541
 20
2.40221
 11
-5.21492
 21
2.39885
  0
LINE
  8
0
 10
-5.21492
 20
2.39885
 11
-5.21457
 21
2.39549
  0
LINE
  8
0
 10
-5.21457
 20
2.39549
 11
-5.21436
 21
2.39212
  0
LINE
  8
0
 10
-5.21436
 20
2.39212
 11
-5.21428
 21
2.38875
  0
LINE
  8
0
 10
-5.21428
 20
2.38875
 11
-5.21436
 21
2.38536
  0
LINE
  8
0
 10
-5.21436
 20
2.38536
 11
-5.21457
 21
2.38199
  0
LINE
  8
0
 10
-5.21457
 20
2.38199
 11
-5.21492
 21
2.37863
  0
LINE
  8
0
 10
-5.21492
 20
2.37863
 11
-5.21541
 21
2.37527
  0
LINE
  8
0
 10
-5.21541
 20
2.37527
 11
-5.21605
 21
2.37196
  0
LINE
  8
0
 10
-5.21605
 20
2.37196
 11
-5.21683
 21
2.36867
  0
LINE
  8
0
 10
-5.21683
 20
2.36867
 11
-5.21773
 21
2.36542
  0
LINE
  8
0
 10
-5.21773
 20
2.36542
 11
-5.21878
 21
2.3622
  0
LINE
  8
0
 10
-5.21878
 20
2.3622
 11
-5.21996
 21
2.35902
  0
LINE
  8
0
 10
-5.21996
 20
2.35902
 11
-5.22127
 21
2.35591
  0
LINE
  8
0
 10
-5.22127
 20
2.35591
 11
-5.2227
 21
2.35286
  0
LINE
  8
0
 10
-5.2227
 20
2.35286
 11
-5.22427
 21
2.34985
  0
LINE
  8
0
 10
-5.22427
 20
2.34985
 11
-5.22595
 21
2.34694
  0
LINE
  8
0
 10
-5.22595
 20
2.34694
 11
-5.22777
 21
2.34407
  0
LINE
  8
0
 10
-5.22777
 20
2.34407
 11
-5.22971
 21
2.34131
  0
LINE
  8
0
 10
-5.22971
 20
2.34131
 11
-5.23174
 21
2.33861
  0
LINE
  8
0
 10
-5.23174
 20
2.33861
 11
-5.2339
 21
2.336
  0
LINE
  8
0
 10
-5.2339
 20
2.336
 11
-5.23616
 21
2.3335
  0
LINE
  8
0
 10
-5.23616
 20
2.3335
 11
-5.23853
 21
2.33107
  0
LINE
  8
0
 10
-5.23853
 20
2.33107
 11
-5.24098
 21
2.32877
  0
LINE
  8
0
 10
-5.24098
 20
2.32877
 11
-5.24355
 21
2.32655
  0
LINE
  8
0
 10
-5.24355
 20
2.32655
 11
-5.2462
 21
2.32445
  0
LINE
  8
0
 10
-5.2462
 20
2.32445
 11
-5.24893
 21
2.32246
  0
LINE
  8
0
 10
-5.24893
 20
2.32246
 11
-5.25175
 21
2.3206
  0
LINE
  8
0
 10
-5.25175
 20
2.3206
 11
-5.25464
 21
2.31885
  0
LINE
  8
0
 10
-5.25464
 20
2.31885
 11
-5.2576
 21
2.31721
  0
LINE
  8
0
 10
-5.2576
 20
2.31721
 11
-5.26064
 21
2.31572
  0
LINE
  8
0
 10
-5.26064
 20
2.31572
 11
-5.26372
 21
2.31433
  0
LINE
  8
0
 10
-5.26372
 20
2.31433
 11
-5.26686
 21
2.3131
  0
LINE
  8
0
 10
-5.26686
 20
2.3131
 11
-5.27005
 21
2.31198
  0
LINE
  8
0
 10
-5.27005
 20
2.31198
 11
-5.27328
 21
2.311
  0
LINE
  8
0
 10
-5.27328
 20
2.311
 11
-5.27657
 21
2.31017
  0
LINE
  8
0
 10
-5.27657
 20
2.31017
 11
-5.27988
 21
2.30946
  0
LINE
  8
0
 10
-5.27988
 20
2.30946
 11
-5.2832
 21
2.3089
  0
LINE
  8
0
 10
-5.2832
 20
2.3089
 11
-5.28656
 21
2.30847
  0
LINE
  8
0
 10
-5.28656
 20
2.30847
 11
-5.28993
 21
2.3082
  0
LINE
  8
0
 10
-5.28993
 20
2.3082
 11
-5.2933
 21
2.30804
  0
LINE
  8
0
 10
-5.2933
 20
2.30804
 11
-5.29668
 21
2.30804
  0
LINE
  8
0
 10
3.6133
 20
2.30804
 11
3.60992
 21
2.3082
  0
LINE
  8
0
 10
3.60992
 20
2.3082
 11
3.60655
 21
2.30847
  0
LINE
  8
0
 10
3.60655
 20
2.30847
 11
3.60321
 21
2.3089
  0
LINE
  8
0
 10
3.60321
 20
2.3089
 11
3.59987
 21
2.30946
  0
LINE
  8
0
 10
3.59987
 20
2.30946
 11
3.59656
 21
2.31017
  0
LINE
  8
0
 10
3.59656
 20
2.31017
 11
3.59329
 21
2.311
  0
LINE
  8
0
 10
3.59329
 20
2.311
 11
3.59006
 21
2.31198
  0
LINE
  8
0
 10
3.59006
 20
2.31198
 11
3.58685
 21
2.3131
  0
LINE
  8
0
 10
3.58685
 20
2.3131
 11
3.58371
 21
2.31433
  0
LINE
  8
0
 10
3.58371
 20
2.31433
 11
3.58063
 21
2.31572
  0
LINE
  8
0
 10
3.58063
 20
2.31572
 11
3.57761
 21
2.31721
  0
LINE
  8
0
 10
3.57761
 20
2.31721
 11
3.57465
 21
2.31885
  0
LINE
  8
0
 10
3.57465
 20
2.31885
 11
3.57175
 21
2.3206
  0
LINE
  8
0
 10
3.57175
 20
2.3206
 11
3.56892
 21
2.32246
  0
LINE
  8
0
 10
3.56892
 20
2.32246
 11
3.56619
 21
2.32445
  0
LINE
  8
0
 10
3.56619
 20
2.32445
 11
3.56355
 21
2.32655
  0
LINE
  8
0
 10
3.56355
 20
2.32655
 11
3.56099
 21
2.32877
  0
LINE
  8
0
 10
3.56099
 20
2.32877
 11
3.55852
 21
2.33107
  0
LINE
  8
0
 10
3.55852
 20
2.33107
 11
3.55615
 21
2.3335
  0
LINE
  8
0
 10
3.55615
 20
2.3335
 11
3.55389
 21
2.336
  0
LINE
  8
0
 10
3.55389
 20
2.336
 11
3.55174
 21
2.33861
  0
LINE
  8
0
 10
3.55174
 20
2.33861
 11
3.5497
 21
2.34131
  0
LINE
  8
0
 10
3.5497
 20
2.34131
 11
3.54778
 21
2.34407
  0
LINE
  8
0
 10
3.54778
 20
2.34407
 11
3.54596
 21
2.34694
  0
LINE
  8
0
 10
3.54596
 20
2.34694
 11
3.54427
 21
2.34985
  0
LINE
  8
0
 10
3.54427
 20
2.34985
 11
3.54269
 21
2.35286
  0
LINE
  8
0
 10
3.54269
 20
2.35286
 11
3.54126
 21
2.35591
  0
LINE
  8
0
 10
3.54126
 20
2.35591
 11
3.53995
 21
2.35902
  0
LINE
  8
0
 10
3.53995
 20
2.35902
 11
3.53877
 21
2.3622
  0
LINE
  8
0
 10
3.53877
 20
2.3622
 11
3.53773
 21
2.36542
  0
LINE
  8
0
 10
3.53773
 20
2.36542
 11
3.53682
 21
2.36867
  0
LINE
  8
0
 10
3.53682
 20
2.36867
 11
3.53604
 21
2.37196
  0
LINE
  8
0
 10
3.53604
 20
2.37196
 11
3.53542
 21
2.37527
  0
LINE
  8
0
 10
3.53542
 20
2.37527
 11
3.53493
 21
2.37863
  0
LINE
  8
0
 10
3.53493
 20
2.37863
 11
3.53456
 21
2.38199
  0
LINE
  8
0
 10
3.53456
 20
2.38199
 11
3.53435
 21
2.38536
  0
LINE
  8
0
 10
3.53435
 20
2.38536
 11
3.53429
 21
2.38875
  0
LINE
  8
0
 10
3.53429
 20
2.38875
 11
3.53435
 21
2.39212
  0
LINE
  8
0
 10
3.53435
 20
2.39212
 11
3.53456
 21
2.39549
  0
LINE
  8
0
 10
3.53456
 20
2.39549
 11
3.53493
 21
2.39885
  0
LINE
  8
0
 10
3.53493
 20
2.39885
 11
3.53542
 21
2.40221
  0
LINE
  8
0
 10
3.53542
 20
2.40221
 11
3.53604
 21
2.40552
  0
LINE
  8
0
 10
3.53604
 20
2.40552
 11
3.53682
 21
2.40881
  0
LINE
  8
0
 10
3.53682
 20
2.40881
 11
3.53773
 21
2.41206
  0
LINE
  8
0
 10
3.53773
 20
2.41206
 11
3.53877
 21
2.41528
  0
LINE
  8
0
 10
3.53877
 20
2.41528
 11
3.53995
 21
2.41846
  0
LINE
  8
0
 10
3.53995
 20
2.41846
 11
3.54126
 21
2.42157
  0
LINE
  8
0
 10
3.54126
 20
2.42157
 11
3.54269
 21
2.42462
  0
LINE
  8
0
 10
3.54269
 20
2.42462
 11
3.54427
 21
2.42763
  0
LINE
  8
0
 10
3.54427
 20
2.42763
 11
3.54596
 21
2.43056
  0
LINE
  8
0
 10
3.54596
 20
2.43056
 11
3.54778
 21
2.43341
  0
LINE
  8
0
 10
3.54778
 20
2.43341
 11
3.5497
 21
2.43619
  0
LINE
  8
0
 10
3.5497
 20
2.43619
 11
3.55174
 21
2.43887
  0
LINE
  8
0
 10
3.55174
 20
2.43887
 11
3.55389
 21
2.44148
  0
LINE
  8
0
 10
3.55389
 20
2.44148
 11
3.55615
 21
2.44398
  0
LINE
  8
0
 10
3.55615
 20
2.44398
 11
3.55852
 21
2.44641
  0
LINE
  8
0
 10
3.55852
 20
2.44641
 11
3.56099
 21
2.44872
  0
LINE
  8
0
 10
3.56099
 20
2.44872
 11
3.56355
 21
2.45093
  0
LINE
  8
0
 10
3.56355
 20
2.45093
 11
3.56619
 21
2.45303
  0
LINE
  8
0
 10
3.56619
 20
2.45303
 11
3.56892
 21
2.45502
  0
LINE
  8
0
 10
3.56892
 20
2.45502
 11
3.57175
 21
2.45688
  0
LINE
  8
0
 10
3.57175
 20
2.45688
 11
3.57465
 21
2.45863
  0
LINE
  8
0
 10
3.57465
 20
2.45863
 11
3.57761
 21
2.46027
  0
LINE
  8
0
 10
3.57761
 20
2.46027
 11
3.58063
 21
2.46176
  0
LINE
  8
0
 10
3.58063
 20
2.46176
 11
3.58371
 21
2.46315
  0
LINE
  8
0
 10
3.58371
 20
2.46315
 11
3.58685
 21
2.46439
  0
LINE
  8
0
 10
3.58685
 20
2.46439
 11
3.59006
 21
2.4655
  0
LINE
  8
0
 10
3.59006
 20
2.4655
 11
3.59329
 21
2.46648
  0
LINE
  8
0
 10
3.59329
 20
2.46648
 11
3.59656
 21
2.46732
  0
LINE
  8
0
 10
3.59656
 20
2.46732
 11
3.59987
 21
2.46802
  0
LINE
  8
0
 10
3.59987
 20
2.46802
 11
3.60321
 21
2.46858
  0
LINE
  8
0
 10
3.60321
 20
2.46858
 11
3.60655
 21
2.46901
  0
LINE
  8
0
 10
3.60655
 20
2.46901
 11
3.60992
 21
2.46928
  0
LINE
  8
0
 10
3.60992
 20
2.46928
 11
3.6133
 21
2.46944
  0
LINE
  8
0
 10
3.6133
 20
2.46944
 11
3.61668
 21
2.46944
  0
LINE
  8
0
 10
3.61668
 20
2.46944
 11
3.62006
 21
2.46928
  0
LINE
  8
0
 10
3.62006
 20
2.46928
 11
3.62343
 21
2.46901
  0
LINE
  8
0
 10
3.62343
 20
2.46901
 11
3.62679
 21
2.46858
  0
LINE
  8
0
 10
3.62679
 20
2.46858
 11
3.63011
 21
2.46802
  0
LINE
  8
0
 10
3.63011
 20
2.46802
 11
3.63342
 21
2.46732
  0
LINE
  8
0
 10
3.63342
 20
2.46732
 11
3.6367
 21
2.46648
  0
LINE
  8
0
 10
3.6367
 20
2.46648
 11
3.63994
 21
2.4655
  0
LINE
  8
0
 10
3.63994
 20
2.4655
 11
3.64313
 21
2.46439
  0
LINE
  8
0
 10
3.64313
 20
2.46439
 11
3.64627
 21
2.46315
  0
LINE
  8
0
 10
3.64627
 20
2.46315
 11
3.64935
 21
2.46176
  0
LINE
  8
0
 10
3.64935
 20
2.46176
 11
3.65239
 21
2.46027
  0
LINE
  8
0
 10
3.65239
 20
2.46027
 11
3.65535
 21
2.45863
  0
LINE
  8
0
 10
3.65535
 20
2.45863
 11
3.65823
 21
2.45688
  0
LINE
  8
0
 10
3.65823
 20
2.45688
 11
3.66106
 21
2.45502
  0
LINE
  8
0
 10
3.66106
 20
2.45502
 11
3.66379
 21
2.45303
  0
LINE
  8
0
 10
3.66379
 20
2.45303
 11
3.66644
 21
2.45093
  0
LINE
  8
0
 10
3.66644
 20
2.45093
 11
3.66899
 21
2.44872
  0
LINE
  8
0
 10
3.66899
 20
2.44872
 11
3.67146
 21
2.44641
  0
LINE
  8
0
 10
3.67146
 20
2.44641
 11
3.67383
 21
2.44398
  0
LINE
  8
0
 10
3.67383
 20
2.44398
 11
3.67609
 21
2.44148
  0
LINE
  8
0
 10
3.67609
 20
2.44148
 11
3.67824
 21
2.43887
  0
LINE
  8
0
 10
3.67824
 20
2.43887
 11
3.68028
 21
2.43619
  0
LINE
  8
0
 10
3.68028
 20
2.43619
 11
3.68222
 21
2.43341
  0
LINE
  8
0
 10
3.68222
 20
2.43341
 11
3.68402
 21
2.43056
  0
LINE
  8
0
 10
3.68402
 20
2.43056
 11
3.68571
 21
2.42763
  0
LINE
  8
0
 10
3.68571
 20
2.42763
 11
3.68729
 21
2.42462
  0
LINE
  8
0
 10
3.68729
 20
2.42462
 11
3.68872
 21
2.42157
  0
LINE
  8
0
 10
3.68872
 20
2.42157
 11
3.69003
 21
2.41846
  0
LINE
  8
0
 10
3.69003
 20
2.41846
 11
3.69121
 21
2.41528
  0
LINE
  8
0
 10
3.69121
 20
2.41528
 11
3.69226
 21
2.41206
  0
LINE
  8
0
 10
3.69226
 20
2.41206
 11
3.69316
 21
2.40881
  0
LINE
  8
0
 10
3.69316
 20
2.40881
 11
3.69394
 21
2.40552
  0
LINE
  8
0
 10
3.69394
 20
2.40552
 11
3.69456
 21
2.40221
  0
LINE
  8
0
 10
3.69456
 20
2.40221
 11
3.69507
 21
2.39885
  0
LINE
  8
0
 10
3.69507
 20
2.39885
 11
3.69542
 21
2.39549
  0
LINE
  8
0
 10
3.69542
 20
2.39549
 11
3.69563
 21
2.39212
  0
LINE
  8
0
 10
3.69563
 20
2.39212
 11
3.69569
 21
2.38875
  0
LINE
  8
0
 10
3.69569
 20
2.38875
 11
3.69563
 21
2.38536
  0
LINE
  8
0
 10
3.69563
 20
2.38536
 11
3.69542
 21
2.38199
  0
LINE
  8
0
 10
3.69542
 20
2.38199
 11
3.69507
 21
2.37863
  0
LINE
  8
0
 10
3.69507
 20
2.37863
 11
3.69456
 21
2.37527
  0
LINE
  8
0
 10
3.69456
 20
2.37527
 11
3.69394
 21
2.37196
  0
LINE
  8
0
 10
3.69394
 20
2.37196
 11
3.69316
 21
2.36867
  0
LINE
  8
0
 10
3.69316
 20
2.36867
 11
3.69226
 21
2.36542
  0
LINE
  8
0
 10
3.69226
 20
2.36542
 11
3.69121
 21
2.3622
  0
LINE
  8
0
 10
3.69121
 20
2.3622
 11
3.69003
 21
2.35902
  0
LINE
  8
0
 10
3.69003
 20
2.35902
 11
3.68872
 21
2.35591
  0
LINE
  8
0
 10
3.68872
 20
2.35591
 11
3.68729
 21
2.35286
  0
LINE
  8
0
 10
3.68729
 20
2.35286
 11
3.68571
 21
2.34985
  0
LINE
  8
0
 10
3.68571
 20
2.34985
 11
3.68402
 21
2.34694
  0
LINE
  8
0
 10
3.68402
 20
2.34694
 11
3.68222
 21
2.34407
  0
LINE
  8
0
 10
3.68222
 20
2.34407
 11
3.68028
 21
2.34131
  0
LINE
  8
0
 10
3.68028
 20
2.34131
 11
3.67824
 21
2.33861
  0
LINE
  8
0
 10
3.67824
 20
2.33861
 11
3.67609
 21
2.336
  0
LINE
  8
0
 10
3.67609
 20
2.336
 11
3.67383
 21
2.3335
  0
LINE
  8
0
 10
3.67383
 20
2.3335
 11
3.67146
 21
2.33107
  0
LINE
  8
0
 10
3.67146
 20
2.33107
 11
3.66899
 21
2.32877
  0
LINE
  8
0
 10
3.66899
 20
2.32877
 11
3.66644
 21
2.32655
  0
LINE
  8
0
 10
3.66644
 20
2.32655
 11
3.66379
 21
2.32445
  0
LINE
  8
0
 10
3.66379
 20
2.32445
 11
3.66106
 21
2.32246
  0
LINE
  8
0
 10
3.66106
 20
2.32246
 11
3.65823
 21
2.3206
  0
LINE
  8
0
 10
3.65823
 20
2.3206
 11
3.65535
 21
2.31885
  0
LINE
  8
0
 10
3.65535
 20
2.31885
 11
3.65239
 21
2.31721
  0
LINE
  8
0
 10
3.65239
 20
2.31721
 11
3.64935
 21
2.31572
  0
LINE
  8
0
 10
3.64935
 20
2.31572
 11
3.64627
 21
2.31433
  0
LINE
  8
0
 10
3.64627
 20
2.31433
 11
3.64313
 21
2.3131
  0
LINE
  8
0
 10
3.64313
 20
2.3131
 11
3.63994
 21
2.31198
  0
LINE
  8
0
 10
3.63994
 20
2.31198
 11
3.6367
 21
2.311
  0
LINE
  8
0
 10
3.6367
 20
2.311
 11
3.63342
 21
2.31017
  0
LINE
  8
0
 10
3.63342
 20
2.31017
 11
3.63011
 21
2.30946
  0
LINE
  8
0
 10
3.63011
 20
2.30946
 11
3.62679
 21
2.3089
  0
LINE
  8
0
 10
3.62679
 20
2.3089
 11
3.62343
 21
2.30847
  0
LINE
  8
0
 10
3.62343
 20
2.30847
 11
3.62006
 21
2.3082
  0
LINE
  8
0
 10
3.62006
 20
2.3082
 11
3.61668
 21
2.30804
  0
LINE
  8
0
 10
3.61668
 20
2.30804
 11
3.6133
 21
2.30804
  0
LINE
  8
0
 10
2.18936
 20
2.0986
 11
2.18544
 21
2.0988
  0
LINE
  8
0
 10
2.18544
 20
2.0988
 11
2.18153
 21
2.09917
  0
LINE
  8
0
 10
2.18153
 20
2.09917
 11
2.17764
 21
2.0997
  0
LINE
  8
0
 10
2.17764
 20
2.0997
 11
2.17377
 21
2.1004
  0
LINE
  8
0
 10
2.17377
 20
2.1004
 11
2.16994
 21
2.10126
  0
LINE
  8
0
 10
2.16994
 20
2.10126
 11
2.16615
 21
2.10228
  0
LINE
  8
0
 10
2.16615
 20
2.10228
 11
2.1624
 21
2.10345
  0
LINE
  8
0
 10
2.1624
 20
2.10345
 11
2.15871
 21
2.10478
  0
LINE
  8
0
 10
2.15871
 20
2.10478
 11
2.15508
 21
2.10626
  0
LINE
  8
0
 10
2.15508
 20
2.10626
 11
2.1515
 21
2.10789
  0
LINE
  8
0
 10
2.1515
 20
2.10789
 11
2.14799
 21
2.10968
  0
LINE
  8
0
 10
2.14799
 20
2.10968
 11
2.14458
 21
2.1116
  0
LINE
  8
0
 10
2.14458
 20
2.1116
 11
2.14124
 21
2.11368
  0
LINE
  8
0
 10
2.14124
 20
2.11368
 11
2.138
 21
2.11589
  0
LINE
  8
0
 10
2.138
 20
2.11589
 11
2.13484
 21
2.11823
  0
LINE
  8
0
 10
2.13484
 20
2.11823
 11
2.13179
 21
2.1207
  0
LINE
  8
0
 10
2.13179
 20
2.1207
 11
2.12885
 21
2.12329
  0
LINE
  8
0
 10
2.12885
 20
2.12329
 11
2.12601
 21
2.12601
  0
LINE
  8
0
 10
2.12601
 20
2.12601
 11
2.12329
 21
2.12885
  0
LINE
  8
0
 10
2.12329
 20
2.12885
 11
2.1207
 21
2.13179
  0
LINE
  8
0
 10
2.1207
 20
2.13179
 11
2.11823
 21
2.13484
  0
LINE
  8
0
 10
2.11823
 20
2.13484
 11
2.11589
 21
2.138
  0
LINE
  8
0
 10
2.11589
 20
2.138
 11
2.11368
 21
2.14124
  0
LINE
  8
0
 10
2.11368
 20
2.14124
 11
2.1116
 21
2.14458
  0
LINE
  8
0
 10
2.1116
 20
2.14458
 11
2.10968
 21
2.14799
  0
LINE
  8
0
 10
2.10968
 20
2.14799
 11
2.10789
 21
2.1515
  0
LINE
  8
0
 10
2.10789
 20
2.1515
 11
2.10626
 21
2.15508
  0
LINE
  8
0
 10
2.10626
 20
2.15508
 11
2.10478
 21
2.15871
  0
LINE
  8
0
 10
2.10478
 20
2.15871
 11
2.10345
 21
2.1624
  0
LINE
  8
0
 10
2.10345
 20
2.1624
 11
2.10228
 21
2.16615
  0
LINE
  8
0
 10
2.10228
 20
2.16615
 11
2.10126
 21
2.16994
  0
LINE
  8
0
 10
2.10126
 20
2.16994
 11
2.1004
 21
2.17377
  0
LINE
  8
0
 10
2.1004
 20
2.17377
 11
2.0997
 21
2.17764
  0
LINE
  8
0
 10
2.0997
 20
2.17764
 11
2.09917
 21
2.18153
  0
LINE
  8
0
 10
2.09917
 20
2.18153
 11
2.0988
 21
2.18544
  0
LINE
  8
0
 10
2.0988
 20
2.18544
 11
2.0986
 21
2.18936
  0
LINE
  8
0
 10
2.0986
 20
2.18936
 11
2.09856
 21
2.19328
  0
LINE
  8
0
 10
2.09856
 20
2.19328
 11
2.09868
 21
2.1972
  0
LINE
  8
0
 10
2.09868
 20
2.1972
 11
2.09897
 21
2.20113
  0
LINE
  8
0
 10
2.09897
 20
2.20113
 11
2.09943
 21
2.20503
  0
LINE
  8
0
 10
2.09943
 20
2.20503
 11
2.10004
 21
2.20891
  0
LINE
  8
0
 10
2.10004
 20
2.20891
 11
2.10081
 21
2.21275
  0
LINE
  8
0
 10
2.10081
 20
2.21275
 11
2.10175
 21
2.21657
  0
LINE
  8
0
 10
2.10175
 20
2.21657
 11
2.10284
 21
2.22034
  0
LINE
  8
0
 10
2.10284
 20
2.22034
 11
2.1041
 21
2.22406
  0
LINE
  8
0
 10
2.1041
 20
2.22406
 11
2.1055
 21
2.22772
  0
LINE
  8
0
 10
2.1055
 20
2.22772
 11
2.10706
 21
2.23132
  0
LINE
  8
0
 10
2.10706
 20
2.23132
 11
2.10876
 21
2.23486
  0
LINE
  8
0
 10
2.10876
 20
2.23486
 11
2.11063
 21
2.23833
  0
LINE
  8
0
 10
2.11063
 20
2.23833
 11
2.11263
 21
2.2417
  0
LINE
  8
0
 10
2.11263
 20
2.2417
 11
2.11476
 21
2.245
  0
LINE
  8
0
 10
2.11476
 20
2.245
 11
2.11703
 21
2.2482
  0
LINE
  8
0
 10
2.11703
 20
2.2482
 11
2.11945
 21
2.2513
  0
LINE
  8
0
 10
2.11945
 20
2.2513
 11
2.12198
 21
2.2543
  0
LINE
  8
0
 10
2.12198
 20
2.2543
 11
2.12463
 21
2.25719
  0
LINE
  8
0
 10
2.12463
 20
2.25719
 11
2.12741
 21
2.25996
  0
LINE
  8
0
 10
2.12741
 20
2.25996
 11
2.13031
 21
2.26262
  0
LINE
  8
0
 10
2.13031
 20
2.26262
 11
2.1333
 21
2.26515
  0
LINE
  8
0
 10
2.1333
 20
2.26515
 11
2.1364
 21
2.26756
  0
LINE
  8
0
 10
2.1364
 20
2.26756
 11
2.1396
 21
2.26984
  0
LINE
  8
0
 10
2.1396
 20
2.26984
 11
2.1429
 21
2.27197
  0
LINE
  8
0
 10
2.1429
 20
2.27197
 11
2.14629
 21
2.27397
  0
LINE
  8
0
 10
2.14629
 20
2.27397
 11
2.14973
 21
2.27583
  0
LINE
  8
0
 10
2.14973
 20
2.27583
 11
2.15327
 21
2.27754
  0
LINE
  8
0
 10
2.15327
 20
2.27754
 11
2.15688
 21
2.2791
  0
LINE
  8
0
 10
2.15688
 20
2.2791
 11
2.16054
 21
2.2805
  0
LINE
  8
0
 10
2.16054
 20
2.2805
 11
2.16426
 21
2.28177
  0
LINE
  8
0
 10
2.16426
 20
2.28177
 11
2.16805
 21
2.28285
  0
LINE
  8
0
 10
2.16805
 20
2.28285
 11
2.17184
 21
2.2838
  0
LINE
  8
0
 10
2.17184
 20
2.2838
 11
2.1757
 21
2.28458
  0
LINE
  8
0
 10
2.1757
 20
2.28458
 11
2.17958
 21
2.28519
  0
LINE
  8
0
 10
2.17958
 20
2.28519
 11
2.18347
 21
2.28563
  0
LINE
  8
0
 10
2.18347
 20
2.28563
 11
2.18739
 21
2.28592
  0
LINE
  8
0
 10
2.18739
 20
2.28592
 11
2.19131
 21
2.28604
  0
LINE
  8
0
 10
2.19131
 20
2.28604
 11
2.19525
 21
2.28601
  0
LINE
  8
0
 10
2.19525
 20
2.28601
 11
2.19917
 21
2.2858
  0
LINE
  8
0
 10
2.19917
 20
2.2858
 11
2.20308
 21
2.28543
  0
LINE
  8
0
 10
2.20308
 20
2.28543
 11
2.20697
 21
2.2849
  0
LINE
  8
0
 10
2.20697
 20
2.2849
 11
2.21083
 21
2.28419
  0
LINE
  8
0
 10
2.21083
 20
2.28419
 11
2.21466
 21
2.28334
  0
LINE
  8
0
 10
2.21466
 20
2.28334
 11
2.21846
 21
2.28233
  0
LINE
  8
0
 10
2.21846
 20
2.28233
 11
2.2222
 21
2.28116
  0
LINE
  8
0
 10
2.2222
 20
2.28116
 11
2.22591
 21
2.27983
  0
LINE
  8
0
 10
2.22591
 20
2.27983
 11
2.22954
 21
2.27834
  0
LINE
  8
0
 10
2.22954
 20
2.27834
 11
2.23311
 21
2.2767
  0
LINE
  8
0
 10
2.23311
 20
2.2767
 11
2.2366
 21
2.27492
  0
LINE
  8
0
 10
2.2366
 20
2.27492
 11
2.24002
 21
2.27299
  0
LINE
  8
0
 10
2.24002
 20
2.27299
 11
2.24336
 21
2.27092
  0
LINE
  8
0
 10
2.24336
 20
2.27092
 11
2.24661
 21
2.26872
  0
LINE
  8
0
 10
2.24661
 20
2.26872
 11
2.24976
 21
2.26637
  0
LINE
  8
0
 10
2.24976
 20
2.26637
 11
2.25281
 21
2.2639
  0
LINE
  8
0
 10
2.25281
 20
2.2639
 11
2.25575
 21
2.26131
  0
LINE
  8
0
 10
2.25575
 20
2.26131
 11
2.25859
 21
2.25859
  0
LINE
  8
0
 10
2.25859
 20
2.25859
 11
2.26131
 21
2.25575
  0
LINE
  8
0
 10
2.26131
 20
2.25575
 11
2.2639
 21
2.25281
  0
LINE
  8
0
 10
2.2639
 20
2.25281
 11
2.26637
 21
2.24976
  0
LINE
  8
0
 10
2.26637
 20
2.24976
 11
2.26872
 21
2.24661
  0
LINE
  8
0
 10
2.26872
 20
2.24661
 11
2.27092
 21
2.24336
  0
LINE
  8
0
 10
2.27092
 20
2.24336
 11
2.27299
 21
2.24002
  0
LINE
  8
0
 10
2.27299
 20
2.24002
 11
2.27492
 21
2.2366
  0
LINE
  8
0
 10
2.27492
 20
2.2366
 11
2.2767
 21
2.23311
  0
LINE
  8
0
 10
2.2767
 20
2.23311
 11
2.27834
 21
2.22954
  0
LINE
  8
0
 10
2.27834
 20
2.22954
 11
2.27983
 21
2.22591
  0
LINE
  8
0
 10
2.27983
 20
2.22591
 11
2.28116
 21
2.2222
  0
LINE
  8
0
 10
2.28116
 20
2.2222
 11
2.28233
 21
2.21846
  0
LINE
  8
0
 10
2.28233
 20
2.21846
 11
2.28334
 21
2.21466
  0
LINE
  8
0
 10
2.28334
 20
2.21466
 11
2.28419
 21
2.21083
  0
LINE
  8
0
 10
2.28419
 20
2.21083
 11
2.2849
 21
2.20697
  0
LINE
  8
0
 10
2.2849
 20
2.20697
 11
2.28543
 21
2.20308
  0
LINE
  8
0
 10
2.28543
 20
2.20308
 11
2.2858
 21
2.19917
  0
LINE
  8
0
 10
2.2858
 20
2.19917
 11
2.28601
 21
2.19525
  0
LINE
  8
0
 10
2.28601
 20
2.19525
 11
2.28604
 21
2.19131
  0
LINE
  8
0
 10
2.28604
 20
2.19131
 11
2.28592
 21
2.18739
  0
LINE
  8
0
 10
2.28592
 20
2.18739
 11
2.28563
 21
2.18347
  0
LINE
  8
0
 10
2.28563
 20
2.18347
 11
2.28519
 21
2.17958
  0
LINE
  8
0
 10
2.28519
 20
2.17958
 11
2.28458
 21
2.1757
  0
LINE
  8
0
 10
2.28458
 20
2.1757
 11
2.2838
 21
2.17184
  0
LINE
  8
0
 10
2.2838
 20
2.17184
 11
2.28285
 21
2.16805
  0
LINE
  8
0
 10
2.28285
 20
2.16805
 11
2.28177
 21
2.16426
  0
LINE
  8
0
 10
2.28177
 20
2.16426
 11
2.2805
 21
2.16054
  0
LINE
  8
0
 10
2.2805
 20
2.16054
 11
2.2791
 21
2.15688
  0
LINE
  8
0
 10
2.2791
 20
2.15688
 11
2.27754
 21
2.15327
  0
LINE
  8
0
 10
2.27754
 20
2.15327
 11
2.27583
 21
2.14973
  0
LINE
  8
0
 10
2.27583
 20
2.14973
 11
2.27397
 21
2.14629
  0
LINE
  8
0
 10
2.27397
 20
2.14629
 11
2.27197
 21
2.1429
  0
LINE
  8
0
 10
2.27197
 20
2.1429
 11
2.26984
 21
2.1396
  0
LINE
  8
0
 10
2.26984
 20
2.1396
 11
2.26756
 21
2.1364
  0
LINE
  8
0
 10
2.26756
 20
2.1364
 11
2.26515
 21
2.1333
  0
LINE
  8
0
 10
2.26515
 20
2.1333
 11
2.26262
 21
2.13031
  0
LINE
  8
0
 10
2.26262
 20
2.13031
 11
2.25996
 21
2.12741
  0
LINE
  8
0
 10
2.25996
 20
2.12741
 11
2.25719
 21
2.12463
  0
LINE
  8
0
 10
2.25719
 20
2.12463
 11
2.2543
 21
2.12198
  0
LINE
  8
0
 10
2.2543
 20
2.12198
 11
2.2513
 21
2.11945
  0
LINE
  8
0
 10
2.2513
 20
2.11945
 11
2.2482
 21
2.11703
  0
LINE
  8
0
 10
2.2482
 20
2.11703
 11
2.245
 21
2.11476
  0
LINE
  8
0
 10
2.245
 20
2.11476
 11
2.2417
 21
2.11263
  0
LINE
  8
0
 10
2.2417
 20
2.11263
 11
2.23833
 21
2.11063
  0
LINE
  8
0
 10
2.23833
 20
2.11063
 11
2.23486
 21
2.10876
  0
LINE
  8
0
 10
2.23486
 20
2.10876
 11
2.23132
 21
2.10706
  0
LINE
  8
0
 10
2.23132
 20
2.10706
 11
2.22772
 21
2.1055
  0
LINE
  8
0
 10
2.22772
 20
2.1055
 11
2.22406
 21
2.1041
  0
LINE
  8
0
 10
2.22406
 20
2.1041
 11
2.22034
 21
2.10284
  0
LINE
  8
0
 10
2.22034
 20
2.10284
 11
2.21657
 21
2.10175
  0
LINE
  8
0
 10
2.21657
 20
2.10175
 11
2.21275
 21
2.10081
  0
LINE
  8
0
 10
2.21275
 20
2.10081
 11
2.20891
 21
2.10004
  0
LINE
  8
0
 10
2.20891
 20
2.10004
 11
2.20503
 21
2.09943
  0
LINE
  8
0
 10
2.20503
 20
2.09943
 11
2.20113
 21
2.09897
  0
LINE
  8
0
 10
2.20113
 20
2.09897
 11
2.1972
 21
2.09868
  0
LINE
  8
0
 10
2.1972
 20
2.09868
 11
2.19328
 21
2.09856
  0
LINE
  8
0
 10
2.19328
 20
2.09856
 11
2.18936
 21
2.0986
  0
LINE
  8
0
 10
-2.1972
 20
2.09868
 11
-2.20113
 21
2.09897
  0
LINE
  8
0
 10
-2.20113
 20
2.09897
 11
-2.20503
 21
2.09943
  0
LINE
  8
0
 10
-2.20503
 20
2.09943
 11
-2.20891
 21
2.10004
  0
LINE
  8
0
 10
-2.20891
 20
2.10004
 11
-2.21275
 21
2.10081
  0
LINE
  8
0
 10
-2.21275
 20
2.10081
 11
-2.21657
 21
2.10175
  0
LINE
  8
0
 10
-2.21657
 20
2.10175
 11
-2.22034
 21
2.10284
  0
LINE
  8
0
 10
-2.22034
 20
2.10284
 11
-2.22406
 21
2.1041
  0
LINE
  8
0
 10
-2.22406
 20
2.1041
 11
-2.22772
 21
2.1055
  0
LINE
  8
0
 10
-2.22772
 20
2.1055
 11
-2.23132
 21
2.10706
  0
LINE
  8
0
 10
-2.23132
 20
2.10706
 11
-2.23486
 21
2.10876
  0
LINE
  8
0
 10
-2.23486
 20
2.10876
 11
-2.23833
 21
2.11063
  0
LINE
  8
0
 10
-2.23833
 20
2.11063
 11
-2.2417
 21
2.11263
  0
LINE
  8
0
 10
-2.2417
 20
2.11263
 11
-2.245
 21
2.11476
  0
LINE
  8
0
 10
-2.245
 20
2.11476
 11
-2.2482
 21
2.11703
  0
LINE
  8
0
 10
-2.2482
 20
2.11703
 11
-2.2513
 21
2.11945
  0
LINE
  8
0
 10
-2.2513
 20
2.11945
 11
-2.2543
 21
2.12198
  0
LINE
  8
0
 10
-2.2543
 20
2.12198
 11
-2.25719
 21
2.12463
  0
LINE
  8
0
 10
-2.25719
 20
2.12463
 11
-2.25996
 21
2.12741
  0
LINE
  8
0
 10
-2.25996
 20
2.12741
 11
-2.26262
 21
2.13031
  0
LINE
  8
0
 10
-2.26262
 20
2.13031
 11
-2.26515
 21
2.1333
  0
LINE
  8
0
 10
-2.26515
 20
2.1333
 11
-2.26756
 21
2.1364
  0
LINE
  8
0
 10
-2.26756
 20
2.1364
 11
-2.26984
 21
2.1396
  0
LINE
  8
0
 10
-2.26984
 20
2.1396
 11
-2.27197
 21
2.1429
  0
LINE
  8
0
 10
-2.27197
 20
2.1429
 11
-2.27397
 21
2.14629
  0
LINE
  8
0
 10
-2.27397
 20
2.14629
 11
-2.27583
 21
2.14973
  0
LINE
  8
0
 10
-2.27583
 20
2.14973
 11
-2.27754
 21
2.15327
  0
LINE
  8
0
 10
-2.27754
 20
2.15327
 11
-2.2791
 21
2.15688
  0
LINE
  8
0
 10
-2.2791
 20
2.15688
 11
-2.2805
 21
2.16054
  0
LINE
  8
0
 10
-2.2805
 20
2.16054
 11
-2.28177
 21
2.16426
  0
LINE
  8
0
 10
-2.28177
 20
2.16426
 11
-2.28285
 21
2.16805
  0
LINE
  8
0
 10
-2.28285
 20
2.16805
 11
-2.2838
 21
2.17184
  0
LINE
  8
0
 10
-2.2838
 20
2.17184
 11
-2.28458
 21
2.1757
  0
LINE
  8
0
 10
-2.28458
 20
2.1757
 11
-2.28519
 21
2.17958
  0
LINE
  8
0
 10
-2.28519
 20
2.17958
 11
-2.28563
 21
2.18347
  0
LINE
  8
0
 10
-2.28563
 20
2.18347
 11
-2.28592
 21
2.18739
  0
LINE
  8
0
 10
-2.28592
 20
2.18739
 11
-2.28604
 21
2.19131
  0
LINE
  8
0
 10
-2.28604
 20
2.19131
 11
-2.28601
 21
2.19525
  0
LINE
  8
0
 10
-2.28601
 20
2.19525
 11
-2.2858
 21
2.19917
  0
LINE
  8
0
 10
-2.2858
 20
2.19917
 11
-2.28543
 21
2.20308
  0
LINE
  8
0
 10
-2.28543
 20
2.20308
 11
-2.2849
 21
2.20697
  0
LINE
  8
0
 10
-2.2849
 20
2.20697
 11
-2.28419
 21
2.21083
  0
LINE
  8
0
 10
-2.28419
 20
2.21083
 11
-2.28334
 21
2.21466
  0
LINE
  8
0
 10
-2.28334
 20
2.21466
 11
-2.28233
 21
2.21846
  0
LINE
  8
0
 10
-2.28233
 20
2.21846
 11
-2.28116
 21
2.2222
  0
LINE
  8
0
 10
-2.28116
 20
2.2222
 11
-2.27983
 21
2.22591
  0
LINE
  8
0
 10
-2.27983
 20
2.22591
 11
-2.27834
 21
2.22954
  0
LINE
  8
0
 10
-2.27834
 20
2.22954
 11
-2.2767
 21
2.23311
  0
LINE
  8
0
 10
-2.2767
 20
2.23311
 11
-2.27492
 21
2.2366
  0
LINE
  8
0
 10
-2.27492
 20
2.2366
 11
-2.27299
 21
2.24002
  0
LINE
  8
0
 10
-2.27299
 20
2.24002
 11
-2.27092
 21
2.24336
  0
LINE
  8
0
 10
-2.27092
 20
2.24336
 11
-2.26872
 21
2.24661
  0
LINE
  8
0
 10
-2.26872
 20
2.24661
 11
-2.26637
 21
2.24976
  0
LINE
  8
0
 10
-2.26637
 20
2.24976
 11
-2.2639
 21
2.25281
  0
LINE
  8
0
 10
-2.2639
 20
2.25281
 11
-2.26131
 21
2.25575
  0
LINE
  8
0
 10
-2.26131
 20
2.25575
 11
-2.25859
 21
2.25859
  0
LINE
  8
0
 10
-2.25859
 20
2.25859
 11
-2.25575
 21
2.26131
  0
LINE
  8
0
 10
-2.25575
 20
2.26131
 11
-2.25281
 21
2.2639
  0
LINE
  8
0
 10
-2.25281
 20
2.2639
 11
-2.24976
 21
2.26637
  0
LINE
  8
0
 10
-2.24976
 20
2.26637
 11
-2.24661
 21
2.26872
  0
LINE
  8
0
 10
-2.24661
 20
2.26872
 11
-2.24336
 21
2.27092
  0
LINE
  8
0
 10
-2.24336
 20
2.27092
 11
-2.24002
 21
2.27299
  0
LINE
  8
0
 10
-2.24002
 20
2.27299
 11
-2.2366
 21
2.27492
  0
LINE
  8
0
 10
-2.2366
 20
2.27492
 11
-2.23311
 21
2.2767
  0
LINE
  8
0
 10
-2.23311
 20
2.2767
 11
-2.22954
 21
2.27834
  0
LINE
  8
0
 10
-2.22954
 20
2.27834
 11
-2.22591
 21
2.27983
  0
LINE
  8
0
 10
-2.22591
 20
2.27983
 11
-2.2222
 21
2.28116
  0
LINE
  8
0
 10
-2.2222
 20
2.28116
 11
-2.21846
 21
2.28233
  0
LINE
  8
0
 10
-2.21846
 20
2.28233
 11
-2.21466
 21
2.28334
  0
LINE
  8
0
 10
-2.21466
 20
2.28334
 11
-2.21083
 21
2.28419
  0
LINE
  8
0
 10
-2.21083
 20
2.28419
 11
-2.20697
 21
2.2849
  0
LINE
  8
0
 10
-2.20697
 20
2.2849
 11
-2.20308
 21
2.28543
  0
LINE
  8
0
 10
-2.20308
 20
2.28543
 11
-2.19917
 21
2.2858
  0
LINE
  8
0
 10
-2.19917
 20
2.2858
 11
-2.19525
 21
2.28601
  0
LINE
  8
0
 10
-2.19525
 20
2.28601
 11
-2.19131
 21
2.28604
  0
LINE
  8
0
 10
-2.19131
 20
2.28604
 11
-2.18739
 21
2.28592
  0
LINE
  8
0
 10
-2.18739
 20
2.28592
 11
-2.18347
 21
2.28563
  0
LINE
  8
0
 10
-2.18347
 20
2.28563
 11
-2.17958
 21
2.28519
  0
LINE
  8
0
 10
-2.17958
 20
2.28519
 11
-2.1757
 21
2.28458
  0
LINE
  8
0
 10
-2.1757
 20
2.28458
 11
-2.17184
 21
2.2838
  0
LINE
  8
0
 10
-2.17184
 20
2.2838
 11
-2.16805
 21
2.28285
  0
LINE
  8
0
 10
-2.16805
 20
2.28285
 11
-2.16426
 21
2.28177
  0
LINE
  8
0
 10
-2.16426
 20
2.28177
 11
-2.16054
 21
2.2805
  0
LINE
  8
0
 10
-2.16054
 20
2.2805
 11
-2.15688
 21
2.2791
  0
LINE
  8
0
 10
-2.15688
 20
2.2791
 11
-2.15327
 21
2.27754
  0
LINE
  8
0
 10
-2.15327
 20
2.27754
 11
-2.14973
 21
2.27583
  0
LINE
  8
0
 10
-2.14973
 20
2.27583
 11
-2.14629
 21
2.27397
  0
LINE
  8
0
 10
-2.14629
 20
2.27397
 11
-2.1429
 21
2.27197
  0
LINE
  8
0
 10
-2.1429
 20
2.27197
 11
-2.1396
 21
2.26984
  0
LINE
  8
0
 10
-2.1396
 20
2.26984
 11
-2.1364
 21
2.26756
  0
LINE
  8
0
 10
-2.1364
 20
2.26756
 11
-2.1333
 21
2.26515
  0
LINE
  8
0
 10
-2.1333
 20
2.26515
 11
-2.13031
 21
2.26262
  0
LINE
  8
0
 10
-2.13031
 20
2.26262
 11
-2.12741
 21
2.25996
  0
LINE
  8
0
 10
-2.12741
 20
2.25996
 11
-2.12463
 21
2.25719
  0
LINE
  8
0
 10
-2.12463
 20
2.25719
 11
-2.12198
 21
2.2543
  0
LINE
  8
0
 10
-2.12198
 20
2.2543
 11
-2.11945
 21
2.2513
  0
LINE
  8
0
 10
-2.11945
 20
2.2513
 11
-2.11703
 21
2.2482
  0
LINE
  8
0
 10
-2.11703
 20
2.2482
 11
-2.11476
 21
2.245
  0
LINE
  8
0
 10
-2.11476
 20
2.245
 11
-2.11263
 21
2.2417
  0
LINE
  8
0
 10
-2.11263
 20
2.2417
 11
-2.11063
 21
2.23833
  0
LINE
  8
0
 10
-2.11063
 20
2.23833
 11
-2.10876
 21
2.23486
  0
LINE
  8
0
 10
-2.10876
 20
2.23486
 11
-2.10706
 21
2.23132
  0
LINE
  8
0
 10
-2.10706
 20
2.23132
 11
-2.1055
 21
2.22772
  0
LINE
  8
0
 10
-2.1055
 20
2.22772
 11
-2.1041
 21
2.22406
  0
LINE
  8
0
 10
-2.1041
 20
2.22406
 11
-2.10284
 21
2.22034
  0
LINE
  8
0
 10
-2.10284
 20
2.22034
 11
-2.10175
 21
2.21657
  0
LINE
  8
0
 10
-2.10175
 20
2.21657
 11
-2.10081
 21
2.21275
  0
LINE
  8
0
 10
-2.10081
 20
2.21275
 11
-2.10004
 21
2.20891
  0
LINE
  8
0
 10
-2.10004
 20
2.20891
 11
-2.09943
 21
2.20503
  0
LINE
  8
0
 10
-2.09943
 20
2.20503
 11
-2.09897
 21
2.20113
  0
LINE
  8
0
 10
-2.09897
 20
2.20113
 11
-2.09868
 21
2.1972
  0
LINE
  8
0
 10
-2.09868
 20
2.1972
 11
-2.09856
 21
2.19328
  0
LINE
  8
0
 10
-2.09856
 20
2.19328
 11
-2.0986
 21
2.18936
  0
LINE
  8
0
 10
-2.0986
 20
2.18936
 11
-2.0988
 21
2.18544
  0
LINE
  8
0
 10
-2.0988
 20
2.18544
 11
-2.09917
 21
2.18153
  0
LINE
  8
0
 10
-2.09917
 20
2.18153
 11
-2.0997
 21
2.17764
  0
LINE
  8
0
 10
-2.0997
 20
2.17764
 11
-2.1004
 21
2.17377
  0
LINE
  8
0
 10
-2.1004
 20
2.17377
 11
-2.10126
 21
2.16994
  0
LINE
  8
0
 10
-2.10126
 20
2.16994
 11
-2.10228
 21
2.16615
  0
LINE
  8
0
 10
-2.10228
 20
2.16615
 11
-2.10345
 21
2.1624
  0
LINE
  8
0
 10
-2.10345
 20
2.1624
 11
-2.10478
 21
2.15871
  0
LINE
  8
0
 10
-2.10478
 20
2.15871
 11
-2.10626
 21
2.15508
  0
LINE
  8
0
 10
-2.10626
 20
2.15508
 11
-2.10789
 21
2.1515
  0
LINE
  8
0
 10
-2.10789
 20
2.1515
 11
-2.10968
 21
2.14799
  0
LINE
  8
0
 10
-2.10968
 20
2.14799
 11
-2.1116
 21
2.14458
  0
LINE
  8
0
 10
-2.1116
 20
2.14458
 11
-2.11368
 21
2.14124
  0
LINE
  8
0
 10
-2.11368
 20
2.14124
 11
-2.11589
 21
2.138
  0
LINE
  8
0
 10
-2.11589
 20
2.138
 11
-2.11823
 21
2.13484
  0
LINE
  8
0
 10
-2.11823
 20
2.13484
 11
-2.1207
 21
2.13179
  0
LINE
  8
0
 10
-2.1207
 20
2.13179
 11
-2.12329
 21
2.12885
  0
LINE
  8
0
 10
-2.12329
 20
2.12885
 11
-2.12601
 21
2.12601
  0
LINE
  8
0
 10
-2.12601
 20
2.12601
 11
-2.12885
 21
2.12329
  0
LINE
  8
0
 10
-2.12885
 20
2.12329
 11
-2.13179
 21
2.1207
  0
LINE
  8
0
 10
-2.13179
 20
2.1207
 11
-2.13484
 21
2.11823
  0
LINE
  8
0
 10
-2.13484
 20
2.11823
 11
-2.138
 21
2.11589
  0
LINE
  8
0
 10
-2.138
 20
2.11589
 11
-2.14124
 21
2.11368
  0
LINE
  8
0
 10
-2.14124
 20
2.11368
 11
-2.14458
 21
2.1116
  0
LINE
  8
0
 10
-2.14458
 20
2.1116
 11
-2.14799
 21
2.10968
  0
LINE
  8
0
 10
-2.14799
 20
2.10968
 11
-2.1515
 21
2.10789
  0
LINE
  8
0
 10
-2.1515
 20
2.10789
 11
-2.15508
 21
2.10626
  0
LINE
  8
0
 10
-2.15508
 20
2.10626
 11
-2.15871
 21
2.10478
  0
LINE
  8
0
 10
-2.15871
 20
2.10478
 11
-2.1624
 21
2.10345
  0
LINE
  8
0
 10
-2.1624
 20
2.10345
 11
-2.16615
 21
2.10228
  0
LINE
  8
0
 10
-2.16615
 20
2.10228
 11
-2.16994
 21
2.10126
  0
LINE
  8
0
 10
-2.16994
 20
2.10126
 11
-2.17377
 21
2.1004
  0
LINE
  8
0
 10
-2.17377
 20
2.1004
 11
-2.17764
 21
2.0997
  0
LINE
  8
0
 10
-2.17764
 20
2.0997
 11
-2.18153
 21
2.09917
  0
LINE
  8
0
 10
-2.18153
 20
2.09917
 11
-2.18544
 21
2.0988
  0
LINE
  8
0
 10
-2.18544
 20
2.0988
 11
-2.18936
 21
2.0986
  0
LINE
  8
0
 10
-2.18936
 20
2.0986
 11
-2.19328
 21
2.09856
  0
LINE
  8
0
 10
-2.19328
 20
2.09856
 11
-2.1972
 21
2.09868
  0
LINE
  8
0
 10
-5.29626
 20
1.95473
 11
-5.29883
 21
1.95483
  0
LINE
  8
0
 10
-5.29883
 20
1.95483
 11
-5.30138
 21
1.95505
  0
LINE
  8
0
 10
-5.30138
 20
1.95505
 11
-5.30391
 21
1.95537
  0
LINE
  8
0
 10
-5.30391
 20
1.95537
 11
-5.30643
 21
1.9558
  0
LINE
  8
0
 10
-5.30643
 20
1.9558
 11
-5.30893
 21
1.95633
  0
LINE
  8
0
 10
-5.30893
 20
1.95633
 11
-5.3114
 21
1.95697
  0
LINE
  8
0
 10
-5.3114
 20
1.95697
 11
-5.31384
 21
1.9577
  0
LINE
  8
0
 10
-5.31384
 20
1.9577
 11
-5.31627
 21
1.95854
  0
LINE
  8
0
 10
-5.31627
 20
1.95854
 11
-5.31863
 21
1.95949
  0
LINE
  8
0
 10
-5.31863
 20
1.95949
 11
-5.32097
 21
1.96053
  0
LINE
  8
0
 10
-5.32097
 20
1.96053
 11
-5.32326
 21
1.96165
  0
LINE
  8
0
 10
-5.32326
 20
1.96165
 11
-5.3255
 21
1.96289
  0
LINE
  8
0
 10
-5.3255
 20
1.96289
 11
-5.3277
 21
1.96422
  0
LINE
  8
0
 10
-5.3277
 20
1.96422
 11
-5.32982
 21
1.96564
  0
LINE
  8
0
 10
-5.32982
 20
1.96564
 11
-5.33189
 21
1.96713
  0
LINE
  8
0
 10
-5.33189
 20
1.96713
 11
-5.33389
 21
1.96872
  0
LINE
  8
0
 10
-5.33389
 20
1.96872
 11
-5.33583
 21
1.9704
  0
LINE
  8
0
 10
-5.33583
 20
1.9704
 11
-5.33769
 21
1.97214
  0
LINE
  8
0
 10
-5.33769
 20
1.97214
 11
-5.33948
 21
1.97397
  0
LINE
  8
0
 10
-5.33948
 20
1.97397
 11
-5.34119
 21
1.97586
  0
LINE
  8
0
 10
-5.34119
 20
1.97586
 11
-5.34282
 21
1.97783
  0
LINE
  8
0
 10
-5.34282
 20
1.97783
 11
-5.34436
 21
1.97987
  0
LINE
  8
0
 10
-5.34436
 20
1.97987
 11
-5.34583
 21
1.98196
  0
LINE
  8
0
 10
-5.34583
 20
1.98196
 11
-5.34718
 21
1.98413
  0
LINE
  8
0
 10
-5.34718
 20
1.98413
 11
-5.34846
 21
1.98634
  0
LINE
  8
0
 10
-5.34846
 20
1.98634
 11
-5.34966
 21
1.9886
  0
LINE
  8
0
 10
-5.34966
 20
1.9886
 11
-5.35074
 21
1.99092
  0
LINE
  8
0
 10
-5.35074
 20
1.99092
 11
-5.35173
 21
1.99327
  0
LINE
  8
0
 10
-5.35173
 20
1.99327
 11
-5.35262
 21
1.99567
  0
LINE
  8
0
 10
-5.35262
 20
1.99567
 11
-5.35341
 21
1.99811
  0
LINE
  8
0
 10
-5.35341
 20
1.99811
 11
-5.3541
 21
2.00056
  0
LINE
  8
0
 10
-5.3541
 20
2.00056
 11
-5.35468
 21
2.00305
  0
LINE
  8
0
 10
-5.35468
 20
2.00305
 11
-5.35516
 21
2.00557
  0
LINE
  8
0
 10
-5.35516
 20
2.00557
 11
-5.35553
 21
2.00809
  0
LINE
  8
0
 10
-5.35553
 20
2.00809
 11
-5.3558
 21
2.01064
  0
LINE
  8
0
 10
-5.3558
 20
2.01064
 11
-5.35596
 21
2.01318
  0
LINE
  8
0
 10
-5.35596
 20
2.01318
 11
-5.35602
 21
2.01575
  0
LINE
  8
0
 10
-5.35602
 20
2.01575
 11
-5.35596
 21
2.0183
  0
LINE
  8
0
 10
-5.35596
 20
2.0183
 11
-5.3558
 21
2.02084
  0
LINE
  8
0
 10
-5.3558
 20
2.02084
 11
-5.35553
 21
2.02339
  0
LINE
  8
0
 10
-5.35553
 20
2.02339
 11
-5.35516
 21
2.02592
  0
LINE
  8
0
 10
-5.35516
 20
2.02592
 11
-5.35468
 21
2.02843
  0
LINE
  8
0
 10
-5.35468
 20
2.02843
 11
-5.3541
 21
2.03091
  0
LINE
  8
0
 10
-5.3541
 20
2.03091
 11
-5.35341
 21
2.03339
  0
LINE
  8
0
 10
-5.35341
 20
2.03339
 11
-5.35262
 21
2.03581
  0
LINE
  8
0
 10
-5.35262
 20
2.03581
 11
-5.35173
 21
2.03821
  0
LINE
  8
0
 10
-5.35173
 20
2.03821
 11
-5.35074
 21
2.04056
  0
LINE
  8
0
 10
-5.35074
 20
2.04056
 11
-5.34966
 21
2.04288
  0
LINE
  8
0
 10
-5.34966
 20
2.04288
 11
-5.34846
 21
2.04514
  0
LINE
  8
0
 10
-5.34846
 20
2.04514
 11
-5.34718
 21
2.04735
  0
LINE
  8
0
 10
-5.34718
 20
2.04735
 11
-5.34583
 21
2.04951
  0
LINE
  8
0
 10
-5.34583
 20
2.04951
 11
-5.34436
 21
2.05161
  0
LINE
  8
0
 10
-5.34436
 20
2.05161
 11
-5.34282
 21
2.05365
  0
LINE
  8
0
 10
-5.34282
 20
2.05365
 11
-5.34119
 21
2.05562
  0
LINE
  8
0
 10
-5.34119
 20
2.05562
 11
-5.33948
 21
2.05751
  0
LINE
  8
0
 10
-5.33948
 20
2.05751
 11
-5.33769
 21
2.05934
  0
LINE
  8
0
 10
-5.33769
 20
2.05934
 11
-5.33583
 21
2.0611
  0
LINE
  8
0
 10
-5.33583
 20
2.0611
 11
-5.33389
 21
2.06276
  0
LINE
  8
0
 10
-5.33389
 20
2.06276
 11
-5.33189
 21
2.06435
  0
LINE
  8
0
 10
-5.33189
 20
2.06435
 11
-5.32982
 21
2.06586
  0
LINE
  8
0
 10
-5.32982
 20
2.06586
 11
-5.3277
 21
2.06726
  0
LINE
  8
0
 10
-5.3277
 20
2.06726
 11
-5.3255
 21
2.06859
  0
LINE
  8
0
 10
-5.3255
 20
2.06859
 11
-5.32326
 21
2.06982
  0
LINE
  8
0
 10
-5.32326
 20
2.06982
 11
-5.32097
 21
2.07095
  0
LINE
  8
0
 10
-5.32097
 20
2.07095
 11
-5.31863
 21
2.07199
  0
LINE
  8
0
 10
-5.31863
 20
2.07199
 11
-5.31627
 21
2.07294
  0
LINE
  8
0
 10
-5.31627
 20
2.07294
 11
-5.31384
 21
2.07378
  0
LINE
  8
0
 10
-5.31384
 20
2.07378
 11
-5.3114
 21
2.07452
  0
LINE
  8
0
 10
-5.3114
 20
2.07452
 11
-5.30893
 21
2.07515
  0
LINE
  8
0
 10
-5.30893
 20
2.07515
 11
-5.30643
 21
2.07568
  0
LINE
  8
0
 10
-5.30643
 20
2.07568
 11
-5.30391
 21
2.07611
  0
LINE
  8
0
 10
-5.30391
 20
2.07611
 11
-5.30138
 21
2.07643
  0
LINE
  8
0
 10
-5.30138
 20
2.07643
 11
-5.29883
 21
2.07664
  0
LINE
  8
0
 10
-5.29883
 20
2.07664
 11
-5.29626
 21
2.07675
  0
LINE
  8
0
 10
-5.29626
 20
2.07675
 11
-5.29372
 21
2.07675
  0
LINE
  8
0
 10
-5.29372
 20
2.07675
 11
-5.29117
 21
2.07664
  0
LINE
  8
0
 10
-5.29117
 20
2.07664
 11
-5.28862
 21
2.07643
  0
LINE
  8
0
 10
-5.28862
 20
2.07643
 11
-5.28607
 21
2.07611
  0
LINE
  8
0
 10
-5.28607
 20
2.07611
 11
-5.28355
 21
2.07568
  0
LINE
  8
0
 10
-5.28355
 20
2.07568
 11
-5.28105
 21
2.07515
  0
LINE
  8
0
 10
-5.28105
 20
2.07515
 11
-5.27858
 21
2.07452
  0
LINE
  8
0
 10
-5.27858
 20
2.07452
 11
-5.27614
 21
2.07378
  0
LINE
  8
0
 10
-5.27614
 20
2.07378
 11
-5.27373
 21
2.07294
  0
LINE
  8
0
 10
-5.27373
 20
2.07294
 11
-5.27135
 21
2.07199
  0
LINE
  8
0
 10
-5.27135
 20
2.07199
 11
-5.26901
 21
2.07095
  0
LINE
  8
0
 10
-5.26901
 20
2.07095
 11
-5.26672
 21
2.06982
  0
LINE
  8
0
 10
-5.26672
 20
2.06982
 11
-5.26448
 21
2.06859
  0
LINE
  8
0
 10
-5.26448
 20
2.06859
 11
-5.2623
 21
2.06726
  0
LINE
  8
0
 10
-5.2623
 20
2.06726
 11
-5.26016
 21
2.06586
  0
LINE
  8
0
 10
-5.26016
 20
2.06586
 11
-5.2581
 21
2.06435
  0
LINE
  8
0
 10
-5.2581
 20
2.06435
 11
-5.25609
 21
2.06276
  0
LINE
  8
0
 10
-5.25609
 20
2.06276
 11
-5.25417
 21
2.0611
  0
LINE
  8
0
 10
-5.25417
 20
2.0611
 11
-5.2523
 21
2.05934
  0
LINE
  8
0
 10
-5.2523
 20
2.05934
 11
-5.2505
 21
2.05751
  0
LINE
  8
0
 10
-5.2505
 20
2.05751
 11
-5.24879
 21
2.05562
  0
LINE
  8
0
 10
-5.24879
 20
2.05562
 11
-5.24716
 21
2.05365
  0
LINE
  8
0
 10
-5.24716
 20
2.05365
 11
-5.24562
 21
2.05161
  0
LINE
  8
0
 10
-5.24562
 20
2.05161
 11
-5.24417
 21
2.04951
  0
LINE
  8
0
 10
-5.24417
 20
2.04951
 11
-5.2428
 21
2.04735
  0
LINE
  8
0
 10
-5.2428
 20
2.04735
 11
-5.24152
 21
2.04514
  0
LINE
  8
0
 10
-5.24152
 20
2.04514
 11
-5.24034
 21
2.04288
  0
LINE
  8
0
 10
-5.24034
 20
2.04288
 11
-5.23924
 21
2.04056
  0
LINE
  8
0
 10
-5.23924
 20
2.04056
 11
-5.23825
 21
2.03821
  0
LINE
  8
0
 10
-5.23825
 20
2.03821
 11
-5.23737
 21
2.03581
  0
LINE
  8
0
 10
-5.23737
 20
2.03581
 11
-5.23657
 21
2.03339
  0
LINE
  8
0
 10
-5.23657
 20
2.03339
 11
-5.23589
 21
2.03091
  0
LINE
  8
0
 10
-5.23589
 20
2.03091
 11
-5.23531
 21
2.02843
  0
LINE
  8
0
 10
-5.23531
 20
2.02843
 11
-5.23482
 21
2.02592
  0
LINE
  8
0
 10
-5.23482
 20
2.02592
 11
-5.23445
 21
2.02339
  0
LINE
  8
0
 10
-5.23445
 20
2.02339
 11
-5.23418
 21
2.02084
  0
LINE
  8
0
 10
-5.23418
 20
2.02084
 11
-5.23402
 21
2.0183
  0
LINE
  8
0
 10
-5.23402
 20
2.0183
 11
-5.23396
 21
2.01575
  0
LINE
  8
0
 10
-5.23396
 20
2.01575
 11
-5.23402
 21
2.01318
  0
LINE
  8
0
 10
-5.23402
 20
2.01318
 11
-5.23418
 21
2.01064
  0
LINE
  8
0
 10
-5.23418
 20
2.01064
 11
-5.23445
 21
2.00809
  0
LINE
  8
0
 10
-5.23445
 20
2.00809
 11
-5.23482
 21
2.00557
  0
LINE
  8
0
 10
-5.23482
 20
2.00557
 11
-5.23531
 21
2.00305
  0
LINE
  8
0
 10
-5.23531
 20
2.00305
 11
-5.23589
 21
2.00056
  0
LINE
  8
0
 10
-5.23589
 20
2.00056
 11
-5.23657
 21
1.99811
  0
LINE
  8
0
 10
-5.23657
 20
1.99811
 11
-5.23737
 21
1.99567
  0
LINE
  8
0
 10
-5.23737
 20
1.99567
 11
-5.23825
 21
1.99327
  0
LINE
  8
0
 10
-5.23825
 20
1.99327
 11
-5.23924
 21
1.99092
  0
LINE
  8
0
 10
-5.23924
 20
1.99092
 11
-5.24034
 21
1.9886
  0
LINE
  8
0
 10
-5.24034
 20
1.9886
 11
-5.24152
 21
1.98634
  0
LINE
  8
0
 10
-5.24152
 20
1.98634
 11
-5.2428
 21
1.98413
  0
LINE
  8
0
 10
-5.2428
 20
1.98413
 11
-5.24417
 21
1.98196
  0
LINE
  8
0
 10
-5.24417
 20
1.98196
 11
-5.24562
 21
1.97987
  0
LINE
  8
0
 10
-5.24562
 20
1.97987
 11
-5.24716
 21
1.97783
  0
LINE
  8
0
 10
-5.24716
 20
1.97783
 11
-5.24879
 21
1.97586
  0
LINE
  8
0
 10
-5.24879
 20
1.97586
 11
-5.2505
 21
1.97397
  0
LINE
  8
0
 10
-5.2505
 20
1.97397
 11
-5.2523
 21
1.97214
  0
LINE
  8
0
 10
-5.2523
 20
1.97214
 11
-5.25417
 21
1.9704
  0
LINE
  8
0
 10
-5.25417
 20
1.9704
 11
-5.25609
 21
1.96872
  0
LINE
  8
0
 10
-5.25609
 20
1.96872
 11
-5.2581
 21
1.96713
  0
LINE
  8
0
 10
-5.2581
 20
1.96713
 11
-5.26016
 21
1.96564
  0
LINE
  8
0
 10
-5.26016
 20
1.96564
 11
-5.2623
 21
1.96422
  0
LINE
  8
0
 10
-5.2623
 20
1.96422
 11
-5.26448
 21
1.96289
  0
LINE
  8
0
 10
-5.26448
 20
1.96289
 11
-5.26672
 21
1.96165
  0
LINE
  8
0
 10
-5.26672
 20
1.96165
 11
-5.26901
 21
1.96053
  0
LINE
  8
0
 10
-5.26901
 20
1.96053
 11
-5.27135
 21
1.95949
  0
LINE
  8
0
 10
-5.27135
 20
1.95949
 11
-5.27373
 21
1.95854
  0
LINE
  8
0
 10
-5.27373
 20
1.95854
 11
-5.27614
 21
1.9577
  0
LINE
  8
0
 10
-5.27614
 20
1.9577
 11
-5.27858
 21
1.95697
  0
LINE
  8
0
 10
-5.27858
 20
1.95697
 11
-5.28105
 21
1.95633
  0
LINE
  8
0
 10
-5.28105
 20
1.95633
 11
-5.28355
 21
1.9558
  0
LINE
  8
0
 10
-5.28355
 20
1.9558
 11
-5.28607
 21
1.95537
  0
LINE
  8
0
 10
-5.28607
 20
1.95537
 11
-5.28862
 21
1.95505
  0
LINE
  8
0
 10
-5.28862
 20
1.95505
 11
-5.29117
 21
1.95483
  0
LINE
  8
0
 10
-5.29117
 20
1.95483
 11
-5.29372
 21
1.95473
  0
LINE
  8
0
 10
-5.29372
 20
1.95473
 11
-5.29626
 21
1.95473
  0
LINE
  8
0
 10
3.61371
 20
1.95473
 11
3.61116
 21
1.95483
  0
LINE
  8
0
 10
3.61116
 20
1.95483
 11
3.60861
 21
1.95505
  0
LINE
  8
0
 10
3.60861
 20
1.95505
 11
3.60608
 21
1.95537
  0
LINE
  8
0
 10
3.60608
 20
1.95537
 11
3.60356
 21
1.9558
  0
LINE
  8
0
 10
3.60356
 20
1.9558
 11
3.60106
 21
1.95633
  0
LINE
  8
0
 10
3.60106
 20
1.95633
 11
3.59859
 21
1.95697
  0
LINE
  8
0
 10
3.59859
 20
1.95697
 11
3.59613
 21
1.9577
  0
LINE
  8
0
 10
3.59613
 20
1.9577
 11
3.59372
 21
1.95854
  0
LINE
  8
0
 10
3.59372
 20
1.95854
 11
3.59134
 21
1.95949
  0
LINE
  8
0
 10
3.59134
 20
1.95949
 11
3.589
 21
1.96053
  0
LINE
  8
0
 10
3.589
 20
1.96053
 11
3.58672
 21
1.96165
  0
LINE
  8
0
 10
3.58672
 20
1.96165
 11
3.58449
 21
1.96289
  0
LINE
  8
0
 10
3.58449
 20
1.96289
 11
3.58229
 21
1.96422
  0
LINE
  8
0
 10
3.58229
 20
1.96422
 11
3.58017
 21
1.96564
  0
LINE
  8
0
 10
3.58017
 20
1.96564
 11
3.57809
 21
1.96713
  0
LINE
  8
0
 10
3.57809
 20
1.96713
 11
3.5761
 21
1.96872
  0
LINE
  8
0
 10
3.5761
 20
1.96872
 11
3.57416
 21
1.9704
  0
LINE
  8
0
 10
3.57416
 20
1.9704
 11
3.5723
 21
1.97214
  0
LINE
  8
0
 10
3.5723
 20
1.97214
 11
3.57051
 21
1.97397
  0
LINE
  8
0
 10
3.57051
 20
1.97397
 11
3.5688
 21
1.97586
  0
LINE
  8
0
 10
3.5688
 20
1.97586
 11
3.56717
 21
1.97783
  0
LINE
  8
0
 10
3.56717
 20
1.97783
 11
3.56563
 21
1.97987
  0
LINE
  8
0
 10
3.56563
 20
1.97987
 11
3.56416
 21
1.98196
  0
LINE
  8
0
 10
3.56416
 20
1.98196
 11
3.56279
 21
1.98413
  0
LINE
  8
0
 10
3.56279
 20
1.98413
 11
3.56152
 21
1.98634
  0
LINE
  8
0
 10
3.56152
 20
1.98634
 11
3.56033
 21
1.9886
  0
LINE
  8
0
 10
3.56033
 20
1.9886
 11
3.55925
 21
1.99092
  0
LINE
  8
0
 10
3.55925
 20
1.99092
 11
3.55826
 21
1.99327
  0
LINE
  8
0
 10
3.55826
 20
1.99327
 11
3.55736
 21
1.99567
  0
LINE
  8
0
 10
3.55736
 20
1.99567
 11
3.55658
 21
1.99811
  0
LINE
  8
0
 10
3.55658
 20
1.99811
 11
3.55589
 21
2.00056
  0
LINE
  8
0
 10
3.55589
 20
2.00056
 11
3.5553
 21
2.00305
  0
LINE
  8
0
 10
3.5553
 20
2.00305
 11
3.55482
 21
2.00557
  0
LINE
  8
0
 10
3.55482
 20
2.00557
 11
3.55444
 21
2.00809
  0
LINE
  8
0
 10
3.55444
 20
2.00809
 11
3.55418
 21
2.01064
  0
LINE
  8
0
 10
3.55418
 20
2.01064
 11
3.55402
 21
2.01318
  0
LINE
  8
0
 10
3.55402
 20
2.01318
 11
3.55397
 21
2.01575
  0
LINE
  8
0
 10
3.55397
 20
2.01575
 11
3.55402
 21
2.0183
  0
LINE
  8
0
 10
3.55402
 20
2.0183
 11
3.55418
 21
2.02084
  0
LINE
  8
0
 10
3.55418
 20
2.02084
 11
3.55444
 21
2.02339
  0
LINE
  8
0
 10
3.55444
 20
2.02339
 11
3.55482
 21
2.02592
  0
LINE
  8
0
 10
3.55482
 20
2.02592
 11
3.5553
 21
2.02843
  0
LINE
  8
0
 10
3.5553
 20
2.02843
 11
3.55589
 21
2.03091
  0
LINE
  8
0
 10
3.55589
 20
2.03091
 11
3.55658
 21
2.03339
  0
LINE
  8
0
 10
3.55658
 20
2.03339
 11
3.55736
 21
2.03581
  0
LINE
  8
0
 10
3.55736
 20
2.03581
 11
3.55826
 21
2.03821
  0
LINE
  8
0
 10
3.55826
 20
2.03821
 11
3.55925
 21
2.04056
  0
LINE
  8
0
 10
3.55925
 20
2.04056
 11
3.56033
 21
2.04288
  0
LINE
  8
0
 10
3.56033
 20
2.04288
 11
3.56152
 21
2.04514
  0
LINE
  8
0
 10
3.56152
 20
2.04514
 11
3.56279
 21
2.04735
  0
LINE
  8
0
 10
3.56279
 20
2.04735
 11
3.56416
 21
2.04951
  0
LINE
  8
0
 10
3.56416
 20
2.04951
 11
3.56563
 21
2.05161
  0
LINE
  8
0
 10
3.56563
 20
2.05161
 11
3.56717
 21
2.05365
  0
LINE
  8
0
 10
3.56717
 20
2.05365
 11
3.5688
 21
2.05562
  0
LINE
  8
0
 10
3.5688
 20
2.05562
 11
3.57051
 21
2.05751
  0
LINE
  8
0
 10
3.57051
 20
2.05751
 11
3.5723
 21
2.05934
  0
LINE
  8
0
 10
3.5723
 20
2.05934
 11
3.57416
 21
2.0611
  0
LINE
  8
0
 10
3.57416
 20
2.0611
 11
3.5761
 21
2.06276
  0
LINE
  8
0
 10
3.5761
 20
2.06276
 11
3.57809
 21
2.06435
  0
LINE
  8
0
 10
3.57809
 20
2.06435
 11
3.58017
 21
2.06586
  0
LINE
  8
0
 10
3.58017
 20
2.06586
 11
3.58229
 21
2.06726
  0
LINE
  8
0
 10
3.58229
 20
2.06726
 11
3.58449
 21
2.06859
  0
LINE
  8
0
 10
3.58449
 20
2.06859
 11
3.58672
 21
2.06982
  0
LINE
  8
0
 10
3.58672
 20
2.06982
 11
3.589
 21
2.07095
  0
LINE
  8
0
 10
3.589
 20
2.07095
 11
3.59134
 21
2.07199
  0
LINE
  8
0
 10
3.59134
 20
2.07199
 11
3.59372
 21
2.07294
  0
LINE
  8
0
 10
3.59372
 20
2.07294
 11
3.59613
 21
2.07378
  0
LINE
  8
0
 10
3.59613
 20
2.07378
 11
3.59859
 21
2.07452
  0
LINE
  8
0
 10
3.59859
 20
2.07452
 11
3.60106
 21
2.07515
  0
LINE
  8
0
 10
3.60106
 20
2.07515
 11
3.60356
 21
2.07568
  0
LINE
  8
0
 10
3.60356
 20
2.07568
 11
3.60608
 21
2.07611
  0
LINE
  8
0
 10
3.60608
 20
2.07611
 11
3.60861
 21
2.07643
  0
LINE
  8
0
 10
3.60861
 20
2.07643
 11
3.61116
 21
2.07664
  0
LINE
  8
0
 10
3.61116
 20
2.07664
 11
3.61371
 21
2.07675
  0
LINE
  8
0
 10
3.61371
 20
2.07675
 11
3.61627
 21
2.07675
  0
LINE
  8
0
 10
3.61627
 20
2.07675
 11
3.61882
 21
2.07664
  0
LINE
  8
0
 10
3.61882
 20
2.07664
 11
3.62137
 21
2.07643
  0
LINE
  8
0
 10
3.62137
 20
2.07643
 11
3.6239
 21
2.07611
  0
LINE
  8
0
 10
3.6239
 20
2.07611
 11
3.62643
 21
2.07568
  0
LINE
  8
0
 10
3.62643
 20
2.07568
 11
3.62892
 21
2.07515
  0
LINE
  8
0
 10
3.62892
 20
2.07515
 11
3.63141
 21
2.07452
  0
LINE
  8
0
 10
3.63141
 20
2.07452
 11
3.63385
 21
2.07378
  0
LINE
  8
0
 10
3.63385
 20
2.07378
 11
3.63626
 21
2.07294
  0
LINE
  8
0
 10
3.63626
 20
2.07294
 11
3.63864
 21
2.07199
  0
LINE
  8
0
 10
3.63864
 20
2.07199
 11
3.64098
 21
2.07095
  0
LINE
  8
0
 10
3.64098
 20
2.07095
 11
3.64326
 21
2.06982
  0
LINE
  8
0
 10
3.64326
 20
2.06982
 11
3.64551
 21
2.06859
  0
LINE
  8
0
 10
3.64551
 20
2.06859
 11
3.64769
 21
2.06726
  0
LINE
  8
0
 10
3.64769
 20
2.06726
 11
3.64983
 21
2.06586
  0
LINE
  8
0
 10
3.64983
 20
2.06586
 11
3.65189
 21
2.06435
  0
LINE
  8
0
 10
3.65189
 20
2.06435
 11
3.65388
 21
2.06276
  0
LINE
  8
0
 10
3.65388
 20
2.06276
 11
3.65582
 21
2.0611
  0
LINE
  8
0
 10
3.65582
 20
2.0611
 11
3.65768
 21
2.05934
  0
LINE
  8
0
 10
3.65768
 20
2.05934
 11
3.65947
 21
2.05751
  0
LINE
  8
0
 10
3.65947
 20
2.05751
 11
3.66119
 21
2.05562
  0
LINE
  8
0
 10
3.66119
 20
2.05562
 11
3.66281
 21
2.05365
  0
LINE
  8
0
 10
3.66281
 20
2.05365
 11
3.66437
 21
2.05161
  0
LINE
  8
0
 10
3.66437
 20
2.05161
 11
3.66582
 21
2.04951
  0
LINE
  8
0
 10
3.66582
 20
2.04951
 11
3.66719
 21
2.04735
  0
LINE
  8
0
 10
3.66719
 20
2.04735
 11
3.66847
 21
2.04514
  0
LINE
  8
0
 10
3.66847
 20
2.04514
 11
3.66965
 21
2.04288
  0
LINE
  8
0
 10
3.66965
 20
2.04288
 11
3.67075
 21
2.04056
  0
LINE
  8
0
 10
3.67075
 20
2.04056
 11
3.67174
 21
2.03821
  0
LINE
  8
0
 10
3.67174
 20
2.03821
 11
3.67262
 21
2.03581
  0
LINE
  8
0
 10
3.67262
 20
2.03581
 11
3.67342
 21
2.03339
  0
LINE
  8
0
 10
3.67342
 20
2.03339
 11
3.6741
 21
2.03091
  0
LINE
  8
0
 10
3.6741
 20
2.03091
 11
3.67468
 21
2.02843
  0
LINE
  8
0
 10
3.67468
 20
2.02843
 11
3.67516
 21
2.02592
  0
LINE
  8
0
 10
3.67516
 20
2.02592
 11
3.67554
 21
2.02339
  0
LINE
  8
0
 10
3.67554
 20
2.02339
 11
3.6758
 21
2.02084
  0
LINE
  8
0
 10
3.6758
 20
2.02084
 11
3.67596
 21
2.0183
  0
LINE
  8
0
 10
3.67596
 20
2.0183
 11
3.67601
 21
2.01575
  0
LINE
  8
0
 10
3.67601
 20
2.01575
 11
3.67596
 21
2.01318
  0
LINE
  8
0
 10
3.67596
 20
2.01318
 11
3.6758
 21
2.01064
  0
LINE
  8
0
 10
3.6758
 20
2.01064
 11
3.67554
 21
2.00809
  0
LINE
  8
0
 10
3.67554
 20
2.00809
 11
3.67516
 21
2.00557
  0
LINE
  8
0
 10
3.67516
 20
2.00557
 11
3.67468
 21
2.00305
  0
LINE
  8
0
 10
3.67468
 20
2.00305
 11
3.6741
 21
2.00056
  0
LINE
  8
0
 10
3.6741
 20
2.00056
 11
3.67342
 21
1.99811
  0
LINE
  8
0
 10
3.67342
 20
1.99811
 11
3.67262
 21
1.99567
  0
LINE
  8
0
 10
3.67262
 20
1.99567
 11
3.67174
 21
1.99327
  0
LINE
  8
0
 10
3.67174
 20
1.99327
 11
3.67075
 21
1.99092
  0
LINE
  8
0
 10
3.67075
 20
1.99092
 11
3.66965
 21
1.9886
  0
LINE
  8
0
 10
3.66965
 20
1.9886
 11
3.66847
 21
1.98634
  0
LINE
  8
0
 10
3.66847
 20
1.98634
 11
3.66719
 21
1.98413
  0
LINE
  8
0
 10
3.66719
 20
1.98413
 11
3.66582
 21
1.98196
  0
LINE
  8
0
 10
3.66582
 20
1.98196
 11
3.66437
 21
1.97987
  0
LINE
  8
0
 10
3.66437
 20
1.97987
 11
3.66281
 21
1.97783
  0
LINE
  8
0
 10
3.66281
 20
1.97783
 11
3.66119
 21
1.97586
  0
LINE
  8
0
 10
3.66119
 20
1.97586
 11
3.65947
 21
1.97397
  0
LINE
  8
0
 10
3.65947
 20
1.97397
 11
3.65768
 21
1.97214
  0
LINE
  8
0
 10
3.65768
 20
1.97214
 11
3.65582
 21
1.9704
  0
LINE
  8
0
 10
3.65582
 20
1.9704
 11
3.65388
 21
1.96872
  0
LINE
  8
0
 10
3.65388
 20
1.96872
 11
3.65189
 21
1.96713
  0
LINE
  8
0
 10
3.65189
 20
1.96713
 11
3.64983
 21
1.96564
  0
LINE
  8
0
 10
3.64983
 20
1.96564
 11
3.64769
 21
1.96422
  0
LINE
  8
0
 10
3.64769
 20
1.96422
 11
3.64551
 21
1.96289
  0
LINE
  8
0
 10
3.64551
 20
1.96289
 11
3.64326
 21
1.96165
  0
LINE
  8
0
 10
3.64326
 20
1.96165
 11
3.64098
 21
1.96053
  0
LINE
  8
0
 10
3.64098
 20
1.96053
 11
3.63864
 21
1.95949
  0
LINE
  8
0
 10
3.63864
 20
1.95949
 11
3.63626
 21
1.95854
  0
LINE
  8
0
 10
3.63626
 20
1.95854
 11
3.63385
 21
1.9577
  0
LINE
  8
0
 10
3.63385
 20
1.9577
 11
3.63141
 21
1.95697
  0
LINE
  8
0
 10
3.63141
 20
1.95697
 11
3.62892
 21
1.95633
  0
LINE
  8
0
 10
3.62892
 20
1.95633
 11
3.62643
 21
1.9558
  0
LINE
  8
0
 10
3.62643
 20
1.9558
 11
3.6239
 21
1.95537
  0
LINE
  8
0
 10
3.6239
 20
1.95537
 11
3.62137
 21
1.95505
  0
LINE
  8
0
 10
3.62137
 20
1.95505
 11
3.61882
 21
1.95483
  0
LINE
  8
0
 10
3.61882
 20
1.95483
 11
3.61627
 21
1.95473
  0
LINE
  8
0
 10
3.61627
 20
1.95473
 11
3.61371
 21
1.95473
  0
LINE
  8
0
 10
-5.2634
 20
1.25912
 11
-5.26677
 21
1.25934
  0
LINE
  8
0
 10
-5.26677
 20
1.25934
 11
-5.27013
 21
1.25969
  0
LINE
  8
0
 10
-5.27013
 20
1.25969
 11
-5.27347
 21
1.26018
  0
LINE
  8
0
 10
-5.27347
 20
1.26018
 11
-5.27679
 21
1.26082
  0
LINE
  8
0
 10
-5.27679
 20
1.26082
 11
-5.28009
 21
1.2616
  0
LINE
  8
0
 10
-5.28009
 20
1.2616
 11
-5.28334
 21
1.2625
  0
LINE
  8
0
 10
-5.28334
 20
1.2625
 11
-5.28656
 21
1.26355
  0
LINE
  8
0
 10
-5.28656
 20
1.26355
 11
-5.28972
 21
1.26472
  0
LINE
  8
0
 10
-5.28972
 20
1.26472
 11
-5.29283
 21
1.26604
  0
LINE
  8
0
 10
-5.29283
 20
1.26604
 11
-5.2959
 21
1.26747
  0
LINE
  8
0
 10
-5.2959
 20
1.26747
 11
-5.29889
 21
1.26904
  0
LINE
  8
0
 10
-5.29889
 20
1.26904
 11
-5.30182
 21
1.27072
  0
LINE
  8
0
 10
-5.30182
 20
1.27072
 11
-5.30467
 21
1.27254
  0
LINE
  8
0
 10
-5.30467
 20
1.27254
 11
-5.30745
 21
1.27448
  0
LINE
  8
0
 10
-5.30745
 20
1.27448
 11
-5.31015
 21
1.2765
  0
LINE
  8
0
 10
-5.31015
 20
1.2765
 11
-5.31274
 21
1.27867
  0
LINE
  8
0
 10
-5.31274
 20
1.27867
 11
-5.31526
 21
1.28093
  0
LINE
  8
0
 10
-5.31526
 20
1.28093
 11
-5.31767
 21
1.28329
  0
LINE
  8
0
 10
-5.31767
 20
1.28329
 11
-5.31999
 21
1.28575
  0
LINE
  8
0
 10
-5.31999
 20
1.28575
 11
-5.3222
 21
1.28831
  0
LINE
  8
0
 10
-5.3222
 20
1.28831
 11
-5.3243
 21
1.29097
  0
LINE
  8
0
 10
-5.3243
 20
1.29097
 11
-5.32628
 21
1.2937
  0
LINE
  8
0
 10
-5.32628
 20
1.2937
 11
-5.32816
 21
1.29652
  0
LINE
  8
0
 10
-5.32816
 20
1.29652
 11
-5.32991
 21
1.29941
  0
LINE
  8
0
 10
-5.32991
 20
1.29941
 11
-5.33154
 21
1.30237
  0
LINE
  8
0
 10
-5.33154
 20
1.30237
 11
-5.33304
 21
1.3054
  0
LINE
  8
0
 10
-5.33304
 20
1.3054
 11
-5.33441
 21
1.30849
  0
LINE
  8
0
 10
-5.33441
 20
1.30849
 11
-5.33566
 21
1.31163
  0
LINE
  8
0
 10
-5.33566
 20
1.31163
 11
-5.33678
 21
1.31482
  0
LINE
  8
0
 10
-5.33678
 20
1.31482
 11
-5.33775
 21
1.31805
  0
LINE
  8
0
 10
-5.33775
 20
1.31805
 11
-5.33859
 21
1.32133
  0
LINE
  8
0
 10
-5.33859
 20
1.32133
 11
-5.33929
 21
1.32465
  0
LINE
  8
0
 10
-5.33929
 20
1.32465
 11
-5.33986
 21
1.32797
  0
LINE
  8
0
 10
-5.33986
 20
1.32797
 11
-5.34027
 21
1.33133
  0
LINE
  8
0
 10
-5.34027
 20
1.33133
 11
-5.34056
 21
1.3347
  0
LINE
  8
0
 10
-5.34056
 20
1.3347
 11
-5.3407
 21
1.33807
  0
LINE
  8
0
 10
-5.3407
 20
1.33807
 11
-5.3407
 21
1.34145
  0
LINE
  8
0
 10
-5.3407
 20
1.34145
 11
-5.34056
 21
1.34483
  0
LINE
  8
0
 10
-5.34056
 20
1.34483
 11
-5.34027
 21
1.34821
  0
LINE
  8
0
 10
-5.34027
 20
1.34821
 11
-5.33986
 21
1.35155
  0
LINE
  8
0
 10
-5.33986
 20
1.35155
 11
-5.33929
 21
1.35489
  0
LINE
  8
0
 10
-5.33929
 20
1.35489
 11
-5.33859
 21
1.3582
  0
LINE
  8
0
 10
-5.33859
 20
1.3582
 11
-5.33775
 21
1.36147
  0
LINE
  8
0
 10
-5.33775
 20
1.36147
 11
-5.33678
 21
1.3647
  0
LINE
  8
0
 10
-5.33678
 20
1.3647
 11
-5.33566
 21
1.36789
  0
LINE
  8
0
 10
-5.33566
 20
1.36789
 11
-5.33441
 21
1.37103
  0
LINE
  8
0
 10
-5.33441
 20
1.37103
 11
-5.33304
 21
1.37413
  0
LINE
  8
0
 10
-5.33304
 20
1.37413
 11
-5.33154
 21
1.37715
  0
LINE
  8
0
 10
-5.33154
 20
1.37715
 11
-5.32991
 21
1.38011
  0
LINE
  8
0
 10
-5.32991
 20
1.38011
 11
-5.32816
 21
1.38301
  0
LINE
  8
0
 10
-5.32816
 20
1.38301
 11
-5.32628
 21
1.38582
  0
LINE
  8
0
 10
-5.32628
 20
1.38582
 11
-5.3243
 21
1.38857
  0
LINE
  8
0
 10
-5.3243
 20
1.38857
 11
-5.3222
 21
1.3912
  0
LINE
  8
0
 10
-5.3222
 20
1.3912
 11
-5.31999
 21
1.39377
  0
LINE
  8
0
 10
-5.31999
 20
1.39377
 11
-5.31767
 21
1.39622
  0
LINE
  8
0
 10
-5.31767
 20
1.39622
 11
-5.31526
 21
1.39859
  0
LINE
  8
0
 10
-5.31526
 20
1.39859
 11
-5.31274
 21
1.40086
  0
LINE
  8
0
 10
-5.31274
 20
1.40086
 11
-5.31015
 21
1.40302
  0
LINE
  8
0
 10
-5.31015
 20
1.40302
 11
-5.30745
 21
1.40506
  0
LINE
  8
0
 10
-5.30745
 20
1.40506
 11
-5.30467
 21
1.40698
  0
LINE
  8
0
 10
-5.30467
 20
1.40698
 11
-5.30182
 21
1.4088
  0
LINE
  8
0
 10
-5.30182
 20
1.4088
 11
-5.29889
 21
1.41049
  0
LINE
  8
0
 10
-5.29889
 20
1.41049
 11
-5.2959
 21
1.41205
  0
LINE
  8
0
 10
-5.2959
 20
1.41205
 11
-5.29283
 21
1.4135
  0
LINE
  8
0
 10
-5.29283
 20
1.4135
 11
-5.28972
 21
1.41481
  0
LINE
  8
0
 10
-5.28972
 20
1.41481
 11
-5.28656
 21
1.41599
  0
LINE
  8
0
 10
-5.28656
 20
1.41599
 11
-5.28334
 21
1.41702
  0
LINE
  8
0
 10
-5.28334
 20
1.41702
 11
-5.28009
 21
1.41794
  0
LINE
  8
0
 10
-5.28009
 20
1.41794
 11
-5.27679
 21
1.4187
  0
LINE
  8
0
 10
-5.27679
 20
1.4187
 11
-5.27347
 21
1.41934
  0
LINE
  8
0
 10
-5.27347
 20
1.41934
 11
-5.27013
 21
1.41983
  0
LINE
  8
0
 10
-5.27013
 20
1.41983
 11
-5.26677
 21
1.42018
  0
LINE
  8
0
 10
-5.26677
 20
1.42018
 11
-5.2634
 21
1.42039
  0
LINE
  8
0
 10
-5.2634
 20
1.42039
 11
-5.26001
 21
1.42047
  0
LINE
  8
0
 10
-5.26001
 20
1.42047
 11
-5.25664
 21
1.42039
  0
LINE
  8
0
 10
-5.25664
 20
1.42039
 11
-5.25327
 21
1.42018
  0
LINE
  8
0
 10
-5.25327
 20
1.42018
 11
-5.24989
 21
1.41983
  0
LINE
  8
0
 10
-5.24989
 20
1.41983
 11
-5.24655
 21
1.41934
  0
LINE
  8
0
 10
-5.24655
 20
1.41934
 11
-5.24323
 21
1.4187
  0
LINE
  8
0
 10
-5.24323
 20
1.4187
 11
-5.23994
 21
1.41794
  0
LINE
  8
0
 10
-5.23994
 20
1.41794
 11
-5.23668
 21
1.41702
  0
LINE
  8
0
 10
-5.23668
 20
1.41702
 11
-5.23347
 21
1.41599
  0
LINE
  8
0
 10
-5.23347
 20
1.41599
 11
-5.2303
 21
1.41481
  0
LINE
  8
0
 10
-5.2303
 20
1.41481
 11
-5.22719
 21
1.4135
  0
LINE
  8
0
 10
-5.22719
 20
1.4135
 11
-5.22412
 21
1.41205
  0
LINE
  8
0
 10
-5.22412
 20
1.41205
 11
-5.22113
 21
1.41049
  0
LINE
  8
0
 10
-5.22113
 20
1.41049
 11
-5.2182
 21
1.4088
  0
LINE
  8
0
 10
-5.2182
 20
1.4088
 11
-5.21535
 21
1.40698
  0
LINE
  8
0
 10
-5.21535
 20
1.40698
 11
-5.21257
 21
1.40506
  0
LINE
  8
0
 10
-5.21257
 20
1.40506
 11
-5.20988
 21
1.40302
  0
LINE
  8
0
 10
-5.20988
 20
1.40302
 11
-5.20728
 21
1.40086
  0
LINE
  8
0
 10
-5.20728
 20
1.40086
 11
-5.20476
 21
1.39859
  0
LINE
  8
0
 10
-5.20476
 20
1.39859
 11
-5.20235
 21
1.39622
  0
LINE
  8
0
 10
-5.20235
 20
1.39622
 11
-5.20003
 21
1.39377
  0
LINE
  8
0
 10
-5.20003
 20
1.39377
 11
-5.19783
 21
1.3912
  0
LINE
  8
0
 10
-5.19783
 20
1.3912
 11
-5.19572
 21
1.38857
  0
LINE
  8
0
 10
-5.19572
 20
1.38857
 11
-5.19374
 21
1.38582
  0
LINE
  8
0
 10
-5.19374
 20
1.38582
 11
-5.19186
 21
1.38301
  0
LINE
  8
0
 10
-5.19186
 20
1.38301
 11
-5.19011
 21
1.38011
  0
LINE
  8
0
 10
-5.19011
 20
1.38011
 11
-5.18849
 21
1.37715
  0
LINE
  8
0
 10
-5.18849
 20
1.37715
 11
-5.18698
 21
1.37413
  0
LINE
  8
0
 10
-5.18698
 20
1.37413
 11
-5.18561
 21
1.37103
  0
LINE
  8
0
 10
-5.18561
 20
1.37103
 11
-5.18437
 21
1.36789
  0
LINE
  8
0
 10
-5.18437
 20
1.36789
 11
-5.18326
 21
1.3647
  0
LINE
  8
0
 10
-5.18326
 20
1.3647
 11
-5.18228
 21
1.36147
  0
LINE
  8
0
 10
-5.18228
 20
1.36147
 11
-5.18144
 21
1.3582
  0
LINE
  8
0
 10
-5.18144
 20
1.3582
 11
-5.18074
 21
1.35489
  0
LINE
  8
0
 10
-5.18074
 20
1.35489
 11
-5.18018
 21
1.35155
  0
LINE
  8
0
 10
-5.18018
 20
1.35155
 11
-5.17975
 21
1.34821
  0
LINE
  8
0
 10
-5.17975
 20
1.34821
 11
-5.17946
 21
1.34483
  0
LINE
  8
0
 10
-5.17946
 20
1.34483
 11
-5.17932
 21
1.34145
  0
LINE
  8
0
 10
-5.17932
 20
1.34145
 11
-5.17932
 21
1.33807
  0
LINE
  8
0
 10
-5.17932
 20
1.33807
 11
-5.17946
 21
1.3347
  0
LINE
  8
0
 10
-5.17946
 20
1.3347
 11
-5.17975
 21
1.33133
  0
LINE
  8
0
 10
-5.17975
 20
1.33133
 11
-5.18018
 21
1.32797
  0
LINE
  8
0
 10
-5.18018
 20
1.32797
 11
-5.18074
 21
1.32465
  0
LINE
  8
0
 10
-5.18074
 20
1.32465
 11
-5.18144
 21
1.32133
  0
LINE
  8
0
 10
-5.18144
 20
1.32133
 11
-5.18228
 21
1.31805
  0
LINE
  8
0
 10
-5.18228
 20
1.31805
 11
-5.18326
 21
1.31482
  0
LINE
  8
0
 10
-5.18326
 20
1.31482
 11
-5.18437
 21
1.31163
  0
LINE
  8
0
 10
-5.18437
 20
1.31163
 11
-5.18561
 21
1.30849
  0
LINE
  8
0
 10
-5.18561
 20
1.30849
 11
-5.18698
 21
1.3054
  0
LINE
  8
0
 10
-5.18698
 20
1.3054
 11
-5.18849
 21
1.30237
  0
LINE
  8
0
 10
-5.18849
 20
1.30237
 11
-5.19011
 21
1.29941
  0
LINE
  8
0
 10
-5.19011
 20
1.29941
 11
-5.19186
 21
1.29652
  0
LINE
  8
0
 10
-5.19186
 20
1.29652
 11
-5.19374
 21
1.2937
  0
LINE
  8
0
 10
-5.19374
 20
1.2937
 11
-5.19572
 21
1.29097
  0
LINE
  8
0
 10
-5.19572
 20
1.29097
 11
-5.19783
 21
1.28831
  0
LINE
  8
0
 10
-5.19783
 20
1.28831
 11
-5.20003
 21
1.28575
  0
LINE
  8
0
 10
-5.20003
 20
1.28575
 11
-5.20235
 21
1.28329
  0
LINE
  8
0
 10
-5.20235
 20
1.28329
 11
-5.20476
 21
1.28093
  0
LINE
  8
0
 10
-5.20476
 20
1.28093
 11
-5.20728
 21
1.27867
  0
LINE
  8
0
 10
-5.20728
 20
1.27867
 11
-5.20988
 21
1.2765
  0
LINE
  8
0
 10
-5.20988
 20
1.2765
 11
-5.21257
 21
1.27448
  0
LINE
  8
0
 10
-5.21257
 20
1.27448
 11
-5.21535
 21
1.27254
  0
LINE
  8
0
 10
-5.21535
 20
1.27254
 11
-5.2182
 21
1.27072
  0
LINE
  8
0
 10
-5.2182
 20
1.27072
 11
-5.22113
 21
1.26904
  0
LINE
  8
0
 10
-5.22113
 20
1.26904
 11
-5.22412
 21
1.26747
  0
LINE
  8
0
 10
-5.22412
 20
1.26747
 11
-5.22719
 21
1.26604
  0
LINE
  8
0
 10
-5.22719
 20
1.26604
 11
-5.2303
 21
1.26472
  0
LINE
  8
0
 10
-5.2303
 20
1.26472
 11
-5.23347
 21
1.26355
  0
LINE
  8
0
 10
-5.23347
 20
1.26355
 11
-5.23668
 21
1.2625
  0
LINE
  8
0
 10
-5.23668
 20
1.2625
 11
-5.23994
 21
1.2616
  0
LINE
  8
0
 10
-5.23994
 20
1.2616
 11
-5.24323
 21
1.26082
  0
LINE
  8
0
 10
-5.24323
 20
1.26082
 11
-5.24655
 21
1.26018
  0
LINE
  8
0
 10
-5.24655
 20
1.26018
 11
-5.24989
 21
1.25969
  0
LINE
  8
0
 10
-5.24989
 20
1.25969
 11
-5.25327
 21
1.25934
  0
LINE
  8
0
 10
-5.25327
 20
1.25934
 11
-5.25664
 21
1.25912
  0
LINE
  8
0
 10
-5.25664
 20
1.25912
 11
-5.26001
 21
1.25905
  0
LINE
  8
0
 10
-5.26001
 20
1.25905
 11
-5.2634
 21
1.25912
  0
LINE
  8
0
 10
3.71413
 20
1.25912
 11
3.71075
 21
1.25934
  0
LINE
  8
0
 10
3.71075
 20
1.25934
 11
3.7074
 21
1.25969
  0
LINE
  8
0
 10
3.7074
 20
1.25969
 11
3.70406
 21
1.26018
  0
LINE
  8
0
 10
3.70406
 20
1.26018
 11
3.70073
 21
1.26082
  0
LINE
  8
0
 10
3.70073
 20
1.26082
 11
3.69745
 21
1.2616
  0
LINE
  8
0
 10
3.69745
 20
1.2616
 11
3.69418
 21
1.2625
  0
LINE
  8
0
 10
3.69418
 20
1.2625
 11
3.69096
 21
1.26355
  0
LINE
  8
0
 10
3.69096
 20
1.26355
 11
3.68781
 21
1.26472
  0
LINE
  8
0
 10
3.68781
 20
1.26472
 11
3.68469
 21
1.26604
  0
LINE
  8
0
 10
3.68469
 20
1.26604
 11
3.68163
 21
1.26747
  0
LINE
  8
0
 10
3.68163
 20
1.26747
 11
3.67863
 21
1.26904
  0
LINE
  8
0
 10
3.67863
 20
1.26904
 11
3.6757
 21
1.27072
  0
LINE
  8
0
 10
3.6757
 20
1.27072
 11
3.67285
 21
1.27254
  0
LINE
  8
0
 10
3.67285
 20
1.27254
 11
3.67007
 21
1.27448
  0
LINE
  8
0
 10
3.67007
 20
1.27448
 11
3.66737
 21
1.2765
  0
LINE
  8
0
 10
3.66737
 20
1.2765
 11
3.66478
 21
1.27867
  0
LINE
  8
0
 10
3.66478
 20
1.27867
 11
3.66226
 21
1.28093
  0
LINE
  8
0
 10
3.66226
 20
1.28093
 11
3.65985
 21
1.28329
  0
LINE
  8
0
 10
3.65985
 20
1.28329
 11
3.65753
 21
1.28575
  0
LINE
  8
0
 10
3.65753
 20
1.28575
 11
3.65532
 21
1.28831
  0
LINE
  8
0
 10
3.65532
 20
1.28831
 11
3.65323
 21
1.29097
  0
LINE
  8
0
 10
3.65323
 20
1.29097
 11
3.65125
 21
1.2937
  0
LINE
  8
0
 10
3.65125
 20
1.2937
 11
3.64937
 21
1.29652
  0
LINE
  8
0
 10
3.64937
 20
1.29652
 11
3.64761
 21
1.29941
  0
LINE
  8
0
 10
3.64761
 20
1.29941
 11
3.646
 21
1.30237
  0
LINE
  8
0
 10
3.646
 20
1.30237
 11
3.64449
 21
1.3054
  0
LINE
  8
0
 10
3.64449
 20
1.3054
 11
3.64311
 21
1.30849
  0
LINE
  8
0
 10
3.64311
 20
1.30849
 11
3.64186
 21
1.31163
  0
LINE
  8
0
 10
3.64186
 20
1.31163
 11
3.64075
 21
1.31482
  0
LINE
  8
0
 10
3.64075
 20
1.31482
 11
3.63977
 21
1.31805
  0
LINE
  8
0
 10
3.63977
 20
1.31805
 11
3.63893
 21
1.32133
  0
LINE
  8
0
 10
3.63893
 20
1.32133
 11
3.63823
 21
1.32465
  0
LINE
  8
0
 10
3.63823
 20
1.32465
 11
3.63766
 21
1.32797
  0
LINE
  8
0
 10
3.63766
 20
1.32797
 11
3.63725
 21
1.33133
  0
LINE
  8
0
 10
3.63725
 20
1.33133
 11
3.63696
 21
1.3347
  0
LINE
  8
0
 10
3.63696
 20
1.3347
 11
3.63683
 21
1.33807
  0
LINE
  8
0
 10
3.63683
 20
1.33807
 11
3.63683
 21
1.34145
  0
LINE
  8
0
 10
3.63683
 20
1.34145
 11
3.63696
 21
1.34483
  0
LINE
  8
0
 10
3.63696
 20
1.34483
 11
3.63725
 21
1.34821
  0
LINE
  8
0
 10
3.63725
 20
1.34821
 11
3.63766
 21
1.35155
  0
LINE
  8
0
 10
3.63766
 20
1.35155
 11
3.63823
 21
1.35489
  0
LINE
  8
0
 10
3.63823
 20
1.35489
 11
3.63893
 21
1.3582
  0
LINE
  8
0
 10
3.63893
 20
1.3582
 11
3.63977
 21
1.36147
  0
LINE
  8
0
 10
3.63977
 20
1.36147
 11
3.64075
 21
1.3647
  0
LINE
  8
0
 10
3.64075
 20
1.3647
 11
3.64186
 21
1.36789
  0
LINE
  8
0
 10
3.64186
 20
1.36789
 11
3.64311
 21
1.37103
  0
LINE
  8
0
 10
3.64311
 20
1.37103
 11
3.64449
 21
1.37413
  0
LINE
  8
0
 10
3.64449
 20
1.37413
 11
3.646
 21
1.37715
  0
LINE
  8
0
 10
3.646
 20
1.37715
 11
3.64761
 21
1.38011
  0
LINE
  8
0
 10
3.64761
 20
1.38011
 11
3.64937
 21
1.38301
  0
LINE
  8
0
 10
3.64937
 20
1.38301
 11
3.65125
 21
1.38582
  0
LINE
  8
0
 10
3.65125
 20
1.38582
 11
3.65323
 21
1.38857
  0
LINE
  8
0
 10
3.65323
 20
1.38857
 11
3.65532
 21
1.3912
  0
LINE
  8
0
 10
3.65532
 20
1.3912
 11
3.65753
 21
1.39377
  0
LINE
  8
0
 10
3.65753
 20
1.39377
 11
3.65985
 21
1.39622
  0
LINE
  8
0
 10
3.65985
 20
1.39622
 11
3.66226
 21
1.39859
  0
LINE
  8
0
 10
3.66226
 20
1.39859
 11
3.66478
 21
1.40086
  0
LINE
  8
0
 10
3.66478
 20
1.40086
 11
3.66737
 21
1.40302
  0
LINE
  8
0
 10
3.66737
 20
1.40302
 11
3.67007
 21
1.40506
  0
LINE
  8
0
 10
3.67007
 20
1.40506
 11
3.67285
 21
1.40698
  0
LINE
  8
0
 10
3.67285
 20
1.40698
 11
3.6757
 21
1.4088
  0
LINE
  8
0
 10
3.6757
 20
1.4088
 11
3.67863
 21
1.41049
  0
LINE
  8
0
 10
3.67863
 20
1.41049
 11
3.68163
 21
1.41205
  0
LINE
  8
0
 10
3.68163
 20
1.41205
 11
3.68469
 21
1.4135
  0
LINE
  8
0
 10
3.68469
 20
1.4135
 11
3.68781
 21
1.41481
  0
LINE
  8
0
 10
3.68781
 20
1.41481
 11
3.69096
 21
1.41599
  0
LINE
  8
0
 10
3.69096
 20
1.41599
 11
3.69418
 21
1.41702
  0
LINE
  8
0
 10
3.69418
 20
1.41702
 11
3.69745
 21
1.41794
  0
LINE
  8
0
 10
3.69745
 20
1.41794
 11
3.70073
 21
1.4187
  0
LINE
  8
0
 10
3.70073
 20
1.4187
 11
3.70406
 21
1.41934
  0
LINE
  8
0
 10
3.70406
 20
1.41934
 11
3.7074
 21
1.41983
  0
LINE
  8
0
 10
3.7074
 20
1.41983
 11
3.71075
 21
1.42018
  0
LINE
  8
0
 10
3.71075
 20
1.42018
 11
3.71413
 21
1.42039
  0
LINE
  8
0
 10
3.71413
 20
1.42039
 11
3.71751
 21
1.42047
  0
LINE
  8
0
 10
3.71751
 20
1.42047
 11
3.72089
 21
1.42039
  0
LINE
  8
0
 10
3.72089
 20
1.42039
 11
3.72426
 21
1.42018
  0
LINE
  8
0
 10
3.72426
 20
1.42018
 11
3.72763
 21
1.41983
  0
LINE
  8
0
 10
3.72763
 20
1.41983
 11
3.73097
 21
1.41934
  0
LINE
  8
0
 10
3.73097
 20
1.41934
 11
3.7343
 21
1.4187
  0
LINE
  8
0
 10
3.7343
 20
1.4187
 11
3.73758
 21
1.41794
  0
LINE
  8
0
 10
3.73758
 20
1.41794
 11
3.74084
 21
1.41702
  0
LINE
  8
0
 10
3.74084
 20
1.41702
 11
3.74405
 21
1.41599
  0
LINE
  8
0
 10
3.74405
 20
1.41599
 11
3.74722
 21
1.41481
  0
LINE
  8
0
 10
3.74722
 20
1.41481
 11
3.75034
 21
1.4135
  0
LINE
  8
0
 10
3.75034
 20
1.4135
 11
3.7534
 21
1.41205
  0
LINE
  8
0
 10
3.7534
 20
1.41205
 11
3.75639
 21
1.41049
  0
LINE
  8
0
 10
3.75639
 20
1.41049
 11
3.75932
 21
1.4088
  0
LINE
  8
0
 10
3.75932
 20
1.4088
 11
3.76218
 21
1.40698
  0
LINE
  8
0
 10
3.76218
 20
1.40698
 11
3.76495
 21
1.40506
  0
LINE
  8
0
 10
3.76495
 20
1.40506
 11
3.76764
 21
1.40302
  0
LINE
  8
0
 10
3.76764
 20
1.40302
 11
3.77025
 21
1.40086
  0
LINE
  8
0
 10
3.77025
 20
1.40086
 11
3.77277
 21
1.39859
  0
LINE
  8
0
 10
3.77277
 20
1.39859
 11
3.77518
 21
1.39622
  0
LINE
  8
0
 10
3.77518
 20
1.39622
 11
3.7775
 21
1.39377
  0
LINE
  8
0
 10
3.7775
 20
1.39377
 11
3.77969
 21
1.3912
  0
LINE
  8
0
 10
3.77969
 20
1.3912
 11
3.7818
 21
1.38857
  0
LINE
  8
0
 10
3.7818
 20
1.38857
 11
3.78378
 21
1.38582
  0
LINE
  8
0
 10
3.78378
 20
1.38582
 11
3.78566
 21
1.38301
  0
LINE
  8
0
 10
3.78566
 20
1.38301
 11
3.78741
 21
1.38011
  0
LINE
  8
0
 10
3.78741
 20
1.38011
 11
3.78903
 21
1.37715
  0
LINE
  8
0
 10
3.78903
 20
1.37715
 11
3.79054
 21
1.37413
  0
LINE
  8
0
 10
3.79054
 20
1.37413
 11
3.79192
 21
1.37103
  0
LINE
  8
0
 10
3.79192
 20
1.37103
 11
3.79315
 21
1.36789
  0
LINE
  8
0
 10
3.79315
 20
1.36789
 11
3.79427
 21
1.3647
  0
LINE
  8
0
 10
3.79427
 20
1.3647
 11
3.79524
 21
1.36147
  0
LINE
  8
0
 10
3.79524
 20
1.36147
 11
3.79608
 21
1.3582
  0
LINE
  8
0
 10
3.79608
 20
1.3582
 11
3.7968
 21
1.35489
  0
LINE
  8
0
 10
3.7968
 20
1.35489
 11
3.79735
 21
1.35155
  0
LINE
  8
0
 10
3.79735
 20
1.35155
 11
3.79778
 21
1.34821
  0
LINE
  8
0
 10
3.79778
 20
1.34821
 11
3.79807
 21
1.34483
  0
LINE
  8
0
 10
3.79807
 20
1.34483
 11
3.7982
 21
1.34145
  0
LINE
  8
0
 10
3.7982
 20
1.34145
 11
3.7982
 21
1.33807
  0
LINE
  8
0
 10
3.7982
 20
1.33807
 11
3.79807
 21
1.3347
  0
LINE
  8
0
 10
3.79807
 20
1.3347
 11
3.79778
 21
1.33133
  0
LINE
  8
0
 10
3.79778
 20
1.33133
 11
3.79735
 21
1.32797
  0
LINE
  8
0
 10
3.79735
 20
1.32797
 11
3.7968
 21
1.32465
  0
LINE
  8
0
 10
3.7968
 20
1.32465
 11
3.79608
 21
1.32133
  0
LINE
  8
0
 10
3.79608
 20
1.32133
 11
3.79524
 21
1.31805
  0
LINE
  8
0
 10
3.79524
 20
1.31805
 11
3.79427
 21
1.31482
  0
LINE
  8
0
 10
3.79427
 20
1.31482
 11
3.79315
 21
1.31163
  0
LINE
  8
0
 10
3.79315
 20
1.31163
 11
3.79192
 21
1.30849
  0
LINE
  8
0
 10
3.79192
 20
1.30849
 11
3.79054
 21
1.3054
  0
LINE
  8
0
 10
3.79054
 20
1.3054
 11
3.78903
 21
1.30237
  0
LINE
  8
0
 10
3.78903
 20
1.30237
 11
3.78741
 21
1.29941
  0
LINE
  8
0
 10
3.78741
 20
1.29941
 11
3.78566
 21
1.29652
  0
LINE
  8
0
 10
3.78566
 20
1.29652
 11
3.78378
 21
1.2937
  0
LINE
  8
0
 10
3.78378
 20
1.2937
 11
3.7818
 21
1.29097
  0
LINE
  8
0
 10
3.7818
 20
1.29097
 11
3.77969
 21
1.28831
  0
LINE
  8
0
 10
3.77969
 20
1.28831
 11
3.7775
 21
1.28575
  0
LINE
  8
0
 10
3.7775
 20
1.28575
 11
3.77518
 21
1.28329
  0
LINE
  8
0
 10
3.77518
 20
1.28329
 11
3.77277
 21
1.28093
  0
LINE
  8
0
 10
3.77277
 20
1.28093
 11
3.77025
 21
1.27867
  0
LINE
  8
0
 10
3.77025
 20
1.27867
 11
3.76764
 21
1.2765
  0
LINE
  8
0
 10
3.76764
 20
1.2765
 11
3.76495
 21
1.27448
  0
LINE
  8
0
 10
3.76495
 20
1.27448
 11
3.76218
 21
1.27254
  0
LINE
  8
0
 10
3.76218
 20
1.27254
 11
3.75932
 21
1.27072
  0
LINE
  8
0
 10
3.75932
 20
1.27072
 11
3.75639
 21
1.26904
  0
LINE
  8
0
 10
3.75639
 20
1.26904
 11
3.7534
 21
1.26747
  0
LINE
  8
0
 10
3.7534
 20
1.26747
 11
3.75034
 21
1.26604
  0
LINE
  8
0
 10
3.75034
 20
1.26604
 11
3.74722
 21
1.26472
  0
LINE
  8
0
 10
3.74722
 20
1.26472
 11
3.74405
 21
1.26355
  0
LINE
  8
0
 10
3.74405
 20
1.26355
 11
3.74084
 21
1.2625
  0
LINE
  8
0
 10
3.74084
 20
1.2625
 11
3.73758
 21
1.2616
  0
LINE
  8
0
 10
3.73758
 20
1.2616
 11
3.7343
 21
1.26082
  0
LINE
  8
0
 10
3.7343
 20
1.26082
 11
3.73097
 21
1.26018
  0
LINE
  8
0
 10
3.73097
 20
1.26018
 11
3.72763
 21
1.25969
  0
LINE
  8
0
 10
3.72763
 20
1.25969
 11
3.72426
 21
1.25934
  0
LINE
  8
0
 10
3.72426
 20
1.25934
 11
3.72089
 21
1.25912
  0
LINE
  8
0
 10
3.72089
 20
1.25912
 11
3.71751
 21
1.25905
  0
LINE
  8
0
 10
3.71751
 20
1.25905
 11
3.71413
 21
1.25912
  0
LINE
  8
0
 10
3.71413
 20
0.629196
 11
3.71075
 21
0.62941
  0
LINE
  8
0
 10
3.71075
 20
0.62941
 11
3.7074
 21
0.629776
  0
LINE
  8
0
 10
3.7074
 20
0.629776
 11
3.70406
 21
0.630264
  0
LINE
  8
0
 10
3.70406
 20
0.630264
 11
3.70073
 21
0.63089
  0
LINE
  8
0
 10
3.70073
 20
0.63089
 11
3.69745
 21
0.631668
  0
LINE
  8
0
 10
3.69745
 20
0.631668
 11
3.69418
 21
0.632584
  0
LINE
  8
0
 10
3.69418
 20
0.632584
 11
3.69096
 21
0.633621
  0
LINE
  8
0
 10
3.69096
 20
0.633621
 11
3.68781
 21
0.634796
  0
LINE
  8
0
 10
3.68781
 20
0.634796
 11
3.68469
 21
0.636108
  0
LINE
  8
0
 10
3.68469
 20
0.636108
 11
3.68163
 21
0.637543
  0
LINE
  8
0
 10
3.68163
 20
0.637543
 11
3.67863
 21
0.639114
  0
LINE
  8
0
 10
3.67863
 20
0.639114
 11
3.6757
 21
0.640808
  0
LINE
  8
0
 10
3.6757
 20
0.640808
 11
3.67285
 21
0.642624
  0
LINE
  8
0
 10
3.67285
 20
0.642624
 11
3.67007
 21
0.644547
  0
LINE
  8
0
 10
3.67007
 20
0.644547
 11
3.66737
 21
0.646591
  0
LINE
  8
0
 10
3.66737
 20
0.646591
 11
3.66478
 21
0.648743
  0
LINE
  8
0
 10
3.66478
 20
0.648743
 11
3.66226
 21
0.651001
  0
LINE
  8
0
 10
3.66226
 20
0.651001
 11
3.65985
 21
0.653366
  0
LINE
  8
0
 10
3.65985
 20
0.653366
 11
3.65753
 21
0.655838
  0
LINE
  8
0
 10
3.65753
 20
0.655838
 11
3.65532
 21
0.658401
  0
LINE
  8
0
 10
3.65532
 20
0.658401
 11
3.65323
 21
0.661041
  0
LINE
  8
0
 10
3.65323
 20
0.661041
 11
3.65125
 21
0.663773
  0
LINE
  8
0
 10
3.65125
 20
0.663773
 11
3.64937
 21
0.666595
  0
LINE
  8
0
 10
3.64937
 20
0.666595
 11
3.64761
 21
0.669479
  0
LINE
  8
0
 10
3.64761
 20
0.669479
 11
3.646
 21
0.672455
  0
LINE
  8
0
 10
3.646
 20
0.672455
 11
3.64449
 21
0.675476
  0
LINE
  8
0
 10
3.64449
 20
0.675476
 11
3.64311
 21
0.678558
  0
LINE
  8
0
 10
3.64311
 20
0.678558
 11
3.64186
 21
0.681702
  0
LINE
  8
0
 10
3.64186
 20
0.681702
 11
3.64075
 21
0.684906
  0
LINE
  8
0
 10
3.64075
 20
0.684906
 11
3.63977
 21
0.688141
  0
LINE
  8
0
 10
3.63977
 20
0.688141
 11
3.63893
 21
0.691406
  0
LINE
  8
0
 10
3.63893
 20
0.691406
 11
3.63823
 21
0.694717
  0
LINE
  8
0
 10
3.63823
 20
0.694717
 11
3.63766
 21
0.698044
  0
LINE
  8
0
 10
3.63766
 20
0.698044
 11
3.63725
 21
0.701401
  0
LINE
  8
0
 10
3.63725
 20
0.701401
 11
3.63696
 21
0.704773
  0
LINE
  8
0
 10
3.63696
 20
0.704773
 11
3.63683
 21
0.708145
  0
LINE
  8
0
 10
3.63683
 20
0.708145
 11
3.63683
 21
0.711533
  0
LINE
  8
0
 10
3.63683
 20
0.711533
 11
3.63696
 21
0.714905
  0
LINE
  8
0
 10
3.63696
 20
0.714905
 11
3.63725
 21
0.718277
  0
LINE
  8
0
 10
3.63725
 20
0.718277
 11
3.63766
 21
0.721634
  0
LINE
  8
0
 10
3.63766
 20
0.721634
 11
3.63823
 21
0.72496
  0
LINE
  8
0
 10
3.63823
 20
0.72496
 11
3.63893
 21
0.728271
  0
LINE
  8
0
 10
3.63893
 20
0.728271
 11
3.63977
 21
0.731552
  0
LINE
  8
0
 10
3.63977
 20
0.731552
 11
3.64075
 21
0.734787
  0
LINE
  8
0
 10
3.64075
 20
0.734787
 11
3.64186
 21
0.737976
  0
LINE
  8
0
 10
3.64186
 20
0.737976
 11
3.64311
 21
0.741119
  0
LINE
  8
0
 10
3.64311
 20
0.741119
 11
3.64449
 21
0.744202
  0
LINE
  8
0
 10
3.64449
 20
0.744202
 11
3.646
 21
0.747238
  0
LINE
  8
0
 10
3.646
 20
0.747238
 11
3.64761
 21
0.750198
  0
LINE
  8
0
 10
3.64761
 20
0.750198
 11
3.64937
 21
0.753082
  0
LINE
  8
0
 10
3.64937
 20
0.753082
 11
3.65125
 21
0.755905
  0
LINE
  8
0
 10
3.65125
 20
0.755905
 11
3.65323
 21
0.758636
  0
LINE
  8
0
 10
3.65323
 20
0.758636
 11
3.65532
 21
0.761292
  0
LINE
  8
0
 10
3.65532
 20
0.761292
 11
3.65753
 21
0.76384
  0
LINE
  8
0
 10
3.65753
 20
0.76384
 11
3.65985
 21
0.766312
  0
LINE
  8
0
 10
3.65985
 20
0.766312
 11
3.66226
 21
0.768677
  0
LINE
  8
0
 10
3.66226
 20
0.768677
 11
3.66478
 21
0.770935
  0
LINE
  8
0
 10
3.66478
 20
0.770935
 11
3.66737
 21
0.773087
  0
LINE
  8
0
 10
3.66737
 20
0.773087
 11
3.67007
 21
0.775131
  0
LINE
  8
0
 10
3.67007
 20
0.775131
 11
3.67285
 21
0.777069
  0
LINE
  8
0
 10
3.67285
 20
0.777069
 11
3.6757
 21
0.77887
  0
LINE
  8
0
 10
3.6757
 20
0.77887
 11
3.67863
 21
0.780563
  0
LINE
  8
0
 10
3.67863
 20
0.780563
 11
3.68163
 21
0.782135
  0
LINE
  8
0
 10
3.68163
 20
0.782135
 11
3.68469
 21
0.783569
  0
LINE
  8
0
 10
3.68469
 20
0.783569
 11
3.68781
 21
0.784882
  0
LINE
  8
0
 10
3.68781
 20
0.784882
 11
3.69096
 21
0.786057
  0
LINE
  8
0
 10
3.69096
 20
0.786057
 11
3.69418
 21
0.787109
  0
LINE
  8
0
 10
3.69418
 20
0.787109
 11
3.69745
 21
0.78801
  0
LINE
  8
0
 10
3.69745
 20
0.78801
 11
3.70073
 21
0.788788
  0
LINE
  8
0
 10
3.70073
 20
0.788788
 11
3.70406
 21
0.789413
  0
LINE
  8
0
 10
3.70406
 20
0.789413
 11
3.7074
 21
0.789917
  0
LINE
  8
0
 10
3.7074
 20
0.789917
 11
3.71075
 21
0.790268
  0
LINE
  8
0
 10
3.71075
 20
0.790268
 11
3.71413
 21
0.790482
  0
LINE
  8
0
 10
3.71413
 20
0.790482
 11
3.71751
 21
0.790558
  0
LINE
  8
0
 10
3.71751
 20
0.790558
 11
3.72089
 21
0.790482
  0
LINE
  8
0
 10
3.72089
 20
0.790482
 11
3.72426
 21
0.790268
  0
LINE
  8
0
 10
3.72426
 20
0.790268
 11
3.72763
 21
0.789917
  0
LINE
  8
0
 10
3.72763
 20
0.789917
 11
3.73097
 21
0.789413
  0
LINE
  8
0
 10
3.73097
 20
0.789413
 11
3.7343
 21
0.788788
  0
LINE
  8
0
 10
3.7343
 20
0.788788
 11
3.73758
 21
0.78801
  0
LINE
  8
0
 10
3.73758
 20
0.78801
 11
3.74084
 21
0.787109
  0
LINE
  8
0
 10
3.74084
 20
0.787109
 11
3.74405
 21
0.786057
  0
LINE
  8
0
 10
3.74405
 20
0.786057
 11
3.74722
 21
0.784882
  0
LINE
  8
0
 10
3.74722
 20
0.784882
 11
3.75034
 21
0.783569
  0
LINE
  8
0
 10
3.75034
 20
0.783569
 11
3.7534
 21
0.782135
  0
LINE
  8
0
 10
3.7534
 20
0.782135
 11
3.75639
 21
0.780563
  0
LINE
  8
0
 10
3.75639
 20
0.780563
 11
3.75932
 21
0.77887
  0
LINE
  8
0
 10
3.75932
 20
0.77887
 11
3.76218
 21
0.777069
  0
LINE
  8
0
 10
3.76218
 20
0.777069
 11
3.76495
 21
0.775131
  0
LINE
  8
0
 10
3.76495
 20
0.775131
 11
3.76764
 21
0.773087
  0
LINE
  8
0
 10
3.76764
 20
0.773087
 11
3.77025
 21
0.770935
  0
LINE
  8
0
 10
3.77025
 20
0.770935
 11
3.77277
 21
0.768677
  0
LINE
  8
0
 10
3.77277
 20
0.768677
 11
3.77518
 21
0.766312
  0
LINE
  8
0
 10
3.77518
 20
0.766312
 11
3.7775
 21
0.76384
  0
LINE
  8
0
 10
3.7775
 20
0.76384
 11
3.77969
 21
0.761292
  0
LINE
  8
0
 10
3.77969
 20
0.761292
 11
3.7818
 21
0.758636
  0
LINE
  8
0
 10
3.7818
 20
0.758636
 11
3.78378
 21
0.755905
  0
LINE
  8
0
 10
3.78378
 20
0.755905
 11
3.78566
 21
0.753082
  0
LINE
  8
0
 10
3.78566
 20
0.753082
 11
3.78741
 21
0.750198
  0
LINE
  8
0
 10
3.78741
 20
0.750198
 11
3.78903
 21
0.747238
  0
LINE
  8
0
 10
3.78903
 20
0.747238
 11
3.79054
 21
0.744202
  0
LINE
  8
0
 10
3.79054
 20
0.744202
 11
3.79192
 21
0.741119
  0
LINE
  8
0
 10
3.79192
 20
0.741119
 11
3.79315
 21
0.737976
  0
LINE
  8
0
 10
3.79315
 20
0.737976
 11
3.79427
 21
0.734787
  0
LINE
  8
0
 10
3.79427
 20
0.734787
 11
3.79524
 21
0.731552
  0
LINE
  8
0
 10
3.79524
 20
0.731552
 11
3.79608
 21
0.728271
  0
LINE
  8
0
 10
3.79608
 20
0.728271
 11
3.7968
 21
0.72496
  0
LINE
  8
0
 10
3.7968
 20
0.72496
 11
3.79735
 21
0.721634
  0
LINE
  8
0
 10
3.79735
 20
0.721634
 11
3.79778
 21
0.718277
  0
LINE
  8
0
 10
3.79778
 20
0.718277
 11
3.79807
 21
0.714905
  0
LINE
  8
0
 10
3.79807
 20
0.714905
 11
3.7982
 21
0.711533
  0
LINE
  8
0
 10
3.7982
 20
0.711533
 11
3.7982
 21
0.708145
  0
LINE
  8
0
 10
3.7982
 20
0.708145
 11
3.79807
 21
0.704773
  0
LINE
  8
0
 10
3.79807
 20
0.704773
 11
3.79778
 21
0.701401
  0
LINE
  8
0
 10
3.79778
 20
0.701401
 11
3.79735
 21
0.698044
  0
LINE
  8
0
 10
3.79735
 20
0.698044
 11
3.7968
 21
0.694717
  0
LINE
  8
0
 10
3.7968
 20
0.694717
 11
3.79608
 21
0.691406
  0
LINE
  8
0
 10
3.79608
 20
0.691406
 11
3.79524
 21
0.688141
  0
LINE
  8
0
 10
3.79524
 20
0.688141
 11
3.79427
 21
0.684906
  0
LINE
  8
0
 10
3.79427
 20
0.684906
 11
3.79315
 21
0.681702
  0
LINE
  8
0
 10
3.79315
 20
0.681702
 11
3.79192
 21
0.678558
  0
LINE
  8
0
 10
3.79192
 20
0.678558
 11
3.79054
 21
0.675476
  0
LINE
  8
0
 10
3.79054
 20
0.675476
 11
3.78903
 21
0.672455
  0
LINE
  8
0
 10
3.78903
 20
0.672455
 11
3.78741
 21
0.669479
  0
LINE
  8
0
 10
3.78741
 20
0.669479
 11
3.78566
 21
0.666595
  0
LINE
  8
0
 10
3.78566
 20
0.666595
 11
3.78378
 21
0.663773
  0
LINE
  8
0
 10
3.78378
 20
0.663773
 11
3.7818
 21
0.661041
  0
LINE
  8
0
 10
3.7818
 20
0.661041
 11
3.77969
 21
0.658401
  0
LINE
  8
0
 10
3.77969
 20
0.658401
 11
3.7775
 21
0.655838
  0
LINE
  8
0
 10
3.7775
 20
0.655838
 11
3.77518
 21
0.653366
  0
LINE
  8
0
 10
3.77518
 20
0.653366
 11
3.77277
 21
0.651001
  0
LINE
  8
0
 10
3.77277
 20
0.651001
 11
3.77025
 21
0.648743
  0
LINE
  8
0
 10
3.77025
 20
0.648743
 11
3.76764
 21
0.646591
  0
LINE
  8
0
 10
3.76764
 20
0.646591
 11
3.76495
 21
0.644547
  0
LINE
  8
0
 10
3.76495
 20
0.644547
 11
3.76218
 21
0.642624
  0
LINE
  8
0
 10
3.76218
 20
0.642624
 11
3.75932
 21
0.640808
  0
LINE
  8
0
 10
3.75932
 20
0.640808
 11
3.75639
 21
0.639114
  0
LINE
  8
0
 10
3.75639
 20
0.639114
 11
3.7534
 21
0.637543
  0
LINE
  8
0
 10
3.7534
 20
0.637543
 11
3.75034
 21
0.636108
  0
LINE
  8
0
 10
3.75034
 20
0.636108
 11
3.74722
 21
0.634796
  0
LINE
  8
0
 10
3.74722
 20
0.634796
 11
3.74405
 21
0.633621
  0
LINE
  8
0
 10
3.74405
 20
0.633621
 11
3.74084
 21
0.632584
  0
LINE
  8
0
 10
3.74084
 20
0.632584
 11
3.73758
 21
0.631668
  0
LINE
  8
0
 10
3.73758
 20
0.631668
 11
3.7343
 21
0.63089
  0
LINE
  8
0
 10
3.7343
 20
0.63089
 11
3.73097
 21
0.630264
  0
LINE
  8
0
 10
3.73097
 20
0.630264
 11
3.72763
 21
0.629776
  0
LINE
  8
0
 10
3.72763
 20
0.629776
 11
3.72426
 21
0.62941
  0
LINE
  8
0
 10
3.72426
 20
0.62941
 11
3.72089
 21
0.629196
  0
LINE
  8
0
 10
3.72089
 20
0.629196
 11
3.71751
 21
0.629135
  0
LINE
  8
0
 10
3.71751
 20
0.629135
 11
3.71413
 21
0.629196
  0
LINE
  8
0
 10
-5.2634
 20
0.629196
 11
-5.26677
 21
0.62941
  0
LINE
  8
0
 10
-5.26677
 20
0.62941
 11
-5.27013
 21
0.629776
  0
LINE
  8
0
 10
-5.27013
 20
0.629776
 11
-5.27347
 21
0.630264
  0
LINE
  8
0
 10
-5.27347
 20
0.630264
 11
-5.27679
 21
0.63089
  0
LINE
  8
0
 10
-5.27679
 20
0.63089
 11
-5.28009
 21
0.631668
  0
LINE
  8
0
 10
-5.28009
 20
0.631668
 11
-5.28334
 21
0.632584
  0
LINE
  8
0
 10
-5.28334
 20
0.632584
 11
-5.28656
 21
0.633621
  0
LINE
  8
0
 10
-5.28656
 20
0.633621
 11
-5.28972
 21
0.634796
  0
LINE
  8
0
 10
-5.28972
 20
0.634796
 11
-5.29283
 21
0.636108
  0
LINE
  8
0
 10
-5.29283
 20
0.636108
 11
-5.2959
 21
0.637543
  0
LINE
  8
0
 10
-5.2959
 20
0.637543
 11
-5.29889
 21
0.639114
  0
LINE
  8
0
 10
-5.29889
 20
0.639114
 11
-5.30182
 21
0.640808
  0
LINE
  8
0
 10
-5.30182
 20
0.640808
 11
-5.30467
 21
0.642624
  0
LINE
  8
0
 10
-5.30467
 20
0.642624
 11
-5.30745
 21
0.644547
  0
LINE
  8
0
 10
-5.30745
 20
0.644547
 11
-5.31015
 21
0.646591
  0
LINE
  8
0
 10
-5.31015
 20
0.646591
 11
-5.31274
 21
0.648743
  0
LINE
  8
0
 10
-5.31274
 20
0.648743
 11
-5.31526
 21
0.651001
  0
LINE
  8
0
 10
-5.31526
 20
0.651001
 11
-5.31767
 21
0.653366
  0
LINE
  8
0
 10
-5.31767
 20
0.653366
 11
-5.31999
 21
0.655838
  0
LINE
  8
0
 10
-5.31999
 20
0.655838
 11
-5.3222
 21
0.658401
  0
LINE
  8
0
 10
-5.3222
 20
0.658401
 11
-5.3243
 21
0.661041
  0
LINE
  8
0
 10
-5.3243
 20
0.661041
 11
-5.32628
 21
0.663773
  0
LINE
  8
0
 10
-5.32628
 20
0.663773
 11
-5.32816
 21
0.666595
  0
LINE
  8
0
 10
-5.32816
 20
0.666595
 11
-5.32991
 21
0.669479
  0
LINE
  8
0
 10
-5.32991
 20
0.669479
 11
-5.33154
 21
0.672455
  0
LINE
  8
0
 10
-5.33154
 20
0.672455
 11
-5.33304
 21
0.675476
  0
LINE
  8
0
 10
-5.33304
 20
0.675476
 11
-5.33441
 21
0.678558
  0
LINE
  8
0
 10
-5.33441
 20
0.678558
 11
-5.33566
 21
0.681702
  0
LINE
  8
0
 10
-5.33566
 20
0.681702
 11
-5.33678
 21
0.684906
  0
LINE
  8
0
 10
-5.33678
 20
0.684906
 11
-5.33775
 21
0.688141
  0
LINE
  8
0
 10
-5.33775
 20
0.688141
 11
-5.33859
 21
0.691406
  0
LINE
  8
0
 10
-5.33859
 20
0.691406
 11
-5.33929
 21
0.694717
  0
LINE
  8
0
 10
-5.33929
 20
0.694717
 11
-5.33986
 21
0.698044
  0
LINE
  8
0
 10
-5.33986
 20
0.698044
 11
-5.34027
 21
0.701401
  0
LINE
  8
0
 10
-5.34027
 20
0.701401
 11
-5.34056
 21
0.704773
  0
LINE
  8
0
 10
-5.34056
 20
0.704773
 11
-5.3407
 21
0.708145
  0
LINE
  8
0
 10
-5.3407
 20
0.708145
 11
-5.3407
 21
0.711533
  0
LINE
  8
0
 10
-5.3407
 20
0.711533
 11
-5.34056
 21
0.714905
  0
LINE
  8
0
 10
-5.34056
 20
0.714905
 11
-5.34027
 21
0.718277
  0
LINE
  8
0
 10
-5.34027
 20
0.718277
 11
-5.33986
 21
0.721634
  0
LINE
  8
0
 10
-5.33986
 20
0.721634
 11
-5.33929
 21
0.72496
  0
LINE
  8
0
 10
-5.33929
 20
0.72496
 11
-5.33859
 21
0.728271
  0
LINE
  8
0
 10
-5.33859
 20
0.728271
 11
-5.33775
 21
0.731552
  0
LINE
  8
0
 10
-5.33775
 20
0.731552
 11
-5.33678
 21
0.734787
  0
LINE
  8
0
 10
-5.33678
 20
0.734787
 11
-5.33566
 21
0.737976
  0
LINE
  8
0
 10
-5.33566
 20
0.737976
 11
-5.33441
 21
0.741119
  0
LINE
  8
0
 10
-5.33441
 20
0.741119
 11
-5.33304
 21
0.744202
  0
LINE
  8
0
 10
-5.33304
 20
0.744202
 11
-5.33154
 21
0.747238
  0
LINE
  8
0
 10
-5.33154
 20
0.747238
 11
-5.32991
 21
0.750198
  0
LINE
  8
0
 10
-5.32991
 20
0.750198
 11
-5.32816
 21
0.753082
  0
LINE
  8
0
 10
-5.32816
 20
0.753082
 11
-5.32628
 21
0.755905
  0
LINE
  8
0
 10
-5.32628
 20
0.755905
 11
-5.3243
 21
0.758636
  0
LINE
  8
0
 10
-5.3243
 20
0.758636
 11
-5.3222
 21
0.761292
  0
LINE
  8
0
 10
-5.3222
 20
0.761292
 11
-5.31999
 21
0.76384
  0
LINE
  8
0
 10
-5.31999
 20
0.76384
 11
-5.31767
 21
0.766312
  0
LINE
  8
0
 10
-5.31767
 20
0.766312
 11
-5.31526
 21
0.768677
  0
LINE
  8
0
 10
-5.31526
 20
0.768677
 11
-5.31274
 21
0.770935
  0
LINE
  8
0
 10
-5.31274
 20
0.770935
 11
-5.31015
 21
0.773087
  0
LINE
  8
0
 10
-5.31015
 20
0.773087
 11
-5.30745
 21
0.775131
  0
LINE
  8
0
 10
-5.30745
 20
0.775131
 11
-5.30467
 21
0.777069
  0
LINE
  8
0
 10
-5.30467
 20
0.777069
 11
-5.30182
 21
0.77887
  0
LINE
  8
0
 10
-5.30182
 20
0.77887
 11
-5.29889
 21
0.780563
  0
LINE
  8
0
 10
-5.29889
 20
0.780563
 11
-5.2959
 21
0.782135
  0
LINE
  8
0
 10
-5.2959
 20
0.782135
 11
-5.29283
 21
0.783569
  0
LINE
  8
0
 10
-5.29283
 20
0.783569
 11
-5.28972
 21
0.784882
  0
LINE
  8
0
 10
-5.28972
 20
0.784882
 11
-5.28656
 21
0.786057
  0
LINE
  8
0
 10
-5.28656
 20
0.786057
 11
-5.28334
 21
0.787109
  0
LINE
  8
0
 10
-5.28334
 20
0.787109
 11
-5.28009
 21
0.78801
  0
LINE
  8
0
 10
-5.28009
 20
0.78801
 11
-5.27679
 21
0.788788
  0
LINE
  8
0
 10
-5.27679
 20
0.788788
 11
-5.27347
 21
0.789413
  0
LINE
  8
0
 10
-5.27347
 20
0.789413
 11
-5.27013
 21
0.789917
  0
LINE
  8
0
 10
-5.27013
 20
0.789917
 11
-5.26677
 21
0.790268
  0
LINE
  8
0
 10
-5.26677
 20
0.790268
 11
-5.2634
 21
0.790482
  0
LINE
  8
0
 10
-5.2634
 20
0.790482
 11
-5.26001
 21
0.790558
  0
LINE
  8
0
 10
-5.26001
 20
0.790558
 11
-5.25664
 21
0.790482
  0
LINE
  8
0
 10
-5.25664
 20
0.790482
 11
-5.25327
 21
0.790268
  0
LINE
  8
0
 10
-5.25327
 20
0.790268
 11
-5.24989
 21
0.789917
  0
LINE
  8
0
 10
-5.24989
 20
0.789917
 11
-5.24655
 21
0.789413
  0
LINE
  8
0
 10
-5.24655
 20
0.789413
 11
-5.24323
 21
0.788788
  0
LINE
  8
0
 10
-5.24323
 20
0.788788
 11
-5.23994
 21
0.78801
  0
LINE
  8
0
 10
-5.23994
 20
0.78801
 11
-5.23668
 21
0.787109
  0
LINE
  8
0
 10
-5.23668
 20
0.787109
 11
-5.23347
 21
0.786057
  0
LINE
  8
0
 10
-5.23347
 20
0.786057
 11
-5.2303
 21
0.784882
  0
LINE
  8
0
 10
-5.2303
 20
0.784882
 11
-5.22719
 21
0.783569
  0
LINE
  8
0
 10
-5.22719
 20
0.783569
 11
-5.22412
 21
0.782135
  0
LINE
  8
0
 10
-5.22412
 20
0.782135
 11
-5.22113
 21
0.780563
  0
LINE
  8
0
 10
-5.22113
 20
0.780563
 11
-5.2182
 21
0.77887
  0
LINE
  8
0
 10
-5.2182
 20
0.77887
 11
-5.21535
 21
0.777069
  0
LINE
  8
0
 10
-5.21535
 20
0.777069
 11
-5.21257
 21
0.775131
  0
LINE
  8
0
 10
-5.21257
 20
0.775131
 11
-5.20988
 21
0.773087
  0
LINE
  8
0
 10
-5.20988
 20
0.773087
 11
-5.20728
 21
0.770935
  0
LINE
  8
0
 10
-5.20728
 20
0.770935
 11
-5.20476
 21
0.768677
  0
LINE
  8
0
 10
-5.20476
 20
0.768677
 11
-5.20235
 21
0.766312
  0
LINE
  8
0
 10
-5.20235
 20
0.766312
 11
-5.20003
 21
0.76384
  0
LINE
  8
0
 10
-5.20003
 20
0.76384
 11
-5.19783
 21
0.761292
  0
LINE
  8
0
 10
-5.19783
 20
0.761292
 11
-5.19572
 21
0.758636
  0
LINE
  8
0
 10
-5.19572
 20
0.758636
 11
-5.19374
 21
0.755905
  0
LINE
  8
0
 10
-5.19374
 20
0.755905
 11
-5.19186
 21
0.753082
  0
LINE
  8
0
 10
-5.19186
 20
0.753082
 11
-5.19011
 21
0.750198
  0
LINE
  8
0
 10
-5.19011
 20
0.750198
 11
-5.18849
 21
0.747238
  0
LINE
  8
0
 10
-5.18849
 20
0.747238
 11
-5.18698
 21
0.744202
  0
LINE
  8
0
 10
-5.18698
 20
0.744202
 11
-5.18561
 21
0.741119
  0
LINE
  8
0
 10
-5.18561
 20
0.741119
 11
-5.18437
 21
0.737976
  0
LINE
  8
0
 10
-5.18437
 20
0.737976
 11
-5.18326
 21
0.734787
  0
LINE
  8
0
 10
-5.18326
 20
0.734787
 11
-5.18228
 21
0.731552
  0
LINE
  8
0
 10
-5.18228
 20
0.731552
 11
-5.18144
 21
0.728271
  0
LINE
  8
0
 10
-5.18144
 20
0.728271
 11
-5.18074
 21
0.72496
  0
LINE
  8
0
 10
-5.18074
 20
0.72496
 11
-5.18018
 21
0.721634
  0
LINE
  8
0
 10
-5.18018
 20
0.721634
 11
-5.17975
 21
0.718277
  0
LINE
  8
0
 10
-5.17975
 20
0.718277
 11
-5.17946
 21
0.714905
  0
LINE
  8
0
 10
-5.17946
 20
0.714905
 11
-5.17932
 21
0.711533
  0
LINE
  8
0
 10
-5.17932
 20
0.711533
 11
-5.17932
 21
0.708145
  0
LINE
  8
0
 10
-5.17932
 20
0.708145
 11
-5.17946
 21
0.704773
  0
LINE
  8
0
 10
-5.17946
 20
0.704773
 11
-5.17975
 21
0.701401
  0
LINE
  8
0
 10
-5.17975
 20
0.701401
 11
-5.18018
 21
0.698044
  0
LINE
  8
0
 10
-5.18018
 20
0.698044
 11
-5.18074
 21
0.694717
  0
LINE
  8
0
 10
-5.18074
 20
0.694717
 11
-5.18144
 21
0.691406
  0
LINE
  8
0
 10
-5.18144
 20
0.691406
 11
-5.18228
 21
0.688141
  0
LINE
  8
0
 10
-5.18228
 20
0.688141
 11
-5.18326
 21
0.684906
  0
LINE
  8
0
 10
-5.18326
 20
0.684906
 11
-5.18437
 21
0.681702
  0
LINE
  8
0
 10
-5.18437
 20
0.681702
 11
-5.18561
 21
0.678558
  0
LINE
  8
0
 10
-5.18561
 20
0.678558
 11
-5.18698
 21
0.675476
  0
LINE
  8
0
 10
-5.18698
 20
0.675476
 11
-5.18849
 21
0.672455
  0
LINE
  8
0
 10
-5.18849
 20
0.672455
 11
-5.19011
 21
0.669479
  0
LINE
  8
0
 10
-5.19011
 20
0.669479
 11
-5.19186
 21
0.666595
  0
LINE
  8
0
 10
-5.19186
 20
0.666595
 11
-5.19374
 21
0.663773
  0
LINE
  8
0
 10
-5.19374
 20
0.663773
 11
-5.19572
 21
0.661041
  0
LINE
  8
0
 10
-5.19572
 20
0.661041
 11
-5.19783
 21
0.658401
  0
LINE
  8
0
 10
-5.19783
 20
0.658401
 11
-5.20003
 21
0.655838
  0
LINE
  8
0
 10
-5.20003
 20
0.655838
 11
-5.20235
 21
0.653366
  0
LINE
  8
0
 10
-5.20235
 20
0.653366
 11
-5.20476
 21
0.651001
  0
LINE
  8
0
 10
-5.20476
 20
0.651001
 11
-5.20728
 21
0.648743
  0
LINE
  8
0
 10
-5.20728
 20
0.648743
 11
-5.20988
 21
0.646591
  0
LINE
  8
0
 10
-5.20988
 20
0.646591
 11
-5.21257
 21
0.644547
  0
LINE
  8
0
 10
-5.21257
 20
0.644547
 11
-5.21535
 21
0.642624
  0
LINE
  8
0
 10
-5.21535
 20
0.642624
 11
-5.2182
 21
0.640808
  0
LINE
  8
0
 10
-5.2182
 20
0.640808
 11
-5.22113
 21
0.639114
  0
LINE
  8
0
 10
-5.22113
 20
0.639114
 11
-5.22412
 21
0.637543
  0
LINE
  8
0
 10
-5.22412
 20
0.637543
 11
-5.22719
 21
0.636108
  0
LINE
  8
0
 10
-5.22719
 20
0.636108
 11
-5.2303
 21
0.634796
  0
LINE
  8
0
 10
-5.2303
 20
0.634796
 11
-5.23347
 21
0.633621
  0
LINE
  8
0
 10
-5.23347
 20
0.633621
 11
-5.23668
 21
0.632584
  0
LINE
  8
0
 10
-5.23668
 20
0.632584
 11
-5.23994
 21
0.631668
  0
LINE
  8
0
 10
-5.23994
 20
0.631668
 11
-5.24323
 21
0.63089
  0
LINE
  8
0
 10
-5.24323
 20
0.63089
 11
-5.24655
 21
0.630264
  0
LINE
  8
0
 10
-5.24655
 20
0.630264
 11
-5.24989
 21
0.629776
  0
LINE
  8
0
 10
-5.24989
 20
0.629776
 11
-5.25327
 21
0.62941
  0
LINE
  8
0
 10
-5.25327
 20
0.62941
 11
-5.25664
 21
0.629196
  0
LINE
  8
0
 10
-5.25664
 20
0.629196
 11
-5.26001
 21
0.629135
  0
LINE
  8
0
 10
-5.26001
 20
0.629135
 11
-5.2634
 21
0.629196
  0
LINE
  8
0
 10
-5.2634
 20
-0.000701904
 11
-5.26677
 21
-0.000488281
  0
LINE
  8
0
 10
-5.26677
 20
-0.000488281
 11
-5.27013
 21
-0.000137329
  0
LINE
  8
0
 10
-5.27013
 20
-0.000137329
 11
-5.27347
 21
0.000335693
  0
LINE
  8
0
 10
-5.27347
 20
0.000335693
 11
-5.27679
 21
0.000976562
  0
LINE
  8
0
 10
-5.27679
 20
0.000976562
 11
-5.28009
 21
0.0017395
  0
LINE
  8
0
 10
-5.28009
 20
0.0017395
 11
-5.28334
 21
0.00265503
  0
LINE
  8
0
 10
-5.28334
 20
0.00265503
 11
-5.28656
 21
0.00370789
  0
LINE
  8
0
 10
-5.28656
 20
0.00370789
 11
-5.28972
 21
0.00488281
  0
LINE
  8
0
 10
-5.28972
 20
0.00488281
 11
-5.29283
 21
0.00619507
  0
LINE
  8
0
 10
-5.29283
 20
0.00619507
 11
-5.2959
 21
0.00762939
  0
LINE
  8
0
 10
-5.2959
 20
0.00762939
 11
-5.29889
 21
0.00920105
  0
LINE
  8
0
 10
-5.29889
 20
0.00920105
 11
-5.30182
 21
0.0108795
  0
LINE
  8
0
 10
-5.30182
 20
0.0108795
 11
-5.30467
 21
0.0126953
  0
LINE
  8
0
 10
-5.30467
 20
0.0126953
 11
-5.30745
 21
0.0146179
  0
LINE
  8
0
 10
-5.30745
 20
0.0146179
 11
-5.31015
 21
0.0166626
  0
LINE
  8
0
 10
-5.31015
 20
0.0166626
 11
-5.31274
 21
0.0188293
  0
LINE
  8
0
 10
-5.31274
 20
0.0188293
 11
-5.31526
 21
0.0210876
  0
LINE
  8
0
 10
-5.31526
 20
0.0210876
 11
-5.31767
 21
0.0234528
  0
LINE
  8
0
 10
-5.31767
 20
0.0234528
 11
-5.31999
 21
0.0259094
  0
LINE
  8
0
 10
-5.31999
 20
0.0259094
 11
-5.3222
 21
0.0284729
  0
LINE
  8
0
 10
-5.3222
 20
0.0284729
 11
-5.3243
 21
0.0311279
  0
LINE
  8
0
 10
-5.3243
 20
0.0311279
 11
-5.32628
 21
0.0338593
  0
LINE
  8
0
 10
-5.32628
 20
0.0338593
 11
-5.32816
 21
0.0366669
  0
LINE
  8
0
 10
-5.32816
 20
0.0366669
 11
-5.32991
 21
0.039566
  0
LINE
  8
0
 10
-5.32991
 20
0.039566
 11
-5.33154
 21
0.0425262
  0
LINE
  8
0
 10
-5.33154
 20
0.0425262
 11
-5.33304
 21
0.0455627
  0
LINE
  8
0
 10
-5.33304
 20
0.0455627
 11
-5.33441
 21
0.048645
  0
LINE
  8
0
 10
-5.33441
 20
0.048645
 11
-5.33566
 21
0.0517883
  0
LINE
  8
0
 10
-5.33566
 20
0.0517883
 11
-5.33678
 21
0.0549774
  0
LINE
  8
0
 10
-5.33678
 20
0.0549774
 11
-5.33775
 21
0.0582123
  0
LINE
  8
0
 10
-5.33775
 20
0.0582123
 11
-5.33859
 21
0.0614929
  0
LINE
  8
0
 10
-5.33859
 20
0.0614929
 11
-5.33929
 21
0.0648041
  0
LINE
  8
0
 10
-5.33929
 20
0.0648041
 11
-5.33986
 21
0.0681305
  0
LINE
  8
0
 10
-5.33986
 20
0.0681305
 11
-5.34027
 21
0.0714874
  0
LINE
  8
0
 10
-5.34027
 20
0.0714874
 11
-5.34056
 21
0.0748596
  0
LINE
  8
0
 10
-5.34056
 20
0.0748596
 11
-5.3407
 21
0.0782318
  0
LINE
  8
0
 10
-5.3407
 20
0.0782318
 11
-5.3407
 21
0.081604
  0
LINE
  8
0
 10
-5.3407
 20
0.081604
 11
-5.34056
 21
0.0849915
  0
LINE
  8
0
 10
-5.34056
 20
0.0849915
 11
-5.34027
 21
0.0883636
  0
LINE
  8
0
 10
-5.34027
 20
0.0883636
 11
-5.33986
 21
0.0917053
  0
LINE
  8
0
 10
-5.33986
 20
0.0917053
 11
-5.33929
 21
0.095047
  0
LINE
  8
0
 10
-5.33929
 20
0.095047
 11
-5.33859
 21
0.0983429
  0
LINE
  8
0
 10
-5.33859
 20
0.0983429
 11
-5.33775
 21
0.101624
  0
LINE
  8
0
 10
-5.33775
 20
0.101624
 11
-5.33678
 21
0.104858
  0
LINE
  8
0
 10
-5.33678
 20
0.104858
 11
-5.33566
 21
0.108047
  0
LINE
  8
0
 10
-5.33566
 20
0.108047
 11
-5.33441
 21
0.111191
  0
LINE
  8
0
 10
-5.33441
 20
0.111191
 11
-5.33304
 21
0.114288
  0
LINE
  8
0
 10
-5.33304
 20
0.114288
 11
-5.33154
 21
0.11731
  0
LINE
  8
0
 10
-5.33154
 20
0.11731
 11
-5.32991
 21
0.12027
  0
LINE
  8
0
 10
-5.32991
 20
0.12027
 11
-5.32816
 21
0.123169
  0
LINE
  8
0
 10
-5.32816
 20
0.123169
 11
-5.32628
 21
0.125977
  0
LINE
  8
0
 10
-5.32628
 20
0.125977
 11
-5.3243
 21
0.128723
  0
LINE
  8
0
 10
-5.3243
 20
0.128723
 11
-5.3222
 21
0.131363
  0
LINE
  8
0
 10
-5.3222
 20
0.131363
 11
-5.31999
 21
0.133926
  0
LINE
  8
0
 10
-5.31999
 20
0.133926
 11
-5.31767
 21
0.136383
  0
LINE
  8
0
 10
-5.31767
 20
0.136383
 11
-5.31526
 21
0.138748
  0
LINE
  8
0
 10
-5.31526
 20
0.138748
 11
-5.31274
 21
0.141022
  0
LINE
  8
0
 10
-5.31274
 20
0.141022
 11
-5.31015
 21
0.143173
  0
LINE
  8
0
 10
-5.31015
 20
0.143173
 11
-5.30745
 21
0.145218
  0
LINE
  8
0
 10
-5.30745
 20
0.145218
 11
-5.30467
 21
0.147141
  0
LINE
  8
0
 10
-5.30467
 20
0.147141
 11
-5.30182
 21
0.148956
  0
LINE
  8
0
 10
-5.30182
 20
0.148956
 11
-5.29889
 21
0.15065
  0
LINE
  8
0
 10
-5.29889
 20
0.15065
 11
-5.2959
 21
0.152206
  0
LINE
  8
0
 10
-5.2959
 20
0.152206
 11
-5.29283
 21
0.153656
  0
LINE
  8
0
 10
-5.29283
 20
0.153656
 11
-5.28972
 21
0.154968
  0
LINE
  8
0
 10
-5.28972
 20
0.154968
 11
-5.28656
 21
0.156143
  0
LINE
  8
0
 10
-5.28656
 20
0.156143
 11
-5.28334
 21
0.157181
  0
LINE
  8
0
 10
-5.28334
 20
0.157181
 11
-5.28009
 21
0.158096
  0
LINE
  8
0
 10
-5.28009
 20
0.158096
 11
-5.27679
 21
0.158859
  0
LINE
  8
0
 10
-5.27679
 20
0.158859
 11
-5.27347
 21
0.1595
  0
LINE
  8
0
 10
-5.27347
 20
0.1595
 11
-5.27013
 21
0.159988
  0
LINE
  8
0
 10
-5.27013
 20
0.159988
 11
-5.26677
 21
0.160339
  0
LINE
  8
0
 10
-5.26677
 20
0.160339
 11
-5.2634
 21
0.160553
  0
LINE
  8
0
 10
-5.2634
 20
0.160553
 11
-5.26001
 21
0.160629
  0
LINE
  8
0
 10
-5.26001
 20
0.160629
 11
-5.25664
 21
0.160553
  0
LINE
  8
0
 10
-5.25664
 20
0.160553
 11
-5.25327
 21
0.160339
  0
LINE
  8
0
 10
-5.25327
 20
0.160339
 11
-5.24989
 21
0.159988
  0
LINE
  8
0
 10
-5.24989
 20
0.159988
 11
-5.24655
 21
0.1595
  0
LINE
  8
0
 10
-5.24655
 20
0.1595
 11
-5.24323
 21
0.158859
  0
LINE
  8
0
 10
-5.24323
 20
0.158859
 11
-5.23994
 21
0.158096
  0
LINE
  8
0
 10
-5.23994
 20
0.158096
 11
-5.23668
 21
0.157181
  0
LINE
  8
0
 10
-5.23668
 20
0.157181
 11
-5.23347
 21
0.156143
  0
LINE
  8
0
 10
-5.23347
 20
0.156143
 11
-5.2303
 21
0.154968
  0
LINE
  8
0
 10
-5.2303
 20
0.154968
 11
-5.22719
 21
0.153656
  0
LINE
  8
0
 10
-5.22719
 20
0.153656
 11
-5.22412
 21
0.152206
  0
LINE
  8
0
 10
-5.22412
 20
0.152206
 11
-5.22113
 21
0.15065
  0
LINE
  8
0
 10
-5.22113
 20
0.15065
 11
-5.2182
 21
0.148956
  0
LINE
  8
0
 10
-5.2182
 20
0.148956
 11
-5.21535
 21
0.147141
  0
LINE
  8
0
 10
-5.21535
 20
0.147141
 11
-5.21257
 21
0.145218
  0
LINE
  8
0
 10
-5.21257
 20
0.145218
 11
-5.20988
 21
0.143173
  0
LINE
  8
0
 10
-5.20988
 20
0.143173
 11
-5.20728
 21
0.141022
  0
LINE
  8
0
 10
-5.20728
 20
0.141022
 11
-5.20476
 21
0.138748
  0
LINE
  8
0
 10
-5.20476
 20
0.138748
 11
-5.20235
 21
0.136383
  0
LINE
  8
0
 10
-5.20235
 20
0.136383
 11
-5.20003
 21
0.133926
  0
LINE
  8
0
 10
-5.20003
 20
0.133926
 11
-5.19783
 21
0.131363
  0
LINE
  8
0
 10
-5.19783
 20
0.131363
 11
-5.19572
 21
0.128723
  0
LINE
  8
0
 10
-5.19572
 20
0.128723
 11
-5.19374
 21
0.125977
  0
LINE
  8
0
 10
-5.19374
 20
0.125977
 11
-5.19186
 21
0.123169
  0
LINE
  8
0
 10
-5.19186
 20
0.123169
 11
-5.19011
 21
0.12027
  0
LINE
  8
0
 10
-5.19011
 20
0.12027
 11
-5.18849
 21
0.11731
  0
LINE
  8
0
 10
-5.18849
 20
0.11731
 11
-5.18698
 21
0.114288
  0
LINE
  8
0
 10
-5.18698
 20
0.114288
 11
-5.18561
 21
0.111191
  0
LINE
  8
0
 10
-5.18561
 20
0.111191
 11
-5.18437
 21
0.108047
  0
LINE
  8
0
 10
-5.18437
 20
0.108047
 11
-5.18326
 21
0.104858
  0
LINE
  8
0
 10
-5.18326
 20
0.104858
 11
-5.18228
 21
0.101624
  0
LINE
  8
0
 10
-5.18228
 20
0.101624
 11
-5.18144
 21
0.0983429
  0
LINE
  8
0
 10
-5.18144
 20
0.0983429
 11
-5.18074
 21
0.095047
  0
LINE
  8
0
 10
-5.18074
 20
0.095047
 11
-5.18018
 21
0.0917053
  0
LINE
  8
0
 10
-5.18018
 20
0.0917053
 11
-5.17975
 21
0.0883636
  0
LINE
  8
0
 10
-5.17975
 20
0.0883636
 11
-5.17946
 21
0.0849915
  0
LINE
  8
0
 10
-5.17946
 20
0.0849915
 11
-5.17932
 21
0.081604
  0
LINE
  8
0
 10
-5.17932
 20
0.081604
 11
-5.17932
 21
0.0782318
  0
LINE
  8
0
 10
-5.17932
 20
0.0782318
 11
-5.17946
 21
0.0748596
  0
LINE
  8
0
 10
-5.17946
 20
0.0748596
 11
-5.17975
 21
0.0714874
  0
LINE
  8
0
 10
-5.17975
 20
0.0714874
 11
-5.18018
 21
0.0681305
  0
LINE
  8
0
 10
-5.18018
 20
0.0681305
 11
-5.18074
 21
0.0648041
  0
LINE
  8
0
 10
-5.18074
 20
0.0648041
 11
-5.18144
 21
0.0614929
  0
LINE
  8
0
 10
-5.18144
 20
0.0614929
 11
-5.18228
 21
0.0582123
  0
LINE
  8
0
 10
-5.18228
 20
0.0582123
 11
-5.18326
 21
0.0549774
  0
LINE
  8
0
 10
-5.18326
 20
0.0549774
 11
-5.18437
 21
0.0517883
  0
LINE
  8
0
 10
-5.18437
 20
0.0517883
 11
-5.18561
 21
0.048645
  0
LINE
  8
0
 10
-5.18561
 20
0.048645
 11
-5.18698
 21
0.0455627
  0
LINE
  8
0
 10
-5.18698
 20
0.0455627
 11
-5.18849
 21
0.0425262
  0
LINE
  8
0
 10
-5.18849
 20
0.0425262
 11
-5.19011
 21
0.039566
  0
LINE
  8
0
 10
-5.19011
 20
0.039566
 11
-5.19186
 21
0.0366669
  0
LINE
  8
0
 10
-5.19186
 20
0.0366669
 11
-5.19374
 21
0.0338593
  0
LINE
  8
0
 10
-5.19374
 20
0.0338593
 11
-5.19572
 21
0.0311279
  0
LINE
  8
0
 10
-5.19572
 20
0.0311279
 11
-5.19783
 21
0.0284729
  0
LINE
  8
0
 10
-5.19783
 20
0.0284729
 11
-5.20003
 21
0.0259094
  0
LINE
  8
0
 10
-5.20003
 20
0.0259094
 11
-5.20235
 21
0.0234528
  0
LINE
  8
0
 10
-5.20235
 20
0.0234528
 11
-5.20476
 21
0.0210876
  0
LINE
  8
0
 10
-5.20476
 20
0.0210876
 11
-5.20728
 21
0.0188293
  0
LINE
  8
0
 10
-5.20728
 20
0.0188293
 11
-5.20988
 21
0.0166626
  0
LINE
  8
0
 10
-5.20988
 20
0.0166626
 11
-5.21257
 21
0.0146179
  0
LINE
  8
0
 10
-5.21257
 20
0.0146179
 11
-5.21535
 21
0.0126953
  0
LINE
  8
0
 10
-5.21535
 20
0.0126953
 11
-5.2182
 21
0.0108795
  0
LINE
  8
0
 10
-5.2182
 20
0.0108795
 11
-5.22113
 21
0.00920105
  0
LINE
  8
0
 10
-5.22113
 20
0.00920105
 11
-5.22412
 21
0.00762939
  0
LINE
  8
0
 10
-5.22412
 20
0.00762939
 11
-5.22719
 21
0.00619507
  0
LINE
  8
0
 10
-5.22719
 20
0.00619507
 11
-5.2303
 21
0.00488281
  0
LINE
  8
0
 10
-5.2303
 20
0.00488281
 11
-5.23347
 21
0.00370789
  0
LINE
  8
0
 10
-5.23347
 20
0.00370789
 11
-5.23668
 21
0.00265503
  0
LINE
  8
0
 10
-5.23668
 20
0.00265503
 11
-5.23994
 21
0.0017395
  0
LINE
  8
0
 10
-5.23994
 20
0.0017395
 11
-5.24323
 21
0.000976562
  0
LINE
  8
0
 10
-5.24323
 20
0.000976562
 11
-5.24655
 21
0.000335693
  0
LINE
  8
0
 10
-5.24655
 20
0.000335693
 11
-5.24989
 21
-0.000137329
  0
LINE
  8
0
 10
-5.24989
 20
-0.000137329
 11
-5.25327
 21
-0.000488281
  0
LINE
  8
0
 10
-5.25327
 20
-0.000488281
 11
-5.25664
 21
-0.000701904
  0
LINE
  8
0
 10
-5.25664
 20
-0.000701904
 11
-5.26001
 21
-0.000778198
  0
LINE
  8
0
 10
-5.26001
 20
-0.000778198
 11
-5.2634
 21
-0.000701904
  0
LINE
  8
0
 10
3.71413
 20
-0.000701904
 11
3.71075
 21
-0.000488281
  0
LINE
  8
0
 10
3.71075
 20
-0.000488281
 11
3.7074
 21
-0.000137329
  0
LINE
  8
0
 10
3.7074
 20
-0.000137329
 11
3.70406
 21
0.000335693
  0
LINE
  8
0
 10
3.70406
 20
0.000335693
 11
3.70073
 21
0.000976562
  0
LINE
  8
0
 10
3.70073
 20
0.000976562
 11
3.69745
 21
0.0017395
  0
LINE
  8
0
 10
3.69745
 20
0.0017395
 11
3.69418
 21
0.00265503
  0
LINE
  8
0
 10
3.69418
 20
0.00265503
 11
3.69096
 21
0.00370789
  0
LINE
  8
0
 10
3.69096
 20
0.00370789
 11
3.68781
 21
0.00488281
  0
LINE
  8
0
 10
3.68781
 20
0.00488281
 11
3.68469
 21
0.00619507
  0
LINE
  8
0
 10
3.68469
 20
0.00619507
 11
3.68163
 21
0.00762939
  0
LINE
  8
0
 10
3.68163
 20
0.00762939
 11
3.67863
 21
0.00920105
  0
LINE
  8
0
 10
3.67863
 20
0.00920105
 11
3.6757
 21
0.0108795
  0
LINE
  8
0
 10
3.6757
 20
0.0108795
 11
3.67285
 21
0.0126953
  0
LINE
  8
0
 10
3.67285
 20
0.0126953
 11
3.67007
 21
0.0146179
  0
LINE
  8
0
 10
3.67007
 20
0.0146179
 11
3.66737
 21
0.0166626
  0
LINE
  8
0
 10
3.66737
 20
0.0166626
 11
3.66478
 21
0.0188293
  0
LINE
  8
0
 10
3.66478
 20
0.0188293
 11
3.66226
 21
0.0210876
  0
LINE
  8
0
 10
3.66226
 20
0.0210876
 11
3.65985
 21
0.0234528
  0
LINE
  8
0
 10
3.65985
 20
0.0234528
 11
3.65753
 21
0.0259094
  0
LINE
  8
0
 10
3.65753
 20
0.0259094
 11
3.65532
 21
0.0284729
  0
LINE
  8
0
 10
3.65532
 20
0.0284729
 11
3.65323
 21
0.0311279
  0
LINE
  8
0
 10
3.65323
 20
0.0311279
 11
3.65125
 21
0.0338593
  0
LINE
  8
0
 10
3.65125
 20
0.0338593
 11
3.64937
 21
0.0366669
  0
LINE
  8
0
 10
3.64937
 20
0.0366669
 11
3.64761
 21
0.039566
  0
LINE
  8
0
 10
3.64761
 20
0.039566
 11
3.646
 21
0.0425262
  0
LINE
  8
0
 10
3.646
 20
0.0425262
 11
3.64449
 21
0.0455627
  0
LINE
  8
0
 10
3.64449
 20
0.0455627
 11
3.64311
 21
0.048645
  0
LINE
  8
0
 10
3.64311
 20
0.048645
 11
3.64186
 21
0.0517883
  0
LINE
  8
0
 10
3.64186
 20
0.0517883
 11
3.64075
 21
0.0549774
  0
LINE
  8
0
 10
3.64075
 20
0.0549774
 11
3.63977
 21
0.0582123
  0
LINE
  8
0
 10
3.63977
 20
0.0582123
 11
3.63893
 21
0.0614929
  0
LINE
  8
0
 10
3.63893
 20
0.0614929
 11
3.63823
 21
0.0648041
  0
LINE
  8
0
 10
3.63823
 20
0.0648041
 11
3.63766
 21
0.0681305
  0
LINE
  8
0
 10
3.63766
 20
0.0681305
 11
3.63725
 21
0.0714874
  0
LINE
  8
0
 10
3.63725
 20
0.0714874
 11
3.63696
 21
0.0748596
  0
LINE
  8
0
 10
3.63696
 20
0.0748596
 11
3.63683
 21
0.0782318
  0
LINE
  8
0
 10
3.63683
 20
0.0782318
 11
3.63683
 21
0.081604
  0
LINE
  8
0
 10
3.63683
 20
0.081604
 11
3.63696
 21
0.0849915
  0
LINE
  8
0
 10
3.63696
 20
0.0849915
 11
3.63725
 21
0.0883636
  0
LINE
  8
0
 10
3.63725
 20
0.0883636
 11
3.63766
 21
0.0917053
  0
LINE
  8
0
 10
3.63766
 20
0.0917053
 11
3.63823
 21
0.095047
  0
LINE
  8
0
 10
3.63823
 20
0.095047
 11
3.63893
 21
0.0983429
  0
LINE
  8
0
 10
3.63893
 20
0.0983429
 11
3.63977
 21
0.101624
  0
LINE
  8
0
 10
3.63977
 20
0.101624
 11
3.64075
 21
0.104858
  0
LINE
  8
0
 10
3.64075
 20
0.104858
 11
3.64186
 21
0.108047
  0
LINE
  8
0
 10
3.64186
 20
0.108047
 11
3.64311
 21
0.111191
  0
LINE
  8
0
 10
3.64311
 20
0.111191
 11
3.64449
 21
0.114288
  0
LINE
  8
0
 10
3.64449
 20
0.114288
 11
3.646
 21
0.11731
  0
LINE
  8
0
 10
3.646
 20
0.11731
 11
3.64761
 21
0.12027
  0
LINE
  8
0
 10
3.64761
 20
0.12027
 11
3.64937
 21
0.123169
  0
LINE
  8
0
 10
3.64937
 20
0.123169
 11
3.65125
 21
0.125977
  0
LINE
  8
0
 10
3.65125
 20
0.125977
 11
3.65323
 21
0.128723
  0
LINE
  8
0
 10
3.65323
 20
0.128723
 11
3.65532
 21
0.131363
  0
LINE
  8
0
 10
3.65532
 20
0.131363
 11
3.65753
 21
0.133926
  0
LINE
  8
0
 10
3.65753
 20
0.133926
 11
3.65985
 21
0.136383
  0
LINE
  8
0
 10
3.65985
 20
0.136383
 11
3.66226
 21
0.138748
  0
LINE
  8
0
 10
3.66226
 20
0.138748
 11
3.66478
 21
0.141022
  0
LINE
  8
0
 10
3.66478
 20
0.141022
 11
3.66737
 21
0.143173
  0
LINE
  8
0
 10
3.66737
 20
0.143173
 11
3.67007
 21
0.145218
  0
LINE
  8
0
 10
3.67007
 20
0.145218
 11
3.67285
 21
0.147141
  0
LINE
  8
0
 10
3.67285
 20
0.147141
 11
3.6757
 21
0.148956
  0
LINE
  8
0
 10
3.6757
 20
0.148956
 11
3.67863
 21
0.15065
  0
LINE
  8
0
 10
3.67863
 20
0.15065
 11
3.68163
 21
0.152206
  0
LINE
  8
0
 10
3.68163
 20
0.152206
 11
3.68469
 21
0.153656
  0
LINE
  8
0
 10
3.68469
 20
0.153656
 11
3.68781
 21
0.154968
  0
LINE
  8
0
 10
3.68781
 20
0.154968
 11
3.69096
 21
0.156143
  0
LINE
  8
0
 10
3.69096
 20
0.156143
 11
3.69418
 21
0.157181
  0
LINE
  8
0
 10
3.69418
 20
0.157181
 11
3.69745
 21
0.158096
  0
LINE
  8
0
 10
3.69745
 20
0.158096
 11
3.70073
 21
0.158859
  0
LINE
  8
0
 10
3.70073
 20
0.158859
 11
3.70406
 21
0.1595
  0
LINE
  8
0
 10
3.70406
 20
0.1595
 11
3.7074
 21
0.159988
  0
LINE
  8
0
 10
3.7074
 20
0.159988
 11
3.71075
 21
0.160339
  0
LINE
  8
0
 10
3.71075
 20
0.160339
 11
3.71413
 21
0.160553
  0
LINE
  8
0
 10
3.71413
 20
0.160553
 11
3.71751
 21
0.160629
  0
LINE
  8
0
 10
3.71751
 20
0.160629
 11
3.72089
 21
0.160553
  0
LINE
  8
0
 10
3.72089
 20
0.160553
 11
3.72426
 21
0.160339
  0
LINE
  8
0
 10
3.72426
 20
0.160339
 11
3.72763
 21
0.159988
  0
LINE
  8
0
 10
3.72763
 20
0.159988
 11
3.73097
 21
0.1595
  0
LINE
  8
0
 10
3.73097
 20
0.1595
 11
3.7343
 21
0.158859
  0
LINE
  8
0
 10
3.7343
 20
0.158859
 11
3.73758
 21
0.158096
  0
LINE
  8
0
 10
3.73758
 20
0.158096
 11
3.74084
 21
0.157181
  0
LINE
  8
0
 10
3.74084
 20
0.157181
 11
3.74405
 21
0.156143
  0
LINE
  8
0
 10
3.74405
 20
0.156143
 11
3.74722
 21
0.154968
  0
LINE
  8
0
 10
3.74722
 20
0.154968
 11
3.75034
 21
0.153656
  0
LINE
  8
0
 10
3.75034
 20
0.153656
 11
3.7534
 21
0.152206
  0
LINE
  8
0
 10
3.7534
 20
0.152206
 11
3.75639
 21
0.15065
  0
LINE
  8
0
 10
3.75639
 20
0.15065
 11
3.75932
 21
0.148956
  0
LINE
  8
0
 10
3.75932
 20
0.148956
 11
3.76218
 21
0.147141
  0
LINE
  8
0
 10
3.76218
 20
0.147141
 11
3.76495
 21
0.145218
  0
LINE
  8
0
 10
3.76495
 20
0.145218
 11
3.76764
 21
0.143173
  0
LINE
  8
0
 10
3.76764
 20
0.143173
 11
3.77025
 21
0.141022
  0
LINE
  8
0
 10
3.77025
 20
0.141022
 11
3.77277
 21
0.138748
  0
LINE
  8
0
 10
3.77277
 20
0.138748
 11
3.77518
 21
0.136383
  0
LINE
  8
0
 10
3.77518
 20
0.136383
 11
3.7775
 21
0.133926
  0
LINE
  8
0
 10
3.7775
 20
0.133926
 11
3.77969
 21
0.131363
  0
LINE
  8
0
 10
3.77969
 20
0.131363
 11
3.7818
 21
0.128723
  0
LINE
  8
0
 10
3.7818
 20
0.128723
 11
3.78378
 21
0.125977
  0
LINE
  8
0
 10
3.78378
 20
0.125977
 11
3.78566
 21
0.123169
  0
LINE
  8
0
 10
3.78566
 20
0.123169
 11
3.78741
 21
0.12027
  0
LINE
  8
0
 10
3.78741
 20
0.12027
 11
3.78903
 21
0.11731
  0
LINE
  8
0
 10
3.78903
 20
0.11731
 11
3.79054
 21
0.114288
  0
LINE
  8
0
 10
3.79054
 20
0.114288
 11
3.79192
 21
0.111191
  0
LINE
  8
0
 10
3.79192
 20
0.111191
 11
3.79315
 21
0.108047
  0
LINE
  8
0
 10
3.79315
 20
0.108047
 11
3.79427
 21
0.104858
  0
LINE
  8
0
 10
3.79427
 20
0.104858
 11
3.79524
 21
0.101624
  0
LINE
  8
0
 10
3.79524
 20
0.101624
 11
3.79608
 21
0.0983429
  0
LINE
  8
0
 10
3.79608
 20
0.0983429
 11
3.7968
 21
0.095047
  0
LINE
  8
0
 10
3.7968
 20
0.095047
 11
3.79735
 21
0.0917053
  0
LINE
  8
0
 10
3.79735
 20
0.0917053
 11
3.79778
 21
0.0883636
  0
LINE
  8
0
 10
3.79778
 20
0.0883636
 11
3.79807
 21
0.0849915
  0
LINE
  8
0
 10
3.79807
 20
0.0849915
 11
3.7982
 21
0.081604
  0
LINE
  8
0
 10
3.7982
 20
0.081604
 11
3.7982
 21
0.0782318
  0
LINE
  8
0
 10
3.7982
 20
0.0782318
 11
3.79807
 21
0.0748596
  0
LINE
  8
0
 10
3.79807
 20
0.0748596
 11
3.79778
 21
0.0714874
  0
LINE
  8
0
 10
3.79778
 20
0.0714874
 11
3.79735
 21
0.0681305
  0
LINE
  8
0
 10
3.79735
 20
0.0681305
 11
3.7968
 21
0.0648041
  0
LINE
  8
0
 10
3.7968
 20
0.0648041
 11
3.79608
 21
0.0614929
  0
LINE
  8
0
 10
3.79608
 20
0.0614929
 11
3.79524
 21
0.0582123
  0
LINE
  8
0
 10
3.79524
 20
0.0582123
 11
3.79427
 21
0.0549774
  0
LINE
  8
0
 10
3.79427
 20
0.0549774
 11
3.79315
 21
0.0517883
  0
LINE
  8
0
 10
3.79315
 20
0.0517883
 11
3.79192
 21
0.048645
  0
LINE
  8
0
 10
3.79192
 20
0.048645
 11
3.79054
 21
0.0455627
  0
LINE
  8
0
 10
3.79054
 20
0.0455627
 11
3.78903
 21
0.0425262
  0
LINE
  8
0
 10
3.78903
 20
0.0425262
 11
3.78741
 21
0.039566
  0
LINE
  8
0
 10
3.78741
 20
0.039566
 11
3.78566
 21
0.0366669
  0
LINE
  8
0
 10
3.78566
 20
0.0366669
 11
3.78378
 21
0.0338593
  0
LINE
  8
0
 10
3.78378
 20
0.0338593
 11
3.7818
 21
0.0311279
  0
LINE
  8
0
 10
3.7818
 20
0.0311279
 11
3.77969
 21
0.0284729
  0
LINE
  8
0
 10
3.77969
 20
0.0284729
 11
3.7775
 21
0.0259094
  0
LINE
  8
0
 10
3.7775
 20
0.0259094
 11
3.77518
 21
0.0234528
  0
LINE
  8
0
 10
3.77518
 20
0.0234528
 11
3.77277
 21
0.0210876
  0
LINE
  8
0
 10
3.77277
 20
0.0210876
 11
3.77025
 21
0.0188293
  0
LINE
  8
0
 10
3.77025
 20
0.0188293
 11
3.76764
 21
0.0166626
  0
LINE
  8
0
 10
3.76764
 20
0.0166626
 11
3.76495
 21
0.0146179
  0
LINE
  8
0
 10
3.76495
 20
0.0146179
 11
3.76218
 21
0.0126953
  0
LINE
  8
0
 10
3.76218
 20
0.0126953
 11
3.75932
 21
0.0108795
  0
LINE
  8
0
 10
3.75932
 20
0.0108795
 11
3.75639
 21
0.00920105
  0
LINE
  8
0
 10
3.75639
 20
0.00920105
 11
3.7534
 21
0.00762939
  0
LINE
  8
0
 10
3.7534
 20
0.00762939
 11
3.75034
 21
0.00619507
  0
LINE
  8
0
 10
3.75034
 20
0.00619507
 11
3.74722
 21
0.00488281
  0
LINE
  8
0
 10
3.74722
 20
0.00488281
 11
3.74405
 21
0.00370789
  0
LINE
  8
0
 10
3.74405
 20
0.00370789
 11
3.74084
 21
0.00265503
  0
LINE
  8
0
 10
3.74084
 20
0.00265503
 11
3.73758
 21
0.0017395
  0
LINE
  8
0
 10
3.73758
 20
0.0017395
 11
3.7343
 21
0.000976562
  0
LINE
  8
0
 10
3.7343
 20
0.000976562
 11
3.73097
 21
0.000335693
  0
LINE
  8
0
 10
3.73097
 20
0.000335693
 11
3.72763
 21
-0.000137329
  0
LINE
  8
0
 10
3.72763
 20
-0.000137329
 11
3.72426
 21
-0.000488281
  0
LINE
  8
0
 10
3.72426
 20
-0.000488281
 11
3.72089
 21
-0.000701904
  0
LINE
  8
0
 10
3.72089
 20
-0.000701904
 11
3.71751
 21
-0.000778198
  0
LINE
  8
0
 10
3.71751
 20
-0.000778198
 11
3.71413
 21
-0.000701904
  0
LINE
  8
0
 10
-5.2634
 20
-0.63063
 11
-5.26677
 21
-0.630417
  0
LINE
  8
0
 10
-5.26677
 20
-0.630417
 11
-5.27013
 21
-0.630051
  0
LINE
  8
0
 10
-5.27013
 20
-0.630051
 11
-5.27347
 21
-0.629562
  0
LINE
  8
0
 10
-5.27347
 20
-0.629562
 11
-5.27679
 21
-0.628937
  0
LINE
  8
0
 10
-5.27679
 20
-0.628937
 11
-5.28009
 21
-0.628159
  0
LINE
  8
0
 10
-5.28009
 20
-0.628159
 11
-5.28334
 21
-0.627243
  0
LINE
  8
0
 10
-5.28334
 20
-0.627243
 11
-5.28656
 21
-0.626205
  0
LINE
  8
0
 10
-5.28656
 20
-0.626205
 11
-5.28972
 21
-0.625031
  0
LINE
  8
0
 10
-5.28972
 20
-0.625031
 11
-5.29283
 21
-0.623718
  0
LINE
  8
0
 10
-5.29283
 20
-0.623718
 11
-5.2959
 21
-0.622284
  0
LINE
  8
0
 10
-5.2959
 20
-0.622284
 11
-5.29889
 21
-0.620712
  0
LINE
  8
0
 10
-5.29889
 20
-0.620712
 11
-5.30182
 21
-0.619019
  0
LINE
  8
0
 10
-5.30182
 20
-0.619019
 11
-5.30467
 21
-0.617203
  0
LINE
  8
0
 10
-5.30467
 20
-0.617203
 11
-5.30745
 21
-0.61528
  0
LINE
  8
0
 10
-5.30745
 20
-0.61528
 11
-5.31015
 21
-0.613235
  0
LINE
  8
0
 10
-5.31015
 20
-0.613235
 11
-5.31274
 21
-0.611084
  0
LINE
  8
0
 10
-5.31274
 20
-0.611084
 11
-5.31526
 21
-0.608826
  0
LINE
  8
0
 10
-5.31526
 20
-0.608826
 11
-5.31767
 21
-0.606461
  0
LINE
  8
0
 10
-5.31767
 20
-0.606461
 11
-5.31999
 21
-0.603989
  0
LINE
  8
0
 10
-5.31999
 20
-0.603989
 11
-5.3222
 21
-0.601425
  0
LINE
  8
0
 10
-5.3222
 20
-0.601425
 11
-5.3243
 21
-0.598785
  0
LINE
  8
0
 10
-5.3243
 20
-0.598785
 11
-5.32628
 21
-0.596054
  0
LINE
  8
0
 10
-5.32628
 20
-0.596054
 11
-5.32816
 21
-0.593231
  0
LINE
  8
0
 10
-5.32816
 20
-0.593231
 11
-5.32991
 21
-0.590332
  0
LINE
  8
0
 10
-5.32991
 20
-0.590332
 11
-5.33154
 21
-0.587372
  0
LINE
  8
0
 10
-5.33154
 20
-0.587372
 11
-5.33304
 21
-0.584351
  0
LINE
  8
0
 10
-5.33304
 20
-0.584351
 11
-5.33441
 21
-0.581268
  0
LINE
  8
0
 10
-5.33441
 20
-0.581268
 11
-5.33566
 21
-0.578125
  0
LINE
  8
0
 10
-5.33566
 20
-0.578125
 11
-5.33678
 21
-0.574921
  0
LINE
  8
0
 10
-5.33678
 20
-0.574921
 11
-5.33775
 21
-0.571686
  0
LINE
  8
0
 10
-5.33775
 20
-0.571686
 11
-5.33859
 21
-0.56842
  0
LINE
  8
0
 10
-5.33859
 20
-0.56842
 11
-5.33929
 21
-0.565109
  0
LINE
  8
0
 10
-5.33929
 20
-0.565109
 11
-5.33986
 21
-0.561768
  0
LINE
  8
0
 10
-5.33986
 20
-0.561768
 11
-5.34027
 21
-0.558426
  0
LINE
  8
0
 10
-5.34027
 20
-0.558426
 11
-5.34056
 21
-0.555054
  0
LINE
  8
0
 10
-5.34056
 20
-0.555054
 11
-5.3407
 21
-0.551682
  0
LINE
  8
0
 10
-5.3407
 20
-0.551682
 11
-5.3407
 21
-0.548294
  0
LINE
  8
0
 10
-5.3407
 20
-0.548294
 11
-5.34056
 21
-0.544922
  0
LINE
  8
0
 10
-5.34056
 20
-0.544922
 11
-5.34027
 21
-0.54155
  0
LINE
  8
0
 10
-5.34027
 20
-0.54155
 11
-5.33986
 21
-0.538193
  0
LINE
  8
0
 10
-5.33986
 20
-0.538193
 11
-5.33929
 21
-0.534866
  0
LINE
  8
0
 10
-5.33929
 20
-0.534866
 11
-5.33859
 21
-0.531555
  0
LINE
  8
0
 10
-5.33859
 20
-0.531555
 11
-5.33775
 21
-0.528275
  0
LINE
  8
0
 10
-5.33775
 20
-0.528275
 11
-5.33678
 21
-0.52504
  0
LINE
  8
0
 10
-5.33678
 20
-0.52504
 11
-5.33566
 21
-0.521851
  0
LINE
  8
0
 10
-5.33566
 20
-0.521851
 11
-5.33441
 21
-0.518707
  0
LINE
  8
0
 10
-5.33441
 20
-0.518707
 11
-5.33304
 21
-0.515625
  0
LINE
  8
0
 10
-5.33304
 20
-0.515625
 11
-5.33154
 21
-0.512589
  0
LINE
  8
0
 10
-5.33154
 20
-0.512589
 11
-5.32991
 21
-0.509628
  0
LINE
  8
0
 10
-5.32991
 20
-0.509628
 11
-5.32816
 21
-0.506744
  0
LINE
  8
0
 10
-5.32816
 20
-0.506744
 11
-5.32628
 21
-0.503922
  0
LINE
  8
0
 10
-5.32628
 20
-0.503922
 11
-5.3243
 21
-0.50119
  0
LINE
  8
0
 10
-5.3243
 20
-0.50119
 11
-5.3222
 21
-0.498535
  0
LINE
  8
0
 10
-5.3222
 20
-0.498535
 11
-5.31999
 21
-0.495987
  0
LINE
  8
0
 10
-5.31999
 20
-0.495987
 11
-5.31767
 21
-0.493515
  0
LINE
  8
0
 10
-5.31767
 20
-0.493515
 11
-5.31526
 21
-0.49115
  0
LINE
  8
0
 10
-5.31526
 20
-0.49115
 11
-5.31274
 21
-0.488892
  0
LINE
  8
0
 10
-5.31274
 20
-0.488892
 11
-5.31015
 21
-0.48674
  0
LINE
  8
0
 10
-5.31015
 20
-0.48674
 11
-5.30745
 21
-0.484695
  0
LINE
  8
0
 10
-5.30745
 20
-0.484695
 11
-5.30467
 21
-0.482758
  0
LINE
  8
0
 10
-5.30467
 20
-0.482758
 11
-5.30182
 21
-0.480957
  0
LINE
  8
0
 10
-5.30182
 20
-0.480957
 11
-5.29889
 21
-0.479263
  0
LINE
  8
0
 10
-5.29889
 20
-0.479263
 11
-5.2959
 21
-0.477692
  0
LINE
  8
0
 10
-5.2959
 20
-0.477692
 11
-5.29283
 21
-0.476257
  0
LINE
  8
0
 10
-5.29283
 20
-0.476257
 11
-5.28972
 21
-0.474945
  0
LINE
  8
0
 10
-5.28972
 20
-0.474945
 11
-5.28656
 21
-0.47377
  0
LINE
  8
0
 10
-5.28656
 20
-0.47377
 11
-5.28334
 21
-0.472717
  0
LINE
  8
0
 10
-5.28334
 20
-0.472717
 11
-5.28009
 21
-0.471817
  0
LINE
  8
0
 10
-5.28009
 20
-0.471817
 11
-5.27679
 21
-0.471039
  0
LINE
  8
0
 10
-5.27679
 20
-0.471039
 11
-5.27347
 21
-0.470413
  0
LINE
  8
0
 10
-5.27347
 20
-0.470413
 11
-5.27013
 21
-0.46991
  0
LINE
  8
0
 10
-5.27013
 20
-0.46991
 11
-5.26677
 21
-0.469559
  0
LINE
  8
0
 10
-5.26677
 20
-0.469559
 11
-5.2634
 21
-0.469345
  0
LINE
  8
0
 10
-5.2634
 20
-0.469345
 11
-5.26001
 21
-0.469284
  0
LINE
  8
0
 10
-5.26001
 20
-0.469284
 11
-5.25664
 21
-0.469345
  0
LINE
  8
0
 10
-5.25664
 20
-0.469345
 11
-5.25327
 21
-0.469559
  0
LINE
  8
0
 10
-5.25327
 20
-0.469559
 11
-5.24989
 21
-0.46991
  0
LINE
  8
0
 10
-5.24989
 20
-0.46991
 11
-5.24655
 21
-0.470413
  0
LINE
  8
0
 10
-5.24655
 20
-0.470413
 11
-5.24323
 21
-0.471039
  0
LINE
  8
0
 10
-5.24323
 20
-0.471039
 11
-5.23994
 21
-0.471817
  0
LINE
  8
0
 10
-5.23994
 20
-0.471817
 11
-5.23668
 21
-0.472717
  0
LINE
  8
0
 10
-5.23668
 20
-0.472717
 11
-5.23347
 21
-0.47377
  0
LINE
  8
0
 10
-5.23347
 20
-0.47377
 11
-5.2303
 21
-0.474945
  0
LINE
  8
0
 10
-5.2303
 20
-0.474945
 11
-5.22719
 21
-0.476257
  0
LINE
  8
0
 10
-5.22719
 20
-0.476257
 11
-5.22412
 21
-0.477692
  0
LINE
  8
0
 10
-5.22412
 20
-0.477692
 11
-5.22113
 21
-0.479263
  0
LINE
  8
0
 10
-5.22113
 20
-0.479263
 11
-5.2182
 21
-0.480957
  0
LINE
  8
0
 10
-5.2182
 20
-0.480957
 11
-5.21535
 21
-0.482758
  0
LINE
  8
0
 10
-5.21535
 20
-0.482758
 11
-5.21257
 21
-0.484695
  0
LINE
  8
0
 10
-5.21257
 20
-0.484695
 11
-5.20988
 21
-0.48674
  0
LINE
  8
0
 10
-5.20988
 20
-0.48674
 11
-5.20728
 21
-0.488892
  0
LINE
  8
0
 10
-5.20728
 20
-0.488892
 11
-5.20476
 21
-0.49115
  0
LINE
  8
0
 10
-5.20476
 20
-0.49115
 11
-5.20235
 21
-0.493515
  0
LINE
  8
0
 10
-5.20235
 20
-0.493515
 11
-5.20003
 21
-0.495987
  0
LINE
  8
0
 10
-5.20003
 20
-0.495987
 11
-5.19783
 21
-0.498535
  0
LINE
  8
0
 10
-5.19783
 20
-0.498535
 11
-5.19572
 21
-0.50119
  0
LINE
  8
0
 10
-5.19572
 20
-0.50119
 11
-5.19374
 21
-0.503922
  0
LINE
  8
0
 10
-5.19374
 20
-0.503922
 11
-5.19186
 21
-0.506744
  0
LINE
  8
0
 10
-5.19186
 20
-0.506744
 11
-5.19011
 21
-0.509628
  0
LINE
  8
0
 10
-5.19011
 20
-0.509628
 11
-5.18849
 21
-0.512589
  0
LINE
  8
0
 10
-5.18849
 20
-0.512589
 11
-5.18698
 21
-0.515625
  0
LINE
  8
0
 10
-5.18698
 20
-0.515625
 11
-5.18561
 21
-0.518707
  0
LINE
  8
0
 10
-5.18561
 20
-0.518707
 11
-5.18437
 21
-0.521851
  0
LINE
  8
0
 10
-5.18437
 20
-0.521851
 11
-5.18326
 21
-0.52504
  0
LINE
  8
0
 10
-5.18326
 20
-0.52504
 11
-5.18228
 21
-0.528275
  0
LINE
  8
0
 10
-5.18228
 20
-0.528275
 11
-5.18144
 21
-0.531555
  0
LINE
  8
0
 10
-5.18144
 20
-0.531555
 11
-5.18074
 21
-0.534866
  0
LINE
  8
0
 10
-5.18074
 20
-0.534866
 11
-5.18018
 21
-0.538193
  0
LINE
  8
0
 10
-5.18018
 20
-0.538193
 11
-5.17975
 21
-0.54155
  0
LINE
  8
0
 10
-5.17975
 20
-0.54155
 11
-5.17946
 21
-0.544922
  0
LINE
  8
0
 10
-5.17946
 20
-0.544922
 11
-5.17932
 21
-0.548294
  0
LINE
  8
0
 10
-5.17932
 20
-0.548294
 11
-5.17932
 21
-0.551682
  0
LINE
  8
0
 10
-5.17932
 20
-0.551682
 11
-5.17946
 21
-0.555054
  0
LINE
  8
0
 10
-5.17946
 20
-0.555054
 11
-5.17975
 21
-0.558426
  0
LINE
  8
0
 10
-5.17975
 20
-0.558426
 11
-5.18018
 21
-0.561768
  0
LINE
  8
0
 10
-5.18018
 20
-0.561768
 11
-5.18074
 21
-0.565109
  0
LINE
  8
0
 10
-5.18074
 20
-0.565109
 11
-5.18144
 21
-0.56842
  0
LINE
  8
0
 10
-5.18144
 20
-0.56842
 11
-5.18228
 21
-0.571686
  0
LINE
  8
0
 10
-5.18228
 20
-0.571686
 11
-5.18326
 21
-0.574921
  0
LINE
  8
0
 10
-5.18326
 20
-0.574921
 11
-5.18437
 21
-0.578125
  0
LINE
  8
0
 10
-5.18437
 20
-0.578125
 11
-5.18561
 21
-0.581268
  0
LINE
  8
0
 10
-5.18561
 20
-0.581268
 11
-5.18698
 21
-0.584351
  0
LINE
  8
0
 10
-5.18698
 20
-0.584351
 11
-5.18849
 21
-0.587372
  0
LINE
  8
0
 10
-5.18849
 20
-0.587372
 11
-5.19011
 21
-0.590332
  0
LINE
  8
0
 10
-5.19011
 20
-0.590332
 11
-5.19186
 21
-0.593231
  0
LINE
  8
0
 10
-5.19186
 20
-0.593231
 11
-5.19374
 21
-0.596054
  0
LINE
  8
0
 10
-5.19374
 20
-0.596054
 11
-5.19572
 21
-0.598785
  0
LINE
  8
0
 10
-5.19572
 20
-0.598785
 11
-5.19783
 21
-0.601425
  0
LINE
  8
0
 10
-5.19783
 20
-0.601425
 11
-5.20003
 21
-0.603989
  0
LINE
  8
0
 10
-5.20003
 20
-0.603989
 11
-5.20235
 21
-0.606461
  0
LINE
  8
0
 10
-5.20235
 20
-0.606461
 11
-5.20476
 21
-0.608826
  0
LINE
  8
0
 10
-5.20476
 20
-0.608826
 11
-5.20728
 21
-0.611084
  0
LINE
  8
0
 10
-5.20728
 20
-0.611084
 11
-5.20988
 21
-0.613235
  0
LINE
  8
0
 10
-5.20988
 20
-0.613235
 11
-5.21257
 21
-0.61528
  0
LINE
  8
0
 10
-5.21257
 20
-0.61528
 11
-5.21535
 21
-0.617203
  0
LINE
  8
0
 10
-5.21535
 20
-0.617203
 11
-5.2182
 21
-0.619019
  0
LINE
  8
0
 10
-5.2182
 20
-0.619019
 11
-5.22113
 21
-0.620712
  0
LINE
  8
0
 10
-5.22113
 20
-0.620712
 11
-5.22412
 21
-0.622284
  0
LINE
  8
0
 10
-5.22412
 20
-0.622284
 11
-5.22719
 21
-0.623718
  0
LINE
  8
0
 10
-5.22719
 20
-0.623718
 11
-5.2303
 21
-0.625031
  0
LINE
  8
0
 10
-5.2303
 20
-0.625031
 11
-5.23347
 21
-0.626205
  0
LINE
  8
0
 10
-5.23347
 20
-0.626205
 11
-5.23668
 21
-0.627243
  0
LINE
  8
0
 10
-5.23668
 20
-0.627243
 11
-5.23994
 21
-0.628159
  0
LINE
  8
0
 10
-5.23994
 20
-0.628159
 11
-5.24323
 21
-0.628937
  0
LINE
  8
0
 10
-5.24323
 20
-0.628937
 11
-5.24655
 21
-0.629562
  0
LINE
  8
0
 10
-5.24655
 20
-0.629562
 11
-5.24989
 21
-0.630051
  0
LINE
  8
0
 10
-5.24989
 20
-0.630051
 11
-5.25327
 21
-0.630417
  0
LINE
  8
0
 10
-5.25327
 20
-0.630417
 11
-5.25664
 21
-0.63063
  0
LINE
  8
0
 10
-5.25664
 20
-0.63063
 11
-5.26001
 21
-0.630692
  0
LINE
  8
0
 10
-5.26001
 20
-0.630692
 11
-5.2634
 21
-0.63063
  0
LINE
  8
0
 10
3.71413
 20
-0.63063
 11
3.71075
 21
-0.630417
  0
LINE
  8
0
 10
3.71075
 20
-0.630417
 11
3.7074
 21
-0.630051
  0
LINE
  8
0
 10
3.7074
 20
-0.630051
 11
3.70406
 21
-0.629562
  0
LINE
  8
0
 10
3.70406
 20
-0.629562
 11
3.70073
 21
-0.628937
  0
LINE
  8
0
 10
3.70073
 20
-0.628937
 11
3.69745
 21
-0.628159
  0
LINE
  8
0
 10
3.69745
 20
-0.628159
 11
3.69418
 21
-0.627243
  0
LINE
  8
0
 10
3.69418
 20
-0.627243
 11
3.69096
 21
-0.626205
  0
LINE
  8
0
 10
3.69096
 20
-0.626205
 11
3.68781
 21
-0.625031
  0
LINE
  8
0
 10
3.68781
 20
-0.625031
 11
3.68469
 21
-0.623718
  0
LINE
  8
0
 10
3.68469
 20
-0.623718
 11
3.68163
 21
-0.622284
  0
LINE
  8
0
 10
3.68163
 20
-0.622284
 11
3.67863
 21
-0.620712
  0
LINE
  8
0
 10
3.67863
 20
-0.620712
 11
3.6757
 21
-0.619019
  0
LINE
  8
0
 10
3.6757
 20
-0.619019
 11
3.67285
 21
-0.617203
  0
LINE
  8
0
 10
3.67285
 20
-0.617203
 11
3.67007
 21
-0.61528
  0
LINE
  8
0
 10
3.67007
 20
-0.61528
 11
3.66737
 21
-0.613235
  0
LINE
  8
0
 10
3.66737
 20
-0.613235
 11
3.66478
 21
-0.611084
  0
LINE
  8
0
 10
3.66478
 20
-0.611084
 11
3.66226
 21
-0.608826
  0
LINE
  8
0
 10
3.66226
 20
-0.608826
 11
3.65985
 21
-0.606461
  0
LINE
  8
0
 10
3.65985
 20
-0.606461
 11
3.65753
 21
-0.603989
  0
LINE
  8
0
 10
3.65753
 20
-0.603989
 11
3.65532
 21
-0.601425
  0
LINE
  8
0
 10
3.65532
 20
-0.601425
 11
3.65323
 21
-0.598785
  0
LINE
  8
0
 10
3.65323
 20
-0.598785
 11
3.65125
 21
-0.596054
  0
LINE
  8
0
 10
3.65125
 20
-0.596054
 11
3.64937
 21
-0.593231
  0
LINE
  8
0
 10
3.64937
 20
-0.593231
 11
3.64761
 21
-0.590332
  0
LINE
  8
0
 10
3.64761
 20
-0.590332
 11
3.646
 21
-0.587372
  0
LINE
  8
0
 10
3.646
 20
-0.587372
 11
3.64449
 21
-0.584351
  0
LINE
  8
0
 10
3.64449
 20
-0.584351
 11
3.64311
 21
-0.581268
  0
LINE
  8
0
 10
3.64311
 20
-0.581268
 11
3.64186
 21
-0.578125
  0
LINE
  8
0
 10
3.64186
 20
-0.578125
 11
3.64075
 21
-0.574921
  0
LINE
  8
0
 10
3.64075
 20
-0.574921
 11
3.63977
 21
-0.571686
  0
LINE
  8
0
 10
3.63977
 20
-0.571686
 11
3.63893
 21
-0.56842
  0
LINE
  8
0
 10
3.63893
 20
-0.56842
 11
3.63823
 21
-0.565109
  0
LINE
  8
0
 10
3.63823
 20
-0.565109
 11
3.63766
 21
-0.561768
  0
LINE
  8
0
 10
3.63766
 20
-0.561768
 11
3.63725
 21
-0.558426
  0
LINE
  8
0
 10
3.63725
 20
-0.558426
 11
3.63696
 21
-0.555054
  0
LINE
  8
0
 10
3.63696
 20
-0.555054
 11
3.63683
 21
-0.551682
  0
LINE
  8
0
 10
3.63683
 20
-0.551682
 11
3.63683
 21
-0.548294
  0
LINE
  8
0
 10
3.63683
 20
-0.548294
 11
3.63696
 21
-0.544922
  0
LINE
  8
0
 10
3.63696
 20
-0.544922
 11
3.63725
 21
-0.54155
  0
LINE
  8
0
 10
3.63725
 20
-0.54155
 11
3.63766
 21
-0.538193
  0
LINE
  8
0
 10
3.63766
 20
-0.538193
 11
3.63823
 21
-0.534866
  0
LINE
  8
0
 10
3.63823
 20
-0.534866
 11
3.63893
 21
-0.531555
  0
LINE
  8
0
 10
3.63893
 20
-0.531555
 11
3.63977
 21
-0.528275
  0
LINE
  8
0
 10
3.63977
 20
-0.528275
 11
3.64075
 21
-0.52504
  0
LINE
  8
0
 10
3.64075
 20
-0.52504
 11
3.64186
 21
-0.521851
  0
LINE
  8
0
 10
3.64186
 20
-0.521851
 11
3.64311
 21
-0.518707
  0
LINE
  8
0
 10
3.64311
 20
-0.518707
 11
3.64449
 21
-0.515625
  0
LINE
  8
0
 10
3.64449
 20
-0.515625
 11
3.646
 21
-0.512589
  0
LINE
  8
0
 10
3.646
 20
-0.512589
 11
3.64761
 21
-0.509628
  0
LINE
  8
0
 10
3.64761
 20
-0.509628
 11
3.64937
 21
-0.506744
  0
LINE
  8
0
 10
3.64937
 20
-0.506744
 11
3.65125
 21
-0.503922
  0
LINE
  8
0
 10
3.65125
 20
-0.503922
 11
3.65323
 21
-0.50119
  0
LINE
  8
0
 10
3.65323
 20
-0.50119
 11
3.65532
 21
-0.498535
  0
LINE
  8
0
 10
3.65532
 20
-0.498535
 11
3.65753
 21
-0.495987
  0
LINE
  8
0
 10
3.65753
 20
-0.495987
 11
3.65985
 21
-0.493515
  0
LINE
  8
0
 10
3.65985
 20
-0.493515
 11
3.66226
 21
-0.49115
  0
LINE
  8
0
 10
3.66226
 20
-0.49115
 11
3.66478
 21
-0.488892
  0
LINE
  8
0
 10
3.66478
 20
-0.488892
 11
3.66737
 21
-0.48674
  0
LINE
  8
0
 10
3.66737
 20
-0.48674
 11
3.67007
 21
-0.484695
  0
LINE
  8
0
 10
3.67007
 20
-0.484695
 11
3.67285
 21
-0.482758
  0
LINE
  8
0
 10
3.67285
 20
-0.482758
 11
3.6757
 21
-0.480957
  0
LINE
  8
0
 10
3.6757
 20
-0.480957
 11
3.67863
 21
-0.479263
  0
LINE
  8
0
 10
3.67863
 20
-0.479263
 11
3.68163
 21
-0.477692
  0
LINE
  8
0
 10
3.68163
 20
-0.477692
 11
3.68469
 21
-0.476257
  0
LINE
  8
0
 10
3.68469
 20
-0.476257
 11
3.68781
 21
-0.474945
  0
LINE
  8
0
 10
3.68781
 20
-0.474945
 11
3.69096
 21
-0.47377
  0
LINE
  8
0
 10
3.69096
 20
-0.47377
 11
3.69418
 21
-0.472717
  0
LINE
  8
0
 10
3.69418
 20
-0.472717
 11
3.69745
 21
-0.471817
  0
LINE
  8
0
 10
3.69745
 20
-0.471817
 11
3.70073
 21
-0.471039
  0
LINE
  8
0
 10
3.70073
 20
-0.471039
 11
3.70406
 21
-0.470413
  0
LINE
  8
0
 10
3.70406
 20
-0.470413
 11
3.7074
 21
-0.46991
  0
LINE
  8
0
 10
3.7074
 20
-0.46991
 11
3.71075
 21
-0.469559
  0
LINE
  8
0
 10
3.71075
 20
-0.469559
 11
3.71413
 21
-0.469345
  0
LINE
  8
0
 10
3.71413
 20
-0.469345
 11
3.71751
 21
-0.469284
  0
LINE
  8
0
 10
3.71751
 20
-0.469284
 11
3.72089
 21
-0.469345
  0
LINE
  8
0
 10
3.72089
 20
-0.469345
 11
3.72426
 21
-0.469559
  0
LINE
  8
0
 10
3.72426
 20
-0.469559
 11
3.72763
 21
-0.46991
  0
LINE
  8
0
 10
3.72763
 20
-0.46991
 11
3.73097
 21
-0.470413
  0
LINE
  8
0
 10
3.73097
 20
-0.470413
 11
3.7343
 21
-0.471039
  0
LINE
  8
0
 10
3.7343
 20
-0.471039
 11
3.73758
 21
-0.471817
  0
LINE
  8
0
 10
3.73758
 20
-0.471817
 11
3.74084
 21
-0.472717
  0
LINE
  8
0
 10
3.74084
 20
-0.472717
 11
3.74405
 21
-0.47377
  0
LINE
  8
0
 10
3.74405
 20
-0.47377
 11
3.74722
 21
-0.474945
  0
LINE
  8
0
 10
3.74722
 20
-0.474945
 11
3.75034
 21
-0.476257
  0
LINE
  8
0
 10
3.75034
 20
-0.476257
 11
3.7534
 21
-0.477692
  0
LINE
  8
0
 10
3.7534
 20
-0.477692
 11
3.75639
 21
-0.479263
  0
LINE
  8
0
 10
3.75639
 20
-0.479263
 11
3.75932
 21
-0.480957
  0
LINE
  8
0
 10
3.75932
 20
-0.480957
 11
3.76218
 21
-0.482758
  0
LINE
  8
0
 10
3.76218
 20
-0.482758
 11
3.76495
 21
-0.484695
  0
LINE
  8
0
 10
3.76495
 20
-0.484695
 11
3.76764
 21
-0.48674
  0
LINE
  8
0
 10
3.76764
 20
-0.48674
 11
3.77025
 21
-0.488892
  0
LINE
  8
0
 10
3.77025
 20
-0.488892
 11
3.77277
 21
-0.49115
  0
LINE
  8
0
 10
3.77277
 20
-0.49115
 11
3.77518
 21
-0.493515
  0
LINE
  8
0
 10
3.77518
 20
-0.493515
 11
3.7775
 21
-0.495987
  0
LINE
  8
0
 10
3.7775
 20
-0.495987
 11
3.77969
 21
-0.498535
  0
LINE
  8
0
 10
3.77969
 20
-0.498535
 11
3.7818
 21
-0.50119
  0
LINE
  8
0
 10
3.7818
 20
-0.50119
 11
3.78378
 21
-0.503922
  0
LINE
  8
0
 10
3.78378
 20
-0.503922
 11
3.78566
 21
-0.506744
  0
LINE
  8
0
 10
3.78566
 20
-0.506744
 11
3.78741
 21
-0.509628
  0
LINE
  8
0
 10
3.78741
 20
-0.509628
 11
3.78903
 21
-0.512589
  0
LINE
  8
0
 10
3.78903
 20
-0.512589
 11
3.79054
 21
-0.515625
  0
LINE
  8
0
 10
3.79054
 20
-0.515625
 11
3.79192
 21
-0.518707
  0
LINE
  8
0
 10
3.79192
 20
-0.518707
 11
3.79315
 21
-0.521851
  0
LINE
  8
0
 10
3.79315
 20
-0.521851
 11
3.79427
 21
-0.52504
  0
LINE
  8
0
 10
3.79427
 20
-0.52504
 11
3.79524
 21
-0.528275
  0
LINE
  8
0
 10
3.79524
 20
-0.528275
 11
3.79608
 21
-0.531555
  0
LINE
  8
0
 10
3.79608
 20
-0.531555
 11
3.7968
 21
-0.534866
  0
LINE
  8
0
 10
3.7968
 20
-0.534866
 11
3.79735
 21
-0.538193
  0
LINE
  8
0
 10
3.79735
 20
-0.538193
 11
3.79778
 21
-0.54155
  0
LINE
  8
0
 10
3.79778
 20
-0.54155
 11
3.79807
 21
-0.544922
  0
LINE
  8
0
 10
3.79807
 20
-0.544922
 11
3.7982
 21
-0.548294
  0
LINE
  8
0
 10
3.7982
 20
-0.548294
 11
3.7982
 21
-0.551682
  0
LINE
  8
0
 10
3.7982
 20
-0.551682
 11
3.79807
 21
-0.555054
  0
LINE
  8
0
 10
3.79807
 20
-0.555054
 11
3.79778
 21
-0.558426
  0
LINE
  8
0
 10
3.79778
 20
-0.558426
 11
3.79735
 21
-0.561768
  0
LINE
  8
0
 10
3.79735
 20
-0.561768
 11
3.7968
 21
-0.565109
  0
LINE
  8
0
 10
3.7968
 20
-0.565109
 11
3.79608
 21
-0.56842
  0
LINE
  8
0
 10
3.79608
 20
-0.56842
 11
3.79524
 21
-0.571686
  0
LINE
  8
0
 10
3.79524
 20
-0.571686
 11
3.79427
 21
-0.574921
  0
LINE
  8
0
 10
3.79427
 20
-0.574921
 11
3.79315
 21
-0.578125
  0
LINE
  8
0
 10
3.79315
 20
-0.578125
 11
3.79192
 21
-0.581268
  0
LINE
  8
0
 10
3.79192
 20
-0.581268
 11
3.79054
 21
-0.584351
  0
LINE
  8
0
 10
3.79054
 20
-0.584351
 11
3.78903
 21
-0.587372
  0
LINE
  8
0
 10
3.78903
 20
-0.587372
 11
3.78741
 21
-0.590332
  0
LINE
  8
0
 10
3.78741
 20
-0.590332
 11
3.78566
 21
-0.593231
  0
LINE
  8
0
 10
3.78566
 20
-0.593231
 11
3.78378
 21
-0.596054
  0
LINE
  8
0
 10
3.78378
 20
-0.596054
 11
3.7818
 21
-0.598785
  0
LINE
  8
0
 10
3.7818
 20
-0.598785
 11
3.77969
 21
-0.601425
  0
LINE
  8
0
 10
3.77969
 20
-0.601425
 11
3.7775
 21
-0.603989
  0
LINE
  8
0
 10
3.7775
 20
-0.603989
 11
3.77518
 21
-0.606461
  0
LINE
  8
0
 10
3.77518
 20
-0.606461
 11
3.77277
 21
-0.608826
  0
LINE
  8
0
 10
3.77277
 20
-0.608826
 11
3.77025
 21
-0.611084
  0
LINE
  8
0
 10
3.77025
 20
-0.611084
 11
3.76764
 21
-0.613235
  0
LINE
  8
0
 10
3.76764
 20
-0.613235
 11
3.76495
 21
-0.61528
  0
LINE
  8
0
 10
3.76495
 20
-0.61528
 11
3.76218
 21
-0.617203
  0
LINE
  8
0
 10
3.76218
 20
-0.617203
 11
3.75932
 21
-0.619019
  0
LINE
  8
0
 10
3.75932
 20
-0.619019
 11
3.75639
 21
-0.620712
  0
LINE
  8
0
 10
3.75639
 20
-0.620712
 11
3.7534
 21
-0.622284
  0
LINE
  8
0
 10
3.7534
 20
-0.622284
 11
3.75034
 21
-0.623718
  0
LINE
  8
0
 10
3.75034
 20
-0.623718
 11
3.74722
 21
-0.625031
  0
LINE
  8
0
 10
3.74722
 20
-0.625031
 11
3.74405
 21
-0.626205
  0
LINE
  8
0
 10
3.74405
 20
-0.626205
 11
3.74084
 21
-0.627243
  0
LINE
  8
0
 10
3.74084
 20
-0.627243
 11
3.73758
 21
-0.628159
  0
LINE
  8
0
 10
3.73758
 20
-0.628159
 11
3.7343
 21
-0.628937
  0
LINE
  8
0
 10
3.7343
 20
-0.628937
 11
3.73097
 21
-0.629562
  0
LINE
  8
0
 10
3.73097
 20
-0.629562
 11
3.72763
 21
-0.630051
  0
LINE
  8
0
 10
3.72763
 20
-0.630051
 11
3.72426
 21
-0.630417
  0
LINE
  8
0
 10
3.72426
 20
-0.630417
 11
3.72089
 21
-0.63063
  0
LINE
  8
0
 10
3.72089
 20
-0.63063
 11
3.71751
 21
-0.630692
  0
LINE
  8
0
 10
3.71751
 20
-0.630692
 11
3.71413
 21
-0.63063
  0
LINE
  8
0
 10
2.18739
 20
-2.28592
 11
2.18347
 21
-2.28563
  0
LINE
  8
0
 10
2.18347
 20
-2.28563
 11
2.17958
 21
-2.28519
  0
LINE
  8
0
 10
2.17958
 20
-2.28519
 11
2.1757
 21
-2.28458
  0
LINE
  8
0
 10
2.1757
 20
-2.28458
 11
2.17184
 21
-2.2838
  0
LINE
  8
0
 10
2.17184
 20
-2.2838
 11
2.16805
 21
-2.28285
  0
LINE
  8
0
 10
2.16805
 20
-2.28285
 11
2.16426
 21
-2.28177
  0
LINE
  8
0
 10
2.16426
 20
-2.28177
 11
2.16054
 21
-2.2805
  0
LINE
  8
0
 10
2.16054
 20
-2.2805
 11
2.15688
 21
-2.2791
  0
LINE
  8
0
 10
2.15688
 20
-2.2791
 11
2.15327
 21
-2.27754
  0
LINE
  8
0
 10
2.15327
 20
-2.27754
 11
2.14973
 21
-2.27583
  0
LINE
  8
0
 10
2.14973
 20
-2.27583
 11
2.14629
 21
-2.27397
  0
LINE
  8
0
 10
2.14629
 20
-2.27397
 11
2.1429
 21
-2.27197
  0
LINE
  8
0
 10
2.1429
 20
-2.27197
 11
2.1396
 21
-2.26984
  0
LINE
  8
0
 10
2.1396
 20
-2.26984
 11
2.1364
 21
-2.26756
  0
LINE
  8
0
 10
2.1364
 20
-2.26756
 11
2.1333
 21
-2.26515
  0
LINE
  8
0
 10
2.1333
 20
-2.26515
 11
2.13031
 21
-2.26262
  0
LINE
  8
0
 10
2.13031
 20
-2.26262
 11
2.12741
 21
-2.25996
  0
LINE
  8
0
 10
2.12741
 20
-2.25996
 11
2.12463
 21
-2.25719
  0
LINE
  8
0
 10
2.12463
 20
-2.25719
 11
2.12198
 21
-2.2543
  0
LINE
  8
0
 10
2.12198
 20
-2.2543
 11
2.11945
 21
-2.2513
  0
LINE
  8
0
 10
2.11945
 20
-2.2513
 11
2.11703
 21
-2.2482
  0
LINE
  8
0
 10
2.11703
 20
-2.2482
 11
2.11476
 21
-2.245
  0
LINE
  8
0
 10
2.11476
 20
-2.245
 11
2.11263
 21
-2.2417
  0
LINE
  8
0
 10
2.11263
 20
-2.2417
 11
2.11063
 21
-2.23833
  0
LINE
  8
0
 10
2.11063
 20
-2.23833
 11
2.10876
 21
-2.23486
  0
LINE
  8
0
 10
2.10876
 20
-2.23486
 11
2.10706
 21
-2.23132
  0
LINE
  8
0
 10
2.10706
 20
-2.23132
 11
2.1055
 21
-2.22772
  0
LINE
  8
0
 10
2.1055
 20
-2.22772
 11
2.1041
 21
-2.22406
  0
LINE
  8
0
 10
2.1041
 20
-2.22406
 11
2.10284
 21
-2.22034
  0
LINE
  8
0
 10
2.10284
 20
-2.22034
 11
2.10175
 21
-2.21657
  0
LINE
  8
0
 10
2.10175
 20
-2.21657
 11
2.10081
 21
-2.21275
  0
LINE
  8
0
 10
2.10081
 20
-2.21275
 11
2.10004
 21
-2.20891
  0
LINE
  8
0
 10
2.10004
 20
-2.20891
 11
2.09943
 21
-2.20503
  0
LINE
  8
0
 10
2.09943
 20
-2.20503
 11
2.09897
 21
-2.20113
  0
LINE
  8
0
 10
2.09897
 20
-2.20113
 11
2.09868
 21
-2.1972
  0
LINE
  8
0
 10
2.09868
 20
-2.1972
 11
2.09856
 21
-2.19328
  0
LINE
  8
0
 10
2.09856
 20
-2.19328
 11
2.0986
 21
-2.18936
  0
LINE
  8
0
 10
2.0986
 20
-2.18936
 11
2.0988
 21
-2.18544
  0
LINE
  8
0
 10
2.0988
 20
-2.18544
 11
2.09917
 21
-2.18153
  0
LINE
  8
0
 10
2.09917
 20
-2.18153
 11
2.0997
 21
-2.17764
  0
LINE
  8
0
 10
2.0997
 20
-2.17764
 11
2.1004
 21
-2.17377
  0
LINE
  8
0
 10
2.1004
 20
-2.17377
 11
2.10126
 21
-2.16994
  0
LINE
  8
0
 10
2.10126
 20
-2.16994
 11
2.10228
 21
-2.16615
  0
LINE
  8
0
 10
2.10228
 20
-2.16615
 11
2.10345
 21
-2.1624
  0
LINE
  8
0
 10
2.10345
 20
-2.1624
 11
2.10478
 21
-2.15871
  0
LINE
  8
0
 10
2.10478
 20
-2.15871
 11
2.10626
 21
-2.15508
  0
LINE
  8
0
 10
2.10626
 20
-2.15508
 11
2.10789
 21
-2.1515
  0
LINE
  8
0
 10
2.10789
 20
-2.1515
 11
2.10968
 21
-2.14799
  0
LINE
  8
0
 10
2.10968
 20
-2.14799
 11
2.1116
 21
-2.14458
  0
LINE
  8
0
 10
2.1116
 20
-2.14458
 11
2.11368
 21
-2.14124
  0
LINE
  8
0
 10
2.11368
 20
-2.14124
 11
2.11589
 21
-2.138
  0
LINE
  8
0
 10
2.11589
 20
-2.138
 11
2.11823
 21
-2.13484
  0
LINE
  8
0
 10
2.11823
 20
-2.13484
 11
2.1207
 21
-2.13179
  0
LINE
  8
0
 10
2.1207
 20
-2.13179
 11
2.12329
 21
-2.12885
  0
LINE
  8
0
 10
2.12329
 20
-2.12885
 11
2.12601
 21
-2.12601
  0
LINE
  8
0
 10
2.12601
 20
-2.12601
 11
2.12885
 21
-2.12329
  0
LINE
  8
0
 10
2.12885
 20
-2.12329
 11
2.13179
 21
-2.1207
  0
LINE
  8
0
 10
2.13179
 20
-2.1207
 11
2.13484
 21
-2.11823
  0
LINE
  8
0
 10
2.13484
 20
-2.11823
 11
2.138
 21
-2.11589
  0
LINE
  8
0
 10
2.138
 20
-2.11589
 11
2.14124
 21
-2.11368
  0
LINE
  8
0
 10
2.14124
 20
-2.11368
 11
2.14458
 21
-2.1116
  0
LINE
  8
0
 10
2.14458
 20
-2.1116
 11
2.14799
 21
-2.10968
  0
LINE
  8
0
 10
2.14799
 20
-2.10968
 11
2.1515
 21
-2.10789
  0
LINE
  8
0
 10
2.1515
 20
-2.10789
 11
2.15508
 21
-2.10626
  0
LINE
  8
0
 10
2.15508
 20
-2.10626
 11
2.15871
 21
-2.10478
  0
LINE
  8
0
 10
2.15871
 20
-2.10478
 11
2.1624
 21
-2.10345
  0
LINE
  8
0
 10
2.1624
 20
-2.10345
 11
2.16615
 21
-2.10228
  0
LINE
  8
0
 10
2.16615
 20
-2.10228
 11
2.16994
 21
-2.10126
  0
LINE
  8
0
 10
2.16994
 20
-2.10126
 11
2.17377
 21
-2.1004
  0
LINE
  8
0
 10
2.17377
 20
-2.1004
 11
2.17764
 21
-2.0997
  0
LINE
  8
0
 10
2.17764
 20
-2.0997
 11
2.18153
 21
-2.09917
  0
LINE
  8
0
 10
2.18153
 20
-2.09917
 11
2.18544
 21
-2.0988
  0
LINE
  8
0
 10
2.18544
 20
-2.0988
 11
2.18936
 21
-2.0986
  0
LINE
  8
0
 10
2.18936
 20
-2.0986
 11
2.19328
 21
-2.09856
  0
LINE
  8
0
 10
2.19328
 20
-2.09856
 11
2.1972
 21
-2.09868
  0
LINE
  8
0
 10
2.1972
 20
-2.09868
 11
2.20113
 21
-2.09897
  0
LINE
  8
0
 10
2.20113
 20
-2.09897
 11
2.20503
 21
-2.09943
  0
LINE
  8
0
 10
2.20503
 20
-2.09943
 11
2.20891
 21
-2.10004
  0
LINE
  8
0
 10
2.20891
 20
-2.10004
 11
2.21275
 21
-2.10081
  0
LINE
  8
0
 10
2.21275
 20
-2.10081
 11
2.21657
 21
-2.10175
  0
LINE
  8
0
 10
2.21657
 20
-2.10175
 11
2.22034
 21
-2.10284
  0
LINE
  8
0
 10
2.22034
 20
-2.10284
 11
2.22406
 21
-2.1041
  0
LINE
  8
0
 10
2.22406
 20
-2.1041
 11
2.22772
 21
-2.1055
  0
LINE
  8
0
 10
2.22772
 20
-2.1055
 11
2.23132
 21
-2.10706
  0
LINE
  8
0
 10
2.23132
 20
-2.10706
 11
2.23486
 21
-2.10876
  0
LINE
  8
0
 10
2.23486
 20
-2.10876
 11
2.23833
 21
-2.11063
  0
LINE
  8
0
 10
2.23833
 20
-2.11063
 11
2.2417
 21
-2.11263
  0
LINE
  8
0
 10
2.2417
 20
-2.11263
 11
2.245
 21
-2.11476
  0
LINE
  8
0
 10
2.245
 20
-2.11476
 11
2.2482
 21
-2.11703
  0
LINE
  8
0
 10
2.2482
 20
-2.11703
 11
2.2513
 21
-2.11945
  0
LINE
  8
0
 10
2.2513
 20
-2.11945
 11
2.2543
 21
-2.12198
  0
LINE
  8
0
 10
2.2543
 20
-2.12198
 11
2.25719
 21
-2.12463
  0
LINE
  8
0
 10
2.25719
 20
-2.12463
 11
2.25996
 21
-2.12741
  0
LINE
  8
0
 10
2.25996
 20
-2.12741
 11
2.26262
 21
-2.13031
  0
LINE
  8
0
 10
2.26262
 20
-2.13031
 11
2.26515
 21
-2.1333
  0
LINE
  8
0
 10
2.26515
 20
-2.1333
 11
2.26756
 21
-2.1364
  0
LINE
  8
0
 10
2.26756
 20
-2.1364
 11
2.26984
 21
-2.1396
  0
LINE
  8
0
 10
2.26984
 20
-2.1396
 11
2.27197
 21
-2.1429
  0
LINE
  8
0
 10
2.27197
 20
-2.1429
 11
2.27397
 21
-2.14629
  0
LINE
  8
0
 10
2.27397
 20
-2.14629
 11
2.27583
 21
-2.14973
  0
LINE
  8
0
 10
2.27583
 20
-2.14973
 11
2.27754
 21
-2.15327
  0
LINE
  8
0
 10
2.27754
 20
-2.15327
 11
2.2791
 21
-2.15688
  0
LINE
  8
0
 10
2.2791
 20
-2.15688
 11
2.2805
 21
-2.16054
  0
LINE
  8
0
 10
2.2805
 20
-2.16054
 11
2.28177
 21
-2.16426
  0
LINE
  8
0
 10
2.28177
 20
-2.16426
 11
2.28285
 21
-2.16805
  0
LINE
  8
0
 10
2.28285
 20
-2.16805
 11
2.2838
 21
-2.17184
  0
LINE
  8
0
 10
2.2838
 20
-2.17184
 11
2.28458
 21
-2.1757
  0
LINE
  8
0
 10
2.28458
 20
-2.1757
 11
2.28519
 21
-2.17958
  0
LINE
  8
0
 10
2.28519
 20
-2.17958
 11
2.28563
 21
-2.18347
  0
LINE
  8
0
 10
2.28563
 20
-2.18347
 11
2.28592
 21
-2.18739
  0
LINE
  8
0
 10
2.28592
 20
-2.18739
 11
2.28604
 21
-2.19131
  0
LINE
  8
0
 10
2.28604
 20
-2.19131
 11
2.28601
 21
-2.19525
  0
LINE
  8
0
 10
2.28601
 20
-2.19525
 11
2.2858
 21
-2.19917
  0
LINE
  8
0
 10
2.2858
 20
-2.19917
 11
2.28543
 21
-2.20308
  0
LINE
  8
0
 10
2.28543
 20
-2.20308
 11
2.2849
 21
-2.20697
  0
LINE
  8
0
 10
2.2849
 20
-2.20697
 11
2.28419
 21
-2.21083
  0
LINE
  8
0
 10
2.28419
 20
-2.21083
 11
2.28334
 21
-2.21466
  0
LINE
  8
0
 10
2.28334
 20
-2.21466
 11
2.28233
 21
-2.21846
  0
LINE
  8
0
 10
2.28233
 20
-2.21846
 11
2.28116
 21
-2.2222
  0
LINE
  8
0
 10
2.28116
 20
-2.2222
 11
2.27983
 21
-2.22591
  0
LINE
  8
0
 10
2.27983
 20
-2.22591
 11
2.27834
 21
-2.22954
  0
LINE
  8
0
 10
2.27834
 20
-2.22954
 11
2.2767
 21
-2.23311
  0
LINE
  8
0
 10
2.2767
 20
-2.23311
 11
2.27492
 21
-2.2366
  0
LINE
  8
0
 10
2.27492
 20
-2.2366
 11
2.27299
 21
-2.24002
  0
LINE
  8
0
 10
2.27299
 20
-2.24002
 11
2.27092
 21
-2.24336
  0
LINE
  8
0
 10
2.27092
 20
-2.24336
 11
2.26872
 21
-2.24661
  0
LINE
  8
0
 10
2.26872
 20
-2.24661
 11
2.26637
 21
-2.24976
  0
LINE
  8
0
 10
2.26637
 20
-2.24976
 11
2.2639
 21
-2.25281
  0
LINE
  8
0
 10
2.2639
 20
-2.25281
 11
2.26131
 21
-2.25575
  0
LINE
  8
0
 10
2.26131
 20
-2.25575
 11
2.25859
 21
-2.25859
  0
LINE
  8
0
 10
2.25859
 20
-2.25859
 11
2.25575
 21
-2.26131
  0
LINE
  8
0
 10
2.25575
 20
-2.26131
 11
2.25281
 21
-2.2639
  0
LINE
  8
0
 10
2.25281
 20
-2.2639
 11
2.24976
 21
-2.26637
  0
LINE
  8
0
 10
2.24976
 20
-2.26637
 11
2.24661
 21
-2.26872
  0
LINE
  8
0
 10
2.24661
 20
-2.26872
 11
2.24336
 21
-2.27092
  0
LINE
  8
0
 10
2.24336
 20
-2.27092
 11
2.24002
 21
-2.27299
  0
LINE
  8
0
 10
2.24002
 20
-2.27299
 11
2.2366
 21
-2.27492
  0
LINE
  8
0
 10
2.2366
 20
-2.27492
 11
2.23311
 21
-2.2767
  0
LINE
  8
0
 10
2.23311
 20
-2.2767
 11
2.22954
 21
-2.27834
  0
LINE
  8
0
 10
2.22954
 20
-2.27834
 11
2.22591
 21
-2.27983
  0
LINE
  8
0
 10
2.22591
 20
-2.27983
 11
2.2222
 21
-2.28116
  0
LINE
  8
0
 10
2.2222
 20
-2.28116
 11
2.21846
 21
-2.28233
  0
LINE
  8
0
 10
2.21846
 20
-2.28233
 11
2.21466
 21
-2.28334
  0
LINE
  8
0
 10
2.21466
 20
-2.28334
 11
2.21083
 21
-2.28419
  0
LINE
  8
0
 10
2.21083
 20
-2.28419
 11
2.20697
 21
-2.2849
  0
LINE
  8
0
 10
2.20697
 20
-2.2849
 11
2.20308
 21
-2.28543
  0
LINE
  8
0
 10
2.20308
 20
-2.28543
 11
2.19917
 21
-2.2858
  0
LINE
  8
0
 10
2.19917
 20
-2.2858
 11
2.19525
 21
-2.28601
  0
LINE
  8
0
 10
2.19525
 20
-2.28601
 11
2.19131
 21
-2.28604
  0
LINE
  8
0
 10
2.19131
 20
-2.28604
 11
2.18739
 21
-2.28592
  0
LINE
  8
0
 10
-2.19525
 20
-2.28601
 11
-2.19917
 21
-2.2858
  0
LINE
  8
0
 10
-2.19917
 20
-2.2858
 11
-2.20308
 21
-2.28543
  0
LINE
  8
0
 10
-2.20308
 20
-2.28543
 11
-2.20697
 21
-2.2849
  0
LINE
  8
0
 10
-2.20697
 20
-2.2849
 11
-2.21083
 21
-2.28419
  0
LINE
  8
0
 10
-2.21083
 20
-2.28419
 11
-2.21466
 21
-2.28334
  0
LINE
  8
0
 10
-2.21466
 20
-2.28334
 11
-2.21846
 21
-2.28233
  0
LINE
  8
0
 10
-2.21846
 20
-2.28233
 11
-2.2222
 21
-2.28116
  0
LINE
  8
0
 10
-2.2222
 20
-2.28116
 11
-2.22591
 21
-2.27983
  0
LINE
  8
0
 10
-2.22591
 20
-2.27983
 11
-2.22954
 21
-2.27834
  0
LINE
  8
0
 10
-2.22954
 20
-2.27834
 11
-2.23311
 21
-2.2767
  0
LINE
  8
0
 10
-2.23311
 20
-2.2767
 11
-2.2366
 21
-2.27492
  0
LINE
  8
0
 10
-2.2366
 20
-2.27492
 11
-2.24002
 21
-2.27299
  0
LINE
  8
0
 10
-2.24002
 20
-2.27299
 11
-2.24336
 21
-2.27092
  0
LINE
  8
0
 10
-2.24336
 20
-2.27092
 11
-2.24661
 21
-2.26872
  0
LINE
  8
0
 10
-2.24661
 20
-2.26872
 11
-2.24976
 21
-2.26637
  0
LINE
  8
0
 10
-2.24976
 20
-2.26637
 11
-2.25281
 21
-2.2639
  0
LINE
  8
0
 10
-2.25281
 20
-2.2639
 11
-2.25575
 21
-2.26131
  0
LINE
  8
0
 10
-2.25575
 20
-2.26131
 11
-2.25859
 21
-2.25859
  0
LINE
  8
0
 10
-2.25859
 20
-2.25859
 11
-2.26131
 21
-2.25575
  0
LINE
  8
0
 10
-2.26131
 20
-2.25575
 11
-2.2639
 21
-2.25281
  0
LINE
  8
0
 10
-2.2639
 20
-2.25281
 11
-2.26637
 21
-2.24976
  0
LINE
  8
0
 10
-2.26637
 20
-2.24976
 11
-2.26872
 21
-2.24661
  0
LINE
  8
0
 10
-2.26872
 20
-2.24661
 11
-2.27092
 21
-2.24336
  0
LINE
  8
0
 10
-2.27092
 20
-2.24336
 11
-2.27299
 21
-2.24002
  0
LINE
  8
0
 10
-2.27299
 20
-2.24002
 11
-2.27492
 21
-2.2366
  0
LINE
  8
0
 10
-2.27492
 20
-2.2366
 11
-2.2767
 21
-2.23311
  0
LINE
  8
0
 10
-2.2767
 20
-2.23311
 11
-2.27834
 21
-2.22954
  0
LINE
  8
0
 10
-2.27834
 20
-2.22954
 11
-2.27983
 21
-2.22591
  0
LINE
  8
0
 10
-2.27983
 20
-2.22591
 11
-2.28116
 21
-2.2222
  0
LINE
  8
0
 10
-2.28116
 20
-2.2222
 11
-2.28233
 21
-2.21846
  0
LINE
  8
0
 10
-2.28233
 20
-2.21846
 11
-2.28334
 21
-2.21466
  0
LINE
  8
0
 10
-2.28334
 20
-2.21466
 11
-2.28419
 21
-2.21083
  0
LINE
  8
0
 10
-2.28419
 20
-2.21083
 11
-2.2849
 21
-2.20697
  0
LINE
  8
0
 10
-2.2849
 20
-2.20697
 11
-2.28543
 21
-2.20308
  0
LINE
  8
0
 10
-2.28543
 20
-2.20308
 11
-2.2858
 21
-2.19917
  0
LINE
  8
0
 10
-2.2858
 20
-2.19917
 11
-2.28601
 21
-2.19525
  0
LINE
  8
0
 10
-2.28601
 20
-2.19525
 11
-2.28604
 21
-2.19131
  0
LINE
  8
0
 10
-2.28604
 20
-2.19131
 11
-2.28592
 21
-2.18739
  0
LINE
  8
0
 10
-2.28592
 20
-2.18739
 11
-2.28563
 21
-2.18347
  0
LINE
  8
0
 10
-2.28563
 20
-2.18347
 11
-2.28519
 21
-2.17958
  0
LINE
  8
0
 10
-2.28519
 20
-2.17958
 11
-2.28458
 21
-2.1757
  0
LINE
  8
0
 10
-2.28458
 20
-2.1757
 11
-2.2838
 21
-2.17184
  0
LINE
  8
0
 10
-2.2838
 20
-2.17184
 11
-2.28285
 21
-2.16805
  0
LINE
  8
0
 10
-2.28285
 20
-2.16805
 11
-2.28177
 21
-2.16426
  0
LINE
  8
0
 10
-2.28177
 20
-2.16426
 11
-2.2805
 21
-2.16054
  0
LINE
  8
0
 10
-2.2805
 20
-2.16054
 11
-2.2791
 21
-2.15688
  0
LINE
  8
0
 10
-2.2791
 20
-2.15688
 11
-2.27754
 21
-2.15327
  0
LINE
  8
0
 10
-2.27754
 20
-2.15327
 11
-2.27583
 21
-2.14973
  0
LINE
  8
0
 10
-2.27583
 20
-2.14973
 11
-2.27397
 21
-2.14629
  0
LINE
  8
0
 10
-2.27397
 20
-2.14629
 11
-2.27197
 21
-2.1429
  0
LINE
  8
0
 10
-2.27197
 20
-2.1429
 11
-2.26984
 21
-2.1396
  0
LINE
  8
0
 10
-2.26984
 20
-2.1396
 11
-2.26756
 21
-2.1364
  0
LINE
  8
0
 10
-2.26756
 20
-2.1364
 11
-2.26515
 21
-2.1333
  0
LINE
  8
0
 10
-2.26515
 20
-2.1333
 11
-2.26262
 21
-2.13031
  0
LINE
  8
0
 10
-2.26262
 20
-2.13031
 11
-2.25996
 21
-2.12741
  0
LINE
  8
0
 10
-2.25996
 20
-2.12741
 11
-2.25719
 21
-2.12463
  0
LINE
  8
0
 10
-2.25719
 20
-2.12463
 11
-2.2543
 21
-2.12198
  0
LINE
  8
0
 10
-2.2543
 20
-2.12198
 11
-2.2513
 21
-2.11945
  0
LINE
  8
0
 10
-2.2513
 20
-2.11945
 11
-2.2482
 21
-2.11703
  0
LINE
  8
0
 10
-2.2482
 20
-2.11703
 11
-2.245
 21
-2.11476
  0
LINE
  8
0
 10
-2.245
 20
-2.11476
 11
-2.2417
 21
-2.11263
  0
LINE
  8
0
 10
-2.2417
 20
-2.11263
 11
-2.23833
 21
-2.11063
  0
LINE
  8
0
 10
-2.23833
 20
-2.11063
 11
-2.23486
 21
-2.10876
  0
LINE
  8
0
 10
-2.23486
 20
-2.10876
 11
-2.23132
 21
-2.10706
  0
LINE
  8
0
 10
-2.23132
 20
-2.10706
 11
-2.22772
 21
-2.1055
  0
LINE
  8
0
 10
-2.22772
 20
-2.1055
 11
-2.22406
 21
-2.1041
  0
LINE
  8
0
 10
-2.22406
 20
-2.1041
 11
-2.22034
 21
-2.10284
  0
LINE
  8
0
 10
-2.22034
 20
-2.10284
 11
-2.21657
 21
-2.10175
  0
LINE
  8
0
 10
-2.21657
 20
-2.10175
 11
-2.21275
 21
-2.10081
  0
LINE
  8
0
 10
-2.21275
 20
-2.10081
 11
-2.20891
 21
-2.10004
  0
LINE
  8
0
 10
-2.20891
 20
-2.10004
 11
-2.20503
 21
-2.09943
  0
LINE
  8
0
 10
-2.20503
 20
-2.09943
 11
-2.20113
 21
-2.09897
  0
LINE
  8
0
 10
-2.20113
 20
-2.09897
 11
-2.1972
 21
-2.09868
  0
LINE
  8
0
 10
-2.1972
 20
-2.09868
 11
-2.19328
 21
-2.09856
  0
LINE
  8
0
 10
-2.19328
 20
-2.09856
 11
-2.18936
 21
-2.0986
  0
LINE
  8
0
 10
-2.18936
 20
-2.0986
 11
-2.18544
 21
-2.0988
  0
LINE
  8
0
 10
-2.18544
 20
-2.0988
 11
-2.18153
 21
-2.09917
  0
LINE
  8
0
 10
-2.18153
 20
-2.09917
 11
-2.17764
 21
-2.0997
  0
LINE
  8
0
 10
-2.17764
 20
-2.0997
 11
-2.17377
 21
-2.1004
  0
LINE
  8
0
 10
-2.17377
 20
-2.1004
 11
-2.16994
 21
-2.10126
  0
LINE
  8
0
 10
-2.16994
 20
-2.10126
 11
-2.16615
 21
-2.10228
  0
LINE
  8
0
 10
-2.16615
 20
-2.10228
 11
-2.1624
 21
-2.10345
  0
LINE
  8
0
 10
-2.1624
 20
-2.10345
 11
-2.15871
 21
-2.10478
  0
LINE
  8
0
 10
-2.15871
 20
-2.10478
 11
-2.15508
 21
-2.10626
  0
LINE
  8
0
 10
-2.15508
 20
-2.10626
 11
-2.1515
 21
-2.10789
  0
LINE
  8
0
 10
-2.1515
 20
-2.10789
 11
-2.14799
 21
-2.10968
  0
LINE
  8
0
 10
-2.14799
 20
-2.10968
 11
-2.14458
 21
-2.1116
  0
LINE
  8
0
 10
-2.14458
 20
-2.1116
 11
-2.14124
 21
-2.11368
  0
LINE
  8
0
 10
-2.14124
 20
-2.11368
 11
-2.138
 21
-2.11589
  0
LINE
  8
0
 10
-2.138
 20
-2.11589
 11
-2.13484
 21
-2.11823
  0
LINE
  8
0
 10
-2.13484
 20
-2.11823
 11
-2.13179
 21
-2.1207
  0
LINE
  8
0
 10
-2.13179
 20
-2.1207
 11
-2.12885
 21
-2.12329
  0
LINE
  8
0
 10
-2.12885
 20
-2.12329
 11
-2.12601
 21
-2.12601
  0
LINE
  8
0
 10
-2.12601
 20
-2.12601
 11
-2.12329
 21
-2.12885
  0
LINE
  8
0
 10
-2.12329
 20
-2.12885
 11
-2.1207
 21
-2.13179
  0
LINE
  8
0
 10
-2.1207
 20
-2.13179
 11
-2.11823
 21
-2.13484
  0
LINE
  8
0
 10
-2.11823
 20
-2.13484
 11
-2.11589
 21
-2.138
  0
LINE
  8
0
 10
-2.11589
 20
-2.138
 11
-2.11368
 21
-2.14124
  0
LINE
  8
0
 10
-2.11368
 20
-2.14124
 11
-2.1116
 21
-2.14458
  0
LINE
  8
0
 10
-2.1116
 20
-2.14458
 11
-2.10968
 21
-2.14799
  0
LINE
  8
0
 10
-2.10968
 20
-2.14799
 11
-2.10789
 21
-2.1515
  0
LINE
  8
0
 10
-2.10789
 20
-2.1515
 11
-2.10626
 21
-2.15508
  0
LINE
  8
0
 10
-2.10626
 20
-2.15508
 11
-2.10478
 21
-2.15871
  0
LINE
  8
0
 10
-2.10478
 20
-2.15871
 11
-2.10345
 21
-2.1624
  0
LINE
  8
0
 10
-2.10345
 20
-2.1624
 11
-2.10228
 21
-2.16615
  0
LINE
  8
0
 10
-2.10228
 20
-2.16615
 11
-2.10126
 21
-2.16994
  0
LINE
  8
0
 10
-2.10126
 20
-2.16994
 11
-2.1004
 21
-2.17377
  0
LINE
  8
0
 10
-2.1004
 20
-2.17377
 11
-2.0997
 21
-2.17764
  0
LINE
  8
0
 10
-2.0997
 20
-2.17764
 11
-2.09917
 21
-2.18153
  0
LINE
  8
0
 10
-2.09917
 20
-2.18153
 11
-2.0988
 21
-2.18544
  0
LINE
  8
0
 10
-2.0988
 20
-2.18544
 11
-2.0986
 21
-2.18936
  0
LINE
  8
0
 10
-2.0986
 20
-2.18936
 11
-2.09856
 21
-2.19328
  0
LINE
  8
0
 10
-2.09856
 20
-2.19328
 11
-2.09868
 21
-2.1972
  0
LINE
  8
0
 10
-2.09868
 20
-2.1972
 11
-2.09897
 21
-2.20113
  0
LINE
  8
0
 10
-2.09897
 20
-2.20113
 11
-2.09943
 21
-2.20503
  0
LINE
  8
0
 10
-2.09943
 20
-2.20503
 11
-2.10004
 21
-2.20891
  0
LINE
  8
0
 10
-2.10004
 20
-2.20891
 11
-2.10081
 21
-2.21275
  0
LINE
  8
0
 10
-2.10081
 20
-2.21275
 11
-2.10175
 21
-2.21657
  0
LINE
  8
0
 10
-2.10175
 20
-2.21657
 11
-2.10284
 21
-2.22034
  0
LINE
  8
0
 10
-2.10284
 20
-2.22034
 11
-2.1041
 21
-2.22406
  0
LINE
  8
0
 10
-2.1041
 20
-2.22406
 11
-2.1055
 21
-2.22772
  0
LINE
  8
0
 10
-2.1055
 20
-2.22772
 11
-2.10706
 21
-2.23132
  0
LINE
  8
0
 10
-2.10706
 20
-2.23132
 11
-2.10876
 21
-2.23486
  0
LINE
  8
0
 10
-2.10876
 20
-2.23486
 11
-2.11063
 21
-2.23833
  0
LINE
  8
0
 10
-2.11063
 20
-2.23833
 11
-2.11263
 21
-2.2417
  0
LINE
  8
0
 10
-2.11263
 20
-2.2417
 11
-2.11476
 21
-2.245
  0
LINE
  8
0
 10
-2.11476
 20
-2.245
 11
-2.11703
 21
-2.2482
  0
LINE
  8
0
 10
-2.11703
 20
-2.2482
 11
-2.11945
 21
-2.2513
  0
LINE
  8
0
 10
-2.11945
 20
-2.2513
 11
-2.12198
 21
-2.2543
  0
LINE
  8
0
 10
-2.12198
 20
-2.2543
 11
-2.12463
 21
-2.25719
  0
LINE
  8
0
 10
-2.12463
 20
-2.25719
 11
-2.12741
 21
-2.25996
  0
LINE
  8
0
 10
-2.12741
 20
-2.25996
 11
-2.13031
 21
-2.26262
  0
LINE
  8
0
 10
-2.13031
 20
-2.26262
 11
-2.1333
 21
-2.26515
  0
LINE
  8
0
 10
-2.1333
 20
-2.26515
 11
-2.1364
 21
-2.26756
  0
LINE
  8
0
 10
-2.1364
 20
-2.26756
 11
-2.1396
 21
-2.26984
  0
LINE
  8
0
 10
-2.1396
 20
-2.26984
 11
-2.1429
 21
-2.27197
  0
LINE
  8
0
 10
-2.1429
 20
-2.27197
 11
-2.14629
 21
-2.27397
  0
LINE
  8
0
 10
-2.14629
 20
-2.27397
 11
-2.14973
 21
-2.27583
  0
LINE
  8
0
 10
-2.14973
 20
-2.27583
 11
-2.15327
 21
-2.27754
  0
LINE
  8
0
 10
-2.15327
 20
-2.27754
 11
-2.15688
 21
-2.2791
  0
LINE
  8
0
 10
-2.15688
 20
-2.2791
 11
-2.16054
 21
-2.2805
  0
LINE
  8
0
 10
-2.16054
 20
-2.2805
 11
-2.16426
 21
-2.28177
  0
LINE
  8
0
 10
-2.16426
 20
-2.28177
 11
-2.16805
 21
-2.28285
  0
LINE
  8
0
 10
-2.16805
 20
-2.28285
 11
-2.17184
 21
-2.2838
  0
LINE
  8
0
 10
-2.17184
 20
-2.2838
 11
-2.1757
 21
-2.28458
  0
LINE
  8
0
 10
-2.1757
 20
-2.28458
 11
-2.17958
 21
-2.28519
  0
LINE
  8
0
 10
-2.17958
 20
-2.28519
 11
-2.18347
 21
-2.28563
  0
LINE
  8
0
 10
-2.18347
 20
-2.28563
 11
-2.18739
 21
-2.28592
  0
LINE
  8
0
 10
-2.18739
 20
-2.28592
 11
-2.19131
 21
-2.28604
  0
LINE
  8
0
 10
-2.19131
 20
-2.28604
 11
-2.19525
 21
-2.28601
  0
LINE
  8
0
 10
2.5921
 20
-2.80934
 11
2.58348
 21
-2.8087
  0
LINE
  8
0
 10
2.58348
 20
-2.8087
 11
2.57487
 21
-2.80771
  0
LINE
  8
0
 10
2.57487
 20
-2.80771
 11
2.56633
 21
-2.80635
  0
LINE
  8
0
 10
2.56633
 20
-2.80635
 11
2.55783
 21
-2.80464
  0
LINE
  8
0
 10
2.55783
 20
-2.80464
 11
2.54942
 21
-2.80258
  0
LINE
  8
0
 10
2.54942
 20
-2.80258
 11
2.54112
 21
-2.80016
  0
LINE
  8
0
 10
2.54112
 20
-2.80016
 11
2.53291
 21
-2.79739
  0
LINE
  8
0
 10
2.53291
 20
-2.79739
 11
2.52483
 21
-2.7943
  0
LINE
  8
0
 10
2.52483
 20
-2.7943
 11
2.51688
 21
-2.79086
  0
LINE
  8
0
 10
2.51688
 20
-2.79086
 11
2.50909
 21
-2.78709
  0
LINE
  8
0
 10
2.50909
 20
-2.78709
 11
2.50146
 21
-2.783
  0
LINE
  8
0
 10
2.50146
 20
-2.783
 11
2.494
 21
-2.77859
  0
LINE
  8
0
 10
2.494
 20
-2.77859
 11
2.48674
 21
-2.77388
  0
LINE
  8
0
 10
2.48674
 20
-2.77388
 11
2.47969
 21
-2.76886
  0
LINE
  8
0
 10
2.47969
 20
-2.76886
 11
2.47285
 21
-2.76355
  0
LINE
  8
0
 10
2.47285
 20
-2.76355
 11
2.46623
 21
-2.75797
  0
LINE
  8
0
 10
2.46623
 20
-2.75797
 11
2.45987
 21
-2.75211
  0
LINE
  8
0
 10
2.45987
 20
-2.75211
 11
2.45374
 21
-2.74599
  0
LINE
  8
0
 10
2.45374
 20
-2.74599
 11
2.44788
 21
-2.73961
  0
LINE
  8
0
 10
2.44788
 20
-2.73961
 11
2.44229
 21
-2.733
  0
LINE
  8
0
 10
2.44229
 20
-2.733
 11
2.43698
 21
-2.72617
  0
LINE
  8
0
 10
2.43698
 20
-2.72617
 11
2.43198
 21
-2.7191
  0
LINE
  8
0
 10
2.43198
 20
-2.7191
 11
2.42726
 21
-2.71184
  0
LINE
  8
0
 10
2.42726
 20
-2.71184
 11
2.42285
 21
-2.70439
  0
LINE
  8
0
 10
2.42285
 20
-2.70439
 11
2.41876
 21
-2.69676
  0
LINE
  8
0
 10
2.41876
 20
-2.69676
 11
2.41499
 21
-2.68896
  0
LINE
  8
0
 10
2.41499
 20
-2.68896
 11
2.41156
 21
-2.68102
  0
LINE
  8
0
 10
2.41156
 20
-2.68102
 11
2.40845
 21
-2.67294
  0
LINE
  8
0
 10
2.40845
 20
-2.67294
 11
2.40569
 21
-2.66473
  0
LINE
  8
0
 10
2.40569
 20
-2.66473
 11
2.40327
 21
-2.65642
  0
LINE
  8
0
 10
2.40327
 20
-2.65642
 11
2.40121
 21
-2.64801
  0
LINE
  8
0
 10
2.40121
 20
-2.64801
 11
2.39951
 21
-2.63953
  0
LINE
  8
0
 10
2.39951
 20
-2.63953
 11
2.39815
 21
-2.63098
  0
LINE
  8
0
 10
2.39815
 20
-2.63098
 11
2.39716
 21
-2.62238
  0
LINE
  8
0
 10
2.39716
 20
-2.62238
 11
2.39651
 21
-2.61374
  0
LINE
  8
0
 10
2.39651
 20
-2.61374
 11
2.39624
 21
-2.60509
  0
LINE
  8
0
 10
2.39624
 20
-2.60509
 11
2.39633
 21
-2.59644
  0
LINE
  8
0
 10
2.39633
 20
-2.59644
 11
2.39679
 21
-2.58778
  0
LINE
  8
0
 10
2.39679
 20
-2.58778
 11
2.3976
 21
-2.57916
  0
LINE
  8
0
 10
2.3976
 20
-2.57916
 11
2.39877
 21
-2.57059
  0
LINE
  8
0
 10
2.39877
 20
-2.57059
 11
2.40031
 21
-2.56207
  0
LINE
  8
0
 10
2.40031
 20
-2.56207
 11
2.40219
 21
-2.55362
  0
LINE
  8
0
 10
2.40219
 20
-2.55362
 11
2.40443
 21
-2.54526
  0
LINE
  8
0
 10
2.40443
 20
-2.54526
 11
2.40703
 21
-2.537
  0
LINE
  8
0
 10
2.40703
 20
-2.537
 11
2.40996
 21
-2.52885
  0
LINE
  8
0
 10
2.40996
 20
-2.52885
 11
2.41324
 21
-2.52084
  0
LINE
  8
0
 10
2.41324
 20
-2.52084
 11
2.41684
 21
-2.51297
  0
LINE
  8
0
 10
2.41684
 20
-2.51297
 11
2.42076
 21
-2.50525
  0
LINE
  8
0
 10
2.42076
 20
-2.50525
 11
2.42502
 21
-2.49771
  0
LINE
  8
0
 10
2.42502
 20
-2.49771
 11
2.42958
 21
-2.49036
  0
LINE
  8
0
 10
2.42958
 20
-2.49036
 11
2.43445
 21
-2.48318
  0
LINE
  8
0
 10
2.43445
 20
-2.48318
 11
2.43961
 21
-2.47624
  0
LINE
  8
0
 10
2.43961
 20
-2.47624
 11
2.44505
 21
-2.46951
  0
LINE
  8
0
 10
2.44505
 20
-2.46951
 11
2.45078
 21
-2.46301
  0
LINE
  8
0
 10
2.45078
 20
-2.46301
 11
2.45677
 21
-2.45677
  0
LINE
  8
0
 10
2.45677
 20
-2.45677
 11
2.46301
 21
-2.45078
  0
LINE
  8
0
 10
2.46301
 20
-2.45078
 11
2.46951
 21
-2.44505
  0
LINE
  8
0
 10
2.46951
 20
-2.44505
 11
2.47624
 21
-2.43961
  0
LINE
  8
0
 10
2.47624
 20
-2.43961
 11
2.48318
 21
-2.43445
  0
LINE
  8
0
 10
2.48318
 20
-2.43445
 11
2.49036
 21
-2.42958
  0
LINE
  8
0
 10
2.49036
 20
-2.42958
 11
2.49771
 21
-2.42502
  0
LINE
  8
0
 10
2.49771
 20
-2.42502
 11
2.50525
 21
-2.42076
  0
LINE
  8
0
 10
2.50525
 20
-2.42076
 11
2.51297
 21
-2.41684
  0
LINE
  8
0
 10
2.51297
 20
-2.41684
 11
2.52084
 21
-2.41324
  0
LINE
  8
0
 10
2.52084
 20
-2.41324
 11
2.52885
 21
-2.40996
  0
LINE
  8
0
 10
2.52885
 20
-2.40996
 11
2.537
 21
-2.40703
  0
LINE
  8
0
 10
2.537
 20
-2.40703
 11
2.54526
 21
-2.40443
  0
LINE
  8
0
 10
2.54526
 20
-2.40443
 11
2.55362
 21
-2.40219
  0
LINE
  8
0
 10
2.55362
 20
-2.40219
 11
2.56207
 21
-2.40031
  0
LINE
  8
0
 10
2.56207
 20
-2.40031
 11
2.57059
 21
-2.39877
  0
LINE
  8
0
 10
2.57059
 20
-2.39877
 11
2.57916
 21
-2.3976
  0
LINE
  8
0
 10
2.57916
 20
-2.3976
 11
2.58778
 21
-2.39679
  0
LINE
  8
0
 10
2.58778
 20
-2.39679
 11
2.59644
 21
-2.39633
  0
LINE
  8
0
 10
2.59644
 20
-2.39633
 11
2.60509
 21
-2.39624
  0
LINE
  8
0
 10
2.60509
 20
-2.39624
 11
2.61374
 21
-2.39651
  0
LINE
  8
0
 10
2.61374
 20
-2.39651
 11
2.62238
 21
-2.39716
  0
LINE
  8
0
 10
2.62238
 20
-2.39716
 11
2.63098
 21
-2.39815
  0
LINE
  8
0
 10
2.63098
 20
-2.39815
 11
2.63953
 21
-2.39951
  0
LINE
  8
0
 10
2.63953
 20
-2.39951
 11
2.64801
 21
-2.40121
  0
LINE
  8
0
 10
2.64801
 20
-2.40121
 11
2.65642
 21
-2.40327
  0
LINE
  8
0
 10
2.65642
 20
-2.40327
 11
2.66473
 21
-2.40569
  0
LINE
  8
0
 10
2.66473
 20
-2.40569
 11
2.67294
 21
-2.40845
  0
LINE
  8
0
 10
2.67294
 20
-2.40845
 11
2.68102
 21
-2.41156
  0
LINE
  8
0
 10
2.68102
 20
-2.41156
 11
2.68896
 21
-2.41499
  0
LINE
  8
0
 10
2.68896
 20
-2.41499
 11
2.69676
 21
-2.41876
  0
LINE
  8
0
 10
2.69676
 20
-2.41876
 11
2.70439
 21
-2.42285
  0
LINE
  8
0
 10
2.70439
 20
-2.42285
 11
2.71184
 21
-2.42726
  0
LINE
  8
0
 10
2.71184
 20
-2.42726
 11
2.7191
 21
-2.43198
  0
LINE
  8
0
 10
2.7191
 20
-2.43198
 11
2.72617
 21
-2.43698
  0
LINE
  8
0
 10
2.72617
 20
-2.43698
 11
2.733
 21
-2.44229
  0
LINE
  8
0
 10
2.733
 20
-2.44229
 11
2.73961
 21
-2.44788
  0
LINE
  8
0
 10
2.73961
 20
-2.44788
 11
2.74599
 21
-2.45374
  0
LINE
  8
0
 10
2.74599
 20
-2.45374
 11
2.75211
 21
-2.45987
  0
LINE
  8
0
 10
2.75211
 20
-2.45987
 11
2.75797
 21
-2.46623
  0
LINE
  8
0
 10
2.75797
 20
-2.46623
 11
2.76355
 21
-2.47285
  0
LINE
  8
0
 10
2.76355
 20
-2.47285
 11
2.76886
 21
-2.47969
  0
LINE
  8
0
 10
2.76886
 20
-2.47969
 11
2.77388
 21
-2.48674
  0
LINE
  8
0
 10
2.77388
 20
-2.48674
 11
2.77859
 21
-2.494
  0
LINE
  8
0
 10
2.77859
 20
-2.494
 11
2.783
 21
-2.50146
  0
LINE
  8
0
 10
2.783
 20
-2.50146
 11
2.78709
 21
-2.50909
  0
LINE
  8
0
 10
2.78709
 20
-2.50909
 11
2.79086
 21
-2.51688
  0
LINE
  8
0
 10
2.79086
 20
-2.51688
 11
2.7943
 21
-2.52483
  0
LINE
  8
0
 10
2.7943
 20
-2.52483
 11
2.79739
 21
-2.53291
  0
LINE
  8
0
 10
2.79739
 20
-2.53291
 11
2.80016
 21
-2.54112
  0
LINE
  8
0
 10
2.80016
 20
-2.54112
 11
2.80258
 21
-2.54942
  0
LINE
  8
0
 10
2.80258
 20
-2.54942
 11
2.80464
 21
-2.55783
  0
LINE
  8
0
 10
2.80464
 20
-2.55783
 11
2.80635
 21
-2.56633
  0
LINE
  8
0
 10
2.80635
 20
-2.56633
 11
2.80771
 21
-2.57487
  0
LINE
  8
0
 10
2.80771
 20
-2.57487
 11
2.8087
 21
-2.58348
  0
LINE
  8
0
 10
2.8087
 20
-2.58348
 11
2.80934
 21
-2.5921
  0
LINE
  8
0
 10
2.80934
 20
-2.5921
 11
2.8096
 21
-2.60075
  0
LINE
  8
0
 10
2.8096
 20
-2.60075
 11
2.80951
 21
-2.60942
  0
LINE
  8
0
 10
2.80951
 20
-2.60942
 11
2.80907
 21
-2.61806
  0
LINE
  8
0
 10
2.80907
 20
-2.61806
 11
2.80824
 21
-2.62668
  0
LINE
  8
0
 10
2.80824
 20
-2.62668
 11
2.80707
 21
-2.63525
  0
LINE
  8
0
 10
2.80707
 20
-2.63525
 11
2.80554
 21
-2.64378
  0
LINE
  8
0
 10
2.80554
 20
-2.64378
 11
2.80365
 21
-2.65222
  0
LINE
  8
0
 10
2.80365
 20
-2.65222
 11
2.80141
 21
-2.66058
  0
LINE
  8
0
 10
2.80141
 20
-2.66058
 11
2.79883
 21
-2.66885
  0
LINE
  8
0
 10
2.79883
 20
-2.66885
 11
2.79588
 21
-2.677
  0
LINE
  8
0
 10
2.79588
 20
-2.677
 11
2.79262
 21
-2.68501
  0
LINE
  8
0
 10
2.79262
 20
-2.68501
 11
2.78902
 21
-2.69289
  0
LINE
  8
0
 10
2.78902
 20
-2.69289
 11
2.78508
 21
-2.70059
  0
LINE
  8
0
 10
2.78508
 20
-2.70059
 11
2.78084
 21
-2.70815
  0
LINE
  8
0
 10
2.78084
 20
-2.70815
 11
2.77628
 21
-2.7155
  0
LINE
  8
0
 10
2.77628
 20
-2.7155
 11
2.77141
 21
-2.72266
  0
LINE
  8
0
 10
2.77141
 20
-2.72266
 11
2.76625
 21
-2.72961
  0
LINE
  8
0
 10
2.76625
 20
-2.72961
 11
2.7608
 21
-2.73634
  0
LINE
  8
0
 10
2.7608
 20
-2.73634
 11
2.75507
 21
-2.74283
  0
LINE
  8
0
 10
2.75507
 20
-2.74283
 11
2.74908
 21
-2.74908
  0
LINE
  8
0
 10
2.74908
 20
-2.74908
 11
2.74283
 21
-2.75507
  0
LINE
  8
0
 10
2.74283
 20
-2.75507
 11
2.73634
 21
-2.7608
  0
LINE
  8
0
 10
2.73634
 20
-2.7608
 11
2.72961
 21
-2.76625
  0
LINE
  8
0
 10
2.72961
 20
-2.76625
 11
2.72266
 21
-2.77141
  0
LINE
  8
0
 10
2.72266
 20
-2.77141
 11
2.7155
 21
-2.77628
  0
LINE
  8
0
 10
2.7155
 20
-2.77628
 11
2.70815
 21
-2.78084
  0
LINE
  8
0
 10
2.70815
 20
-2.78084
 11
2.70059
 21
-2.78508
  0
LINE
  8
0
 10
2.70059
 20
-2.78508
 11
2.69289
 21
-2.78902
  0
LINE
  8
0
 10
2.69289
 20
-2.78902
 11
2.68501
 21
-2.79262
  0
LINE
  8
0
 10
2.68501
 20
-2.79262
 11
2.677
 21
-2.79588
  0
LINE
  8
0
 10
2.677
 20
-2.79588
 11
2.66885
 21
-2.79883
  0
LINE
  8
0
 10
2.66885
 20
-2.79883
 11
2.66058
 21
-2.80141
  0
LINE
  8
0
 10
2.66058
 20
-2.80141
 11
2.65222
 21
-2.80365
  0
LINE
  8
0
 10
2.65222
 20
-2.80365
 11
2.64378
 21
-2.80554
  0
LINE
  8
0
 10
2.64378
 20
-2.80554
 11
2.63525
 21
-2.80707
  0
LINE
  8
0
 10
2.63525
 20
-2.80707
 11
2.62668
 21
-2.80824
  0
LINE
  8
0
 10
2.62668
 20
-2.80824
 11
2.61806
 21
-2.80907
  0
LINE
  8
0
 10
2.61806
 20
-2.80907
 11
2.60942
 21
-2.80951
  0
LINE
  8
0
 10
2.60942
 20
-2.80951
 11
2.60075
 21
-2.8096
  0
LINE
  8
0
 10
2.60075
 20
-2.8096
 11
2.5921
 21
-2.80934
  0
LINE
  8
0
 10
-2.60942
 20
-2.80951
 11
-2.61806
 21
-2.80907
  0
LINE
  8
0
 10
-2.61806
 20
-2.80907
 11
-2.62668
 21
-2.80824
  0
LINE
  8
0
 10
-2.62668
 20
-2.80824
 11
-2.63525
 21
-2.80707
  0
LINE
  8
0
 10
-2.63525
 20
-2.80707
 11
-2.64378
 21
-2.80554
  0
LINE
  8
0
 10
-2.64378
 20
-2.80554
 11
-2.65222
 21
-2.80365
  0
LINE
  8
0
 10
-2.65222
 20
-2.80365
 11
-2.66058
 21
-2.80141
  0
LINE
  8
0
 10
-2.66058
 20
-2.80141
 11
-2.66885
 21
-2.79883
  0
LINE
  8
0
 10
-2.66885
 20
-2.79883
 11
-2.677
 21
-2.79588
  0
LINE
  8
0
 10
-2.677
 20
-2.79588
 11
-2.68501
 21
-2.79262
  0
LINE
  8
0
 10
-2.68501
 20
-2.79262
 11
-2.69289
 21
-2.78902
  0
LINE
  8
0
 10
-2.69289
 20
-2.78902
 11
-2.70059
 21
-2.78508
  0
LINE
  8
0
 10
-2.70059
 20
-2.78508
 11
-2.70815
 21
-2.78084
  0
LINE
  8
0
 10
-2.70815
 20
-2.78084
 11
-2.7155
 21
-2.77628
  0
LINE
  8
0
 10
-2.7155
 20
-2.77628
 11
-2.72266
 21
-2.77141
  0
LINE
  8
0
 10
-2.72266
 20
-2.77141
 11
-2.72961
 21
-2.76625
  0
LINE
  8
0
 10
-2.72961
 20
-2.76625
 11
-2.73634
 21
-2.7608
  0
LINE
  8
0
 10
-2.73634
 20
-2.7608
 11
-2.74283
 21
-2.75507
  0
LINE
  8
0
 10
-2.74283
 20
-2.75507
 11
-2.74908
 21
-2.74908
  0
LINE
  8
0
 10
-2.74908
 20
-2.74908
 11
-2.75507
 21
-2.74283
  0
LINE
  8
0
 10
-2.75507
 20
-2.74283
 11
-2.7608
 21
-2.73634
  0
LINE
  8
0
 10
-2.7608
 20
-2.73634
 11
-2.76625
 21
-2.72961
  0
LINE
  8
0
 10
-2.76625
 20
-2.72961
 11
-2.77141
 21
-2.72266
  0
LINE
  8
0
 10
-2.77141
 20
-2.72266
 11
-2.77628
 21
-2.7155
  0
LINE
  8
0
 10
-2.77628
 20
-2.7155
 11
-2.78084
 21
-2.70815
  0
LINE
  8
0
 10
-2.78084
 20
-2.70815
 11
-2.78508
 21
-2.70059
  0
LINE
  8
0
 10
-2.78508
 20
-2.70059
 11
-2.78902
 21
-2.69289
  0
LINE
  8
0
 10
-2.78902
 20
-2.69289
 11
-2.79262
 21
-2.68501
  0
LINE
  8
0
 10
-2.79262
 20
-2.68501
 11
-2.79588
 21
-2.677
  0
LINE
  8
0
 10
-2.79588
 20
-2.677
 11
-2.79883
 21
-2.66885
  0
LINE
  8
0
 10
-2.79883
 20
-2.66885
 11
-2.80141
 21
-2.66058
  0
LINE
  8
0
 10
-2.80141
 20
-2.66058
 11
-2.80365
 21
-2.65222
  0
LINE
  8
0
 10
-2.80365
 20
-2.65222
 11
-2.80554
 21
-2.64378
  0
LINE
  8
0
 10
-2.80554
 20
-2.64378
 11
-2.80707
 21
-2.63525
  0
LINE
  8
0
 10
-2.80707
 20
-2.63525
 11
-2.80824
 21
-2.62668
  0
LINE
  8
0
 10
-2.80824
 20
-2.62668
 11
-2.80907
 21
-2.61806
  0
LINE
  8
0
 10
-2.80907
 20
-2.61806
 11
-2.80951
 21
-2.60942
  0
LINE
  8
0
 10
-2.80951
 20
-2.60942
 11
-2.8096
 21
-2.60075
  0
LINE
  8
0
 10
-2.8096
 20
-2.60075
 11
-2.80934
 21
-2.5921
  0
LINE
  8
0
 10
-2.80934
 20
-2.5921
 11
-2.8087
 21
-2.58348
  0
LINE
  8
0
 10
-2.8087
 20
-2.58348
 11
-2.80771
 21
-2.57487
  0
LINE
  8
0
 10
-2.80771
 20
-2.57487
 11
-2.80635
 21
-2.56633
  0
LINE
  8
0
 10
-2.80635
 20
-2.56633
 11
-2.80464
 21
-2.55783
  0
LINE
  8
0
 10
-2.80464
 20
-2.55783
 11
-2.80258
 21
-2.54942
  0
LINE
  8
0
 10
-2.80258
 20
-2.54942
 11
-2.80016
 21
-2.54112
  0
LINE
  8
0
 10
-2.80016
 20
-2.54112
 11
-2.79739
 21
-2.53291
  0
LINE
  8
0
 10
-2.79739
 20
-2.53291
 11
-2.7943
 21
-2.52483
  0
LINE
  8
0
 10
-2.7943
 20
-2.52483
 11
-2.79086
 21
-2.51688
  0
LINE
  8
0
 10
-2.79086
 20
-2.51688
 11
-2.78709
 21
-2.50909
  0
LINE
  8
0
 10
-2.78709
 20
-2.50909
 11
-2.783
 21
-2.50146
  0
LINE
  8
0
 10
-2.783
 20
-2.50146
 11
-2.77859
 21
-2.494
  0
LINE
  8
0
 10
-2.77859
 20
-2.494
 11
-2.77388
 21
-2.48674
  0
LINE
  8
0
 10
-2.77388
 20
-2.48674
 11
-2.76886
 21
-2.47969
  0
LINE
  8
0
 10
-2.76886
 20
-2.47969
 11
-2.76355
 21
-2.47285
  0
LINE
  8
0
 10
-2.76355
 20
-2.47285
 11
-2.75797
 21
-2.46623
  0
LINE
  8
0
 10
-2.75797
 20
-2.46623
 11
-2.75211
 21
-2.45987
  0
LINE
  8
0
 10
-2.75211
 20
-2.45987
 11
-2.74599
 21
-2.45374
  0
LINE
  8
0
 10
-2.74599
 20
-2.45374
 11
-2.73961
 21
-2.44788
  0
LINE
  8
0
 10
-2.73961
 20
-2.44788
 11
-2.733
 21
-2.44229
  0
LINE
  8
0
 10
-2.733
 20
-2.44229
 11
-2.72617
 21
-2.43698
  0
LINE
  8
0
 10
-2.72617
 20
-2.43698
 11
-2.7191
 21
-2.43198
  0
LINE
  8
0
 10
-2.7191
 20
-2.43198
 11
-2.71184
 21
-2.42726
  0
LINE
  8
0
 10
-2.71184
 20
-2.42726
 11
-2.70439
 21
-2.42285
  0
LINE
  8
0
 10
-2.70439
 20
-2.42285
 11
-2.69676
 21
-2.41876
  0
LINE
  8
0
 10
-2.69676
 20
-2.41876
 11
-2.68896
 21
-2.41499
  0
LINE
  8
0
 10
-2.68896
 20
-2.41499
 11
-2.68102
 21
-2.41156
  0
LINE
  8
0
 10
-2.68102
 20
-2.41156
 11
-2.67294
 21
-2.40845
  0
LINE
  8
0
 10
-2.67294
 20
-2.40845
 11
-2.66473
 21
-2.40569
  0
LINE
  8
0
 10
-2.66473
 20
-2.40569
 11
-2.65642
 21
-2.40327
  0
LINE
  8
0
 10
-2.65642
 20
-2.40327
 11
-2.64801
 21
-2.40121
  0
LINE
  8
0
 10
-2.64801
 20
-2.40121
 11
-2.63953
 21
-2.39951
  0
LINE
  8
0
 10
-2.63953
 20
-2.39951
 11
-2.63098
 21
-2.39815
  0
LINE
  8
0
 10
-2.63098
 20
-2.39815
 11
-2.62238
 21
-2.39716
  0
LINE
  8
0
 10
-2.62238
 20
-2.39716
 11
-2.61374
 21
-2.39651
  0
LINE
  8
0
 10
-2.61374
 20
-2.39651
 11
-2.60509
 21
-2.39624
  0
LINE
  8
0
 10
-2.60509
 20
-2.39624
 11
-2.59644
 21
-2.39633
  0
LINE
  8
0
 10
-2.59644
 20
-2.39633
 11
-2.58778
 21
-2.39679
  0
LINE
  8
0
 10
-2.58778
 20
-2.39679
 11
-2.57916
 21
-2.3976
  0
LINE
  8
0
 10
-2.57916
 20
-2.3976
 11
-2.57059
 21
-2.39877
  0
LINE
  8
0
 10
-2.57059
 20
-2.39877
 11
-2.56207
 21
-2.40031
  0
LINE
  8
0
 10
-2.56207
 20
-2.40031
 11
-2.55362
 21
-2.40219
  0
LINE
  8
0
 10
-2.55362
 20
-2.40219
 11
-2.54526
 21
-2.40443
  0
LINE
  8
0
 10
-2.54526
 20
-2.40443
 11
-2.537
 21
-2.40703
  0
LINE
  8
0
 10
-2.537
 20
-2.40703
 11
-2.52885
 21
-2.40996
  0
LINE
  8
0
 10
-2.52885
 20
-2.40996
 11
-2.52084
 21
-2.41324
  0
LINE
  8
0
 10
-2.52084
 20
-2.41324
 11
-2.51297
 21
-2.41684
  0
LINE
  8
0
 10
-2.51297
 20
-2.41684
 11
-2.50525
 21
-2.42076
  0
LINE
  8
0
 10
-2.50525
 20
-2.42076
 11
-2.49771
 21
-2.42502
  0
LINE
  8
0
 10
-2.49771
 20
-2.42502
 11
-2.49036
 21
-2.42958
  0
LINE
  8
0
 10
-2.49036
 20
-2.42958
 11
-2.48318
 21
-2.43445
  0
LINE
  8
0
 10
-2.48318
 20
-2.43445
 11
-2.47624
 21
-2.43961
  0
LINE
  8
0
 10
-2.47624
 20
-2.43961
 11
-2.46951
 21
-2.44505
  0
LINE
  8
0
 10
-2.46951
 20
-2.44505
 11
-2.46301
 21
-2.45078
  0
LINE
  8
0
 10
-2.46301
 20
-2.45078
 11
-2.45677
 21
-2.45677
  0
LINE
  8
0
 10
-2.45677
 20
-2.45677
 11
-2.45078
 21
-2.46301
  0
LINE
  8
0
 10
-2.45078
 20
-2.46301
 11
-2.44505
 21
-2.46951
  0
LINE
  8
0
 10
-2.44505
 20
-2.46951
 11
-2.43961
 21
-2.47624
  0
LINE
  8
0
 10
-2.43961
 20
-2.47624
 11
-2.43445
 21
-2.48318
  0
LINE
  8
0
 10
-2.43445
 20
-2.48318
 11
-2.42958
 21
-2.49036
  0
LINE
  8
0
 10
-2.42958
 20
-2.49036
 11
-2.42502
 21
-2.49771
  0
LINE
  8
0
 10
-2.42502
 20
-2.49771
 11
-2.42076
 21
-2.50525
  0
LINE
  8
0
 10
-2.42076
 20
-2.50525
 11
-2.41684
 21
-2.51297
  0
LINE
  8
0
 10
-2.41684
 20
-2.51297
 11
-2.41324
 21
-2.52084
  0
LINE
  8
0
 10
-2.41324
 20
-2.52084
 11
-2.40996
 21
-2.52885
  0
LINE
  8
0
 10
-2.40996
 20
-2.52885
 11
-2.40703
 21
-2.537
  0
LINE
  8
0
 10
-2.40703
 20
-2.537
 11
-2.40443
 21
-2.54526
  0
LINE
  8
0
 10
-2.40443
 20
-2.54526
 11
-2.40219
 21
-2.55362
  0
LINE
  8
0
 10
-2.40219
 20
-2.55362
 11
-2.40031
 21
-2.56207
  0
LINE
  8
0
 10
-2.40031
 20
-2.56207
 11
-2.39877
 21
-2.57059
  0
LINE
  8
0
 10
-2.39877
 20
-2.57059
 11
-2.3976
 21
-2.57916
  0
LINE
  8
0
 10
-2.3976
 20
-2.57916
 11
-2.39679
 21
-2.58778
  0
LINE
  8
0
 10
-2.39679
 20
-2.58778
 11
-2.39633
 21
-2.59644
  0
LINE
  8
0
 10
-2.39633
 20
-2.59644
 11
-2.39624
 21
-2.60509
  0
LINE
  8
0
 10
-2.39624
 20
-2.60509
 11
-2.39651
 21
-2.61374
  0
LINE
  8
0
 10
-2.39651
 20
-2.61374
 11
-2.39716
 21
-2.62238
  0
LINE
  8
0
 10
-2.39716
 20
-2.62238
 11
-2.39815
 21
-2.63098
  0
LINE
  8
0
 10
-2.39815
 20
-2.63098
 11
-2.39951
 21
-2.63953
  0
LINE
  8
0
 10
-2.39951
 20
-2.63953
 11
-2.40121
 21
-2.64801
  0
LINE
  8
0
 10
-2.40121
 20
-2.64801
 11
-2.40327
 21
-2.65642
  0
LINE
  8
0
 10
-2.40327
 20
-2.65642
 11
-2.40569
 21
-2.66473
  0
LINE
  8
0
 10
-2.40569
 20
-2.66473
 11
-2.40845
 21
-2.67294
  0
LINE
  8
0
 10
-2.40845
 20
-2.67294
 11
-2.41156
 21
-2.68102
  0
LINE
  8
0
 10
-2.41156
 20
-2.68102
 11
-2.41499
 21
-2.68896
  0
LINE
  8
0
 10
-2.41499
 20
-2.68896
 11
-2.41876
 21
-2.69676
  0
LINE
  8
0
 10
-2.41876
 20
-2.69676
 11
-2.42285
 21
-2.70439
  0
LINE
  8
0
 10
-2.42285
 20
-2.70439
 11
-2.42726
 21
-2.71184
  0
LINE
  8
0
 10
-2.42726
 20
-2.71184
 11
-2.43198
 21
-2.7191
  0
LINE
  8
0
 10
-2.43198
 20
-2.7191
 11
-2.43698
 21
-2.72617
  0
LINE
  8
0
 10
-2.43698
 20
-2.72617
 11
-2.44229
 21
-2.733
  0
LINE
  8
0
 10
-2.44229
 20
-2.733
 11
-2.44788
 21
-2.73961
  0
LINE
  8
0
 10
-2.44788
 20
-2.73961
 11
-2.45374
 21
-2.74599
  0
LINE
  8
0
 10
-2.45374
 20
-2.74599
 11
-2.45987
 21
-2.75211
  0
LINE
  8
0
 10
-2.45987
 20
-2.75211
 11
-2.46623
 21
-2.75797
  0
LINE
  8
0
 10
-2.46623
 20
-2.75797
 11
-2.47285
 21
-2.76355
  0
LINE
  8
0
 10
-2.47285
 20
-2.76355
 11
-2.47969
 21
-2.76886
  0
LINE
  8
0
 10
-2.47969
 20
-2.76886
 11
-2.48674
 21
-2.77388
  0
LINE
  8
0
 10
-2.48674
 20
-2.77388
 11
-2.494
 21
-2.77859
  0
LINE
  8
0
 10
-2.494
 20
-2.77859
 11
-2.50146
 21
-2.783
  0
LINE
  8
0
 10
-2.50146
 20
-2.783
 11
-2.50909
 21
-2.78709
  0
LINE
  8
0
 10
-2.50909
 20
-2.78709
 11
-2.51688
 21
-2.79086
  0
LINE
  8
0
 10
-2.51688
 20
-2.79086
 11
-2.52483
 21
-2.7943
  0
LINE
  8
0
 10
-2.52483
 20
-2.7943
 11
-2.53291
 21
-2.79739
  0
LINE
  8
0
 10
-2.53291
 20
-2.79739
 11
-2.54112
 21
-2.80016
  0
LINE
  8
0
 10
-2.54112
 20
-2.80016
 11
-2.54942
 21
-2.80258
  0
LINE
  8
0
 10
-2.54942
 20
-2.80258
 11
-2.55783
 21
-2.80464
  0
LINE
  8
0
 10
-2.55783
 20
-2.80464
 11
-2.56633
 21
-2.80635
  0
LINE
  8
0
 10
-2.56633
 20
-2.80635
 11
-2.57487
 21
-2.80771
  0
LINE
  8
0
 10
-2.57487
 20
-2.80771
 11
-2.58348
 21
-2.8087
  0
LINE
  8
0
 10
-2.58348
 20
-2.8087
 11
-2.5921
 21
-2.80934
  0
LINE
  8
0
 10
-2.5921
 20
-2.80934
 11
-2.60075
 21
-2.8096
  0
LINE
  8
0
 10
-2.60075
 20
-2.8096
 11
-2.60942
 21
-2.80951
  0
LINE
  8
0
 10
1.74753
 20
-2.65894
 11
1.74506
 21
-2.65878
  0
LINE
  8
0
 10
1.74506
 20
-2.65878
 11
1.7426
 21
-2.65852
  0
LINE
  8
0
 10
1.7426
 20
-2.65852
 11
1.74016
 21
-2.65817
  0
LINE
  8
0
 10
1.74016
 20
-2.65817
 11
1.73773
 21
-2.6577
  0
LINE
  8
0
 10
1.73773
 20
-2.6577
 11
1.73532
 21
-2.65714
  0
LINE
  8
0
 10
1.73532
 20
-2.65714
 11
1.73294
 21
-2.65648
  0
LINE
  8
0
 10
1.73294
 20
-2.65648
 11
1.73059
 21
-2.65572
  0
LINE
  8
0
 10
1.73059
 20
-2.65572
 11
1.72827
 21
-2.65485
  0
LINE
  8
0
 10
1.72827
 20
-2.65485
 11
1.726
 21
-2.65388
  0
LINE
  8
0
 10
1.726
 20
-2.65388
 11
1.72375
 21
-2.65285
  0
LINE
  8
0
 10
1.72375
 20
-2.65285
 11
1.72157
 21
-2.6517
  0
LINE
  8
0
 10
1.72157
 20
-2.6517
 11
1.71944
 21
-2.65047
  0
LINE
  8
0
 10
1.71944
 20
-2.65047
 11
1.71735
 21
-2.64914
  0
LINE
  8
0
 10
1.71735
 20
-2.64914
 11
1.71532
 21
-2.64772
  0
LINE
  8
0
 10
1.71532
 20
-2.64772
 11
1.71335
 21
-2.64622
  0
LINE
  8
0
 10
1.71335
 20
-2.64622
 11
1.71144
 21
-2.64465
  0
LINE
  8
0
 10
1.71144
 20
-2.64465
 11
1.70961
 21
-2.64301
  0
LINE
  8
0
 10
1.70961
 20
-2.64301
 11
1.70784
 21
-2.64127
  0
LINE
  8
0
 10
1.70784
 20
-2.64127
 11
1.70615
 21
-2.63947
  0
LINE
  8
0
 10
1.70615
 20
-2.63947
 11
1.70453
 21
-2.6376
  0
LINE
  8
0
 10
1.70453
 20
-2.6376
 11
1.703
 21
-2.63567
  0
LINE
  8
0
 10
1.703
 20
-2.63567
 11
1.70154
 21
-2.63367
  0
LINE
  8
0
 10
1.70154
 20
-2.63367
 11
1.70018
 21
-2.63161
  0
LINE
  8
0
 10
1.70018
 20
-2.63161
 11
1.6989
 21
-2.62949
  0
LINE
  8
0
 10
1.6989
 20
-2.62949
 11
1.69771
 21
-2.62733
  0
LINE
  8
0
 10
1.69771
 20
-2.62733
 11
1.69661
 21
-2.62511
  0
LINE
  8
0
 10
1.69661
 20
-2.62511
 11
1.6956
 21
-2.62286
  0
LINE
  8
0
 10
1.6956
 20
-2.62286
 11
1.69469
 21
-2.62056
  0
LINE
  8
0
 10
1.69469
 20
-2.62056
 11
1.69388
 21
-2.61823
  0
LINE
  8
0
 10
1.69388
 20
-2.61823
 11
1.69316
 21
-2.61586
  0
LINE
  8
0
 10
1.69316
 20
-2.61586
 11
1.69255
 21
-2.61346
  0
LINE
  8
0
 10
1.69255
 20
-2.61346
 11
1.69203
 21
-2.61105
  0
LINE
  8
0
 10
1.69203
 20
-2.61105
 11
1.69162
 21
-2.60861
  0
LINE
  8
0
 10
1.69162
 20
-2.60861
 11
1.69131
 21
-2.60616
  0
LINE
  8
0
 10
1.69131
 20
-2.60616
 11
1.69112
 21
-2.6037
  0
LINE
  8
0
 10
1.69112
 20
-2.6037
 11
1.69101
 21
-2.60123
  0
LINE
  8
0
 10
1.69101
 20
-2.60123
 11
1.69101
 21
-2.59875
  0
LINE
  8
0
 10
1.69101
 20
-2.59875
 11
1.69112
 21
-2.59628
  0
LINE
  8
0
 10
1.69112
 20
-2.59628
 11
1.69131
 21
-2.59383
  0
LINE
  8
0
 10
1.69131
 20
-2.59383
 11
1.69162
 21
-2.59137
  0
LINE
  8
0
 10
1.69162
 20
-2.59137
 11
1.69203
 21
-2.58894
  0
LINE
  8
0
 10
1.69203
 20
-2.58894
 11
1.69255
 21
-2.58652
  0
LINE
  8
0
 10
1.69255
 20
-2.58652
 11
1.69316
 21
-2.58412
  0
LINE
  8
0
 10
1.69316
 20
-2.58412
 11
1.69388
 21
-2.58176
  0
LINE
  8
0
 10
1.69388
 20
-2.58176
 11
1.69469
 21
-2.57942
  0
LINE
  8
0
 10
1.69469
 20
-2.57942
 11
1.6956
 21
-2.57713
  0
LINE
  8
0
 10
1.6956
 20
-2.57713
 11
1.69661
 21
-2.57487
  0
LINE
  8
0
 10
1.69661
 20
-2.57487
 11
1.69771
 21
-2.57266
  0
LINE
  8
0
 10
1.69771
 20
-2.57266
 11
1.6989
 21
-2.5705
  0
LINE
  8
0
 10
1.6989
 20
-2.5705
 11
1.70018
 21
-2.56837
  0
LINE
  8
0
 10
1.70018
 20
-2.56837
 11
1.70154
 21
-2.56631
  0
LINE
  8
0
 10
1.70154
 20
-2.56631
 11
1.703
 21
-2.56432
  0
LINE
  8
0
 10
1.703
 20
-2.56432
 11
1.70453
 21
-2.56238
  0
LINE
  8
0
 10
1.70453
 20
-2.56238
 11
1.70615
 21
-2.56052
  0
LINE
  8
0
 10
1.70615
 20
-2.56052
 11
1.70784
 21
-2.55872
  0
LINE
  8
0
 10
1.70784
 20
-2.55872
 11
1.70961
 21
-2.55699
  0
LINE
  8
0
 10
1.70961
 20
-2.55699
 11
1.71144
 21
-2.55533
  0
LINE
  8
0
 10
1.71144
 20
-2.55533
 11
1.71335
 21
-2.55376
  0
LINE
  8
0
 10
1.71335
 20
-2.55376
 11
1.71532
 21
-2.55226
  0
LINE
  8
0
 10
1.71532
 20
-2.55226
 11
1.71735
 21
-2.55086
  0
LINE
  8
0
 10
1.71735
 20
-2.55086
 11
1.71944
 21
-2.54953
  0
LINE
  8
0
 10
1.71944
 20
-2.54953
 11
1.72157
 21
-2.54829
  0
LINE
  8
0
 10
1.72157
 20
-2.54829
 11
1.72375
 21
-2.54715
  0
LINE
  8
0
 10
1.72375
 20
-2.54715
 11
1.726
 21
-2.5461
  0
LINE
  8
0
 10
1.726
 20
-2.5461
 11
1.72827
 21
-2.54514
  0
LINE
  8
0
 10
1.72827
 20
-2.54514
 11
1.73059
 21
-2.54428
  0
LINE
  8
0
 10
1.73059
 20
-2.54428
 11
1.73294
 21
-2.54352
  0
LINE
  8
0
 10
1.73294
 20
-2.54352
 11
1.73532
 21
-2.54285
  0
LINE
  8
0
 10
1.73532
 20
-2.54285
 11
1.73773
 21
-2.54228
  0
LINE
  8
0
 10
1.73773
 20
-2.54228
 11
1.74016
 21
-2.54182
  0
LINE
  8
0
 10
1.74016
 20
-2.54182
 11
1.7426
 21
-2.54146
  0
LINE
  8
0
 10
1.7426
 20
-2.54146
 11
1.74506
 21
-2.5412
  0
LINE
  8
0
 10
1.74506
 20
-2.5412
 11
1.74753
 21
-2.54105
  0
LINE
  8
0
 10
1.74753
 20
-2.54105
 11
1.75
 21
-2.541
  0
LINE
  8
0
 10
1.75
 20
-2.541
 11
1.75246
 21
-2.54105
  0
LINE
  8
0
 10
1.75246
 20
-2.54105
 11
1.75493
 21
-2.5412
  0
LINE
  8
0
 10
1.75493
 20
-2.5412
 11
1.75739
 21
-2.54146
  0
LINE
  8
0
 10
1.75739
 20
-2.54146
 11
1.75983
 21
-2.54182
  0
LINE
  8
0
 10
1.75983
 20
-2.54182
 11
1.76225
 21
-2.54228
  0
LINE
  8
0
 10
1.76225
 20
-2.54228
 11
1.76466
 21
-2.54285
  0
LINE
  8
0
 10
1.76466
 20
-2.54285
 11
1.76704
 21
-2.54352
  0
LINE
  8
0
 10
1.76704
 20
-2.54352
 11
1.76939
 21
-2.54428
  0
LINE
  8
0
 10
1.76939
 20
-2.54428
 11
1.77171
 21
-2.54514
  0
LINE
  8
0
 10
1.77171
 20
-2.54514
 11
1.77399
 21
-2.5461
  0
LINE
  8
0
 10
1.77399
 20
-2.5461
 11
1.77623
 21
-2.54715
  0
LINE
  8
0
 10
1.77623
 20
-2.54715
 11
1.77841
 21
-2.54829
  0
LINE
  8
0
 10
1.77841
 20
-2.54829
 11
1.78056
 21
-2.54953
  0
LINE
  8
0
 10
1.78056
 20
-2.54953
 11
1.78264
 21
-2.55086
  0
LINE
  8
0
 10
1.78264
 20
-2.55086
 11
1.78467
 21
-2.55226
  0
LINE
  8
0
 10
1.78467
 20
-2.55226
 11
1.78664
 21
-2.55376
  0
LINE
  8
0
 10
1.78664
 20
-2.55376
 11
1.78854
 21
-2.55533
  0
LINE
  8
0
 10
1.78854
 20
-2.55533
 11
1.79037
 21
-2.55699
  0
LINE
  8
0
 10
1.79037
 20
-2.55699
 11
1.79214
 21
-2.55872
  0
LINE
  8
0
 10
1.79214
 20
-2.55872
 11
1.79384
 21
-2.56052
  0
LINE
  8
0
 10
1.79384
 20
-2.56052
 11
1.79546
 21
-2.56238
  0
LINE
  8
0
 10
1.79546
 20
-2.56238
 11
1.79698
 21
-2.56432
  0
LINE
  8
0
 10
1.79698
 20
-2.56432
 11
1.79845
 21
-2.56631
  0
LINE
  8
0
 10
1.79845
 20
-2.56631
 11
1.7998
 21
-2.56837
  0
LINE
  8
0
 10
1.7998
 20
-2.56837
 11
1.80109
 21
-2.5705
  0
LINE
  8
0
 10
1.80109
 20
-2.5705
 11
1.80228
 21
-2.57266
  0
LINE
  8
0
 10
1.80228
 20
-2.57266
 11
1.80338
 21
-2.57487
  0
LINE
  8
0
 10
1.80338
 20
-2.57487
 11
1.80438
 21
-2.57713
  0
LINE
  8
0
 10
1.80438
 20
-2.57713
 11
1.8053
 21
-2.57942
  0
LINE
  8
0
 10
1.8053
 20
-2.57942
 11
1.80611
 21
-2.58176
  0
LINE
  8
0
 10
1.80611
 20
-2.58176
 11
1.80682
 21
-2.58412
  0
LINE
  8
0
 10
1.80682
 20
-2.58412
 11
1.80743
 21
-2.58652
  0
LINE
  8
0
 10
1.80743
 20
-2.58652
 11
1.80795
 21
-2.58894
  0
LINE
  8
0
 10
1.80795
 20
-2.58894
 11
1.80836
 21
-2.59137
  0
LINE
  8
0
 10
1.80836
 20
-2.59137
 11
1.80867
 21
-2.59383
  0
LINE
  8
0
 10
1.80867
 20
-2.59383
 11
1.80887
 21
-2.59628
  0
LINE
  8
0
 10
1.80887
 20
-2.59628
 11
1.80898
 21
-2.59875
  0
LINE
  8
0
 10
1.80898
 20
-2.59875
 11
1.80898
 21
-2.60123
  0
LINE
  8
0
 10
1.80898
 20
-2.60123
 11
1.80887
 21
-2.6037
  0
LINE
  8
0
 10
1.80887
 20
-2.6037
 11
1.80867
 21
-2.60616
  0
LINE
  8
0
 10
1.80867
 20
-2.60616
 11
1.80836
 21
-2.60861
  0
LINE
  8
0
 10
1.80836
 20
-2.60861
 11
1.80795
 21
-2.61105
  0
LINE
  8
0
 10
1.80795
 20
-2.61105
 11
1.80743
 21
-2.61346
  0
LINE
  8
0
 10
1.80743
 20
-2.61346
 11
1.80682
 21
-2.61586
  0
LINE
  8
0
 10
1.80682
 20
-2.61586
 11
1.80611
 21
-2.61823
  0
LINE
  8
0
 10
1.80611
 20
-2.61823
 11
1.8053
 21
-2.62056
  0
LINE
  8
0
 10
1.8053
 20
-2.62056
 11
1.80438
 21
-2.62286
  0
LINE
  8
0
 10
1.80438
 20
-2.62286
 11
1.80338
 21
-2.62511
  0
LINE
  8
0
 10
1.80338
 20
-2.62511
 11
1.80228
 21
-2.62733
  0
LINE
  8
0
 10
1.80228
 20
-2.62733
 11
1.80109
 21
-2.62949
  0
LINE
  8
0
 10
1.80109
 20
-2.62949
 11
1.7998
 21
-2.63161
  0
LINE
  8
0
 10
1.7998
 20
-2.63161
 11
1.79845
 21
-2.63367
  0
LINE
  8
0
 10
1.79845
 20
-2.63367
 11
1.79698
 21
-2.63567
  0
LINE
  8
0
 10
1.79698
 20
-2.63567
 11
1.79546
 21
-2.6376
  0
LINE
  8
0
 10
1.79546
 20
-2.6376
 11
1.79384
 21
-2.63947
  0
LINE
  8
0
 10
1.79384
 20
-2.63947
 11
1.79214
 21
-2.64127
  0
LINE
  8
0
 10
1.79214
 20
-2.64127
 11
1.79037
 21
-2.64301
  0
LINE
  8
0
 10
1.79037
 20
-2.64301
 11
1.78854
 21
-2.64465
  0
LINE
  8
0
 10
1.78854
 20
-2.64465
 11
1.78664
 21
-2.64622
  0
LINE
  8
0
 10
1.78664
 20
-2.64622
 11
1.78467
 21
-2.64772
  0
LINE
  8
0
 10
1.78467
 20
-2.64772
 11
1.78264
 21
-2.64914
  0
LINE
  8
0
 10
1.78264
 20
-2.64914
 11
1.78056
 21
-2.65047
  0
LINE
  8
0
 10
1.78056
 20
-2.65047
 11
1.77841
 21
-2.6517
  0
LINE
  8
0
 10
1.77841
 20
-2.6517
 11
1.77623
 21
-2.65285
  0
LINE
  8
0
 10
1.77623
 20
-2.65285
 11
1.77399
 21
-2.65388
  0
LINE
  8
0
 10
1.77399
 20
-2.65388
 11
1.77171
 21
-2.65485
  0
LINE
  8
0
 10
1.77171
 20
-2.65485
 11
1.76939
 21
-2.65572
  0
LINE
  8
0
 10
1.76939
 20
-2.65572
 11
1.76704
 21
-2.65648
  0
LINE
  8
0
 10
1.76704
 20
-2.65648
 11
1.76466
 21
-2.65714
  0
LINE
  8
0
 10
1.76466
 20
-2.65714
 11
1.76225
 21
-2.6577
  0
LINE
  8
0
 10
1.76225
 20
-2.6577
 11
1.75983
 21
-2.65817
  0
LINE
  8
0
 10
1.75983
 20
-2.65817
 11
1.75739
 21
-2.65852
  0
LINE
  8
0
 10
1.75739
 20
-2.65852
 11
1.75493
 21
-2.65878
  0
LINE
  8
0
 10
1.75493
 20
-2.65878
 11
1.75246
 21
-2.65894
  0
LINE
  8
0
 10
1.75246
 20
-2.65894
 11
1.75
 21
-2.659
  0
LINE
  8
0
 10
1.75
 20
-2.659
 11
1.74753
 21
-2.65894
  0
LINE
  8
0
 10
-1.75246
 20
-2.65894
 11
-1.75493
 21
-2.65878
  0
LINE
  8
0
 10
-1.75493
 20
-2.65878
 11
-1.75739
 21
-2.65852
  0
LINE
  8
0
 10
-1.75739
 20
-2.65852
 11
-1.75983
 21
-2.65817
  0
LINE
  8
0
 10
-1.75983
 20
-2.65817
 11
-1.76225
 21
-2.6577
  0
LINE
  8
0
 10
-1.76225
 20
-2.6577
 11
-1.76466
 21
-2.65714
  0
LINE
  8
0
 10
-1.76466
 20
-2.65714
 11
-1.76704
 21
-2.65648
  0
LINE
  8
0
 10
-1.76704
 20
-2.65648
 11
-1.76939
 21
-2.65572
  0
LINE
  8
0
 10
-1.76939
 20
-2.65572
 11
-1.77171
 21
-2.65485
  0
LINE
  8
0
 10
-1.77171
 20
-2.65485
 11
-1.77399
 21
-2.65388
  0
LINE
  8
0
 10
-1.77399
 20
-2.65388
 11
-1.77623
 21
-2.65285
  0
LINE
  8
0
 10
-1.77623
 20
-2.65285
 11
-1.77841
 21
-2.6517
  0
LINE
  8
0
 10
-1.77841
 20
-2.6517
 11
-1.78056
 21
-2.65047
  0
LINE
  8
0
 10
-1.78056
 20
-2.65047
 11
-1.78264
 21
-2.64914
  0
LINE
  8
0
 10
-1.78264
 20
-2.64914
 11
-1.78467
 21
-2.64772
  0
LINE
  8
0
 10
-1.78467
 20
-2.64772
 11
-1.78664
 21
-2.64622
  0
LINE
  8
0
 10
-1.78664
 20
-2.64622
 11
-1.78854
 21
-2.64465
  0
LINE
  8
0
 10
-1.78854
 20
-2.64465
 11
-1.79037
 21
-2.64301
  0
LINE
  8
0
 10
-1.79037
 20
-2.64301
 11
-1.79214
 21
-2.64127
  0
LINE
  8
0
 10
-1.79214
 20
-2.64127
 11
-1.79384
 21
-2.63947
  0
LINE
  8
0
 10
-1.79384
 20
-2.63947
 11
-1.79546
 21
-2.6376
  0
LINE
  8
0
 10
-1.79546
 20
-2.6376
 11
-1.79698
 21
-2.63567
  0
LINE
  8
0
 10
-1.79698
 20
-2.63567
 11
-1.79845
 21
-2.63367
  0
LINE
  8
0
 10
-1.79845
 20
-2.63367
 11
-1.7998
 21
-2.63161
  0
LINE
  8
0
 10
-1.7998
 20
-2.63161
 11
-1.80109
 21
-2.62949
  0
LINE
  8
0
 10
-1.80109
 20
-2.62949
 11
-1.80228
 21
-2.62733
  0
LINE
  8
0
 10
-1.80228
 20
-2.62733
 11
-1.80338
 21
-2.62511
  0
LINE
  8
0
 10
-1.80338
 20
-2.62511
 11
-1.80438
 21
-2.62286
  0
LINE
  8
0
 10
-1.80438
 20
-2.62286
 11
-1.8053
 21
-2.62056
  0
LINE
  8
0
 10
-1.8053
 20
-2.62056
 11
-1.80611
 21
-2.61823
  0
LINE
  8
0
 10
-1.80611
 20
-2.61823
 11
-1.80682
 21
-2.61586
  0
LINE
  8
0
 10
-1.80682
 20
-2.61586
 11
-1.80743
 21
-2.61346
  0
LINE
  8
0
 10
-1.80743
 20
-2.61346
 11
-1.80795
 21
-2.61105
  0
LINE
  8
0
 10
-1.80795
 20
-2.61105
 11
-1.80836
 21
-2.60861
  0
LINE
  8
0
 10
-1.80836
 20
-2.60861
 11
-1.80867
 21
-2.60616
  0
LINE
  8
0
 10
-1.80867
 20
-2.60616
 11
-1.80887
 21
-2.6037
  0
LINE
  8
0
 10
-1.80887
 20
-2.6037
 11
-1.80898
 21
-2.60123
  0
LINE
  8
0
 10
-1.80898
 20
-2.60123
 11
-1.80898
 21
-2.59875
  0
LINE
  8
0
 10
-1.80898
 20
-2.59875
 11
-1.80887
 21
-2.59628
  0
LINE
  8
0
 10
-1.80887
 20
-2.59628
 11
-1.80867
 21
-2.59383
  0
LINE
  8
0
 10
-1.80867
 20
-2.59383
 11
-1.80836
 21
-2.59137
  0
LINE
  8
0
 10
-1.80836
 20
-2.59137
 11
-1.80795
 21
-2.58894
  0
LINE
  8
0
 10
-1.80795
 20
-2.58894
 11
-1.80743
 21
-2.58652
  0
LINE
  8
0
 10
-1.80743
 20
-2.58652
 11
-1.80682
 21
-2.58412
  0
LINE
  8
0
 10
-1.80682
 20
-2.58412
 11
-1.80611
 21
-2.58176
  0
LINE
  8
0
 10
-1.80611
 20
-2.58176
 11
-1.8053
 21
-2.57942
  0
LINE
  8
0
 10
-1.8053
 20
-2.57942
 11
-1.80438
 21
-2.57713
  0
LINE
  8
0
 10
-1.80438
 20
-2.57713
 11
-1.80338
 21
-2.57487
  0
LINE
  8
0
 10
-1.80338
 20
-2.57487
 11
-1.80228
 21
-2.57266
  0
LINE
  8
0
 10
-1.80228
 20
-2.57266
 11
-1.80109
 21
-2.5705
  0
LINE
  8
0
 10
-1.80109
 20
-2.5705
 11
-1.7998
 21
-2.56837
  0
LINE
  8
0
 10
-1.7998
 20
-2.56837
 11
-1.79845
 21
-2.56631
  0
LINE
  8
0
 10
-1.79845
 20
-2.56631
 11
-1.79698
 21
-2.56432
  0
LINE
  8
0
 10
-1.79698
 20
-2.56432
 11
-1.79546
 21
-2.56238
  0
LINE
  8
0
 10
-1.79546
 20
-2.56238
 11
-1.79384
 21
-2.56052
  0
LINE
  8
0
 10
-1.79384
 20
-2.56052
 11
-1.79214
 21
-2.55872
  0
LINE
  8
0
 10
-1.79214
 20
-2.55872
 11
-1.79037
 21
-2.55699
  0
LINE
  8
0
 10
-1.79037
 20
-2.55699
 11
-1.78854
 21
-2.55533
  0
LINE
  8
0
 10
-1.78854
 20
-2.55533
 11
-1.78664
 21
-2.55376
  0
LINE
  8
0
 10
-1.78664
 20
-2.55376
 11
-1.78467
 21
-2.55226
  0
LINE
  8
0
 10
-1.78467
 20
-2.55226
 11
-1.78264
 21
-2.55086
  0
LINE
  8
0
 10
-1.78264
 20
-2.55086
 11
-1.78056
 21
-2.54953
  0
LINE
  8
0
 10
-1.78056
 20
-2.54953
 11
-1.77841
 21
-2.54829
  0
LINE
  8
0
 10
-1.77841
 20
-2.54829
 11
-1.77623
 21
-2.54715
  0
LINE
  8
0
 10
-1.77623
 20
-2.54715
 11
-1.77399
 21
-2.5461
  0
LINE
  8
0
 10
-1.77399
 20
-2.5461
 11
-1.77171
 21
-2.54514
  0
LINE
  8
0
 10
-1.77171
 20
-2.54514
 11
-1.76939
 21
-2.54428
  0
LINE
  8
0
 10
-1.76939
 20
-2.54428
 11
-1.76704
 21
-2.54352
  0
LINE
  8
0
 10
-1.76704
 20
-2.54352
 11
-1.76466
 21
-2.54285
  0
LINE
  8
0
 10
-1.76466
 20
-2.54285
 11
-1.76225
 21
-2.54228
  0
LINE
  8
0
 10
-1.76225
 20
-2.54228
 11
-1.75983
 21
-2.54182
  0
LINE
  8
0
 10
-1.75983
 20
-2.54182
 11
-1.75739
 21
-2.54146
  0
LINE
  8
0
 10
-1.75739
 20
-2.54146
 11
-1.75493
 21
-2.5412
  0
LINE
  8
0
 10
-1.75493
 20
-2.5412
 11
-1.75246
 21
-2.54105
  0
LINE
  8
0
 10
-1.75246
 20
-2.54105
 11
-1.75
 21
-2.541
  0
LINE
  8
0
 10
-1.75
 20
-2.541
 11
-1.74753
 21
-2.54105
  0
LINE
  8
0
 10
-1.74753
 20
-2.54105
 11
-1.74506
 21
-2.5412
  0
LINE
  8
0
 10
-1.74506
 20
-2.5412
 11
-1.7426
 21
-2.54146
  0
LINE
  8
0
 10
-1.7426
 20
-2.54146
 11
-1.74016
 21
-2.54182
  0
LINE
  8
0
 10
-1.74016
 20
-2.54182
 11
-1.73773
 21
-2.54228
  0
LINE
  8
0
 10
-1.73773
 20
-2.54228
 11
-1.73532
 21
-2.54285
  0
LINE
  8
0
 10
-1.73532
 20
-2.54285
 11
-1.73294
 21
-2.54352
  0
LINE
  8
0
 10
-1.73294
 20
-2.54352
 11
-1.73059
 21
-2.54428
  0
LINE
  8
0
 10
-1.73059
 20
-2.54428
 11
-1.72827
 21
-2.54514
  0
LINE
  8
0
 10
-1.72827
 20
-2.54514
 11
-1.726
 21
-2.5461
  0
LINE
  8
0
 10
-1.726
 20
-2.5461
 11
-1.72375
 21
-2.54715
  0
LINE
  8
0
 10
-1.72375
 20
-2.54715
 11
-1.72157
 21
-2.54829
  0
LINE
  8
0
 10
-1.72157
 20
-2.54829
 11
-1.71944
 21
-2.54953
  0
LINE
  8
0
 10
-1.71944
 20
-2.54953
 11
-1.71735
 21
-2.55086
  0
LINE
  8
0
 10
-1.71735
 20
-2.55086
 11
-1.71532
 21
-2.55226
  0
LINE
  8
0
 10
-1.71532
 20
-2.55226
 11
-1.71335
 21
-2.55376
  0
LINE
  8
0
 10
-1.71335
 20
-2.55376
 11
-1.71144
 21
-2.55533
  0
LINE
  8
0
 10
-1.71144
 20
-2.55533
 11
-1.70961
 21
-2.55699
  0
LINE
  8
0
 10
-1.70961
 20
-2.55699
 11
-1.70784
 21
-2.55872
  0
LINE
  8
0
 10
-1.70784
 20
-2.55872
 11
-1.70615
 21
-2.56052
  0
LINE
  8
0
 10
-1.70615
 20
-2.56052
 11
-1.70453
 21
-2.56238
  0
LINE
  8
0
 10
-1.70453
 20
-2.56238
 11
-1.703
 21
-2.56432
  0
LINE
  8
0
 10
-1.703
 20
-2.56432
 11
-1.70154
 21
-2.56631
  0
LINE
  8
0
 10
-1.70154
 20
-2.56631
 11
-1.70018
 21
-2.56837
  0
LINE
  8
0
 10
-1.70018
 20
-2.56837
 11
-1.6989
 21
-2.5705
  0
LINE
  8
0
 10
-1.6989
 20
-2.5705
 11
-1.69771
 21
-2.57266
  0
LINE
  8
0
 10
-1.69771
 20
-2.57266
 11
-1.69661
 21
-2.57487
  0
LINE
  8
0
 10
-1.69661
 20
-2.57487
 11
-1.6956
 21
-2.57713
  0
LINE
  8
0
 10
-1.6956
 20
-2.57713
 11
-1.69469
 21
-2.57942
  0
LINE
  8
0
 10
-1.69469
 20
-2.57942
 11
-1.69388
 21
-2.58176
  0
LINE
  8
0
 10
-1.69388
 20
-2.58176
 11
-1.69316
 21
-2.58412
  0
LINE
  8
0
 10
-1.69316
 20
-2.58412
 11
-1.69255
 21
-2.58652
  0
LINE
  8
0
 10
-1.69255
 20
-2.58652
 11
-1.69203
 21
-2.58894
  0
LINE
  8
0
 10
-1.69203
 20
-2.58894
 11
-1.69162
 21
-2.59137
  0
LINE
  8
0
 10
-1.69162
 20
-2.59137
 11
-1.69131
 21
-2.59383
  0
LINE
  8
0
 10
-1.69131
 20
-2.59383
 11
-1.69112
 21
-2.59628
  0
LINE
  8
0
 10
-1.69112
 20
-2.59628
 11
-1.69101
 21
-2.59875
  0
LINE
  8
0
 10
-1.69101
 20
-2.59875
 11
-1.69101
 21
-2.60123
  0
LINE
  8
0
 10
-1.69101
 20
-2.60123
 11
-1.69112
 21
-2.6037
  0
LINE
  8
0
 10
-1.69112
 20
-2.6037
 11
-1.69131
 21
-2.60616
  0
LINE
  8
0
 10
-1.69131
 20
-2.60616
 11
-1.69162
 21
-2.60861
  0
LINE
  8
0
 10
-1.69162
 20
-2.60861
 11
-1.69203
 21
-2.61105
  0
LINE
  8
0
 10
-1.69203
 20
-2.61105
 11
-1.69255
 21
-2.61346
  0
LINE
  8
0
 10
-1.69255
 20
-2.61346
 11
-1.69316
 21
-2.61586
  0
LINE
  8
0
 10
-1.69316
 20
-2.61586
 11
-1.69388
 21
-2.61823
  0
LINE
  8
0
 10
-1.69388
 20
-2.61823
 11
-1.69469
 21
-2.62056
  0
LINE
  8
0
 10
-1.69469
 20
-2.62056
 11
-1.6956
 21
-2.62286
  0
LINE
  8
0
 10
-1.6956
 20
-2.62286
 11
-1.69661
 21
-2.62511
  0
LINE
  8
0
 10
-1.69661
 20
-2.62511
 11
-1.69771
 21
-2.62733
  0
LINE
  8
0
 10
-1.69771
 20
-2.62733
 11
-1.6989
 21
-2.62949
  0
LINE
  8
0
 10
-1.6989
 20
-2.62949
 11
-1.70018
 21
-2.63161
  0
LINE
  8
0
 10
-1.70018
 20
-2.63161
 11
-1.70154
 21
-2.63367
  0
LINE
  8
0
 10
-1.70154
 20
-2.63367
 11
-1.703
 21
-2.63567
  0
LINE
  8
0
 10
-1.703
 20
-2.63567
 11
-1.70453
 21
-2.6376
  0
LINE
  8
0
 10
-1.70453
 20
-2.6376
 11
-1.70615
 21
-2.63947
  0
LINE
  8
0
 10
-1.70615
 20
-2.63947
 11
-1.70784
 21
-2.64127
  0
LINE
  8
0
 10
-1.70784
 20
-2.64127
 11
-1.70961
 21
-2.64301
  0
LINE
  8
0
 10
-1.70961
 20
-2.64301
 11
-1.71144
 21
-2.64465
  0
LINE
  8
0
 10
-1.71144
 20
-2.64465
 11
-1.71335
 21
-2.64622
  0
LINE
  8
0
 10
-1.71335
 20
-2.64622
 11
-1.71532
 21
-2.64772
  0
LINE
  8
0
 10
-1.71532
 20
-2.64772
 11
-1.71735
 21
-2.64914
  0
LINE
  8
0
 10
-1.71735
 20
-2.64914
 11
-1.71944
 21
-2.65047
  0
LINE
  8
0
 10
-1.71944
 20
-2.65047
 11
-1.72157
 21
-2.6517
  0
LINE
  8
0
 10
-1.72157
 20
-2.6517
 11
-1.72375
 21
-2.65285
  0
LINE
  8
0
 10
-1.72375
 20
-2.65285
 11
-1.726
 21
-2.65388
  0
LINE
  8
0
 10
-1.726
 20
-2.65388
 11
-1.72827
 21
-2.65485
  0
LINE
  8
0
 10
-1.72827
 20
-2.65485
 11
-1.73059
 21
-2.65572
  0
LINE
  8
0
 10
-1.73059
 20
-2.65572
 11
-1.73294
 21
-2.65648
  0
LINE
  8
0
 10
-1.73294
 20
-2.65648
 11
-1.73532
 21
-2.65714
  0
LINE
  8
0
 10
-1.73532
 20
-2.65714
 11
-1.73773
 21
-2.6577
  0
LINE
  8
0
 10
-1.73773
 20
-2.6577
 11
-1.74016
 21
-2.65817
  0
LINE
  8
0
 10
-1.74016
 20
-2.65817
 11
-1.7426
 21
-2.65852
  0
LINE
  8
0
 10
-1.7426
 20
-2.65852
 11
-1.74506
 21
-2.65878
  0
LINE
  8
0
 10
-1.74506
 20
-2.65878
 11
-1.74753
 21
-2.65894
  0
LINE
  8
0
 10
-1.74753
 20
-2.65894
 11
-1.75
 21
-2.659
  0
LINE
  8
0
 10
-1.75
 20
-2.659
 11
-1.75246
 21
-2.65894
  0
LINE
  8
0
 10
-1.75246
 20
-3.45894
 11
-1.75493
 21
-3.45879
  0
LINE
  8
0
 10
-1.75493
 20
-3.45879
 11
-1.75739
 21
-3.45853
  0
LINE
  8
0
 10
-1.75739
 20
-3.45853
 11
-1.75983
 21
-3.45816
  0
LINE
  8
0
 10
-1.75983
 20
-3.45816
 11
-1.76225
 21
-3.4577
  0
LINE
  8
0
 10
-1.76225
 20
-3.4577
 11
-1.76466
 21
-3.45714
  0
LINE
  8
0
 10
-1.76466
 20
-3.45714
 11
-1.76704
 21
-3.45647
  0
LINE
  8
0
 10
-1.76704
 20
-3.45647
 11
-1.76939
 21
-3.4557
  0
LINE
  8
0
 10
-1.76939
 20
-3.4557
 11
-1.77171
 21
-3.45485
  0
LINE
  8
0
 10
-1.77171
 20
-3.45485
 11
-1.77399
 21
-3.45389
  0
LINE
  8
0
 10
-1.77399
 20
-3.45389
 11
-1.77623
 21
-3.45284
  0
LINE
  8
0
 10
-1.77623
 20
-3.45284
 11
-1.77841
 21
-3.45169
  0
LINE
  8
0
 10
-1.77841
 20
-3.45169
 11
-1.78056
 21
-3.45045
  0
LINE
  8
0
 10
-1.78056
 20
-3.45045
 11
-1.78264
 21
-3.44913
  0
LINE
  8
0
 10
-1.78264
 20
-3.44913
 11
-1.78467
 21
-3.44772
  0
LINE
  8
0
 10
-1.78467
 20
-3.44772
 11
-1.78664
 21
-3.44623
  0
LINE
  8
0
 10
-1.78664
 20
-3.44623
 11
-1.78854
 21
-3.44466
  0
LINE
  8
0
 10
-1.78854
 20
-3.44466
 11
-1.79037
 21
-3.44301
  0
LINE
  8
0
 10
-1.79037
 20
-3.44301
 11
-1.79214
 21
-3.44127
  0
LINE
  8
0
 10
-1.79214
 20
-3.44127
 11
-1.79384
 21
-3.43947
  0
LINE
  8
0
 10
-1.79384
 20
-3.43947
 11
-1.79546
 21
-3.43761
  0
LINE
  8
0
 10
-1.79546
 20
-3.43761
 11
-1.79698
 21
-3.43567
  0
LINE
  8
0
 10
-1.79698
 20
-3.43567
 11
-1.79845
 21
-3.43367
  0
LINE
  8
0
 10
-1.79845
 20
-3.43367
 11
-1.7998
 21
-3.43161
  0
LINE
  8
0
 10
-1.7998
 20
-3.43161
 11
-1.80109
 21
-3.42949
  0
LINE
  8
0
 10
-1.80109
 20
-3.42949
 11
-1.80228
 21
-3.42732
  0
LINE
  8
0
 10
-1.80228
 20
-3.42732
 11
-1.80338
 21
-3.42511
  0
LINE
  8
0
 10
-1.80338
 20
-3.42511
 11
-1.80438
 21
-3.42285
  0
LINE
  8
0
 10
-1.80438
 20
-3.42285
 11
-1.8053
 21
-3.42056
  0
LINE
  8
0
 10
-1.8053
 20
-3.42056
 11
-1.80611
 21
-3.41823
  0
LINE
  8
0
 10
-1.80611
 20
-3.41823
 11
-1.80682
 21
-3.41586
  0
LINE
  8
0
 10
-1.80682
 20
-3.41586
 11
-1.80743
 21
-3.41347
  0
LINE
  8
0
 10
-1.80743
 20
-3.41347
 11
-1.80795
 21
-3.41104
  0
LINE
  8
0
 10
-1.80795
 20
-3.41104
 11
-1.80836
 21
-3.40862
  0
LINE
  8
0
 10
-1.80836
 20
-3.40862
 11
-1.80867
 21
-3.40616
  0
LINE
  8
0
 10
-1.80867
 20
-3.40616
 11
-1.80887
 21
-3.4037
  0
LINE
  8
0
 10
-1.80887
 20
-3.4037
 11
-1.80898
 21
-3.40123
  0
LINE
  8
0
 10
-1.80898
 20
-3.40123
 11
-1.80898
 21
-3.39876
  0
LINE
  8
0
 10
-1.80898
 20
-3.39876
 11
-1.80887
 21
-3.39629
  0
LINE
  8
0
 10
-1.80887
 20
-3.39629
 11
-1.80867
 21
-3.39383
  0
LINE
  8
0
 10
-1.80867
 20
-3.39383
 11
-1.80836
 21
-3.39137
  0
LINE
  8
0
 10
-1.80836
 20
-3.39137
 11
-1.80795
 21
-3.38893
  0
LINE
  8
0
 10
-1.80795
 20
-3.38893
 11
-1.80743
 21
-3.38652
  0
LINE
  8
0
 10
-1.80743
 20
-3.38652
 11
-1.80682
 21
-3.38412
  0
LINE
  8
0
 10
-1.80682
 20
-3.38412
 11
-1.80611
 21
-3.38176
  0
LINE
  8
0
 10
-1.80611
 20
-3.38176
 11
-1.8053
 21
-3.37943
  0
LINE
  8
0
 10
-1.8053
 20
-3.37943
 11
-1.80438
 21
-3.37714
  0
LINE
  8
0
 10
-1.80438
 20
-3.37714
 11
-1.80338
 21
-3.37488
  0
LINE
  8
0
 10
-1.80338
 20
-3.37488
 11
-1.80228
 21
-3.37267
  0
LINE
  8
0
 10
-1.80228
 20
-3.37267
 11
-1.80109
 21
-3.3705
  0
LINE
  8
0
 10
-1.80109
 20
-3.3705
 11
-1.7998
 21
-3.36838
  0
LINE
  8
0
 10
-1.7998
 20
-3.36838
 11
-1.79845
 21
-3.36632
  0
LINE
  8
0
 10
-1.79845
 20
-3.36632
 11
-1.79698
 21
-3.36432
  0
LINE
  8
0
 10
-1.79698
 20
-3.36432
 11
-1.79546
 21
-3.36238
  0
LINE
  8
0
 10
-1.79546
 20
-3.36238
 11
-1.79384
 21
-3.36052
  0
LINE
  8
0
 10
-1.79384
 20
-3.36052
 11
-1.79214
 21
-3.35872
  0
LINE
  8
0
 10
-1.79214
 20
-3.35872
 11
-1.79037
 21
-3.35698
  0
LINE
  8
0
 10
-1.79037
 20
-3.35698
 11
-1.78854
 21
-3.35533
  0
LINE
  8
0
 10
-1.78854
 20
-3.35533
 11
-1.78664
 21
-3.35376
  0
LINE
  8
0
 10
-1.78664
 20
-3.35376
 11
-1.78467
 21
-3.35226
  0
LINE
  8
0
 10
-1.78467
 20
-3.35226
 11
-1.78264
 21
-3.35085
  0
LINE
  8
0
 10
-1.78264
 20
-3.35085
 11
-1.78056
 21
-3.34953
  0
LINE
  8
0
 10
-1.78056
 20
-3.34953
 11
-1.77841
 21
-3.3483
  0
LINE
  8
0
 10
-1.77841
 20
-3.3483
 11
-1.77623
 21
-3.34715
  0
LINE
  8
0
 10
-1.77623
 20
-3.34715
 11
-1.77399
 21
-3.3461
  0
LINE
  8
0
 10
-1.77399
 20
-3.3461
 11
-1.77171
 21
-3.34514
  0
LINE
  8
0
 10
-1.77171
 20
-3.34514
 11
-1.76939
 21
-3.34427
  0
LINE
  8
0
 10
-1.76939
 20
-3.34427
 11
-1.76704
 21
-3.34351
  0
LINE
  8
0
 10
-1.76704
 20
-3.34351
 11
-1.76466
 21
-3.34285
  0
LINE
  8
0
 10
-1.76466
 20
-3.34285
 11
-1.76225
 21
-3.34229
  0
LINE
  8
0
 10
-1.76225
 20
-3.34229
 11
-1.75983
 21
-3.34181
  0
LINE
  8
0
 10
-1.75983
 20
-3.34181
 11
-1.75739
 21
-3.34146
  0
LINE
  8
0
 10
-1.75739
 20
-3.34146
 11
-1.75493
 21
-3.3412
  0
LINE
  8
0
 10
-1.75493
 20
-3.3412
 11
-1.75246
 21
-3.34105
  0
LINE
  8
0
 10
-1.75246
 20
-3.34105
 11
-1.75
 21
-3.34099
  0
LINE
  8
0
 10
-1.75
 20
-3.34099
 11
-1.74753
 21
-3.34105
  0
LINE
  8
0
 10
-1.74753
 20
-3.34105
 11
-1.74506
 21
-3.3412
  0
LINE
  8
0
 10
-1.74506
 20
-3.3412
 11
-1.7426
 21
-3.34146
  0
LINE
  8
0
 10
-1.7426
 20
-3.34146
 11
-1.74016
 21
-3.34181
  0
LINE
  8
0
 10
-1.74016
 20
-3.34181
 11
-1.73773
 21
-3.34229
  0
LINE
  8
0
 10
-1.73773
 20
-3.34229
 11
-1.73532
 21
-3.34285
  0
LINE
  8
0
 10
-1.73532
 20
-3.34285
 11
-1.73294
 21
-3.34351
  0
LINE
  8
0
 10
-1.73294
 20
-3.34351
 11
-1.73059
 21
-3.34427
  0
LINE
  8
0
 10
-1.73059
 20
-3.34427
 11
-1.72827
 21
-3.34514
  0
LINE
  8
0
 10
-1.72827
 20
-3.34514
 11
-1.726
 21
-3.3461
  0
LINE
  8
0
 10
-1.726
 20
-3.3461
 11
-1.72375
 21
-3.34715
  0
LINE
  8
0
 10
-1.72375
 20
-3.34715
 11
-1.72157
 21
-3.3483
  0
LINE
  8
0
 10
-1.72157
 20
-3.3483
 11
-1.71944
 21
-3.34953
  0
LINE
  8
0
 10
-1.71944
 20
-3.34953
 11
-1.71735
 21
-3.35085
  0
LINE
  8
0
 10
-1.71735
 20
-3.35085
 11
-1.71532
 21
-3.35226
  0
LINE
  8
0
 10
-1.71532
 20
-3.35226
 11
-1.71335
 21
-3.35376
  0
LINE
  8
0
 10
-1.71335
 20
-3.35376
 11
-1.71144
 21
-3.35533
  0
LINE
  8
0
 10
-1.71144
 20
-3.35533
 11
-1.70961
 21
-3.35698
  0
LINE
  8
0
 10
-1.70961
 20
-3.35698
 11
-1.70784
 21
-3.35872
  0
LINE
  8
0
 10
-1.70784
 20
-3.35872
 11
-1.70615
 21
-3.36052
  0
LINE
  8
0
 10
-1.70615
 20
-3.36052
 11
-1.70453
 21
-3.36238
  0
LINE
  8
0
 10
-1.70453
 20
-3.36238
 11
-1.703
 21
-3.36432
  0
LINE
  8
0
 10
-1.703
 20
-3.36432
 11
-1.70154
 21
-3.36632
  0
LINE
  8
0
 10
-1.70154
 20
-3.36632
 11
-1.70018
 21
-3.36838
  0
LINE
  8
0
 10
-1.70018
 20
-3.36838
 11
-1.6989
 21
-3.3705
  0
LINE
  8
0
 10
-1.6989
 20
-3.3705
 11
-1.69771
 21
-3.37267
  0
LINE
  8
0
 10
-1.69771
 20
-3.37267
 11
-1.69661
 21
-3.37488
  0
LINE
  8
0
 10
-1.69661
 20
-3.37488
 11
-1.6956
 21
-3.37714
  0
LINE
  8
0
 10
-1.6956
 20
-3.37714
 11
-1.69469
 21
-3.37943
  0
LINE
  8
0
 10
-1.69469
 20
-3.37943
 11
-1.69388
 21
-3.38176
  0
LINE
  8
0
 10
-1.69388
 20
-3.38176
 11
-1.69316
 21
-3.38412
  0
LINE
  8
0
 10
-1.69316
 20
-3.38412
 11
-1.69255
 21
-3.38652
  0
LINE
  8
0
 10
-1.69255
 20
-3.38652
 11
-1.69203
 21
-3.38893
  0
LINE
  8
0
 10
-1.69203
 20
-3.38893
 11
-1.69162
 21
-3.39137
  0
LINE
  8
0
 10
-1.69162
 20
-3.39137
 11
-1.69131
 21
-3.39383
  0
LINE
  8
0
 10
-1.69131
 20
-3.39383
 11
-1.69112
 21
-3.39629
  0
LINE
  8
0
 10
-1.69112
 20
-3.39629
 11
-1.69101
 21
-3.39876
  0
LINE
  8
0
 10
-1.69101
 20
-3.39876
 11
-1.69101
 21
-3.40123
  0
LINE
  8
0
 10
-1.69101
 20
-3.40123
 11
-1.69112
 21
-3.4037
  0
LINE
  8
0
 10
-1.69112
 20
-3.4037
 11
-1.69131
 21
-3.40616
  0
LINE
  8
0
 10
-1.69131
 20
-3.40616
 11
-1.69162
 21
-3.40862
  0
LINE
  8
0
 10
-1.69162
 20
-3.40862
 11
-1.69203
 21
-3.41104
  0
LINE
  8
0
 10
-1.69203
 20
-3.41104
 11
-1.69255
 21
-3.41347
  0
LINE
  8
0
 10
-1.69255
 20
-3.41347
 11
-1.69316
 21
-3.41586
  0
LINE
  8
0
 10
-1.69316
 20
-3.41586
 11
-1.69388
 21
-3.41823
  0
LINE
  8
0
 10
-1.69388
 20
-3.41823
 11
-1.69469
 21
-3.42056
  0
LINE
  8
0
 10
-1.69469
 20
-3.42056
 11
-1.6956
 21
-3.42285
  0
LINE
  8
0
 10
-1.6956
 20
-3.42285
 11
-1.69661
 21
-3.42511
  0
LINE
  8
0
 10
-1.69661
 20
-3.42511
 11
-1.69771
 21
-3.42732
  0
LINE
  8
0
 10
-1.69771
 20
-3.42732
 11
-1.6989
 21
-3.42949
  0
LINE
  8
0
 10
-1.6989
 20
-3.42949
 11
-1.70018
 21
-3.43161
  0
LINE
  8
0
 10
-1.70018
 20
-3.43161
 11
-1.70154
 21
-3.43367
  0
LINE
  8
0
 10
-1.70154
 20
-3.43367
 11
-1.703
 21
-3.43567
  0
LINE
  8
0
 10
-1.703
 20
-3.43567
 11
-1.70453
 21
-3.43761
  0
LINE
  8
0
 10
-1.70453
 20
-3.43761
 11
-1.70615
 21
-3.43947
  0
LINE
  8
0
 10
-1.70615
 20
-3.43947
 11
-1.70784
 21
-3.44127
  0
LINE
  8
0
 10
-1.70784
 20
-3.44127
 11
-1.70961
 21
-3.44301
  0
LINE
  8
0
 10
-1.70961
 20
-3.44301
 11
-1.71144
 21
-3.44466
  0
LINE
  8
0
 10
-1.71144
 20
-3.44466
 11
-1.71335
 21
-3.44623
  0
LINE
  8
0
 10
-1.71335
 20
-3.44623
 11
-1.71532
 21
-3.44772
  0
LINE
  8
0
 10
-1.71532
 20
-3.44772
 11
-1.71735
 21
-3.44913
  0
LINE
  8
0
 10
-1.71735
 20
-3.44913
 11
-1.71944
 21
-3.45045
  0
LINE
  8
0
 10
-1.71944
 20
-3.45045
 11
-1.72157
 21
-3.45169
  0
LINE
  8
0
 10
-1.72157
 20
-3.45169
 11
-1.72375
 21
-3.45284
  0
LINE
  8
0
 10
-1.72375
 20
-3.45284
 11
-1.726
 21
-3.45389
  0
LINE
  8
0
 10
-1.726
 20
-3.45389
 11
-1.72827
 21
-3.45485
  0
LINE
  8
0
 10
-1.72827
 20
-3.45485
 11
-1.73059
 21
-3.4557
  0
LINE
  8
0
 10
-1.73059
 20
-3.4557
 11
-1.73294
 21
-3.45647
  0
LINE
  8
0
 10
-1.73294
 20
-3.45647
 11
-1.73532
 21
-3.45714
  0
LINE
  8
0
 10
-1.73532
 20
-3.45714
 11
-1.73773
 21
-3.4577
  0
LINE
  8
0
 10
-1.73773
 20
-3.4577
 11
-1.74016
 21
-3.45816
  0
LINE
  8
0
 10
-1.74016
 20
-3.45816
 11
-1.7426
 21
-3.45853
  0
LINE
  8
0
 10
-1.7426
 20
-3.45853
 11
-1.74506
 21
-3.45879
  0
LINE
  8
0
 10
-1.74506
 20
-3.45879
 11
-1.74753
 21
-3.45894
  0
LINE
  8
0
 10
-1.74753
 20
-3.45894
 11
-1.75
 21
-3.459
  0
LINE
  8
0
 10
-1.75
 20
-3.459
 11
-1.75246
 21
-3.45894
  0
LINE
  8
0
 10
1.74753
 20
-3.45894
 11
1.74506
 21
-3.45879
  0
LINE
  8
0
 10
1.74506
 20
-3.45879
 11
1.7426
 21
-3.45853
  0
LINE
  8
0
 10
1.7426
 20
-3.45853
 11
1.74016
 21
-3.45816
  0
LINE
  8
0
 10
1.74016
 20
-3.45816
 11
1.73773
 21
-3.4577
  0
LINE
  8
0
 10
1.73773
 20
-3.4577
 11
1.73532
 21
-3.45714
  0
LINE
  8
0
 10
1.73532
 20
-3.45714
 11
1.73294
 21
-3.45647
  0
LINE
  8
0
 10
1.73294
 20
-3.45647
 11
1.73059
 21
-3.4557
  0
LINE
  8
0
 10
1.73059
 20
-3.4557
 11
1.72827
 21
-3.45485
  0
LINE
  8
0
 10
1.72827
 20
-3.45485
 11
1.726
 21
-3.45389
  0
LINE
  8
0
 10
1.726
 20
-3.45389
 11
1.72375
 21
-3.45284
  0
LINE
  8
0
 10
1.72375
 20
-3.45284
 11
1.72157
 21
-3.45169
  0
LINE
  8
0
 10
1.72157
 20
-3.45169
 11
1.71944
 21
-3.45045
  0
LINE
  8
0
 10
1.71944
 20
-3.45045
 11
1.71735
 21
-3.44913
  0
LINE
  8
0
 10
1.71735
 20
-3.44913
 11
1.71532
 21
-3.44772
  0
LINE
  8
0
 10
1.71532
 20
-3.44772
 11
1.71335
 21
-3.44623
  0
LINE
  8
0
 10
1.71335
 20
-3.44623
 11
1.71144
 21
-3.44466
  0
LINE
  8
0
 10
1.71144
 20
-3.44466
 11
1.70961
 21
-3.44301
  0
LINE
  8
0
 10
1.70961
 20
-3.44301
 11
1.70784
 21
-3.44127
  0
LINE
  8
0
 10
1.70784
 20
-3.44127
 11
1.70615
 21
-3.43947
  0
LINE
  8
0
 10
1.70615
 20
-3.43947
 11
1.70453
 21
-3.43761
  0
LINE
  8
0
 10
1.70453
 20
-3.43761
 11
1.703
 21
-3.43567
  0
LINE
  8
0
 10
1.703
 20
-3.43567
 11
1.70154
 21
-3.43367
  0
LINE
  8
0
 10
1.70154
 20
-3.43367
 11
1.70018
 21
-3.43161
  0
LINE
  8
0
 10
1.70018
 20
-3.43161
 11
1.6989
 21
-3.42949
  0
LINE
  8
0
 10
1.6989
 20
-3.42949
 11
1.69771
 21
-3.42732
  0
LINE
  8
0
 10
1.69771
 20
-3.42732
 11
1.69661
 21
-3.42511
  0
LINE
  8
0
 10
1.69661
 20
-3.42511
 11
1.6956
 21
-3.42285
  0
LINE
  8
0
 10
1.6956
 20
-3.42285
 11
1.69469
 21
-3.42056
  0
LINE
  8
0
 10
1.69469
 20
-3.42056
 11
1.69388
 21
-3.41823
  0
LINE
  8
0
 10
1.69388
 20
-3.41823
 11
1.69316
 21
-3.41586
  0
LINE
  8
0
 10
1.69316
 20
-3.41586
 11
1.69255
 21
-3.41347
  0
LINE
  8
0
 10
1.69255
 20
-3.41347
 11
1.69203
 21
-3.41104
  0
LINE
  8
0
 10
1.69203
 20
-3.41104
 11
1.69162
 21
-3.40862
  0
LINE
  8
0
 10
1.69162
 20
-3.40862
 11
1.69131
 21
-3.40616
  0
LINE
  8
0
 10
1.69131
 20
-3.40616
 11
1.69112
 21
-3.4037
  0
LINE
  8
0
 10
1.69112
 20
-3.4037
 11
1.69101
 21
-3.40123
  0
LINE
  8
0
 10
1.69101
 20
-3.40123
 11
1.69101
 21
-3.39876
  0
LINE
  8
0
 10
1.69101
 20
-3.39876
 11
1.69112
 21
-3.39629
  0
LINE
  8
0
 10
1.69112
 20
-3.39629
 11
1.69131
 21
-3.39383
  0
LINE
  8
0
 10
1.69131
 20
-3.39383
 11
1.69162
 21
-3.39137
  0
LINE
  8
0
 10
1.69162
 20
-3.39137
 11
1.69203
 21
-3.38893
  0
LINE
  8
0
 10
1.69203
 20
-3.38893
 11
1.69255
 21
-3.38652
  0
LINE
  8
0
 10
1.69255
 20
-3.38652
 11
1.69316
 21
-3.38412
  0
LINE
  8
0
 10
1.69316
 20
-3.38412
 11
1.69388
 21
-3.38176
  0
LINE
  8
0
 10
1.69388
 20
-3.38176
 11
1.69469
 21
-3.37943
  0
LINE
  8
0
 10
1.69469
 20
-3.37943
 11
1.6956
 21
-3.37714
  0
LINE
  8
0
 10
1.6956
 20
-3.37714
 11
1.69661
 21
-3.37488
  0
LINE
  8
0
 10
1.69661
 20
-3.37488
 11
1.69771
 21
-3.37267
  0
LINE
  8
0
 10
1.69771
 20
-3.37267
 11
1.6989
 21
-3.3705
  0
LINE
  8
0
 10
1.6989
 20
-3.3705
 11
1.70018
 21
-3.36838
  0
LINE
  8
0
 10
1.70018
 20
-3.36838
 11
1.70154
 21
-3.36632
  0
LINE
  8
0
 10
1.70154
 20
-3.36632
 11
1.703
 21
-3.36432
  0
LINE
  8
0
 10
1.703
 20
-3.36432
 11
1.70453
 21
-3.36238
  0
LINE
  8
0
 10
1.70453
 20
-3.36238
 11
1.70615
 21
-3.36052
  0
LINE
  8
0
 10
1.70615
 20
-3.36052
 11
1.70784
 21
-3.35872
  0
LINE
  8
0
 10
1.70784
 20
-3.35872
 11
1.70961
 21
-3.35698
  0
LINE
  8
0
 10
1.70961
 20
-3.35698
 11
1.71144
 21
-3.35533
  0
LINE
  8
0
 10
1.71144
 20
-3.35533
 11
1.71335
 21
-3.35376
  0
LINE
  8
0
 10
1.71335
 20
-3.35376
 11
1.71532
 21
-3.35226
  0
LINE
  8
0
 10
1.71532
 20
-3.35226
 11
1.71735
 21
-3.35085
  0
LINE
  8
0
 10
1.71735
 20
-3.35085
 11
1.71944
 21
-3.34953
  0
LINE
  8
0
 10
1.71944
 20
-3.34953
 11
1.72157
 21
-3.3483
  0
LINE
  8
0
 10
1.72157
 20
-3.3483
 11
1.72375
 21
-3.34715
  0
LINE
  8
0
 10
1.72375
 20
-3.34715
 11
1.726
 21
-3.3461
  0
LINE
  8
0
 10
1.726
 20
-3.3461
 11
1.72827
 21
-3.34514
  0
LINE
  8
0
 10
1.72827
 20
-3.34514
 11
1.73059
 21
-3.34427
  0
LINE
  8
0
 10
1.73059
 20
-3.34427
 11
1.73294
 21
-3.34351
  0
LINE
  8
0
 10
1.73294
 20
-3.34351
 11
1.73532
 21
-3.34285
  0
LINE
  8
0
 10
1.73532
 20
-3.34285
 11
1.73773
 21
-3.34229
  0
LINE
  8
0
 10
1.73773
 20
-3.34229
 11
1.74016
 21
-3.34181
  0
LINE
  8
0
 10
1.74016
 20
-3.34181
 11
1.7426
 21
-3.34146
  0
LINE
  8
0
 10
1.7426
 20
-3.34146
 11
1.74506
 21
-3.3412
  0
LINE
  8
0
 10
1.74506
 20
-3.3412
 11
1.74753
 21
-3.34105
  0
LINE
  8
0
 10
1.74753
 20
-3.34105
 11
1.75
 21
-3.34099
  0
LINE
  8
0
 10
1.75
 20
-3.34099
 11
1.75246
 21
-3.34105
  0
LINE
  8
0
 10
1.75246
 20
-3.34105
 11
1.75493
 21
-3.3412
  0
LINE
  8
0
 10
1.75493
 20
-3.3412
 11
1.75739
 21
-3.34146
  0
LINE
  8
0
 10
1.75739
 20
-3.34146
 11
1.75983
 21
-3.34181
  0
LINE
  8
0
 10
1.75983
 20
-3.34181
 11
1.76225
 21
-3.34229
  0
LINE
  8
0
 10
1.76225
 20
-3.34229
 11
1.76466
 21
-3.34285
  0
LINE
  8
0
 10
1.76466
 20
-3.34285
 11
1.76704
 21
-3.34351
  0
LINE
  8
0
 10
1.76704
 20
-3.34351
 11
1.76939
 21
-3.34427
  0
LINE
  8
0
 10
1.76939
 20
-3.34427
 11
1.77171
 21
-3.34514
  0
LINE
  8
0
 10
1.77171
 20
-3.34514
 11
1.77399
 21
-3.3461
  0
LINE
  8
0
 10
1.77399
 20
-3.3461
 11
1.77623
 21
-3.34715
  0
LINE
  8
0
 10
1.77623
 20
-3.34715
 11
1.77841
 21
-3.3483
  0
LINE
  8
0
 10
1.77841
 20
-3.3483
 11
1.78056
 21
-3.34953
  0
LINE
  8
0
 10
1.78056
 20
-3.34953
 11
1.78264
 21
-3.35085
  0
LINE
  8
0
 10
1.78264
 20
-3.35085
 11
1.78467
 21
-3.35226
  0
LINE
  8
0
 10
1.78467
 20
-3.35226
 11
1.78664
 21
-3.35376
  0
LINE
  8
0
 10
1.78664
 20
-3.35376
 11
1.78854
 21
-3.35533
  0
LINE
  8
0
 10
1.78854
 20
-3.35533
 11
1.79037
 21
-3.35698
  0
LINE
  8
0
 10
1.79037
 20
-3.35698
 11
1.79214
 21
-3.35872
  0
LINE
  8
0
 10
1.79214
 20
-3.35872
 11
1.79384
 21
-3.36052
  0
LINE
  8
0
 10
1.79384
 20
-3.36052
 11
1.79546
 21
-3.36238
  0
LINE
  8
0
 10
1.79546
 20
-3.36238
 11
1.79698
 21
-3.36432
  0
LINE
  8
0
 10
1.79698
 20
-3.36432
 11
1.79845
 21
-3.36632
  0
LINE
  8
0
 10
1.79845
 20
-3.36632
 11
1.7998
 21
-3.36838
  0
LINE
  8
0
 10
1.7998
 20
-3.36838
 11
1.80109
 21
-3.3705
  0
LINE
  8
0
 10
1.80109
 20
-3.3705
 11
1.80228
 21
-3.37267
  0
LINE
  8
0
 10
1.80228
 20
-3.37267
 11
1.80338
 21
-3.37488
  0
LINE
  8
0
 10
1.80338
 20
-3.37488
 11
1.80438
 21
-3.37714
  0
LINE
  8
0
 10
1.80438
 20
-3.37714
 11
1.8053
 21
-3.37943
  0
LINE
  8
0
 10
1.8053
 20
-3.37943
 11
1.80611
 21
-3.38176
  0
LINE
  8
0
 10
1.80611
 20
-3.38176
 11
1.80682
 21
-3.38412
  0
LINE
  8
0
 10
1.80682
 20
-3.38412
 11
1.80743
 21
-3.38652
  0
LINE
  8
0
 10
1.80743
 20
-3.38652
 11
1.80795
 21
-3.38893
  0
LINE
  8
0
 10
1.80795
 20
-3.38893
 11
1.80836
 21
-3.39137
  0
LINE
  8
0
 10
1.80836
 20
-3.39137
 11
1.80867
 21
-3.39383
  0
LINE
  8
0
 10
1.80867
 20
-3.39383
 11
1.80887
 21
-3.39629
  0
LINE
  8
0
 10
1.80887
 20
-3.39629
 11
1.80898
 21
-3.39876
  0
LINE
  8
0
 10
1.80898
 20
-3.39876
 11
1.80898
 21
-3.40123
  0
LINE
  8
0
 10
1.80898
 20
-3.40123
 11
1.80887
 21
-3.4037
  0
LINE
  8
0
 10
1.80887
 20
-3.4037
 11
1.80867
 21
-3.40616
  0
LINE
  8
0
 10
1.80867
 20
-3.40616
 11
1.80836
 21
-3.40862
  0
LINE
  8
0
 10
1.80836
 20
-3.40862
 11
1.80795
 21
-3.41104
  0
LINE
  8
0
 10
1.80795
 20
-3.41104
 11
1.80743
 21
-3.41347
  0
LINE
  8
0
 10
1.80743
 20
-3.41347
 11
1.80682
 21
-3.41586
  0
LINE
  8
0
 10
1.80682
 20
-3.41586
 11
1.80611
 21
-3.41823
  0
LINE
  8
0
 10
1.80611
 20
-3.41823
 11
1.8053
 21
-3.42056
  0
LINE
  8
0
 10
1.8053
 20
-3.42056
 11
1.80438
 21
-3.42285
  0
LINE
  8
0
 10
1.80438
 20
-3.42285
 11
1.80338
 21
-3.42511
  0
LINE
  8
0
 10
1.80338
 20
-3.42511
 11
1.80228
 21
-3.42732
  0
LINE
  8
0
 10
1.80228
 20
-3.42732
 11
1.80109
 21
-3.42949
  0
LINE
  8
0
 10
1.80109
 20
-3.42949
 11
1.7998
 21
-3.43161
  0
LINE
  8
0
 10
1.7998
 20
-3.43161
 11
1.79845
 21
-3.43367
  0
LINE
  8
0
 10
1.79845
 20
-3.43367
 11
1.79698
 21
-3.43567
  0
LINE
  8
0
 10
1.79698
 20
-3.43567
 11
1.79546
 21
-3.43761
  0
LINE
  8
0
 10
1.79546
 20
-3.43761
 11
1.79384
 21
-3.43947
  0
LINE
  8
0
 10
1.79384
 20
-3.43947
 11
1.79214
 21
-3.44127
  0
LINE
  8
0
 10
1.79214
 20
-3.44127
 11
1.79037
 21
-3.44301
  0
LINE
  8
0
 10
1.79037
 20
-3.44301
 11
1.78854
 21
-3.44466
  0
LINE
  8
0
 10
1.78854
 20
-3.44466
 11
1.78664
 21
-3.44623
  0
LINE
  8
0
 10
1.78664
 20
-3.44623
 11
1.78467
 21
-3.44772
  0
LINE
  8
0
 10
1.78467
 20
-3.44772
 11
1.78264
 21
-3.44913
  0
LINE
  8
0
 10
1.78264
 20
-3.44913
 11
1.78056
 21
-3.45045
  0
LINE
  8
0
 10
1.78056
 20
-3.45045
 11
1.77841
 21
-3.45169
  0
LINE
  8
0
 10
1.77841
 20
-3.45169
 11
1.77623
 21
-3.45284
  0
LINE
  8
0
 10
1.77623
 20
-3.45284
 11
1.77399
 21
-3.45389
  0
LINE
  8
0
 10
1.77399
 20
-3.45389
 11
1.77171
 21
-3.45485
  0
LINE
  8
0
 10
1.77171
 20
-3.45485
 11
1.76939
 21
-3.4557
  0
LINE
  8
0
 10
1.76939
 20
-3.4557
 11
1.76704
 21
-3.45647
  0
LINE
  8
0
 10
1.76704
 20
-3.45647
 11
1.76466
 21
-3.45714
  0
LINE
  8
0
 10
1.76466
 20
-3.45714
 11
1.76225
 21
-3.4577
  0
LINE
  8
0
 10
1.76225
 20
-3.4577
 11
1.75983
 21
-3.45816
  0
LINE
  8
0
 10
1.75983
 20
-3.45816
 11
1.75739
 21
-3.45853
  0
LINE
  8
0
 10
1.75739
 20
-3.45853
 11
1.75493
 21
-3.45879
  0
LINE
  8
0
 10
1.75493
 20
-3.45879
 11
1.75246
 21
-3.45894
  0
LINE
  8
0
 10
1.75246
 20
-3.45894
 11
1.75
 21
-3.459
  0
LINE
  8
0
 10
1.75
 20
-3.459
 11
1.74753
 21
-3.45894
  0
ENDSEC
  0
SECTION
  2
OBJECTS
  0
DICTIONARY
  0
ENDSEC
  0
EOF
