  0
SECTION
  2
BLOCKS
  0
ENDSEC
  0
SECTION
  2
ENTITIES
  0
LINE
  8
0
 10
-0.0726318
 20
-4.87944
 11
0.0319672
 21
-4.87506
  0
LINE
  8
0
 10
0.0319672
 20
-4.87506
 11
0.136307
 21
-4.8663
  0
LINE
  8
0
 10
0.136307
 20
-4.8663
 11
0.240204
 21
-4.85318
  0
LINE
  8
0
 10
0.240204
 20
-4.85318
 11
0.343445
 21
-4.83571
  0
LINE
  8
0
 10
0.343445
 20
-4.83571
 11
0.445877
 21
-4.81393
  0
LINE
  8
0
 10
0.445877
 20
-4.81393
 11
0.547287
 21
-4.7879
  0
LINE
  8
0
 10
0.547287
 20
-4.7879
 11
0.647537
 21
-4.75763
  0
LINE
  8
0
 10
0.647537
 20
-4.75763
 11
0.699997
 21
-4.73936
  0
LINE
  8
0
 10
0.699997
 20
-4.73936
 11
0.699997
 21
-3.09999
  0
LINE
  8
0
 10
0.699997
 20
-3.09999
 11
2.26901
 21
-3.09999
  0
LINE
  8
0
 10
2.26901
 20
-3.09999
 11
2.29645
 21
-3.00172
  0
LINE
  8
0
 10
2.29645
 20
-3.00172
 11
2.32036
 21
-2.89977
  0
LINE
  8
0
 10
2.32036
 20
-2.89977
 11
2.33998
 21
-2.79692
  0
LINE
  8
0
 10
2.33998
 20
-2.79692
 11
2.35529
 21
-2.69333
  0
LINE
  8
0
 10
2.35529
 20
-2.69333
 11
2.36623
 21
-2.58919
  0
LINE
  8
0
 10
2.36623
 20
-2.58919
 11
2.3728
 21
-2.48468
  0
LINE
  8
0
 10
2.3728
 20
-2.48468
 11
2.375
 21
-2.37999
  0
LINE
  8
0
 10
2.375
 20
-2.37999
 11
2.375
 21
0.399994
  0
LINE
  8
0
 10
2.375
 20
0.399994
 11
2.37486
 21
0.406281
  0
LINE
  8
0
 10
2.37486
 20
0.406281
 11
2.37447
 21
0.412537
  0
LINE
  8
0
 10
2.37447
 20
0.412537
 11
2.37381
 21
0.418793
  0
LINE
  8
0
 10
2.37381
 20
0.418793
 11
2.37289
 21
0.425003
  0
LINE
  8
0
 10
2.37289
 20
0.425003
 11
2.37172
 21
0.431183
  0
LINE
  8
0
 10
2.37172
 20
0.431183
 11
2.37029
 21
0.437302
  0
LINE
  8
0
 10
2.37029
 20
0.437302
 11
2.36859
 21
0.443344
  0
LINE
  8
0
 10
2.36859
 20
0.443344
 11
2.36665
 21
0.449326
  0
LINE
  8
0
 10
2.36665
 20
0.449326
 11
2.36446
 21
0.455215
  0
LINE
  8
0
 10
2.36446
 20
0.455215
 11
2.36203
 21
0.460999
  0
LINE
  8
0
 10
2.36203
 20
0.460999
 11
2.35934
 21
0.46669
  0
LINE
  8
0
 10
2.35934
 20
0.46669
 11
2.35645
 21
0.47226
  0
LINE
  8
0
 10
2.35645
 20
0.47226
 11
2.3533
 21
0.477692
  0
LINE
  8
0
 10
2.3533
 20
0.477692
 11
2.34993
 21
0.483002
  0
LINE
  8
0
 10
2.34993
 20
0.483002
 11
2.34634
 21
0.488159
  0
LINE
  8
0
 10
2.34634
 20
0.488159
 11
2.34254
 21
0.493164
  0
LINE
  8
0
 10
2.34254
 20
0.493164
 11
2.33855
 21
0.498001
  0
LINE
  8
0
 10
2.33855
 20
0.498001
 11
2.33434
 21
0.50267
  0
LINE
  8
0
 10
2.33434
 20
0.50267
 11
2.32994
 21
0.507156
  0
LINE
  8
0
 10
2.32994
 20
0.507156
 11
2.32536
 21
0.511459
  0
LINE
  8
0
 10
2.32536
 20
0.511459
 11
2.3206
 21
0.515564
  0
LINE
  8
0
 10
2.3206
 20
0.515564
 11
1.19516
 21
1.4447
  0
LINE
  8
0
 10
1.19516
 20
1.4447
 11
1.13362
 21
1.49348
  0
LINE
  8
0
 10
1.13362
 20
1.49348
 11
1.07008
 21
1.53964
  0
LINE
  8
0
 10
1.07008
 20
1.53964
 11
1.00467
 21
1.58311
  0
LINE
  8
0
 10
1.00467
 20
1.58311
 11
0.9375
 21
1.62379
  0
LINE
  8
0
 10
0.9375
 20
1.62379
 11
0.868668
 21
1.66162
  0
LINE
  8
0
 10
0.868668
 20
1.66162
 11
0.798325
 21
1.69655
  0
LINE
  8
0
 10
0.798325
 20
1.69655
 11
0.726578
 21
1.72849
  0
LINE
  8
0
 10
0.726578
 20
1.72849
 11
0.653564
 21
1.7574
  0
LINE
  8
0
 10
0.653564
 20
1.7574
 11
0.579407
 21
1.78322
  0
LINE
  8
0
 10
0.579407
 20
1.78322
 11
0.504211
 21
1.80592
  0
LINE
  8
0
 10
0.504211
 20
1.80592
 11
0.428146
 21
1.82545
  0
LINE
  8
0
 10
0.428146
 20
1.82545
 11
0.351334
 21
1.84178
  0
LINE
  8
0
 10
0.351334
 20
1.84178
 11
0.273895
 21
1.85487
  0
LINE
  8
0
 10
0.273895
 20
1.85487
 11
0.195984
 21
1.86472
  0
LINE
  8
0
 10
0.195984
 20
1.86472
 11
0.117722
 21
1.87129
  0
LINE
  8
0
 10
0.117722
 20
1.87129
 11
0.0392609
 21
1.87459
  0
LINE
  8
0
 10
0.0392609
 20
1.87459
 11
-0.0392609
 21
1.87459
  0
LINE
  8
0
 10
-0.0392609
 20
1.87459
 11
-0.117722
 21
1.87129
  0
LINE
  8
0
 10
-0.117722
 20
1.87129
 11
-0.195984
 21
1.86472
  0
LINE
  8
0
 10
-0.195984
 20
1.86472
 11
-0.273895
 21
1.85487
  0
LINE
  8
0
 10
-0.273895
 20
1.85487
 11
-0.351334
 21
1.84178
  0
LINE
  8
0
 10
-0.351334
 20
1.84178
 11
-0.428146
 21
1.82545
  0
LINE
  8
0
 10
-0.428146
 20
1.82545
 11
-6.25925
 21
0.546036
  0
LINE
  8
0
 10
-6.25925
 20
0.546036
 11
-6.26534
 21
0.544464
  0
LINE
  8
0
 10
-6.26534
 20
0.544464
 11
-6.27135
 21
0.542648
  0
LINE
  8
0
 10
-6.27135
 20
0.542648
 11
-6.27728
 21
0.540588
  0
LINE
  8
0
 10
-6.27728
 20
0.540588
 11
-6.28313
 21
0.538269
  0
LINE
  8
0
 10
-6.28313
 20
0.538269
 11
-6.28886
 21
0.535721
  0
LINE
  8
0
 10
-6.28886
 20
0.535721
 11
-6.29448
 21
0.532928
  0
LINE
  8
0
 10
-6.29448
 20
0.532928
 11
-6.29999
 21
0.529892
  0
LINE
  8
0
 10
-6.29999
 20
0.529892
 11
-6.30536
 21
0.526642
  0
LINE
  8
0
 10
-6.30536
 20
0.526642
 11
-6.31059
 21
0.523163
  0
LINE
  8
0
 10
-6.31059
 20
0.523163
 11
-6.31569
 21
0.51947
  0
LINE
  8
0
 10
-6.31569
 20
0.51947
 11
-6.3206
 21
0.515564
  0
LINE
  8
0
 10
-6.3206
 20
0.515564
 11
-6.32536
 21
0.511459
  0
LINE
  8
0
 10
-6.32536
 20
0.511459
 11
-6.32994
 21
0.507156
  0
LINE
  8
0
 10
-6.32994
 20
0.507156
 11
-6.33434
 21
0.50267
  0
LINE
  8
0
 10
-6.33434
 20
0.50267
 11
-6.33855
 21
0.498001
  0
LINE
  8
0
 10
-6.33855
 20
0.498001
 11
-6.34254
 21
0.493164
  0
LINE
  8
0
 10
-6.34254
 20
0.493164
 11
-6.34634
 21
0.488159
  0
LINE
  8
0
 10
-6.34634
 20
0.488159
 11
-6.34993
 21
0.483002
  0
LINE
  8
0
 10
-6.34993
 20
0.483002
 11
-6.3533
 21
0.477692
  0
LINE
  8
0
 10
-6.3533
 20
0.477692
 11
-6.35645
 21
0.47226
  0
LINE
  8
0
 10
-6.35645
 20
0.47226
 11
-6.35934
 21
0.46669
  0
LINE
  8
0
 10
-6.35934
 20
0.46669
 11
-6.36203
 21
0.460999
  0
LINE
  8
0
 10
-6.36203
 20
0.460999
 11
-6.36446
 21
0.455215
  0
LINE
  8
0
 10
-6.36446
 20
0.455215
 11
-6.36665
 21
0.449326
  0
LINE
  8
0
 10
-6.36665
 20
0.449326
 11
-6.36859
 21
0.443344
  0
LINE
  8
0
 10
-6.36859
 20
0.443344
 11
-6.37029
 21
0.437302
  0
LINE
  8
0
 10
-6.37029
 20
0.437302
 11
-6.37172
 21
0.431183
  0
LINE
  8
0
 10
-6.37172
 20
0.431183
 11
-6.37289
 21
0.425003
  0
LINE
  8
0
 10
-6.37289
 20
0.425003
 11
-6.37381
 21
0.418793
  0
LINE
  8
0
 10
-6.37381
 20
0.418793
 11
-6.37447
 21
0.412537
  0
LINE
  8
0
 10
-6.37447
 20
0.412537
 11
-6.37486
 21
0.406281
  0
LINE
  8
0
 10
-6.37486
 20
0.406281
 11
-6.375
 21
0.399994
  0
LINE
  8
0
 10
-6.375
 20
0.399994
 11
-6.375
 21
0
  0
LINE
  8
0
 10
-6.375
 20
0
 11
-6.3694
 21
-0.266953
  0
LINE
  8
0
 10
-6.3694
 20
-0.266953
 11
-6.35263
 21
-0.533432
  0
LINE
  8
0
 10
-6.35263
 20
-0.533432
 11
-6.32472
 21
-0.798996
  0
LINE
  8
0
 10
-6.32472
 20
-0.798996
 11
-6.28572
 21
-1.06314
  0
LINE
  8
0
 10
-6.28572
 20
-1.06314
 11
-6.23569
 21
-1.32542
  0
LINE
  8
0
 10
-6.23569
 20
-1.32542
 11
-6.17471
 21
-1.58539
  0
LINE
  8
0
 10
-6.17471
 20
-1.58539
 11
-6.10291
 21
-1.84258
  0
LINE
  8
0
 10
-6.10291
 20
-1.84258
 11
-6.02039
 21
-2.09651
  0
LINE
  8
0
 10
-6.02039
 20
-2.09651
 11
-5.92732
 21
-2.34679
  0
LINE
  8
0
 10
-5.92732
 20
-2.34679
 11
-5.82384
 21
-2.59294
  0
LINE
  8
0
 10
-5.82384
 20
-2.59294
 11
-5.71016
 21
-2.83455
  0
LINE
  8
0
 10
-5.71016
 20
-2.83455
 11
-5.58644
 21
-3.07117
  0
LINE
  8
0
 10
-5.58644
 20
-3.07117
 11
-5.45294
 21
-3.30241
  0
LINE
  8
0
 10
-5.45294
 20
-3.30241
 11
-5.30986
 21
-3.52786
  0
LINE
  8
0
 10
-5.30986
 20
-3.52786
 11
-5.15747
 21
-3.74712
  0
LINE
  8
0
 10
-5.15747
 20
-3.74712
 11
-4.99603
 21
-3.95981
  0
LINE
  8
0
 10
-4.99603
 20
-3.95981
 11
-4.82584
 21
-4.16554
  0
LINE
  8
0
 10
-4.82584
 20
-4.16554
 11
-4.64717
 21
-4.36398
  0
LINE
  8
0
 10
-4.64717
 20
-4.36398
 11
-4.46034
 21
-4.55475
  0
LINE
  8
0
 10
-4.46034
 20
-4.55475
 11
-4.2657
 21
-4.73753
  0
LINE
  8
0
 10
-4.2657
 20
-4.73753
 11
-4.09726
 21
-4.88293
  0
LINE
  8
0
 10
-4.09726
 20
-4.88293
 11
-0.0726318
 21
-4.87944
  0
LINE
  8
0
 10
-2.90337
 20
0.549271
 11
-2.90674
 21
0.549484
  0
LINE
  8
0
 10
-2.90674
 20
0.549484
 11
-2.91011
 21
0.549835
  0
LINE
  8
0
 10
-2.91011
 20
0.549835
 11
-2.91345
 21
0.550339
  0
LINE
  8
0
 10
-2.91345
 20
0.550339
 11
-2.91678
 21
0.550964
  0
LINE
  8
0
 10
-2.91678
 20
0.550964
 11
-2.92006
 21
0.551743
  0
LINE
  8
0
 10
-2.92006
 20
0.551743
 11
-2.92332
 21
0.552643
  0
LINE
  8
0
 10
-2.92332
 20
0.552643
 11
-2.92653
 21
0.553696
  0
LINE
  8
0
 10
-2.92653
 20
0.553696
 11
-2.9297
 21
0.554871
  0
LINE
  8
0
 10
-2.9297
 20
0.554871
 11
-2.93282
 21
0.556183
  0
LINE
  8
0
 10
-2.93282
 20
0.556183
 11
-2.93588
 21
0.557617
  0
LINE
  8
0
 10
-2.93588
 20
0.557617
 11
-2.93887
 21
0.559189
  0
LINE
  8
0
 10
-2.93887
 20
0.559189
 11
-2.9418
 21
0.560883
  0
LINE
  8
0
 10
-2.9418
 20
0.560883
 11
-2.94466
 21
0.562683
  0
LINE
  8
0
 10
-2.94466
 20
0.562683
 11
-2.94743
 21
0.564621
  0
LINE
  8
0
 10
-2.94743
 20
0.564621
 11
-2.95012
 21
0.566666
  0
LINE
  8
0
 10
-2.95012
 20
0.566666
 11
-2.95273
 21
0.568817
  0
LINE
  8
0
 10
-2.95273
 20
0.568817
 11
-2.95525
 21
0.571075
  0
LINE
  8
0
 10
-2.95525
 20
0.571075
 11
-2.95766
 21
0.573441
  0
LINE
  8
0
 10
-2.95766
 20
0.573441
 11
-2.95998
 21
0.575912
  0
LINE
  8
0
 10
-2.95998
 20
0.575912
 11
-2.96217
 21
0.578461
  0
LINE
  8
0
 10
-2.96217
 20
0.578461
 11
-2.96428
 21
0.581116
  0
LINE
  8
0
 10
-2.96428
 20
0.581116
 11
-2.96626
 21
0.583847
  0
LINE
  8
0
 10
-2.96626
 20
0.583847
 11
-2.96814
 21
0.58667
  0
LINE
  8
0
 10
-2.96814
 20
0.58667
 11
-2.96989
 21
0.589554
  0
LINE
  8
0
 10
-2.96989
 20
0.589554
 11
-2.97151
 21
0.592514
  0
LINE
  8
0
 10
-2.97151
 20
0.592514
 11
-2.97302
 21
0.595551
  0
LINE
  8
0
 10
-2.97302
 20
0.595551
 11
-2.9744
 21
0.598633
  0
LINE
  8
0
 10
-2.9744
 20
0.598633
 11
-2.97563
 21
0.601776
  0
LINE
  8
0
 10
-2.97563
 20
0.601776
 11
-2.97675
 21
0.60498
  0
LINE
  8
0
 10
-2.97675
 20
0.60498
 11
-2.97772
 21
0.608215
  0
LINE
  8
0
 10
-2.97772
 20
0.608215
 11
-2.97856
 21
0.611481
  0
LINE
  8
0
 10
-2.97856
 20
0.611481
 11
-2.97928
 21
0.614792
  0
LINE
  8
0
 10
-2.97928
 20
0.614792
 11
-2.97983
 21
0.618118
  0
LINE
  8
0
 10
-2.97983
 20
0.618118
 11
-2.98026
 21
0.621475
  0
LINE
  8
0
 10
-2.98026
 20
0.621475
 11
-2.98055
 21
0.624847
  0
LINE
  8
0
 10
-2.98055
 20
0.624847
 11
-2.98068
 21
0.62822
  0
LINE
  8
0
 10
-2.98068
 20
0.62822
 11
-2.98068
 21
0.631607
  0
LINE
  8
0
 10
-2.98068
 20
0.631607
 11
-2.98055
 21
0.634979
  0
LINE
  8
0
 10
-2.98055
 20
0.634979
 11
-2.98026
 21
0.638351
  0
LINE
  8
0
 10
-2.98026
 20
0.638351
 11
-2.97983
 21
0.641708
  0
LINE
  8
0
 10
-2.97983
 20
0.641708
 11
-2.97928
 21
0.645035
  0
LINE
  8
0
 10
-2.97928
 20
0.645035
 11
-2.97856
 21
0.648346
  0
LINE
  8
0
 10
-2.97856
 20
0.648346
 11
-2.97772
 21
0.651611
  0
LINE
  8
0
 10
-2.97772
 20
0.651611
 11
-2.97675
 21
0.654861
  0
LINE
  8
0
 10
-2.97675
 20
0.654861
 11
-2.97563
 21
0.658051
  0
LINE
  8
0
 10
-2.97563
 20
0.658051
 11
-2.9744
 21
0.661194
  0
LINE
  8
0
 10
-2.9744
 20
0.661194
 11
-2.97302
 21
0.664276
  0
LINE
  8
0
 10
-2.97302
 20
0.664276
 11
-2.97151
 21
0.667313
  0
LINE
  8
0
 10
-2.97151
 20
0.667313
 11
-2.96989
 21
0.670273
  0
LINE
  8
0
 10
-2.96989
 20
0.670273
 11
-2.96814
 21
0.673157
  0
LINE
  8
0
 10
-2.96814
 20
0.673157
 11
-2.96626
 21
0.67598
  0
LINE
  8
0
 10
-2.96626
 20
0.67598
 11
-2.96428
 21
0.678711
  0
LINE
  8
0
 10
-2.96428
 20
0.678711
 11
-2.96217
 21
0.681366
  0
LINE
  8
0
 10
-2.96217
 20
0.681366
 11
-2.95998
 21
0.683914
  0
LINE
  8
0
 10
-2.95998
 20
0.683914
 11
-2.95766
 21
0.686386
  0
LINE
  8
0
 10
-2.95766
 20
0.686386
 11
-2.95525
 21
0.688751
  0
LINE
  8
0
 10
-2.95525
 20
0.688751
 11
-2.95273
 21
0.69101
  0
LINE
  8
0
 10
-2.95273
 20
0.69101
 11
-2.95012
 21
0.693161
  0
LINE
  8
0
 10
-2.95012
 20
0.693161
 11
-2.94743
 21
0.695206
  0
LINE
  8
0
 10
-2.94743
 20
0.695206
 11
-2.94466
 21
0.697144
  0
LINE
  8
0
 10
-2.94466
 20
0.697144
 11
-2.9418
 21
0.698944
  0
LINE
  8
0
 10
-2.9418
 20
0.698944
 11
-2.93887
 21
0.700638
  0
LINE
  8
0
 10
-2.93887
 20
0.700638
 11
-2.93588
 21
0.702209
  0
LINE
  8
0
 10
-2.93588
 20
0.702209
 11
-2.93282
 21
0.703644
  0
LINE
  8
0
 10
-2.93282
 20
0.703644
 11
-2.9297
 21
0.704956
  0
LINE
  8
0
 10
-2.9297
 20
0.704956
 11
-2.92653
 21
0.706131
  0
LINE
  8
0
 10
-2.92653
 20
0.706131
 11
-2.92332
 21
0.707184
  0
LINE
  8
0
 10
-2.92332
 20
0.707184
 11
-2.92006
 21
0.708084
  0
LINE
  8
0
 10
-2.92006
 20
0.708084
 11
-2.91678
 21
0.708862
  0
LINE
  8
0
 10
-2.91678
 20
0.708862
 11
-2.91345
 21
0.709488
  0
LINE
  8
0
 10
-2.91345
 20
0.709488
 11
-2.91011
 21
0.709991
  0
LINE
  8
0
 10
-2.91011
 20
0.709991
 11
-2.90674
 21
0.710342
  0
LINE
  8
0
 10
-2.90674
 20
0.710342
 11
-2.90337
 21
0.710556
  0
LINE
  8
0
 10
-2.90337
 20
0.710556
 11
-2.89999
 21
0.710617
  0
LINE
  8
0
 10
-2.89999
 20
0.710617
 11
-2.89661
 21
0.710556
  0
LINE
  8
0
 10
-2.89661
 20
0.710556
 11
-2.89323
 21
0.710342
  0
LINE
  8
0
 10
-2.89323
 20
0.710342
 11
-2.88988
 21
0.709991
  0
LINE
  8
0
 10
-2.88988
 20
0.709991
 11
-2.88654
 21
0.709488
  0
LINE
  8
0
 10
-2.88654
 20
0.709488
 11
-2.88321
 21
0.708862
  0
LINE
  8
0
 10
-2.88321
 20
0.708862
 11
-2.87993
 21
0.708084
  0
LINE
  8
0
 10
-2.87993
 20
0.708084
 11
-2.87666
 21
0.707184
  0
LINE
  8
0
 10
-2.87666
 20
0.707184
 11
-2.87344
 21
0.706131
  0
LINE
  8
0
 10
-2.87344
 20
0.706131
 11
-2.87029
 21
0.704956
  0
LINE
  8
0
 10
-2.87029
 20
0.704956
 11
-2.86717
 21
0.703644
  0
LINE
  8
0
 10
-2.86717
 20
0.703644
 11
-2.86411
 21
0.702209
  0
LINE
  8
0
 10
-2.86411
 20
0.702209
 11
-2.86111
 21
0.700638
  0
LINE
  8
0
 10
-2.86111
 20
0.700638
 11
-2.85818
 21
0.698944
  0
LINE
  8
0
 10
-2.85818
 20
0.698944
 11
-2.85533
 21
0.697144
  0
LINE
  8
0
 10
-2.85533
 20
0.697144
 11
-2.85255
 21
0.695206
  0
LINE
  8
0
 10
-2.85255
 20
0.695206
 11
-2.84985
 21
0.693161
  0
LINE
  8
0
 10
-2.84985
 20
0.693161
 11
-2.84726
 21
0.69101
  0
LINE
  8
0
 10
-2.84726
 20
0.69101
 11
-2.84474
 21
0.688751
  0
LINE
  8
0
 10
-2.84474
 20
0.688751
 11
-2.84233
 21
0.686386
  0
LINE
  8
0
 10
-2.84233
 20
0.686386
 11
-2.84001
 21
0.683914
  0
LINE
  8
0
 10
-2.84001
 20
0.683914
 11
-2.8378
 21
0.681366
  0
LINE
  8
0
 10
-2.8378
 20
0.681366
 11
-2.83571
 21
0.678711
  0
LINE
  8
0
 10
-2.83571
 20
0.678711
 11
-2.83372
 21
0.67598
  0
LINE
  8
0
 10
-2.83372
 20
0.67598
 11
-2.83185
 21
0.673157
  0
LINE
  8
0
 10
-2.83185
 20
0.673157
 11
-2.83009
 21
0.670273
  0
LINE
  8
0
 10
-2.83009
 20
0.670273
 11
-2.82848
 21
0.667313
  0
LINE
  8
0
 10
-2.82848
 20
0.667313
 11
-2.82697
 21
0.664276
  0
LINE
  8
0
 10
-2.82697
 20
0.664276
 11
-2.82559
 21
0.661194
  0
LINE
  8
0
 10
-2.82559
 20
0.661194
 11
-2.82434
 21
0.658051
  0
LINE
  8
0
 10
-2.82434
 20
0.658051
 11
-2.82323
 21
0.654861
  0
LINE
  8
0
 10
-2.82323
 20
0.654861
 11
-2.82225
 21
0.651611
  0
LINE
  8
0
 10
-2.82225
 20
0.651611
 11
-2.82141
 21
0.648346
  0
LINE
  8
0
 10
-2.82141
 20
0.648346
 11
-2.82071
 21
0.645035
  0
LINE
  8
0
 10
-2.82071
 20
0.645035
 11
-2.82014
 21
0.641708
  0
LINE
  8
0
 10
-2.82014
 20
0.641708
 11
-2.81973
 21
0.638351
  0
LINE
  8
0
 10
-2.81973
 20
0.638351
 11
-2.81944
 21
0.634979
  0
LINE
  8
0
 10
-2.81944
 20
0.634979
 11
-2.81931
 21
0.631607
  0
LINE
  8
0
 10
-2.81931
 20
0.631607
 11
-2.81931
 21
0.62822
  0
LINE
  8
0
 10
-2.81931
 20
0.62822
 11
-2.81944
 21
0.624847
  0
LINE
  8
0
 10
-2.81944
 20
0.624847
 11
-2.81973
 21
0.621475
  0
LINE
  8
0
 10
-2.81973
 20
0.621475
 11
-2.82014
 21
0.618118
  0
LINE
  8
0
 10
-2.82014
 20
0.618118
 11
-2.82071
 21
0.614792
  0
LINE
  8
0
 10
-2.82071
 20
0.614792
 11
-2.82141
 21
0.611481
  0
LINE
  8
0
 10
-2.82141
 20
0.611481
 11
-2.82225
 21
0.608215
  0
LINE
  8
0
 10
-2.82225
 20
0.608215
 11
-2.82323
 21
0.60498
  0
LINE
  8
0
 10
-2.82323
 20
0.60498
 11
-2.82434
 21
0.601776
  0
LINE
  8
0
 10
-2.82434
 20
0.601776
 11
-2.82559
 21
0.598633
  0
LINE
  8
0
 10
-2.82559
 20
0.598633
 11
-2.82697
 21
0.595551
  0
LINE
  8
0
 10
-2.82697
 20
0.595551
 11
-2.82848
 21
0.592514
  0
LINE
  8
0
 10
-2.82848
 20
0.592514
 11
-2.83009
 21
0.589554
  0
LINE
  8
0
 10
-2.83009
 20
0.589554
 11
-2.83185
 21
0.58667
  0
LINE
  8
0
 10
-2.83185
 20
0.58667
 11
-2.83372
 21
0.583847
  0
LINE
  8
0
 10
-2.83372
 20
0.583847
 11
-2.83571
 21
0.581116
  0
LINE
  8
0
 10
-2.83571
 20
0.581116
 11
-2.8378
 21
0.578461
  0
LINE
  8
0
 10
-2.8378
 20
0.578461
 11
-2.84001
 21
0.575912
  0
LINE
  8
0
 10
-2.84001
 20
0.575912
 11
-2.84233
 21
0.573441
  0
LINE
  8
0
 10
-2.84233
 20
0.573441
 11
-2.84474
 21
0.571075
  0
LINE
  8
0
 10
-2.84474
 20
0.571075
 11
-2.84726
 21
0.568817
  0
LINE
  8
0
 10
-2.84726
 20
0.568817
 11
-2.84985
 21
0.566666
  0
LINE
  8
0
 10
-2.84985
 20
0.566666
 11
-2.85255
 21
0.564621
  0
LINE
  8
0
 10
-2.85255
 20
0.564621
 11
-2.85533
 21
0.562683
  0
LINE
  8
0
 10
-2.85533
 20
0.562683
 11
-2.85818
 21
0.560883
  0
LINE
  8
0
 10
-2.85818
 20
0.560883
 11
-2.86111
 21
0.559189
  0
LINE
  8
0
 10
-2.86111
 20
0.559189
 11
-2.86411
 21
0.557617
  0
LINE
  8
0
 10
-2.86411
 20
0.557617
 11
-2.86717
 21
0.556183
  0
LINE
  8
0
 10
-2.86717
 20
0.556183
 11
-2.87029
 21
0.554871
  0
LINE
  8
0
 10
-2.87029
 20
0.554871
 11
-2.87344
 21
0.553696
  0
LINE
  8
0
 10
-2.87344
 20
0.553696
 11
-2.87666
 21
0.552643
  0
LINE
  8
0
 10
-2.87666
 20
0.552643
 11
-2.87993
 21
0.551743
  0
LINE
  8
0
 10
-2.87993
 20
0.551743
 11
-2.88321
 21
0.550964
  0
LINE
  8
0
 10
-2.88321
 20
0.550964
 11
-2.88654
 21
0.550339
  0
LINE
  8
0
 10
-2.88654
 20
0.550339
 11
-2.88988
 21
0.549835
  0
LINE
  8
0
 10
-2.88988
 20
0.549835
 11
-2.89323
 21
0.549484
  0
LINE
  8
0
 10
-2.89323
 20
0.549484
 11
-2.89661
 21
0.549271
  0
LINE
  8
0
 10
-2.89661
 20
0.549271
 11
-2.89999
 21
0.54921
  0
LINE
  8
0
 10
-2.89999
 20
0.54921
 11
-2.90337
 21
0.549271
  0
LINE
  8
0
 10
-1.90337
 20
0.549271
 11
-1.90674
 21
0.549484
  0
LINE
  8
0
 10
-1.90674
 20
0.549484
 11
-1.91011
 21
0.549835
  0
LINE
  8
0
 10
-1.91011
 20
0.549835
 11
-1.91345
 21
0.550339
  0
LINE
  8
0
 10
-1.91345
 20
0.550339
 11
-1.91678
 21
0.550964
  0
LINE
  8
0
 10
-1.91678
 20
0.550964
 11
-1.92006
 21
0.551743
  0
LINE
  8
0
 10
-1.92006
 20
0.551743
 11
-1.92332
 21
0.552643
  0
LINE
  8
0
 10
-1.92332
 20
0.552643
 11
-1.92653
 21
0.553696
  0
LINE
  8
0
 10
-1.92653
 20
0.553696
 11
-1.9297
 21
0.554871
  0
LINE
  8
0
 10
-1.9297
 20
0.554871
 11
-1.93282
 21
0.556183
  0
LINE
  8
0
 10
-1.93282
 20
0.556183
 11
-1.93588
 21
0.557617
  0
LINE
  8
0
 10
-1.93588
 20
0.557617
 11
-1.93887
 21
0.559189
  0
LINE
  8
0
 10
-1.93887
 20
0.559189
 11
-1.9418
 21
0.560883
  0
LINE
  8
0
 10
-1.9418
 20
0.560883
 11
-1.94466
 21
0.562683
  0
LINE
  8
0
 10
-1.94466
 20
0.562683
 11
-1.94743
 21
0.564621
  0
LINE
  8
0
 10
-1.94743
 20
0.564621
 11
-1.95012
 21
0.566666
  0
LINE
  8
0
 10
-1.95012
 20
0.566666
 11
-1.95273
 21
0.568817
  0
LINE
  8
0
 10
-1.95273
 20
0.568817
 11
-1.95525
 21
0.571075
  0
LINE
  8
0
 10
-1.95525
 20
0.571075
 11
-1.95766
 21
0.573441
  0
LINE
  8
0
 10
-1.95766
 20
0.573441
 11
-1.95998
 21
0.575912
  0
LINE
  8
0
 10
-1.95998
 20
0.575912
 11
-1.96217
 21
0.578461
  0
LINE
  8
0
 10
-1.96217
 20
0.578461
 11
-1.96428
 21
0.581116
  0
LINE
  8
0
 10
-1.96428
 20
0.581116
 11
-1.96626
 21
0.583847
  0
LINE
  8
0
 10
-1.96626
 20
0.583847
 11
-1.96814
 21
0.58667
  0
LINE
  8
0
 10
-1.96814
 20
0.58667
 11
-1.96989
 21
0.589554
  0
LINE
  8
0
 10
-1.96989
 20
0.589554
 11
-1.97151
 21
0.592514
  0
LINE
  8
0
 10
-1.97151
 20
0.592514
 11
-1.97302
 21
0.595551
  0
LINE
  8
0
 10
-1.97302
 20
0.595551
 11
-1.9744
 21
0.598633
  0
LINE
  8
0
 10
-1.9744
 20
0.598633
 11
-1.97563
 21
0.601776
  0
LINE
  8
0
 10
-1.97563
 20
0.601776
 11
-1.97675
 21
0.60498
  0
LINE
  8
0
 10
-1.97675
 20
0.60498
 11
-1.97772
 21
0.608215
  0
LINE
  8
0
 10
-1.97772
 20
0.608215
 11
-1.97856
 21
0.611481
  0
LINE
  8
0
 10
-1.97856
 20
0.611481
 11
-1.97928
 21
0.614792
  0
LINE
  8
0
 10
-1.97928
 20
0.614792
 11
-1.97983
 21
0.618118
  0
LINE
  8
0
 10
-1.97983
 20
0.618118
 11
-1.98026
 21
0.621475
  0
LINE
  8
0
 10
-1.98026
 20
0.621475
 11
-1.98055
 21
0.624847
  0
LINE
  8
0
 10
-1.98055
 20
0.624847
 11
-1.98068
 21
0.62822
  0
LINE
  8
0
 10
-1.98068
 20
0.62822
 11
-1.98068
 21
0.631607
  0
LINE
  8
0
 10
-1.98068
 20
0.631607
 11
-1.98055
 21
0.634979
  0
LINE
  8
0
 10
-1.98055
 20
0.634979
 11
-1.98026
 21
0.638351
  0
LINE
  8
0
 10
-1.98026
 20
0.638351
 11
-1.97983
 21
0.641708
  0
LINE
  8
0
 10
-1.97983
 20
0.641708
 11
-1.97928
 21
0.645035
  0
LINE
  8
0
 10
-1.97928
 20
0.645035
 11
-1.97856
 21
0.648346
  0
LINE
  8
0
 10
-1.97856
 20
0.648346
 11
-1.97772
 21
0.651611
  0
LINE
  8
0
 10
-1.97772
 20
0.651611
 11
-1.97675
 21
0.654861
  0
LINE
  8
0
 10
-1.97675
 20
0.654861
 11
-1.97563
 21
0.658051
  0
LINE
  8
0
 10
-1.97563
 20
0.658051
 11
-1.9744
 21
0.661194
  0
LINE
  8
0
 10
-1.9744
 20
0.661194
 11
-1.97302
 21
0.664276
  0
LINE
  8
0
 10
-1.97302
 20
0.664276
 11
-1.97151
 21
0.667313
  0
LINE
  8
0
 10
-1.97151
 20
0.667313
 11
-1.96989
 21
0.670273
  0
LINE
  8
0
 10
-1.96989
 20
0.670273
 11
-1.96814
 21
0.673157
  0
LINE
  8
0
 10
-1.96814
 20
0.673157
 11
-1.96626
 21
0.67598
  0
LINE
  8
0
 10
-1.96626
 20
0.67598
 11
-1.96428
 21
0.678711
  0
LINE
  8
0
 10
-1.96428
 20
0.678711
 11
-1.96217
 21
0.681366
  0
LINE
  8
0
 10
-1.96217
 20
0.681366
 11
-1.95998
 21
0.683914
  0
LINE
  8
0
 10
-1.95998
 20
0.683914
 11
-1.95766
 21
0.686386
  0
LINE
  8
0
 10
-1.95766
 20
0.686386
 11
-1.95525
 21
0.688751
  0
LINE
  8
0
 10
-1.95525
 20
0.688751
 11
-1.95273
 21
0.69101
  0
LINE
  8
0
 10
-1.95273
 20
0.69101
 11
-1.95012
 21
0.693161
  0
LINE
  8
0
 10
-1.95012
 20
0.693161
 11
-1.94743
 21
0.695206
  0
LINE
  8
0
 10
-1.94743
 20
0.695206
 11
-1.94466
 21
0.697144
  0
LINE
  8
0
 10
-1.94466
 20
0.697144
 11
-1.9418
 21
0.698944
  0
LINE
  8
0
 10
-1.9418
 20
0.698944
 11
-1.93887
 21
0.700638
  0
LINE
  8
0
 10
-1.93887
 20
0.700638
 11
-1.93588
 21
0.702209
  0
LINE
  8
0
 10
-1.93588
 20
0.702209
 11
-1.93282
 21
0.703644
  0
LINE
  8
0
 10
-1.93282
 20
0.703644
 11
-1.9297
 21
0.704956
  0
LINE
  8
0
 10
-1.9297
 20
0.704956
 11
-1.92653
 21
0.706131
  0
LINE
  8
0
 10
-1.92653
 20
0.706131
 11
-1.92332
 21
0.707184
  0
LINE
  8
0
 10
-1.92332
 20
0.707184
 11
-1.92006
 21
0.708084
  0
LINE
  8
0
 10
-1.92006
 20
0.708084
 11
-1.91678
 21
0.708862
  0
LINE
  8
0
 10
-1.91678
 20
0.708862
 11
-1.91345
 21
0.709488
  0
LINE
  8
0
 10
-1.91345
 20
0.709488
 11
-1.91011
 21
0.709991
  0
LINE
  8
0
 10
-1.91011
 20
0.709991
 11
-1.90674
 21
0.710342
  0
LINE
  8
0
 10
-1.90674
 20
0.710342
 11
-1.90337
 21
0.710556
  0
LINE
  8
0
 10
-1.90337
 20
0.710556
 11
-1.89999
 21
0.710617
  0
LINE
  8
0
 10
-1.89999
 20
0.710617
 11
-1.89661
 21
0.710556
  0
LINE
  8
0
 10
-1.89661
 20
0.710556
 11
-1.89323
 21
0.710342
  0
LINE
  8
0
 10
-1.89323
 20
0.710342
 11
-1.88988
 21
0.709991
  0
LINE
  8
0
 10
-1.88988
 20
0.709991
 11
-1.88654
 21
0.709488
  0
LINE
  8
0
 10
-1.88654
 20
0.709488
 11
-1.88321
 21
0.708862
  0
LINE
  8
0
 10
-1.88321
 20
0.708862
 11
-1.87993
 21
0.708084
  0
LINE
  8
0
 10
-1.87993
 20
0.708084
 11
-1.87666
 21
0.707184
  0
LINE
  8
0
 10
-1.87666
 20
0.707184
 11
-1.87344
 21
0.706131
  0
LINE
  8
0
 10
-1.87344
 20
0.706131
 11
-1.87029
 21
0.704956
  0
LINE
  8
0
 10
-1.87029
 20
0.704956
 11
-1.86717
 21
0.703644
  0
LINE
  8
0
 10
-1.86717
 20
0.703644
 11
-1.86411
 21
0.702209
  0
LINE
  8
0
 10
-1.86411
 20
0.702209
 11
-1.86111
 21
0.700638
  0
LINE
  8
0
 10
-1.86111
 20
0.700638
 11
-1.85818
 21
0.698944
  0
LINE
  8
0
 10
-1.85818
 20
0.698944
 11
-1.85533
 21
0.697144
  0
LINE
  8
0
 10
-1.85533
 20
0.697144
 11
-1.85255
 21
0.695206
  0
LINE
  8
0
 10
-1.85255
 20
0.695206
 11
-1.84985
 21
0.693161
  0
LINE
  8
0
 10
-1.84985
 20
0.693161
 11
-1.84726
 21
0.69101
  0
LINE
  8
0
 10
-1.84726
 20
0.69101
 11
-1.84474
 21
0.688751
  0
LINE
  8
0
 10
-1.84474
 20
0.688751
 11
-1.84233
 21
0.686386
  0
LINE
  8
0
 10
-1.84233
 20
0.686386
 11
-1.84001
 21
0.683914
  0
LINE
  8
0
 10
-1.84001
 20
0.683914
 11
-1.8378
 21
0.681366
  0
LINE
  8
0
 10
-1.8378
 20
0.681366
 11
-1.83571
 21
0.678711
  0
LINE
  8
0
 10
-1.83571
 20
0.678711
 11
-1.83372
 21
0.67598
  0
LINE
  8
0
 10
-1.83372
 20
0.67598
 11
-1.83185
 21
0.673157
  0
LINE
  8
0
 10
-1.83185
 20
0.673157
 11
-1.83009
 21
0.670273
  0
LINE
  8
0
 10
-1.83009
 20
0.670273
 11
-1.82848
 21
0.667313
  0
LINE
  8
0
 10
-1.82848
 20
0.667313
 11
-1.82697
 21
0.664276
  0
LINE
  8
0
 10
-1.82697
 20
0.664276
 11
-1.82559
 21
0.661194
  0
LINE
  8
0
 10
-1.82559
 20
0.661194
 11
-1.82434
 21
0.658051
  0
LINE
  8
0
 10
-1.82434
 20
0.658051
 11
-1.82323
 21
0.654861
  0
LINE
  8
0
 10
-1.82323
 20
0.654861
 11
-1.82225
 21
0.651611
  0
LINE
  8
0
 10
-1.82225
 20
0.651611
 11
-1.82141
 21
0.648346
  0
LINE
  8
0
 10
-1.82141
 20
0.648346
 11
-1.82071
 21
0.645035
  0
LINE
  8
0
 10
-1.82071
 20
0.645035
 11
-1.82014
 21
0.641708
  0
LINE
  8
0
 10
-1.82014
 20
0.641708
 11
-1.81973
 21
0.638351
  0
LINE
  8
0
 10
-1.81973
 20
0.638351
 11
-1.81944
 21
0.634979
  0
LINE
  8
0
 10
-1.81944
 20
0.634979
 11
-1.81931
 21
0.631607
  0
LINE
  8
0
 10
-1.81931
 20
0.631607
 11
-1.81931
 21
0.62822
  0
LINE
  8
0
 10
-1.81931
 20
0.62822
 11
-1.81944
 21
0.624847
  0
LINE
  8
0
 10
-1.81944
 20
0.624847
 11
-1.81973
 21
0.621475
  0
LINE
  8
0
 10
-1.81973
 20
0.621475
 11
-1.82014
 21
0.618118
  0
LINE
  8
0
 10
-1.82014
 20
0.618118
 11
-1.82071
 21
0.614792
  0
LINE
  8
0
 10
-1.82071
 20
0.614792
 11
-1.82141
 21
0.611481
  0
LINE
  8
0
 10
-1.82141
 20
0.611481
 11
-1.82225
 21
0.608215
  0
LINE
  8
0
 10
-1.82225
 20
0.608215
 11
-1.82323
 21
0.60498
  0
LINE
  8
0
 10
-1.82323
 20
0.60498
 11
-1.82434
 21
0.601776
  0
LINE
  8
0
 10
-1.82434
 20
0.601776
 11
-1.82559
 21
0.598633
  0
LINE
  8
0
 10
-1.82559
 20
0.598633
 11
-1.82697
 21
0.595551
  0
LINE
  8
0
 10
-1.82697
 20
0.595551
 11
-1.82848
 21
0.592514
  0
LINE
  8
0
 10
-1.82848
 20
0.592514
 11
-1.83009
 21
0.589554
  0
LINE
  8
0
 10
-1.83009
 20
0.589554
 11
-1.83185
 21
0.58667
  0
LINE
  8
0
 10
-1.83185
 20
0.58667
 11
-1.83372
 21
0.583847
  0
LINE
  8
0
 10
-1.83372
 20
0.583847
 11
-1.83571
 21
0.581116
  0
LINE
  8
0
 10
-1.83571
 20
0.581116
 11
-1.8378
 21
0.578461
  0
LINE
  8
0
 10
-1.8378
 20
0.578461
 11
-1.84001
 21
0.575912
  0
LINE
  8
0
 10
-1.84001
 20
0.575912
 11
-1.84233
 21
0.573441
  0
LINE
  8
0
 10
-1.84233
 20
0.573441
 11
-1.84474
 21
0.571075
  0
LINE
  8
0
 10
-1.84474
 20
0.571075
 11
-1.84726
 21
0.568817
  0
LINE
  8
0
 10
-1.84726
 20
0.568817
 11
-1.84985
 21
0.566666
  0
LINE
  8
0
 10
-1.84985
 20
0.566666
 11
-1.85255
 21
0.564621
  0
LINE
  8
0
 10
-1.85255
 20
0.564621
 11
-1.85533
 21
0.562683
  0
LINE
  8
0
 10
-1.85533
 20
0.562683
 11
-1.85818
 21
0.560883
  0
LINE
  8
0
 10
-1.85818
 20
0.560883
 11
-1.86111
 21
0.559189
  0
LINE
  8
0
 10
-1.86111
 20
0.559189
 11
-1.86411
 21
0.557617
  0
LINE
  8
0
 10
-1.86411
 20
0.557617
 11
-1.86717
 21
0.556183
  0
LINE
  8
0
 10
-1.86717
 20
0.556183
 11
-1.87029
 21
0.554871
  0
LINE
  8
0
 10
-1.87029
 20
0.554871
 11
-1.87344
 21
0.553696
  0
LINE
  8
0
 10
-1.87344
 20
0.553696
 11
-1.87666
 21
0.552643
  0
LINE
  8
0
 10
-1.87666
 20
0.552643
 11
-1.87993
 21
0.551743
  0
LINE
  8
0
 10
-1.87993
 20
0.551743
 11
-1.88321
 21
0.550964
  0
LINE
  8
0
 10
-1.88321
 20
0.550964
 11
-1.88654
 21
0.550339
  0
LINE
  8
0
 10
-1.88654
 20
0.550339
 11
-1.88988
 21
0.549835
  0
LINE
  8
0
 10
-1.88988
 20
0.549835
 11
-1.89323
 21
0.549484
  0
LINE
  8
0
 10
-1.89323
 20
0.549484
 11
-1.89661
 21
0.549271
  0
LINE
  8
0
 10
-1.89661
 20
0.549271
 11
-1.89999
 21
0.54921
  0
LINE
  8
0
 10
-1.89999
 20
0.54921
 11
-1.90337
 21
0.549271
  0
LINE
  8
0
 10
-0.903366
 20
0.549271
 11
-0.906738
 21
0.549484
  0
LINE
  8
0
 10
-0.906738
 20
0.549484
 11
-0.91011
 21
0.549835
  0
LINE
  8
0
 10
-0.91011
 20
0.549835
 11
-0.913452
 21
0.550339
  0
LINE
  8
0
 10
-0.913452
 20
0.550339
 11
-0.916779
 21
0.550964
  0
LINE
  8
0
 10
-0.916779
 20
0.550964
 11
-0.920059
 21
0.551743
  0
LINE
  8
0
 10
-0.920059
 20
0.551743
 11
-0.923325
 21
0.552643
  0
LINE
  8
0
 10
-0.923325
 20
0.552643
 11
-0.926529
 21
0.553696
  0
LINE
  8
0
 10
-0.926529
 20
0.553696
 11
-0.929703
 21
0.554871
  0
LINE
  8
0
 10
-0.929703
 20
0.554871
 11
-0.932816
 21
0.556183
  0
LINE
  8
0
 10
-0.932816
 20
0.556183
 11
-0.935883
 21
0.557617
  0
LINE
  8
0
 10
-0.935883
 20
0.557617
 11
-0.938873
 21
0.559189
  0
LINE
  8
0
 10
-0.938873
 20
0.559189
 11
-0.941803
 21
0.560883
  0
LINE
  8
0
 10
-0.941803
 20
0.560883
 11
-0.944656
 21
0.562683
  0
LINE
  8
0
 10
-0.944656
 20
0.562683
 11
-0.947433
 21
0.564621
  0
LINE
  8
0
 10
-0.947433
 20
0.564621
 11
-0.950119
 21
0.566666
  0
LINE
  8
0
 10
-0.950119
 20
0.566666
 11
-0.952728
 21
0.568817
  0
LINE
  8
0
 10
-0.952728
 20
0.568817
 11
-0.955246
 21
0.571075
  0
LINE
  8
0
 10
-0.955246
 20
0.571075
 11
-0.957657
 21
0.573441
  0
LINE
  8
0
 10
-0.957657
 20
0.573441
 11
-0.959976
 21
0.575912
  0
LINE
  8
0
 10
-0.959976
 20
0.575912
 11
-0.962173
 21
0.578461
  0
LINE
  8
0
 10
-0.962173
 20
0.578461
 11
-0.964279
 21
0.581116
  0
LINE
  8
0
 10
-0.964279
 20
0.581116
 11
-0.966263
 21
0.583847
  0
LINE
  8
0
 10
-0.966263
 20
0.583847
 11
-0.96814
 21
0.58667
  0
LINE
  8
0
 10
-0.96814
 20
0.58667
 11
-0.969894
 21
0.589554
  0
LINE
  8
0
 10
-0.969894
 20
0.589554
 11
-0.971512
 21
0.592514
  0
LINE
  8
0
 10
-0.971512
 20
0.592514
 11
-0.973022
 21
0.595551
  0
LINE
  8
0
 10
-0.973022
 20
0.595551
 11
-0.974396
 21
0.598633
  0
LINE
  8
0
 10
-0.974396
 20
0.598633
 11
-0.975632
 21
0.601776
  0
LINE
  8
0
 10
-0.975632
 20
0.601776
 11
-0.976746
 21
0.60498
  0
LINE
  8
0
 10
-0.976746
 20
0.60498
 11
-0.977722
 21
0.608215
  0
LINE
  8
0
 10
-0.977722
 20
0.608215
 11
-0.978561
 21
0.611481
  0
LINE
  8
0
 10
-0.978561
 20
0.611481
 11
-0.979279
 21
0.614792
  0
LINE
  8
0
 10
-0.979279
 20
0.614792
 11
-0.979828
 21
0.618118
  0
LINE
  8
0
 10
-0.979828
 20
0.618118
 11
-0.980255
 21
0.621475
  0
LINE
  8
0
 10
-0.980255
 20
0.621475
 11
-0.980545
 21
0.624847
  0
LINE
  8
0
 10
-0.980545
 20
0.624847
 11
-0.980682
 21
0.62822
  0
LINE
  8
0
 10
-0.980682
 20
0.62822
 11
-0.980682
 21
0.631607
  0
LINE
  8
0
 10
-0.980682
 20
0.631607
 11
-0.980545
 21
0.634979
  0
LINE
  8
0
 10
-0.980545
 20
0.634979
 11
-0.980255
 21
0.638351
  0
LINE
  8
0
 10
-0.980255
 20
0.638351
 11
-0.979828
 21
0.641708
  0
LINE
  8
0
 10
-0.979828
 20
0.641708
 11
-0.979279
 21
0.645035
  0
LINE
  8
0
 10
-0.979279
 20
0.645035
 11
-0.978561
 21
0.648346
  0
LINE
  8
0
 10
-0.978561
 20
0.648346
 11
-0.977722
 21
0.651611
  0
LINE
  8
0
 10
-0.977722
 20
0.651611
 11
-0.976746
 21
0.654861
  0
LINE
  8
0
 10
-0.976746
 20
0.654861
 11
-0.975632
 21
0.658051
  0
LINE
  8
0
 10
-0.975632
 20
0.658051
 11
-0.974396
 21
0.661194
  0
LINE
  8
0
 10
-0.974396
 20
0.661194
 11
-0.973022
 21
0.664276
  0
LINE
  8
0
 10
-0.973022
 20
0.664276
 11
-0.971512
 21
0.667313
  0
LINE
  8
0
 10
-0.971512
 20
0.667313
 11
-0.969894
 21
0.670273
  0
LINE
  8
0
 10
-0.969894
 20
0.670273
 11
-0.96814
 21
0.673157
  0
LINE
  8
0
 10
-0.96814
 20
0.673157
 11
-0.966263
 21
0.67598
  0
LINE
  8
0
 10
-0.966263
 20
0.67598
 11
-0.964279
 21
0.678711
  0
LINE
  8
0
 10
-0.964279
 20
0.678711
 11
-0.962173
 21
0.681366
  0
LINE
  8
0
 10
-0.962173
 20
0.681366
 11
-0.959976
 21
0.683914
  0
LINE
  8
0
 10
-0.959976
 20
0.683914
 11
-0.957657
 21
0.686386
  0
LINE
  8
0
 10
-0.957657
 20
0.686386
 11
-0.955246
 21
0.688751
  0
LINE
  8
0
 10
-0.955246
 20
0.688751
 11
-0.952728
 21
0.69101
  0
LINE
  8
0
 10
-0.952728
 20
0.69101
 11
-0.950119
 21
0.693161
  0
LINE
  8
0
 10
-0.950119
 20
0.693161
 11
-0.947433
 21
0.695206
  0
LINE
  8
0
 10
-0.947433
 20
0.695206
 11
-0.944656
 21
0.697144
  0
LINE
  8
0
 10
-0.944656
 20
0.697144
 11
-0.941803
 21
0.698944
  0
LINE
  8
0
 10
-0.941803
 20
0.698944
 11
-0.938873
 21
0.700638
  0
LINE
  8
0
 10
-0.938873
 20
0.700638
 11
-0.935883
 21
0.702209
  0
LINE
  8
0
 10
-0.935883
 20
0.702209
 11
-0.932816
 21
0.703644
  0
LINE
  8
0
 10
-0.932816
 20
0.703644
 11
-0.929703
 21
0.704956
  0
LINE
  8
0
 10
-0.929703
 20
0.704956
 11
-0.926529
 21
0.706131
  0
LINE
  8
0
 10
-0.926529
 20
0.706131
 11
-0.923325
 21
0.707184
  0
LINE
  8
0
 10
-0.923325
 20
0.707184
 11
-0.920059
 21
0.708084
  0
LINE
  8
0
 10
-0.920059
 20
0.708084
 11
-0.916779
 21
0.708862
  0
LINE
  8
0
 10
-0.916779
 20
0.708862
 11
-0.913452
 21
0.709488
  0
LINE
  8
0
 10
-0.913452
 20
0.709488
 11
-0.91011
 21
0.709991
  0
LINE
  8
0
 10
-0.91011
 20
0.709991
 11
-0.906738
 21
0.710342
  0
LINE
  8
0
 10
-0.906738
 20
0.710342
 11
-0.903366
 21
0.710556
  0
LINE
  8
0
 10
-0.903366
 20
0.710556
 11
-0.899994
 21
0.710617
  0
LINE
  8
0
 10
-0.899994
 20
0.710617
 11
-0.896606
 21
0.710556
  0
LINE
  8
0
 10
-0.896606
 20
0.710556
 11
-0.893234
 21
0.710342
  0
LINE
  8
0
 10
-0.893234
 20
0.710342
 11
-0.889877
 21
0.709991
  0
LINE
  8
0
 10
-0.889877
 20
0.709991
 11
-0.886536
 21
0.709488
  0
LINE
  8
0
 10
-0.886536
 20
0.709488
 11
-0.883209
 21
0.708862
  0
LINE
  8
0
 10
-0.883209
 20
0.708862
 11
-0.879929
 21
0.708084
  0
LINE
  8
0
 10
-0.879929
 20
0.708084
 11
-0.876663
 21
0.707184
  0
LINE
  8
0
 10
-0.876663
 20
0.707184
 11
-0.873444
 21
0.706131
  0
LINE
  8
0
 10
-0.873444
 20
0.706131
 11
-0.870285
 21
0.704956
  0
LINE
  8
0
 10
-0.870285
 20
0.704956
 11
-0.867172
 21
0.703644
  0
LINE
  8
0
 10
-0.867172
 20
0.703644
 11
-0.864105
 21
0.702209
  0
LINE
  8
0
 10
-0.864105
 20
0.702209
 11
-0.861115
 21
0.700638
  0
LINE
  8
0
 10
-0.861115
 20
0.700638
 11
-0.858185
 21
0.698944
  0
LINE
  8
0
 10
-0.858185
 20
0.698944
 11
-0.855331
 21
0.697144
  0
LINE
  8
0
 10
-0.855331
 20
0.697144
 11
-0.852554
 21
0.695206
  0
LINE
  8
0
 10
-0.852554
 20
0.695206
 11
-0.849854
 21
0.693161
  0
LINE
  8
0
 10
-0.849854
 20
0.693161
 11
-0.84726
 21
0.69101
  0
LINE
  8
0
 10
-0.84726
 20
0.69101
 11
-0.844742
 21
0.688751
  0
LINE
  8
0
 10
-0.844742
 20
0.688751
 11
-0.842331
 21
0.686386
  0
LINE
  8
0
 10
-0.842331
 20
0.686386
 11
-0.840012
 21
0.683914
  0
LINE
  8
0
 10
-0.840012
 20
0.683914
 11
-0.837799
 21
0.681366
  0
LINE
  8
0
 10
-0.837799
 20
0.681366
 11
-0.835709
 21
0.678711
  0
LINE
  8
0
 10
-0.835709
 20
0.678711
 11
-0.833725
 21
0.67598
  0
LINE
  8
0
 10
-0.833725
 20
0.67598
 11
-0.831848
 21
0.673157
  0
LINE
  8
0
 10
-0.831848
 20
0.673157
 11
-0.830093
 21
0.670273
  0
LINE
  8
0
 10
-0.830093
 20
0.670273
 11
-0.828476
 21
0.667313
  0
LINE
  8
0
 10
-0.828476
 20
0.667313
 11
-0.826965
 21
0.664276
  0
LINE
  8
0
 10
-0.826965
 20
0.664276
 11
-0.825592
 21
0.661194
  0
LINE
  8
0
 10
-0.825592
 20
0.661194
 11
-0.824341
 21
0.658051
  0
LINE
  8
0
 10
-0.824341
 20
0.658051
 11
-0.823227
 21
0.654861
  0
LINE
  8
0
 10
-0.823227
 20
0.654861
 11
-0.82225
 21
0.651611
  0
LINE
  8
0
 10
-0.82225
 20
0.651611
 11
-0.821411
 21
0.648346
  0
LINE
  8
0
 10
-0.821411
 20
0.648346
 11
-0.820709
 21
0.645035
  0
LINE
  8
0
 10
-0.820709
 20
0.645035
 11
-0.820145
 21
0.641708
  0
LINE
  8
0
 10
-0.820145
 20
0.641708
 11
-0.819733
 21
0.638351
  0
LINE
  8
0
 10
-0.819733
 20
0.638351
 11
-0.819443
 21
0.634979
  0
LINE
  8
0
 10
-0.819443
 20
0.634979
 11
-0.819305
 21
0.631607
  0
LINE
  8
0
 10
-0.819305
 20
0.631607
 11
-0.819305
 21
0.62822
  0
LINE
  8
0
 10
-0.819305
 20
0.62822
 11
-0.819443
 21
0.624847
  0
LINE
  8
0
 10
-0.819443
 20
0.624847
 11
-0.819733
 21
0.621475
  0
LINE
  8
0
 10
-0.819733
 20
0.621475
 11
-0.820145
 21
0.618118
  0
LINE
  8
0
 10
-0.820145
 20
0.618118
 11
-0.820709
 21
0.614792
  0
LINE
  8
0
 10
-0.820709
 20
0.614792
 11
-0.821411
 21
0.611481
  0
LINE
  8
0
 10
-0.821411
 20
0.611481
 11
-0.82225
 21
0.608215
  0
LINE
  8
0
 10
-0.82225
 20
0.608215
 11
-0.823227
 21
0.60498
  0
LINE
  8
0
 10
-0.823227
 20
0.60498
 11
-0.824341
 21
0.601776
  0
LINE
  8
0
 10
-0.824341
 20
0.601776
 11
-0.825592
 21
0.598633
  0
LINE
  8
0
 10
-0.825592
 20
0.598633
 11
-0.826965
 21
0.595551
  0
LINE
  8
0
 10
-0.826965
 20
0.595551
 11
-0.828476
 21
0.592514
  0
LINE
  8
0
 10
-0.828476
 20
0.592514
 11
-0.830093
 21
0.589554
  0
LINE
  8
0
 10
-0.830093
 20
0.589554
 11
-0.831848
 21
0.58667
  0
LINE
  8
0
 10
-0.831848
 20
0.58667
 11
-0.833725
 21
0.583847
  0
LINE
  8
0
 10
-0.833725
 20
0.583847
 11
-0.835709
 21
0.581116
  0
LINE
  8
0
 10
-0.835709
 20
0.581116
 11
-0.837799
 21
0.578461
  0
LINE
  8
0
 10
-0.837799
 20
0.578461
 11
-0.840012
 21
0.575912
  0
LINE
  8
0
 10
-0.840012
 20
0.575912
 11
-0.842331
 21
0.573441
  0
LINE
  8
0
 10
-0.842331
 20
0.573441
 11
-0.844742
 21
0.571075
  0
LINE
  8
0
 10
-0.844742
 20
0.571075
 11
-0.84726
 21
0.568817
  0
LINE
  8
0
 10
-0.84726
 20
0.568817
 11
-0.849854
 21
0.566666
  0
LINE
  8
0
 10
-0.849854
 20
0.566666
 11
-0.852554
 21
0.564621
  0
LINE
  8
0
 10
-0.852554
 20
0.564621
 11
-0.855331
 21
0.562683
  0
LINE
  8
0
 10
-0.855331
 20
0.562683
 11
-0.858185
 21
0.560883
  0
LINE
  8
0
 10
-0.858185
 20
0.560883
 11
-0.861115
 21
0.559189
  0
LINE
  8
0
 10
-0.861115
 20
0.559189
 11
-0.864105
 21
0.557617
  0
LINE
  8
0
 10
-0.864105
 20
0.557617
 11
-0.867172
 21
0.556183
  0
LINE
  8
0
 10
-0.867172
 20
0.556183
 11
-0.870285
 21
0.554871
  0
LINE
  8
0
 10
-0.870285
 20
0.554871
 11
-0.873444
 21
0.553696
  0
LINE
  8
0
 10
-0.873444
 20
0.553696
 11
-0.876663
 21
0.552643
  0
LINE
  8
0
 10
-0.876663
 20
0.552643
 11
-0.879929
 21
0.551743
  0
LINE
  8
0
 10
-0.879929
 20
0.551743
 11
-0.883209
 21
0.550964
  0
LINE
  8
0
 10
-0.883209
 20
0.550964
 11
-0.886536
 21
0.550339
  0
LINE
  8
0
 10
-0.886536
 20
0.550339
 11
-0.889877
 21
0.549835
  0
LINE
  8
0
 10
-0.889877
 20
0.549835
 11
-0.893234
 21
0.549484
  0
LINE
  8
0
 10
-0.893234
 20
0.549484
 11
-0.896606
 21
0.549271
  0
LINE
  8
0
 10
-0.896606
 20
0.549271
 11
-0.899994
 21
0.54921
  0
LINE
  8
0
 10
-0.899994
 20
0.54921
 11
-0.903366
 21
0.549271
  0
LINE
  8
0
 10
-0.00253296
 20
0.364746
 11
-0.00590515
 21
0.364914
  0
LINE
  8
0
 10
-0.00590515
 20
0.364914
 11
-0.00926208
 21
0.365234
  0
LINE
  8
0
 10
-0.00926208
 20
0.365234
 11
-0.012619
 21
0.365692
  0
LINE
  8
0
 10
-0.012619
 20
0.365692
 11
-0.0159454
 21
0.366302
  0
LINE
  8
0
 10
-0.0159454
 20
0.366302
 11
-0.0192413
 21
0.367035
  0
LINE
  8
0
 10
-0.0192413
 20
0.367035
 11
-0.0225067
 21
0.367905
  0
LINE
  8
0
 10
-0.0225067
 20
0.367905
 11
-0.0257416
 21
0.368927
  0
LINE
  8
0
 10
-0.0257416
 20
0.368927
 11
-0.0289154
 21
0.370071
  0
LINE
  8
0
 10
-0.0289154
 20
0.370071
 11
-0.0320435
 21
0.371338
  0
LINE
  8
0
 10
-0.0320435
 20
0.371338
 11
-0.0351257
 21
0.372757
  0
LINE
  8
0
 10
-0.0351257
 20
0.372757
 11
-0.0381317
 21
0.374283
  0
LINE
  8
0
 10
-0.0381317
 20
0.374283
 11
-0.0410767
 21
0.375946
  0
LINE
  8
0
 10
-0.0410767
 20
0.375946
 11
-0.0439453
 21
0.377731
  0
LINE
  8
0
 10
-0.0439453
 20
0.377731
 11
-0.0467529
 21
0.379623
  0
LINE
  8
0
 10
-0.0467529
 20
0.379623
 11
-0.0494537
 21
0.381638
  0
LINE
  8
0
 10
-0.0494537
 20
0.381638
 11
-0.0520935
 21
0.383774
  0
LINE
  8
0
 10
-0.0520935
 20
0.383774
 11
-0.0546265
 21
0.386002
  0
LINE
  8
0
 10
-0.0546265
 20
0.386002
 11
-0.0570679
 21
0.388336
  0
LINE
  8
0
 10
-0.0570679
 20
0.388336
 11
-0.0594025
 21
0.390778
  0
LINE
  8
0
 10
-0.0594025
 20
0.390778
 11
-0.0616302
 21
0.393326
  0
LINE
  8
0
 10
-0.0616302
 20
0.393326
 11
-0.0637665
 21
0.39595
  0
LINE
  8
0
 10
-0.0637665
 20
0.39595
 11
-0.0657806
 21
0.398666
  0
LINE
  8
0
 10
-0.0657806
 20
0.398666
 11
-0.0676727
 21
0.401459
  0
LINE
  8
0
 10
-0.0676727
 20
0.401459
 11
-0.069458
 21
0.404327
  0
LINE
  8
0
 10
-0.069458
 20
0.404327
 11
-0.0711212
 21
0.407272
  0
LINE
  8
0
 10
-0.0711212
 20
0.407272
 11
-0.0726624
 21
0.410294
  0
LINE
  8
0
 10
-0.0726624
 20
0.410294
 11
-0.0740662
 21
0.413361
  0
LINE
  8
0
 10
-0.0740662
 20
0.413361
 11
-0.0753479
 21
0.416489
  0
LINE
  8
0
 10
-0.0753479
 20
0.416489
 11
-0.0764923
 21
0.419678
  0
LINE
  8
0
 10
-0.0764923
 20
0.419678
 11
-0.0774994
 21
0.422897
  0
LINE
  8
0
 10
-0.0774994
 20
0.422897
 11
-0.0783691
 21
0.426163
  0
LINE
  8
0
 10
-0.0783691
 20
0.426163
 11
-0.0791016
 21
0.429459
  0
LINE
  8
0
 10
-0.0791016
 20
0.429459
 11
-0.0797119
 21
0.432785
  0
LINE
  8
0
 10
-0.0797119
 20
0.432785
 11
-0.0801697
 21
0.436142
  0
LINE
  8
0
 10
-0.0801697
 20
0.436142
 11
-0.0804901
 21
0.439499
  0
LINE
  8
0
 10
-0.0804901
 20
0.439499
 11
-0.080658
 21
0.442871
  0
LINE
  8
0
 10
-0.080658
 20
0.442871
 11
-0.0807037
 21
0.446259
  0
LINE
  8
0
 10
-0.0807037
 20
0.446259
 11
-0.0805969
 21
0.449631
  0
LINE
  8
0
 10
-0.0805969
 20
0.449631
 11
-0.0803375
 21
0.453003
  0
LINE
  8
0
 10
-0.0803375
 20
0.453003
 11
-0.0799561
 21
0.45636
  0
LINE
  8
0
 10
-0.0799561
 20
0.45636
 11
-0.079422
 21
0.459702
  0
LINE
  8
0
 10
-0.079422
 20
0.459702
 11
-0.0787506
 21
0.463013
  0
LINE
  8
0
 10
-0.0787506
 20
0.463013
 11
-0.0779572
 21
0.466309
  0
LINE
  8
0
 10
-0.0779572
 20
0.466309
 11
-0.0770111
 21
0.469543
  0
LINE
  8
0
 10
-0.0770111
 20
0.469543
 11
-0.0759277
 21
0.472748
  0
LINE
  8
0
 10
-0.0759277
 20
0.472748
 11
-0.0747223
 21
0.475906
  0
LINE
  8
0
 10
-0.0747223
 20
0.475906
 11
-0.0733795
 21
0.479004
  0
LINE
  8
0
 10
-0.0733795
 20
0.479004
 11
-0.0718994
 21
0.482056
  0
LINE
  8
0
 10
-0.0718994
 20
0.482056
 11
-0.0703125
 21
0.485031
  0
LINE
  8
0
 10
-0.0703125
 20
0.485031
 11
-0.0685883
 21
0.487946
  0
LINE
  8
0
 10
-0.0685883
 20
0.487946
 11
-0.0667419
 21
0.490784
  0
LINE
  8
0
 10
-0.0667419
 20
0.490784
 11
-0.0647888
 21
0.49353
  0
LINE
  8
0
 10
-0.0647888
 20
0.49353
 11
-0.0627136
 21
0.496201
  0
LINE
  8
0
 10
-0.0627136
 20
0.496201
 11
-0.0605316
 21
0.498795
  0
LINE
  8
0
 10
-0.0605316
 20
0.498795
 11
-0.0582428
 21
0.501282
  0
LINE
  8
0
 10
-0.0582428
 20
0.501282
 11
-0.0558472
 21
0.503662
  0
LINE
  8
0
 10
-0.0558472
 20
0.503662
 11
-0.05336
 21
0.505951
  0
LINE
  8
0
 10
-0.05336
 20
0.505951
 11
-0.0507812
 21
0.508133
  0
LINE
  8
0
 10
-0.0507812
 20
0.508133
 11
-0.048111
 21
0.510208
  0
LINE
  8
0
 10
-0.048111
 20
0.510208
 11
-0.0453644
 21
0.512161
  0
LINE
  8
0
 10
-0.0453644
 20
0.512161
 11
-0.0425262
 21
0.514008
  0
LINE
  8
0
 10
-0.0425262
 20
0.514008
 11
-0.0396118
 21
0.515732
  0
LINE
  8
0
 10
-0.0396118
 20
0.515732
 11
-0.0366364
 21
0.517319
  0
LINE
  8
0
 10
-0.0366364
 20
0.517319
 11
-0.0335846
 21
0.518799
  0
LINE
  8
0
 10
-0.0335846
 20
0.518799
 11
-0.0304871
 21
0.520142
  0
LINE
  8
0
 10
-0.0304871
 20
0.520142
 11
-0.0273285
 21
0.521347
  0
LINE
  8
0
 10
-0.0273285
 20
0.521347
 11
-0.0241241
 21
0.52243
  0
LINE
  8
0
 10
-0.0241241
 20
0.52243
 11
-0.0208893
 21
0.523376
  0
LINE
  8
0
 10
-0.0208893
 20
0.523376
 11
-0.0175934
 21
0.524185
  0
LINE
  8
0
 10
-0.0175934
 20
0.524185
 11
-0.0142822
 21
0.524841
  0
LINE
  8
0
 10
-0.0142822
 20
0.524841
 11
-0.0109406
 21
0.525375
  0
LINE
  8
0
 10
-0.0109406
 20
0.525375
 11
-0.00758362
 21
0.525757
  0
LINE
  8
0
 10
-0.00758362
 20
0.525757
 11
-0.00421143
 21
0.526016
  0
LINE
  8
0
 10
-0.00421143
 20
0.526016
 11
-0.000839233
 21
0.526123
  0
LINE
  8
0
 10
-0.000839233
 20
0.526123
 11
0.00253296
 21
0.526077
  0
LINE
  8
0
 10
0.00253296
 20
0.526077
 11
0.00590515
 21
0.525909
  0
LINE
  8
0
 10
0.00590515
 20
0.525909
 11
0.00926208
 21
0.525589
  0
LINE
  8
0
 10
0.00926208
 20
0.525589
 11
0.012619
 21
0.525131
  0
LINE
  8
0
 10
0.012619
 20
0.525131
 11
0.0159454
 21
0.524536
  0
LINE
  8
0
 10
0.0159454
 20
0.524536
 11
0.0192413
 21
0.523788
  0
LINE
  8
0
 10
0.0192413
 20
0.523788
 11
0.0225067
 21
0.522919
  0
LINE
  8
0
 10
0.0225067
 20
0.522919
 11
0.0257416
 21
0.521912
  0
LINE
  8
0
 10
0.0257416
 20
0.521912
 11
0.0289154
 21
0.520767
  0
LINE
  8
0
 10
0.0289154
 20
0.520767
 11
0.0320435
 21
0.519485
  0
LINE
  8
0
 10
0.0320435
 20
0.519485
 11
0.0351257
 21
0.518082
  0
LINE
  8
0
 10
0.0351257
 20
0.518082
 11
0.0381317
 21
0.516541
  0
LINE
  8
0
 10
0.0381317
 20
0.516541
 11
0.0410767
 21
0.514877
  0
LINE
  8
0
 10
0.0410767
 20
0.514877
 11
0.0439453
 21
0.513107
  0
LINE
  8
0
 10
0.0439453
 20
0.513107
 11
0.0467529
 21
0.5112
  0
LINE
  8
0
 10
0.0467529
 20
0.5112
 11
0.0494537
 21
0.509186
  0
LINE
  8
0
 10
0.0494537
 20
0.509186
 11
0.0520935
 21
0.507065
  0
LINE
  8
0
 10
0.0520935
 20
0.507065
 11
0.0546265
 21
0.504822
  0
LINE
  8
0
 10
0.0546265
 20
0.504822
 11
0.0570679
 21
0.502487
  0
LINE
  8
0
 10
0.0570679
 20
0.502487
 11
0.0594025
 21
0.500046
  0
LINE
  8
0
 10
0.0594025
 20
0.500046
 11
0.0616302
 21
0.497513
  0
LINE
  8
0
 10
0.0616302
 20
0.497513
 11
0.0637665
 21
0.494888
  0
LINE
  8
0
 10
0.0637665
 20
0.494888
 11
0.0657806
 21
0.492172
  0
LINE
  8
0
 10
0.0657806
 20
0.492172
 11
0.067688
 21
0.489365
  0
LINE
  8
0
 10
0.067688
 20
0.489365
 11
0.069458
 21
0.486496
  0
LINE
  8
0
 10
0.069458
 20
0.486496
 11
0.0711212
 21
0.483551
  0
LINE
  8
0
 10
0.0711212
 20
0.483551
 11
0.0726624
 21
0.480545
  0
LINE
  8
0
 10
0.0726624
 20
0.480545
 11
0.0740662
 21
0.477463
  0
LINE
  8
0
 10
0.0740662
 20
0.477463
 11
0.0753326
 21
0.474335
  0
LINE
  8
0
 10
0.0753326
 20
0.474335
 11
0.0764923
 21
0.471161
  0
LINE
  8
0
 10
0.0764923
 20
0.471161
 11
0.0774994
 21
0.467926
  0
LINE
  8
0
 10
0.0774994
 20
0.467926
 11
0.0783691
 21
0.464661
  0
LINE
  8
0
 10
0.0783691
 20
0.464661
 11
0.0791016
 21
0.461365
  0
LINE
  8
0
 10
0.0791016
 20
0.461365
 11
0.0797119
 21
0.458038
  0
LINE
  8
0
 10
0.0797119
 20
0.458038
 11
0.0801697
 21
0.454697
  0
LINE
  8
0
 10
0.0801697
 20
0.454697
 11
0.0804901
 21
0.451324
  0
LINE
  8
0
 10
0.0804901
 20
0.451324
 11
0.080658
 21
0.447952
  0
LINE
  8
0
 10
0.080658
 20
0.447952
 11
0.0807037
 21
0.444565
  0
LINE
  8
0
 10
0.0807037
 20
0.444565
 11
0.0805969
 21
0.441193
  0
LINE
  8
0
 10
0.0805969
 20
0.441193
 11
0.0803375
 21
0.43782
  0
LINE
  8
0
 10
0.0803375
 20
0.43782
 11
0.0799561
 21
0.434464
  0
LINE
  8
0
 10
0.0799561
 20
0.434464
 11
0.079422
 21
0.431122
  0
LINE
  8
0
 10
0.079422
 20
0.431122
 11
0.0787506
 21
0.427811
  0
LINE
  8
0
 10
0.0787506
 20
0.427811
 11
0.0779572
 21
0.42453
  0
LINE
  8
0
 10
0.0779572
 20
0.42453
 11
0.0770111
 21
0.42128
  0
LINE
  8
0
 10
0.0770111
 20
0.42128
 11
0.0759277
 21
0.418076
  0
LINE
  8
0
 10
0.0759277
 20
0.418076
 11
0.0747223
 21
0.414917
  0
LINE
  8
0
 10
0.0747223
 20
0.414917
 11
0.0733795
 21
0.411819
  0
LINE
  8
0
 10
0.0733795
 20
0.411819
 11
0.0718994
 21
0.408768
  0
LINE
  8
0
 10
0.0718994
 20
0.408768
 11
0.0703125
 21
0.405792
  0
LINE
  8
0
 10
0.0703125
 20
0.405792
 11
0.0685883
 21
0.402878
  0
LINE
  8
0
 10
0.0685883
 20
0.402878
 11
0.0667419
 21
0.400055
  0
LINE
  8
0
 10
0.0667419
 20
0.400055
 11
0.0647888
 21
0.397293
  0
LINE
  8
0
 10
0.0647888
 20
0.397293
 11
0.0627136
 21
0.394623
  0
LINE
  8
0
 10
0.0627136
 20
0.394623
 11
0.0605316
 21
0.392044
  0
LINE
  8
0
 10
0.0605316
 20
0.392044
 11
0.0582428
 21
0.389557
  0
LINE
  8
0
 10
0.0582428
 20
0.389557
 11
0.0558472
 21
0.387161
  0
LINE
  8
0
 10
0.0558472
 20
0.387161
 11
0.05336
 21
0.384872
  0
LINE
  8
0
 10
0.05336
 20
0.384872
 11
0.0507812
 21
0.38269
  0
LINE
  8
0
 10
0.0507812
 20
0.38269
 11
0.048111
 21
0.380615
  0
LINE
  8
0
 10
0.048111
 20
0.380615
 11
0.0453644
 21
0.378662
  0
LINE
  8
0
 10
0.0453644
 20
0.378662
 11
0.0425262
 21
0.376816
  0
LINE
  8
0
 10
0.0425262
 20
0.376816
 11
0.0396118
 21
0.375092
  0
LINE
  8
0
 10
0.0396118
 20
0.375092
 11
0.0366364
 21
0.373505
  0
LINE
  8
0
 10
0.0366364
 20
0.373505
 11
0.0335846
 21
0.372025
  0
LINE
  8
0
 10
0.0335846
 20
0.372025
 11
0.0304871
 21
0.370682
  0
LINE
  8
0
 10
0.0304871
 20
0.370682
 11
0.0273285
 21
0.369476
  0
LINE
  8
0
 10
0.0273285
 20
0.369476
 11
0.0241241
 21
0.368393
  0
LINE
  8
0
 10
0.0241241
 20
0.368393
 11
0.0208893
 21
0.367447
  0
LINE
  8
0
 10
0.0208893
 20
0.367447
 11
0.0175934
 21
0.366653
  0
LINE
  8
0
 10
0.0175934
 20
0.366653
 11
0.0142822
 21
0.365982
  0
LINE
  8
0
 10
0.0142822
 20
0.365982
 11
0.0109406
 21
0.365448
  0
LINE
  8
0
 10
0.0109406
 20
0.365448
 11
0.00758362
 21
0.365067
  0
LINE
  8
0
 10
0.00758362
 20
0.365067
 11
0.00421143
 21
0.364822
  0
LINE
  8
0
 10
0.00421143
 20
0.364822
 11
0.000839233
 21
0.364716
  0
LINE
  8
0
 10
0.000839233
 20
0.364716
 11
-0.00253296
 21
0.364746
  0
LINE
  8
0
 10
-0.0087738
 20
-0.279388
 11
-0.020462
 21
-0.278763
  0
LINE
  8
0
 10
-0.020462
 20
-0.278763
 11
-0.0321198
 21
-0.277664
  0
LINE
  8
0
 10
-0.0321198
 20
-0.277664
 11
-0.0437164
 21
-0.276077
  0
LINE
  8
0
 10
-0.0437164
 20
-0.276077
 11
-0.0552368
 21
-0.274002
  0
LINE
  8
0
 10
-0.0552368
 20
-0.274002
 11
-0.0666656
 21
-0.271454
  0
LINE
  8
0
 10
-0.0666656
 20
-0.271454
 11
-0.0779724
 21
-0.268417
  0
LINE
  8
0
 10
-0.0779724
 20
-0.268417
 11
-0.0891571
 21
-0.264923
  0
LINE
  8
0
 10
-0.0891571
 20
-0.264923
 11
-0.100174
 21
-0.260956
  0
LINE
  8
0
 10
-0.100174
 20
-0.260956
 11
-0.111008
 21
-0.256531
  0
LINE
  8
0
 10
-0.111008
 20
-0.256531
 11
-0.121658
 21
-0.251663
  0
LINE
  8
0
 10
-0.121658
 20
-0.251663
 11
-0.13208
 21
-0.246338
  0
LINE
  8
0
 10
-0.13208
 20
-0.246338
 11
-0.142288
 21
-0.240585
  0
LINE
  8
0
 10
-0.142288
 20
-0.240585
 11
-0.152237
 21
-0.234421
  0
LINE
  8
0
 10
-0.152237
 20
-0.234421
 11
-0.161911
 21
-0.227844
  0
LINE
  8
0
 10
-0.161911
 20
-0.227844
 11
-0.17131
 21
-0.220856
  0
LINE
  8
0
 10
-0.17131
 20
-0.220856
 11
-0.18042
 21
-0.213501
  0
LINE
  8
0
 10
-0.18042
 20
-0.213501
 11
-0.189194
 21
-0.20575
  0
LINE
  8
0
 10
-0.189194
 20
-0.20575
 11
-0.197647
 21
-0.197647
  0
LINE
  8
0
 10
-0.197647
 20
-0.197647
 11
-0.20575
 21
-0.189194
  0
LINE
  8
0
 10
-0.20575
 20
-0.189194
 11
-0.213501
 21
-0.18042
  0
LINE
  8
0
 10
-0.213501
 20
-0.18042
 11
-0.220856
 21
-0.17131
  0
LINE
  8
0
 10
-0.220856
 20
-0.17131
 11
-0.227844
 21
-0.161911
  0
LINE
  8
0
 10
-0.227844
 20
-0.161911
 11
-0.234421
 21
-0.152237
  0
LINE
  8
0
 10
-0.234421
 20
-0.152237
 11
-0.240585
 21
-0.142288
  0
LINE
  8
0
 10
-0.240585
 20
-0.142288
 11
-0.246338
 21
-0.13208
  0
LINE
  8
0
 10
-0.246338
 20
-0.13208
 11
-0.251663
 21
-0.121658
  0
LINE
  8
0
 10
-0.251663
 20
-0.121658
 11
-0.256531
 21
-0.111008
  0
LINE
  8
0
 10
-0.256531
 20
-0.111008
 11
-0.260956
 21
-0.100174
  0
LINE
  8
0
 10
-0.260956
 20
-0.100174
 11
-0.264923
 21
-0.0891571
  0
LINE
  8
0
 10
-0.264923
 20
-0.0891571
 11
-0.268417
 21
-0.0779724
  0
LINE
  8
0
 10
-0.268417
 20
-0.0779724
 11
-0.271454
 21
-0.0666656
  0
LINE
  8
0
 10
-0.271454
 20
-0.0666656
 11
-0.274002
 21
-0.0552368
  0
LINE
  8
0
 10
-0.274002
 20
-0.0552368
 11
-0.276077
 21
-0.0437164
  0
LINE
  8
0
 10
-0.276077
 20
-0.0437164
 11
-0.277664
 21
-0.0321198
  0
LINE
  8
0
 10
-0.277664
 20
-0.0321198
 11
-0.278763
 21
-0.020462
  0
LINE
  8
0
 10
-0.278763
 20
-0.020462
 11
-0.279388
 21
-0.0087738
  0
LINE
  8
0
 10
-0.279388
 20
-0.0087738
 11
-0.27951
 21
0.00291443
  0
LINE
  8
0
 10
-0.27951
 20
0.00291443
 11
-0.279144
 21
0.0146179
  0
LINE
  8
0
 10
-0.279144
 20
0.0146179
 11
-0.278275
 21
0.0262909
  0
LINE
  8
0
 10
-0.278275
 20
0.0262909
 11
-0.276932
 21
0.0379333
  0
LINE
  8
0
 10
-0.276932
 20
0.0379333
 11
-0.275101
 21
0.0494995
  0
LINE
  8
0
 10
-0.275101
 20
0.0494995
 11
-0.272781
 21
0.0609741
  0
LINE
  8
0
 10
-0.272781
 20
0.0609741
 11
-0.269989
 21
0.0723419
  0
LINE
  8
0
 10
-0.269989
 20
0.0723419
 11
-0.266724
 21
0.0835876
  0
LINE
  8
0
 10
-0.266724
 20
0.0835876
 11
-0.263
 21
0.0946808
  0
LINE
  8
0
 10
-0.263
 20
0.0946808
 11
-0.258804
 21
0.105606
  0
LINE
  8
0
 10
-0.258804
 20
0.105606
 11
-0.25415
 21
0.116348
  0
LINE
  8
0
 10
-0.25415
 20
0.116348
 11
-0.249054
 21
0.126892
  0
LINE
  8
0
 10
-0.249054
 20
0.126892
 11
-0.243515
 21
0.137207
  0
LINE
  8
0
 10
-0.243515
 20
0.137207
 11
-0.237564
 21
0.147293
  0
LINE
  8
0
 10
-0.237564
 20
0.147293
 11
-0.231186
 21
0.157104
  0
LINE
  8
0
 10
-0.231186
 20
0.157104
 11
-0.224396
 21
0.166656
  0
LINE
  8
0
 10
-0.224396
 20
0.166656
 11
-0.217224
 21
0.175903
  0
LINE
  8
0
 10
-0.217224
 20
0.175903
 11
-0.209671
 21
0.184845
  0
LINE
  8
0
 10
-0.209671
 20
0.184845
 11
-0.201736
 21
0.193466
  0
LINE
  8
0
 10
-0.201736
 20
0.193466
 11
-0.193466
 21
0.201736
  0
LINE
  8
0
 10
-0.193466
 20
0.201736
 11
-0.184845
 21
0.209671
  0
LINE
  8
0
 10
-0.184845
 20
0.209671
 11
-0.175903
 21
0.217224
  0
LINE
  8
0
 10
-0.175903
 20
0.217224
 11
-0.166656
 21
0.224396
  0
LINE
  8
0
 10
-0.166656
 20
0.224396
 11
-0.157104
 21
0.231186
  0
LINE
  8
0
 10
-0.157104
 20
0.231186
 11
-0.147293
 21
0.237564
  0
LINE
  8
0
 10
-0.147293
 20
0.237564
 11
-0.137207
 21
0.243515
  0
LINE
  8
0
 10
-0.137207
 20
0.243515
 11
-0.126892
 21
0.249054
  0
LINE
  8
0
 10
-0.126892
 20
0.249054
 11
-0.116348
 21
0.25415
  0
LINE
  8
0
 10
-0.116348
 20
0.25415
 11
-0.105606
 21
0.258804
  0
LINE
  8
0
 10
-0.105606
 20
0.258804
 11
-0.0946808
 21
0.263
  0
LINE
  8
0
 10
-0.0946808
 20
0.263
 11
-0.0835876
 21
0.266724
  0
LINE
  8
0
 10
-0.0835876
 20
0.266724
 11
-0.0723419
 21
0.269989
  0
LINE
  8
0
 10
-0.0723419
 20
0.269989
 11
-0.0609741
 21
0.272781
  0
LINE
  8
0
 10
-0.0609741
 20
0.272781
 11
-0.0494995
 21
0.275101
  0
LINE
  8
0
 10
-0.0494995
 20
0.275101
 11
-0.0379333
 21
0.276932
  0
LINE
  8
0
 10
-0.0379333
 20
0.276932
 11
-0.0262909
 21
0.278275
  0
LINE
  8
0
 10
-0.0262909
 20
0.278275
 11
-0.0146179
 21
0.279144
  0
LINE
  8
0
 10
-0.0146179
 20
0.279144
 11
-0.00291443
 21
0.27951
  0
LINE
  8
0
 10
-0.00291443
 20
0.27951
 11
0.0087738
 21
0.279388
  0
LINE
  8
0
 10
0.0087738
 20
0.279388
 11
0.020462
 21
0.278763
  0
LINE
  8
0
 10
0.020462
 20
0.278763
 11
0.0321198
 21
0.277664
  0
LINE
  8
0
 10
0.0321198
 20
0.277664
 11
0.0437164
 21
0.276077
  0
LINE
  8
0
 10
0.0437164
 20
0.276077
 11
0.0552368
 21
0.274002
  0
LINE
  8
0
 10
0.0552368
 20
0.274002
 11
0.0666656
 21
0.271454
  0
LINE
  8
0
 10
0.0666656
 20
0.271454
 11
0.0779724
 21
0.268417
  0
LINE
  8
0
 10
0.0779724
 20
0.268417
 11
0.0891571
 21
0.264923
  0
LINE
  8
0
 10
0.0891571
 20
0.264923
 11
0.100174
 21
0.260956
  0
LINE
  8
0
 10
0.100174
 20
0.260956
 11
0.111008
 21
0.256531
  0
LINE
  8
0
 10
0.111008
 20
0.256531
 11
0.121658
 21
0.251663
  0
LINE
  8
0
 10
0.121658
 20
0.251663
 11
0.13208
 21
0.246338
  0
LINE
  8
0
 10
0.13208
 20
0.246338
 11
0.142288
 21
0.240585
  0
LINE
  8
0
 10
0.142288
 20
0.240585
 11
0.152237
 21
0.234421
  0
LINE
  8
0
 10
0.152237
 20
0.234421
 11
0.161911
 21
0.227844
  0
LINE
  8
0
 10
0.161911
 20
0.227844
 11
0.17131
 21
0.220856
  0
LINE
  8
0
 10
0.17131
 20
0.220856
 11
0.18042
 21
0.213501
  0
LINE
  8
0
 10
0.18042
 20
0.213501
 11
0.189194
 21
0.20575
  0
LINE
  8
0
 10
0.189194
 20
0.20575
 11
0.197647
 21
0.197647
  0
LINE
  8
0
 10
0.197647
 20
0.197647
 11
0.20575
 21
0.189194
  0
LINE
  8
0
 10
0.20575
 20
0.189194
 11
0.213501
 21
0.18042
  0
LINE
  8
0
 10
0.213501
 20
0.18042
 11
0.220856
 21
0.17131
  0
LINE
  8
0
 10
0.220856
 20
0.17131
 11
0.227844
 21
0.161911
  0
LINE
  8
0
 10
0.227844
 20
0.161911
 11
0.234421
 21
0.152237
  0
LINE
  8
0
 10
0.234421
 20
0.152237
 11
0.240585
 21
0.142288
  0
LINE
  8
0
 10
0.240585
 20
0.142288
 11
0.246338
 21
0.13208
  0
LINE
  8
0
 10
0.246338
 20
0.13208
 11
0.251663
 21
0.121658
  0
LINE
  8
0
 10
0.251663
 20
0.121658
 11
0.256531
 21
0.111008
  0
LINE
  8
0
 10
0.256531
 20
0.111008
 11
0.260956
 21
0.100174
  0
LINE
  8
0
 10
0.260956
 20
0.100174
 11
0.264923
 21
0.0891571
  0
LINE
  8
0
 10
0.264923
 20
0.0891571
 11
0.268417
 21
0.0779724
  0
LINE
  8
0
 10
0.268417
 20
0.0779724
 11
0.271454
 21
0.0666656
  0
LINE
  8
0
 10
0.271454
 20
0.0666656
 11
0.274002
 21
0.0552368
  0
LINE
  8
0
 10
0.274002
 20
0.0552368
 11
0.276077
 21
0.0437164
  0
LINE
  8
0
 10
0.276077
 20
0.0437164
 11
0.277664
 21
0.0321198
  0
LINE
  8
0
 10
0.277664
 20
0.0321198
 11
0.278763
 21
0.020462
  0
LINE
  8
0
 10
0.278763
 20
0.020462
 11
0.279388
 21
0.0087738
  0
LINE
  8
0
 10
0.279388
 20
0.0087738
 11
0.27951
 21
-0.00291443
  0
LINE
  8
0
 10
0.27951
 20
-0.00291443
 11
0.279144
 21
-0.0146179
  0
LINE
  8
0
 10
0.279144
 20
-0.0146179
 11
0.278275
 21
-0.0262909
  0
LINE
  8
0
 10
0.278275
 20
-0.0262909
 11
0.276932
 21
-0.0379333
  0
LINE
  8
0
 10
0.276932
 20
-0.0379333
 11
0.275101
 21
-0.0494995
  0
LINE
  8
0
 10
0.275101
 20
-0.0494995
 11
0.272781
 21
-0.0609741
  0
LINE
  8
0
 10
0.272781
 20
-0.0609741
 11
0.269989
 21
-0.0723419
  0
LINE
  8
0
 10
0.269989
 20
-0.0723419
 11
0.266724
 21
-0.0835876
  0
LINE
  8
0
 10
0.266724
 20
-0.0835876
 11
0.263
 21
-0.0946808
  0
LINE
  8
0
 10
0.263
 20
-0.0946808
 11
0.258804
 21
-0.105606
  0
LINE
  8
0
 10
0.258804
 20
-0.105606
 11
0.25415
 21
-0.116348
  0
LINE
  8
0
 10
0.25415
 20
-0.116348
 11
0.249054
 21
-0.126892
  0
LINE
  8
0
 10
0.249054
 20
-0.126892
 11
0.243515
 21
-0.137207
  0
LINE
  8
0
 10
0.243515
 20
-0.137207
 11
0.237564
 21
-0.147293
  0
LINE
  8
0
 10
0.237564
 20
-0.147293
 11
0.231186
 21
-0.157104
  0
LINE
  8
0
 10
0.231186
 20
-0.157104
 11
0.224396
 21
-0.166656
  0
LINE
  8
0
 10
0.224396
 20
-0.166656
 11
0.217224
 21
-0.175903
  0
LINE
  8
0
 10
0.217224
 20
-0.175903
 11
0.209671
 21
-0.184845
  0
LINE
  8
0
 10
0.209671
 20
-0.184845
 11
0.201736
 21
-0.193466
  0
LINE
  8
0
 10
0.201736
 20
-0.193466
 11
0.193466
 21
-0.201736
  0
LINE
  8
0
 10
0.193466
 20
-0.201736
 11
0.184845
 21
-0.209671
  0
LINE
  8
0
 10
0.184845
 20
-0.209671
 11
0.175903
 21
-0.217224
  0
LINE
  8
0
 10
0.175903
 20
-0.217224
 11
0.166656
 21
-0.224396
  0
LINE
  8
0
 10
0.166656
 20
-0.224396
 11
0.157104
 21
-0.231186
  0
LINE
  8
0
 10
0.157104
 20
-0.231186
 11
0.147293
 21
-0.237564
  0
LINE
  8
0
 10
0.147293
 20
-0.237564
 11
0.137207
 21
-0.243515
  0
LINE
  8
0
 10
0.137207
 20
-0.243515
 11
0.126892
 21
-0.249054
  0
LINE
  8
0
 10
0.126892
 20
-0.249054
 11
0.116348
 21
-0.25415
  0
LINE
  8
0
 10
0.116348
 20
-0.25415
 11
0.105606
 21
-0.258804
  0
LINE
  8
0
 10
0.105606
 20
-0.258804
 11
0.0946808
 21
-0.263
  0
LINE
  8
0
 10
0.0946808
 20
-0.263
 11
0.0835876
 21
-0.266724
  0
LINE
  8
0
 10
0.0835876
 20
-0.266724
 11
0.0723419
 21
-0.269989
  0
LINE
  8
0
 10
0.0723419
 20
-0.269989
 11
0.0609741
 21
-0.272781
  0
LINE
  8
0
 10
0.0609741
 20
-0.272781
 11
0.0494995
 21
-0.275101
  0
LINE
  8
0
 10
0.0494995
 20
-0.275101
 11
0.0379333
 21
-0.276932
  0
LINE
  8
0
 10
0.0379333
 20
-0.276932
 11
0.0262909
 21
-0.278275
  0
LINE
  8
0
 10
0.0262909
 20
-0.278275
 11
0.0146179
 21
-0.279144
  0
LINE
  8
0
 10
0.0146179
 20
-0.279144
 11
0.00291443
 21
-0.27951
  0
LINE
  8
0
 10
0.00291443
 20
-0.27951
 11
-0.0087738
 21
-0.279388
  0
LINE
  8
0
 10
2.08913
 20
-0.0806274
 11
2.08575
 21
-0.0804138
  0
LINE
  8
0
 10
2.08575
 20
-0.0804138
 11
2.0824
 21
-0.0800629
  0
LINE
  8
0
 10
2.0824
 20
-0.0800629
 11
2.07906
 21
-0.0795746
  0
LINE
  8
0
 10
2.07906
 20
-0.0795746
 11
2.07573
 21
-0.0789337
  0
LINE
  8
0
 10
2.07573
 20
-0.0789337
 11
2.07245
 21
-0.0781708
  0
LINE
  8
0
 10
2.07245
 20
-0.0781708
 11
2.06918
 21
-0.0772552
  0
LINE
  8
0
 10
2.06918
 20
-0.0772552
 11
2.06596
 21
-0.0762177
  0
LINE
  8
0
 10
2.06596
 20
-0.0762177
 11
2.06281
 21
-0.0750275
  0
LINE
  8
0
 10
2.06281
 20
-0.0750275
 11
2.05969
 21
-0.0737305
  0
LINE
  8
0
 10
2.05969
 20
-0.0737305
 11
2.05663
 21
-0.0722809
  0
LINE
  8
0
 10
2.05663
 20
-0.0722809
 11
2.05363
 21
-0.0707245
  0
LINE
  8
0
 10
2.05363
 20
-0.0707245
 11
2.0507
 21
-0.0690308
  0
LINE
  8
0
 10
2.0507
 20
-0.0690308
 11
2.04785
 21
-0.067215
  0
LINE
  8
0
 10
2.04785
 20
-0.067215
 11
2.04507
 21
-0.0652924
  0
LINE
  8
0
 10
2.04507
 20
-0.0652924
 11
2.04237
 21
-0.0632477
  0
LINE
  8
0
 10
2.04237
 20
-0.0632477
 11
2.03978
 21
-0.0610962
  0
LINE
  8
0
 10
2.03978
 20
-0.0610962
 11
2.03726
 21
-0.0588226
  0
LINE
  8
0
 10
2.03726
 20
-0.0588226
 11
2.03485
 21
-0.0564575
  0
LINE
  8
0
 10
2.03485
 20
-0.0564575
 11
2.03253
 21
-0.0540009
  0
LINE
  8
0
 10
2.03253
 20
-0.0540009
 11
2.03032
 21
-0.0514374
  0
LINE
  8
0
 10
2.03032
 20
-0.0514374
 11
2.02823
 21
-0.0487823
  0
LINE
  8
0
 10
2.02823
 20
-0.0487823
 11
2.02625
 21
-0.046051
  0
LINE
  8
0
 10
2.02625
 20
-0.046051
 11
2.02437
 21
-0.0432434
  0
LINE
  8
0
 10
2.02437
 20
-0.0432434
 11
2.02261
 21
-0.0403442
  0
LINE
  8
0
 10
2.02261
 20
-0.0403442
 11
2.021
 21
-0.037384
  0
LINE
  8
0
 10
2.021
 20
-0.037384
 11
2.01949
 21
-0.0343628
  0
LINE
  8
0
 10
2.01949
 20
-0.0343628
 11
2.01811
 21
-0.0312653
  0
LINE
  8
0
 10
2.01811
 20
-0.0312653
 11
2.01686
 21
-0.0281219
  0
LINE
  8
0
 10
2.01686
 20
-0.0281219
 11
2.01575
 21
-0.0249329
  0
LINE
  8
0
 10
2.01575
 20
-0.0249329
 11
2.01477
 21
-0.021698
  0
LINE
  8
0
 10
2.01477
 20
-0.021698
 11
2.01393
 21
-0.0184174
  0
LINE
  8
0
 10
2.01393
 20
-0.0184174
 11
2.01323
 21
-0.0151215
  0
LINE
  8
0
 10
2.01323
 20
-0.0151215
 11
2.01266
 21
-0.0117798
  0
LINE
  8
0
 10
2.01266
 20
-0.0117798
 11
2.01225
 21
-0.00842285
  0
LINE
  8
0
 10
2.01225
 20
-0.00842285
 11
2.01196
 21
-0.00506592
  0
LINE
  8
0
 10
2.01196
 20
-0.00506592
 11
2.01183
 21
-0.00167847
  0
LINE
  8
0
 10
2.01183
 20
-0.00167847
 11
2.01183
 21
0.00167847
  0
LINE
  8
0
 10
2.01183
 20
0.00167847
 11
2.01196
 21
0.00506592
  0
LINE
  8
0
 10
2.01196
 20
0.00506592
 11
2.01225
 21
0.00842285
  0
LINE
  8
0
 10
2.01225
 20
0.00842285
 11
2.01266
 21
0.0117798
  0
LINE
  8
0
 10
2.01266
 20
0.0117798
 11
2.01323
 21
0.0151215
  0
LINE
  8
0
 10
2.01323
 20
0.0151215
 11
2.01393
 21
0.0184174
  0
LINE
  8
0
 10
2.01393
 20
0.0184174
 11
2.01477
 21
0.021698
  0
LINE
  8
0
 10
2.01477
 20
0.021698
 11
2.01575
 21
0.0249329
  0
LINE
  8
0
 10
2.01575
 20
0.0249329
 11
2.01686
 21
0.0281219
  0
LINE
  8
0
 10
2.01686
 20
0.0281219
 11
2.01811
 21
0.0312653
  0
LINE
  8
0
 10
2.01811
 20
0.0312653
 11
2.01949
 21
0.0343628
  0
LINE
  8
0
 10
2.01949
 20
0.0343628
 11
2.021
 21
0.037384
  0
LINE
  8
0
 10
2.021
 20
0.037384
 11
2.02261
 21
0.0403442
  0
LINE
  8
0
 10
2.02261
 20
0.0403442
 11
2.02437
 21
0.0432434
  0
LINE
  8
0
 10
2.02437
 20
0.0432434
 11
2.02625
 21
0.046051
  0
LINE
  8
0
 10
2.02625
 20
0.046051
 11
2.02823
 21
0.0487823
  0
LINE
  8
0
 10
2.02823
 20
0.0487823
 11
2.03032
 21
0.0514374
  0
LINE
  8
0
 10
2.03032
 20
0.0514374
 11
2.03253
 21
0.0540009
  0
LINE
  8
0
 10
2.03253
 20
0.0540009
 11
2.03485
 21
0.0564575
  0
LINE
  8
0
 10
2.03485
 20
0.0564575
 11
2.03726
 21
0.0588226
  0
LINE
  8
0
 10
2.03726
 20
0.0588226
 11
2.03978
 21
0.0610962
  0
LINE
  8
0
 10
2.03978
 20
0.0610962
 11
2.04237
 21
0.0632477
  0
LINE
  8
0
 10
2.04237
 20
0.0632477
 11
2.04507
 21
0.0652924
  0
LINE
  8
0
 10
2.04507
 20
0.0652924
 11
2.04785
 21
0.067215
  0
LINE
  8
0
 10
2.04785
 20
0.067215
 11
2.0507
 21
0.0690308
  0
LINE
  8
0
 10
2.0507
 20
0.0690308
 11
2.05363
 21
0.0707245
  0
LINE
  8
0
 10
2.05363
 20
0.0707245
 11
2.05663
 21
0.0722809
  0
LINE
  8
0
 10
2.05663
 20
0.0722809
 11
2.05969
 21
0.0737305
  0
LINE
  8
0
 10
2.05969
 20
0.0737305
 11
2.06281
 21
0.0750275
  0
LINE
  8
0
 10
2.06281
 20
0.0750275
 11
2.06596
 21
0.0762177
  0
LINE
  8
0
 10
2.06596
 20
0.0762177
 11
2.06918
 21
0.0772552
  0
LINE
  8
0
 10
2.06918
 20
0.0772552
 11
2.07245
 21
0.0781708
  0
LINE
  8
0
 10
2.07245
 20
0.0781708
 11
2.07573
 21
0.0789337
  0
LINE
  8
0
 10
2.07573
 20
0.0789337
 11
2.07906
 21
0.0795746
  0
LINE
  8
0
 10
2.07906
 20
0.0795746
 11
2.0824
 21
0.0800629
  0
LINE
  8
0
 10
2.0824
 20
0.0800629
 11
2.08575
 21
0.0804138
  0
LINE
  8
0
 10
2.08575
 20
0.0804138
 11
2.08913
 21
0.0806274
  0
LINE
  8
0
 10
2.08913
 20
0.0806274
 11
2.09251
 21
0.0807037
  0
LINE
  8
0
 10
2.09251
 20
0.0807037
 11
2.09589
 21
0.0806274
  0
LINE
  8
0
 10
2.09589
 20
0.0806274
 11
2.09926
 21
0.0804138
  0
LINE
  8
0
 10
2.09926
 20
0.0804138
 11
2.10263
 21
0.0800629
  0
LINE
  8
0
 10
2.10263
 20
0.0800629
 11
2.10597
 21
0.0795746
  0
LINE
  8
0
 10
2.10597
 20
0.0795746
 11
2.1093
 21
0.0789337
  0
LINE
  8
0
 10
2.1093
 20
0.0789337
 11
2.11258
 21
0.0781708
  0
LINE
  8
0
 10
2.11258
 20
0.0781708
 11
2.11584
 21
0.0772552
  0
LINE
  8
0
 10
2.11584
 20
0.0772552
 11
2.11905
 21
0.0762177
  0
LINE
  8
0
 10
2.11905
 20
0.0762177
 11
2.12222
 21
0.0750275
  0
LINE
  8
0
 10
2.12222
 20
0.0750275
 11
2.12534
 21
0.0737305
  0
LINE
  8
0
 10
2.12534
 20
0.0737305
 11
2.1284
 21
0.0722809
  0
LINE
  8
0
 10
2.1284
 20
0.0722809
 11
2.13139
 21
0.0707245
  0
LINE
  8
0
 10
2.13139
 20
0.0707245
 11
2.13432
 21
0.0690308
  0
LINE
  8
0
 10
2.13432
 20
0.0690308
 11
2.13718
 21
0.067215
  0
LINE
  8
0
 10
2.13718
 20
0.067215
 11
2.13995
 21
0.0652924
  0
LINE
  8
0
 10
2.13995
 20
0.0652924
 11
2.14264
 21
0.0632477
  0
LINE
  8
0
 10
2.14264
 20
0.0632477
 11
2.14525
 21
0.0610962
  0
LINE
  8
0
 10
2.14525
 20
0.0610962
 11
2.14777
 21
0.0588226
  0
LINE
  8
0
 10
2.14777
 20
0.0588226
 11
2.15018
 21
0.0564575
  0
LINE
  8
0
 10
2.15018
 20
0.0564575
 11
2.1525
 21
0.0540009
  0
LINE
  8
0
 10
2.1525
 20
0.0540009
 11
2.15469
 21
0.0514374
  0
LINE
  8
0
 10
2.15469
 20
0.0514374
 11
2.1568
 21
0.0487823
  0
LINE
  8
0
 10
2.1568
 20
0.0487823
 11
2.15878
 21
0.046051
  0
LINE
  8
0
 10
2.15878
 20
0.046051
 11
2.16066
 21
0.0432434
  0
LINE
  8
0
 10
2.16066
 20
0.0432434
 11
2.16241
 21
0.0403442
  0
LINE
  8
0
 10
2.16241
 20
0.0403442
 11
2.16403
 21
0.037384
  0
LINE
  8
0
 10
2.16403
 20
0.037384
 11
2.16554
 21
0.0343628
  0
LINE
  8
0
 10
2.16554
 20
0.0343628
 11
2.16692
 21
0.0312653
  0
LINE
  8
0
 10
2.16692
 20
0.0312653
 11
2.16815
 21
0.0281219
  0
LINE
  8
0
 10
2.16815
 20
0.0281219
 11
2.16927
 21
0.0249329
  0
LINE
  8
0
 10
2.16927
 20
0.0249329
 11
2.17024
 21
0.021698
  0
LINE
  8
0
 10
2.17024
 20
0.021698
 11
2.17108
 21
0.0184174
  0
LINE
  8
0
 10
2.17108
 20
0.0184174
 11
2.1718
 21
0.0151215
  0
LINE
  8
0
 10
2.1718
 20
0.0151215
 11
2.17235
 21
0.0117798
  0
LINE
  8
0
 10
2.17235
 20
0.0117798
 11
2.17278
 21
0.00842285
  0
LINE
  8
0
 10
2.17278
 20
0.00842285
 11
2.17307
 21
0.00506592
  0
LINE
  8
0
 10
2.17307
 20
0.00506592
 11
2.1732
 21
0.00167847
  0
LINE
  8
0
 10
2.1732
 20
0.00167847
 11
2.1732
 21
-0.00167847
  0
LINE
  8
0
 10
2.1732
 20
-0.00167847
 11
2.17307
 21
-0.00506592
  0
LINE
  8
0
 10
2.17307
 20
-0.00506592
 11
2.17278
 21
-0.00842285
  0
LINE
  8
0
 10
2.17278
 20
-0.00842285
 11
2.17235
 21
-0.0117798
  0
LINE
  8
0
 10
2.17235
 20
-0.0117798
 11
2.1718
 21
-0.0151215
  0
LINE
  8
0
 10
2.1718
 20
-0.0151215
 11
2.17108
 21
-0.0184174
  0
LINE
  8
0
 10
2.17108
 20
-0.0184174
 11
2.17024
 21
-0.021698
  0
LINE
  8
0
 10
2.17024
 20
-0.021698
 11
2.16927
 21
-0.0249329
  0
LINE
  8
0
 10
2.16927
 20
-0.0249329
 11
2.16815
 21
-0.0281219
  0
LINE
  8
0
 10
2.16815
 20
-0.0281219
 11
2.16692
 21
-0.0312653
  0
LINE
  8
0
 10
2.16692
 20
-0.0312653
 11
2.16554
 21
-0.0343628
  0
LINE
  8
0
 10
2.16554
 20
-0.0343628
 11
2.16403
 21
-0.037384
  0
LINE
  8
0
 10
2.16403
 20
-0.037384
 11
2.16241
 21
-0.0403442
  0
LINE
  8
0
 10
2.16241
 20
-0.0403442
 11
2.16066
 21
-0.0432434
  0
LINE
  8
0
 10
2.16066
 20
-0.0432434
 11
2.15878
 21
-0.046051
  0
LINE
  8
0
 10
2.15878
 20
-0.046051
 11
2.1568
 21
-0.0487823
  0
LINE
  8
0
 10
2.1568
 20
-0.0487823
 11
2.15469
 21
-0.0514374
  0
LINE
  8
0
 10
2.15469
 20
-0.0514374
 11
2.1525
 21
-0.0540009
  0
LINE
  8
0
 10
2.1525
 20
-0.0540009
 11
2.15018
 21
-0.0564575
  0
LINE
  8
0
 10
2.15018
 20
-0.0564575
 11
2.14777
 21
-0.0588226
  0
LINE
  8
0
 10
2.14777
 20
-0.0588226
 11
2.14525
 21
-0.0610962
  0
LINE
  8
0
 10
2.14525
 20
-0.0610962
 11
2.14264
 21
-0.0632477
  0
LINE
  8
0
 10
2.14264
 20
-0.0632477
 11
2.13995
 21
-0.0652924
  0
LINE
  8
0
 10
2.13995
 20
-0.0652924
 11
2.13718
 21
-0.067215
  0
LINE
  8
0
 10
2.13718
 20
-0.067215
 11
2.13432
 21
-0.0690308
  0
LINE
  8
0
 10
2.13432
 20
-0.0690308
 11
2.13139
 21
-0.0707245
  0
LINE
  8
0
 10
2.13139
 20
-0.0707245
 11
2.1284
 21
-0.0722809
  0
LINE
  8
0
 10
2.1284
 20
-0.0722809
 11
2.12534
 21
-0.0737305
  0
LINE
  8
0
 10
2.12534
 20
-0.0737305
 11
2.12222
 21
-0.0750275
  0
LINE
  8
0
 10
2.12222
 20
-0.0750275
 11
2.11905
 21
-0.0762177
  0
LINE
  8
0
 10
2.11905
 20
-0.0762177
 11
2.11584
 21
-0.0772552
  0
LINE
  8
0
 10
2.11584
 20
-0.0772552
 11
2.11258
 21
-0.0781708
  0
LINE
  8
0
 10
2.11258
 20
-0.0781708
 11
2.1093
 21
-0.0789337
  0
LINE
  8
0
 10
2.1093
 20
-0.0789337
 11
2.10597
 21
-0.0795746
  0
LINE
  8
0
 10
2.10597
 20
-0.0795746
 11
2.10263
 21
-0.0800629
  0
LINE
  8
0
 10
2.10263
 20
-0.0800629
 11
2.09926
 21
-0.0804138
  0
LINE
  8
0
 10
2.09926
 20
-0.0804138
 11
2.09589
 21
-0.0806274
  0
LINE
  8
0
 10
2.09589
 20
-0.0806274
 11
2.09251
 21
-0.0807037
  0
LINE
  8
0
 10
2.09251
 20
-0.0807037
 11
2.08913
 21
-0.0806274
  0
LINE
  8
0
 10
-0.447952
 20
-0.080658
 11
-0.451324
 21
-0.0804901
  0
LINE
  8
0
 10
-0.451324
 20
-0.0804901
 11
-0.454697
 21
-0.0801697
  0
LINE
  8
0
 10
-0.454697
 20
-0.0801697
 11
-0.458038
 21
-0.0797119
  0
LINE
  8
0
 10
-0.458038
 20
-0.0797119
 11
-0.461365
 21
-0.0791016
  0
LINE
  8
0
 10
-0.461365
 20
-0.0791016
 11
-0.464661
 21
-0.0783691
  0
LINE
  8
0
 10
-0.464661
 20
-0.0783691
 11
-0.467926
 21
-0.0774994
  0
LINE
  8
0
 10
-0.467926
 20
-0.0774994
 11
-0.471161
 21
-0.0764923
  0
LINE
  8
0
 10
-0.471161
 20
-0.0764923
 11
-0.474335
 21
-0.0753326
  0
LINE
  8
0
 10
-0.474335
 20
-0.0753326
 11
-0.477463
 21
-0.0740662
  0
LINE
  8
0
 10
-0.477463
 20
-0.0740662
 11
-0.480545
 21
-0.0726624
  0
LINE
  8
0
 10
-0.480545
 20
-0.0726624
 11
-0.483551
 21
-0.0711212
  0
LINE
  8
0
 10
-0.483551
 20
-0.0711212
 11
-0.486496
 21
-0.069458
  0
LINE
  8
0
 10
-0.486496
 20
-0.069458
 11
-0.489365
 21
-0.067688
  0
LINE
  8
0
 10
-0.489365
 20
-0.067688
 11
-0.492172
 21
-0.0657806
  0
LINE
  8
0
 10
-0.492172
 20
-0.0657806
 11
-0.494888
 21
-0.0637665
  0
LINE
  8
0
 10
-0.494888
 20
-0.0637665
 11
-0.497513
 21
-0.0616302
  0
LINE
  8
0
 10
-0.497513
 20
-0.0616302
 11
-0.500046
 21
-0.0594025
  0
LINE
  8
0
 10
-0.500046
 20
-0.0594025
 11
-0.502487
 21
-0.0570679
  0
LINE
  8
0
 10
-0.502487
 20
-0.0570679
 11
-0.504822
 21
-0.0546265
  0
LINE
  8
0
 10
-0.504822
 20
-0.0546265
 11
-0.507065
 21
-0.0520935
  0
LINE
  8
0
 10
-0.507065
 20
-0.0520935
 11
-0.509186
 21
-0.0494537
  0
LINE
  8
0
 10
-0.509186
 20
-0.0494537
 11
-0.5112
 21
-0.0467529
  0
LINE
  8
0
 10
-0.5112
 20
-0.0467529
 11
-0.513107
 21
-0.0439453
  0
LINE
  8
0
 10
-0.513107
 20
-0.0439453
 11
-0.514877
 21
-0.0410767
  0
LINE
  8
0
 10
-0.514877
 20
-0.0410767
 11
-0.516541
 21
-0.0381317
  0
LINE
  8
0
 10
-0.516541
 20
-0.0381317
 11
-0.518082
 21
-0.0351257
  0
LINE
  8
0
 10
-0.518082
 20
-0.0351257
 11
-0.519485
 21
-0.0320435
  0
LINE
  8
0
 10
-0.519485
 20
-0.0320435
 11
-0.520767
 21
-0.0289154
  0
LINE
  8
0
 10
-0.520767
 20
-0.0289154
 11
-0.521912
 21
-0.0257416
  0
LINE
  8
0
 10
-0.521912
 20
-0.0257416
 11
-0.522919
 21
-0.0225067
  0
LINE
  8
0
 10
-0.522919
 20
-0.0225067
 11
-0.523788
 21
-0.0192413
  0
LINE
  8
0
 10
-0.523788
 20
-0.0192413
 11
-0.524536
 21
-0.0159454
  0
LINE
  8
0
 10
-0.524536
 20
-0.0159454
 11
-0.525131
 21
-0.012619
  0
LINE
  8
0
 10
-0.525131
 20
-0.012619
 11
-0.525589
 21
-0.00926208
  0
LINE
  8
0
 10
-0.525589
 20
-0.00926208
 11
-0.525909
 21
-0.00590515
  0
LINE
  8
0
 10
-0.525909
 20
-0.00590515
 11
-0.526077
 21
-0.00253296
  0
LINE
  8
0
 10
-0.526077
 20
-0.00253296
 11
-0.526123
 21
0.000839233
  0
LINE
  8
0
 10
-0.526123
 20
0.000839233
 11
-0.526016
 21
0.00421143
  0
LINE
  8
0
 10
-0.526016
 20
0.00421143
 11
-0.525757
 21
0.00758362
  0
LINE
  8
0
 10
-0.525757
 20
0.00758362
 11
-0.525375
 21
0.0109406
  0
LINE
  8
0
 10
-0.525375
 20
0.0109406
 11
-0.524841
 21
0.0142822
  0
LINE
  8
0
 10
-0.524841
 20
0.0142822
 11
-0.524185
 21
0.0175934
  0
LINE
  8
0
 10
-0.524185
 20
0.0175934
 11
-0.523376
 21
0.0208893
  0
LINE
  8
0
 10
-0.523376
 20
0.0208893
 11
-0.52243
 21
0.0241241
  0
LINE
  8
0
 10
-0.52243
 20
0.0241241
 11
-0.521347
 21
0.0273285
  0
LINE
  8
0
 10
-0.521347
 20
0.0273285
 11
-0.520142
 21
0.0304871
  0
LINE
  8
0
 10
-0.520142
 20
0.0304871
 11
-0.518799
 21
0.0335846
  0
LINE
  8
0
 10
-0.518799
 20
0.0335846
 11
-0.517319
 21
0.0366364
  0
LINE
  8
0
 10
-0.517319
 20
0.0366364
 11
-0.515732
 21
0.0396118
  0
LINE
  8
0
 10
-0.515732
 20
0.0396118
 11
-0.514008
 21
0.0425262
  0
LINE
  8
0
 10
-0.514008
 20
0.0425262
 11
-0.512161
 21
0.0453644
  0
LINE
  8
0
 10
-0.512161
 20
0.0453644
 11
-0.510208
 21
0.048111
  0
LINE
  8
0
 10
-0.510208
 20
0.048111
 11
-0.508133
 21
0.0507812
  0
LINE
  8
0
 10
-0.508133
 20
0.0507812
 11
-0.505951
 21
0.05336
  0
LINE
  8
0
 10
-0.505951
 20
0.05336
 11
-0.503662
 21
0.0558472
  0
LINE
  8
0
 10
-0.503662
 20
0.0558472
 11
-0.501282
 21
0.0582428
  0
LINE
  8
0
 10
-0.501282
 20
0.0582428
 11
-0.498795
 21
0.0605316
  0
LINE
  8
0
 10
-0.498795
 20
0.0605316
 11
-0.496201
 21
0.0627136
  0
LINE
  8
0
 10
-0.496201
 20
0.0627136
 11
-0.49353
 21
0.0647888
  0
LINE
  8
0
 10
-0.49353
 20
0.0647888
 11
-0.490784
 21
0.0667419
  0
LINE
  8
0
 10
-0.490784
 20
0.0667419
 11
-0.487946
 21
0.0685883
  0
LINE
  8
0
 10
-0.487946
 20
0.0685883
 11
-0.485031
 21
0.0703125
  0
LINE
  8
0
 10
-0.485031
 20
0.0703125
 11
-0.482056
 21
0.0718994
  0
LINE
  8
0
 10
-0.482056
 20
0.0718994
 11
-0.479004
 21
0.0733795
  0
LINE
  8
0
 10
-0.479004
 20
0.0733795
 11
-0.475906
 21
0.0747223
  0
LINE
  8
0
 10
-0.475906
 20
0.0747223
 11
-0.472748
 21
0.0759277
  0
LINE
  8
0
 10
-0.472748
 20
0.0759277
 11
-0.469543
 21
0.0770111
  0
LINE
  8
0
 10
-0.469543
 20
0.0770111
 11
-0.466309
 21
0.0779572
  0
LINE
  8
0
 10
-0.466309
 20
0.0779572
 11
-0.463013
 21
0.0787506
  0
LINE
  8
0
 10
-0.463013
 20
0.0787506
 11
-0.459702
 21
0.079422
  0
LINE
  8
0
 10
-0.459702
 20
0.079422
 11
-0.45636
 21
0.0799561
  0
LINE
  8
0
 10
-0.45636
 20
0.0799561
 11
-0.453003
 21
0.0803375
  0
LINE
  8
0
 10
-0.453003
 20
0.0803375
 11
-0.449631
 21
0.0805969
  0
LINE
  8
0
 10
-0.449631
 20
0.0805969
 11
-0.446259
 21
0.0807037
  0
LINE
  8
0
 10
-0.446259
 20
0.0807037
 11
-0.442871
 21
0.080658
  0
LINE
  8
0
 10
-0.442871
 20
0.080658
 11
-0.439499
 21
0.0804901
  0
LINE
  8
0
 10
-0.439499
 20
0.0804901
 11
-0.436142
 21
0.0801697
  0
LINE
  8
0
 10
-0.436142
 20
0.0801697
 11
-0.432785
 21
0.0797119
  0
LINE
  8
0
 10
-0.432785
 20
0.0797119
 11
-0.429459
 21
0.0791016
  0
LINE
  8
0
 10
-0.429459
 20
0.0791016
 11
-0.426163
 21
0.0783691
  0
LINE
  8
0
 10
-0.426163
 20
0.0783691
 11
-0.422897
 21
0.0774994
  0
LINE
  8
0
 10
-0.422897
 20
0.0774994
 11
-0.419678
 21
0.0764923
  0
LINE
  8
0
 10
-0.419678
 20
0.0764923
 11
-0.416489
 21
0.0753479
  0
LINE
  8
0
 10
-0.416489
 20
0.0753479
 11
-0.413361
 21
0.0740662
  0
LINE
  8
0
 10
-0.413361
 20
0.0740662
 11
-0.410294
 21
0.0726624
  0
LINE
  8
0
 10
-0.410294
 20
0.0726624
 11
-0.407272
 21
0.0711212
  0
LINE
  8
0
 10
-0.407272
 20
0.0711212
 11
-0.404327
 21
0.069458
  0
LINE
  8
0
 10
-0.404327
 20
0.069458
 11
-0.401459
 21
0.0676727
  0
LINE
  8
0
 10
-0.401459
 20
0.0676727
 11
-0.398666
 21
0.0657806
  0
LINE
  8
0
 10
-0.398666
 20
0.0657806
 11
-0.39595
 21
0.0637665
  0
LINE
  8
0
 10
-0.39595
 20
0.0637665
 11
-0.393326
 21
0.0616302
  0
LINE
  8
0
 10
-0.393326
 20
0.0616302
 11
-0.390778
 21
0.0594025
  0
LINE
  8
0
 10
-0.390778
 20
0.0594025
 11
-0.388336
 21
0.0570679
  0
LINE
  8
0
 10
-0.388336
 20
0.0570679
 11
-0.386002
 21
0.0546265
  0
LINE
  8
0
 10
-0.386002
 20
0.0546265
 11
-0.383774
 21
0.0520935
  0
LINE
  8
0
 10
-0.383774
 20
0.0520935
 11
-0.381638
 21
0.0494537
  0
LINE
  8
0
 10
-0.381638
 20
0.0494537
 11
-0.379623
 21
0.0467529
  0
LINE
  8
0
 10
-0.379623
 20
0.0467529
 11
-0.377731
 21
0.0439453
  0
LINE
  8
0
 10
-0.377731
 20
0.0439453
 11
-0.375946
 21
0.0410767
  0
LINE
  8
0
 10
-0.375946
 20
0.0410767
 11
-0.374283
 21
0.0381317
  0
LINE
  8
0
 10
-0.374283
 20
0.0381317
 11
-0.372757
 21
0.0351257
  0
LINE
  8
0
 10
-0.372757
 20
0.0351257
 11
-0.371338
 21
0.0320435
  0
LINE
  8
0
 10
-0.371338
 20
0.0320435
 11
-0.370071
 21
0.0289154
  0
LINE
  8
0
 10
-0.370071
 20
0.0289154
 11
-0.368927
 21
0.0257416
  0
LINE
  8
0
 10
-0.368927
 20
0.0257416
 11
-0.367905
 21
0.0225067
  0
LINE
  8
0
 10
-0.367905
 20
0.0225067
 11
-0.367035
 21
0.0192413
  0
LINE
  8
0
 10
-0.367035
 20
0.0192413
 11
-0.366302
 21
0.0159454
  0
LINE
  8
0
 10
-0.366302
 20
0.0159454
 11
-0.365692
 21
0.012619
  0
LINE
  8
0
 10
-0.365692
 20
0.012619
 11
-0.365234
 21
0.00926208
  0
LINE
  8
0
 10
-0.365234
 20
0.00926208
 11
-0.364914
 21
0.00590515
  0
LINE
  8
0
 10
-0.364914
 20
0.00590515
 11
-0.364746
 21
0.00253296
  0
LINE
  8
0
 10
-0.364746
 20
0.00253296
 11
-0.364716
 21
-0.000839233
  0
LINE
  8
0
 10
-0.364716
 20
-0.000839233
 11
-0.364822
 21
-0.00421143
  0
LINE
  8
0
 10
-0.364822
 20
-0.00421143
 11
-0.365067
 21
-0.00758362
  0
LINE
  8
0
 10
-0.365067
 20
-0.00758362
 11
-0.365448
 21
-0.0109406
  0
LINE
  8
0
 10
-0.365448
 20
-0.0109406
 11
-0.365982
 21
-0.0142822
  0
LINE
  8
0
 10
-0.365982
 20
-0.0142822
 11
-0.366653
 21
-0.0175934
  0
LINE
  8
0
 10
-0.366653
 20
-0.0175934
 11
-0.367447
 21
-0.0208893
  0
LINE
  8
0
 10
-0.367447
 20
-0.0208893
 11
-0.368393
 21
-0.0241241
  0
LINE
  8
0
 10
-0.368393
 20
-0.0241241
 11
-0.369476
 21
-0.0273285
  0
LINE
  8
0
 10
-0.369476
 20
-0.0273285
 11
-0.370682
 21
-0.0304871
  0
LINE
  8
0
 10
-0.370682
 20
-0.0304871
 11
-0.372025
 21
-0.0335846
  0
LINE
  8
0
 10
-0.372025
 20
-0.0335846
 11
-0.373505
 21
-0.0366364
  0
LINE
  8
0
 10
-0.373505
 20
-0.0366364
 11
-0.375092
 21
-0.0396118
  0
LINE
  8
0
 10
-0.375092
 20
-0.0396118
 11
-0.376816
 21
-0.0425262
  0
LINE
  8
0
 10
-0.376816
 20
-0.0425262
 11
-0.378662
 21
-0.0453644
  0
LINE
  8
0
 10
-0.378662
 20
-0.0453644
 11
-0.380615
 21
-0.048111
  0
LINE
  8
0
 10
-0.380615
 20
-0.048111
 11
-0.38269
 21
-0.0507812
  0
LINE
  8
0
 10
-0.38269
 20
-0.0507812
 11
-0.384872
 21
-0.05336
  0
LINE
  8
0
 10
-0.384872
 20
-0.05336
 11
-0.387161
 21
-0.0558472
  0
LINE
  8
0
 10
-0.387161
 20
-0.0558472
 11
-0.389557
 21
-0.0582428
  0
LINE
  8
0
 10
-0.389557
 20
-0.0582428
 11
-0.392044
 21
-0.0605316
  0
LINE
  8
0
 10
-0.392044
 20
-0.0605316
 11
-0.394623
 21
-0.0627136
  0
LINE
  8
0
 10
-0.394623
 20
-0.0627136
 11
-0.397293
 21
-0.0647888
  0
LINE
  8
0
 10
-0.397293
 20
-0.0647888
 11
-0.400055
 21
-0.0667419
  0
LINE
  8
0
 10
-0.400055
 20
-0.0667419
 11
-0.402878
 21
-0.0685883
  0
LINE
  8
0
 10
-0.402878
 20
-0.0685883
 11
-0.405792
 21
-0.0703125
  0
LINE
  8
0
 10
-0.405792
 20
-0.0703125
 11
-0.408768
 21
-0.0718994
  0
LINE
  8
0
 10
-0.408768
 20
-0.0718994
 11
-0.411819
 21
-0.0733795
  0
LINE
  8
0
 10
-0.411819
 20
-0.0733795
 11
-0.414917
 21
-0.0747223
  0
LINE
  8
0
 10
-0.414917
 20
-0.0747223
 11
-0.418076
 21
-0.0759277
  0
LINE
  8
0
 10
-0.418076
 20
-0.0759277
 11
-0.42128
 21
-0.0770111
  0
LINE
  8
0
 10
-0.42128
 20
-0.0770111
 11
-0.42453
 21
-0.0779572
  0
LINE
  8
0
 10
-0.42453
 20
-0.0779572
 11
-0.427811
 21
-0.0787506
  0
LINE
  8
0
 10
-0.427811
 20
-0.0787506
 11
-0.431122
 21
-0.079422
  0
LINE
  8
0
 10
-0.431122
 20
-0.079422
 11
-0.434464
 21
-0.0799561
  0
LINE
  8
0
 10
-0.434464
 20
-0.0799561
 11
-0.43782
 21
-0.0803375
  0
LINE
  8
0
 10
-0.43782
 20
-0.0803375
 11
-0.441193
 21
-0.0805969
  0
LINE
  8
0
 10
-0.441193
 20
-0.0805969
 11
-0.444565
 21
-0.0807037
  0
LINE
  8
0
 10
-0.444565
 20
-0.0807037
 11
-0.447952
 21
-0.080658
  0
LINE
  8
0
 10
0.442871
 20
-0.080658
 11
0.439499
 21
-0.0804901
  0
LINE
  8
0
 10
0.439499
 20
-0.0804901
 11
0.436142
 21
-0.0801697
  0
LINE
  8
0
 10
0.436142
 20
-0.0801697
 11
0.432785
 21
-0.0797119
  0
LINE
  8
0
 10
0.432785
 20
-0.0797119
 11
0.429459
 21
-0.0791016
  0
LINE
  8
0
 10
0.429459
 20
-0.0791016
 11
0.426163
 21
-0.0783691
  0
LINE
  8
0
 10
0.426163
 20
-0.0783691
 11
0.422897
 21
-0.0774994
  0
LINE
  8
0
 10
0.422897
 20
-0.0774994
 11
0.419678
 21
-0.0764923
  0
LINE
  8
0
 10
0.419678
 20
-0.0764923
 11
0.416489
 21
-0.0753479
  0
LINE
  8
0
 10
0.416489
 20
-0.0753479
 11
0.413361
 21
-0.0740662
  0
LINE
  8
0
 10
0.413361
 20
-0.0740662
 11
0.410294
 21
-0.0726624
  0
LINE
  8
0
 10
0.410294
 20
-0.0726624
 11
0.407272
 21
-0.0711212
  0
LINE
  8
0
 10
0.407272
 20
-0.0711212
 11
0.404327
 21
-0.069458
  0
LINE
  8
0
 10
0.404327
 20
-0.069458
 11
0.401459
 21
-0.0676727
  0
LINE
  8
0
 10
0.401459
 20
-0.0676727
 11
0.398666
 21
-0.0657806
  0
LINE
  8
0
 10
0.398666
 20
-0.0657806
 11
0.39595
 21
-0.0637665
  0
LINE
  8
0
 10
0.39595
 20
-0.0637665
 11
0.393326
 21
-0.0616302
  0
LINE
  8
0
 10
0.393326
 20
-0.0616302
 11
0.390778
 21
-0.0594025
  0
LINE
  8
0
 10
0.390778
 20
-0.0594025
 11
0.388336
 21
-0.0570679
  0
LINE
  8
0
 10
0.388336
 20
-0.0570679
 11
0.386002
 21
-0.0546265
  0
LINE
  8
0
 10
0.386002
 20
-0.0546265
 11
0.383774
 21
-0.0520935
  0
LINE
  8
0
 10
0.383774
 20
-0.0520935
 11
0.381638
 21
-0.0494537
  0
LINE
  8
0
 10
0.381638
 20
-0.0494537
 11
0.379623
 21
-0.0467529
  0
LINE
  8
0
 10
0.379623
 20
-0.0467529
 11
0.377731
 21
-0.0439453
  0
LINE
  8
0
 10
0.377731
 20
-0.0439453
 11
0.375946
 21
-0.0410767
  0
LINE
  8
0
 10
0.375946
 20
-0.0410767
 11
0.374283
 21
-0.0381317
  0
LINE
  8
0
 10
0.374283
 20
-0.0381317
 11
0.372757
 21
-0.0351257
  0
LINE
  8
0
 10
0.372757
 20
-0.0351257
 11
0.371338
 21
-0.0320435
  0
LINE
  8
0
 10
0.371338
 20
-0.0320435
 11
0.370071
 21
-0.0289154
  0
LINE
  8
0
 10
0.370071
 20
-0.0289154
 11
0.368927
 21
-0.0257416
  0
LINE
  8
0
 10
0.368927
 20
-0.0257416
 11
0.367905
 21
-0.0225067
  0
LINE
  8
0
 10
0.367905
 20
-0.0225067
 11
0.367035
 21
-0.0192413
  0
LINE
  8
0
 10
0.367035
 20
-0.0192413
 11
0.366302
 21
-0.0159454
  0
LINE
  8
0
 10
0.366302
 20
-0.0159454
 11
0.365692
 21
-0.012619
  0
LINE
  8
0
 10
0.365692
 20
-0.012619
 11
0.365234
 21
-0.00926208
  0
LINE
  8
0
 10
0.365234
 20
-0.00926208
 11
0.364914
 21
-0.00590515
  0
LINE
  8
0
 10
0.364914
 20
-0.00590515
 11
0.364746
 21
-0.00253296
  0
LINE
  8
0
 10
0.364746
 20
-0.00253296
 11
0.364716
 21
0.000839233
  0
LINE
  8
0
 10
0.364716
 20
0.000839233
 11
0.364822
 21
0.00421143
  0
LINE
  8
0
 10
0.364822
 20
0.00421143
 11
0.365067
 21
0.00758362
  0
LINE
  8
0
 10
0.365067
 20
0.00758362
 11
0.365448
 21
0.0109406
  0
LINE
  8
0
 10
0.365448
 20
0.0109406
 11
0.365982
 21
0.0142822
  0
LINE
  8
0
 10
0.365982
 20
0.0142822
 11
0.366653
 21
0.0175934
  0
LINE
  8
0
 10
0.366653
 20
0.0175934
 11
0.367447
 21
0.0208893
  0
LINE
  8
0
 10
0.367447
 20
0.0208893
 11
0.368393
 21
0.0241241
  0
LINE
  8
0
 10
0.368393
 20
0.0241241
 11
0.369476
 21
0.0273285
  0
LINE
  8
0
 10
0.369476
 20
0.0273285
 11
0.370682
 21
0.0304871
  0
LINE
  8
0
 10
0.370682
 20
0.0304871
 11
0.372025
 21
0.0335846
  0
LINE
  8
0
 10
0.372025
 20
0.0335846
 11
0.373505
 21
0.0366364
  0
LINE
  8
0
 10
0.373505
 20
0.0366364
 11
0.375092
 21
0.0396118
  0
LINE
  8
0
 10
0.375092
 20
0.0396118
 11
0.376816
 21
0.0425262
  0
LINE
  8
0
 10
0.376816
 20
0.0425262
 11
0.378662
 21
0.0453644
  0
LINE
  8
0
 10
0.378662
 20
0.0453644
 11
0.380615
 21
0.048111
  0
LINE
  8
0
 10
0.380615
 20
0.048111
 11
0.38269
 21
0.0507812
  0
LINE
  8
0
 10
0.38269
 20
0.0507812
 11
0.384872
 21
0.05336
  0
LINE
  8
0
 10
0.384872
 20
0.05336
 11
0.387161
 21
0.0558472
  0
LINE
  8
0
 10
0.387161
 20
0.0558472
 11
0.389557
 21
0.0582428
  0
LINE
  8
0
 10
0.389557
 20
0.0582428
 11
0.392044
 21
0.0605316
  0
LINE
  8
0
 10
0.392044
 20
0.0605316
 11
0.394623
 21
0.0627136
  0
LINE
  8
0
 10
0.394623
 20
0.0627136
 11
0.397293
 21
0.0647888
  0
LINE
  8
0
 10
0.397293
 20
0.0647888
 11
0.400055
 21
0.0667419
  0
LINE
  8
0
 10
0.400055
 20
0.0667419
 11
0.402878
 21
0.0685883
  0
LINE
  8
0
 10
0.402878
 20
0.0685883
 11
0.405792
 21
0.0703125
  0
LINE
  8
0
 10
0.405792
 20
0.0703125
 11
0.408768
 21
0.0718994
  0
LINE
  8
0
 10
0.408768
 20
0.0718994
 11
0.411819
 21
0.0733795
  0
LINE
  8
0
 10
0.411819
 20
0.0733795
 11
0.414917
 21
0.0747223
  0
LINE
  8
0
 10
0.414917
 20
0.0747223
 11
0.418076
 21
0.0759277
  0
LINE
  8
0
 10
0.418076
 20
0.0759277
 11
0.42128
 21
0.0770111
  0
LINE
  8
0
 10
0.42128
 20
0.0770111
 11
0.42453
 21
0.0779572
  0
LINE
  8
0
 10
0.42453
 20
0.0779572
 11
0.427811
 21
0.0787506
  0
LINE
  8
0
 10
0.427811
 20
0.0787506
 11
0.431122
 21
0.079422
  0
LINE
  8
0
 10
0.431122
 20
0.079422
 11
0.434464
 21
0.0799561
  0
LINE
  8
0
 10
0.434464
 20
0.0799561
 11
0.43782
 21
0.0803375
  0
LINE
  8
0
 10
0.43782
 20
0.0803375
 11
0.441193
 21
0.0805969
  0
LINE
  8
0
 10
0.441193
 20
0.0805969
 11
0.444565
 21
0.0807037
  0
LINE
  8
0
 10
0.444565
 20
0.0807037
 11
0.447952
 21
0.080658
  0
LINE
  8
0
 10
0.447952
 20
0.080658
 11
0.451324
 21
0.0804901
  0
LINE
  8
0
 10
0.451324
 20
0.0804901
 11
0.454697
 21
0.0801697
  0
LINE
  8
0
 10
0.454697
 20
0.0801697
 11
0.458038
 21
0.0797119
  0
LINE
  8
0
 10
0.458038
 20
0.0797119
 11
0.461365
 21
0.0791016
  0
LINE
  8
0
 10
0.461365
 20
0.0791016
 11
0.464661
 21
0.0783691
  0
LINE
  8
0
 10
0.464661
 20
0.0783691
 11
0.467926
 21
0.0774994
  0
LINE
  8
0
 10
0.467926
 20
0.0774994
 11
0.471161
 21
0.0764923
  0
LINE
  8
0
 10
0.471161
 20
0.0764923
 11
0.474335
 21
0.0753326
  0
LINE
  8
0
 10
0.474335
 20
0.0753326
 11
0.477463
 21
0.0740662
  0
LINE
  8
0
 10
0.477463
 20
0.0740662
 11
0.480545
 21
0.0726624
  0
LINE
  8
0
 10
0.480545
 20
0.0726624
 11
0.483551
 21
0.0711212
  0
LINE
  8
0
 10
0.483551
 20
0.0711212
 11
0.486496
 21
0.069458
  0
LINE
  8
0
 10
0.486496
 20
0.069458
 11
0.489365
 21
0.067688
  0
LINE
  8
0
 10
0.489365
 20
0.067688
 11
0.492172
 21
0.0657806
  0
LINE
  8
0
 10
0.492172
 20
0.0657806
 11
0.494888
 21
0.0637665
  0
LINE
  8
0
 10
0.494888
 20
0.0637665
 11
0.497513
 21
0.0616302
  0
LINE
  8
0
 10
0.497513
 20
0.0616302
 11
0.500046
 21
0.0594025
  0
LINE
  8
0
 10
0.500046
 20
0.0594025
 11
0.502487
 21
0.0570679
  0
LINE
  8
0
 10
0.502487
 20
0.0570679
 11
0.504822
 21
0.0546265
  0
LINE
  8
0
 10
0.504822
 20
0.0546265
 11
0.507065
 21
0.0520935
  0
LINE
  8
0
 10
0.507065
 20
0.0520935
 11
0.509186
 21
0.0494537
  0
LINE
  8
0
 10
0.509186
 20
0.0494537
 11
0.5112
 21
0.0467529
  0
LINE
  8
0
 10
0.5112
 20
0.0467529
 11
0.513107
 21
0.0439453
  0
LINE
  8
0
 10
0.513107
 20
0.0439453
 11
0.514877
 21
0.0410767
  0
LINE
  8
0
 10
0.514877
 20
0.0410767
 11
0.516541
 21
0.0381317
  0
LINE
  8
0
 10
0.516541
 20
0.0381317
 11
0.518082
 21
0.0351257
  0
LINE
  8
0
 10
0.518082
 20
0.0351257
 11
0.519485
 21
0.0320435
  0
LINE
  8
0
 10
0.519485
 20
0.0320435
 11
0.520767
 21
0.0289154
  0
LINE
  8
0
 10
0.520767
 20
0.0289154
 11
0.521912
 21
0.0257416
  0
LINE
  8
0
 10
0.521912
 20
0.0257416
 11
0.522919
 21
0.0225067
  0
LINE
  8
0
 10
0.522919
 20
0.0225067
 11
0.523788
 21
0.0192413
  0
LINE
  8
0
 10
0.523788
 20
0.0192413
 11
0.524536
 21
0.0159454
  0
LINE
  8
0
 10
0.524536
 20
0.0159454
 11
0.525131
 21
0.012619
  0
LINE
  8
0
 10
0.525131
 20
0.012619
 11
0.525589
 21
0.00926208
  0
LINE
  8
0
 10
0.525589
 20
0.00926208
 11
0.525909
 21
0.00590515
  0
LINE
  8
0
 10
0.525909
 20
0.00590515
 11
0.526077
 21
0.00253296
  0
LINE
  8
0
 10
0.526077
 20
0.00253296
 11
0.526123
 21
-0.000839233
  0
LINE
  8
0
 10
0.526123
 20
-0.000839233
 11
0.526016
 21
-0.00421143
  0
LINE
  8
0
 10
0.526016
 20
-0.00421143
 11
0.525757
 21
-0.00758362
  0
LINE
  8
0
 10
0.525757
 20
-0.00758362
 11
0.525375
 21
-0.0109406
  0
LINE
  8
0
 10
0.525375
 20
-0.0109406
 11
0.524841
 21
-0.0142822
  0
LINE
  8
0
 10
0.524841
 20
-0.0142822
 11
0.524185
 21
-0.0175934
  0
LINE
  8
0
 10
0.524185
 20
-0.0175934
 11
0.523376
 21
-0.0208893
  0
LINE
  8
0
 10
0.523376
 20
-0.0208893
 11
0.52243
 21
-0.0241241
  0
LINE
  8
0
 10
0.52243
 20
-0.0241241
 11
0.521347
 21
-0.0273285
  0
LINE
  8
0
 10
0.521347
 20
-0.0273285
 11
0.520142
 21
-0.0304871
  0
LINE
  8
0
 10
0.520142
 20
-0.0304871
 11
0.518799
 21
-0.0335846
  0
LINE
  8
0
 10
0.518799
 20
-0.0335846
 11
0.517319
 21
-0.0366364
  0
LINE
  8
0
 10
0.517319
 20
-0.0366364
 11
0.515732
 21
-0.0396118
  0
LINE
  8
0
 10
0.515732
 20
-0.0396118
 11
0.514008
 21
-0.0425262
  0
LINE
  8
0
 10
0.514008
 20
-0.0425262
 11
0.512161
 21
-0.0453644
  0
LINE
  8
0
 10
0.512161
 20
-0.0453644
 11
0.510208
 21
-0.048111
  0
LINE
  8
0
 10
0.510208
 20
-0.048111
 11
0.508133
 21
-0.0507812
  0
LINE
  8
0
 10
0.508133
 20
-0.0507812
 11
0.505951
 21
-0.05336
  0
LINE
  8
0
 10
0.505951
 20
-0.05336
 11
0.503662
 21
-0.0558472
  0
LINE
  8
0
 10
0.503662
 20
-0.0558472
 11
0.501282
 21
-0.0582428
  0
LINE
  8
0
 10
0.501282
 20
-0.0582428
 11
0.498795
 21
-0.0605316
  0
LINE
  8
0
 10
0.498795
 20
-0.0605316
 11
0.496201
 21
-0.0627136
  0
LINE
  8
0
 10
0.496201
 20
-0.0627136
 11
0.49353
 21
-0.0647888
  0
LINE
  8
0
 10
0.49353
 20
-0.0647888
 11
0.490784
 21
-0.0667419
  0
LINE
  8
0
 10
0.490784
 20
-0.0667419
 11
0.487946
 21
-0.0685883
  0
LINE
  8
0
 10
0.487946
 20
-0.0685883
 11
0.485031
 21
-0.0703125
  0
LINE
  8
0
 10
0.485031
 20
-0.0703125
 11
0.482056
 21
-0.0718994
  0
LINE
  8
0
 10
0.482056
 20
-0.0718994
 11
0.479004
 21
-0.0733795
  0
LINE
  8
0
 10
0.479004
 20
-0.0733795
 11
0.475906
 21
-0.0747223
  0
LINE
  8
0
 10
0.475906
 20
-0.0747223
 11
0.472748
 21
-0.0759277
  0
LINE
  8
0
 10
0.472748
 20
-0.0759277
 11
0.469543
 21
-0.0770111
  0
LINE
  8
0
 10
0.469543
 20
-0.0770111
 11
0.466309
 21
-0.0779572
  0
LINE
  8
0
 10
0.466309
 20
-0.0779572
 11
0.463013
 21
-0.0787506
  0
LINE
  8
0
 10
0.463013
 20
-0.0787506
 11
0.459702
 21
-0.079422
  0
LINE
  8
0
 10
0.459702
 20
-0.079422
 11
0.45636
 21
-0.0799561
  0
LINE
  8
0
 10
0.45636
 20
-0.0799561
 11
0.453003
 21
-0.0803375
  0
LINE
  8
0
 10
0.453003
 20
-0.0803375
 11
0.449631
 21
-0.0805969
  0
LINE
  8
0
 10
0.449631
 20
-0.0805969
 11
0.446259
 21
-0.0807037
  0
LINE
  8
0
 10
0.446259
 20
-0.0807037
 11
0.442871
 21
-0.080658
  0
LINE
  8
0
 10
-6.17668
 20
-0.0806885
 11
-6.18005
 21
-0.0805359
  0
LINE
  8
0
 10
-6.18005
 20
-0.0805359
 11
-6.18343
 21
-0.0802612
  0
LINE
  8
0
 10
-6.18343
 20
-0.0802612
 11
-6.18678
 21
-0.079834
  0
LINE
  8
0
 10
-6.18678
 20
-0.079834
 11
-6.19011
 21
-0.0792694
  0
LINE
  8
0
 10
-6.19011
 20
-0.0792694
 11
-6.19342
 21
-0.0785675
  0
LINE
  8
0
 10
-6.19342
 20
-0.0785675
 11
-6.1967
 21
-0.0777283
  0
LINE
  8
0
 10
-6.1967
 20
-0.0777283
 11
-6.19994
 21
-0.0767517
  0
LINE
  8
0
 10
-6.19994
 20
-0.0767517
 11
-6.20312
 21
-0.0756378
  0
LINE
  8
0
 10
-6.20312
 20
-0.0756378
 11
-6.20627
 21
-0.0744019
  0
LINE
  8
0
 10
-6.20627
 20
-0.0744019
 11
-6.20935
 21
-0.0730133
  0
LINE
  8
0
 10
-6.20935
 20
-0.0730133
 11
-6.21239
 21
-0.0715179
  0
LINE
  8
0
 10
-6.21239
 20
-0.0715179
 11
-6.21535
 21
-0.0698853
  0
LINE
  8
0
 10
-6.21535
 20
-0.0698853
 11
-6.21823
 21
-0.0681305
  0
LINE
  8
0
 10
-6.21823
 20
-0.0681305
 11
-6.22105
 21
-0.0662689
  0
LINE
  8
0
 10
-6.22105
 20
-0.0662689
 11
-6.22379
 21
-0.0642853
  0
LINE
  8
0
 10
-6.22379
 20
-0.0642853
 11
-6.22644
 21
-0.0621796
  0
LINE
  8
0
 10
-6.22644
 20
-0.0621796
 11
-6.229
 21
-0.059967
  0
LINE
  8
0
 10
-6.229
 20
-0.059967
 11
-6.23146
 21
-0.057663
  0
LINE
  8
0
 10
-6.23146
 20
-0.057663
 11
-6.23383
 21
-0.0552368
  0
LINE
  8
0
 10
-6.23383
 20
-0.0552368
 11
-6.23608
 21
-0.0527344
  0
LINE
  8
0
 10
-6.23608
 20
-0.0527344
 11
-6.23825
 21
-0.0501251
  0
LINE
  8
0
 10
-6.23825
 20
-0.0501251
 11
-6.24028
 21
-0.0474243
  0
LINE
  8
0
 10
-6.24028
 20
-0.0474243
 11
-6.24222
 21
-0.0446625
  0
LINE
  8
0
 10
-6.24222
 20
-0.0446625
 11
-6.24403
 21
-0.0418091
  0
LINE
  8
0
 10
-6.24403
 20
-0.0418091
 11
-6.24571
 21
-0.0388794
  0
LINE
  8
0
 10
-6.24571
 20
-0.0388794
 11
-6.24728
 21
-0.0358734
  0
LINE
  8
0
 10
-6.24728
 20
-0.0358734
 11
-6.24872
 21
-0.0328217
  0
LINE
  8
0
 10
-6.24872
 20
-0.0328217
 11
-6.25003
 21
-0.0297089
  0
LINE
  8
0
 10
-6.25003
 20
-0.0297089
 11
-6.25121
 21
-0.026535
  0
LINE
  8
0
 10
-6.25121
 20
-0.026535
 11
-6.25226
 21
-0.0233154
  0
LINE
  8
0
 10
-6.25226
 20
-0.0233154
 11
-6.25316
 21
-0.0200653
  0
LINE
  8
0
 10
-6.25316
 20
-0.0200653
 11
-6.25394
 21
-0.0167694
  0
LINE
  8
0
 10
-6.25394
 20
-0.0167694
 11
-6.25458
 21
-0.0134583
  0
LINE
  8
0
 10
-6.25458
 20
-0.0134583
 11
-6.25507
 21
-0.0101013
  0
LINE
  8
0
 10
-6.25507
 20
-0.0101013
 11
-6.25542
 21
-0.00674438
  0
LINE
  8
0
 10
-6.25542
 20
-0.00674438
 11
-6.25563
 21
-0.00337219
  0
LINE
  8
0
 10
-6.25563
 20
-0.00337219
 11
-6.25571
 21
0
  0
LINE
  8
0
 10
-6.25571
 20
0
 11
-6.25563
 21
0.00337219
  0
LINE
  8
0
 10
-6.25563
 20
0.00337219
 11
-6.25542
 21
0.00674438
  0
LINE
  8
0
 10
-6.25542
 20
0.00674438
 11
-6.25507
 21
0.0101013
  0
LINE
  8
0
 10
-6.25507
 20
0.0101013
 11
-6.25458
 21
0.0134583
  0
LINE
  8
0
 10
-6.25458
 20
0.0134583
 11
-6.25394
 21
0.0167694
  0
LINE
  8
0
 10
-6.25394
 20
0.0167694
 11
-6.25316
 21
0.0200653
  0
LINE
  8
0
 10
-6.25316
 20
0.0200653
 11
-6.25226
 21
0.0233154
  0
LINE
  8
0
 10
-6.25226
 20
0.0233154
 11
-6.25121
 21
0.026535
  0
LINE
  8
0
 10
-6.25121
 20
0.026535
 11
-6.25003
 21
0.0297089
  0
LINE
  8
0
 10
-6.25003
 20
0.0297089
 11
-6.24872
 21
0.0328217
  0
LINE
  8
0
 10
-6.24872
 20
0.0328217
 11
-6.24728
 21
0.0358734
  0
LINE
  8
0
 10
-6.24728
 20
0.0358734
 11
-6.24571
 21
0.0388794
  0
LINE
  8
0
 10
-6.24571
 20
0.0388794
 11
-6.24403
 21
0.0418091
  0
LINE
  8
0
 10
-6.24403
 20
0.0418091
 11
-6.24222
 21
0.0446625
  0
LINE
  8
0
 10
-6.24222
 20
0.0446625
 11
-6.24028
 21
0.0474243
  0
LINE
  8
0
 10
-6.24028
 20
0.0474243
 11
-6.23825
 21
0.0501251
  0
LINE
  8
0
 10
-6.23825
 20
0.0501251
 11
-6.23608
 21
0.0527344
  0
LINE
  8
0
 10
-6.23608
 20
0.0527344
 11
-6.23383
 21
0.0552368
  0
LINE
  8
0
 10
-6.23383
 20
0.0552368
 11
-6.23146
 21
0.057663
  0
LINE
  8
0
 10
-6.23146
 20
0.057663
 11
-6.229
 21
0.059967
  0
LINE
  8
0
 10
-6.229
 20
0.059967
 11
-6.22644
 21
0.0621796
  0
LINE
  8
0
 10
-6.22644
 20
0.0621796
 11
-6.22379
 21
0.0642853
  0
LINE
  8
0
 10
-6.22379
 20
0.0642853
 11
-6.22105
 21
0.0662689
  0
LINE
  8
0
 10
-6.22105
 20
0.0662689
 11
-6.21823
 21
0.0681305
  0
LINE
  8
0
 10
-6.21823
 20
0.0681305
 11
-6.21535
 21
0.0698853
  0
LINE
  8
0
 10
-6.21535
 20
0.0698853
 11
-6.21239
 21
0.0715179
  0
LINE
  8
0
 10
-6.21239
 20
0.0715179
 11
-6.20935
 21
0.0730133
  0
LINE
  8
0
 10
-6.20935
 20
0.0730133
 11
-6.20627
 21
0.0744019
  0
LINE
  8
0
 10
-6.20627
 20
0.0744019
 11
-6.20312
 21
0.0756378
  0
LINE
  8
0
 10
-6.20312
 20
0.0756378
 11
-6.19994
 21
0.0767517
  0
LINE
  8
0
 10
-6.19994
 20
0.0767517
 11
-6.1967
 21
0.0777283
  0
LINE
  8
0
 10
-6.1967
 20
0.0777283
 11
-6.19342
 21
0.0785675
  0
LINE
  8
0
 10
-6.19342
 20
0.0785675
 11
-6.19011
 21
0.0792694
  0
LINE
  8
0
 10
-6.19011
 20
0.0792694
 11
-6.18678
 21
0.079834
  0
LINE
  8
0
 10
-6.18678
 20
0.079834
 11
-6.18343
 21
0.0802612
  0
LINE
  8
0
 10
-6.18343
 20
0.0802612
 11
-6.18005
 21
0.0805359
  0
LINE
  8
0
 10
-6.18005
 20
0.0805359
 11
-6.17668
 21
0.0806885
  0
LINE
  8
0
 10
-6.17668
 20
0.0806885
 11
-6.17331
 21
0.0806885
  0
LINE
  8
0
 10
-6.17331
 20
0.0806885
 11
-6.16992
 21
0.0805359
  0
LINE
  8
0
 10
-6.16992
 20
0.0805359
 11
-6.16655
 21
0.0802612
  0
LINE
  8
0
 10
-6.16655
 20
0.0802612
 11
-6.16321
 21
0.079834
  0
LINE
  8
0
 10
-6.16321
 20
0.079834
 11
-6.15987
 21
0.0792694
  0
LINE
  8
0
 10
-6.15987
 20
0.0792694
 11
-6.15656
 21
0.0785675
  0
LINE
  8
0
 10
-6.15656
 20
0.0785675
 11
-6.15329
 21
0.0777283
  0
LINE
  8
0
 10
-6.15329
 20
0.0777283
 11
-6.15005
 21
0.0767517
  0
LINE
  8
0
 10
-6.15005
 20
0.0767517
 11
-6.14687
 21
0.0756378
  0
LINE
  8
0
 10
-6.14687
 20
0.0756378
 11
-6.14372
 21
0.0744019
  0
LINE
  8
0
 10
-6.14372
 20
0.0744019
 11
-6.14062
 21
0.0730133
  0
LINE
  8
0
 10
-6.14062
 20
0.0730133
 11
-6.1376
 21
0.0715179
  0
LINE
  8
0
 10
-6.1376
 20
0.0715179
 11
-6.13464
 21
0.0698853
  0
LINE
  8
0
 10
-6.13464
 20
0.0698853
 11
-6.13174
 21
0.0681305
  0
LINE
  8
0
 10
-6.13174
 20
0.0681305
 11
-6.12894
 21
0.0662689
  0
LINE
  8
0
 10
-6.12894
 20
0.0662689
 11
-6.12619
 21
0.0642853
  0
LINE
  8
0
 10
-6.12619
 20
0.0642853
 11
-6.12355
 21
0.0621796
  0
LINE
  8
0
 10
-6.12355
 20
0.0621796
 11
-6.12099
 21
0.059967
  0
LINE
  8
0
 10
-6.12099
 20
0.059967
 11
-6.11853
 21
0.057663
  0
LINE
  8
0
 10
-6.11853
 20
0.057663
 11
-6.11617
 21
0.0552368
  0
LINE
  8
0
 10
-6.11617
 20
0.0552368
 11
-6.11389
 21
0.0527344
  0
LINE
  8
0
 10
-6.11389
 20
0.0527344
 11
-6.11174
 21
0.0501251
  0
LINE
  8
0
 10
-6.11174
 20
0.0501251
 11
-6.1097
 21
0.0474243
  0
LINE
  8
0
 10
-6.1097
 20
0.0474243
 11
-6.10777
 21
0.0446625
  0
LINE
  8
0
 10
-6.10777
 20
0.0446625
 11
-6.10596
 21
0.0418091
  0
LINE
  8
0
 10
-6.10596
 20
0.0418091
 11
-6.10426
 21
0.0388794
  0
LINE
  8
0
 10
-6.10426
 20
0.0388794
 11
-6.10271
 21
0.0358734
  0
LINE
  8
0
 10
-6.10271
 20
0.0358734
 11
-6.10126
 21
0.0328217
  0
LINE
  8
0
 10
-6.10126
 20
0.0328217
 11
-6.09995
 21
0.0297089
  0
LINE
  8
0
 10
-6.09995
 20
0.0297089
 11
-6.09877
 21
0.026535
  0
LINE
  8
0
 10
-6.09877
 20
0.026535
 11
-6.09773
 21
0.0233154
  0
LINE
  8
0
 10
-6.09773
 20
0.0233154
 11
-6.09682
 21
0.0200653
  0
LINE
  8
0
 10
-6.09682
 20
0.0200653
 11
-6.09605
 21
0.0167694
  0
LINE
  8
0
 10
-6.09605
 20
0.0167694
 11
-6.09541
 21
0.0134583
  0
LINE
  8
0
 10
-6.09541
 20
0.0134583
 11
-6.09492
 21
0.0101013
  0
LINE
  8
0
 10
-6.09492
 20
0.0101013
 11
-6.09457
 21
0.00674438
  0
LINE
  8
0
 10
-6.09457
 20
0.00674438
 11
-6.09436
 21
0.00337219
  0
LINE
  8
0
 10
-6.09436
 20
0.00337219
 11
-6.09428
 21
0
  0
LINE
  8
0
 10
-6.09428
 20
0
 11
-6.09436
 21
-0.00337219
  0
LINE
  8
0
 10
-6.09436
 20
-0.00337219
 11
-6.09457
 21
-0.00674438
  0
LINE
  8
0
 10
-6.09457
 20
-0.00674438
 11
-6.09492
 21
-0.0101013
  0
LINE
  8
0
 10
-6.09492
 20
-0.0101013
 11
-6.09541
 21
-0.0134583
  0
LINE
  8
0
 10
-6.09541
 20
-0.0134583
 11
-6.09605
 21
-0.0167694
  0
LINE
  8
0
 10
-6.09605
 20
-0.0167694
 11
-6.09682
 21
-0.0200653
  0
LINE
  8
0
 10
-6.09682
 20
-0.0200653
 11
-6.09773
 21
-0.0233154
  0
LINE
  8
0
 10
-6.09773
 20
-0.0233154
 11
-6.09877
 21
-0.026535
  0
LINE
  8
0
 10
-6.09877
 20
-0.026535
 11
-6.09995
 21
-0.0297089
  0
LINE
  8
0
 10
-6.09995
 20
-0.0297089
 11
-6.10126
 21
-0.0328217
  0
LINE
  8
0
 10
-6.10126
 20
-0.0328217
 11
-6.10271
 21
-0.0358734
  0
LINE
  8
0
 10
-6.10271
 20
-0.0358734
 11
-6.10426
 21
-0.0388794
  0
LINE
  8
0
 10
-6.10426
 20
-0.0388794
 11
-6.10596
 21
-0.0418091
  0
LINE
  8
0
 10
-6.10596
 20
-0.0418091
 11
-6.10777
 21
-0.0446625
  0
LINE
  8
0
 10
-6.10777
 20
-0.0446625
 11
-6.1097
 21
-0.0474243
  0
LINE
  8
0
 10
-6.1097
 20
-0.0474243
 11
-6.11174
 21
-0.0501251
  0
LINE
  8
0
 10
-6.11174
 20
-0.0501251
 11
-6.11389
 21
-0.0527344
  0
LINE
  8
0
 10
-6.11389
 20
-0.0527344
 11
-6.11617
 21
-0.0552368
  0
LINE
  8
0
 10
-6.11617
 20
-0.0552368
 11
-6.11853
 21
-0.057663
  0
LINE
  8
0
 10
-6.11853
 20
-0.057663
 11
-6.12099
 21
-0.059967
  0
LINE
  8
0
 10
-6.12099
 20
-0.059967
 11
-6.12355
 21
-0.0621796
  0
LINE
  8
0
 10
-6.12355
 20
-0.0621796
 11
-6.12619
 21
-0.0642853
  0
LINE
  8
0
 10
-6.12619
 20
-0.0642853
 11
-6.12894
 21
-0.0662689
  0
LINE
  8
0
 10
-6.12894
 20
-0.0662689
 11
-6.13174
 21
-0.0681305
  0
LINE
  8
0
 10
-6.13174
 20
-0.0681305
 11
-6.13464
 21
-0.0698853
  0
LINE
  8
0
 10
-6.13464
 20
-0.0698853
 11
-6.1376
 21
-0.0715179
  0
LINE
  8
0
 10
-6.1376
 20
-0.0715179
 11
-6.14062
 21
-0.0730133
  0
LINE
  8
0
 10
-6.14062
 20
-0.0730133
 11
-6.14372
 21
-0.0744019
  0
LINE
  8
0
 10
-6.14372
 20
-0.0744019
 11
-6.14687
 21
-0.0756378
  0
LINE
  8
0
 10
-6.14687
 20
-0.0756378
 11
-6.15005
 21
-0.0767517
  0
LINE
  8
0
 10
-6.15005
 20
-0.0767517
 11
-6.15329
 21
-0.0777283
  0
LINE
  8
0
 10
-6.15329
 20
-0.0777283
 11
-6.15656
 21
-0.0785675
  0
LINE
  8
0
 10
-6.15656
 20
-0.0785675
 11
-6.15987
 21
-0.0792694
  0
LINE
  8
0
 10
-6.15987
 20
-0.0792694
 11
-6.16321
 21
-0.079834
  0
LINE
  8
0
 10
-6.16321
 20
-0.079834
 11
-6.16655
 21
-0.0802612
  0
LINE
  8
0
 10
-6.16655
 20
-0.0802612
 11
-6.16992
 21
-0.0805359
  0
LINE
  8
0
 10
-6.16992
 20
-0.0805359
 11
-6.17331
 21
-0.0806885
  0
LINE
  8
0
 10
-6.17331
 20
-0.0806885
 11
-6.17668
 21
-0.0806885
  0
LINE
  8
0
 10
-0.00253296
 20
-0.526077
 11
-0.00590515
 21
-0.525909
  0
LINE
  8
0
 10
-0.00590515
 20
-0.525909
 11
-0.00926208
 21
-0.525589
  0
LINE
  8
0
 10
-0.00926208
 20
-0.525589
 11
-0.012619
 21
-0.525131
  0
LINE
  8
0
 10
-0.012619
 20
-0.525131
 11
-0.0159454
 21
-0.524536
  0
LINE
  8
0
 10
-0.0159454
 20
-0.524536
 11
-0.0192413
 21
-0.523788
  0
LINE
  8
0
 10
-0.0192413
 20
-0.523788
 11
-0.0225067
 21
-0.522919
  0
LINE
  8
0
 10
-0.0225067
 20
-0.522919
 11
-0.0257416
 21
-0.521912
  0
LINE
  8
0
 10
-0.0257416
 20
-0.521912
 11
-0.0289154
 21
-0.520767
  0
LINE
  8
0
 10
-0.0289154
 20
-0.520767
 11
-0.0320435
 21
-0.519485
  0
LINE
  8
0
 10
-0.0320435
 20
-0.519485
 11
-0.0351257
 21
-0.518082
  0
LINE
  8
0
 10
-0.0351257
 20
-0.518082
 11
-0.0381317
 21
-0.516541
  0
LINE
  8
0
 10
-0.0381317
 20
-0.516541
 11
-0.0410767
 21
-0.514877
  0
LINE
  8
0
 10
-0.0410767
 20
-0.514877
 11
-0.0439453
 21
-0.513107
  0
LINE
  8
0
 10
-0.0439453
 20
-0.513107
 11
-0.0467529
 21
-0.5112
  0
LINE
  8
0
 10
-0.0467529
 20
-0.5112
 11
-0.0494537
 21
-0.509186
  0
LINE
  8
0
 10
-0.0494537
 20
-0.509186
 11
-0.0520935
 21
-0.507065
  0
LINE
  8
0
 10
-0.0520935
 20
-0.507065
 11
-0.0546265
 21
-0.504822
  0
LINE
  8
0
 10
-0.0546265
 20
-0.504822
 11
-0.0570679
 21
-0.502487
  0
LINE
  8
0
 10
-0.0570679
 20
-0.502487
 11
-0.0594025
 21
-0.500046
  0
LINE
  8
0
 10
-0.0594025
 20
-0.500046
 11
-0.0616302
 21
-0.497513
  0
LINE
  8
0
 10
-0.0616302
 20
-0.497513
 11
-0.0637665
 21
-0.494888
  0
LINE
  8
0
 10
-0.0637665
 20
-0.494888
 11
-0.0657806
 21
-0.492172
  0
LINE
  8
0
 10
-0.0657806
 20
-0.492172
 11
-0.067688
 21
-0.489365
  0
LINE
  8
0
 10
-0.067688
 20
-0.489365
 11
-0.069458
 21
-0.486496
  0
LINE
  8
0
 10
-0.069458
 20
-0.486496
 11
-0.0711212
 21
-0.483551
  0
LINE
  8
0
 10
-0.0711212
 20
-0.483551
 11
-0.0726624
 21
-0.480545
  0
LINE
  8
0
 10
-0.0726624
 20
-0.480545
 11
-0.0740662
 21
-0.477463
  0
LINE
  8
0
 10
-0.0740662
 20
-0.477463
 11
-0.0753326
 21
-0.474335
  0
LINE
  8
0
 10
-0.0753326
 20
-0.474335
 11
-0.0764923
 21
-0.471161
  0
LINE
  8
0
 10
-0.0764923
 20
-0.471161
 11
-0.0774994
 21
-0.467926
  0
LINE
  8
0
 10
-0.0774994
 20
-0.467926
 11
-0.0783691
 21
-0.464661
  0
LINE
  8
0
 10
-0.0783691
 20
-0.464661
 11
-0.0791016
 21
-0.461365
  0
LINE
  8
0
 10
-0.0791016
 20
-0.461365
 11
-0.0797119
 21
-0.458038
  0
LINE
  8
0
 10
-0.0797119
 20
-0.458038
 11
-0.0801697
 21
-0.454697
  0
LINE
  8
0
 10
-0.0801697
 20
-0.454697
 11
-0.0804901
 21
-0.451324
  0
LINE
  8
0
 10
-0.0804901
 20
-0.451324
 11
-0.080658
 21
-0.447952
  0
LINE
  8
0
 10
-0.080658
 20
-0.447952
 11
-0.0807037
 21
-0.444565
  0
LINE
  8
0
 10
-0.0807037
 20
-0.444565
 11
-0.0805969
 21
-0.441193
  0
LINE
  8
0
 10
-0.0805969
 20
-0.441193
 11
-0.0803375
 21
-0.43782
  0
LINE
  8
0
 10
-0.0803375
 20
-0.43782
 11
-0.0799561
 21
-0.434464
  0
LINE
  8
0
 10
-0.0799561
 20
-0.434464
 11
-0.079422
 21
-0.431122
  0
LINE
  8
0
 10
-0.079422
 20
-0.431122
 11
-0.0787506
 21
-0.427811
  0
LINE
  8
0
 10
-0.0787506
 20
-0.427811
 11
-0.0779572
 21
-0.42453
  0
LINE
  8
0
 10
-0.0779572
 20
-0.42453
 11
-0.0770111
 21
-0.42128
  0
LINE
  8
0
 10
-0.0770111
 20
-0.42128
 11
-0.0759277
 21
-0.418076
  0
LINE
  8
0
 10
-0.0759277
 20
-0.418076
 11
-0.0747223
 21
-0.414917
  0
LINE
  8
0
 10
-0.0747223
 20
-0.414917
 11
-0.0733795
 21
-0.411819
  0
LINE
  8
0
 10
-0.0733795
 20
-0.411819
 11
-0.0718994
 21
-0.408768
  0
LINE
  8
0
 10
-0.0718994
 20
-0.408768
 11
-0.0703125
 21
-0.405792
  0
LINE
  8
0
 10
-0.0703125
 20
-0.405792
 11
-0.0685883
 21
-0.402878
  0
LINE
  8
0
 10
-0.0685883
 20
-0.402878
 11
-0.0667419
 21
-0.400055
  0
LINE
  8
0
 10
-0.0667419
 20
-0.400055
 11
-0.0647888
 21
-0.397293
  0
LINE
  8
0
 10
-0.0647888
 20
-0.397293
 11
-0.0627136
 21
-0.394623
  0
LINE
  8
0
 10
-0.0627136
 20
-0.394623
 11
-0.0605316
 21
-0.392044
  0
LINE
  8
0
 10
-0.0605316
 20
-0.392044
 11
-0.0582428
 21
-0.389557
  0
LINE
  8
0
 10
-0.0582428
 20
-0.389557
 11
-0.0558472
 21
-0.387161
  0
LINE
  8
0
 10
-0.0558472
 20
-0.387161
 11
-0.05336
 21
-0.384872
  0
LINE
  8
0
 10
-0.05336
 20
-0.384872
 11
-0.0507812
 21
-0.38269
  0
LINE
  8
0
 10
-0.0507812
 20
-0.38269
 11
-0.048111
 21
-0.380615
  0
LINE
  8
0
 10
-0.048111
 20
-0.380615
 11
-0.0453644
 21
-0.378662
  0
LINE
  8
0
 10
-0.0453644
 20
-0.378662
 11
-0.0425262
 21
-0.376816
  0
LINE
  8
0
 10
-0.0425262
 20
-0.376816
 11
-0.0396118
 21
-0.375092
  0
LINE
  8
0
 10
-0.0396118
 20
-0.375092
 11
-0.0366364
 21
-0.373505
  0
LINE
  8
0
 10
-0.0366364
 20
-0.373505
 11
-0.0335846
 21
-0.372025
  0
LINE
  8
0
 10
-0.0335846
 20
-0.372025
 11
-0.0304871
 21
-0.370682
  0
LINE
  8
0
 10
-0.0304871
 20
-0.370682
 11
-0.0273285
 21
-0.369476
  0
LINE
  8
0
 10
-0.0273285
 20
-0.369476
 11
-0.0241241
 21
-0.368393
  0
LINE
  8
0
 10
-0.0241241
 20
-0.368393
 11
-0.0208893
 21
-0.367447
  0
LINE
  8
0
 10
-0.0208893
 20
-0.367447
 11
-0.0175934
 21
-0.366653
  0
LINE
  8
0
 10
-0.0175934
 20
-0.366653
 11
-0.0142822
 21
-0.365982
  0
LINE
  8
0
 10
-0.0142822
 20
-0.365982
 11
-0.0109406
 21
-0.365448
  0
LINE
  8
0
 10
-0.0109406
 20
-0.365448
 11
-0.00758362
 21
-0.365067
  0
LINE
  8
0
 10
-0.00758362
 20
-0.365067
 11
-0.00421143
 21
-0.364822
  0
LINE
  8
0
 10
-0.00421143
 20
-0.364822
 11
-0.000839233
 21
-0.364716
  0
LINE
  8
0
 10
-0.000839233
 20
-0.364716
 11
0.00253296
 21
-0.364746
  0
LINE
  8
0
 10
0.00253296
 20
-0.364746
 11
0.00590515
 21
-0.364914
  0
LINE
  8
0
 10
0.00590515
 20
-0.364914
 11
0.00926208
 21
-0.365234
  0
LINE
  8
0
 10
0.00926208
 20
-0.365234
 11
0.012619
 21
-0.365692
  0
LINE
  8
0
 10
0.012619
 20
-0.365692
 11
0.0159454
 21
-0.366302
  0
LINE
  8
0
 10
0.0159454
 20
-0.366302
 11
0.0192413
 21
-0.367035
  0
LINE
  8
0
 10
0.0192413
 20
-0.367035
 11
0.0225067
 21
-0.367905
  0
LINE
  8
0
 10
0.0225067
 20
-0.367905
 11
0.0257416
 21
-0.368927
  0
LINE
  8
0
 10
0.0257416
 20
-0.368927
 11
0.0289154
 21
-0.370071
  0
LINE
  8
0
 10
0.0289154
 20
-0.370071
 11
0.0320435
 21
-0.371338
  0
LINE
  8
0
 10
0.0320435
 20
-0.371338
 11
0.0351257
 21
-0.372757
  0
LINE
  8
0
 10
0.0351257
 20
-0.372757
 11
0.0381317
 21
-0.374283
  0
LINE
  8
0
 10
0.0381317
 20
-0.374283
 11
0.0410767
 21
-0.375946
  0
LINE
  8
0
 10
0.0410767
 20
-0.375946
 11
0.0439453
 21
-0.377731
  0
LINE
  8
0
 10
0.0439453
 20
-0.377731
 11
0.0467529
 21
-0.379623
  0
LINE
  8
0
 10
0.0467529
 20
-0.379623
 11
0.0494537
 21
-0.381638
  0
LINE
  8
0
 10
0.0494537
 20
-0.381638
 11
0.0520935
 21
-0.383774
  0
LINE
  8
0
 10
0.0520935
 20
-0.383774
 11
0.0546265
 21
-0.386002
  0
LINE
  8
0
 10
0.0546265
 20
-0.386002
 11
0.0570679
 21
-0.388336
  0
LINE
  8
0
 10
0.0570679
 20
-0.388336
 11
0.0594025
 21
-0.390778
  0
LINE
  8
0
 10
0.0594025
 20
-0.390778
 11
0.0616302
 21
-0.393326
  0
LINE
  8
0
 10
0.0616302
 20
-0.393326
 11
0.0637665
 21
-0.39595
  0
LINE
  8
0
 10
0.0637665
 20
-0.39595
 11
0.0657806
 21
-0.398666
  0
LINE
  8
0
 10
0.0657806
 20
-0.398666
 11
0.0676727
 21
-0.401459
  0
LINE
  8
0
 10
0.0676727
 20
-0.401459
 11
0.069458
 21
-0.404327
  0
LINE
  8
0
 10
0.069458
 20
-0.404327
 11
0.0711212
 21
-0.407272
  0
LINE
  8
0
 10
0.0711212
 20
-0.407272
 11
0.0726624
 21
-0.410294
  0
LINE
  8
0
 10
0.0726624
 20
-0.410294
 11
0.0740662
 21
-0.413361
  0
LINE
  8
0
 10
0.0740662
 20
-0.413361
 11
0.0753479
 21
-0.416489
  0
LINE
  8
0
 10
0.0753479
 20
-0.416489
 11
0.0764923
 21
-0.419678
  0
LINE
  8
0
 10
0.0764923
 20
-0.419678
 11
0.0774994
 21
-0.422897
  0
LINE
  8
0
 10
0.0774994
 20
-0.422897
 11
0.0783691
 21
-0.426163
  0
LINE
  8
0
 10
0.0783691
 20
-0.426163
 11
0.0791016
 21
-0.429459
  0
LINE
  8
0
 10
0.0791016
 20
-0.429459
 11
0.0797119
 21
-0.432785
  0
LINE
  8
0
 10
0.0797119
 20
-0.432785
 11
0.0801697
 21
-0.436142
  0
LINE
  8
0
 10
0.0801697
 20
-0.436142
 11
0.0804901
 21
-0.439499
  0
LINE
  8
0
 10
0.0804901
 20
-0.439499
 11
0.080658
 21
-0.442871
  0
LINE
  8
0
 10
0.080658
 20
-0.442871
 11
0.0807037
 21
-0.446259
  0
LINE
  8
0
 10
0.0807037
 20
-0.446259
 11
0.0805969
 21
-0.449631
  0
LINE
  8
0
 10
0.0805969
 20
-0.449631
 11
0.0803375
 21
-0.453003
  0
LINE
  8
0
 10
0.0803375
 20
-0.453003
 11
0.0799561
 21
-0.45636
  0
LINE
  8
0
 10
0.0799561
 20
-0.45636
 11
0.079422
 21
-0.459702
  0
LINE
  8
0
 10
0.079422
 20
-0.459702
 11
0.0787506
 21
-0.463013
  0
LINE
  8
0
 10
0.0787506
 20
-0.463013
 11
0.0779572
 21
-0.466309
  0
LINE
  8
0
 10
0.0779572
 20
-0.466309
 11
0.0770111
 21
-0.469543
  0
LINE
  8
0
 10
0.0770111
 20
-0.469543
 11
0.0759277
 21
-0.472748
  0
LINE
  8
0
 10
0.0759277
 20
-0.472748
 11
0.0747223
 21
-0.475906
  0
LINE
  8
0
 10
0.0747223
 20
-0.475906
 11
0.0733795
 21
-0.479004
  0
LINE
  8
0
 10
0.0733795
 20
-0.479004
 11
0.0718994
 21
-0.482056
  0
LINE
  8
0
 10
0.0718994
 20
-0.482056
 11
0.0703125
 21
-0.485031
  0
LINE
  8
0
 10
0.0703125
 20
-0.485031
 11
0.0685883
 21
-0.487946
  0
LINE
  8
0
 10
0.0685883
 20
-0.487946
 11
0.0667419
 21
-0.490784
  0
LINE
  8
0
 10
0.0667419
 20
-0.490784
 11
0.0647888
 21
-0.49353
  0
LINE
  8
0
 10
0.0647888
 20
-0.49353
 11
0.0627136
 21
-0.496201
  0
LINE
  8
0
 10
0.0627136
 20
-0.496201
 11
0.0605316
 21
-0.498795
  0
LINE
  8
0
 10
0.0605316
 20
-0.498795
 11
0.0582428
 21
-0.501282
  0
LINE
  8
0
 10
0.0582428
 20
-0.501282
 11
0.0558472
 21
-0.503662
  0
LINE
  8
0
 10
0.0558472
 20
-0.503662
 11
0.05336
 21
-0.505951
  0
LINE
  8
0
 10
0.05336
 20
-0.505951
 11
0.0507812
 21
-0.508133
  0
LINE
  8
0
 10
0.0507812
 20
-0.508133
 11
0.048111
 21
-0.510208
  0
LINE
  8
0
 10
0.048111
 20
-0.510208
 11
0.0453644
 21
-0.512161
  0
LINE
  8
0
 10
0.0453644
 20
-0.512161
 11
0.0425262
 21
-0.514008
  0
LINE
  8
0
 10
0.0425262
 20
-0.514008
 11
0.0396118
 21
-0.515732
  0
LINE
  8
0
 10
0.0396118
 20
-0.515732
 11
0.0366364
 21
-0.517319
  0
LINE
  8
0
 10
0.0366364
 20
-0.517319
 11
0.0335846
 21
-0.518799
  0
LINE
  8
0
 10
0.0335846
 20
-0.518799
 11
0.0304871
 21
-0.520142
  0
LINE
  8
0
 10
0.0304871
 20
-0.520142
 11
0.0273285
 21
-0.521347
  0
LINE
  8
0
 10
0.0273285
 20
-0.521347
 11
0.0241241
 21
-0.52243
  0
LINE
  8
0
 10
0.0241241
 20
-0.52243
 11
0.0208893
 21
-0.523376
  0
LINE
  8
0
 10
0.0208893
 20
-0.523376
 11
0.0175934
 21
-0.524185
  0
LINE
  8
0
 10
0.0175934
 20
-0.524185
 11
0.0142822
 21
-0.524841
  0
LINE
  8
0
 10
0.0142822
 20
-0.524841
 11
0.0109406
 21
-0.525375
  0
LINE
  8
0
 10
0.0109406
 20
-0.525375
 11
0.00758362
 21
-0.525757
  0
LINE
  8
0
 10
0.00758362
 20
-0.525757
 11
0.00421143
 21
-0.526016
  0
LINE
  8
0
 10
0.00421143
 20
-0.526016
 11
0.000839233
 21
-0.526123
  0
LINE
  8
0
 10
0.000839233
 20
-0.526123
 11
-0.00253296
 21
-0.526077
  0
LINE
  8
0
 10
-0.980255
 20
-0.621475
 11
-0.979828
 21
-0.618118
  0
LINE
  8
0
 10
-0.979828
 20
-0.618118
 11
-0.979279
 21
-0.614792
  0
LINE
  8
0
 10
-0.979279
 20
-0.614792
 11
-0.978561
 21
-0.611481
  0
LINE
  8
0
 10
-0.978561
 20
-0.611481
 11
-0.977722
 21
-0.608215
  0
LINE
  8
0
 10
-0.977722
 20
-0.608215
 11
-0.976746
 21
-0.60498
  0
LINE
  8
0
 10
-0.976746
 20
-0.60498
 11
-0.975632
 21
-0.601776
  0
LINE
  8
0
 10
-0.975632
 20
-0.601776
 11
-0.974396
 21
-0.598633
  0
LINE
  8
0
 10
-0.974396
 20
-0.598633
 11
-0.973022
 21
-0.595551
  0
LINE
  8
0
 10
-0.973022
 20
-0.595551
 11
-0.971512
 21
-0.592514
  0
LINE
  8
0
 10
-0.971512
 20
-0.592514
 11
-0.969894
 21
-0.589554
  0
LINE
  8
0
 10
-0.969894
 20
-0.589554
 11
-0.96814
 21
-0.58667
  0
LINE
  8
0
 10
-0.96814
 20
-0.58667
 11
-0.966263
 21
-0.583847
  0
LINE
  8
0
 10
-0.966263
 20
-0.583847
 11
-0.964279
 21
-0.581116
  0
LINE
  8
0
 10
-0.964279
 20
-0.581116
 11
-0.962173
 21
-0.578461
  0
LINE
  8
0
 10
-0.962173
 20
-0.578461
 11
-0.959976
 21
-0.575912
  0
LINE
  8
0
 10
-0.959976
 20
-0.575912
 11
-0.957657
 21
-0.573441
  0
LINE
  8
0
 10
-0.957657
 20
-0.573441
 11
-0.955246
 21
-0.571075
  0
LINE
  8
0
 10
-0.955246
 20
-0.571075
 11
-0.952728
 21
-0.568817
  0
LINE
  8
0
 10
-0.952728
 20
-0.568817
 11
-0.950119
 21
-0.566666
  0
LINE
  8
0
 10
-0.950119
 20
-0.566666
 11
-0.947433
 21
-0.564621
  0
LINE
  8
0
 10
-0.947433
 20
-0.564621
 11
-0.944656
 21
-0.562683
  0
LINE
  8
0
 10
-0.944656
 20
-0.562683
 11
-0.941803
 21
-0.560883
  0
LINE
  8
0
 10
-0.941803
 20
-0.560883
 11
-0.938873
 21
-0.559189
  0
LINE
  8
0
 10
-0.938873
 20
-0.559189
 11
-0.935883
 21
-0.557617
  0
LINE
  8
0
 10
-0.935883
 20
-0.557617
 11
-0.932816
 21
-0.556183
  0
LINE
  8
0
 10
-0.932816
 20
-0.556183
 11
-0.929703
 21
-0.554871
  0
LINE
  8
0
 10
-0.929703
 20
-0.554871
 11
-0.926529
 21
-0.553696
  0
LINE
  8
0
 10
-0.926529
 20
-0.553696
 11
-0.923325
 21
-0.552643
  0
LINE
  8
0
 10
-0.923325
 20
-0.552643
 11
-0.920059
 21
-0.551743
  0
LINE
  8
0
 10
-0.920059
 20
-0.551743
 11
-0.916779
 21
-0.550964
  0
LINE
  8
0
 10
-0.916779
 20
-0.550964
 11
-0.913452
 21
-0.550339
  0
LINE
  8
0
 10
-0.913452
 20
-0.550339
 11
-0.91011
 21
-0.549835
  0
LINE
  8
0
 10
-0.91011
 20
-0.549835
 11
-0.906738
 21
-0.549484
  0
LINE
  8
0
 10
-0.906738
 20
-0.549484
 11
-0.903366
 21
-0.549271
  0
LINE
  8
0
 10
-0.903366
 20
-0.549271
 11
-0.899994
 21
-0.54921
  0
LINE
  8
0
 10
-0.899994
 20
-0.54921
 11
-0.896606
 21
-0.549271
  0
LINE
  8
0
 10
-0.896606
 20
-0.549271
 11
-0.893234
 21
-0.549484
  0
LINE
  8
0
 10
-0.893234
 20
-0.549484
 11
-0.889877
 21
-0.549835
  0
LINE
  8
0
 10
-0.889877
 20
-0.549835
 11
-0.886536
 21
-0.550339
  0
LINE
  8
0
 10
-0.886536
 20
-0.550339
 11
-0.883209
 21
-0.550964
  0
LINE
  8
0
 10
-0.883209
 20
-0.550964
 11
-0.879929
 21
-0.551743
  0
LINE
  8
0
 10
-0.879929
 20
-0.551743
 11
-0.876663
 21
-0.552643
  0
LINE
  8
0
 10
-0.876663
 20
-0.552643
 11
-0.873444
 21
-0.553696
  0
LINE
  8
0
 10
-0.873444
 20
-0.553696
 11
-0.870285
 21
-0.554871
  0
LINE
  8
0
 10
-0.870285
 20
-0.554871
 11
-0.867172
 21
-0.556183
  0
LINE
  8
0
 10
-0.867172
 20
-0.556183
 11
-0.864105
 21
-0.557617
  0
LINE
  8
0
 10
-0.864105
 20
-0.557617
 11
-0.861115
 21
-0.559189
  0
LINE
  8
0
 10
-0.861115
 20
-0.559189
 11
-0.858185
 21
-0.560883
  0
LINE
  8
0
 10
-0.858185
 20
-0.560883
 11
-0.855331
 21
-0.562683
  0
LINE
  8
0
 10
-0.855331
 20
-0.562683
 11
-0.852554
 21
-0.564621
  0
LINE
  8
0
 10
-0.852554
 20
-0.564621
 11
-0.849854
 21
-0.566666
  0
LINE
  8
0
 10
-0.849854
 20
-0.566666
 11
-0.84726
 21
-0.568817
  0
LINE
  8
0
 10
-0.84726
 20
-0.568817
 11
-0.844742
 21
-0.571075
  0
LINE
  8
0
 10
-0.844742
 20
-0.571075
 11
-0.842331
 21
-0.573441
  0
LINE
  8
0
 10
-0.842331
 20
-0.573441
 11
-0.840012
 21
-0.575912
  0
LINE
  8
0
 10
-0.840012
 20
-0.575912
 11
-0.837799
 21
-0.578461
  0
LINE
  8
0
 10
-0.837799
 20
-0.578461
 11
-0.835709
 21
-0.581116
  0
LINE
  8
0
 10
-0.835709
 20
-0.581116
 11
-0.833725
 21
-0.583847
  0
LINE
  8
0
 10
-0.833725
 20
-0.583847
 11
-0.831848
 21
-0.58667
  0
LINE
  8
0
 10
-0.831848
 20
-0.58667
 11
-0.830093
 21
-0.589554
  0
LINE
  8
0
 10
-0.830093
 20
-0.589554
 11
-0.828476
 21
-0.592514
  0
LINE
  8
0
 10
-0.828476
 20
-0.592514
 11
-0.826965
 21
-0.595551
  0
LINE
  8
0
 10
-0.826965
 20
-0.595551
 11
-0.825592
 21
-0.598633
  0
LINE
  8
0
 10
-0.825592
 20
-0.598633
 11
-0.824341
 21
-0.601776
  0
LINE
  8
0
 10
-0.824341
 20
-0.601776
 11
-0.823227
 21
-0.60498
  0
LINE
  8
0
 10
-0.823227
 20
-0.60498
 11
-0.82225
 21
-0.608215
  0
LINE
  8
0
 10
-0.82225
 20
-0.608215
 11
-0.821411
 21
-0.611481
  0
LINE
  8
0
 10
-0.821411
 20
-0.611481
 11
-0.820709
 21
-0.614792
  0
LINE
  8
0
 10
-0.820709
 20
-0.614792
 11
-0.820145
 21
-0.618118
  0
LINE
  8
0
 10
-0.820145
 20
-0.618118
 11
-0.819733
 21
-0.621475
  0
LINE
  8
0
 10
-0.819733
 20
-0.621475
 11
-0.819443
 21
-0.624847
  0
LINE
  8
0
 10
-0.819443
 20
-0.624847
 11
-0.819305
 21
-0.62822
  0
LINE
  8
0
 10
-0.819305
 20
-0.62822
 11
-0.819305
 21
-0.631607
  0
LINE
  8
0
 10
-0.819305
 20
-0.631607
 11
-0.819443
 21
-0.634979
  0
LINE
  8
0
 10
-0.819443
 20
-0.634979
 11
-0.819733
 21
-0.638351
  0
LINE
  8
0
 10
-0.819733
 20
-0.638351
 11
-0.820145
 21
-0.641708
  0
LINE
  8
0
 10
-0.820145
 20
-0.641708
 11
-0.820709
 21
-0.645035
  0
LINE
  8
0
 10
-0.820709
 20
-0.645035
 11
-0.821411
 21
-0.648346
  0
LINE
  8
0
 10
-0.821411
 20
-0.648346
 11
-0.82225
 21
-0.651611
  0
LINE
  8
0
 10
-0.82225
 20
-0.651611
 11
-0.823227
 21
-0.654861
  0
LINE
  8
0
 10
-0.823227
 20
-0.654861
 11
-0.824341
 21
-0.658051
  0
LINE
  8
0
 10
-0.824341
 20
-0.658051
 11
-0.825592
 21
-0.661194
  0
LINE
  8
0
 10
-0.825592
 20
-0.661194
 11
-0.826965
 21
-0.664276
  0
LINE
  8
0
 10
-0.826965
 20
-0.664276
 11
-0.828476
 21
-0.667313
  0
LINE
  8
0
 10
-0.828476
 20
-0.667313
 11
-0.830093
 21
-0.670273
  0
LINE
  8
0
 10
-0.830093
 20
-0.670273
 11
-0.831848
 21
-0.673157
  0
LINE
  8
0
 10
-0.831848
 20
-0.673157
 11
-0.833725
 21
-0.67598
  0
LINE
  8
0
 10
-0.833725
 20
-0.67598
 11
-0.835709
 21
-0.678711
  0
LINE
  8
0
 10
-0.835709
 20
-0.678711
 11
-0.837799
 21
-0.681366
  0
LINE
  8
0
 10
-0.837799
 20
-0.681366
 11
-0.840012
 21
-0.683914
  0
LINE
  8
0
 10
-0.840012
 20
-0.683914
 11
-0.842331
 21
-0.686386
  0
LINE
  8
0
 10
-0.842331
 20
-0.686386
 11
-0.844742
 21
-0.688751
  0
LINE
  8
0
 10
-0.844742
 20
-0.688751
 11
-0.84726
 21
-0.69101
  0
LINE
  8
0
 10
-0.84726
 20
-0.69101
 11
-0.849854
 21
-0.693161
  0
LINE
  8
0
 10
-0.849854
 20
-0.693161
 11
-0.852554
 21
-0.695206
  0
LINE
  8
0
 10
-0.852554
 20
-0.695206
 11
-0.855331
 21
-0.697144
  0
LINE
  8
0
 10
-0.855331
 20
-0.697144
 11
-0.858185
 21
-0.698944
  0
LINE
  8
0
 10
-0.858185
 20
-0.698944
 11
-0.861115
 21
-0.700638
  0
LINE
  8
0
 10
-0.861115
 20
-0.700638
 11
-0.864105
 21
-0.702209
  0
LINE
  8
0
 10
-0.864105
 20
-0.702209
 11
-0.867172
 21
-0.703644
  0
LINE
  8
0
 10
-0.867172
 20
-0.703644
 11
-0.870285
 21
-0.704956
  0
LINE
  8
0
 10
-0.870285
 20
-0.704956
 11
-0.873444
 21
-0.706131
  0
LINE
  8
0
 10
-0.873444
 20
-0.706131
 11
-0.876663
 21
-0.707184
  0
LINE
  8
0
 10
-0.876663
 20
-0.707184
 11
-0.879929
 21
-0.708084
  0
LINE
  8
0
 10
-0.879929
 20
-0.708084
 11
-0.883209
 21
-0.708862
  0
LINE
  8
0
 10
-0.883209
 20
-0.708862
 11
-0.886536
 21
-0.709488
  0
LINE
  8
0
 10
-0.886536
 20
-0.709488
 11
-0.889877
 21
-0.709991
  0
LINE
  8
0
 10
-0.889877
 20
-0.709991
 11
-0.893234
 21
-0.710342
  0
LINE
  8
0
 10
-0.893234
 20
-0.710342
 11
-0.896606
 21
-0.710556
  0
LINE
  8
0
 10
-0.896606
 20
-0.710556
 11
-0.899994
 21
-0.710617
  0
LINE
  8
0
 10
-0.899994
 20
-0.710617
 11
-0.903366
 21
-0.710556
  0
LINE
  8
0
 10
-0.903366
 20
-0.710556
 11
-0.906738
 21
-0.710342
  0
LINE
  8
0
 10
-0.906738
 20
-0.710342
 11
-0.91011
 21
-0.709991
  0
LINE
  8
0
 10
-0.91011
 20
-0.709991
 11
-0.913452
 21
-0.709488
  0
LINE
  8
0
 10
-0.913452
 20
-0.709488
 11
-0.916779
 21
-0.708862
  0
LINE
  8
0
 10
-0.916779
 20
-0.708862
 11
-0.920059
 21
-0.708084
  0
LINE
  8
0
 10
-0.920059
 20
-0.708084
 11
-0.923325
 21
-0.707184
  0
LINE
  8
0
 10
-0.923325
 20
-0.707184
 11
-0.926529
 21
-0.706131
  0
LINE
  8
0
 10
-0.926529
 20
-0.706131
 11
-0.929703
 21
-0.704956
  0
LINE
  8
0
 10
-0.929703
 20
-0.704956
 11
-0.932816
 21
-0.703644
  0
LINE
  8
0
 10
-0.932816
 20
-0.703644
 11
-0.935883
 21
-0.702209
  0
LINE
  8
0
 10
-0.935883
 20
-0.702209
 11
-0.938873
 21
-0.700638
  0
LINE
  8
0
 10
-0.938873
 20
-0.700638
 11
-0.941803
 21
-0.698944
  0
LINE
  8
0
 10
-0.941803
 20
-0.698944
 11
-0.944656
 21
-0.697144
  0
LINE
  8
0
 10
-0.944656
 20
-0.697144
 11
-0.947433
 21
-0.695206
  0
LINE
  8
0
 10
-0.947433
 20
-0.695206
 11
-0.950119
 21
-0.693161
  0
LINE
  8
0
 10
-0.950119
 20
-0.693161
 11
-0.952728
 21
-0.69101
  0
LINE
  8
0
 10
-0.952728
 20
-0.69101
 11
-0.955246
 21
-0.688751
  0
LINE
  8
0
 10
-0.955246
 20
-0.688751
 11
-0.957657
 21
-0.686386
  0
LINE
  8
0
 10
-0.957657
 20
-0.686386
 11
-0.959976
 21
-0.683914
  0
LINE
  8
0
 10
-0.959976
 20
-0.683914
 11
-0.962173
 21
-0.681366
  0
LINE
  8
0
 10
-0.962173
 20
-0.681366
 11
-0.964279
 21
-0.678711
  0
LINE
  8
0
 10
-0.964279
 20
-0.678711
 11
-0.966263
 21
-0.67598
  0
LINE
  8
0
 10
-0.966263
 20
-0.67598
 11
-0.96814
 21
-0.673157
  0
LINE
  8
0
 10
-0.96814
 20
-0.673157
 11
-0.969894
 21
-0.670273
  0
LINE
  8
0
 10
-0.969894
 20
-0.670273
 11
-0.971512
 21
-0.667313
  0
LINE
  8
0
 10
-0.971512
 20
-0.667313
 11
-0.973022
 21
-0.664276
  0
LINE
  8
0
 10
-0.973022
 20
-0.664276
 11
-0.974396
 21
-0.661194
  0
LINE
  8
0
 10
-0.974396
 20
-0.661194
 11
-0.975632
 21
-0.658051
  0
LINE
  8
0
 10
-0.975632
 20
-0.658051
 11
-0.976746
 21
-0.654861
  0
LINE
  8
0
 10
-0.976746
 20
-0.654861
 11
-0.977722
 21
-0.651611
  0
LINE
  8
0
 10
-0.977722
 20
-0.651611
 11
-0.978561
 21
-0.648346
  0
LINE
  8
0
 10
-0.978561
 20
-0.648346
 11
-0.979279
 21
-0.645035
  0
LINE
  8
0
 10
-0.979279
 20
-0.645035
 11
-0.979828
 21
-0.641708
  0
LINE
  8
0
 10
-0.979828
 20
-0.641708
 11
-0.980255
 21
-0.638351
  0
LINE
  8
0
 10
-0.980255
 20
-0.638351
 11
-0.980545
 21
-0.634979
  0
LINE
  8
0
 10
-0.980545
 20
-0.634979
 11
-0.980682
 21
-0.631607
  0
LINE
  8
0
 10
-0.980682
 20
-0.631607
 11
-0.980682
 21
-0.62822
  0
LINE
  8
0
 10
-0.980682
 20
-0.62822
 11
-0.980545
 21
-0.624847
  0
LINE
  8
0
 10
-0.980545
 20
-0.624847
 11
-0.980255
 21
-0.621475
  0
LINE
  8
0
 10
2.08913
 20
-0.710556
 11
2.08575
 21
-0.710342
  0
LINE
  8
0
 10
2.08575
 20
-0.710342
 11
2.0824
 21
-0.709991
  0
LINE
  8
0
 10
2.0824
 20
-0.709991
 11
2.07906
 21
-0.709488
  0
LINE
  8
0
 10
2.07906
 20
-0.709488
 11
2.07573
 21
-0.708862
  0
LINE
  8
0
 10
2.07573
 20
-0.708862
 11
2.07245
 21
-0.708084
  0
LINE
  8
0
 10
2.07245
 20
-0.708084
 11
2.06918
 21
-0.707184
  0
LINE
  8
0
 10
2.06918
 20
-0.707184
 11
2.06596
 21
-0.706131
  0
LINE
  8
0
 10
2.06596
 20
-0.706131
 11
2.06281
 21
-0.704956
  0
LINE
  8
0
 10
2.06281
 20
-0.704956
 11
2.05969
 21
-0.703644
  0
LINE
  8
0
 10
2.05969
 20
-0.703644
 11
2.05663
 21
-0.702209
  0
LINE
  8
0
 10
2.05663
 20
-0.702209
 11
2.05363
 21
-0.700638
  0
LINE
  8
0
 10
2.05363
 20
-0.700638
 11
2.0507
 21
-0.698944
  0
LINE
  8
0
 10
2.0507
 20
-0.698944
 11
2.04785
 21
-0.697144
  0
LINE
  8
0
 10
2.04785
 20
-0.697144
 11
2.04507
 21
-0.695206
  0
LINE
  8
0
 10
2.04507
 20
-0.695206
 11
2.04237
 21
-0.693161
  0
LINE
  8
0
 10
2.04237
 20
-0.693161
 11
2.03978
 21
-0.69101
  0
LINE
  8
0
 10
2.03978
 20
-0.69101
 11
2.03726
 21
-0.688751
  0
LINE
  8
0
 10
2.03726
 20
-0.688751
 11
2.03485
 21
-0.686386
  0
LINE
  8
0
 10
2.03485
 20
-0.686386
 11
2.03253
 21
-0.683914
  0
LINE
  8
0
 10
2.03253
 20
-0.683914
 11
2.03032
 21
-0.681366
  0
LINE
  8
0
 10
2.03032
 20
-0.681366
 11
2.02823
 21
-0.678711
  0
LINE
  8
0
 10
2.02823
 20
-0.678711
 11
2.02625
 21
-0.67598
  0
LINE
  8
0
 10
2.02625
 20
-0.67598
 11
2.02437
 21
-0.673157
  0
LINE
  8
0
 10
2.02437
 20
-0.673157
 11
2.02261
 21
-0.670273
  0
LINE
  8
0
 10
2.02261
 20
-0.670273
 11
2.021
 21
-0.667313
  0
LINE
  8
0
 10
2.021
 20
-0.667313
 11
2.01949
 21
-0.664276
  0
LINE
  8
0
 10
2.01949
 20
-0.664276
 11
2.01811
 21
-0.661194
  0
LINE
  8
0
 10
2.01811
 20
-0.661194
 11
2.01686
 21
-0.658051
  0
LINE
  8
0
 10
2.01686
 20
-0.658051
 11
2.01575
 21
-0.654861
  0
LINE
  8
0
 10
2.01575
 20
-0.654861
 11
2.01477
 21
-0.651611
  0
LINE
  8
0
 10
2.01477
 20
-0.651611
 11
2.01393
 21
-0.648346
  0
LINE
  8
0
 10
2.01393
 20
-0.648346
 11
2.01323
 21
-0.645035
  0
LINE
  8
0
 10
2.01323
 20
-0.645035
 11
2.01266
 21
-0.641708
  0
LINE
  8
0
 10
2.01266
 20
-0.641708
 11
2.01225
 21
-0.638351
  0
LINE
  8
0
 10
2.01225
 20
-0.638351
 11
2.01196
 21
-0.634979
  0
LINE
  8
0
 10
2.01196
 20
-0.634979
 11
2.01183
 21
-0.631607
  0
LINE
  8
0
 10
2.01183
 20
-0.631607
 11
2.01183
 21
-0.62822
  0
LINE
  8
0
 10
2.01183
 20
-0.62822
 11
2.01196
 21
-0.624847
  0
LINE
  8
0
 10
2.01196
 20
-0.624847
 11
2.01225
 21
-0.621475
  0
LINE
  8
0
 10
2.01225
 20
-0.621475
 11
2.01266
 21
-0.618118
  0
LINE
  8
0
 10
2.01266
 20
-0.618118
 11
2.01323
 21
-0.614792
  0
LINE
  8
0
 10
2.01323
 20
-0.614792
 11
2.01393
 21
-0.611481
  0
LINE
  8
0
 10
2.01393
 20
-0.611481
 11
2.01477
 21
-0.608215
  0
LINE
  8
0
 10
2.01477
 20
-0.608215
 11
2.01575
 21
-0.60498
  0
LINE
  8
0
 10
2.01575
 20
-0.60498
 11
2.01686
 21
-0.601776
  0
LINE
  8
0
 10
2.01686
 20
-0.601776
 11
2.01811
 21
-0.598633
  0
LINE
  8
0
 10
2.01811
 20
-0.598633
 11
2.01949
 21
-0.595551
  0
LINE
  8
0
 10
2.01949
 20
-0.595551
 11
2.021
 21
-0.592514
  0
LINE
  8
0
 10
2.021
 20
-0.592514
 11
2.02261
 21
-0.589554
  0
LINE
  8
0
 10
2.02261
 20
-0.589554
 11
2.02437
 21
-0.58667
  0
LINE
  8
0
 10
2.02437
 20
-0.58667
 11
2.02625
 21
-0.583847
  0
LINE
  8
0
 10
2.02625
 20
-0.583847
 11
2.02823
 21
-0.581116
  0
LINE
  8
0
 10
2.02823
 20
-0.581116
 11
2.03032
 21
-0.578461
  0
LINE
  8
0
 10
2.03032
 20
-0.578461
 11
2.03253
 21
-0.575912
  0
LINE
  8
0
 10
2.03253
 20
-0.575912
 11
2.03485
 21
-0.573441
  0
LINE
  8
0
 10
2.03485
 20
-0.573441
 11
2.03726
 21
-0.571075
  0
LINE
  8
0
 10
2.03726
 20
-0.571075
 11
2.03978
 21
-0.568817
  0
LINE
  8
0
 10
2.03978
 20
-0.568817
 11
2.04237
 21
-0.566666
  0
LINE
  8
0
 10
2.04237
 20
-0.566666
 11
2.04507
 21
-0.564621
  0
LINE
  8
0
 10
2.04507
 20
-0.564621
 11
2.04785
 21
-0.562683
  0
LINE
  8
0
 10
2.04785
 20
-0.562683
 11
2.0507
 21
-0.560883
  0
LINE
  8
0
 10
2.0507
 20
-0.560883
 11
2.05363
 21
-0.559189
  0
LINE
  8
0
 10
2.05363
 20
-0.559189
 11
2.05663
 21
-0.557617
  0
LINE
  8
0
 10
2.05663
 20
-0.557617
 11
2.05969
 21
-0.556183
  0
LINE
  8
0
 10
2.05969
 20
-0.556183
 11
2.06281
 21
-0.554871
  0
LINE
  8
0
 10
2.06281
 20
-0.554871
 11
2.06596
 21
-0.553696
  0
LINE
  8
0
 10
2.06596
 20
-0.553696
 11
2.06918
 21
-0.552643
  0
LINE
  8
0
 10
2.06918
 20
-0.552643
 11
2.07245
 21
-0.551743
  0
LINE
  8
0
 10
2.07245
 20
-0.551743
 11
2.07573
 21
-0.550964
  0
LINE
  8
0
 10
2.07573
 20
-0.550964
 11
2.07906
 21
-0.550339
  0
LINE
  8
0
 10
2.07906
 20
-0.550339
 11
2.0824
 21
-0.549835
  0
LINE
  8
0
 10
2.0824
 20
-0.549835
 11
2.08575
 21
-0.549484
  0
LINE
  8
0
 10
2.08575
 20
-0.549484
 11
2.08913
 21
-0.549271
  0
LINE
  8
0
 10
2.08913
 20
-0.549271
 11
2.09251
 21
-0.54921
  0
LINE
  8
0
 10
2.09251
 20
-0.54921
 11
2.09589
 21
-0.549271
  0
LINE
  8
0
 10
2.09589
 20
-0.549271
 11
2.09926
 21
-0.549484
  0
LINE
  8
0
 10
2.09926
 20
-0.549484
 11
2.10263
 21
-0.549835
  0
LINE
  8
0
 10
2.10263
 20
-0.549835
 11
2.10597
 21
-0.550339
  0
LINE
  8
0
 10
2.10597
 20
-0.550339
 11
2.1093
 21
-0.550964
  0
LINE
  8
0
 10
2.1093
 20
-0.550964
 11
2.11258
 21
-0.551743
  0
LINE
  8
0
 10
2.11258
 20
-0.551743
 11
2.11584
 21
-0.552643
  0
LINE
  8
0
 10
2.11584
 20
-0.552643
 11
2.11905
 21
-0.553696
  0
LINE
  8
0
 10
2.11905
 20
-0.553696
 11
2.12222
 21
-0.554871
  0
LINE
  8
0
 10
2.12222
 20
-0.554871
 11
2.12534
 21
-0.556183
  0
LINE
  8
0
 10
2.12534
 20
-0.556183
 11
2.1284
 21
-0.557617
  0
LINE
  8
0
 10
2.1284
 20
-0.557617
 11
2.13139
 21
-0.559189
  0
LINE
  8
0
 10
2.13139
 20
-0.559189
 11
2.13432
 21
-0.560883
  0
LINE
  8
0
 10
2.13432
 20
-0.560883
 11
2.13718
 21
-0.562683
  0
LINE
  8
0
 10
2.13718
 20
-0.562683
 11
2.13995
 21
-0.564621
  0
LINE
  8
0
 10
2.13995
 20
-0.564621
 11
2.14264
 21
-0.566666
  0
LINE
  8
0
 10
2.14264
 20
-0.566666
 11
2.14525
 21
-0.568817
  0
LINE
  8
0
 10
2.14525
 20
-0.568817
 11
2.14777
 21
-0.571075
  0
LINE
  8
0
 10
2.14777
 20
-0.571075
 11
2.15018
 21
-0.573441
  0
LINE
  8
0
 10
2.15018
 20
-0.573441
 11
2.1525
 21
-0.575912
  0
LINE
  8
0
 10
2.1525
 20
-0.575912
 11
2.15469
 21
-0.578461
  0
LINE
  8
0
 10
2.15469
 20
-0.578461
 11
2.1568
 21
-0.581116
  0
LINE
  8
0
 10
2.1568
 20
-0.581116
 11
2.15878
 21
-0.583847
  0
LINE
  8
0
 10
2.15878
 20
-0.583847
 11
2.16066
 21
-0.58667
  0
LINE
  8
0
 10
2.16066
 20
-0.58667
 11
2.16241
 21
-0.589554
  0
LINE
  8
0
 10
2.16241
 20
-0.589554
 11
2.16403
 21
-0.592514
  0
LINE
  8
0
 10
2.16403
 20
-0.592514
 11
2.16554
 21
-0.595551
  0
LINE
  8
0
 10
2.16554
 20
-0.595551
 11
2.16692
 21
-0.598633
  0
LINE
  8
0
 10
2.16692
 20
-0.598633
 11
2.16815
 21
-0.601776
  0
LINE
  8
0
 10
2.16815
 20
-0.601776
 11
2.16927
 21
-0.60498
  0
LINE
  8
0
 10
2.16927
 20
-0.60498
 11
2.17024
 21
-0.608215
  0
LINE
  8
0
 10
2.17024
 20
-0.608215
 11
2.17108
 21
-0.611481
  0
LINE
  8
0
 10
2.17108
 20
-0.611481
 11
2.1718
 21
-0.614792
  0
LINE
  8
0
 10
2.1718
 20
-0.614792
 11
2.17235
 21
-0.618118
  0
LINE
  8
0
 10
2.17235
 20
-0.618118
 11
2.17278
 21
-0.621475
  0
LINE
  8
0
 10
2.17278
 20
-0.621475
 11
2.17307
 21
-0.624847
  0
LINE
  8
0
 10
2.17307
 20
-0.624847
 11
2.1732
 21
-0.62822
  0
LINE
  8
0
 10
2.1732
 20
-0.62822
 11
2.1732
 21
-0.631607
  0
LINE
  8
0
 10
2.1732
 20
-0.631607
 11
2.17307
 21
-0.634979
  0
LINE
  8
0
 10
2.17307
 20
-0.634979
 11
2.17278
 21
-0.638351
  0
LINE
  8
0
 10
2.17278
 20
-0.638351
 11
2.17235
 21
-0.641708
  0
LINE
  8
0
 10
2.17235
 20
-0.641708
 11
2.1718
 21
-0.645035
  0
LINE
  8
0
 10
2.1718
 20
-0.645035
 11
2.17108
 21
-0.648346
  0
LINE
  8
0
 10
2.17108
 20
-0.648346
 11
2.17024
 21
-0.651611
  0
LINE
  8
0
 10
2.17024
 20
-0.651611
 11
2.16927
 21
-0.654861
  0
LINE
  8
0
 10
2.16927
 20
-0.654861
 11
2.16815
 21
-0.658051
  0
LINE
  8
0
 10
2.16815
 20
-0.658051
 11
2.16692
 21
-0.661194
  0
LINE
  8
0
 10
2.16692
 20
-0.661194
 11
2.16554
 21
-0.664276
  0
LINE
  8
0
 10
2.16554
 20
-0.664276
 11
2.16403
 21
-0.667313
  0
LINE
  8
0
 10
2.16403
 20
-0.667313
 11
2.16241
 21
-0.670273
  0
LINE
  8
0
 10
2.16241
 20
-0.670273
 11
2.16066
 21
-0.673157
  0
LINE
  8
0
 10
2.16066
 20
-0.673157
 11
2.15878
 21
-0.67598
  0
LINE
  8
0
 10
2.15878
 20
-0.67598
 11
2.1568
 21
-0.678711
  0
LINE
  8
0
 10
2.1568
 20
-0.678711
 11
2.15469
 21
-0.681366
  0
LINE
  8
0
 10
2.15469
 20
-0.681366
 11
2.1525
 21
-0.683914
  0
LINE
  8
0
 10
2.1525
 20
-0.683914
 11
2.15018
 21
-0.686386
  0
LINE
  8
0
 10
2.15018
 20
-0.686386
 11
2.14777
 21
-0.688751
  0
LINE
  8
0
 10
2.14777
 20
-0.688751
 11
2.14525
 21
-0.69101
  0
LINE
  8
0
 10
2.14525
 20
-0.69101
 11
2.14264
 21
-0.693161
  0
LINE
  8
0
 10
2.14264
 20
-0.693161
 11
2.13995
 21
-0.695206
  0
LINE
  8
0
 10
2.13995
 20
-0.695206
 11
2.13718
 21
-0.697144
  0
LINE
  8
0
 10
2.13718
 20
-0.697144
 11
2.13432
 21
-0.698944
  0
LINE
  8
0
 10
2.13432
 20
-0.698944
 11
2.13139
 21
-0.700638
  0
LINE
  8
0
 10
2.13139
 20
-0.700638
 11
2.1284
 21
-0.702209
  0
LINE
  8
0
 10
2.1284
 20
-0.702209
 11
2.12534
 21
-0.703644
  0
LINE
  8
0
 10
2.12534
 20
-0.703644
 11
2.12222
 21
-0.704956
  0
LINE
  8
0
 10
2.12222
 20
-0.704956
 11
2.11905
 21
-0.706131
  0
LINE
  8
0
 10
2.11905
 20
-0.706131
 11
2.11584
 21
-0.707184
  0
LINE
  8
0
 10
2.11584
 20
-0.707184
 11
2.11258
 21
-0.708084
  0
LINE
  8
0
 10
2.11258
 20
-0.708084
 11
2.1093
 21
-0.708862
  0
LINE
  8
0
 10
2.1093
 20
-0.708862
 11
2.10597
 21
-0.709488
  0
LINE
  8
0
 10
2.10597
 20
-0.709488
 11
2.10263
 21
-0.709991
  0
LINE
  8
0
 10
2.10263
 20
-0.709991
 11
2.09926
 21
-0.710342
  0
LINE
  8
0
 10
2.09926
 20
-0.710342
 11
2.09589
 21
-0.710556
  0
LINE
  8
0
 10
2.09589
 20
-0.710556
 11
2.09251
 21
-0.710617
  0
LINE
  8
0
 10
2.09251
 20
-0.710617
 11
2.08913
 21
-0.710556
  0
LINE
  8
0
 10
-2.90337
 20
-0.710556
 11
-2.90674
 21
-0.710342
  0
LINE
  8
0
 10
-2.90674
 20
-0.710342
 11
-2.91011
 21
-0.709991
  0
LINE
  8
0
 10
-2.91011
 20
-0.709991
 11
-2.91345
 21
-0.709488
  0
LINE
  8
0
 10
-2.91345
 20
-0.709488
 11
-2.91678
 21
-0.708862
  0
LINE
  8
0
 10
-2.91678
 20
-0.708862
 11
-2.92006
 21
-0.708084
  0
LINE
  8
0
 10
-2.92006
 20
-0.708084
 11
-2.92332
 21
-0.707184
  0
LINE
  8
0
 10
-2.92332
 20
-0.707184
 11
-2.92653
 21
-0.706131
  0
LINE
  8
0
 10
-2.92653
 20
-0.706131
 11
-2.9297
 21
-0.704956
  0
LINE
  8
0
 10
-2.9297
 20
-0.704956
 11
-2.93282
 21
-0.703644
  0
LINE
  8
0
 10
-2.93282
 20
-0.703644
 11
-2.93588
 21
-0.702209
  0
LINE
  8
0
 10
-2.93588
 20
-0.702209
 11
-2.93887
 21
-0.700638
  0
LINE
  8
0
 10
-2.93887
 20
-0.700638
 11
-2.9418
 21
-0.698944
  0
LINE
  8
0
 10
-2.9418
 20
-0.698944
 11
-2.94466
 21
-0.697144
  0
LINE
  8
0
 10
-2.94466
 20
-0.697144
 11
-2.94743
 21
-0.695206
  0
LINE
  8
0
 10
-2.94743
 20
-0.695206
 11
-2.95012
 21
-0.693161
  0
LINE
  8
0
 10
-2.95012
 20
-0.693161
 11
-2.95273
 21
-0.69101
  0
LINE
  8
0
 10
-2.95273
 20
-0.69101
 11
-2.95525
 21
-0.688751
  0
LINE
  8
0
 10
-2.95525
 20
-0.688751
 11
-2.95766
 21
-0.686386
  0
LINE
  8
0
 10
-2.95766
 20
-0.686386
 11
-2.95998
 21
-0.683914
  0
LINE
  8
0
 10
-2.95998
 20
-0.683914
 11
-2.96217
 21
-0.681366
  0
LINE
  8
0
 10
-2.96217
 20
-0.681366
 11
-2.96428
 21
-0.678711
  0
LINE
  8
0
 10
-2.96428
 20
-0.678711
 11
-2.96626
 21
-0.67598
  0
LINE
  8
0
 10
-2.96626
 20
-0.67598
 11
-2.96814
 21
-0.673157
  0
LINE
  8
0
 10
-2.96814
 20
-0.673157
 11
-2.96989
 21
-0.670273
  0
LINE
  8
0
 10
-2.96989
 20
-0.670273
 11
-2.97151
 21
-0.667313
  0
LINE
  8
0
 10
-2.97151
 20
-0.667313
 11
-2.97302
 21
-0.664276
  0
LINE
  8
0
 10
-2.97302
 20
-0.664276
 11
-2.9744
 21
-0.661194
  0
LINE
  8
0
 10
-2.9744
 20
-0.661194
 11
-2.97563
 21
-0.658051
  0
LINE
  8
0
 10
-2.97563
 20
-0.658051
 11
-2.97675
 21
-0.654861
  0
LINE
  8
0
 10
-2.97675
 20
-0.654861
 11
-2.97772
 21
-0.651611
  0
LINE
  8
0
 10
-2.97772
 20
-0.651611
 11
-2.97856
 21
-0.648346
  0
LINE
  8
0
 10
-2.97856
 20
-0.648346
 11
-2.97928
 21
-0.645035
  0
LINE
  8
0
 10
-2.97928
 20
-0.645035
 11
-2.97983
 21
-0.641708
  0
LINE
  8
0
 10
-2.97983
 20
-0.641708
 11
-2.98026
 21
-0.638351
  0
LINE
  8
0
 10
-2.98026
 20
-0.638351
 11
-2.98055
 21
-0.634979
  0
LINE
  8
0
 10
-2.98055
 20
-0.634979
 11
-2.98068
 21
-0.631607
  0
LINE
  8
0
 10
-2.98068
 20
-0.631607
 11
-2.98068
 21
-0.62822
  0
LINE
  8
0
 10
-2.98068
 20
-0.62822
 11
-2.98055
 21
-0.624847
  0
LINE
  8
0
 10
-2.98055
 20
-0.624847
 11
-2.98026
 21
-0.621475
  0
LINE
  8
0
 10
-2.98026
 20
-0.621475
 11
-2.97983
 21
-0.618118
  0
LINE
  8
0
 10
-2.97983
 20
-0.618118
 11
-2.97928
 21
-0.614792
  0
LINE
  8
0
 10
-2.97928
 20
-0.614792
 11
-2.97856
 21
-0.611481
  0
LINE
  8
0
 10
-2.97856
 20
-0.611481
 11
-2.97772
 21
-0.608215
  0
LINE
  8
0
 10
-2.97772
 20
-0.608215
 11
-2.97675
 21
-0.60498
  0
LINE
  8
0
 10
-2.97675
 20
-0.60498
 11
-2.97563
 21
-0.601776
  0
LINE
  8
0
 10
-2.97563
 20
-0.601776
 11
-2.9744
 21
-0.598633
  0
LINE
  8
0
 10
-2.9744
 20
-0.598633
 11
-2.97302
 21
-0.595551
  0
LINE
  8
0
 10
-2.97302
 20
-0.595551
 11
-2.97151
 21
-0.592514
  0
LINE
  8
0
 10
-2.97151
 20
-0.592514
 11
-2.96989
 21
-0.589554
  0
LINE
  8
0
 10
-2.96989
 20
-0.589554
 11
-2.96814
 21
-0.58667
  0
LINE
  8
0
 10
-2.96814
 20
-0.58667
 11
-2.96626
 21
-0.583847
  0
LINE
  8
0
 10
-2.96626
 20
-0.583847
 11
-2.96428
 21
-0.581116
  0
LINE
  8
0
 10
-2.96428
 20
-0.581116
 11
-2.96217
 21
-0.578461
  0
LINE
  8
0
 10
-2.96217
 20
-0.578461
 11
-2.95998
 21
-0.575912
  0
LINE
  8
0
 10
-2.95998
 20
-0.575912
 11
-2.95766
 21
-0.573441
  0
LINE
  8
0
 10
-2.95766
 20
-0.573441
 11
-2.95525
 21
-0.571075
  0
LINE
  8
0
 10
-2.95525
 20
-0.571075
 11
-2.95273
 21
-0.568817
  0
LINE
  8
0
 10
-2.95273
 20
-0.568817
 11
-2.95012
 21
-0.566666
  0
LINE
  8
0
 10
-2.95012
 20
-0.566666
 11
-2.94743
 21
-0.564621
  0
LINE
  8
0
 10
-2.94743
 20
-0.564621
 11
-2.94466
 21
-0.562683
  0
LINE
  8
0
 10
-2.94466
 20
-0.562683
 11
-2.9418
 21
-0.560883
  0
LINE
  8
0
 10
-2.9418
 20
-0.560883
 11
-2.93887
 21
-0.559189
  0
LINE
  8
0
 10
-2.93887
 20
-0.559189
 11
-2.93588
 21
-0.557617
  0
LINE
  8
0
 10
-2.93588
 20
-0.557617
 11
-2.93282
 21
-0.556183
  0
LINE
  8
0
 10
-2.93282
 20
-0.556183
 11
-2.9297
 21
-0.554871
  0
LINE
  8
0
 10
-2.9297
 20
-0.554871
 11
-2.92653
 21
-0.553696
  0
LINE
  8
0
 10
-2.92653
 20
-0.553696
 11
-2.92332
 21
-0.552643
  0
LINE
  8
0
 10
-2.92332
 20
-0.552643
 11
-2.92006
 21
-0.551743
  0
LINE
  8
0
 10
-2.92006
 20
-0.551743
 11
-2.91678
 21
-0.550964
  0
LINE
  8
0
 10
-2.91678
 20
-0.550964
 11
-2.91345
 21
-0.550339
  0
LINE
  8
0
 10
-2.91345
 20
-0.550339
 11
-2.91011
 21
-0.549835
  0
LINE
  8
0
 10
-2.91011
 20
-0.549835
 11
-2.90674
 21
-0.549484
  0
LINE
  8
0
 10
-2.90674
 20
-0.549484
 11
-2.90337
 21
-0.549271
  0
LINE
  8
0
 10
-2.90337
 20
-0.549271
 11
-2.89999
 21
-0.54921
  0
LINE
  8
0
 10
-2.89999
 20
-0.54921
 11
-2.89661
 21
-0.549271
  0
LINE
  8
0
 10
-2.89661
 20
-0.549271
 11
-2.89323
 21
-0.549484
  0
LINE
  8
0
 10
-2.89323
 20
-0.549484
 11
-2.88988
 21
-0.549835
  0
LINE
  8
0
 10
-2.88988
 20
-0.549835
 11
-2.88654
 21
-0.550339
  0
LINE
  8
0
 10
-2.88654
 20
-0.550339
 11
-2.88321
 21
-0.550964
  0
LINE
  8
0
 10
-2.88321
 20
-0.550964
 11
-2.87993
 21
-0.551743
  0
LINE
  8
0
 10
-2.87993
 20
-0.551743
 11
-2.87666
 21
-0.552643
  0
LINE
  8
0
 10
-2.87666
 20
-0.552643
 11
-2.87344
 21
-0.553696
  0
LINE
  8
0
 10
-2.87344
 20
-0.553696
 11
-2.87029
 21
-0.554871
  0
LINE
  8
0
 10
-2.87029
 20
-0.554871
 11
-2.86717
 21
-0.556183
  0
LINE
  8
0
 10
-2.86717
 20
-0.556183
 11
-2.86411
 21
-0.557617
  0
LINE
  8
0
 10
-2.86411
 20
-0.557617
 11
-2.86111
 21
-0.559189
  0
LINE
  8
0
 10
-2.86111
 20
-0.559189
 11
-2.85818
 21
-0.560883
  0
LINE
  8
0
 10
-2.85818
 20
-0.560883
 11
-2.85533
 21
-0.562683
  0
LINE
  8
0
 10
-2.85533
 20
-0.562683
 11
-2.85255
 21
-0.564621
  0
LINE
  8
0
 10
-2.85255
 20
-0.564621
 11
-2.84985
 21
-0.566666
  0
LINE
  8
0
 10
-2.84985
 20
-0.566666
 11
-2.84726
 21
-0.568817
  0
LINE
  8
0
 10
-2.84726
 20
-0.568817
 11
-2.84474
 21
-0.571075
  0
LINE
  8
0
 10
-2.84474
 20
-0.571075
 11
-2.84233
 21
-0.573441
  0
LINE
  8
0
 10
-2.84233
 20
-0.573441
 11
-2.84001
 21
-0.575912
  0
LINE
  8
0
 10
-2.84001
 20
-0.575912
 11
-2.8378
 21
-0.578461
  0
LINE
  8
0
 10
-2.8378
 20
-0.578461
 11
-2.83571
 21
-0.581116
  0
LINE
  8
0
 10
-2.83571
 20
-0.581116
 11
-2.83372
 21
-0.583847
  0
LINE
  8
0
 10
-2.83372
 20
-0.583847
 11
-2.83185
 21
-0.58667
  0
LINE
  8
0
 10
-2.83185
 20
-0.58667
 11
-2.83009
 21
-0.589554
  0
LINE
  8
0
 10
-2.83009
 20
-0.589554
 11
-2.82848
 21
-0.592514
  0
LINE
  8
0
 10
-2.82848
 20
-0.592514
 11
-2.82697
 21
-0.595551
  0
LINE
  8
0
 10
-2.82697
 20
-0.595551
 11
-2.82559
 21
-0.598633
  0
LINE
  8
0
 10
-2.82559
 20
-0.598633
 11
-2.82434
 21
-0.601776
  0
LINE
  8
0
 10
-2.82434
 20
-0.601776
 11
-2.82323
 21
-0.60498
  0
LINE
  8
0
 10
-2.82323
 20
-0.60498
 11
-2.82225
 21
-0.608215
  0
LINE
  8
0
 10
-2.82225
 20
-0.608215
 11
-2.82141
 21
-0.611481
  0
LINE
  8
0
 10
-2.82141
 20
-0.611481
 11
-2.82071
 21
-0.614792
  0
LINE
  8
0
 10
-2.82071
 20
-0.614792
 11
-2.82014
 21
-0.618118
  0
LINE
  8
0
 10
-2.82014
 20
-0.618118
 11
-2.81973
 21
-0.621475
  0
LINE
  8
0
 10
-2.81973
 20
-0.621475
 11
-2.81944
 21
-0.624847
  0
LINE
  8
0
 10
-2.81944
 20
-0.624847
 11
-2.81931
 21
-0.62822
  0
LINE
  8
0
 10
-2.81931
 20
-0.62822
 11
-2.81931
 21
-0.631607
  0
LINE
  8
0
 10
-2.81931
 20
-0.631607
 11
-2.81944
 21
-0.634979
  0
LINE
  8
0
 10
-2.81944
 20
-0.634979
 11
-2.81973
 21
-0.638351
  0
LINE
  8
0
 10
-2.81973
 20
-0.638351
 11
-2.82014
 21
-0.641708
  0
LINE
  8
0
 10
-2.82014
 20
-0.641708
 11
-2.82071
 21
-0.645035
  0
LINE
  8
0
 10
-2.82071
 20
-0.645035
 11
-2.82141
 21
-0.648346
  0
LINE
  8
0
 10
-2.82141
 20
-0.648346
 11
-2.82225
 21
-0.651611
  0
LINE
  8
0
 10
-2.82225
 20
-0.651611
 11
-2.82323
 21
-0.654861
  0
LINE
  8
0
 10
-2.82323
 20
-0.654861
 11
-2.82434
 21
-0.658051
  0
LINE
  8
0
 10
-2.82434
 20
-0.658051
 11
-2.82559
 21
-0.661194
  0
LINE
  8
0
 10
-2.82559
 20
-0.661194
 11
-2.82697
 21
-0.664276
  0
LINE
  8
0
 10
-2.82697
 20
-0.664276
 11
-2.82848
 21
-0.667313
  0
LINE
  8
0
 10
-2.82848
 20
-0.667313
 11
-2.83009
 21
-0.670273
  0
LINE
  8
0
 10
-2.83009
 20
-0.670273
 11
-2.83185
 21
-0.673157
  0
LINE
  8
0
 10
-2.83185
 20
-0.673157
 11
-2.83372
 21
-0.67598
  0
LINE
  8
0
 10
-2.83372
 20
-0.67598
 11
-2.83571
 21
-0.678711
  0
LINE
  8
0
 10
-2.83571
 20
-0.678711
 11
-2.8378
 21
-0.681366
  0
LINE
  8
0
 10
-2.8378
 20
-0.681366
 11
-2.84001
 21
-0.683914
  0
LINE
  8
0
 10
-2.84001
 20
-0.683914
 11
-2.84233
 21
-0.686386
  0
LINE
  8
0
 10
-2.84233
 20
-0.686386
 11
-2.84474
 21
-0.688751
  0
LINE
  8
0
 10
-2.84474
 20
-0.688751
 11
-2.84726
 21
-0.69101
  0
LINE
  8
0
 10
-2.84726
 20
-0.69101
 11
-2.84985
 21
-0.693161
  0
LINE
  8
0
 10
-2.84985
 20
-0.693161
 11
-2.85255
 21
-0.695206
  0
LINE
  8
0
 10
-2.85255
 20
-0.695206
 11
-2.85533
 21
-0.697144
  0
LINE
  8
0
 10
-2.85533
 20
-0.697144
 11
-2.85818
 21
-0.698944
  0
LINE
  8
0
 10
-2.85818
 20
-0.698944
 11
-2.86111
 21
-0.700638
  0
LINE
  8
0
 10
-2.86111
 20
-0.700638
 11
-2.86411
 21
-0.702209
  0
LINE
  8
0
 10
-2.86411
 20
-0.702209
 11
-2.86717
 21
-0.703644
  0
LINE
  8
0
 10
-2.86717
 20
-0.703644
 11
-2.87029
 21
-0.704956
  0
LINE
  8
0
 10
-2.87029
 20
-0.704956
 11
-2.87344
 21
-0.706131
  0
LINE
  8
0
 10
-2.87344
 20
-0.706131
 11
-2.87666
 21
-0.707184
  0
LINE
  8
0
 10
-2.87666
 20
-0.707184
 11
-2.87993
 21
-0.708084
  0
LINE
  8
0
 10
-2.87993
 20
-0.708084
 11
-2.88321
 21
-0.708862
  0
LINE
  8
0
 10
-2.88321
 20
-0.708862
 11
-2.88654
 21
-0.709488
  0
LINE
  8
0
 10
-2.88654
 20
-0.709488
 11
-2.88988
 21
-0.709991
  0
LINE
  8
0
 10
-2.88988
 20
-0.709991
 11
-2.89323
 21
-0.710342
  0
LINE
  8
0
 10
-2.89323
 20
-0.710342
 11
-2.89661
 21
-0.710556
  0
LINE
  8
0
 10
-2.89661
 20
-0.710556
 11
-2.89999
 21
-0.710617
  0
LINE
  8
0
 10
-2.89999
 20
-0.710617
 11
-2.90337
 21
-0.710556
  0
LINE
  8
0
 10
2.08913
 20
-1.34047
 11
2.08575
 21
-1.34026
  0
LINE
  8
0
 10
2.08575
 20
-1.34026
 11
2.0824
 21
-1.3399
  0
LINE
  8
0
 10
2.0824
 20
-1.3399
 11
2.07906
 21
-1.33942
  0
LINE
  8
0
 10
2.07906
 20
-1.33942
 11
2.07573
 21
-1.33878
  0
LINE
  8
0
 10
2.07573
 20
-1.33878
 11
2.07245
 21
-1.33801
  0
LINE
  8
0
 10
2.07245
 20
-1.33801
 11
2.06918
 21
-1.3371
  0
LINE
  8
0
 10
2.06918
 20
-1.3371
 11
2.06596
 21
-1.33606
  0
LINE
  8
0
 10
2.06596
 20
-1.33606
 11
2.06281
 21
-1.33487
  0
LINE
  8
0
 10
2.06281
 20
-1.33487
 11
2.05969
 21
-1.33357
  0
LINE
  8
0
 10
2.05969
 20
-1.33357
 11
2.05663
 21
-1.33212
  0
LINE
  8
0
 10
2.05663
 20
-1.33212
 11
2.05363
 21
-1.33057
  0
LINE
  8
0
 10
2.05363
 20
-1.33057
 11
2.0507
 21
-1.32887
  0
LINE
  8
0
 10
2.0507
 20
-1.32887
 11
2.04785
 21
-1.32706
  0
LINE
  8
0
 10
2.04785
 20
-1.32706
 11
2.04507
 21
-1.32513
  0
LINE
  8
0
 10
2.04507
 20
-1.32513
 11
2.04237
 21
-1.32309
  0
LINE
  8
0
 10
2.04237
 20
-1.32309
 11
2.03978
 21
-1.32094
  0
LINE
  8
0
 10
2.03978
 20
-1.32094
 11
2.03726
 21
-1.31866
  0
LINE
  8
0
 10
2.03726
 20
-1.31866
 11
2.03485
 21
-1.3163
  0
LINE
  8
0
 10
2.03485
 20
-1.3163
 11
2.03253
 21
-1.31384
  0
LINE
  8
0
 10
2.03253
 20
-1.31384
 11
2.03032
 21
-1.31128
  0
LINE
  8
0
 10
2.03032
 20
-1.31128
 11
2.02823
 21
-1.30862
  0
LINE
  8
0
 10
2.02823
 20
-1.30862
 11
2.02625
 21
-1.30589
  0
LINE
  8
0
 10
2.02625
 20
-1.30589
 11
2.02437
 21
-1.30309
  0
LINE
  8
0
 10
2.02437
 20
-1.30309
 11
2.02261
 21
-1.30019
  0
LINE
  8
0
 10
2.02261
 20
-1.30019
 11
2.021
 21
-1.29723
  0
LINE
  8
0
 10
2.021
 20
-1.29723
 11
2.01949
 21
-1.2942
  0
LINE
  8
0
 10
2.01949
 20
-1.2942
 11
2.01811
 21
-1.29111
  0
LINE
  8
0
 10
2.01811
 20
-1.29111
 11
2.01686
 21
-1.28796
  0
LINE
  8
0
 10
2.01686
 20
-1.28796
 11
2.01575
 21
-1.28477
  0
LINE
  8
0
 10
2.01575
 20
-1.28477
 11
2.01477
 21
-1.28154
  0
LINE
  8
0
 10
2.01477
 20
-1.28154
 11
2.01393
 21
-1.27826
  0
LINE
  8
0
 10
2.01393
 20
-1.27826
 11
2.01323
 21
-1.27496
  0
LINE
  8
0
 10
2.01323
 20
-1.27496
 11
2.01266
 21
-1.27162
  0
LINE
  8
0
 10
2.01266
 20
-1.27162
 11
2.01225
 21
-1.26826
  0
LINE
  8
0
 10
2.01225
 20
-1.26826
 11
2.01196
 21
-1.26491
  0
LINE
  8
0
 10
2.01196
 20
-1.26491
 11
2.01183
 21
-1.26152
  0
LINE
  8
0
 10
2.01183
 20
-1.26152
 11
2.01183
 21
-1.25815
  0
LINE
  8
0
 10
2.01183
 20
-1.25815
 11
2.01196
 21
-1.25476
  0
LINE
  8
0
 10
2.01196
 20
-1.25476
 11
2.01225
 21
-1.2514
  0
LINE
  8
0
 10
2.01225
 20
-1.2514
 11
2.01266
 21
-1.24805
  0
LINE
  8
0
 10
2.01266
 20
-1.24805
 11
2.01323
 21
-1.24471
  0
LINE
  8
0
 10
2.01323
 20
-1.24471
 11
2.01393
 21
-1.24141
  0
LINE
  8
0
 10
2.01393
 20
-1.24141
 11
2.01477
 21
-1.23813
  0
LINE
  8
0
 10
2.01477
 20
-1.23813
 11
2.01575
 21
-1.23489
  0
LINE
  8
0
 10
2.01575
 20
-1.23489
 11
2.01686
 21
-1.2317
  0
LINE
  8
0
 10
2.01686
 20
-1.2317
 11
2.01811
 21
-1.22856
  0
LINE
  8
0
 10
2.01811
 20
-1.22856
 11
2.01949
 21
-1.22546
  0
LINE
  8
0
 10
2.01949
 20
-1.22546
 11
2.021
 21
-1.22244
  0
LINE
  8
0
 10
2.021
 20
-1.22244
 11
2.02261
 21
-1.21948
  0
LINE
  8
0
 10
2.02261
 20
-1.21948
 11
2.02437
 21
-1.21658
  0
LINE
  8
0
 10
2.02437
 20
-1.21658
 11
2.02625
 21
-1.21378
  0
LINE
  8
0
 10
2.02625
 20
-1.21378
 11
2.02823
 21
-1.21104
  0
LINE
  8
0
 10
2.02823
 20
-1.21104
 11
2.03032
 21
-1.20839
  0
LINE
  8
0
 10
2.03032
 20
-1.20839
 11
2.03253
 21
-1.20583
  0
LINE
  8
0
 10
2.03253
 20
-1.20583
 11
2.03485
 21
-1.20337
  0
LINE
  8
0
 10
2.03485
 20
-1.20337
 11
2.03726
 21
-1.201
  0
LINE
  8
0
 10
2.03726
 20
-1.201
 11
2.03978
 21
-1.19875
  0
LINE
  8
0
 10
2.03978
 20
-1.19875
 11
2.04237
 21
-1.19658
  0
LINE
  8
0
 10
2.04237
 20
-1.19658
 11
2.04507
 21
-1.19453
  0
LINE
  8
0
 10
2.04507
 20
-1.19453
 11
2.04785
 21
-1.19261
  0
LINE
  8
0
 10
2.04785
 20
-1.19261
 11
2.0507
 21
-1.1908
  0
LINE
  8
0
 10
2.0507
 20
-1.1908
 11
2.05363
 21
-1.1891
  0
LINE
  8
0
 10
2.05363
 20
-1.1891
 11
2.05663
 21
-1.18755
  0
LINE
  8
0
 10
2.05663
 20
-1.18755
 11
2.05969
 21
-1.1861
  0
LINE
  8
0
 10
2.05969
 20
-1.1861
 11
2.06281
 21
-1.1848
  0
LINE
  8
0
 10
2.06281
 20
-1.1848
 11
2.06596
 21
-1.18361
  0
LINE
  8
0
 10
2.06596
 20
-1.18361
 11
2.06918
 21
-1.18257
  0
LINE
  8
0
 10
2.06918
 20
-1.18257
 11
2.07245
 21
-1.18166
  0
LINE
  8
0
 10
2.07245
 20
-1.18166
 11
2.07573
 21
-1.18089
  0
LINE
  8
0
 10
2.07573
 20
-1.18089
 11
2.07906
 21
-1.18025
  0
LINE
  8
0
 10
2.07906
 20
-1.18025
 11
2.0824
 21
-1.17976
  0
LINE
  8
0
 10
2.0824
 20
-1.17976
 11
2.08575
 21
-1.17941
  0
LINE
  8
0
 10
2.08575
 20
-1.17941
 11
2.08913
 21
-1.1792
  0
LINE
  8
0
 10
2.08913
 20
-1.1792
 11
2.09251
 21
-1.17912
  0
LINE
  8
0
 10
2.09251
 20
-1.17912
 11
2.09589
 21
-1.1792
  0
LINE
  8
0
 10
2.09589
 20
-1.1792
 11
2.09926
 21
-1.17941
  0
LINE
  8
0
 10
2.09926
 20
-1.17941
 11
2.10263
 21
-1.17976
  0
LINE
  8
0
 10
2.10263
 20
-1.17976
 11
2.10597
 21
-1.18025
  0
LINE
  8
0
 10
2.10597
 20
-1.18025
 11
2.1093
 21
-1.18089
  0
LINE
  8
0
 10
2.1093
 20
-1.18089
 11
2.11258
 21
-1.18166
  0
LINE
  8
0
 10
2.11258
 20
-1.18166
 11
2.11584
 21
-1.18257
  0
LINE
  8
0
 10
2.11584
 20
-1.18257
 11
2.11905
 21
-1.18361
  0
LINE
  8
0
 10
2.11905
 20
-1.18361
 11
2.12222
 21
-1.1848
  0
LINE
  8
0
 10
2.12222
 20
-1.1848
 11
2.12534
 21
-1.1861
  0
LINE
  8
0
 10
2.12534
 20
-1.1861
 11
2.1284
 21
-1.18755
  0
LINE
  8
0
 10
2.1284
 20
-1.18755
 11
2.13139
 21
-1.1891
  0
LINE
  8
0
 10
2.13139
 20
-1.1891
 11
2.13432
 21
-1.1908
  0
LINE
  8
0
 10
2.13432
 20
-1.1908
 11
2.13718
 21
-1.19261
  0
LINE
  8
0
 10
2.13718
 20
-1.19261
 11
2.13995
 21
-1.19453
  0
LINE
  8
0
 10
2.13995
 20
-1.19453
 11
2.14264
 21
-1.19658
  0
LINE
  8
0
 10
2.14264
 20
-1.19658
 11
2.14525
 21
-1.19875
  0
LINE
  8
0
 10
2.14525
 20
-1.19875
 11
2.14777
 21
-1.201
  0
LINE
  8
0
 10
2.14777
 20
-1.201
 11
2.15018
 21
-1.20337
  0
LINE
  8
0
 10
2.15018
 20
-1.20337
 11
2.1525
 21
-1.20583
  0
LINE
  8
0
 10
2.1525
 20
-1.20583
 11
2.15469
 21
-1.20839
  0
LINE
  8
0
 10
2.15469
 20
-1.20839
 11
2.1568
 21
-1.21104
  0
LINE
  8
0
 10
2.1568
 20
-1.21104
 11
2.15878
 21
-1.21378
  0
LINE
  8
0
 10
2.15878
 20
-1.21378
 11
2.16066
 21
-1.21658
  0
LINE
  8
0
 10
2.16066
 20
-1.21658
 11
2.16241
 21
-1.21948
  0
LINE
  8
0
 10
2.16241
 20
-1.21948
 11
2.16403
 21
-1.22244
  0
LINE
  8
0
 10
2.16403
 20
-1.22244
 11
2.16554
 21
-1.22546
  0
LINE
  8
0
 10
2.16554
 20
-1.22546
 11
2.16692
 21
-1.22856
  0
LINE
  8
0
 10
2.16692
 20
-1.22856
 11
2.16815
 21
-1.2317
  0
LINE
  8
0
 10
2.16815
 20
-1.2317
 11
2.16927
 21
-1.23489
  0
LINE
  8
0
 10
2.16927
 20
-1.23489
 11
2.17024
 21
-1.23813
  0
LINE
  8
0
 10
2.17024
 20
-1.23813
 11
2.17108
 21
-1.24141
  0
LINE
  8
0
 10
2.17108
 20
-1.24141
 11
2.1718
 21
-1.24471
  0
LINE
  8
0
 10
2.1718
 20
-1.24471
 11
2.17235
 21
-1.24805
  0
LINE
  8
0
 10
2.17235
 20
-1.24805
 11
2.17278
 21
-1.2514
  0
LINE
  8
0
 10
2.17278
 20
-1.2514
 11
2.17307
 21
-1.25476
  0
LINE
  8
0
 10
2.17307
 20
-1.25476
 11
2.1732
 21
-1.25815
  0
LINE
  8
0
 10
2.1732
 20
-1.25815
 11
2.1732
 21
-1.26152
  0
LINE
  8
0
 10
2.1732
 20
-1.26152
 11
2.17307
 21
-1.26491
  0
LINE
  8
0
 10
2.17307
 20
-1.26491
 11
2.17278
 21
-1.26826
  0
LINE
  8
0
 10
2.17278
 20
-1.26826
 11
2.17235
 21
-1.27162
  0
LINE
  8
0
 10
2.17235
 20
-1.27162
 11
2.1718
 21
-1.27496
  0
LINE
  8
0
 10
2.1718
 20
-1.27496
 11
2.17108
 21
-1.27826
  0
LINE
  8
0
 10
2.17108
 20
-1.27826
 11
2.17024
 21
-1.28154
  0
LINE
  8
0
 10
2.17024
 20
-1.28154
 11
2.16927
 21
-1.28477
  0
LINE
  8
0
 10
2.16927
 20
-1.28477
 11
2.16815
 21
-1.28796
  0
LINE
  8
0
 10
2.16815
 20
-1.28796
 11
2.16692
 21
-1.29111
  0
LINE
  8
0
 10
2.16692
 20
-1.29111
 11
2.16554
 21
-1.2942
  0
LINE
  8
0
 10
2.16554
 20
-1.2942
 11
2.16403
 21
-1.29723
  0
LINE
  8
0
 10
2.16403
 20
-1.29723
 11
2.16241
 21
-1.30019
  0
LINE
  8
0
 10
2.16241
 20
-1.30019
 11
2.16066
 21
-1.30309
  0
LINE
  8
0
 10
2.16066
 20
-1.30309
 11
2.15878
 21
-1.30589
  0
LINE
  8
0
 10
2.15878
 20
-1.30589
 11
2.1568
 21
-1.30862
  0
LINE
  8
0
 10
2.1568
 20
-1.30862
 11
2.15469
 21
-1.31128
  0
LINE
  8
0
 10
2.15469
 20
-1.31128
 11
2.1525
 21
-1.31384
  0
LINE
  8
0
 10
2.1525
 20
-1.31384
 11
2.15018
 21
-1.3163
  0
LINE
  8
0
 10
2.15018
 20
-1.3163
 11
2.14777
 21
-1.31866
  0
LINE
  8
0
 10
2.14777
 20
-1.31866
 11
2.14525
 21
-1.32094
  0
LINE
  8
0
 10
2.14525
 20
-1.32094
 11
2.14264
 21
-1.32309
  0
LINE
  8
0
 10
2.14264
 20
-1.32309
 11
2.13995
 21
-1.32513
  0
LINE
  8
0
 10
2.13995
 20
-1.32513
 11
2.13718
 21
-1.32706
  0
LINE
  8
0
 10
2.13718
 20
-1.32706
 11
2.13432
 21
-1.32887
  0
LINE
  8
0
 10
2.13432
 20
-1.32887
 11
2.13139
 21
-1.33057
  0
LINE
  8
0
 10
2.13139
 20
-1.33057
 11
2.1284
 21
-1.33212
  0
LINE
  8
0
 10
2.1284
 20
-1.33212
 11
2.12534
 21
-1.33357
  0
LINE
  8
0
 10
2.12534
 20
-1.33357
 11
2.12222
 21
-1.33487
  0
LINE
  8
0
 10
2.12222
 20
-1.33487
 11
2.11905
 21
-1.33606
  0
LINE
  8
0
 10
2.11905
 20
-1.33606
 11
2.11584
 21
-1.3371
  0
LINE
  8
0
 10
2.11584
 20
-1.3371
 11
2.11258
 21
-1.33801
  0
LINE
  8
0
 10
2.11258
 20
-1.33801
 11
2.1093
 21
-1.33878
  0
LINE
  8
0
 10
2.1093
 20
-1.33878
 11
2.10597
 21
-1.33942
  0
LINE
  8
0
 10
2.10597
 20
-1.33942
 11
2.10263
 21
-1.3399
  0
LINE
  8
0
 10
2.10263
 20
-1.3399
 11
2.09926
 21
-1.34026
  0
LINE
  8
0
 10
2.09926
 20
-1.34026
 11
2.09589
 21
-1.34047
  0
LINE
  8
0
 10
2.09589
 20
-1.34047
 11
2.09251
 21
-1.34055
  0
LINE
  8
0
 10
2.09251
 20
-1.34055
 11
2.08913
 21
-1.34047
  0
LINE
  8
0
 10
-6.04175
 20
-1.36453
 11
-6.04512
 21
-1.3644
  0
LINE
  8
0
 10
-6.04512
 20
-1.3644
 11
-6.04849
 21
-1.36412
  0
LINE
  8
0
 10
-6.04849
 20
-1.36412
 11
-6.05185
 21
-1.36369
  0
LINE
  8
0
 10
-6.05185
 20
-1.36369
 11
-6.05518
 21
-1.36313
  0
LINE
  8
0
 10
-6.05518
 20
-1.36313
 11
-6.05849
 21
-1.36243
  0
LINE
  8
0
 10
-6.05849
 20
-1.36243
 11
-6.06175
 21
-1.36159
  0
LINE
  8
0
 10
-6.06175
 20
-1.36159
 11
-6.06499
 21
-1.36061
  0
LINE
  8
0
 10
-6.06499
 20
-1.36061
 11
-6.06819
 21
-1.3595
  0
LINE
  8
0
 10
-6.06819
 20
-1.3595
 11
-6.07133
 21
-1.35825
  0
LINE
  8
0
 10
-6.07133
 20
-1.35825
 11
-6.07442
 21
-1.35687
  0
LINE
  8
0
 10
-6.07442
 20
-1.35687
 11
-6.07744
 21
-1.35538
  0
LINE
  8
0
 10
-6.07744
 20
-1.35538
 11
-6.08041
 21
-1.35374
  0
LINE
  8
0
 10
-6.08041
 20
-1.35374
 11
-6.0833
 21
-1.35199
  0
LINE
  8
0
 10
-6.0833
 20
-1.35199
 11
-6.08612
 21
-1.35013
  0
LINE
  8
0
 10
-6.08612
 20
-1.35013
 11
-6.08885
 21
-1.34813
  0
LINE
  8
0
 10
-6.08885
 20
-1.34813
 11
-6.09151
 21
-1.34604
  0
LINE
  8
0
 10
-6.09151
 20
-1.34604
 11
-6.09406
 21
-1.34383
  0
LINE
  8
0
 10
-6.09406
 20
-1.34383
 11
-6.09653
 21
-1.34151
  0
LINE
  8
0
 10
-6.09653
 20
-1.34151
 11
-6.09889
 21
-1.3391
  0
LINE
  8
0
 10
-6.09889
 20
-1.3391
 11
-6.10115
 21
-1.33658
  0
LINE
  8
0
 10
-6.10115
 20
-1.33658
 11
-6.1033
 21
-1.33398
  0
LINE
  8
0
 10
-6.1033
 20
-1.33398
 11
-6.10535
 21
-1.33128
  0
LINE
  8
0
 10
-6.10535
 20
-1.33128
 11
-6.10728
 21
-1.32851
  0
LINE
  8
0
 10
-6.10728
 20
-1.32851
 11
-6.10909
 21
-1.32565
  0
LINE
  8
0
 10
-6.10909
 20
-1.32565
 11
-6.11078
 21
-1.32272
  0
LINE
  8
0
 10
-6.11078
 20
-1.32272
 11
-6.11235
 21
-1.31973
  0
LINE
  8
0
 10
-6.11235
 20
-1.31973
 11
-6.11378
 21
-1.31668
  0
LINE
  8
0
 10
-6.11378
 20
-1.31668
 11
-6.1151
 21
-1.31355
  0
LINE
  8
0
 10
-6.1151
 20
-1.31355
 11
-6.11627
 21
-1.31039
  0
LINE
  8
0
 10
-6.11627
 20
-1.31039
 11
-6.11732
 21
-1.30717
  0
LINE
  8
0
 10
-6.11732
 20
-1.30717
 11
-6.11823
 21
-1.30392
  0
LINE
  8
0
 10
-6.11823
 20
-1.30392
 11
-6.119
 21
-1.30063
  0
LINE
  8
0
 10
-6.119
 20
-1.30063
 11
-6.11963
 21
-1.2973
  0
LINE
  8
0
 10
-6.11963
 20
-1.2973
 11
-6.12013
 21
-1.29396
  0
LINE
  8
0
 10
-6.12013
 20
-1.29396
 11
-6.12048
 21
-1.2906
  0
LINE
  8
0
 10
-6.12048
 20
-1.2906
 11
-6.1207
 21
-1.28723
  0
LINE
  8
0
 10
-6.1207
 20
-1.28723
 11
-6.12076
 21
-1.28384
  0
LINE
  8
0
 10
-6.12076
 20
-1.28384
 11
-6.1207
 21
-1.28047
  0
LINE
  8
0
 10
-6.1207
 20
-1.28047
 11
-6.12048
 21
-1.2771
  0
LINE
  8
0
 10
-6.12048
 20
-1.2771
 11
-6.12013
 21
-1.27373
  0
LINE
  8
0
 10
-6.12013
 20
-1.27373
 11
-6.11963
 21
-1.27039
  0
LINE
  8
0
 10
-6.11963
 20
-1.27039
 11
-6.119
 21
-1.26706
  0
LINE
  8
0
 10
-6.119
 20
-1.26706
 11
-6.11823
 21
-1.26378
  0
LINE
  8
0
 10
-6.11823
 20
-1.26378
 11
-6.11732
 21
-1.26051
  0
LINE
  8
0
 10
-6.11732
 20
-1.26051
 11
-6.11627
 21
-1.25731
  0
LINE
  8
0
 10
-6.11627
 20
-1.25731
 11
-6.1151
 21
-1.25414
  0
LINE
  8
0
 10
-6.1151
 20
-1.25414
 11
-6.11378
 21
-1.25102
  0
LINE
  8
0
 10
-6.11378
 20
-1.25102
 11
-6.11235
 21
-1.24796
  0
LINE
  8
0
 10
-6.11235
 20
-1.24796
 11
-6.11078
 21
-1.24496
  0
LINE
  8
0
 10
-6.11078
 20
-1.24496
 11
-6.10909
 21
-1.24203
  0
LINE
  8
0
 10
-6.10909
 20
-1.24203
 11
-6.10728
 21
-1.23918
  0
LINE
  8
0
 10
-6.10728
 20
-1.23918
 11
-6.10535
 21
-1.2364
  0
LINE
  8
0
 10
-6.10535
 20
-1.2364
 11
-6.1033
 21
-1.23372
  0
LINE
  8
0
 10
-6.1033
 20
-1.23372
 11
-6.10115
 21
-1.23111
  0
LINE
  8
0
 10
-6.10115
 20
-1.23111
 11
-6.09889
 21
-1.22859
  0
LINE
  8
0
 10
-6.09889
 20
-1.22859
 11
-6.09653
 21
-1.22618
  0
LINE
  8
0
 10
-6.09653
 20
-1.22618
 11
-6.09406
 21
-1.22386
  0
LINE
  8
0
 10
-6.09406
 20
-1.22386
 11
-6.09151
 21
-1.22166
  0
LINE
  8
0
 10
-6.09151
 20
-1.22166
 11
-6.08885
 21
-1.21956
  0
LINE
  8
0
 10
-6.08885
 20
-1.21956
 11
-6.08612
 21
-1.21758
  0
LINE
  8
0
 10
-6.08612
 20
-1.21758
 11
-6.0833
 21
-1.2157
  0
LINE
  8
0
 10
-6.0833
 20
-1.2157
 11
-6.08041
 21
-1.21396
  0
LINE
  8
0
 10
-6.08041
 20
-1.21396
 11
-6.07744
 21
-1.21233
  0
LINE
  8
0
 10
-6.07744
 20
-1.21233
 11
-6.07442
 21
-1.21082
  0
LINE
  8
0
 10
-6.07442
 20
-1.21082
 11
-6.07133
 21
-1.20944
  0
LINE
  8
0
 10
-6.07133
 20
-1.20944
 11
-6.06819
 21
-1.20821
  0
LINE
  8
0
 10
-6.06819
 20
-1.20821
 11
-6.06499
 21
-1.20709
  0
LINE
  8
0
 10
-6.06499
 20
-1.20709
 11
-6.06175
 21
-1.20612
  0
LINE
  8
0
 10
-6.06175
 20
-1.20612
 11
-6.05849
 21
-1.20528
  0
LINE
  8
0
 10
-6.05849
 20
-1.20528
 11
-6.05518
 21
-1.20457
  0
LINE
  8
0
 10
-6.05518
 20
-1.20457
 11
-6.05185
 21
-1.20401
  0
LINE
  8
0
 10
-6.05185
 20
-1.20401
 11
-6.04849
 21
-1.20358
  0
LINE
  8
0
 10
-6.04849
 20
-1.20358
 11
-6.04512
 21
-1.20329
  0
LINE
  8
0
 10
-6.04512
 20
-1.20329
 11
-6.04175
 21
-1.20316
  0
LINE
  8
0
 10
-6.04175
 20
-1.20316
 11
-6.03836
 21
-1.20316
  0
LINE
  8
0
 10
-6.03836
 20
-1.20316
 11
-6.03499
 21
-1.20329
  0
LINE
  8
0
 10
-6.03499
 20
-1.20329
 11
-6.03162
 21
-1.20358
  0
LINE
  8
0
 10
-6.03162
 20
-1.20358
 11
-6.02826
 21
-1.20401
  0
LINE
  8
0
 10
-6.02826
 20
-1.20401
 11
-6.02493
 21
-1.20457
  0
LINE
  8
0
 10
-6.02493
 20
-1.20457
 11
-6.02162
 21
-1.20528
  0
LINE
  8
0
 10
-6.02162
 20
-1.20528
 11
-6.01836
 21
-1.20612
  0
LINE
  8
0
 10
-6.01836
 20
-1.20612
 11
-6.01511
 21
-1.20709
  0
LINE
  8
0
 10
-6.01511
 20
-1.20709
 11
-6.01192
 21
-1.20821
  0
LINE
  8
0
 10
-6.01192
 20
-1.20821
 11
-6.00877
 21
-1.20944
  0
LINE
  8
0
 10
-6.00877
 20
-1.20944
 11
-6.00569
 21
-1.21082
  0
LINE
  8
0
 10
-6.00569
 20
-1.21082
 11
-6.00266
 21
-1.21233
  0
LINE
  8
0
 10
-6.00266
 20
-1.21233
 11
-5.99969
 21
-1.21396
  0
LINE
  8
0
 10
-5.99969
 20
-1.21396
 11
-5.99681
 21
-1.2157
  0
LINE
  8
0
 10
-5.99681
 20
-1.2157
 11
-5.99399
 21
-1.21758
  0
LINE
  8
0
 10
-5.99399
 20
-1.21758
 11
-5.99126
 21
-1.21956
  0
LINE
  8
0
 10
-5.99126
 20
-1.21956
 11
-5.9886
 21
-1.22166
  0
LINE
  8
0
 10
-5.9886
 20
-1.22166
 11
-5.98605
 21
-1.22386
  0
LINE
  8
0
 10
-5.98605
 20
-1.22386
 11
-5.98358
 21
-1.22618
  0
LINE
  8
0
 10
-5.98358
 20
-1.22618
 11
-5.98122
 21
-1.22859
  0
LINE
  8
0
 10
-5.98122
 20
-1.22859
 11
-5.97896
 21
-1.23111
  0
LINE
  8
0
 10
-5.97896
 20
-1.23111
 11
-5.97681
 21
-1.23372
  0
LINE
  8
0
 10
-5.97681
 20
-1.23372
 11
-5.97476
 21
-1.2364
  0
LINE
  8
0
 10
-5.97476
 20
-1.2364
 11
-5.97282
 21
-1.23918
  0
LINE
  8
0
 10
-5.97282
 20
-1.23918
 11
-5.97102
 21
-1.24203
  0
LINE
  8
0
 10
-5.97102
 20
-1.24203
 11
-5.96933
 21
-1.24496
  0
LINE
  8
0
 10
-5.96933
 20
-1.24496
 11
-5.96776
 21
-1.24796
  0
LINE
  8
0
 10
-5.96776
 20
-1.24796
 11
-5.96632
 21
-1.25102
  0
LINE
  8
0
 10
-5.96632
 20
-1.25102
 11
-5.96501
 21
-1.25414
  0
LINE
  8
0
 10
-5.96501
 20
-1.25414
 11
-5.96384
 21
-1.25731
  0
LINE
  8
0
 10
-5.96384
 20
-1.25731
 11
-5.96278
 21
-1.26051
  0
LINE
  8
0
 10
-5.96278
 20
-1.26051
 11
-5.96188
 21
-1.26378
  0
LINE
  8
0
 10
-5.96188
 20
-1.26378
 11
-5.96111
 21
-1.26706
  0
LINE
  8
0
 10
-5.96111
 20
-1.26706
 11
-5.96048
 21
-1.27039
  0
LINE
  8
0
 10
-5.96048
 20
-1.27039
 11
-5.95998
 21
-1.27373
  0
LINE
  8
0
 10
-5.95998
 20
-1.27373
 11
-5.95963
 21
-1.2771
  0
LINE
  8
0
 10
-5.95963
 20
-1.2771
 11
-5.95941
 21
-1.28047
  0
LINE
  8
0
 10
-5.95941
 20
-1.28047
 11
-5.95935
 21
-1.28384
  0
LINE
  8
0
 10
-5.95935
 20
-1.28384
 11
-5.95941
 21
-1.28723
  0
LINE
  8
0
 10
-5.95941
 20
-1.28723
 11
-5.95963
 21
-1.2906
  0
LINE
  8
0
 10
-5.95963
 20
-1.2906
 11
-5.95998
 21
-1.29396
  0
LINE
  8
0
 10
-5.95998
 20
-1.29396
 11
-5.96048
 21
-1.2973
  0
LINE
  8
0
 10
-5.96048
 20
-1.2973
 11
-5.96111
 21
-1.30063
  0
LINE
  8
0
 10
-5.96111
 20
-1.30063
 11
-5.96188
 21
-1.30392
  0
LINE
  8
0
 10
-5.96188
 20
-1.30392
 11
-5.96278
 21
-1.30717
  0
LINE
  8
0
 10
-5.96278
 20
-1.30717
 11
-5.96384
 21
-1.31039
  0
LINE
  8
0
 10
-5.96384
 20
-1.31039
 11
-5.96501
 21
-1.31355
  0
LINE
  8
0
 10
-5.96501
 20
-1.31355
 11
-5.96632
 21
-1.31668
  0
LINE
  8
0
 10
-5.96632
 20
-1.31668
 11
-5.96776
 21
-1.31973
  0
LINE
  8
0
 10
-5.96776
 20
-1.31973
 11
-5.96933
 21
-1.32272
  0
LINE
  8
0
 10
-5.96933
 20
-1.32272
 11
-5.97102
 21
-1.32565
  0
LINE
  8
0
 10
-5.97102
 20
-1.32565
 11
-5.97282
 21
-1.32851
  0
LINE
  8
0
 10
-5.97282
 20
-1.32851
 11
-5.97476
 21
-1.33128
  0
LINE
  8
0
 10
-5.97476
 20
-1.33128
 11
-5.97681
 21
-1.33398
  0
LINE
  8
0
 10
-5.97681
 20
-1.33398
 11
-5.97896
 21
-1.33658
  0
LINE
  8
0
 10
-5.97896
 20
-1.33658
 11
-5.98122
 21
-1.3391
  0
LINE
  8
0
 10
-5.98122
 20
-1.3391
 11
-5.98358
 21
-1.34151
  0
LINE
  8
0
 10
-5.98358
 20
-1.34151
 11
-5.98605
 21
-1.34383
  0
LINE
  8
0
 10
-5.98605
 20
-1.34383
 11
-5.9886
 21
-1.34604
  0
LINE
  8
0
 10
-5.9886
 20
-1.34604
 11
-5.99126
 21
-1.34813
  0
LINE
  8
0
 10
-5.99126
 20
-1.34813
 11
-5.99399
 21
-1.35013
  0
LINE
  8
0
 10
-5.99399
 20
-1.35013
 11
-5.99681
 21
-1.35199
  0
LINE
  8
0
 10
-5.99681
 20
-1.35199
 11
-5.99969
 21
-1.35374
  0
LINE
  8
0
 10
-5.99969
 20
-1.35374
 11
-6.00266
 21
-1.35538
  0
LINE
  8
0
 10
-6.00266
 20
-1.35538
 11
-6.00569
 21
-1.35687
  0
LINE
  8
0
 10
-6.00569
 20
-1.35687
 11
-6.00877
 21
-1.35825
  0
LINE
  8
0
 10
-6.00877
 20
-1.35825
 11
-6.01192
 21
-1.3595
  0
LINE
  8
0
 10
-6.01192
 20
-1.3595
 11
-6.01511
 21
-1.36061
  0
LINE
  8
0
 10
-6.01511
 20
-1.36061
 11
-6.01836
 21
-1.36159
  0
LINE
  8
0
 10
-6.01836
 20
-1.36159
 11
-6.02162
 21
-1.36243
  0
LINE
  8
0
 10
-6.02162
 20
-1.36243
 11
-6.02493
 21
-1.36313
  0
LINE
  8
0
 10
-6.02493
 20
-1.36313
 11
-6.02826
 21
-1.36369
  0
LINE
  8
0
 10
-6.02826
 20
-1.36369
 11
-6.03162
 21
-1.36412
  0
LINE
  8
0
 10
-6.03162
 20
-1.36412
 11
-6.03499
 21
-1.3644
  0
LINE
  8
0
 10
-6.03499
 20
-1.3644
 11
-6.03836
 21
-1.36453
  0
LINE
  8
0
 10
-6.03836
 20
-1.36453
 11
-6.04175
 21
-1.36453
  0
LINE
  8
0
 10
2.08913
 20
-1.9704
 11
2.08575
 21
-1.97018
  0
LINE
  8
0
 10
2.08575
 20
-1.97018
 11
2.0824
 21
-1.96983
  0
LINE
  8
0
 10
2.0824
 20
-1.96983
 11
2.07906
 21
-1.96933
  0
LINE
  8
0
 10
2.07906
 20
-1.96933
 11
2.07573
 21
-1.9687
  0
LINE
  8
0
 10
2.07573
 20
-1.9687
 11
2.07245
 21
-1.96793
  0
LINE
  8
0
 10
2.07245
 20
-1.96793
 11
2.06918
 21
-1.96703
  0
LINE
  8
0
 10
2.06918
 20
-1.96703
 11
2.06596
 21
-1.96597
  0
LINE
  8
0
 10
2.06596
 20
-1.96597
 11
2.06281
 21
-1.9648
  0
LINE
  8
0
 10
2.06281
 20
-1.9648
 11
2.05969
 21
-1.96349
  0
LINE
  8
0
 10
2.05969
 20
-1.96349
 11
2.05663
 21
-1.96205
  0
LINE
  8
0
 10
2.05663
 20
-1.96205
 11
2.05363
 21
-1.96048
  0
LINE
  8
0
 10
2.05363
 20
-1.96048
 11
2.0507
 21
-1.95879
  0
LINE
  8
0
 10
2.0507
 20
-1.95879
 11
2.04785
 21
-1.95699
  0
LINE
  8
0
 10
2.04785
 20
-1.95699
 11
2.04507
 21
-1.95505
  0
LINE
  8
0
 10
2.04507
 20
-1.95505
 11
2.04237
 21
-1.953
  0
LINE
  8
0
 10
2.04237
 20
-1.953
 11
2.03978
 21
-1.95085
  0
LINE
  8
0
 10
2.03978
 20
-1.95085
 11
2.03726
 21
-1.94859
  0
LINE
  8
0
 10
2.03726
 20
-1.94859
 11
2.03485
 21
-1.94623
  0
LINE
  8
0
 10
2.03485
 20
-1.94623
 11
2.03253
 21
-1.94376
  0
LINE
  8
0
 10
2.03253
 20
-1.94376
 11
2.03032
 21
-1.94121
  0
LINE
  8
0
 10
2.03032
 20
-1.94121
 11
2.02823
 21
-1.93855
  0
LINE
  8
0
 10
2.02823
 20
-1.93855
 11
2.02625
 21
-1.93582
  0
LINE
  8
0
 10
2.02625
 20
-1.93582
 11
2.02437
 21
-1.933
  0
LINE
  8
0
 10
2.02437
 20
-1.933
 11
2.02261
 21
-1.93011
  0
LINE
  8
0
 10
2.02261
 20
-1.93011
 11
2.021
 21
-1.92715
  0
LINE
  8
0
 10
2.021
 20
-1.92715
 11
2.01949
 21
-1.92412
  0
LINE
  8
0
 10
2.01949
 20
-1.92412
 11
2.01811
 21
-1.92104
  0
LINE
  8
0
 10
2.01811
 20
-1.92104
 11
2.01686
 21
-1.91789
  0
LINE
  8
0
 10
2.01686
 20
-1.91789
 11
2.01575
 21
-1.9147
  0
LINE
  8
0
 10
2.01575
 20
-1.9147
 11
2.01477
 21
-1.91145
  0
LINE
  8
0
 10
2.01477
 20
-1.91145
 11
2.01393
 21
-1.90819
  0
LINE
  8
0
 10
2.01393
 20
-1.90819
 11
2.01323
 21
-1.90488
  0
LINE
  8
0
 10
2.01323
 20
-1.90488
 11
2.01266
 21
-1.90155
  0
LINE
  8
0
 10
2.01266
 20
-1.90155
 11
2.01225
 21
-1.89819
  0
LINE
  8
0
 10
2.01225
 20
-1.89819
 11
2.01196
 21
-1.89482
  0
LINE
  8
0
 10
2.01196
 20
-1.89482
 11
2.01183
 21
-1.89145
  0
LINE
  8
0
 10
2.01183
 20
-1.89145
 11
2.01183
 21
-1.88806
  0
LINE
  8
0
 10
2.01183
 20
-1.88806
 11
2.01196
 21
-1.88469
  0
LINE
  8
0
 10
2.01196
 20
-1.88469
 11
2.01225
 21
-1.88132
  0
LINE
  8
0
 10
2.01225
 20
-1.88132
 11
2.01266
 21
-1.87796
  0
LINE
  8
0
 10
2.01266
 20
-1.87796
 11
2.01323
 21
-1.87463
  0
LINE
  8
0
 10
2.01323
 20
-1.87463
 11
2.01393
 21
-1.87132
  0
LINE
  8
0
 10
2.01393
 20
-1.87132
 11
2.01477
 21
-1.86806
  0
LINE
  8
0
 10
2.01477
 20
-1.86806
 11
2.01575
 21
-1.86482
  0
LINE
  8
0
 10
2.01575
 20
-1.86482
 11
2.01686
 21
-1.86162
  0
LINE
  8
0
 10
2.01686
 20
-1.86162
 11
2.01811
 21
-1.85847
  0
LINE
  8
0
 10
2.01811
 20
-1.85847
 11
2.01949
 21
-1.85539
  0
LINE
  8
0
 10
2.01949
 20
-1.85539
 11
2.021
 21
-1.85237
  0
LINE
  8
0
 10
2.021
 20
-1.85237
 11
2.02261
 21
-1.8494
  0
LINE
  8
0
 10
2.02261
 20
-1.8494
 11
2.02437
 21
-1.84651
  0
LINE
  8
0
 10
2.02437
 20
-1.84651
 11
2.02625
 21
-1.84369
  0
LINE
  8
0
 10
2.02625
 20
-1.84369
 11
2.02823
 21
-1.84096
  0
LINE
  8
0
 10
2.02823
 20
-1.84096
 11
2.03032
 21
-1.83832
  0
LINE
  8
0
 10
2.03032
 20
-1.83832
 11
2.03253
 21
-1.83575
  0
LINE
  8
0
 10
2.03253
 20
-1.83575
 11
2.03485
 21
-1.83328
  0
LINE
  8
0
 10
2.03485
 20
-1.83328
 11
2.03726
 21
-1.83092
  0
LINE
  8
0
 10
2.03726
 20
-1.83092
 11
2.03978
 21
-1.82866
  0
LINE
  8
0
 10
2.03978
 20
-1.82866
 11
2.04237
 21
-1.82651
  0
LINE
  8
0
 10
2.04237
 20
-1.82651
 11
2.04507
 21
-1.82446
  0
LINE
  8
0
 10
2.04507
 20
-1.82446
 11
2.04785
 21
-1.82253
  0
LINE
  8
0
 10
2.04785
 20
-1.82253
 11
2.0507
 21
-1.82072
  0
LINE
  8
0
 10
2.0507
 20
-1.82072
 11
2.05363
 21
-1.81903
  0
LINE
  8
0
 10
2.05363
 20
-1.81903
 11
2.05663
 21
-1.81746
  0
LINE
  8
0
 10
2.05663
 20
-1.81746
 11
2.05969
 21
-1.81602
  0
LINE
  8
0
 10
2.05969
 20
-1.81602
 11
2.06281
 21
-1.81471
  0
LINE
  8
0
 10
2.06281
 20
-1.81471
 11
2.06596
 21
-1.81354
  0
LINE
  8
0
 10
2.06596
 20
-1.81354
 11
2.06918
 21
-1.81248
  0
LINE
  8
0
 10
2.06918
 20
-1.81248
 11
2.07245
 21
-1.81158
  0
LINE
  8
0
 10
2.07245
 20
-1.81158
 11
2.07573
 21
-1.81081
  0
LINE
  8
0
 10
2.07573
 20
-1.81081
 11
2.07906
 21
-1.81018
  0
LINE
  8
0
 10
2.07906
 20
-1.81018
 11
2.0824
 21
-1.80968
  0
LINE
  8
0
 10
2.0824
 20
-1.80968
 11
2.08575
 21
-1.80933
  0
LINE
  8
0
 10
2.08575
 20
-1.80933
 11
2.08913
 21
-1.80911
  0
LINE
  8
0
 10
2.08913
 20
-1.80911
 11
2.09251
 21
-1.80905
  0
LINE
  8
0
 10
2.09251
 20
-1.80905
 11
2.09589
 21
-1.80911
  0
LINE
  8
0
 10
2.09589
 20
-1.80911
 11
2.09926
 21
-1.80933
  0
LINE
  8
0
 10
2.09926
 20
-1.80933
 11
2.10263
 21
-1.80968
  0
LINE
  8
0
 10
2.10263
 20
-1.80968
 11
2.10597
 21
-1.81018
  0
LINE
  8
0
 10
2.10597
 20
-1.81018
 11
2.1093
 21
-1.81081
  0
LINE
  8
0
 10
2.1093
 20
-1.81081
 11
2.11258
 21
-1.81158
  0
LINE
  8
0
 10
2.11258
 20
-1.81158
 11
2.11584
 21
-1.81248
  0
LINE
  8
0
 10
2.11584
 20
-1.81248
 11
2.11905
 21
-1.81354
  0
LINE
  8
0
 10
2.11905
 20
-1.81354
 11
2.12222
 21
-1.81471
  0
LINE
  8
0
 10
2.12222
 20
-1.81471
 11
2.12534
 21
-1.81602
  0
LINE
  8
0
 10
2.12534
 20
-1.81602
 11
2.1284
 21
-1.81746
  0
LINE
  8
0
 10
2.1284
 20
-1.81746
 11
2.13139
 21
-1.81903
  0
LINE
  8
0
 10
2.13139
 20
-1.81903
 11
2.13432
 21
-1.82072
  0
LINE
  8
0
 10
2.13432
 20
-1.82072
 11
2.13718
 21
-1.82253
  0
LINE
  8
0
 10
2.13718
 20
-1.82253
 11
2.13995
 21
-1.82446
  0
LINE
  8
0
 10
2.13995
 20
-1.82446
 11
2.14264
 21
-1.82651
  0
LINE
  8
0
 10
2.14264
 20
-1.82651
 11
2.14525
 21
-1.82866
  0
LINE
  8
0
 10
2.14525
 20
-1.82866
 11
2.14777
 21
-1.83092
  0
LINE
  8
0
 10
2.14777
 20
-1.83092
 11
2.15018
 21
-1.83328
  0
LINE
  8
0
 10
2.15018
 20
-1.83328
 11
2.1525
 21
-1.83575
  0
LINE
  8
0
 10
2.1525
 20
-1.83575
 11
2.15469
 21
-1.83832
  0
LINE
  8
0
 10
2.15469
 20
-1.83832
 11
2.1568
 21
-1.84096
  0
LINE
  8
0
 10
2.1568
 20
-1.84096
 11
2.15878
 21
-1.84369
  0
LINE
  8
0
 10
2.15878
 20
-1.84369
 11
2.16066
 21
-1.84651
  0
LINE
  8
0
 10
2.16066
 20
-1.84651
 11
2.16241
 21
-1.8494
  0
LINE
  8
0
 10
2.16241
 20
-1.8494
 11
2.16403
 21
-1.85237
  0
LINE
  8
0
 10
2.16403
 20
-1.85237
 11
2.16554
 21
-1.85539
  0
LINE
  8
0
 10
2.16554
 20
-1.85539
 11
2.16692
 21
-1.85847
  0
LINE
  8
0
 10
2.16692
 20
-1.85847
 11
2.16815
 21
-1.86162
  0
LINE
  8
0
 10
2.16815
 20
-1.86162
 11
2.16927
 21
-1.86482
  0
LINE
  8
0
 10
2.16927
 20
-1.86482
 11
2.17024
 21
-1.86806
  0
LINE
  8
0
 10
2.17024
 20
-1.86806
 11
2.17108
 21
-1.87132
  0
LINE
  8
0
 10
2.17108
 20
-1.87132
 11
2.1718
 21
-1.87463
  0
LINE
  8
0
 10
2.1718
 20
-1.87463
 11
2.17235
 21
-1.87796
  0
LINE
  8
0
 10
2.17235
 20
-1.87796
 11
2.17278
 21
-1.88132
  0
LINE
  8
0
 10
2.17278
 20
-1.88132
 11
2.17307
 21
-1.88469
  0
LINE
  8
0
 10
2.17307
 20
-1.88469
 11
2.1732
 21
-1.88806
  0
LINE
  8
0
 10
2.1732
 20
-1.88806
 11
2.1732
 21
-1.89145
  0
LINE
  8
0
 10
2.1732
 20
-1.89145
 11
2.17307
 21
-1.89482
  0
LINE
  8
0
 10
2.17307
 20
-1.89482
 11
2.17278
 21
-1.89819
  0
LINE
  8
0
 10
2.17278
 20
-1.89819
 11
2.17235
 21
-1.90155
  0
LINE
  8
0
 10
2.17235
 20
-1.90155
 11
2.1718
 21
-1.90488
  0
LINE
  8
0
 10
2.1718
 20
-1.90488
 11
2.17108
 21
-1.90819
  0
LINE
  8
0
 10
2.17108
 20
-1.90819
 11
2.17024
 21
-1.91145
  0
LINE
  8
0
 10
2.17024
 20
-1.91145
 11
2.16927
 21
-1.9147
  0
LINE
  8
0
 10
2.16927
 20
-1.9147
 11
2.16815
 21
-1.91789
  0
LINE
  8
0
 10
2.16815
 20
-1.91789
 11
2.16692
 21
-1.92104
  0
LINE
  8
0
 10
2.16692
 20
-1.92104
 11
2.16554
 21
-1.92412
  0
LINE
  8
0
 10
2.16554
 20
-1.92412
 11
2.16403
 21
-1.92715
  0
LINE
  8
0
 10
2.16403
 20
-1.92715
 11
2.16241
 21
-1.93011
  0
LINE
  8
0
 10
2.16241
 20
-1.93011
 11
2.16066
 21
-1.933
  0
LINE
  8
0
 10
2.16066
 20
-1.933
 11
2.15878
 21
-1.93582
  0
LINE
  8
0
 10
2.15878
 20
-1.93582
 11
2.1568
 21
-1.93855
  0
LINE
  8
0
 10
2.1568
 20
-1.93855
 11
2.15469
 21
-1.94121
  0
LINE
  8
0
 10
2.15469
 20
-1.94121
 11
2.1525
 21
-1.94376
  0
LINE
  8
0
 10
2.1525
 20
-1.94376
 11
2.15018
 21
-1.94623
  0
LINE
  8
0
 10
2.15018
 20
-1.94623
 11
2.14777
 21
-1.94859
  0
LINE
  8
0
 10
2.14777
 20
-1.94859
 11
2.14525
 21
-1.95085
  0
LINE
  8
0
 10
2.14525
 20
-1.95085
 11
2.14264
 21
-1.953
  0
LINE
  8
0
 10
2.14264
 20
-1.953
 11
2.13995
 21
-1.95505
  0
LINE
  8
0
 10
2.13995
 20
-1.95505
 11
2.13718
 21
-1.95699
  0
LINE
  8
0
 10
2.13718
 20
-1.95699
 11
2.13432
 21
-1.95879
  0
LINE
  8
0
 10
2.13432
 20
-1.95879
 11
2.13139
 21
-1.96048
  0
LINE
  8
0
 10
2.13139
 20
-1.96048
 11
2.1284
 21
-1.96205
  0
LINE
  8
0
 10
2.1284
 20
-1.96205
 11
2.12534
 21
-1.96349
  0
LINE
  8
0
 10
2.12534
 20
-1.96349
 11
2.12222
 21
-1.9648
  0
LINE
  8
0
 10
2.12222
 20
-1.9648
 11
2.11905
 21
-1.96597
  0
LINE
  8
0
 10
2.11905
 20
-1.96597
 11
2.11584
 21
-1.96703
  0
LINE
  8
0
 10
2.11584
 20
-1.96703
 11
2.11258
 21
-1.96793
  0
LINE
  8
0
 10
2.11258
 20
-1.96793
 11
2.1093
 21
-1.9687
  0
LINE
  8
0
 10
2.1093
 20
-1.9687
 11
2.10597
 21
-1.96933
  0
LINE
  8
0
 10
2.10597
 20
-1.96933
 11
2.10263
 21
-1.96983
  0
LINE
  8
0
 10
2.10263
 20
-1.96983
 11
2.09926
 21
-1.97018
  0
LINE
  8
0
 10
2.09926
 20
-1.97018
 11
2.09589
 21
-1.9704
  0
LINE
  8
0
 10
2.09589
 20
-1.9704
 11
2.09251
 21
-1.97046
  0
LINE
  8
0
 10
2.09251
 20
-1.97046
 11
2.08913
 21
-1.9704
  0
LINE
  8
0
 10
-5.64282
 20
-2.59229
 11
-5.64621
 21
-2.59215
  0
LINE
  8
0
 10
-5.64621
 20
-2.59215
 11
-5.64957
 21
-2.59186
  0
LINE
  8
0
 10
-5.64957
 20
-2.59186
 11
-5.65292
 21
-2.59143
  0
LINE
  8
0
 10
-5.65292
 20
-2.59143
 11
-5.65627
 21
-2.59087
  0
LINE
  8
0
 10
-5.65627
 20
-2.59087
 11
-5.65956
 21
-2.59016
  0
LINE
  8
0
 10
-5.65956
 20
-2.59016
 11
-5.66284
 21
-2.58932
  0
LINE
  8
0
 10
-5.66284
 20
-2.58932
 11
-5.66608
 21
-2.58835
  0
LINE
  8
0
 10
-5.66608
 20
-2.58835
 11
-5.66927
 21
-2.58723
  0
LINE
  8
0
 10
-5.66927
 20
-2.58723
 11
-5.67241
 21
-2.586
  0
LINE
  8
0
 10
-5.67241
 20
-2.586
 11
-5.67551
 21
-2.58463
  0
LINE
  8
0
 10
-5.67551
 20
-2.58463
 11
-5.67853
 21
-2.58311
  0
LINE
  8
0
 10
-5.67853
 20
-2.58311
 11
-5.68149
 21
-2.58148
  0
LINE
  8
0
 10
-5.68149
 20
-2.58148
 11
-5.68439
 21
-2.57974
  0
LINE
  8
0
 10
-5.68439
 20
-2.57974
 11
-5.68719
 21
-2.57787
  0
LINE
  8
0
 10
-5.68719
 20
-2.57787
 11
-5.68993
 21
-2.57588
  0
LINE
  8
0
 10
-5.68993
 20
-2.57588
 11
-5.69258
 21
-2.57378
  0
LINE
  8
0
 10
-5.69258
 20
-2.57378
 11
-5.69514
 21
-2.57156
  0
LINE
  8
0
 10
-5.69514
 20
-2.57156
 11
-5.6976
 21
-2.56926
  0
LINE
  8
0
 10
-5.6976
 20
-2.56926
 11
-5.69997
 21
-2.56683
  0
LINE
  8
0
 10
-5.69997
 20
-2.56683
 11
-5.70222
 21
-2.56433
  0
LINE
  8
0
 10
-5.70222
 20
-2.56433
 11
-5.70439
 21
-2.56172
  0
LINE
  8
0
 10
-5.70439
 20
-2.56172
 11
-5.70644
 21
-2.55904
  0
LINE
  8
0
 10
-5.70644
 20
-2.55904
 11
-5.70836
 21
-2.55626
  0
LINE
  8
0
 10
-5.70836
 20
-2.55626
 11
-5.71017
 21
-2.55341
  0
LINE
  8
0
 10
-5.71017
 20
-2.55341
 11
-5.71187
 21
-2.55048
  0
LINE
  8
0
 10
-5.71187
 20
-2.55048
 11
-5.71342
 21
-2.54747
  0
LINE
  8
0
 10
-5.71342
 20
-2.54747
 11
-5.71487
 21
-2.54442
  0
LINE
  8
0
 10
-5.71487
 20
-2.54442
 11
-5.71617
 21
-2.54131
  0
LINE
  8
0
 10
-5.71617
 20
-2.54131
 11
-5.71736
 21
-2.53813
  0
LINE
  8
0
 10
-5.71736
 20
-2.53813
 11
-5.7184
 21
-2.53491
  0
LINE
  8
0
 10
-5.7184
 20
-2.53491
 11
-5.71931
 21
-2.53166
  0
LINE
  8
0
 10
-5.71931
 20
-2.53166
 11
-5.72008
 21
-2.52837
  0
LINE
  8
0
 10
-5.72008
 20
-2.52837
 11
-5.72072
 21
-2.52505
  0
LINE
  8
0
 10
-5.72072
 20
-2.52505
 11
-5.72121
 21
-2.52171
  0
LINE
  8
0
 10
-5.72121
 20
-2.52171
 11
-5.72156
 21
-2.51834
  0
LINE
  8
0
 10
-5.72156
 20
-2.51834
 11
-5.72177
 21
-2.51497
  0
LINE
  8
0
 10
-5.72177
 20
-2.51497
 11
-5.72185
 21
-2.5116
  0
LINE
  8
0
 10
-5.72185
 20
-2.5116
 11
-5.72177
 21
-2.50821
  0
LINE
  8
0
 10
-5.72177
 20
-2.50821
 11
-5.72156
 21
-2.50484
  0
LINE
  8
0
 10
-5.72156
 20
-2.50484
 11
-5.72121
 21
-2.50148
  0
LINE
  8
0
 10
-5.72121
 20
-2.50148
 11
-5.72072
 21
-2.49814
  0
LINE
  8
0
 10
-5.72072
 20
-2.49814
 11
-5.72008
 21
-2.49481
  0
LINE
  8
0
 10
-5.72008
 20
-2.49481
 11
-5.71931
 21
-2.49152
  0
LINE
  8
0
 10
-5.71931
 20
-2.49152
 11
-5.7184
 21
-2.48827
  0
LINE
  8
0
 10
-5.7184
 20
-2.48827
 11
-5.71736
 21
-2.48505
  0
LINE
  8
0
 10
-5.71736
 20
-2.48505
 11
-5.71617
 21
-2.48189
  0
LINE
  8
0
 10
-5.71617
 20
-2.48189
 11
-5.71487
 21
-2.47876
  0
LINE
  8
0
 10
-5.71487
 20
-2.47876
 11
-5.71342
 21
-2.47571
  0
LINE
  8
0
 10
-5.71342
 20
-2.47571
 11
-5.71187
 21
-2.4727
  0
LINE
  8
0
 10
-5.71187
 20
-2.4727
 11
-5.71017
 21
-2.46979
  0
LINE
  8
0
 10
-5.71017
 20
-2.46979
 11
-5.70836
 21
-2.46693
  0
LINE
  8
0
 10
-5.70836
 20
-2.46693
 11
-5.70644
 21
-2.46416
  0
LINE
  8
0
 10
-5.70644
 20
-2.46416
 11
-5.70439
 21
-2.46146
  0
LINE
  8
0
 10
-5.70439
 20
-2.46146
 11
-5.70222
 21
-2.45885
  0
LINE
  8
0
 10
-5.70222
 20
-2.45885
 11
-5.69997
 21
-2.45634
  0
LINE
  8
0
 10
-5.69997
 20
-2.45634
 11
-5.6976
 21
-2.45393
  0
LINE
  8
0
 10
-5.6976
 20
-2.45393
 11
-5.69514
 21
-2.45161
  0
LINE
  8
0
 10
-5.69514
 20
-2.45161
 11
-5.69258
 21
-2.4494
  0
LINE
  8
0
 10
-5.69258
 20
-2.4494
 11
-5.68993
 21
-2.44731
  0
LINE
  8
0
 10
-5.68993
 20
-2.44731
 11
-5.68719
 21
-2.44531
  0
LINE
  8
0
 10
-5.68719
 20
-2.44531
 11
-5.68439
 21
-2.44345
  0
LINE
  8
0
 10
-5.68439
 20
-2.44345
 11
-5.68149
 21
-2.4417
  0
LINE
  8
0
 10
-5.68149
 20
-2.4417
 11
-5.67853
 21
-2.44006
  0
LINE
  8
0
 10
-5.67853
 20
-2.44006
 11
-5.67551
 21
-2.43857
  0
LINE
  8
0
 10
-5.67551
 20
-2.43857
 11
-5.67241
 21
-2.43719
  0
LINE
  8
0
 10
-5.67241
 20
-2.43719
 11
-5.66927
 21
-2.43594
  0
LINE
  8
0
 10
-5.66927
 20
-2.43594
 11
-5.66608
 21
-2.43483
  0
LINE
  8
0
 10
-5.66608
 20
-2.43483
 11
-5.66284
 21
-2.43385
  0
LINE
  8
0
 10
-5.66284
 20
-2.43385
 11
-5.65956
 21
-2.43301
  0
LINE
  8
0
 10
-5.65956
 20
-2.43301
 11
-5.65627
 21
-2.43231
  0
LINE
  8
0
 10
-5.65627
 20
-2.43231
 11
-5.65292
 21
-2.43175
  0
LINE
  8
0
 10
-5.65292
 20
-2.43175
 11
-5.64957
 21
-2.43132
  0
LINE
  8
0
 10
-5.64957
 20
-2.43132
 11
-5.64621
 21
-2.43105
  0
LINE
  8
0
 10
-5.64621
 20
-2.43105
 11
-5.64282
 21
-2.43089
  0
LINE
  8
0
 10
-5.64282
 20
-2.43089
 11
-5.63945
 21
-2.43089
  0
LINE
  8
0
 10
-5.63945
 20
-2.43089
 11
-5.63606
 21
-2.43105
  0
LINE
  8
0
 10
-5.63606
 20
-2.43105
 11
-5.63271
 21
-2.43132
  0
LINE
  8
0
 10
-5.63271
 20
-2.43132
 11
-5.62935
 21
-2.43175
  0
LINE
  8
0
 10
-5.62935
 20
-2.43175
 11
-5.62601
 21
-2.43231
  0
LINE
  8
0
 10
-5.62601
 20
-2.43231
 11
-5.62271
 21
-2.43301
  0
LINE
  8
0
 10
-5.62271
 20
-2.43301
 11
-5.61943
 21
-2.43385
  0
LINE
  8
0
 10
-5.61943
 20
-2.43385
 11
-5.6162
 21
-2.43483
  0
LINE
  8
0
 10
-5.6162
 20
-2.43483
 11
-5.61301
 21
-2.43594
  0
LINE
  8
0
 10
-5.61301
 20
-2.43594
 11
-5.60986
 21
-2.43719
  0
LINE
  8
0
 10
-5.60986
 20
-2.43719
 11
-5.60677
 21
-2.43857
  0
LINE
  8
0
 10
-5.60677
 20
-2.43857
 11
-5.60374
 21
-2.44006
  0
LINE
  8
0
 10
-5.60374
 20
-2.44006
 11
-5.60078
 21
-2.4417
  0
LINE
  8
0
 10
-5.60078
 20
-2.4417
 11
-5.59789
 21
-2.44345
  0
LINE
  8
0
 10
-5.59789
 20
-2.44345
 11
-5.59508
 21
-2.44531
  0
LINE
  8
0
 10
-5.59508
 20
-2.44531
 11
-5.59235
 21
-2.44731
  0
LINE
  8
0
 10
-5.59235
 20
-2.44731
 11
-5.58969
 21
-2.4494
  0
LINE
  8
0
 10
-5.58969
 20
-2.4494
 11
-5.58713
 21
-2.45161
  0
LINE
  8
0
 10
-5.58713
 20
-2.45161
 11
-5.58467
 21
-2.45393
  0
LINE
  8
0
 10
-5.58467
 20
-2.45393
 11
-5.58231
 21
-2.45634
  0
LINE
  8
0
 10
-5.58231
 20
-2.45634
 11
-5.58003
 21
-2.45885
  0
LINE
  8
0
 10
-5.58003
 20
-2.45885
 11
-5.57788
 21
-2.46146
  0
LINE
  8
0
 10
-5.57788
 20
-2.46146
 11
-5.57584
 21
-2.46416
  0
LINE
  8
0
 10
-5.57584
 20
-2.46416
 11
-5.57391
 21
-2.46693
  0
LINE
  8
0
 10
-5.57391
 20
-2.46693
 11
-5.5721
 21
-2.46979
  0
LINE
  8
0
 10
-5.5721
 20
-2.46979
 11
-5.5704
 21
-2.4727
  0
LINE
  8
0
 10
-5.5704
 20
-2.4727
 11
-5.56885
 21
-2.47571
  0
LINE
  8
0
 10
-5.56885
 20
-2.47571
 11
-5.5674
 21
-2.47876
  0
LINE
  8
0
 10
-5.5674
 20
-2.47876
 11
-5.5661
 21
-2.48189
  0
LINE
  8
0
 10
-5.5661
 20
-2.48189
 11
-5.56491
 21
-2.48505
  0
LINE
  8
0
 10
-5.56491
 20
-2.48505
 11
-5.56387
 21
-2.48827
  0
LINE
  8
0
 10
-5.56387
 20
-2.48827
 11
-5.56296
 21
-2.49152
  0
LINE
  8
0
 10
-5.56296
 20
-2.49152
 11
-5.56219
 21
-2.49481
  0
LINE
  8
0
 10
-5.56219
 20
-2.49481
 11
-5.56155
 21
-2.49814
  0
LINE
  8
0
 10
-5.56155
 20
-2.49814
 11
-5.56107
 21
-2.50148
  0
LINE
  8
0
 10
-5.56107
 20
-2.50148
 11
-5.56071
 21
-2.50484
  0
LINE
  8
0
 10
-5.56071
 20
-2.50484
 11
-5.5605
 21
-2.50821
  0
LINE
  8
0
 10
-5.5605
 20
-2.50821
 11
-5.56042
 21
-2.5116
  0
LINE
  8
0
 10
-5.56042
 20
-2.5116
 11
-5.5605
 21
-2.51497
  0
LINE
  8
0
 10
-5.5605
 20
-2.51497
 11
-5.56071
 21
-2.51834
  0
LINE
  8
0
 10
-5.56071
 20
-2.51834
 11
-5.56107
 21
-2.52171
  0
LINE
  8
0
 10
-5.56107
 20
-2.52171
 11
-5.56155
 21
-2.52505
  0
LINE
  8
0
 10
-5.56155
 20
-2.52505
 11
-5.56219
 21
-2.52837
  0
LINE
  8
0
 10
-5.56219
 20
-2.52837
 11
-5.56296
 21
-2.53166
  0
LINE
  8
0
 10
-5.56296
 20
-2.53166
 11
-5.56387
 21
-2.53491
  0
LINE
  8
0
 10
-5.56387
 20
-2.53491
 11
-5.56491
 21
-2.53813
  0
LINE
  8
0
 10
-5.56491
 20
-2.53813
 11
-5.5661
 21
-2.54131
  0
LINE
  8
0
 10
-5.5661
 20
-2.54131
 11
-5.5674
 21
-2.54442
  0
LINE
  8
0
 10
-5.5674
 20
-2.54442
 11
-5.56885
 21
-2.54747
  0
LINE
  8
0
 10
-5.56885
 20
-2.54747
 11
-5.5704
 21
-2.55048
  0
LINE
  8
0
 10
-5.5704
 20
-2.55048
 11
-5.5721
 21
-2.55341
  0
LINE
  8
0
 10
-5.5721
 20
-2.55341
 11
-5.57391
 21
-2.55626
  0
LINE
  8
0
 10
-5.57391
 20
-2.55626
 11
-5.57584
 21
-2.55904
  0
LINE
  8
0
 10
-5.57584
 20
-2.55904
 11
-5.57788
 21
-2.56172
  0
LINE
  8
0
 10
-5.57788
 20
-2.56172
 11
-5.58003
 21
-2.56433
  0
LINE
  8
0
 10
-5.58003
 20
-2.56433
 11
-5.58231
 21
-2.56683
  0
LINE
  8
0
 10
-5.58231
 20
-2.56683
 11
-5.58467
 21
-2.56926
  0
LINE
  8
0
 10
-5.58467
 20
-2.56926
 11
-5.58713
 21
-2.57156
  0
LINE
  8
0
 10
-5.58713
 20
-2.57156
 11
-5.58969
 21
-2.57378
  0
LINE
  8
0
 10
-5.58969
 20
-2.57378
 11
-5.59235
 21
-2.57588
  0
LINE
  8
0
 10
-5.59235
 20
-2.57588
 11
-5.59508
 21
-2.57787
  0
LINE
  8
0
 10
-5.59508
 20
-2.57787
 11
-5.59789
 21
-2.57974
  0
LINE
  8
0
 10
-5.59789
 20
-2.57974
 11
-5.60078
 21
-2.58148
  0
LINE
  8
0
 10
-5.60078
 20
-2.58148
 11
-5.60374
 21
-2.58311
  0
LINE
  8
0
 10
-5.60374
 20
-2.58311
 11
-5.60677
 21
-2.58463
  0
LINE
  8
0
 10
-5.60677
 20
-2.58463
 11
-5.60986
 21
-2.586
  0
LINE
  8
0
 10
-5.60986
 20
-2.586
 11
-5.61301
 21
-2.58723
  0
LINE
  8
0
 10
-5.61301
 20
-2.58723
 11
-5.6162
 21
-2.58835
  0
LINE
  8
0
 10
-5.6162
 20
-2.58835
 11
-5.61943
 21
-2.58932
  0
LINE
  8
0
 10
-5.61943
 20
-2.58932
 11
-5.62271
 21
-2.59016
  0
LINE
  8
0
 10
-5.62271
 20
-2.59016
 11
-5.62601
 21
-2.59087
  0
LINE
  8
0
 10
-5.62601
 20
-2.59087
 11
-5.62935
 21
-2.59143
  0
LINE
  8
0
 10
-5.62935
 20
-2.59143
 11
-5.63271
 21
-2.59186
  0
LINE
  8
0
 10
-5.63271
 20
-2.59186
 11
-5.63606
 21
-2.59215
  0
LINE
  8
0
 10
-5.63606
 20
-2.59215
 11
-5.63945
 21
-2.59229
  0
LINE
  8
0
 10
-5.63945
 20
-2.59229
 11
-5.64282
 21
-2.59229
  0
LINE
  8
0
 10
2.08913
 20
-2.60031
 11
2.08575
 21
-2.6001
  0
LINE
  8
0
 10
2.08575
 20
-2.6001
 11
2.0824
 21
-2.59975
  0
LINE
  8
0
 10
2.0824
 20
-2.59975
 11
2.07906
 21
-2.59926
  0
LINE
  8
0
 10
2.07906
 20
-2.59926
 11
2.07573
 21
-2.59862
  0
LINE
  8
0
 10
2.07573
 20
-2.59862
 11
2.07245
 21
-2.59785
  0
LINE
  8
0
 10
2.07245
 20
-2.59785
 11
2.06918
 21
-2.59694
  0
LINE
  8
0
 10
2.06918
 20
-2.59694
 11
2.06596
 21
-2.5959
  0
LINE
  8
0
 10
2.06596
 20
-2.5959
 11
2.06281
 21
-2.59471
  0
LINE
  8
0
 10
2.06281
 20
-2.59471
 11
2.05969
 21
-2.59341
  0
LINE
  8
0
 10
2.05969
 20
-2.59341
 11
2.05663
 21
-2.59196
  0
LINE
  8
0
 10
2.05663
 20
-2.59196
 11
2.05363
 21
-2.59041
  0
LINE
  8
0
 10
2.05363
 20
-2.59041
 11
2.0507
 21
-2.58871
  0
LINE
  8
0
 10
2.0507
 20
-2.58871
 11
2.04785
 21
-2.5869
  0
LINE
  8
0
 10
2.04785
 20
-2.5869
 11
2.04507
 21
-2.58498
  0
LINE
  8
0
 10
2.04507
 20
-2.58498
 11
2.04237
 21
-2.58293
  0
LINE
  8
0
 10
2.04237
 20
-2.58293
 11
2.03978
 21
-2.58078
  0
LINE
  8
0
 10
2.03978
 20
-2.58078
 11
2.03726
 21
-2.57851
  0
LINE
  8
0
 10
2.03726
 20
-2.57851
 11
2.03485
 21
-2.57614
  0
LINE
  8
0
 10
2.03485
 20
-2.57614
 11
2.03253
 21
-2.57368
  0
LINE
  8
0
 10
2.03253
 20
-2.57368
 11
2.03032
 21
-2.57112
  0
LINE
  8
0
 10
2.03032
 20
-2.57112
 11
2.02823
 21
-2.56848
  0
LINE
  8
0
 10
2.02823
 20
-2.56848
 11
2.02625
 21
-2.56573
  0
LINE
  8
0
 10
2.02625
 20
-2.56573
 11
2.02437
 21
-2.56293
  0
LINE
  8
0
 10
2.02437
 20
-2.56293
 11
2.02261
 21
-2.56003
  0
LINE
  8
0
 10
2.02261
 20
-2.56003
 11
2.021
 21
-2.55707
  0
LINE
  8
0
 10
2.021
 20
-2.55707
 11
2.01949
 21
-2.55405
  0
LINE
  8
0
 10
2.01949
 20
-2.55405
 11
2.01811
 21
-2.55095
  0
LINE
  8
0
 10
2.01811
 20
-2.55095
 11
2.01686
 21
-2.54781
  0
LINE
  8
0
 10
2.01686
 20
-2.54781
 11
2.01575
 21
-2.54462
  0
LINE
  8
0
 10
2.01575
 20
-2.54462
 11
2.01477
 21
-2.54138
  0
LINE
  8
0
 10
2.01477
 20
-2.54138
 11
2.01393
 21
-2.5381
  0
LINE
  8
0
 10
2.01393
 20
-2.5381
 11
2.01323
 21
-2.53481
  0
LINE
  8
0
 10
2.01323
 20
-2.53481
 11
2.01266
 21
-2.53146
  0
LINE
  8
0
 10
2.01266
 20
-2.53146
 11
2.01225
 21
-2.52811
  0
LINE
  8
0
 10
2.01225
 20
-2.52811
 11
2.01196
 21
-2.52475
  0
LINE
  8
0
 10
2.01196
 20
-2.52475
 11
2.01183
 21
-2.52136
  0
LINE
  8
0
 10
2.01183
 20
-2.52136
 11
2.01183
 21
-2.51799
  0
LINE
  8
0
 10
2.01183
 20
-2.51799
 11
2.01196
 21
-2.5146
  0
LINE
  8
0
 10
2.01196
 20
-2.5146
 11
2.01225
 21
-2.51125
  0
LINE
  8
0
 10
2.01225
 20
-2.51125
 11
2.01266
 21
-2.50789
  0
LINE
  8
0
 10
2.01266
 20
-2.50789
 11
2.01323
 21
-2.50455
  0
LINE
  8
0
 10
2.01323
 20
-2.50455
 11
2.01393
 21
-2.50125
  0
LINE
  8
0
 10
2.01393
 20
-2.50125
 11
2.01477
 21
-2.49797
  0
LINE
  8
0
 10
2.01477
 20
-2.49797
 11
2.01575
 21
-2.49474
  0
LINE
  8
0
 10
2.01575
 20
-2.49474
 11
2.01686
 21
-2.49155
  0
LINE
  8
0
 10
2.01686
 20
-2.49155
 11
2.01811
 21
-2.4884
  0
LINE
  8
0
 10
2.01811
 20
-2.4884
 11
2.01949
 21
-2.48531
  0
LINE
  8
0
 10
2.01949
 20
-2.48531
 11
2.021
 21
-2.48228
  0
LINE
  8
0
 10
2.021
 20
-2.48228
 11
2.02261
 21
-2.47932
  0
LINE
  8
0
 10
2.02261
 20
-2.47932
 11
2.02437
 21
-2.47643
  0
LINE
  8
0
 10
2.02437
 20
-2.47643
 11
2.02625
 21
-2.47362
  0
LINE
  8
0
 10
2.02625
 20
-2.47362
 11
2.02823
 21
-2.47089
  0
LINE
  8
0
 10
2.02823
 20
-2.47089
 11
2.03032
 21
-2.46823
  0
LINE
  8
0
 10
2.03032
 20
-2.46823
 11
2.03253
 21
-2.46567
  0
LINE
  8
0
 10
2.03253
 20
-2.46567
 11
2.03485
 21
-2.46321
  0
LINE
  8
0
 10
2.03485
 20
-2.46321
 11
2.03726
 21
-2.46085
  0
LINE
  8
0
 10
2.03726
 20
-2.46085
 11
2.03978
 21
-2.45859
  0
LINE
  8
0
 10
2.03978
 20
-2.45859
 11
2.04237
 21
-2.45642
  0
LINE
  8
0
 10
2.04237
 20
-2.45642
 11
2.04507
 21
-2.45438
  0
LINE
  8
0
 10
2.04507
 20
-2.45438
 11
2.04785
 21
-2.45245
  0
LINE
  8
0
 10
2.04785
 20
-2.45245
 11
2.0507
 21
-2.45064
  0
LINE
  8
0
 10
2.0507
 20
-2.45064
 11
2.05363
 21
-2.44894
  0
LINE
  8
0
 10
2.05363
 20
-2.44894
 11
2.05663
 21
-2.44739
  0
LINE
  8
0
 10
2.05663
 20
-2.44739
 11
2.05969
 21
-2.44595
  0
LINE
  8
0
 10
2.05969
 20
-2.44595
 11
2.06281
 21
-2.44464
  0
LINE
  8
0
 10
2.06281
 20
-2.44464
 11
2.06596
 21
-2.44345
  0
LINE
  8
0
 10
2.06596
 20
-2.44345
 11
2.06918
 21
-2.44241
  0
LINE
  8
0
 10
2.06918
 20
-2.44241
 11
2.07245
 21
-2.4415
  0
LINE
  8
0
 10
2.07245
 20
-2.4415
 11
2.07573
 21
-2.44073
  0
LINE
  8
0
 10
2.07573
 20
-2.44073
 11
2.07906
 21
-2.44009
  0
LINE
  8
0
 10
2.07906
 20
-2.44009
 11
2.0824
 21
-2.43961
  0
LINE
  8
0
 10
2.0824
 20
-2.43961
 11
2.08575
 21
-2.43925
  0
LINE
  8
0
 10
2.08575
 20
-2.43925
 11
2.08913
 21
-2.43904
  0
LINE
  8
0
 10
2.08913
 20
-2.43904
 11
2.09251
 21
-2.43896
  0
LINE
  8
0
 10
2.09251
 20
-2.43896
 11
2.09589
 21
-2.43904
  0
LINE
  8
0
 10
2.09589
 20
-2.43904
 11
2.09926
 21
-2.43925
  0
LINE
  8
0
 10
2.09926
 20
-2.43925
 11
2.10263
 21
-2.43961
  0
LINE
  8
0
 10
2.10263
 20
-2.43961
 11
2.10597
 21
-2.44009
  0
LINE
  8
0
 10
2.10597
 20
-2.44009
 11
2.1093
 21
-2.44073
  0
LINE
  8
0
 10
2.1093
 20
-2.44073
 11
2.11258
 21
-2.4415
  0
LINE
  8
0
 10
2.11258
 20
-2.4415
 11
2.11584
 21
-2.44241
  0
LINE
  8
0
 10
2.11584
 20
-2.44241
 11
2.11905
 21
-2.44345
  0
LINE
  8
0
 10
2.11905
 20
-2.44345
 11
2.12222
 21
-2.44464
  0
LINE
  8
0
 10
2.12222
 20
-2.44464
 11
2.12534
 21
-2.44595
  0
LINE
  8
0
 10
2.12534
 20
-2.44595
 11
2.1284
 21
-2.44739
  0
LINE
  8
0
 10
2.1284
 20
-2.44739
 11
2.13139
 21
-2.44894
  0
LINE
  8
0
 10
2.13139
 20
-2.44894
 11
2.13432
 21
-2.45064
  0
LINE
  8
0
 10
2.13432
 20
-2.45064
 11
2.13718
 21
-2.45245
  0
LINE
  8
0
 10
2.13718
 20
-2.45245
 11
2.13995
 21
-2.45438
  0
LINE
  8
0
 10
2.13995
 20
-2.45438
 11
2.14264
 21
-2.45642
  0
LINE
  8
0
 10
2.14264
 20
-2.45642
 11
2.14525
 21
-2.45859
  0
LINE
  8
0
 10
2.14525
 20
-2.45859
 11
2.14777
 21
-2.46085
  0
LINE
  8
0
 10
2.14777
 20
-2.46085
 11
2.15018
 21
-2.46321
  0
LINE
  8
0
 10
2.15018
 20
-2.46321
 11
2.1525
 21
-2.46567
  0
LINE
  8
0
 10
2.1525
 20
-2.46567
 11
2.15469
 21
-2.46823
  0
LINE
  8
0
 10
2.15469
 20
-2.46823
 11
2.1568
 21
-2.47089
  0
LINE
  8
0
 10
2.1568
 20
-2.47089
 11
2.15878
 21
-2.47362
  0
LINE
  8
0
 10
2.15878
 20
-2.47362
 11
2.16066
 21
-2.47643
  0
LINE
  8
0
 10
2.16066
 20
-2.47643
 11
2.16241
 21
-2.47932
  0
LINE
  8
0
 10
2.16241
 20
-2.47932
 11
2.16403
 21
-2.48228
  0
LINE
  8
0
 10
2.16403
 20
-2.48228
 11
2.16554
 21
-2.48531
  0
LINE
  8
0
 10
2.16554
 20
-2.48531
 11
2.16692
 21
-2.4884
  0
LINE
  8
0
 10
2.16692
 20
-2.4884
 11
2.16815
 21
-2.49155
  0
LINE
  8
0
 10
2.16815
 20
-2.49155
 11
2.16927
 21
-2.49474
  0
LINE
  8
0
 10
2.16927
 20
-2.49474
 11
2.17024
 21
-2.49797
  0
LINE
  8
0
 10
2.17024
 20
-2.49797
 11
2.17108
 21
-2.50125
  0
LINE
  8
0
 10
2.17108
 20
-2.50125
 11
2.1718
 21
-2.50455
  0
LINE
  8
0
 10
2.1718
 20
-2.50455
 11
2.17235
 21
-2.50789
  0
LINE
  8
0
 10
2.17235
 20
-2.50789
 11
2.17278
 21
-2.51125
  0
LINE
  8
0
 10
2.17278
 20
-2.51125
 11
2.17307
 21
-2.5146
  0
LINE
  8
0
 10
2.17307
 20
-2.5146
 11
2.1732
 21
-2.51799
  0
LINE
  8
0
 10
2.1732
 20
-2.51799
 11
2.1732
 21
-2.52136
  0
LINE
  8
0
 10
2.1732
 20
-2.52136
 11
2.17307
 21
-2.52475
  0
LINE
  8
0
 10
2.17307
 20
-2.52475
 11
2.17278
 21
-2.52811
  0
LINE
  8
0
 10
2.17278
 20
-2.52811
 11
2.17235
 21
-2.53146
  0
LINE
  8
0
 10
2.17235
 20
-2.53146
 11
2.1718
 21
-2.53481
  0
LINE
  8
0
 10
2.1718
 20
-2.53481
 11
2.17108
 21
-2.5381
  0
LINE
  8
0
 10
2.17108
 20
-2.5381
 11
2.17024
 21
-2.54138
  0
LINE
  8
0
 10
2.17024
 20
-2.54138
 11
2.16927
 21
-2.54462
  0
LINE
  8
0
 10
2.16927
 20
-2.54462
 11
2.16815
 21
-2.54781
  0
LINE
  8
0
 10
2.16815
 20
-2.54781
 11
2.16692
 21
-2.55095
  0
LINE
  8
0
 10
2.16692
 20
-2.55095
 11
2.16554
 21
-2.55405
  0
LINE
  8
0
 10
2.16554
 20
-2.55405
 11
2.16403
 21
-2.55707
  0
LINE
  8
0
 10
2.16403
 20
-2.55707
 11
2.16241
 21
-2.56003
  0
LINE
  8
0
 10
2.16241
 20
-2.56003
 11
2.16066
 21
-2.56293
  0
LINE
  8
0
 10
2.16066
 20
-2.56293
 11
2.15878
 21
-2.56573
  0
LINE
  8
0
 10
2.15878
 20
-2.56573
 11
2.1568
 21
-2.56848
  0
LINE
  8
0
 10
2.1568
 20
-2.56848
 11
2.15469
 21
-2.57112
  0
LINE
  8
0
 10
2.15469
 20
-2.57112
 11
2.1525
 21
-2.57368
  0
LINE
  8
0
 10
2.1525
 20
-2.57368
 11
2.15018
 21
-2.57614
  0
LINE
  8
0
 10
2.15018
 20
-2.57614
 11
2.14777
 21
-2.57851
  0
LINE
  8
0
 10
2.14777
 20
-2.57851
 11
2.14525
 21
-2.58078
  0
LINE
  8
0
 10
2.14525
 20
-2.58078
 11
2.14264
 21
-2.58293
  0
LINE
  8
0
 10
2.14264
 20
-2.58293
 11
2.13995
 21
-2.58498
  0
LINE
  8
0
 10
2.13995
 20
-2.58498
 11
2.13718
 21
-2.5869
  0
LINE
  8
0
 10
2.13718
 20
-2.5869
 11
2.13432
 21
-2.58871
  0
LINE
  8
0
 10
2.13432
 20
-2.58871
 11
2.13139
 21
-2.59041
  0
LINE
  8
0
 10
2.13139
 20
-2.59041
 11
2.1284
 21
-2.59196
  0
LINE
  8
0
 10
2.1284
 20
-2.59196
 11
2.12534
 21
-2.59341
  0
LINE
  8
0
 10
2.12534
 20
-2.59341
 11
2.12222
 21
-2.59471
  0
LINE
  8
0
 10
2.12222
 20
-2.59471
 11
2.11905
 21
-2.5959
  0
LINE
  8
0
 10
2.11905
 20
-2.5959
 11
2.11584
 21
-2.59694
  0
LINE
  8
0
 10
2.11584
 20
-2.59694
 11
2.11258
 21
-2.59785
  0
LINE
  8
0
 10
2.11258
 20
-2.59785
 11
2.1093
 21
-2.59862
  0
LINE
  8
0
 10
2.1093
 20
-2.59862
 11
2.10597
 21
-2.59926
  0
LINE
  8
0
 10
2.10597
 20
-2.59926
 11
2.10263
 21
-2.59975
  0
LINE
  8
0
 10
2.10263
 20
-2.59975
 11
2.09926
 21
-2.6001
  0
LINE
  8
0
 10
2.09926
 20
-2.6001
 11
2.09589
 21
-2.60031
  0
LINE
  8
0
 10
2.09589
 20
-2.60031
 11
2.09251
 21
-2.60039
  0
LINE
  8
0
 10
2.09251
 20
-2.60039
 11
2.08913
 21
-2.60031
  0
LINE
  8
0
 10
-4.99736
 20
-3.71025
 11
-5.00075
 21
-3.71011
  0
LINE
  8
0
 10
-5.00075
 20
-3.71011
 11
-5.0041
 21
-3.70984
  0
LINE
  8
0
 10
-5.0041
 20
-3.70984
 11
-5.00746
 21
-3.70941
  0
LINE
  8
0
 10
-5.00746
 20
-3.70941
 11
-5.0108
 21
-3.70885
  0
LINE
  8
0
 10
-5.0108
 20
-3.70885
 11
-5.0141
 21
-3.70815
  0
LINE
  8
0
 10
-5.0141
 20
-3.70815
 11
-5.01738
 21
-3.70731
  0
LINE
  8
0
 10
-5.01738
 20
-3.70731
 11
-5.02061
 21
-3.70633
  0
LINE
  8
0
 10
-5.02061
 20
-3.70633
 11
-5.0238
 21
-3.70522
  0
LINE
  8
0
 10
-5.0238
 20
-3.70522
 11
-5.02695
 21
-3.70396
  0
LINE
  8
0
 10
-5.02695
 20
-3.70396
 11
-5.03003
 21
-3.70259
  0
LINE
  8
0
 10
-5.03003
 20
-3.70259
 11
-5.03307
 21
-3.7011
  0
LINE
  8
0
 10
-5.03307
 20
-3.7011
 11
-5.03603
 21
-3.69946
  0
LINE
  8
0
 10
-5.03603
 20
-3.69946
 11
-5.03893
 21
-3.69771
  0
LINE
  8
0
 10
-5.03893
 20
-3.69771
 11
-5.04173
 21
-3.69585
  0
LINE
  8
0
 10
-5.04173
 20
-3.69585
 11
-5.04446
 21
-3.69385
  0
LINE
  8
0
 10
-5.04446
 20
-3.69385
 11
-5.04712
 21
-3.69176
  0
LINE
  8
0
 10
-5.04712
 20
-3.69176
 11
-5.04968
 21
-3.68954
  0
LINE
  8
0
 10
-5.04968
 20
-3.68954
 11
-5.05214
 21
-3.68723
  0
LINE
  8
0
 10
-5.05214
 20
-3.68723
 11
-5.0545
 21
-3.68481
  0
LINE
  8
0
 10
-5.0545
 20
-3.68481
 11
-5.05676
 21
-3.6823
  0
LINE
  8
0
 10
-5.05676
 20
-3.6823
 11
-5.05893
 21
-3.6797
  0
LINE
  8
0
 10
-5.05893
 20
-3.6797
 11
-5.06097
 21
-3.677
  0
LINE
  8
0
 10
-5.06097
 20
-3.677
 11
-5.0629
 21
-3.67422
  0
LINE
  8
0
 10
-5.0629
 20
-3.67422
 11
-5.06471
 21
-3.67137
  0
LINE
  8
0
 10
-5.06471
 20
-3.67137
 11
-5.06639
 21
-3.66844
  0
LINE
  8
0
 10
-5.06639
 20
-3.66844
 11
-5.06796
 21
-3.66545
  0
LINE
  8
0
 10
-5.06796
 20
-3.66545
 11
-5.0694
 21
-3.6624
  0
LINE
  8
0
 10
-5.0694
 20
-3.6624
 11
-5.07071
 21
-3.65927
  0
LINE
  8
0
 10
-5.07071
 20
-3.65927
 11
-5.0719
 21
-3.65611
  0
LINE
  8
0
 10
-5.0719
 20
-3.65611
 11
-5.07294
 21
-3.65289
  0
LINE
  8
0
 10
-5.07294
 20
-3.65289
 11
-5.07385
 21
-3.64964
  0
LINE
  8
0
 10
-5.07385
 20
-3.64964
 11
-5.07462
 21
-3.64635
  0
LINE
  8
0
 10
-5.07462
 20
-3.64635
 11
-5.07526
 21
-3.64302
  0
LINE
  8
0
 10
-5.07526
 20
-3.64302
 11
-5.07574
 21
-3.63968
  0
LINE
  8
0
 10
-5.07574
 20
-3.63968
 11
-5.0761
 21
-3.63632
  0
LINE
  8
0
 10
-5.0761
 20
-3.63632
 11
-5.07631
 21
-3.63295
  0
LINE
  8
0
 10
-5.07631
 20
-3.63295
 11
-5.07639
 21
-3.62956
  0
LINE
  8
0
 10
-5.07639
 20
-3.62956
 11
-5.07631
 21
-3.62619
  0
LINE
  8
0
 10
-5.07631
 20
-3.62619
 11
-5.0761
 21
-3.62282
  0
LINE
  8
0
 10
-5.0761
 20
-3.62282
 11
-5.07574
 21
-3.61945
  0
LINE
  8
0
 10
-5.07574
 20
-3.61945
 11
-5.07526
 21
-3.6161
  0
LINE
  8
0
 10
-5.07526
 20
-3.6161
 11
-5.07462
 21
-3.61279
  0
LINE
  8
0
 10
-5.07462
 20
-3.61279
 11
-5.07385
 21
-3.6095
  0
LINE
  8
0
 10
-5.07385
 20
-3.6095
 11
-5.07294
 21
-3.60623
  0
LINE
  8
0
 10
-5.07294
 20
-3.60623
 11
-5.0719
 21
-3.60303
  0
LINE
  8
0
 10
-5.0719
 20
-3.60303
 11
-5.07071
 21
-3.59985
  0
LINE
  8
0
 10
-5.07071
 20
-3.59985
 11
-5.0694
 21
-3.59674
  0
LINE
  8
0
 10
-5.0694
 20
-3.59674
 11
-5.06796
 21
-3.59367
  0
LINE
  8
0
 10
-5.06796
 20
-3.59367
 11
-5.06639
 21
-3.59068
  0
LINE
  8
0
 10
-5.06639
 20
-3.59068
 11
-5.06471
 21
-3.58775
  0
LINE
  8
0
 10
-5.06471
 20
-3.58775
 11
-5.0629
 21
-3.5849
  0
LINE
  8
0
 10
-5.0629
 20
-3.5849
 11
-5.06097
 21
-3.58212
  0
LINE
  8
0
 10
-5.06097
 20
-3.58212
 11
-5.05893
 21
-3.57944
  0
LINE
  8
0
 10
-5.05893
 20
-3.57944
 11
-5.05676
 21
-3.57683
  0
LINE
  8
0
 10
-5.05676
 20
-3.57683
 11
-5.0545
 21
-3.57431
  0
LINE
  8
0
 10
-5.0545
 20
-3.57431
 11
-5.05214
 21
-3.5719
  0
LINE
  8
0
 10
-5.05214
 20
-3.5719
 11
-5.04968
 21
-3.5696
  0
LINE
  8
0
 10
-5.04968
 20
-3.5696
 11
-5.04712
 21
-3.56738
  0
LINE
  8
0
 10
-5.04712
 20
-3.56738
 11
-5.04446
 21
-3.56528
  0
LINE
  8
0
 10
-5.04446
 20
-3.56528
 11
-5.04173
 21
-3.56329
  0
LINE
  8
0
 10
-5.04173
 20
-3.56329
 11
-5.03893
 21
-3.56142
  0
LINE
  8
0
 10
-5.03893
 20
-3.56142
 11
-5.03603
 21
-3.55968
  0
LINE
  8
0
 10
-5.03603
 20
-3.55968
 11
-5.03307
 21
-3.55804
  0
LINE
  8
0
 10
-5.03307
 20
-3.55804
 11
-5.03003
 21
-3.55653
  0
LINE
  8
0
 10
-5.03003
 20
-3.55653
 11
-5.02695
 21
-3.55516
  0
LINE
  8
0
 10
-5.02695
 20
-3.55516
 11
-5.0238
 21
-3.55392
  0
LINE
  8
0
 10
-5.0238
 20
-3.55392
 11
-5.02061
 21
-3.55281
  0
LINE
  8
0
 10
-5.02061
 20
-3.55281
 11
-5.01738
 21
-3.55183
  0
LINE
  8
0
 10
-5.01738
 20
-3.55183
 11
-5.0141
 21
-3.55099
  0
LINE
  8
0
 10
-5.0141
 20
-3.55099
 11
-5.0108
 21
-3.55029
  0
LINE
  8
0
 10
-5.0108
 20
-3.55029
 11
-5.00746
 21
-3.54973
  0
LINE
  8
0
 10
-5.00746
 20
-3.54973
 11
-5.0041
 21
-3.5493
  0
LINE
  8
0
 10
-5.0041
 20
-3.5493
 11
-5.00075
 21
-3.54901
  0
LINE
  8
0
 10
-5.00075
 20
-3.54901
 11
-4.99736
 21
-3.54887
  0
LINE
  8
0
 10
-4.99736
 20
-3.54887
 11
-4.99399
 21
-3.54887
  0
LINE
  8
0
 10
-4.99399
 20
-3.54887
 11
-4.9906
 21
-3.54901
  0
LINE
  8
0
 10
-4.9906
 20
-3.54901
 11
-4.98723
 21
-3.5493
  0
LINE
  8
0
 10
-4.98723
 20
-3.5493
 11
-4.98389
 21
-3.54973
  0
LINE
  8
0
 10
-4.98389
 20
-3.54973
 11
-4.98055
 21
-3.55029
  0
LINE
  8
0
 10
-4.98055
 20
-3.55029
 11
-4.97725
 21
-3.55099
  0
LINE
  8
0
 10
-4.97725
 20
-3.55099
 11
-4.97397
 21
-3.55183
  0
LINE
  8
0
 10
-4.97397
 20
-3.55183
 11
-4.97073
 21
-3.55281
  0
LINE
  8
0
 10
-4.97073
 20
-3.55281
 11
-4.96754
 21
-3.55392
  0
LINE
  8
0
 10
-4.96754
 20
-3.55392
 11
-4.9644
 21
-3.55516
  0
LINE
  8
0
 10
-4.9644
 20
-3.55516
 11
-4.9613
 21
-3.55653
  0
LINE
  8
0
 10
-4.9613
 20
-3.55653
 11
-4.95828
 21
-3.55804
  0
LINE
  8
0
 10
-4.95828
 20
-3.55804
 11
-4.95532
 21
-3.55968
  0
LINE
  8
0
 10
-4.95532
 20
-3.55968
 11
-4.95242
 21
-3.56142
  0
LINE
  8
0
 10
-4.95242
 20
-3.56142
 11
-4.94962
 21
-3.56329
  0
LINE
  8
0
 10
-4.94962
 20
-3.56329
 11
-4.94687
 21
-3.56528
  0
LINE
  8
0
 10
-4.94687
 20
-3.56528
 11
-4.94423
 21
-3.56738
  0
LINE
  8
0
 10
-4.94423
 20
-3.56738
 11
-4.94167
 21
-3.5696
  0
LINE
  8
0
 10
-4.94167
 20
-3.5696
 11
-4.93921
 21
-3.5719
  0
LINE
  8
0
 10
-4.93921
 20
-3.5719
 11
-4.93684
 21
-3.57431
  0
LINE
  8
0
 10
-4.93684
 20
-3.57431
 11
-4.93457
 21
-3.57683
  0
LINE
  8
0
 10
-4.93457
 20
-3.57683
 11
-4.93242
 21
-3.57944
  0
LINE
  8
0
 10
-4.93242
 20
-3.57944
 11
-4.93037
 21
-3.58212
  0
LINE
  8
0
 10
-4.93037
 20
-3.58212
 11
-4.92845
 21
-3.5849
  0
LINE
  8
0
 10
-4.92845
 20
-3.5849
 11
-4.92664
 21
-3.58775
  0
LINE
  8
0
 10
-4.92664
 20
-3.58775
 11
-4.92494
 21
-3.59068
  0
LINE
  8
0
 10
-4.92494
 20
-3.59068
 11
-4.92339
 21
-3.59367
  0
LINE
  8
0
 10
-4.92339
 20
-3.59367
 11
-4.92194
 21
-3.59674
  0
LINE
  8
0
 10
-4.92194
 20
-3.59674
 11
-4.92062
 21
-3.59985
  0
LINE
  8
0
 10
-4.92062
 20
-3.59985
 11
-4.91945
 21
-3.60303
  0
LINE
  8
0
 10
-4.91945
 20
-3.60303
 11
-4.91841
 21
-3.60623
  0
LINE
  8
0
 10
-4.91841
 20
-3.60623
 11
-4.9175
 21
-3.6095
  0
LINE
  8
0
 10
-4.9175
 20
-3.6095
 11
-4.91673
 21
-3.61279
  0
LINE
  8
0
 10
-4.91673
 20
-3.61279
 11
-4.91609
 21
-3.6161
  0
LINE
  8
0
 10
-4.91609
 20
-3.6161
 11
-4.9156
 21
-3.61945
  0
LINE
  8
0
 10
-4.9156
 20
-3.61945
 11
-4.91525
 21
-3.62282
  0
LINE
  8
0
 10
-4.91525
 20
-3.62282
 11
-4.91504
 21
-3.62619
  0
LINE
  8
0
 10
-4.91504
 20
-3.62619
 11
-4.91496
 21
-3.62956
  0
LINE
  8
0
 10
-4.91496
 20
-3.62956
 11
-4.91504
 21
-3.63295
  0
LINE
  8
0
 10
-4.91504
 20
-3.63295
 11
-4.91525
 21
-3.63632
  0
LINE
  8
0
 10
-4.91525
 20
-3.63632
 11
-4.9156
 21
-3.63968
  0
LINE
  8
0
 10
-4.9156
 20
-3.63968
 11
-4.91609
 21
-3.64302
  0
LINE
  8
0
 10
-4.91609
 20
-3.64302
 11
-4.91673
 21
-3.64635
  0
LINE
  8
0
 10
-4.91673
 20
-3.64635
 11
-4.9175
 21
-3.64964
  0
LINE
  8
0
 10
-4.9175
 20
-3.64964
 11
-4.91841
 21
-3.65289
  0
LINE
  8
0
 10
-4.91841
 20
-3.65289
 11
-4.91945
 21
-3.65611
  0
LINE
  8
0
 10
-4.91945
 20
-3.65611
 11
-4.92062
 21
-3.65927
  0
LINE
  8
0
 10
-4.92062
 20
-3.65927
 11
-4.92194
 21
-3.6624
  0
LINE
  8
0
 10
-4.92194
 20
-3.6624
 11
-4.92339
 21
-3.66545
  0
LINE
  8
0
 10
-4.92339
 20
-3.66545
 11
-4.92494
 21
-3.66844
  0
LINE
  8
0
 10
-4.92494
 20
-3.66844
 11
-4.92664
 21
-3.67137
  0
LINE
  8
0
 10
-4.92664
 20
-3.67137
 11
-4.92845
 21
-3.67422
  0
LINE
  8
0
 10
-4.92845
 20
-3.67422
 11
-4.93037
 21
-3.677
  0
LINE
  8
0
 10
-4.93037
 20
-3.677
 11
-4.93242
 21
-3.6797
  0
LINE
  8
0
 10
-4.93242
 20
-3.6797
 11
-4.93457
 21
-3.6823
  0
LINE
  8
0
 10
-4.93457
 20
-3.6823
 11
-4.93684
 21
-3.68481
  0
LINE
  8
0
 10
-4.93684
 20
-3.68481
 11
-4.93921
 21
-3.68723
  0
LINE
  8
0
 10
-4.93921
 20
-3.68723
 11
-4.94167
 21
-3.68954
  0
LINE
  8
0
 10
-4.94167
 20
-3.68954
 11
-4.94423
 21
-3.69176
  0
LINE
  8
0
 10
-4.94423
 20
-3.69176
 11
-4.94687
 21
-3.69385
  0
LINE
  8
0
 10
-4.94687
 20
-3.69385
 11
-4.94962
 21
-3.69585
  0
LINE
  8
0
 10
-4.94962
 20
-3.69585
 11
-4.95242
 21
-3.69771
  0
LINE
  8
0
 10
-4.95242
 20
-3.69771
 11
-4.95532
 21
-3.69946
  0
LINE
  8
0
 10
-4.95532
 20
-3.69946
 11
-4.95828
 21
-3.7011
  0
LINE
  8
0
 10
-4.95828
 20
-3.7011
 11
-4.9613
 21
-3.70259
  0
LINE
  8
0
 10
-4.9613
 20
-3.70259
 11
-4.9644
 21
-3.70396
  0
LINE
  8
0
 10
-4.9644
 20
-3.70396
 11
-4.96754
 21
-3.70522
  0
LINE
  8
0
 10
-4.96754
 20
-3.70522
 11
-4.97073
 21
-3.70633
  0
LINE
  8
0
 10
-4.97073
 20
-3.70633
 11
-4.97397
 21
-3.70731
  0
LINE
  8
0
 10
-4.97397
 20
-3.70731
 11
-4.97725
 21
-3.70815
  0
LINE
  8
0
 10
-4.97725
 20
-3.70815
 11
-4.98055
 21
-3.70885
  0
LINE
  8
0
 10
-4.98055
 20
-3.70885
 11
-4.98389
 21
-3.70941
  0
LINE
  8
0
 10
-4.98389
 20
-3.70941
 11
-4.98723
 21
-3.70984
  0
LINE
  8
0
 10
-4.98723
 20
-3.70984
 11
-4.9906
 21
-3.71011
  0
LINE
  8
0
 10
-4.9906
 20
-3.71011
 11
-4.99399
 21
-3.71025
  0
LINE
  8
0
 10
-4.99399
 20
-3.71025
 11
-4.99736
 21
-3.71025
  0
LINE
  8
0
 10
-4.13356
 20
-4.6696
 11
-4.13695
 21
-4.66946
  0
LINE
  8
0
 10
-4.13695
 20
-4.66946
 11
-4.1403
 21
-4.66917
  0
LINE
  8
0
 10
-4.1403
 20
-4.66917
 11
-4.14366
 21
-4.66876
  0
LINE
  8
0
 10
-4.14366
 20
-4.66876
 11
-4.147
 21
-4.6682
  0
LINE
  8
0
 10
-4.147
 20
-4.6682
 11
-4.1503
 21
-4.6675
  0
LINE
  8
0
 10
-4.1503
 20
-4.6675
 11
-4.15358
 21
-4.66664
  0
LINE
  8
0
 10
-4.15358
 20
-4.66664
 11
-4.15681
 21
-4.66566
  0
LINE
  8
0
 10
-4.15681
 20
-4.66566
 11
-4.16
 21
-4.66457
  0
LINE
  8
0
 10
-4.16
 20
-4.66457
 11
-4.16315
 21
-4.66331
  0
LINE
  8
0
 10
-4.16315
 20
-4.66331
 11
-4.16624
 21
-4.66194
  0
LINE
  8
0
 10
-4.16624
 20
-4.66194
 11
-4.16927
 21
-4.66043
  0
LINE
  8
0
 10
-4.16927
 20
-4.66043
 11
-4.17223
 21
-4.65881
  0
LINE
  8
0
 10
-4.17223
 20
-4.65881
 11
-4.17513
 21
-4.65706
  0
LINE
  8
0
 10
-4.17513
 20
-4.65706
 11
-4.17793
 21
-4.65518
  0
LINE
  8
0
 10
-4.17793
 20
-4.65518
 11
-4.18066
 21
-4.6532
  0
LINE
  8
0
 10
-4.18066
 20
-4.6532
 11
-4.18332
 21
-4.65109
  0
LINE
  8
0
 10
-4.18332
 20
-4.65109
 11
-4.18588
 21
-4.6489
  0
LINE
  8
0
 10
-4.18588
 20
-4.6489
 11
-4.18834
 21
-4.64658
  0
LINE
  8
0
 10
-4.18834
 20
-4.64658
 11
-4.1907
 21
-4.64417
  0
LINE
  8
0
 10
-4.1907
 20
-4.64417
 11
-4.19296
 21
-4.64165
  0
LINE
  8
0
 10
-4.19296
 20
-4.64165
 11
-4.19513
 21
-4.63904
  0
LINE
  8
0
 10
-4.19513
 20
-4.63904
 11
-4.19717
 21
-4.63635
  0
LINE
  8
0
 10
-4.19717
 20
-4.63635
 11
-4.1991
 21
-4.63358
  0
LINE
  8
0
 10
-4.1991
 20
-4.63358
 11
-4.20091
 21
-4.63072
  0
LINE
  8
0
 10
-4.20091
 20
-4.63072
 11
-4.20261
 21
-4.62779
  0
LINE
  8
0
 10
-4.20261
 20
-4.62779
 11
-4.20416
 21
-4.6248
  0
LINE
  8
0
 10
-4.20416
 20
-4.6248
 11
-4.20561
 21
-4.62173
  0
LINE
  8
0
 10
-4.20561
 20
-4.62173
 11
-4.20691
 21
-4.61862
  0
LINE
  8
0
 10
-4.20691
 20
-4.61862
 11
-4.2081
 21
-4.61545
  0
LINE
  8
0
 10
-4.2081
 20
-4.61545
 11
-4.20914
 21
-4.61224
  0
LINE
  8
0
 10
-4.20914
 20
-4.61224
 11
-4.21005
 21
-4.60898
  0
LINE
  8
0
 10
-4.21005
 20
-4.60898
 11
-4.21082
 21
-4.6057
  0
LINE
  8
0
 10
-4.21082
 20
-4.6057
 11
-4.21146
 21
-4.60237
  0
LINE
  8
0
 10
-4.21146
 20
-4.60237
 11
-4.21194
 21
-4.59903
  0
LINE
  8
0
 10
-4.21194
 20
-4.59903
 11
-4.2123
 21
-4.59567
  0
LINE
  8
0
 10
-4.2123
 20
-4.59567
 11
-4.21251
 21
-4.59229
  0
LINE
  8
0
 10
-4.21251
 20
-4.59229
 11
-4.21259
 21
-4.58891
  0
LINE
  8
0
 10
-4.21259
 20
-4.58891
 11
-4.21251
 21
-4.58553
  0
LINE
  8
0
 10
-4.21251
 20
-4.58553
 11
-4.2123
 21
-4.58215
  0
LINE
  8
0
 10
-4.2123
 20
-4.58215
 11
-4.21194
 21
-4.5788
  0
LINE
  8
0
 10
-4.21194
 20
-4.5788
 11
-4.21146
 21
-4.57545
  0
LINE
  8
0
 10
-4.21146
 20
-4.57545
 11
-4.21082
 21
-4.57213
  0
LINE
  8
0
 10
-4.21082
 20
-4.57213
 11
-4.21005
 21
-4.56885
  0
LINE
  8
0
 10
-4.21005
 20
-4.56885
 11
-4.20914
 21
-4.56558
  0
LINE
  8
0
 10
-4.20914
 20
-4.56558
 11
-4.2081
 21
-4.56236
  0
LINE
  8
0
 10
-4.2081
 20
-4.56236
 11
-4.20691
 21
-4.5592
  0
LINE
  8
0
 10
-4.20691
 20
-4.5592
 11
-4.20561
 21
-4.55609
  0
LINE
  8
0
 10
-4.20561
 20
-4.55609
 11
-4.20416
 21
-4.55302
  0
LINE
  8
0
 10
-4.20416
 20
-4.55302
 11
-4.20261
 21
-4.55003
  0
LINE
  8
0
 10
-4.20261
 20
-4.55003
 11
-4.20091
 21
-4.5471
  0
LINE
  8
0
 10
-4.20091
 20
-4.5471
 11
-4.1991
 21
-4.54425
  0
LINE
  8
0
 10
-4.1991
 20
-4.54425
 11
-4.19717
 21
-4.54147
  0
LINE
  8
0
 10
-4.19717
 20
-4.54147
 11
-4.19513
 21
-4.53877
  0
LINE
  8
0
 10
-4.19513
 20
-4.53877
 11
-4.19296
 21
-4.53618
  0
LINE
  8
0
 10
-4.19296
 20
-4.53618
 11
-4.1907
 21
-4.53366
  0
LINE
  8
0
 10
-4.1907
 20
-4.53366
 11
-4.18834
 21
-4.53125
  0
LINE
  8
0
 10
-4.18834
 20
-4.53125
 11
-4.18588
 21
-4.52893
  0
LINE
  8
0
 10
-4.18588
 20
-4.52893
 11
-4.18332
 21
-4.52672
  0
LINE
  8
0
 10
-4.18332
 20
-4.52672
 11
-4.18066
 21
-4.52463
  0
LINE
  8
0
 10
-4.18066
 20
-4.52463
 11
-4.17793
 21
-4.52264
  0
LINE
  8
0
 10
-4.17793
 20
-4.52264
 11
-4.17513
 21
-4.52077
  0
LINE
  8
0
 10
-4.17513
 20
-4.52077
 11
-4.17223
 21
-4.51901
  0
LINE
  8
0
 10
-4.17223
 20
-4.51901
 11
-4.16927
 21
-4.51738
  0
LINE
  8
0
 10
-4.16927
 20
-4.51738
 11
-4.16624
 21
-4.51588
  0
LINE
  8
0
 10
-4.16624
 20
-4.51588
 11
-4.16315
 21
-4.51451
  0
LINE
  8
0
 10
-4.16315
 20
-4.51451
 11
-4.16
 21
-4.51326
  0
LINE
  8
0
 10
-4.16
 20
-4.51326
 11
-4.15681
 21
-4.51215
  0
LINE
  8
0
 10
-4.15681
 20
-4.51215
 11
-4.15358
 21
-4.51117
  0
LINE
  8
0
 10
-4.15358
 20
-4.51117
 11
-4.1503
 21
-4.51033
  0
LINE
  8
0
 10
-4.1503
 20
-4.51033
 11
-4.147
 21
-4.50963
  0
LINE
  8
0
 10
-4.147
 20
-4.50963
 11
-4.14366
 21
-4.50906
  0
LINE
  8
0
 10
-4.14366
 20
-4.50906
 11
-4.1403
 21
-4.50865
  0
LINE
  8
0
 10
-4.1403
 20
-4.50865
 11
-4.13695
 21
-4.50836
  0
LINE
  8
0
 10
-4.13695
 20
-4.50836
 11
-4.13356
 21
-4.50822
  0
LINE
  8
0
 10
-4.13356
 20
-4.50822
 11
-4.13019
 21
-4.50822
  0
LINE
  8
0
 10
-4.13019
 20
-4.50822
 11
-4.1268
 21
-4.50836
  0
LINE
  8
0
 10
-4.1268
 20
-4.50836
 11
-4.12344
 21
-4.50865
  0
LINE
  8
0
 10
-4.12344
 20
-4.50865
 11
-4.12009
 21
-4.50906
  0
LINE
  8
0
 10
-4.12009
 20
-4.50906
 11
-4.11674
 21
-4.50963
  0
LINE
  8
0
 10
-4.11674
 20
-4.50963
 11
-4.11345
 21
-4.51033
  0
LINE
  8
0
 10
-4.11345
 20
-4.51033
 11
-4.11017
 21
-4.51117
  0
LINE
  8
0
 10
-4.11017
 20
-4.51117
 11
-4.10693
 21
-4.51215
  0
LINE
  8
0
 10
-4.10693
 20
-4.51215
 11
-4.10374
 21
-4.51326
  0
LINE
  8
0
 10
-4.10374
 20
-4.51326
 11
-4.1006
 21
-4.51451
  0
LINE
  8
0
 10
-4.1006
 20
-4.51451
 11
-4.0975
 21
-4.51588
  0
LINE
  8
0
 10
-4.0975
 20
-4.51588
 11
-4.09448
 21
-4.51738
  0
LINE
  8
0
 10
-4.09448
 20
-4.51738
 11
-4.09152
 21
-4.51901
  0
LINE
  8
0
 10
-4.09152
 20
-4.51901
 11
-4.08862
 21
-4.52077
  0
LINE
  8
0
 10
-4.08862
 20
-4.52077
 11
-4.08582
 21
-4.52264
  0
LINE
  8
0
 10
-4.08582
 20
-4.52264
 11
-4.08308
 21
-4.52463
  0
LINE
  8
0
 10
-4.08308
 20
-4.52463
 11
-4.08043
 21
-4.52672
  0
LINE
  8
0
 10
-4.08043
 20
-4.52672
 11
-4.07787
 21
-4.52893
  0
LINE
  8
0
 10
-4.07787
 20
-4.52893
 11
-4.07541
 21
-4.53125
  0
LINE
  8
0
 10
-4.07541
 20
-4.53125
 11
-4.07304
 21
-4.53366
  0
LINE
  8
0
 10
-4.07304
 20
-4.53366
 11
-4.07077
 21
-4.53618
  0
LINE
  8
0
 10
-4.07077
 20
-4.53618
 11
-4.06862
 21
-4.53877
  0
LINE
  8
0
 10
-4.06862
 20
-4.53877
 11
-4.06657
 21
-4.54147
  0
LINE
  8
0
 10
-4.06657
 20
-4.54147
 11
-4.06465
 21
-4.54425
  0
LINE
  8
0
 10
-4.06465
 20
-4.54425
 11
-4.06284
 21
-4.5471
  0
LINE
  8
0
 10
-4.06284
 20
-4.5471
 11
-4.06114
 21
-4.55003
  0
LINE
  8
0
 10
-4.06114
 20
-4.55003
 11
-4.05959
 21
-4.55302
  0
LINE
  8
0
 10
-4.05959
 20
-4.55302
 11
-4.05814
 21
-4.55609
  0
LINE
  8
0
 10
-4.05814
 20
-4.55609
 11
-4.05684
 21
-4.5592
  0
LINE
  8
0
 10
-4.05684
 20
-4.5592
 11
-4.05565
 21
-4.56236
  0
LINE
  8
0
 10
-4.05565
 20
-4.56236
 11
-4.05461
 21
-4.56558
  0
LINE
  8
0
 10
-4.05461
 20
-4.56558
 11
-4.0537
 21
-4.56885
  0
LINE
  8
0
 10
-4.0537
 20
-4.56885
 11
-4.05293
 21
-4.57213
  0
LINE
  8
0
 10
-4.05293
 20
-4.57213
 11
-4.05229
 21
-4.57545
  0
LINE
  8
0
 10
-4.05229
 20
-4.57545
 11
-4.0518
 21
-4.5788
  0
LINE
  8
0
 10
-4.0518
 20
-4.5788
 11
-4.05145
 21
-4.58215
  0
LINE
  8
0
 10
-4.05145
 20
-4.58215
 11
-4.05124
 21
-4.58553
  0
LINE
  8
0
 10
-4.05124
 20
-4.58553
 11
-4.05116
 21
-4.58891
  0
LINE
  8
0
 10
-4.05116
 20
-4.58891
 11
-4.05124
 21
-4.59229
  0
LINE
  8
0
 10
-4.05124
 20
-4.59229
 11
-4.05145
 21
-4.59567
  0
LINE
  8
0
 10
-4.05145
 20
-4.59567
 11
-4.0518
 21
-4.59903
  0
LINE
  8
0
 10
-4.0518
 20
-4.59903
 11
-4.05229
 21
-4.60237
  0
LINE
  8
0
 10
-4.05229
 20
-4.60237
 11
-4.05293
 21
-4.6057
  0
LINE
  8
0
 10
-4.05293
 20
-4.6057
 11
-4.0537
 21
-4.60898
  0
LINE
  8
0
 10
-4.0537
 20
-4.60898
 11
-4.05461
 21
-4.61224
  0
LINE
  8
0
 10
-4.05461
 20
-4.61224
 11
-4.05565
 21
-4.61545
  0
LINE
  8
0
 10
-4.05565
 20
-4.61545
 11
-4.05684
 21
-4.61862
  0
LINE
  8
0
 10
-4.05684
 20
-4.61862
 11
-4.05814
 21
-4.62173
  0
LINE
  8
0
 10
-4.05814
 20
-4.62173
 11
-4.05959
 21
-4.6248
  0
LINE
  8
0
 10
-4.05959
 20
-4.6248
 11
-4.06114
 21
-4.62779
  0
LINE
  8
0
 10
-4.06114
 20
-4.62779
 11
-4.06284
 21
-4.63072
  0
LINE
  8
0
 10
-4.06284
 20
-4.63072
 11
-4.06465
 21
-4.63358
  0
LINE
  8
0
 10
-4.06465
 20
-4.63358
 11
-4.06657
 21
-4.63635
  0
LINE
  8
0
 10
-4.06657
 20
-4.63635
 11
-4.06862
 21
-4.63904
  0
LINE
  8
0
 10
-4.06862
 20
-4.63904
 11
-4.07077
 21
-4.64165
  0
LINE
  8
0
 10
-4.07077
 20
-4.64165
 11
-4.07304
 21
-4.64417
  0
LINE
  8
0
 10
-4.07304
 20
-4.64417
 11
-4.07541
 21
-4.64658
  0
LINE
  8
0
 10
-4.07541
 20
-4.64658
 11
-4.07787
 21
-4.6489
  0
LINE
  8
0
 10
-4.07787
 20
-4.6489
 11
-4.08043
 21
-4.65109
  0
LINE
  8
0
 10
-4.08043
 20
-4.65109
 11
-4.08308
 21
-4.6532
  0
LINE
  8
0
 10
-4.08308
 20
-4.6532
 11
-4.08582
 21
-4.65518
  0
LINE
  8
0
 10
-4.08582
 20
-4.65518
 11
-4.08862
 21
-4.65706
  0
LINE
  8
0
 10
-4.08862
 20
-4.65706
 11
-4.09152
 21
-4.65881
  0
LINE
  8
0
 10
-4.09152
 20
-4.65881
 11
-4.09448
 21
-4.66043
  0
LINE
  8
0
 10
-4.09448
 20
-4.66043
 11
-4.0975
 21
-4.66194
  0
LINE
  8
0
 10
-4.0975
 20
-4.66194
 11
-4.1006
 21
-4.66331
  0
LINE
  8
0
 10
-4.1006
 20
-4.66331
 11
-4.10374
 21
-4.66457
  0
LINE
  8
0
 10
-4.10374
 20
-4.66457
 11
-4.10693
 21
-4.66566
  0
LINE
  8
0
 10
-4.10693
 20
-4.66566
 11
-4.11017
 21
-4.66664
  0
LINE
  8
0
 10
-4.11017
 20
-4.66664
 11
-4.11345
 21
-4.6675
  0
LINE
  8
0
 10
-4.11345
 20
-4.6675
 11
-4.11674
 21
-4.6682
  0
LINE
  8
0
 10
-4.11674
 20
-4.6682
 11
-4.12009
 21
-4.66876
  0
LINE
  8
0
 10
-4.12009
 20
-4.66876
 11
-4.12344
 21
-4.66917
  0
LINE
  8
0
 10
-4.12344
 20
-4.66917
 11
-4.1268
 21
-4.66946
  0
LINE
  8
0
 10
-4.1268
 20
-4.66946
 11
-4.13019
 21
-4.6696
  0
LINE
  8
0
 10
-4.13019
 20
-4.6696
 11
-4.13356
 21
-4.6696
  0
LINE
  8
0
 10
-1.81944
 20
-0.634979
 11
-1.81973
 21
-0.638351
  0
LINE
  8
0
 10
-1.81973
 20
-0.638351
 11
-1.82014
 21
-0.641708
  0
LINE
  8
0
 10
-1.82014
 20
-0.641708
 11
-1.82071
 21
-0.645035
  0
LINE
  8
0
 10
-1.82071
 20
-0.645035
 11
-1.82141
 21
-0.648346
  0
LINE
  8
0
 10
-1.82141
 20
-0.648346
 11
-1.82225
 21
-0.651611
  0
LINE
  8
0
 10
-1.82225
 20
-0.651611
 11
-1.82323
 21
-0.654861
  0
LINE
  8
0
 10
-1.82323
 20
-0.654861
 11
-1.82434
 21
-0.658051
  0
LINE
  8
0
 10
-1.82434
 20
-0.658051
 11
-1.82559
 21
-0.661194
  0
LINE
  8
0
 10
-1.82559
 20
-0.661194
 11
-1.82697
 21
-0.664276
  0
LINE
  8
0
 10
-1.82697
 20
-0.664276
 11
-1.82848
 21
-0.667313
  0
LINE
  8
0
 10
-1.82848
 20
-0.667313
 11
-1.83009
 21
-0.670273
  0
LINE
  8
0
 10
-1.83009
 20
-0.670273
 11
-1.83185
 21
-0.673157
  0
LINE
  8
0
 10
-1.83185
 20
-0.673157
 11
-1.83372
 21
-0.67598
  0
LINE
  8
0
 10
-1.83372
 20
-0.67598
 11
-1.83571
 21
-0.678711
  0
LINE
  8
0
 10
-1.83571
 20
-0.678711
 11
-1.8378
 21
-0.681366
  0
LINE
  8
0
 10
-1.8378
 20
-0.681366
 11
-1.84001
 21
-0.683914
  0
LINE
  8
0
 10
-1.84001
 20
-0.683914
 11
-1.84233
 21
-0.686386
  0
LINE
  8
0
 10
-1.84233
 20
-0.686386
 11
-1.84474
 21
-0.688751
  0
LINE
  8
0
 10
-1.84474
 20
-0.688751
 11
-1.84726
 21
-0.69101
  0
LINE
  8
0
 10
-1.84726
 20
-0.69101
 11
-1.84985
 21
-0.693161
  0
LINE
  8
0
 10
-1.84985
 20
-0.693161
 11
-1.85255
 21
-0.695206
  0
LINE
  8
0
 10
-1.85255
 20
-0.695206
 11
-1.85533
 21
-0.697144
  0
LINE
  8
0
 10
-1.85533
 20
-0.697144
 11
-1.85818
 21
-0.698944
  0
LINE
  8
0
 10
-1.85818
 20
-0.698944
 11
-1.86111
 21
-0.700638
  0
LINE
  8
0
 10
-1.86111
 20
-0.700638
 11
-1.86411
 21
-0.702209
  0
LINE
  8
0
 10
-1.86411
 20
-0.702209
 11
-1.86717
 21
-0.703644
  0
LINE
  8
0
 10
-1.86717
 20
-0.703644
 11
-1.87029
 21
-0.704956
  0
LINE
  8
0
 10
-1.87029
 20
-0.704956
 11
-1.87344
 21
-0.706131
  0
LINE
  8
0
 10
-1.87344
 20
-0.706131
 11
-1.87666
 21
-0.707184
  0
LINE
  8
0
 10
-1.87666
 20
-0.707184
 11
-1.87993
 21
-0.708084
  0
LINE
  8
0
 10
-1.87993
 20
-0.708084
 11
-1.88321
 21
-0.708862
  0
LINE
  8
0
 10
-1.88321
 20
-0.708862
 11
-1.88654
 21
-0.709488
  0
LINE
  8
0
 10
-1.88654
 20
-0.709488
 11
-1.88988
 21
-0.709991
  0
LINE
  8
0
 10
-1.88988
 20
-0.709991
 11
-1.89323
 21
-0.710342
  0
LINE
  8
0
 10
-1.89323
 20
-0.710342
 11
-1.89661
 21
-0.710556
  0
LINE
  8
0
 10
-1.89661
 20
-0.710556
 11
-1.89999
 21
-0.710617
  0
LINE
  8
0
 10
-1.89999
 20
-0.710617
 11
-1.90337
 21
-0.710556
  0
LINE
  8
0
 10
-1.90337
 20
-0.710556
 11
-1.90674
 21
-0.710342
  0
LINE
  8
0
 10
-1.90674
 20
-0.710342
 11
-1.91011
 21
-0.709991
  0
LINE
  8
0
 10
-1.91011
 20
-0.709991
 11
-1.91345
 21
-0.709488
  0
LINE
  8
0
 10
-1.91345
 20
-0.709488
 11
-1.91678
 21
-0.708862
  0
LINE
  8
0
 10
-1.91678
 20
-0.708862
 11
-1.92006
 21
-0.708084
  0
LINE
  8
0
 10
-1.92006
 20
-0.708084
 11
-1.92332
 21
-0.707184
  0
LINE
  8
0
 10
-1.92332
 20
-0.707184
 11
-1.92653
 21
-0.706131
  0
LINE
  8
0
 10
-1.92653
 20
-0.706131
 11
-1.9297
 21
-0.704956
  0
LINE
  8
0
 10
-1.9297
 20
-0.704956
 11
-1.93282
 21
-0.703644
  0
LINE
  8
0
 10
-1.93282
 20
-0.703644
 11
-1.93588
 21
-0.702209
  0
LINE
  8
0
 10
-1.93588
 20
-0.702209
 11
-1.93887
 21
-0.700638
  0
LINE
  8
0
 10
-1.93887
 20
-0.700638
 11
-1.9418
 21
-0.698944
  0
LINE
  8
0
 10
-1.9418
 20
-0.698944
 11
-1.94466
 21
-0.697144
  0
LINE
  8
0
 10
-1.94466
 20
-0.697144
 11
-1.94743
 21
-0.695206
  0
LINE
  8
0
 10
-1.94743
 20
-0.695206
 11
-1.95012
 21
-0.693161
  0
LINE
  8
0
 10
-1.95012
 20
-0.693161
 11
-1.95273
 21
-0.69101
  0
LINE
  8
0
 10
-1.95273
 20
-0.69101
 11
-1.95525
 21
-0.688751
  0
LINE
  8
0
 10
-1.95525
 20
-0.688751
 11
-1.95766
 21
-0.686386
  0
LINE
  8
0
 10
-1.95766
 20
-0.686386
 11
-1.95998
 21
-0.683914
  0
LINE
  8
0
 10
-1.95998
 20
-0.683914
 11
-1.96217
 21
-0.681366
  0
LINE
  8
0
 10
-1.96217
 20
-0.681366
 11
-1.96428
 21
-0.678711
  0
LINE
  8
0
 10
-1.96428
 20
-0.678711
 11
-1.96626
 21
-0.67598
  0
LINE
  8
0
 10
-1.96626
 20
-0.67598
 11
-1.96814
 21
-0.673157
  0
LINE
  8
0
 10
-1.96814
 20
-0.673157
 11
-1.96989
 21
-0.670273
  0
LINE
  8
0
 10
-1.96989
 20
-0.670273
 11
-1.97151
 21
-0.667313
  0
LINE
  8
0
 10
-1.97151
 20
-0.667313
 11
-1.97302
 21
-0.664276
  0
LINE
  8
0
 10
-1.97302
 20
-0.664276
 11
-1.9744
 21
-0.661194
  0
LINE
  8
0
 10
-1.9744
 20
-0.661194
 11
-1.97563
 21
-0.658051
  0
LINE
  8
0
 10
-1.97563
 20
-0.658051
 11
-1.97675
 21
-0.654861
  0
LINE
  8
0
 10
-1.97675
 20
-0.654861
 11
-1.97772
 21
-0.651611
  0
LINE
  8
0
 10
-1.97772
 20
-0.651611
 11
-1.97856
 21
-0.648346
  0
LINE
  8
0
 10
-1.97856
 20
-0.648346
 11
-1.97928
 21
-0.645035
  0
LINE
  8
0
 10
-1.97928
 20
-0.645035
 11
-1.97983
 21
-0.641708
  0
LINE
  8
0
 10
-1.97983
 20
-0.641708
 11
-1.98026
 21
-0.638351
  0
LINE
  8
0
 10
-1.98026
 20
-0.638351
 11
-1.98055
 21
-0.634979
  0
LINE
  8
0
 10
-1.98055
 20
-0.634979
 11
-1.98068
 21
-0.631607
  0
LINE
  8
0
 10
-1.98068
 20
-0.631607
 11
-1.98068
 21
-0.62822
  0
LINE
  8
0
 10
-1.98068
 20
-0.62822
 11
-1.98055
 21
-0.624847
  0
LINE
  8
0
 10
-1.98055
 20
-0.624847
 11
-1.98026
 21
-0.621475
  0
LINE
  8
0
 10
-1.98026
 20
-0.621475
 11
-1.97983
 21
-0.618118
  0
LINE
  8
0
 10
-1.97983
 20
-0.618118
 11
-1.97928
 21
-0.614792
  0
LINE
  8
0
 10
-1.97928
 20
-0.614792
 11
-1.97856
 21
-0.611481
  0
LINE
  8
0
 10
-1.97856
 20
-0.611481
 11
-1.97772
 21
-0.608215
  0
LINE
  8
0
 10
-1.97772
 20
-0.608215
 11
-1.97675
 21
-0.60498
  0
LINE
  8
0
 10
-1.97675
 20
-0.60498
 11
-1.97563
 21
-0.601776
  0
LINE
  8
0
 10
-1.97563
 20
-0.601776
 11
-1.9744
 21
-0.598633
  0
LINE
  8
0
 10
-1.9744
 20
-0.598633
 11
-1.97302
 21
-0.595551
  0
LINE
  8
0
 10
-1.97302
 20
-0.595551
 11
-1.97151
 21
-0.592514
  0
LINE
  8
0
 10
-1.97151
 20
-0.592514
 11
-1.96989
 21
-0.589554
  0
LINE
  8
0
 10
-1.96989
 20
-0.589554
 11
-1.96814
 21
-0.58667
  0
LINE
  8
0
 10
-1.96814
 20
-0.58667
 11
-1.96626
 21
-0.583847
  0
LINE
  8
0
 10
-1.96626
 20
-0.583847
 11
-1.96428
 21
-0.581116
  0
LINE
  8
0
 10
-1.96428
 20
-0.581116
 11
-1.96217
 21
-0.578461
  0
LINE
  8
0
 10
-1.96217
 20
-0.578461
 11
-1.95998
 21
-0.575912
  0
LINE
  8
0
 10
-1.95998
 20
-0.575912
 11
-1.95766
 21
-0.573441
  0
LINE
  8
0
 10
-1.95766
 20
-0.573441
 11
-1.95525
 21
-0.571075
  0
LINE
  8
0
 10
-1.95525
 20
-0.571075
 11
-1.95273
 21
-0.568817
  0
LINE
  8
0
 10
-1.95273
 20
-0.568817
 11
-1.95012
 21
-0.566666
  0
LINE
  8
0
 10
-1.95012
 20
-0.566666
 11
-1.94743
 21
-0.564621
  0
LINE
  8
0
 10
-1.94743
 20
-0.564621
 11
-1.94466
 21
-0.562683
  0
LINE
  8
0
 10
-1.94466
 20
-0.562683
 11
-1.9418
 21
-0.560883
  0
LINE
  8
0
 10
-1.9418
 20
-0.560883
 11
-1.93887
 21
-0.559189
  0
LINE
  8
0
 10
-1.93887
 20
-0.559189
 11
-1.93588
 21
-0.557617
  0
LINE
  8
0
 10
-1.93588
 20
-0.557617
 11
-1.93282
 21
-0.556183
  0
LINE
  8
0
 10
-1.93282
 20
-0.556183
 11
-1.9297
 21
-0.554871
  0
LINE
  8
0
 10
-1.9297
 20
-0.554871
 11
-1.92653
 21
-0.553696
  0
LINE
  8
0
 10
-1.92653
 20
-0.553696
 11
-1.92332
 21
-0.552643
  0
LINE
  8
0
 10
-1.92332
 20
-0.552643
 11
-1.92006
 21
-0.551743
  0
LINE
  8
0
 10
-1.92006
 20
-0.551743
 11
-1.91678
 21
-0.550964
  0
LINE
  8
0
 10
-1.91678
 20
-0.550964
 11
-1.91345
 21
-0.550339
  0
LINE
  8
0
 10
-1.91345
 20
-0.550339
 11
-1.91011
 21
-0.549835
  0
LINE
  8
0
 10
-1.91011
 20
-0.549835
 11
-1.90674
 21
-0.549484
  0
LINE
  8
0
 10
-1.90674
 20
-0.549484
 11
-1.90337
 21
-0.549271
  0
LINE
  8
0
 10
-1.90337
 20
-0.549271
 11
-1.89999
 21
-0.54921
  0
LINE
  8
0
 10
-1.89999
 20
-0.54921
 11
-1.89661
 21
-0.549271
  0
LINE
  8
0
 10
-1.89661
 20
-0.549271
 11
-1.89323
 21
-0.549484
  0
LINE
  8
0
 10
-1.89323
 20
-0.549484
 11
-1.88988
 21
-0.549835
  0
LINE
  8
0
 10
-1.88988
 20
-0.549835
 11
-1.88654
 21
-0.550339
  0
LINE
  8
0
 10
-1.88654
 20
-0.550339
 11
-1.88321
 21
-0.550964
  0
LINE
  8
0
 10
-1.88321
 20
-0.550964
 11
-1.87993
 21
-0.551743
  0
LINE
  8
0
 10
-1.87993
 20
-0.551743
 11
-1.87666
 21
-0.552643
  0
LINE
  8
0
 10
-1.87666
 20
-0.552643
 11
-1.87344
 21
-0.553696
  0
LINE
  8
0
 10
-1.87344
 20
-0.553696
 11
-1.87029
 21
-0.554871
  0
LINE
  8
0
 10
-1.87029
 20
-0.554871
 11
-1.86717
 21
-0.556183
  0
LINE
  8
0
 10
-1.86717
 20
-0.556183
 11
-1.86411
 21
-0.557617
  0
LINE
  8
0
 10
-1.86411
 20
-0.557617
 11
-1.86111
 21
-0.559189
  0
LINE
  8
0
 10
-1.86111
 20
-0.559189
 11
-1.85818
 21
-0.560883
  0
LINE
  8
0
 10
-1.85818
 20
-0.560883
 11
-1.85533
 21
-0.562683
  0
LINE
  8
0
 10
-1.85533
 20
-0.562683
 11
-1.85255
 21
-0.564621
  0
LINE
  8
0
 10
-1.85255
 20
-0.564621
 11
-1.84985
 21
-0.566666
  0
LINE
  8
0
 10
-1.84985
 20
-0.566666
 11
-1.84726
 21
-0.568817
  0
LINE
  8
0
 10
-1.84726
 20
-0.568817
 11
-1.84474
 21
-0.571075
  0
LINE
  8
0
 10
-1.84474
 20
-0.571075
 11
-1.84233
 21
-0.573441
  0
LINE
  8
0
 10
-1.84233
 20
-0.573441
 11
-1.84001
 21
-0.575912
  0
LINE
  8
0
 10
-1.84001
 20
-0.575912
 11
-1.8378
 21
-0.578461
  0
LINE
  8
0
 10
-1.8378
 20
-0.578461
 11
-1.83571
 21
-0.581116
  0
LINE
  8
0
 10
-1.83571
 20
-0.581116
 11
-1.83372
 21
-0.583847
  0
LINE
  8
0
 10
-1.83372
 20
-0.583847
 11
-1.83185
 21
-0.58667
  0
LINE
  8
0
 10
-1.83185
 20
-0.58667
 11
-1.83009
 21
-0.589554
  0
LINE
  8
0
 10
-1.83009
 20
-0.589554
 11
-1.82848
 21
-0.592514
  0
LINE
  8
0
 10
-1.82848
 20
-0.592514
 11
-1.82697
 21
-0.595551
  0
LINE
  8
0
 10
-1.82697
 20
-0.595551
 11
-1.82559
 21
-0.598633
  0
LINE
  8
0
 10
-1.82559
 20
-0.598633
 11
-1.82434
 21
-0.601776
  0
LINE
  8
0
 10
-1.82434
 20
-0.601776
 11
-1.82323
 21
-0.60498
  0
LINE
  8
0
 10
-1.82323
 20
-0.60498
 11
-1.82225
 21
-0.608215
  0
LINE
  8
0
 10
-1.82225
 20
-0.608215
 11
-1.82141
 21
-0.611481
  0
LINE
  8
0
 10
-1.82141
 20
-0.611481
 11
-1.82071
 21
-0.614792
  0
LINE
  8
0
 10
-1.82071
 20
-0.614792
 11
-1.82014
 21
-0.618118
  0
LINE
  8
0
 10
-1.82014
 20
-0.618118
 11
-1.81973
 21
-0.621475
  0
LINE
  8
0
 10
-1.81973
 20
-0.621475
 11
-1.81944
 21
-0.624847
  0
LINE
  8
0
 10
-1.81944
 20
-0.624847
 11
-1.81931
 21
-0.62822
  0
LINE
  8
0
 10
-1.81931
 20
-0.62822
 11
-1.81931
 21
-0.631607
  0
LINE
  8
0
 10
-1.81931
 20
-0.631607
 11
-1.81944
 21
-0.634979
  0
ENDSEC
  0
SECTION
  2
OBJECTS
  0
DICTIONARY
  0
ENDSEC
  0
EOF
